Date,Open,High,Low,Close,Adj Close,Volume,Dividends,Stock Splits
2014-01-02 00:00:00-05:00,136.00999450683594,137.25,135.50999450683594,136.6699981689453,116.80793762207031,3366700,0.0,0.0
2014-01-03 00:00:00-05:00,137.05999755859375,138.5,137.0500030517578,137.6199951171875,117.61985778808594,3177400,0.0,0.0
2014-01-06 00:00:00-05:00,139.39999389648438,139.75999450683594,137.8000030517578,138.41000366210938,118.29507446289062,4196500,0.0,0.0
2014-01-07 00:00:00-05:00,138.5800018310547,141.10000610351562,138.5,140.50999450683594,120.08987426757812,4238500,0.0,0.0
2014-01-08 00:00:00-05:00,140.69000244140625,141.39999389648438,139.36000061035156,140.82000732421875,120.35482025146484,4236100,0.0,0.0
2014-01-09 00:00:00-05:00,141.50999450683594,142.52000427246094,140.5399932861328,142.1300048828125,121.47444915771484,4052500,0.0,0.0
2014-01-10 00:00:00-05:00,142.7899932861328,142.8000030517578,140.89999389648438,141.89999389648438,121.27787017822266,4549500,0.0,0.0
2014-01-13 00:00:00-05:00,141.5500030517578,142.13999938964844,140.3800048828125,140.6999969482422,120.25228118896484,4462400,0.0,0.0
2014-01-14 00:00:00-05:00,140.85000610351562,141.6999969482422,137.8000030517578,140.00999450683594,119.66255187988281,8441600,0.0,0.0
2014-01-15 00:00:00-05:00,140.3000030517578,141.0800018310547,140.13999938964844,140.6199951171875,120.18390655517578,3030800,0.0,0.0
2014-01-16 00:00:00-05:00,140.3300018310547,141.4499969482422,140.07000732421875,140.2100067138672,119.83350372314453,3062900,0.0,0.0
2014-01-17 00:00:00-05:00,140.0800018310547,141.0,139.75,140.4600067138672,120.04714965820312,3382700,0.0,0.0
2014-01-21 00:00:00-05:00,141.4600067138672,142.4600067138672,140.80999755859375,141.6699981689453,121.08131408691406,3240600,0.0,0.0
2014-01-22 00:00:00-05:00,142.30999755859375,144.57000732421875,141.8699951171875,144.3699951171875,123.38890075683594,4388700,0.0,0.0
2014-01-23 00:00:00-05:00,143.10000610351562,143.88999938964844,141.10000610351562,141.30999755859375,120.77362823486328,4491400,0.0,0.0
2014-01-24 00:00:00-05:00,140.39999389648438,140.47000122070312,136.32000732421875,136.64999389648438,116.79084777832031,5856800,0.0,0.0
2014-01-27 00:00:00-05:00,136.6999969482422,138.4600067138672,135.64999389648438,137.36000061035156,117.39768981933594,5057800,0.0,0.0
2014-01-28 00:00:00-05:00,137.61000061035156,138.08999633789062,136.44000244140625,137.08999633789062,117.16688537597656,4606200,0.0,0.0
2014-01-29 00:00:00-05:00,131.6999969482422,131.75999450683594,128.07000732421875,129.77999877929688,110.91926574707031,15993400,0.0,0.0
2014-01-30 00:00:00-05:00,131.6999969482422,131.6999969482422,125.19999694824219,126.52999877929688,108.14158630371094,10406200,0.0,0.0
2014-01-31 00:00:00-05:00,124.45999908447266,126.87000274658203,123.08000183105469,125.26000213623047,107.05614471435547,9732700,0.0,0.0
2014-02-03 00:00:00-05:00,124.23999786376953,126.5199966430664,122.75,123.08000183105469,105.1929702758789,9309600,0.0,0.0
2014-02-04 00:00:00-05:00,123.06999969482422,123.80000305175781,120.52999877929688,122.04000091552734,104.30413055419922,9304100,0.0,0.0
2014-02-05 00:00:00-05:00,121.0,121.94000244140625,118.7699966430664,121.4000015258789,103.75711822509766,9689100,0.0,0.0
2014-02-06 00:00:00-05:00,121.79000091552734,122.72000122070312,121.51000213623047,122.66999816894531,104.8425521850586,6738800,0.0,0.0
2014-02-07 00:00:00-05:00,123.75,127.20999908447266,123.6500015258789,127.0199966430664,108.56036376953125,8906300,0.0,0.0
2014-02-10 00:00:00-05:00,128.9600067138672,128.97000122070312,126.3499984741211,127.16000366210938,108.68002319335938,8173500,0.0,0.0
2014-02-11 00:00:00-05:00,127.6500015258789,130.69000244140625,127.45999908447266,130.16000366210938,111.24403381347656,7874000,0.0,0.0
2014-02-12 00:00:00-05:00,130.2899932861328,130.5500030517578,128.0,128.1300048828125,110.1266860961914,5798800,0.73,0.0
2014-02-13 00:00:00-05:00,127.05999755859375,129.94000244140625,127.05999755859375,129.5,111.30419158935547,4203400,0.0,0.0
2014-02-14 00:00:00-05:00,129.08999633789062,130.41000366210938,128.02000427246094,130.16000366210938,111.87145233154297,4807700,0.0,0.0
2014-02-18 00:00:00-05:00,130.1300048828125,130.94000244140625,129.60000610351562,130.6300048828125,112.27543640136719,4645300,0.0,0.0
2014-02-19 00:00:00-05:00,130.11000061035156,130.5,128.3699951171875,128.38999938964844,110.35014343261719,5146600,0.0,0.0
2014-02-20 00:00:00-05:00,128.47999572753906,129.99000549316406,127.51000213623047,129.55999755859375,111.35578918457031,4466400,0.0,0.0
2014-02-21 00:00:00-05:00,129.8000030517578,129.8000030517578,128.11000061035156,128.27999877929688,110.255615234375,5164000,0.0,0.0
2014-02-24 00:00:00-05:00,128.3800048828125,130.8000030517578,128.36000061035156,129.58999633789062,111.38156127929688,4635700,0.0,0.0
2014-02-25 00:00:00-05:00,129.3000030517578,129.75,126.20999908447266,126.77999877929688,108.96636962890625,7308800,0.0,0.0
2014-02-26 00:00:00-05:00,127.23999786376953,127.94000244140625,126.36000061035156,126.61000061035156,108.82026672363281,4803600,0.0,0.0
2014-02-27 00:00:00-05:00,126.47000122070312,128.55999755859375,126.26000213623047,128.55999755859375,110.49627685546875,4649700,0.0,0.0
2014-02-28 00:00:00-05:00,128.75,129.9499969482422,128.05999755859375,128.9199981689453,110.80570220947266,4361400,0.0,0.0
2014-03-03 00:00:00-05:00,127.18000030517578,128.44000244140625,126.5199966430664,128.22000122070312,110.20404815673828,4847100,0.0,0.0
2014-03-04 00:00:00-05:00,129.3800048828125,131.0,129.3300018310547,130.22999572753906,111.9316177368164,5422800,0.0,0.0
2014-03-05 00:00:00-05:00,130.39999389648438,130.8000030517578,128.69000244140625,128.7899932861328,110.6939468383789,4095200,0.0,0.0
2014-03-06 00:00:00-05:00,129.00999450683594,129.3699951171875,128.02999877929688,128.86000061035156,110.75413513183594,3595900,0.0,0.0
2014-03-07 00:00:00-05:00,129.75,130.16000366210938,128.07000732421875,128.5399932861328,110.47908020019531,4297800,0.0,0.0
2014-03-10 00:00:00-04:00,126.51000213623047,127.27999877929688,124.76000213623047,126.88999938964844,109.0609130859375,7039200,0.0,0.0
2014-03-11 00:00:00-04:00,127.02999877929688,127.2699966430664,125.62000274658203,125.66999816894531,108.01233673095703,4190000,0.0,0.0
2014-03-12 00:00:00-04:00,125.0,125.19999694824219,123.80999755859375,124.43000030517578,106.94657897949219,5040100,0.0,0.0
2014-03-13 00:00:00-04:00,124.6500015258789,125.61000061035156,121.62999725341797,121.88999938964844,104.76346588134766,6071200,0.0,0.0
2014-03-14 00:00:00-04:00,122.12000274658203,124.27999877929688,121.94999694824219,123.11000061035156,105.81204986572266,5698400,0.0,0.0
2014-03-17 00:00:00-04:00,123.97000122070312,125.81999969482422,123.91999816894531,125.41999816894531,107.79747009277344,4380500,0.0,0.0
2014-03-18 00:00:00-04:00,125.58999633789062,125.81999969482422,123.66000366210938,124.04000091552734,106.61135864257812,4151600,0.0,0.0
2014-03-19 00:00:00-04:00,124.31999969482422,125.19999694824219,121.37000274658203,122.23999786376953,105.06430053710938,6673000,0.0,0.0
2014-03-20 00:00:00-04:00,122.58999633789062,123.9000015258789,121.37999725341797,123.7300033569336,106.3449478149414,4601700,0.0,0.0
2014-03-21 00:00:00-04:00,124.05999755859375,124.44999694824219,122.5,122.58000183105469,105.35651397705078,7973600,0.0,0.0
2014-03-24 00:00:00-04:00,123.52999877929688,123.94999694824219,122.08000183105469,123.41999816894531,106.0784912109375,4472500,0.0,0.0
2014-03-25 00:00:00-04:00,124.45999908447266,125.0,123.55999755859375,124.0199966430664,106.59416198730469,3225100,0.0,0.0
2014-03-26 00:00:00-04:00,124.61000061035156,125.31999969482422,123.31999969482422,123.52999877929688,106.17303466796875,3091200,0.0,0.0
2014-03-27 00:00:00-04:00,123.01000213623047,124.30000305175781,121.80000305175781,123.20999908447266,105.89799499511719,3106000,0.0,0.0
2014-03-28 00:00:00-04:00,123.77999877929688,125.19000244140625,123.5199966430664,124.45999908447266,106.97237396240234,2863500,0.0,0.0
2014-03-31 00:00:00-04:00,125.36000061035156,126.04000091552734,124.80000305175781,125.48999786376953,107.85763549804688,2962000,0.0,0.0
2014-04-01 00:00:00-04:00,126.23999786376953,128.39999389648438,126.16999816894531,128.2100067138672,110.19546508789062,3952800,0.0,0.0
2014-04-02 00:00:00-04:00,128.6300048828125,128.77000427246094,127.4000015258789,128.30999755859375,110.2813949584961,2935200,0.0,0.0
2014-04-03 00:00:00-04:00,129.1699981689453,129.1699981689453,128.27999877929688,128.77999877929688,110.68535614013672,3303500,0.0,0.0
2014-04-04 00:00:00-04:00,129.3300018310547,129.9199981689453,127.2300033569336,127.37999725341797,109.48206329345703,4156600,0.0,0.0
2014-04-07 00:00:00-04:00,127.19000244140625,128.17999267578125,124.94999694824219,125.58999633789062,107.94358825683594,3753600,0.0,0.0
2014-04-08 00:00:00-04:00,125.27999877929688,125.7300033569336,124.05999755859375,124.1500015258789,106.70590209960938,4122200,0.0,0.0
2014-04-09 00:00:00-04:00,124.98999786376953,127.0199966430664,124.05000305175781,126.87999725341797,109.05233001708984,3689900,0.0,0.0
2014-04-10 00:00:00-04:00,126.81999969482422,126.86000061035156,123.63999938964844,123.63999938964844,106.26757049560547,3956900,0.0,0.0
2014-04-11 00:00:00-04:00,123.05000305175781,123.44999694824219,121.91999816894531,122.06999969482422,104.91815948486328,3854600,0.0,0.0
2014-04-14 00:00:00-04:00,123.08000183105469,123.7699966430664,122.18000030517578,123.25,105.93235778808594,3086300,0.0,0.0
2014-04-15 00:00:00-04:00,123.3499984741211,124.55000305175781,122.12999725341797,124.2699966430664,106.80907440185547,2746900,0.0,0.0
2014-04-16 00:00:00-04:00,125.0,126.04000091552734,124.7300033569336,126.04000091552734,108.33036804199219,2826100,0.0,0.0
2014-04-17 00:00:00-04:00,126.44000244140625,128.3699951171875,125.83000183105469,127.91999816894531,109.94620513916016,3449400,0.0,0.0
2014-04-21 00:00:00-04:00,128.0500030517578,128.44000244140625,127.37000274658203,127.81999969482422,109.86026000976562,2368500,0.0,0.0
2014-04-22 00:00:00-04:00,128.25,129.1300048828125,127.4800033569336,127.55000305175781,109.62820434570312,5015600,0.0,0.0
2014-04-23 00:00:00-04:00,130.6699981689453,131.5,129.3300018310547,130.6300048828125,112.27543640136719,7121600,0.0,0.0
2014-04-24 00:00:00-04:00,130.41000366210938,130.6199951171875,128.42999267578125,129.86000061035156,111.61361694335938,4177000,0.0,0.0
2014-04-25 00:00:00-04:00,129.83999633789062,130.0,128.3699951171875,128.66000366210938,110.58224487304688,2978500,0.0,0.0
2014-04-28 00:00:00-04:00,128.1999969482422,128.8699951171875,125.80000305175781,127.04000091552734,109.18984985351562,4354600,0.0,0.0
2014-04-29 00:00:00-04:00,127.19999694824219,128.57000732421875,126.52999877929688,128.3699951171875,110.33297729492188,3344100,0.0,0.0
2014-04-30 00:00:00-04:00,128.0500030517578,129.5,127.80000305175781,129.02000427246094,110.89165496826172,2773000,0.0,0.0
2014-05-01 00:00:00-04:00,128.74000549316406,129.60000610351562,128.27000427246094,128.4600067138672,110.41034698486328,2804100,0.0,0.0
2014-05-02 00:00:00-04:00,128.6999969482422,130.39999389648438,128.61000061035156,129.94000244140625,111.68235778808594,3762900,0.0,0.0
2014-05-05 00:00:00-04:00,129.0,132.3800048828125,128.9499969482422,131.9600067138672,113.41856384277344,4026500,0.0,0.0
2014-05-06 00:00:00-04:00,131.75,131.9199981689453,130.6999969482422,130.8300018310547,112.44732666015625,4032000,0.0,0.0
2014-05-07 00:00:00-04:00,130.77000427246094,131.10000610351562,129.1999969482422,130.35000610351562,112.66342163085938,2900600,0.73,0.0
2014-05-08 00:00:00-04:00,130.1699981689453,131.27000427246094,130.1699981689453,130.57000732421875,112.85356140136719,2988700,0.0,0.0
2014-05-09 00:00:00-04:00,130.25999450683594,131.3300018310547,129.8800048828125,131.10000610351562,113.31165313720703,2543800,0.0,0.0
2014-05-12 00:00:00-04:00,131.82000732421875,132.99000549316406,131.63999938964844,132.60000610351562,114.60811614990234,3288500,0.0,0.0
2014-05-13 00:00:00-04:00,133.00999450683594,133.8300018310547,132.86000061035156,133.4499969482422,115.3427734375,3132200,0.0,0.0
2014-05-14 00:00:00-04:00,133.8000030517578,133.97000122070312,132.69000244140625,132.99000549316406,114.94520568847656,2883900,0.0,0.0
2014-05-15 00:00:00-04:00,132.6999969482422,132.86000061035156,130.55999755859375,131.2100067138672,113.40673828125,3596800,0.0,0.0
2014-05-16 00:00:00-04:00,131.30999755859375,131.7100067138672,130.02999877929688,130.80999755859375,113.06098937988281,2963300,0.0,0.0
2014-05-19 00:00:00-04:00,130.4199981689453,132.07000732421875,130.35000610351562,131.35000610351562,113.52775573730469,2103100,0.0,0.0
2014-05-20 00:00:00-04:00,130.94000244140625,131.60000610351562,129.07000732421875,129.5800018310547,111.99787139892578,2995800,0.0,0.0
2014-05-21 00:00:00-04:00,130.42999267578125,131.42999267578125,130.0399932861328,130.9600067138672,113.19063568115234,2476100,0.0,0.0
2014-05-22 00:00:00-04:00,131.66000366210938,132.47999572753906,131.27000427246094,131.83999633789062,113.95122528076172,2370700,0.0,0.0
2014-05-23 00:00:00-04:00,132.0,132.5800018310547,131.92999267578125,132.41000366210938,114.44390106201172,1956200,0.0,0.0
2014-05-27 00:00:00-04:00,133.08999633789062,134.2100067138672,132.8699951171875,134.1699981689453,115.965087890625,3085500,0.0,0.0
2014-05-28 00:00:00-04:00,134.1699981689453,135.14999389648438,134.1699981689453,134.3300018310547,116.10338592529297,2609400,0.0,0.0
2014-05-29 00:00:00-04:00,134.7100067138672,135.1999969482422,134.42999267578125,135.13999938964844,116.803466796875,2234100,0.0,0.0
2014-05-30 00:00:00-04:00,134.6699981689453,135.44000244140625,134.0399932861328,135.25,116.89856719970703,2760300,0.0,0.0
2014-06-02 00:00:00-04:00,135.5,136.02999877929688,134.77000427246094,135.89999389648438,117.46037292480469,2629900,0.0,0.0
2014-06-03 00:00:00-04:00,135.8000030517578,136.52999877929688,135.6199951171875,135.8800048828125,117.44304656982422,2468800,0.0,0.0
2014-06-04 00:00:00-04:00,135.5399932861328,135.5500030517578,134.58999633789062,135.3300018310547,116.96768951416016,2601900,0.0,0.0
2014-06-05 00:00:00-04:00,135.64999389648438,137.3800048828125,135.64999389648438,136.82000732421875,118.25552368164062,3489900,0.0,0.0
2014-06-06 00:00:00-04:00,137.38999938964844,138.25,137.1199951171875,138.25,119.49149322509766,2710900,0.0,0.0
2014-06-09 00:00:00-04:00,138.25,138.38999938964844,137.5,137.9600067138672,119.24085235595703,2585000,0.0,0.0
2014-06-10 00:00:00-04:00,137.58999633789062,137.75,136.2899932861328,137.25,118.6271743774414,2370200,0.0,0.0
2014-06-11 00:00:00-04:00,135.25,135.52999877929688,133.82000732421875,134.10000610351562,115.90461730957031,5558000,0.0,0.0
2014-06-12 00:00:00-04:00,133.86000061035156,134.1699981689453,131.63999938964844,132.19000244140625,114.25374603271484,3826100,0.0,0.0
2014-06-13 00:00:00-04:00,132.52999877929688,132.9499969482422,131.5500030517578,132.2899932861328,114.3401870727539,2376600,0.0,0.0
2014-06-16 00:00:00-04:00,132.1999969482422,133.1300048828125,131.64999389648438,132.5399932861328,114.55626678466797,2163800,0.0,0.0
2014-06-17 00:00:00-04:00,132.10000610351562,133.0500030517578,131.72000122070312,132.4499969482422,114.47846221923828,2223200,0.0,0.0
2014-06-18 00:00:00-04:00,132.61000061035156,132.6699981689453,131.02999877929688,132.47999572753906,114.50438690185547,2859000,0.0,0.0
2014-06-19 00:00:00-04:00,132.47999572753906,132.92999267578125,131.8000030517578,132.82000732421875,114.79827117919922,2794900,0.0,0.0
2014-06-20 00:00:00-04:00,133.47999572753906,134.0800018310547,132.08999633789062,132.10000610351562,114.17597961425781,8083500,0.0,0.0
2014-06-23 00:00:00-04:00,132.32000732421875,132.52999877929688,130.64999389648438,130.85000610351562,113.09557342529297,4433000,0.0,0.0
2014-06-24 00:00:00-04:00,130.5,131.24000549316406,129.0,129.14999389648438,111.62622833251953,4319800,0.0,0.0
2014-06-25 00:00:00-04:00,129.0399932861328,129.13999938964844,126.27999877929688,127.05999755859375,109.81980895996094,7929700,0.0,0.0
2014-06-26 00:00:00-04:00,127.41000366210938,128.44000244140625,126.36000061035156,128.02000427246094,110.64954376220703,3929100,0.0,0.0
2014-06-27 00:00:00-04:00,128.07000732421875,128.77999877929688,127.55999755859375,128.5399932861328,111.09899139404297,3687900,0.0,0.0
2014-06-30 00:00:00-04:00,127.91000366210938,127.91000366210938,126.19999694824219,127.2300033569336,109.96676635742188,5712900,0.0,0.0
2014-07-01 00:00:00-04:00,127.66000366210938,128.3300018310547,127.36000061035156,128.14999389648438,110.76190185546875,3772500,0.0,0.0
2014-07-02 00:00:00-04:00,128.14999389648438,128.5,127.33999633789062,127.62000274658203,110.30382537841797,2859000,0.0,0.0
2014-07-03 00:00:00-04:00,127.98999786376953,128.6199951171875,127.69999694824219,128.50999450683594,111.07306671142578,1997500,0.0,0.0
2014-07-07 00:00:00-04:00,128.10000610351562,129.5,127.7699966430664,129.08999633789062,111.57434844970703,3157000,0.0,0.0
2014-07-08 00:00:00-04:00,128.88999938964844,128.97000122070312,125.91999816894531,126.79000091552734,109.58645629882812,5724300,0.0,0.0
2014-07-09 00:00:00-04:00,128.30999755859375,128.32000732421875,125.91000366210938,126.79000091552734,109.58645629882812,8023900,0.0,0.0
2014-07-10 00:00:00-04:00,125.54000091552734,127.62999725341797,125.12000274658203,126.79000091552734,109.58645629882812,3936900,0.0,0.0
2014-07-11 00:00:00-04:00,127.18000030517578,128.24000549316406,126.36000061035156,128.08999633789062,110.71005249023438,3193100,0.0,0.0
2014-07-14 00:00:00-04:00,128.91000366210938,130.5800018310547,128.75999450683594,129.52000427246094,111.9460220336914,5267500,0.0,0.0
2014-07-15 00:00:00-04:00,130.30999755859375,130.30999755859375,128.33999633789062,129.10000610351562,111.5830078125,4916100,0.0,0.0
2014-07-16 00:00:00-04:00,129.55999755859375,129.55999755859375,127.13999938964844,127.41999816894531,110.1309585571289,5260800,0.0,0.0
2014-07-17 00:00:00-04:00,127.20999908447266,128.17999267578125,125.79000091552734,125.87999725341797,108.79991912841797,5292900,0.0,0.0
2014-07-18 00:00:00-04:00,126.37999725341797,127.81999969482422,126.25,127.63999938964844,110.32111358642578,3103300,0.0,0.0
2014-07-21 00:00:00-04:00,127.30000305175781,128.4199981689453,126.7699966430664,128.3000030517578,110.89156341552734,2738700,0.0,0.0
2014-07-22 00:00:00-04:00,128.99000549316406,130.00999450683594,128.5800018310547,129.74000549316406,112.13618469238281,5102200,0.0,0.0
2014-07-23 00:00:00-04:00,127.79000091552734,128.39999389648438,126.0199966430664,126.70999908447266,109.51728820800781,12326300,0.0,0.0
2014-07-24 00:00:00-04:00,125.91999816894531,126.05000305175781,124.0,124.4000015258789,107.52072143554688,10307200,0.0,0.0
2014-07-25 00:00:00-04:00,124.4800033569336,124.52999877929688,122.41000366210938,123.19999694824219,106.4835433959961,6121400,0.0,0.0
2014-07-28 00:00:00-04:00,123.44000244140625,124.55999755859375,122.16000366210938,123.05999755859375,106.36256408691406,4982400,0.0,0.0
2014-07-29 00:00:00-04:00,123.30999755859375,123.62999725341797,122.19999694824219,122.31999969482422,105.72296142578125,4101900,0.0,0.0
2014-07-30 00:00:00-04:00,123.19999694824219,123.80000305175781,121.76000213623047,122.29000091552734,105.69702911376953,4042900,0.0,0.0
2014-07-31 00:00:00-04:00,121.47000122070312,122.05000305175781,120.41000366210938,120.4800033569336,104.13263702392578,5588800,0.0,0.0
2014-08-01 00:00:00-04:00,120.44999694824219,121.70999908447266,119.63999938964844,120.37999725341797,104.04618072509766,5852700,0.0,0.0
2014-08-04 00:00:00-04:00,120.80000305175781,121.19000244140625,119.7699966430664,119.93000030517578,103.65724182128906,4671100,0.0,0.0
2014-08-05 00:00:00-04:00,119.66999816894531,121.9800033569336,119.66000366210938,121.2699966430664,104.8154296875,6097900,0.0,0.0
2014-08-06 00:00:00-04:00,119.31999969482422,119.36000061035156,117.87000274658203,118.33999633789062,102.90242004394531,6239700,0.73,0.0
2014-08-07 00:00:00-04:00,119.0,120.22000122070312,118.87000274658203,119.83999633789062,104.20674896240234,4641800,0.0,0.0
2014-08-08 00:00:00-04:00,119.80000305175781,120.6500015258789,119.27999877929688,120.62999725341797,104.89369201660156,4348900,0.0,0.0
2014-08-11 00:00:00-04:00,121.1500015258789,121.76000213623047,120.75,120.80000305175781,105.04151916503906,2807900,0.0,0.0
2014-08-12 00:00:00-04:00,120.51000213623047,120.94000244140625,120.01000213623047,120.47000122070312,104.75457763671875,2303500,0.0,0.0
2014-08-13 00:00:00-04:00,120.66999816894531,122.2300033569336,120.62999725341797,121.9800033569336,106.06759643554688,2641100,0.0,0.0
2014-08-14 00:00:00-04:00,122.19999694824219,124.69000244140625,122.16000366210938,124.11000061035156,107.91973114013672,4825100,0.0,0.0
2014-08-15 00:00:00-04:00,124.5,124.5,122.1500015258789,123.16000366210938,107.09364318847656,4570000,0.0,0.0
2014-08-18 00:00:00-04:00,123.58000183105469,125.23999786376953,123.56999969482422,124.9800033569336,108.67623138427734,4196900,0.0,0.0
2014-08-19 00:00:00-04:00,125.22000122070312,125.79000091552734,125.11000061035156,125.58000183105469,109.19798278808594,2988300,0.0,0.0
2014-08-20 00:00:00-04:00,125.88999938964844,127.70999908447266,125.58000183105469,127.3499984741211,110.737060546875,4331300,0.0,0.0
2014-08-21 00:00:00-04:00,127.54000091552734,127.77999877929688,126.73999786376953,127.5,110.86750793457031,2522300,0.0,0.0
2014-08-22 00:00:00-04:00,127.33000183105469,127.80000305175781,126.95999908447266,127.45999908447266,110.83271789550781,2394700,0.0,0.0
2014-08-25 00:00:00-04:00,128.0800018310547,128.49000549316406,127.77999877929688,128.3300018310547,111.5892333984375,2307100,0.0,0.0
2014-08-26 00:00:00-04:00,128.69000244140625,129.1300048828125,128.30999755859375,128.60000610351562,111.82398986816406,2329000,0.0,0.0
2014-08-27 00:00:00-04:00,128.77000427246094,128.99000549316406,127.94999694824219,128.1999969482422,111.4761734008789,3075200,0.0,0.0
2014-08-28 00:00:00-04:00,127.33999633789062,127.75,126.72000122070312,127.11000061035156,110.52835845947266,3070300,0.0,0.0
2014-08-29 00:00:00-04:00,127.3499984741211,127.3499984741211,126.05000305175781,126.80000305175781,110.25881958007812,3032700,0.0,0.0
2014-09-02 00:00:00-04:00,125.62000274658203,126.26000213623047,124.56999969482422,125.4800033569336,109.11100006103516,4576000,0.0,0.0
2014-09-03 00:00:00-04:00,125.45999908447266,126.23999786376953,125.19999694824219,125.94000244140625,109.51099395751953,3966500,0.0,0.0
2014-09-04 00:00:00-04:00,126.37999725341797,126.75,125.26000213623047,125.45999908447266,109.0936050415039,2975300,0.0,0.0
2014-09-05 00:00:00-04:00,125.43000030517578,125.55000305175781,124.0999984741211,124.69000244140625,108.42405700683594,4913800,0.0,0.0
2014-09-08 00:00:00-04:00,125.9000015258789,128.25,125.9000015258789,127.9800033569336,111.28488159179688,6103500,0.0,0.0
2014-09-09 00:00:00-04:00,127.80999755859375,128.67999267578125,127.62000274658203,128.2100067138672,111.4848861694336,4866400,0.0,0.0
2014-09-10 00:00:00-04:00,128.47000122070312,128.47000122070312,127.4800033569336,128.22000122070312,111.4935531616211,3068200,0.0,0.0
2014-09-11 00:00:00-04:00,127.81999969482422,127.98999786376953,127.19999694824219,127.63999938964844,110.98921966552734,1988200,0.0,0.0
2014-09-12 00:00:00-04:00,127.48999786376953,127.55999755859375,126.61000061035156,126.94999694824219,110.38924407958984,3107300,0.0,0.0
2014-09-15 00:00:00-04:00,126.91999816894531,126.94999694824219,125.69000244140625,126.30999755859375,109.83273315429688,3261700,0.0,0.0
2014-09-16 00:00:00-04:00,126.19999694824219,127.69999694824219,125.72000122070312,127.31999969482422,110.71097564697266,3377500,0.0,0.0
2014-09-17 00:00:00-04:00,128.25,128.3800048828125,127.19999694824219,127.76000213623047,111.09358215332031,3135300,0.0,0.0
2014-09-18 00:00:00-04:00,128.0,128.89999389648438,128.0,128.5800018310547,111.80662536621094,2721800,0.0,0.0
2014-09-19 00:00:00-04:00,129.27000427246094,129.6999969482422,128.9199981689453,129.35000610351562,112.47616577148438,5635700,0.0,0.0
2014-09-22 00:00:00-04:00,129.3699951171875,129.8699951171875,128.4600067138672,128.61000061035156,111.83268737792969,2890300,0.0,0.0
2014-09-23 00:00:00-04:00,128.27999877929688,128.5399932861328,127.02999877929688,127.37999725341797,110.76315307617188,2963100,0.0,0.0
2014-09-24 00:00:00-04:00,127.45999908447266,128.8000030517578,127.2300033569336,128.5800018310547,111.80662536621094,2891400,0.0,0.0
2014-09-25 00:00:00-04:00,128.30999755859375,128.49000549316406,127.01000213623047,127.13999938964844,110.554443359375,2913100,0.0,0.0
2014-09-26 00:00:00-04:00,127.19000244140625,129.0,126.95999908447266,128.69000244140625,111.90226745605469,2524100,0.0,0.0
2014-09-29 00:00:00-04:00,127.20999908447266,129.52999877929688,127.0,128.77000427246094,111.97183227539062,3484900,0.0,0.0
2014-09-30 00:00:00-04:00,128.57000732421875,129.38999938964844,127.30999755859375,127.37999725341797,110.76315307617188,4000200,0.0,0.0
2014-10-01 00:00:00-04:00,127.37000274658203,127.37000274658203,124.30999755859375,124.66999816894531,108.40670013427734,5265200,0.0,0.0
2014-10-02 00:00:00-04:00,124.4000015258789,125.55000305175781,123.83999633789062,124.16999816894531,107.97187805175781,3204500,0.0,0.0
2014-10-03 00:00:00-04:00,124.66000366210938,126.87000274658203,124.66000366210938,126.36000061035156,109.87621307373047,3075900,0.0,0.0
2014-10-06 00:00:00-04:00,127.08999633789062,127.19000244140625,125.37999725341797,126.26000213623047,109.78925323486328,2681000,0.0,0.0
2014-10-07 00:00:00-04:00,125.5199966430664,125.5199966430664,123.29000091552734,123.31999969482422,107.2327651977539,3554900,0.0,0.0
2014-10-08 00:00:00-04:00,123.47000122070312,125.08999633789062,122.1500015258789,124.9800033569336,108.67623138427734,3610300,0.0,0.0
2014-10-09 00:00:00-04:00,124.72000122070312,124.75,122.30999755859375,122.76000213623047,106.7458267211914,4874700,0.0,0.0
2014-10-10 00:00:00-04:00,122.87000274658203,123.36000061035156,121.5,121.5,105.65020751953125,4214200,0.0,0.0
2014-10-13 00:00:00-04:00,122.05000305175781,123.19000244140625,120.26000213623047,120.44999694824219,104.73717498779297,3878600,0.0,0.0
2014-10-14 00:00:00-04:00,121.83999633789062,123.37000274658203,120.72000122070312,122.29000091552734,106.337158203125,3768200,0.0,0.0
2014-10-15 00:00:00-04:00,121.05999755859375,121.12000274658203,116.31999969482422,120.19000244140625,104.51110076904297,7819000,0.0,0.0
2014-10-16 00:00:00-04:00,118.91000366210938,121.30000305175781,118.38999938964844,120.29000091552734,104.5980453491211,4492500,0.0,0.0
2014-10-17 00:00:00-04:00,122.05000305175781,123.87000274658203,121.77999877929688,123.23999786376953,107.1632080078125,4872400,0.0,0.0
2014-10-20 00:00:00-04:00,123.38999938964844,124.72000122070312,123.0,124.30999755859375,108.09363555908203,3676300,0.0,0.0
2014-10-21 00:00:00-04:00,125.20999908447266,127.23999786376953,124.93000030517578,127.12000274658203,110.53709411621094,5204500,0.0,0.0
2014-10-22 00:00:00-04:00,127.98999786376953,128.0,121.33999633789062,121.44999694824219,105.60672760009766,13844400,0.0,0.0
2014-10-23 00:00:00-04:00,121.2699966430664,122.87999725341797,121.05999755859375,122.02999877929688,106.11104583740234,7799700,0.0,0.0
2014-10-24 00:00:00-04:00,122.19999694824219,122.83999633789062,121.26000213623047,122.23999786376953,106.29367065429688,4013300,0.0,0.0
2014-10-27 00:00:00-04:00,122.12999725341797,122.2300033569336,121.26000213623047,122.12000274658203,106.18933868408203,2940300,0.0,0.0
2014-10-28 00:00:00-04:00,122.5,123.79000091552734,121.95999908447266,123.61000061035156,107.48495483398438,4159000,0.0,0.0
2014-10-29 00:00:00-04:00,124.4800033569336,124.4800033569336,122.55999755859375,123.08000183105469,107.02408599853516,3241700,0.0,0.0
2014-10-30 00:00:00-04:00,122.5199966430664,124.12000274658203,122.01000213623047,123.81999969482422,107.66754913330078,2569900,0.0,0.0
2014-10-31 00:00:00-04:00,125.02999877929688,125.88999938964844,124.7300033569336,124.91000366210938,108.61536407470703,4665300,0.0,0.0
2014-11-03 00:00:00-05:00,125.3499984741211,126.25,124.88999938964844,126.02999877929688,109.58926391601562,3902700,0.0,0.0
2014-11-04 00:00:00-05:00,125.94000244140625,126.70999908447266,125.26000213623047,125.83999633789062,109.42402648925781,3684600,0.0,0.0
2014-11-05 00:00:00-05:00,126.01000213623047,126.25,124.19999694824219,124.22000122070312,108.6456527709961,3334000,0.73,0.0
2014-11-06 00:00:00-05:00,124.4800033569336,124.80000305175781,123.37000274658203,124.58000183105469,108.9604721069336,2341900,0.0,0.0
2014-11-07 00:00:00-05:00,124.93000030517578,124.94000244140625,124.16999816894531,124.44999694824219,108.84678649902344,2366700,0.0,0.0
2014-11-10 00:00:00-05:00,124.87000274658203,124.98999786376953,123.80000305175781,124.63999938964844,109.01297760009766,2622700,0.0,0.0
2014-11-11 00:00:00-05:00,124.58000183105469,125.7300033569336,124.44999694824219,125.36000061035156,109.6427001953125,3053500,0.0,0.0
2014-11-12 00:00:00-05:00,124.51000213623047,126.19000244140625,124.47000122070312,125.87000274658203,110.08875274658203,3075000,0.0,0.0
2014-11-13 00:00:00-05:00,125.73999786376953,128.9600067138672,125.73999786376953,128.52999877929688,112.41522979736328,5813900,0.0,0.0
2014-11-14 00:00:00-05:00,128.52999877929688,129.77999877929688,127.8499984741211,128.86000061035156,112.70387268066406,6235600,0.0,0.0
2014-11-17 00:00:00-05:00,128.6999969482422,129.1699981689453,127.55000305175781,128.4199981689453,112.31905364990234,3752900,0.0,0.0
2014-11-18 00:00:00-05:00,128.5500030517578,131.3300018310547,128.0399932861328,130.66000366210938,114.27820587158203,5701200,0.0,0.0
2014-11-19 00:00:00-05:00,130.58999633789062,132.74000549316406,130.25,131.61000061035156,115.10907745361328,5037600,0.0,0.0
2014-11-20 00:00:00-05:00,130.94000244140625,132.39999389648438,130.7100067138672,131.6999969482422,115.18782043457031,4052800,0.0,0.0
2014-11-21 00:00:00-05:00,132.72000122070312,133.36000061035156,132.50999450683594,132.77999877929688,116.13240051269531,4227100,0.0,0.0
2014-11-24 00:00:00-05:00,133.4499969482422,134.74000549316406,133.44000244140625,134.61000061035156,117.73297119140625,4161500,0.0,0.0
2014-11-25 00:00:00-05:00,134.74000549316406,135.60000610351562,134.74000549316406,134.80999755859375,117.90786743164062,4301600,0.0,0.0
2014-11-26 00:00:00-05:00,134.9499969482422,135.3000030517578,134.38999938964844,134.77999877929688,117.88162231445312,2660100,0.0,0.0
2014-11-28 00:00:00-05:00,135.50999450683594,135.77999877929688,134.0399932861328,134.36000061035156,117.5143051147461,2090000,0.0,0.0
2014-12-01 00:00:00-05:00,134.30999755859375,134.39999389648438,132.1999969482422,132.38999938964844,115.7912826538086,3473700,0.0,0.0
2014-12-02 00:00:00-05:00,132.5,132.9600067138672,131.75,132.27999877929688,115.695068359375,2904900,0.0,0.0
2014-12-03 00:00:00-05:00,132.64999389648438,133.27999877929688,131.42999267578125,131.97000122070312,115.4239501953125,4627500,0.0,0.0
2014-12-04 00:00:00-05:00,131.97000122070312,132.52000427246094,130.9199981689453,131.32000732421875,114.85546875,2785500,0.0,0.0
2014-12-05 00:00:00-05:00,131.72000122070312,132.6199951171875,131.52999877929688,132.2100067138672,115.63386535644531,2580200,0.0,0.0
2014-12-08 00:00:00-05:00,132.02000427246094,132.07000732421875,129.8699951171875,130.27999877929688,113.9458236694336,2862400,0.0,0.0
2014-12-09 00:00:00-05:00,128.55999755859375,129.72000122070312,127.73999786376953,129.66000366210938,113.4035873413086,3084600,0.0,0.0
2014-12-10 00:00:00-05:00,128.80999755859375,128.97999572753906,124.54000091552734,124.63999938964844,109.01297760009766,6651700,0.0,0.0
2014-12-11 00:00:00-05:00,125.22000122070312,125.6500015258789,123.0,123.37000274658203,107.90220642089844,6702100,0.0,0.0
2014-12-12 00:00:00-05:00,122.23999786376953,122.2699966430664,120.58000183105469,120.7699966430664,105.62818145751953,6661100,0.0,0.0
2014-12-15 00:00:00-05:00,121.4000015258789,122.87999725341797,120.5999984741211,122.08000183105469,106.77394104003906,6238800,0.0,0.0
2014-12-16 00:00:00-05:00,125.04000091552734,125.54000091552734,123.91000366210938,124.25,108.67186737060547,7919900,0.0,0.0
2014-12-17 00:00:00-05:00,124.27999877929688,125.37999725341797,123.41999816894531,125.05999755859375,109.38031768798828,6726500,0.0,0.0
2014-12-18 00:00:00-05:00,127.12999725341797,127.3499984741211,124.7699966430664,125.66999816894531,109.91382598876953,6485900,0.0,0.0
2014-12-19 00:00:00-05:00,125.62999725341797,127.41999816894531,125.5,126.2300033569336,110.40363311767578,7680800,0.0,0.0
2014-12-22 00:00:00-05:00,126.7300033569336,128.5399932861328,126.7300033569336,128.22000122070312,112.14410400390625,3189300,0.0,0.0
2014-12-23 00:00:00-05:00,129.0399932861328,130.64999389648438,128.64999389648438,130.02999877929688,113.72718048095703,4028900,0.0,0.0
2014-12-24 00:00:00-05:00,130.3000030517578,132.3300018310547,130.1699981689453,131.24000549316406,114.7854995727539,2116900,0.0,0.0
2014-12-26 00:00:00-05:00,131.2899932861328,131.92999267578125,130.22999572753906,131.6300048828125,115.1265869140625,2242900,0.0,0.0
2014-12-29 00:00:00-05:00,131.72000122070312,132.72999572753906,131.1699981689453,132.2899932861328,115.70384216308594,2718400,0.0,0.0
2014-12-30 00:00:00-05:00,132.0,132.27999877929688,131.52000427246094,131.8300018310547,115.30149841308594,2447700,0.0,0.0
2014-12-31 00:00:00-05:00,132.25,132.3000030517578,129.86000061035156,129.97999572753906,113.6834487915039,2712400,0.0,0.0
2015-01-02 00:00:00-05:00,131.07000732421875,131.83999633789062,129.08999633789062,129.9499969482422,113.65721130371094,4294200,0.0,0.0
2015-01-05 00:00:00-05:00,129.66000366210938,129.9199981689453,128.61000061035156,129.0500030517578,112.87006378173828,5024800,0.0,0.0
2015-01-06 00:00:00-05:00,129.0500030517578,129.6199951171875,126.18000030517578,127.52999877929688,111.5406265258789,4992800,0.0,0.0
2015-01-07 00:00:00-05:00,128.74000549316406,129.97000122070312,128.72000122070312,129.50999450683594,113.27238464355469,3573200,0.0,0.0
2015-01-08 00:00:00-05:00,130.60000610351562,131.99000549316406,130.39999389648438,131.8000030517578,115.2752685546875,4503400,0.0,0.0
2015-01-09 00:00:00-05:00,131.58999633789062,132.25999450683594,130.92999267578125,131.5399932861328,115.04785919189453,3056400,0.0,0.0
2015-01-12 00:00:00-05:00,132.24000549316406,132.25999450683594,129.9499969482422,130.8699951171875,114.46186828613281,3552700,0.0,0.0
2015-01-13 00:00:00-05:00,132.0,133.91000366210938,130.1699981689453,131.1699981689453,114.72425842285156,3441700,0.0,0.0
2015-01-14 00:00:00-05:00,129.02999877929688,131.2899932861328,128.9499969482422,130.3800048828125,114.03331756591797,3559500,0.0,0.0
2015-01-15 00:00:00-05:00,130.25,131.8300018310547,129.6999969482422,130.13999938964844,113.8233871459961,3902000,0.0,0.0
2015-01-16 00:00:00-05:00,129.75,131.02000427246094,129.11000061035156,130.77999877929688,114.38314819335938,4425600,0.0,0.0
2015-01-20 00:00:00-05:00,131.4499969482422,132.0,129.4499969482422,131.22000122070312,114.76799011230469,3143700,0.0,0.0
2015-01-21 00:00:00-05:00,130.8699951171875,132.8699951171875,130.57000732421875,132.41000366210938,115.80879211425781,2898000,0.0,0.0
2015-01-22 00:00:00-05:00,133.3800048828125,136.2100067138672,133.0500030517578,135.63999938964844,118.6338119506836,4971300,0.0,0.0
2015-01-23 00:00:00-05:00,135.57000732421875,135.77999877929688,134.60000610351562,134.6199951171875,117.74169921875,3828300,0.0,0.0
2015-01-26 00:00:00-05:00,135.0,135.25,133.52999877929688,134.07000732421875,117.26068878173828,3900500,0.0,0.0
2015-01-27 00:00:00-05:00,132.39999389648438,132.99000549316406,130.74000549316406,132.47999572753906,115.87000274658203,5243900,0.0,0.0
2015-01-28 00:00:00-05:00,136.3000030517578,141.88999938964844,135.9199981689453,139.63999938964844,122.13233184814453,14355100,0.0,0.0
2015-01-29 00:00:00-05:00,139.69000244140625,148.25,139.6300048828125,147.77999877929688,129.25173950195312,15161700,0.0,0.0
2015-01-30 00:00:00-05:00,146.22000122070312,146.85000610351562,144.3699951171875,145.3699951171875,127.14388275146484,11271100,0.0,0.0
2015-02-02 00:00:00-05:00,143.72000122070312,146.58999633789062,143.0500030517578,146.25999450683594,127.92230987548828,6790900,0.0,0.0
2015-02-03 00:00:00-05:00,146.3699951171875,148.0,146.17999267578125,147.33999633789062,128.86691284179688,5978200,0.0,0.0
2015-02-04 00:00:00-05:00,145.97000122070312,148.38999938964844,145.92999267578125,147.22000122070312,128.76197814941406,4766200,0.0,0.0
2015-02-05 00:00:00-05:00,147.25999450683594,148.8699951171875,146.4600067138672,148.60000610351562,129.96893310546875,4252600,0.0,0.0
2015-02-06 00:00:00-05:00,148.6199951171875,148.88999938964844,147.6999969482422,148.0,129.44412231445312,4398800,0.0,0.0
2015-02-09 00:00:00-05:00,146.16000366210938,148.16000366210938,145.6300048828125,147.5800018310547,129.0767822265625,4202900,0.0,0.0
2015-02-10 00:00:00-05:00,148.1999969482422,148.7100067138672,147.5,148.0399932861328,129.47914123535156,4034900,0.0,0.0
2015-02-11 00:00:00-05:00,147.50999450683594,148.3800048828125,147.08999633789062,147.9199981689453,130.17433166503906,3272700,0.91,0.0
2015-02-12 00:00:00-05:00,148.25999450683594,148.57000732421875,147.67999267578125,148.08999633789062,130.3239288330078,2998900,0.0,0.0
2015-02-13 00:00:00-05:00,147.97999572753906,149.83999633789062,147.63999938964844,149.72999572753906,131.7672119140625,3418600,0.0,0.0
2015-02-17 00:00:00-05:00,148.72000122070312,149.9600067138672,148.52000427246094,149.9199981689453,131.93443298339844,3622400,0.0,0.0
2015-02-18 00:00:00-05:00,149.6999969482422,151.6199951171875,149.3699951171875,151.1699981689453,133.03448486328125,3722100,0.0,0.0
2015-02-19 00:00:00-05:00,151.0500030517578,154.24000549316406,151.0,153.75,135.30496215820312,4384000,0.0,0.0
2015-02-20 00:00:00-05:00,153.8000030517578,158.8300018310547,153.8000030517578,158.30999755859375,139.3179168701172,9366000,0.0,0.0
2015-02-23 00:00:00-05:00,155.0,155.9199981689453,153.36000061035156,154.74000549316406,136.17617797851562,8653700,0.0,0.0
2015-02-24 00:00:00-05:00,153.5,154.77999877929688,153.2100067138672,154.3800048828125,135.85935974121094,4391700,0.0,0.0
2015-02-25 00:00:00-05:00,154.30999755859375,154.74000549316406,152.13999938964844,153.00999450683594,134.65370178222656,4800500,0.0,0.0
2015-02-26 00:00:00-05:00,152.30999755859375,152.3800048828125,150.80999755859375,151.72999572753906,133.5272674560547,5149300,0.0,0.0
2015-02-27 00:00:00-05:00,151.0,151.88999938964844,150.4499969482422,150.85000610351562,132.75283813476562,4330700,0.0,0.0
2015-03-02 00:00:00-05:00,150.85000610351562,154.14999389648438,150.75,153.8000030517578,135.34896850585938,4622800,0.0,0.0
2015-03-03 00:00:00-05:00,154.7100067138672,156.91000366210938,154.1699981689453,155.57000732421875,136.90664672851562,8656600,0.0,0.0
2015-03-04 00:00:00-05:00,154.6199951171875,155.22000122070312,154.0,154.35000610351562,135.83297729492188,4476200,0.0,0.0
2015-03-05 00:00:00-05:00,154.86000061035156,155.97999572753906,154.30999755859375,154.47000122070312,135.93858337402344,3327200,0.0,0.0
2015-03-06 00:00:00-05:00,153.9199981689453,155.02999877929688,152.80999755859375,153.1199951171875,134.75048828125,3556200,0.0,0.0
2015-03-09 00:00:00-04:00,153.3000030517578,155.61000061035156,153.14999389648438,154.75,136.18499755859375,3433000,0.0,0.0
2015-03-10 00:00:00-04:00,153.3000030517578,154.1300048828125,152.4199981689453,152.4199981689453,134.134521484375,3839600,0.0,0.0
2015-03-11 00:00:00-04:00,152.50999450683594,152.69000244140625,151.1699981689453,151.1699981689453,133.03448486328125,3395400,0.0,0.0
2015-03-12 00:00:00-04:00,151.27999877929688,152.9199981689453,151.27999877929688,152.0399932861328,133.80010986328125,2965100,0.0,0.0
2015-03-13 00:00:00-04:00,151.88999938964844,152.38999938964844,149.7899932861328,151.57000732421875,133.386474609375,3569600,0.0,0.0
2015-03-16 00:00:00-04:00,152.38999938964844,154.19000244140625,152.27000427246094,153.6699981689453,135.23455810546875,2742900,0.0,0.0
2015-03-17 00:00:00-04:00,152.8800048828125,155.0,152.72999572753906,154.50999450683594,135.9737548828125,2927200,0.0,0.0
2015-03-18 00:00:00-04:00,154.0399932861328,155.99000549316406,152.11000061035156,155.72999572753906,137.04742431640625,4053600,0.0,0.0
2015-03-19 00:00:00-04:00,154.91000366210938,155.3300018310547,153.66000366210938,154.11000061035156,135.6217803955078,2539000,0.0,0.0
2015-03-20 00:00:00-04:00,155.0399932861328,155.49000549316406,154.47999572753906,154.5,135.9649658203125,4464300,0.0,0.0
2015-03-23 00:00:00-04:00,154.97999572753906,154.97999572753906,152.80999755859375,152.80999755859375,134.47769165039062,3029700,0.0,0.0
2015-03-24 00:00:00-04:00,151.9600067138672,152.6199951171875,151.35000610351562,151.64999389648438,133.45687866210938,3319300,0.0,0.0
2015-03-25 00:00:00-04:00,151.39999389648438,152.0399932861328,148.1300048828125,148.22999572753906,130.44715881347656,3747900,0.0,0.0
2015-03-26 00:00:00-04:00,147.8300018310547,148.85000610351562,145.9600067138672,148.1699981689453,130.39437866210938,3627400,0.0,0.0
2015-03-27 00:00:00-04:00,148.58999633789062,149.30999755859375,147.49000549316406,148.85000610351562,130.9927978515625,2600300,0.0,0.0
2015-03-30 00:00:00-04:00,150.0800018310547,153.1699981689453,149.97999572753906,152.6999969482422,134.38088989257812,3738700,0.0,0.0
2015-03-31 00:00:00-04:00,152.22999572753906,152.25,149.94000244140625,150.0800018310547,132.0752410888672,2975600,0.0,0.0
2015-04-01 00:00:00-04:00,149.97000122070312,150.02000427246094,146.82000732421875,148.63999938964844,130.80799865722656,4167600,0.0,0.0
2015-04-02 00:00:00-04:00,149.13999938964844,150.5,148.30999755859375,149.27999877929688,131.37123107910156,2934200,0.0,0.0
2015-04-06 00:00:00-04:00,148.14999389648438,151.4499969482422,148.0,150.92999267578125,132.8232421875,3371500,0.0,0.0
2015-04-07 00:00:00-04:00,151.27000427246094,153.5,151.13999938964844,152.32000732421875,134.04652404785156,4299500,0.0,0.0
2015-04-08 00:00:00-04:00,152.19000244140625,153.5,152.19000244140625,153.36000061035156,134.9617462158203,2763400,0.0,0.0
2015-04-09 00:00:00-04:00,152.6199951171875,153.6699981689453,151.6300048828125,153.4199981689453,135.0145263671875,3966800,0.0,0.0
2015-04-10 00:00:00-04:00,153.5500030517578,154.9600067138672,153.25,154.3800048828125,135.85935974121094,3183000,0.0,0.0
2015-04-13 00:00:00-04:00,153.7899932861328,155.5,152.9600067138672,153.24000549316406,134.8561248779297,3034000,0.0,0.0
2015-04-14 00:00:00-04:00,152.92999267578125,153.5399932861328,151.58999633789062,153.2100067138672,134.82972717285156,2845800,0.0,0.0
2015-04-15 00:00:00-04:00,154.3699951171875,154.3699951171875,152.2100067138672,152.42999267578125,134.143310546875,3687400,0.0,0.0
2015-04-16 00:00:00-04:00,151.66000366210938,152.52999877929688,151.0500030517578,151.97000122070312,133.73851013183594,2559900,0.0,0.0
2015-04-17 00:00:00-04:00,150.8800048828125,151.42999267578125,149.44000244140625,149.60000610351562,131.65281677246094,4671600,0.0,0.0
2015-04-20 00:00:00-04:00,151.05999755859375,153.5500030517578,151.00999450683594,152.6699981689453,134.3544921875,3169100,0.0,0.0
2015-04-21 00:00:00-04:00,153.50999450683594,154.08999633789062,152.0,153.3300018310547,134.93533325195312,3772900,0.0,0.0
2015-04-22 00:00:00-04:00,152.36000061035156,153.0,148.85000610351562,151.19000244140625,133.05209350585938,8468900,0.0,0.0
2015-04-23 00:00:00-04:00,150.8300018310547,150.8300018310547,149.72999572753906,149.8699951171875,131.89041137695312,4080800,0.0,0.0
2015-04-24 00:00:00-04:00,149.5399932861328,149.86000061035156,148.02000427246094,148.39999389648438,130.5968017578125,4889200,0.0,0.0
2015-04-27 00:00:00-04:00,148.58999633789062,149.0,147.7100067138672,147.8000030517578,130.0687713623047,4603500,0.0,0.0
2015-04-28 00:00:00-04:00,147.89999389648438,148.3699951171875,146.00999450683594,147.50999450683594,129.81356811523438,4352900,0.0,0.0
2015-04-29 00:00:00-04:00,147.07000732421875,147.4600067138672,145.89999389648438,146.14999389648438,128.61671447753906,4761700,0.0,0.0
2015-04-30 00:00:00-04:00,145.25,145.94000244140625,142.75,143.33999633789062,126.143798828125,4925300,0.0,0.0
2015-05-01 00:00:00-04:00,144.41000366210938,145.07000732421875,143.83999633789062,144.6699981689453,127.31427764892578,3556800,0.0,0.0
2015-05-04 00:00:00-04:00,143.85000610351562,144.7899932861328,143.17999267578125,144.02000427246094,126.74224090576172,8977500,0.0,0.0
2015-05-05 00:00:00-04:00,143.75999450683594,144.6999969482422,142.27000427246094,142.91000366210938,125.76541900634766,3670400,0.0,0.0
2015-05-06 00:00:00-04:00,143.00999450683594,143.14999389648438,140.42999267578125,141.0399932861328,124.9151611328125,5313500,0.91,0.0
2015-05-07 00:00:00-04:00,140.55999755859375,142.17999267578125,140.47999572753906,141.49000549316406,125.31371307373047,4868700,0.0,0.0
2015-05-08 00:00:00-04:00,143.0,145.94000244140625,142.97999572753906,145.4600067138672,128.829833984375,7068000,0.0,0.0
2015-05-11 00:00:00-04:00,145.5500030517578,146.7899932861328,145.1300048828125,145.88999938964844,129.21066284179688,3969000,0.0,0.0
2015-05-12 00:00:00-04:00,144.94000244140625,146.0800018310547,144.00999450683594,145.42999267578125,128.8032684326172,3543900,0.0,0.0
2015-05-13 00:00:00-04:00,145.41000366210938,146.52999877929688,145.10000610351562,145.6199951171875,128.97152709960938,2679400,0.0,0.0
2015-05-14 00:00:00-04:00,146.8800048828125,148.25,146.64999389648438,147.9600067138672,131.0439910888672,3495800,0.0,0.0
2015-05-15 00:00:00-04:00,148.0500030517578,148.3000030517578,146.33999633789062,146.8800048828125,130.0874786376953,3368900,0.0,0.0
2015-05-18 00:00:00-04:00,146.8800048828125,147.24000549316406,146.3000030517578,146.7100067138672,129.93692016601562,2153200,0.0,0.0
2015-05-19 00:00:00-04:00,147.17999267578125,147.77000427246094,146.72999572753906,147.0500030517578,130.23802185058594,2366400,0.0,0.0
2015-05-20 00:00:00-04:00,147.13999938964844,147.33999633789062,146.10000610351562,146.4199981689453,129.68006896972656,2104000,0.0,0.0
2015-05-21 00:00:00-04:00,146.55999755859375,147.7100067138672,146.10000610351562,147.35000610351562,130.50375366210938,2676400,0.0,0.0
2015-05-22 00:00:00-04:00,147.25999450683594,147.27000427246094,144.8000030517578,144.80999755859375,128.254150390625,3878000,0.0,0.0
2015-05-26 00:00:00-04:00,144.33999633789062,144.42999267578125,142.16000366210938,142.8000030517578,126.47396087646484,3476800,0.0,0.0
2015-05-27 00:00:00-04:00,143.4199981689453,143.75,142.5800018310547,143.0,126.65108489990234,2837100,0.0,0.0
2015-05-28 00:00:00-04:00,142.50999450683594,145.2899932861328,141.5800018310547,142.3300018310547,126.05767059326172,3103200,0.0,0.0
2015-05-29 00:00:00-04:00,142.25999450683594,142.25999450683594,140.32000732421875,140.52000427246094,124.45462036132812,6199200,0.0,0.0
2015-06-01 00:00:00-04:00,141.4499969482422,142.0500030517578,140.27000427246094,141.25,125.10114288330078,3897000,0.0,0.0
2015-06-02 00:00:00-04:00,141.44000244140625,144.4600067138672,140.6300048828125,143.25,126.87251281738281,4986500,0.0,0.0
2015-06-03 00:00:00-04:00,143.77999877929688,145.05999755859375,142.88999938964844,143.80999755859375,127.36847686767578,3755800,0.0,0.0
2015-06-04 00:00:00-04:00,143.22000122070312,143.22999572753906,140.9499969482422,141.19000244140625,125.04803466796875,3239500,0.0,0.0
2015-06-05 00:00:00-04:00,141.0399932861328,141.3699951171875,140.0500030517578,140.72999572753906,124.64057922363281,3215600,0.0,0.0
2015-06-08 00:00:00-04:00,140.24000549316406,141.35000610351562,140.1999969482422,140.63999938964844,124.56086730957031,2756600,0.0,0.0
2015-06-09 00:00:00-04:00,140.5,140.99000549316406,139.89999389648438,140.10000610351562,124.0826416015625,2647600,0.0,0.0
2015-06-10 00:00:00-04:00,140.67999267578125,142.60000610351562,140.2899932861328,141.6199951171875,125.42881774902344,2784400,0.0,0.0
2015-06-11 00:00:00-04:00,142.00999450683594,143.97999572753906,141.75,142.9600067138672,126.61561584472656,2924500,0.0,0.0
2015-06-12 00:00:00-04:00,142.6199951171875,142.86000061035156,141.08999633789062,142.8000030517578,126.47396087646484,2395200,0.0,0.0
2015-06-15 00:00:00-04:00,142.0399932861328,142.58999633789062,141.27999877929688,142.2899932861328,126.02227020263672,2631400,0.0,0.0
2015-06-16 00:00:00-04:00,141.4199981689453,143.5800018310547,141.4199981689453,142.33999633789062,126.0665512084961,2450600,0.0,0.0
2015-06-17 00:00:00-04:00,142.8699951171875,144.0,141.89999389648438,143.42999267578125,127.0318832397461,2775400,0.0,0.0
2015-06-18 00:00:00-04:00,143.91000366210938,146.52999877929688,143.91000366210938,145.3800048828125,128.7589569091797,3728900,0.0,0.0
2015-06-19 00:00:00-04:00,145.19000244140625,146.10000610351562,144.9499969482422,145.1300048828125,128.53753662109375,4837300,0.0,0.0
2015-06-22 00:00:00-04:00,146.07000732421875,146.2100067138672,145.08999633789062,145.6999969482422,129.0423583984375,2086100,0.0,0.0
2015-06-23 00:00:00-04:00,146.3300018310547,146.4499969482422,143.8000030517578,144.42999267578125,127.91757202148438,2864400,0.0,0.0
2015-06-24 00:00:00-04:00,143.75999450683594,144.8000030517578,142.50999450683594,143.0,126.65108489990234,3989100,0.0,0.0
2015-06-25 00:00:00-04:00,143.27000427246094,143.75999450683594,142.33999633789062,142.4499969482422,126.16397094726562,2153800,0.0,0.0
2015-06-26 00:00:00-04:00,143.02999877929688,143.0399932861328,141.88999938964844,142.47999572753906,126.19050598144531,3153300,0.0,0.0
2015-06-29 00:00:00-04:00,140.9600067138672,141.32000732421875,138.5800018310547,138.72999572753906,122.86922454833984,3755500,0.0,0.0
2015-06-30 00:00:00-04:00,140.05999755859375,140.05999755859375,138.44000244140625,138.72000122070312,122.86038208007812,3434800,0.0,0.0
2015-07-01 00:00:00-04:00,140.47999572753906,141.13999938964844,140.02000427246094,140.72999572753906,124.64057922363281,3260900,0.0,0.0
2015-07-02 00:00:00-04:00,141.2899932861328,141.52000427246094,139.8800048828125,140.2100067138672,124.18008422851562,2116500,0.0,0.0
2015-07-06 00:00:00-04:00,139.02000427246094,140.72999572753906,139.0,140.52000427246094,124.45462036132812,2093400,0.0,0.0
2015-07-07 00:00:00-04:00,140.8000030517578,143.44000244140625,140.13999938964844,143.14999389648438,126.78392791748047,3712000,0.0,0.0
2015-07-08 00:00:00-04:00,142.5,143.14999389648438,141.52000427246094,141.9199981689453,125.69454956054688,3386500,0.0,0.0
2015-07-09 00:00:00-04:00,143.88999938964844,144.1999969482422,142.72999572753906,142.8000030517578,126.47396087646484,2486800,0.0,0.0
2015-07-10 00:00:00-04:00,144.13999938964844,145.19000244140625,143.8699951171875,144.47999572753906,127.96185302734375,2192100,0.0,0.0
2015-07-13 00:00:00-04:00,145.9600067138672,146.75,145.60000610351562,146.6199951171875,129.85716247558594,2194200,0.0,0.0
2015-07-14 00:00:00-04:00,146.75999450683594,148.3000030517578,146.4499969482422,147.75,130.85801696777344,3388800,0.0,0.0
2015-07-15 00:00:00-04:00,147.75,147.75,146.47999572753906,146.88999938964844,130.09632873535156,2653900,0.0,0.0
2015-07-16 00:00:00-04:00,147.7899932861328,148.8000030517578,147.77000427246094,148.49000549316406,131.51339721679688,2509600,0.0,0.0
2015-07-17 00:00:00-04:00,147.25,147.44000244140625,146.02000427246094,146.83999633789062,130.05203247070312,3127100,0.0,0.0
2015-07-20 00:00:00-04:00,147.11000061035156,147.1999969482422,145.91000366210938,146.72000122070312,129.9457244873047,3016100,0.0,0.0
2015-07-21 00:00:00-04:00,146.58999633789062,146.58999633789062,144.22000122070312,145.0,128.4224090576172,4452600,0.0,0.0
2015-07-22 00:00:00-04:00,148.89999389648438,149.17999267578125,145.11000061035156,146.47000122070312,129.72434997558594,6238400,0.0,0.0
2015-07-23 00:00:00-04:00,147.0,147.9499969482422,145.7899932861328,146.11000061035156,129.40548706054688,4116000,0.0,0.0
2015-07-24 00:00:00-04:00,145.80999755859375,146.47000122070312,143.97999572753906,144.05999755859375,127.58990478515625,2455000,0.0,0.0
2015-07-27 00:00:00-04:00,143.22000122070312,143.35000610351562,140.8000030517578,141.02999877929688,124.90629577636719,3532100,0.0,0.0
2015-07-28 00:00:00-04:00,141.61000061035156,142.1699981689453,139.50999450683594,141.80999755859375,125.59710693359375,4138200,0.0,0.0
2015-07-29 00:00:00-04:00,142.47999572753906,144.61000061035156,142.3699951171875,144.13999938964844,127.6607437133789,3260400,0.0,0.0
2015-07-30 00:00:00-04:00,143.35000610351562,143.9199981689453,142.2100067138672,143.00999450683594,126.6599349975586,2644000,0.0,0.0
2015-07-31 00:00:00-04:00,143.75999450683594,144.9199981689453,143.2899932861328,144.1699981689453,127.68729400634766,3163500,0.0,0.0
2015-08-03 00:00:00-04:00,144.44000244140625,144.75,142.58999633789062,143.69000244140625,127.26217651367188,3088000,0.0,0.0
2015-08-04 00:00:00-04:00,143.5500030517578,144.8699951171875,143.0399932861328,143.5399932861328,127.12932586669922,1973000,0.0,0.0
2015-08-05 00:00:00-04:00,143.89999389648438,145.60000610351562,143.77000427246094,144.9499969482422,129.19720458984375,2926100,0.91,0.0
2015-08-06 00:00:00-04:00,144.6999969482422,145.25,143.4199981689453,143.82000732421875,128.1899871826172,2457000,0.0,0.0
2015-08-07 00:00:00-04:00,143.22000122070312,143.83999633789062,141.6999969482422,142.4199981689453,126.94214630126953,2953200,0.0,0.0
2015-08-10 00:00:00-04:00,143.7899932861328,146.77000427246094,143.77999877929688,145.86000061035156,130.00830078125,3432600,0.0,0.0
2015-08-11 00:00:00-04:00,144.13999938964844,144.92999267578125,143.27999877929688,144.0500030517578,128.39501953125,2816700,0.0,0.0
2015-08-12 00:00:00-04:00,142.5500030517578,143.00999450683594,139.86000061035156,142.42999267578125,126.9510269165039,4355800,0.0,0.0
2015-08-13 00:00:00-04:00,142.02999877929688,145.4499969482422,141.52999877929688,144.80999755859375,129.07241821289062,5129500,0.0,0.0
2015-08-14 00:00:00-04:00,144.61000061035156,145.47000122070312,143.75999450683594,145.08999633789062,129.32199096679688,2927100,0.0,0.0
2015-08-17 00:00:00-04:00,144.60000610351562,144.86000061035156,142.92999267578125,144.44000244140625,128.7426300048828,3746000,0.0,0.0
2015-08-18 00:00:00-04:00,144.38999938964844,145.2100067138672,143.82000732421875,144.60000610351562,128.88523864746094,1955500,0.0,0.0
2015-08-19 00:00:00-04:00,143.4199981689453,144.47999572753906,142.32000732421875,142.72000122070312,127.20956420898438,2967700,0.0,0.0
2015-08-20 00:00:00-04:00,141.6199951171875,141.89999389648438,136.89999389648438,137.02000427246094,122.12902069091797,6601400,0.0,0.0
2015-08-21 00:00:00-04:00,134.8800048828125,135.08999633789062,131.4600067138672,131.7100067138672,117.39610290527344,7957600,0.0,0.0
2015-08-24 00:00:00-04:00,123.63999938964844,135.5,115.13999938964844,127.19000244140625,113.36731719970703,9425800,0.0,0.0
2015-08-25 00:00:00-04:00,130.0,130.72000122070312,125.43000030517578,125.48999786376953,111.85204315185547,7159100,0.0,0.0
2015-08-26 00:00:00-04:00,129.33999633789062,129.75999450683594,125.2300033569336,129.33999633789062,115.28364562988281,6428400,0.0,0.0
2015-08-27 00:00:00-04:00,131.0800018310547,132.36000061035156,129.4600067138672,131.8699951171875,117.53870391845703,5754600,0.0,0.0
2015-08-28 00:00:00-04:00,131.42999267578125,133.72000122070312,130.86000061035156,133.24000549316406,118.75981140136719,4508800,0.0,0.0
2015-08-31 00:00:00-04:00,132.3699951171875,132.6999969482422,130.38999938964844,130.67999267578125,116.47801971435547,4231700,0.0,0.0
2015-09-01 00:00:00-04:00,128.16000366210938,128.99000549316406,126.94000244140625,127.44000244140625,113.59014892578125,5772700,0.0,0.0
2015-09-02 00:00:00-04:00,128.7100067138672,130.6699981689453,127.73999786376953,130.6300048828125,116.43345642089844,4809300,0.0,0.0
2015-09-03 00:00:00-04:00,132.30999755859375,132.35000610351562,130.47999572753906,131.02000427246094,116.7811050415039,3379500,0.0,0.0
2015-09-04 00:00:00-04:00,129.5500030517578,130.49000549316406,128.66000366210938,129.75999450683594,115.65800476074219,3746700,0.0,0.0
2015-09-08 00:00:00-04:00,132.27000427246094,133.99000549316406,132.0,133.82000732421875,119.2767562866211,3505800,0.0,0.0
2015-09-09 00:00:00-04:00,135.58999633789062,136.25,132.2100067138672,132.64999389648438,118.23394012451172,4713900,0.0,0.0
2015-09-10 00:00:00-04:00,132.33999633789062,134.57000732421875,132.27000427246094,133.5500030517578,119.03614044189453,2932200,0.0,0.0
2015-09-11 00:00:00-04:00,133.16000366210938,134.86000061035156,132.88999938964844,134.6699981689453,120.03441619873047,2628200,0.0,0.0
2015-09-14 00:00:00-04:00,134.72000122070312,135.1300048828125,133.72999572753906,134.42999267578125,119.82047271728516,2389600,0.0,0.0
2015-09-15 00:00:00-04:00,134.52000427246094,137.0,134.52000427246094,136.3000030517578,121.48728942871094,3761800,0.0,0.0
2015-09-16 00:00:00-04:00,136.25999450683594,137.42999267578125,136.00999450683594,137.1999969482422,122.2894287109375,2505000,0.0,0.0
2015-09-17 00:00:00-04:00,137.36000061035156,139.91000366210938,136.94000244140625,137.4499969482422,122.51226806640625,3405600,0.0,0.0
2015-09-18 00:00:00-04:00,135.75,137.69000244140625,134.39999389648438,136.08999633789062,121.30007934570312,7302700,0.0,0.0
2015-09-21 00:00:00-04:00,136.4199981689453,137.4499969482422,134.94000244140625,136.02000427246094,121.2376937866211,2460900,0.0,0.0
2015-09-22 00:00:00-04:00,134.49000549316406,134.49000549316406,132.52000427246094,133.99000549316406,119.4283218383789,3465000,0.0,0.0
2015-09-23 00:00:00-04:00,134.66000366210938,135.0,131.61000061035156,131.6699981689453,117.36043548583984,4907500,0.0,0.0
2015-09-24 00:00:00-04:00,130.72000122070312,130.77000427246094,127.18000030517578,129.75,115.64910125732422,5297800,0.0,0.0
2015-09-25 00:00:00-04:00,131.57000732421875,131.72999572753906,129.27999877929688,131.00999450683594,116.77216339111328,4149900,0.0,0.0
2015-09-28 00:00:00-04:00,130.44000244140625,130.47999572753906,128.02999877929688,128.1300048828125,114.20514678955078,4160000,0.0,0.0
2015-09-29 00:00:00-04:00,128.11000061035156,129.14999389648438,127.47000122070312,128.75,114.75775909423828,2935100,0.0,0.0
2015-09-30 00:00:00-04:00,130.27000427246094,131.41000366210938,129.6199951171875,130.9499969482422,116.71868896484375,3062500,0.0,0.0
2015-10-01 00:00:00-04:00,131.32000732421875,131.7899932861328,128.97999572753906,130.61000061035156,116.4156265258789,2878400,0.0,0.0
2015-10-02 00:00:00-04:00,129.0,132.58999633789062,128.55999755859375,132.55999755859375,118.15371704101562,3020500,0.0,0.0
2015-10-05 00:00:00-04:00,132.27999877929688,134.14999389648438,131.35000610351562,134.02000427246094,119.4550552368164,4587500,0.0,0.0
2015-10-06 00:00:00-04:00,134.10000610351562,135.5399932861328,133.6699981689453,134.6300048828125,119.99874877929688,3059600,0.0,0.0
2015-10-07 00:00:00-04:00,135.69000244140625,137.72999572753906,135.25999450683594,137.02000427246094,122.12902069091797,3263800,0.0,0.0
2015-10-08 00:00:00-04:00,136.66000366210938,139.35000610351562,136.07000732421875,139.0399932861328,123.92947387695312,2835700,0.0,0.0
2015-10-09 00:00:00-04:00,139.0399932861328,140.24000549316406,138.36000061035156,139.6999969482422,124.51776123046875,3065700,0.0,0.0
2015-10-12 00:00:00-04:00,139.92999267578125,141.07000732421875,139.32000732421875,140.67999267578125,125.39124298095703,1942200,0.0,0.0
2015-10-13 00:00:00-04:00,139.44000244140625,140.5,139.42999267578125,140.2899932861328,125.04361724853516,2339700,0.0,0.0
2015-10-14 00:00:00-04:00,139.75,140.88999938964844,133.5800018310547,134.22000122070312,119.6333236694336,8752300,0.0,0.0
2015-10-15 00:00:00-04:00,135.16000366210938,137.6699981689453,135.0,137.38999938964844,122.45879364013672,6368300,0.0,0.0
2015-10-16 00:00:00-04:00,137.42999267578125,138.72999572753906,136.52000427246094,137.60000610351562,122.6459732055664,3173700,0.0,0.0
2015-10-19 00:00:00-04:00,137.60000610351562,138.61000061035156,136.38999938964844,138.4199981689453,123.37686157226562,4022000,0.0,0.0
2015-10-20 00:00:00-04:00,137.94000244140625,139.92999267578125,137.5800018310547,138.8800048828125,123.78688049316406,4202600,0.0,0.0
2015-10-21 00:00:00-04:00,141.6999969482422,142.14999389648438,136.61000061035156,141.19000244140625,125.8458480834961,8927200,0.0,0.0
2015-10-22 00:00:00-04:00,142.0,147.36000061035156,141.92999267578125,146.30999755859375,130.40939331054688,6976300,0.0,0.0
2015-10-23 00:00:00-04:00,147.3699951171875,147.75,144.91000366210938,146.6999969482422,130.7570037841797,4691200,0.0,0.0
2015-10-26 00:00:00-04:00,146.2100067138672,147.22999572753906,145.5500030517578,146.6999969482422,130.7570037841797,3143400,0.0,0.0
2015-10-27 00:00:00-04:00,146.22000122070312,148.99000549316406,146.00999450683594,148.4600067138672,132.3257598876953,3411300,0.0,0.0
2015-10-28 00:00:00-04:00,147.99000549316406,148.80999755859375,145.13999938964844,147.8800048828125,131.8087921142578,4408300,0.0,0.0
2015-10-29 00:00:00-04:00,147.5399932861328,147.8699951171875,145.8300018310547,147.17999267578125,131.18484497070312,3072100,0.0,0.0
2015-10-30 00:00:00-04:00,147.39999389648438,149.60000610351562,147.08999633789062,148.07000732421875,131.97811889648438,3938000,0.0,0.0
2015-11-02 00:00:00-05:00,148.3800048828125,149.47000122070312,147.55999755859375,148.39999389648438,132.2722930908203,2516700,0.0,0.0
2015-11-03 00:00:00-05:00,148.02999877929688,148.4600067138672,147.13999938964844,148.08999633789062,131.9959259033203,2470000,0.0,0.0
2015-11-04 00:00:00-05:00,147.25999450683594,148.75999450683594,147.17999267578125,148.19000244140625,132.9017791748047,2771500,0.91,0.0
2015-11-05 00:00:00-05:00,148.19000244140625,148.83999633789062,146.49000549316406,147.97000122070312,132.7044219970703,2545400,0.0,0.0
2015-11-06 00:00:00-05:00,146.5800018310547,148.1699981689453,146.00999450683594,147.94000244140625,132.6775665283203,2294100,0.0,0.0
2015-11-09 00:00:00-05:00,146.89999389648438,147.47999572753906,145.17999267578125,145.97999572753906,130.9197540283203,2980800,0.0,0.0
2015-11-10 00:00:00-05:00,145.27999877929688,146.13999938964844,144.02999877929688,145.14999389648438,130.17538452148438,2524100,0.0,0.0
2015-11-11 00:00:00-05:00,145.1999969482422,145.8300018310547,144.52000427246094,144.99000549316406,130.0319061279297,1579600,0.0,0.0
2015-11-12 00:00:00-05:00,143.0,144.39999389648438,141.58999633789062,142.5399932861328,127.8346176147461,3796800,0.0,0.0
2015-11-13 00:00:00-05:00,142.3300018310547,143.88999938964844,141.86000061035156,142.58999633789062,127.87947845458984,3063800,0.0,0.0
2015-11-16 00:00:00-05:00,142.5800018310547,144.5,142.3300018310547,144.4199981689453,129.52069091796875,2378300,0.0,0.0
2015-11-17 00:00:00-05:00,145.2899932861328,146.58999633789062,144.63999938964844,146.0800018310547,131.00941467285156,3038300,0.0,0.0
2015-11-18 00:00:00-05:00,146.24000549316406,148.38999938964844,146.22999572753906,148.27999877929688,132.98245239257812,3101100,0.0,0.0
2015-11-19 00:00:00-05:00,148.7899932861328,149.47999572753906,148.25999450683594,149.24000549316406,133.84347534179688,2492600,0.0,0.0
2015-11-20 00:00:00-05:00,149.83999633789062,150.58999633789062,149.1199951171875,149.39999389648438,133.98692321777344,3210200,0.0,0.0
2015-11-23 00:00:00-05:00,149.38999938964844,149.6999969482422,147.7100067138672,148.33999633789062,133.03627014160156,3183700,0.0,0.0
2015-11-24 00:00:00-05:00,147.49000549316406,149.58999633789062,147.22000122070312,148.64999389648438,133.3142852783203,2626600,0.0,0.0
2015-11-25 00:00:00-05:00,149.0399932861328,149.14999389648438,147.3800048828125,147.42999267578125,132.2201690673828,1852200,0.0,0.0
2015-11-27 00:00:00-05:00,147.5,147.97000122070312,146.67999267578125,146.9499969482422,131.7896728515625,1282100,0.0,0.0
2015-11-30 00:00:00-05:00,146.97000122070312,147.25999450683594,145.36000061035156,145.4499969482422,130.44444274902344,3176700,0.0,0.0
2015-12-01 00:00:00-05:00,146.5399932861328,149.39999389648438,146.47000122070312,147.74000549316406,132.4981689453125,3444300,0.0,0.0
2015-12-02 00:00:00-05:00,147.5500030517578,148.02999877929688,146.3800048828125,146.9600067138672,131.79867553710938,2648800,0.0,0.0
2015-12-03 00:00:00-05:00,147.0500030517578,147.6300048828125,144.27999877929688,145.55999755859375,130.5430908203125,3008700,0.0,0.0
2015-12-04 00:00:00-05:00,146.35000610351562,148.77999877929688,146.08999633789062,148.5,133.1797332763672,3892900,0.0,0.0
2015-12-07 00:00:00-05:00,148.3000030517578,149.5,147.32000732421875,148.4499969482422,133.13491821289062,3417700,0.0,0.0
2015-12-08 00:00:00-05:00,146.82000732421875,147.22999572753906,144.64999389648438,144.99000549316406,130.0319061279297,5021100,0.0,0.0
2015-12-09 00:00:00-05:00,144.60000610351562,145.69000244140625,142.27000427246094,144.24000549316406,129.35926818847656,5124600,0.0,0.0
2015-12-10 00:00:00-05:00,144.6199951171875,147.4600067138672,144.16000366210938,146.41000366210938,131.30538940429688,3278500,0.0,0.0
2015-12-11 00:00:00-05:00,145.0,145.6999969482422,143.72000122070312,144.6199951171875,129.70004272460938,3684700,0.0,0.0
2015-12-14 00:00:00-05:00,144.5,144.5,141.4600067138672,143.0,128.24720764160156,4845000,0.0,0.0
2015-12-15 00:00:00-05:00,145.66000366210938,147.10000610351562,144.1199951171875,146.52999877929688,131.41302490234375,4705300,0.0,0.0
2015-12-16 00:00:00-05:00,147.97999572753906,148.61000061035156,146.22999572753906,148.11000061035156,132.8300018310547,3316000,0.0,0.0
2015-12-17 00:00:00-05:00,148.85000610351562,149.8000030517578,145.5,145.55999755859375,130.5430908203125,3448800,0.0,0.0
2015-12-18 00:00:00-05:00,144.41000366210938,144.41000366210938,138.88999938964844,139.5800018310547,125.1800308227539,9952000,0.0,0.0
2015-12-21 00:00:00-05:00,140.2100067138672,141.94000244140625,139.6999969482422,140.89999389648438,126.36385345458984,3746400,0.0,0.0
2015-12-22 00:00:00-05:00,141.72000122070312,142.7899932861328,140.5,142.3800048828125,127.6911392211914,2791700,0.0,0.0
2015-12-23 00:00:00-05:00,143.0800018310547,144.07000732421875,142.80999755859375,144.05999755859375,129.19784545898438,3353900,0.0,0.0
2015-12-24 00:00:00-05:00,143.60000610351562,143.92999267578125,143.36000061035156,143.52999877929688,128.72247314453125,1185000,0.0,0.0
2015-12-28 00:00:00-05:00,143.25999450683594,144.6699981689453,142.85000610351562,144.5399932861328,129.62835693359375,1980000,0.0,0.0
2015-12-29 00:00:00-05:00,145.05999755859375,147.55999755859375,145.0,147.35000610351562,132.1484375,3133600,0.0,0.0
2015-12-30 00:00:00-05:00,147.22000122070312,148.0,146.00999450683594,146.41000366210938,131.30538940429688,1619000,0.0,0.0
2015-12-31 00:00:00-05:00,145.9600067138672,145.9600067138672,144.5,144.58999633789062,129.6731414794922,2105200,0.0,0.0
2016-01-04 00:00:00-05:00,141.3800048828125,141.6999969482422,139.42999267578125,140.5,126.0051040649414,5719500,0.0,0.0
2016-01-05 00:00:00-05:00,140.99000549316406,141.6999969482422,139.77000427246094,141.07000732421875,126.51627349853516,3357000,0.0,0.0
2016-01-06 00:00:00-05:00,138.8300018310547,139.35000610351562,137.25999450683594,138.8300018310547,124.50738525390625,4254100,0.0,0.0
2016-01-07 00:00:00-05:00,136.3800048828125,136.6699981689453,132.50999450683594,133.00999450683594,119.28783416748047,7013700,0.0,0.0
2016-01-08 00:00:00-05:00,133.6999969482422,135.10000610351562,129.8000030517578,129.99000549316406,116.57939147949219,5776900,0.0,0.0
2016-01-11 00:00:00-05:00,130.85000610351562,131.0,128.9199981689453,130.2100067138672,116.7767105102539,5551500,0.0,0.0
2016-01-12 00:00:00-05:00,131.5800018310547,132.1699981689453,129.63999938964844,131.9199981689453,118.31027221679688,4171500,0.0,0.0
2016-01-13 00:00:00-05:00,132.6999969482422,132.8800048828125,127.75,128.1199951171875,114.90231323242188,5073100,0.0,0.0
2016-01-14 00:00:00-05:00,129.58999633789062,130.07000732421875,125.80999755859375,129.1999969482422,115.87090301513672,6517800,0.0,0.0
2016-01-15 00:00:00-05:00,125.80000305175781,127.13999938964844,124.51000213623047,125.62999725341797,112.66919708251953,6678400,0.0,0.0
2016-01-19 00:00:00-05:00,127.05999755859375,127.22000122070312,125.11000061035156,126.05999755859375,113.05484008789062,5478900,0.0,0.0
2016-01-20 00:00:00-05:00,124.0,124.94000244140625,119.81999969482422,122.13999938964844,109.53924560546875,7636600,0.0,0.0
2016-01-21 00:00:00-05:00,122.7699966430664,125.9800033569336,121.54000091552734,123.4000015258789,110.66924285888672,5546200,0.0,0.0
2016-01-22 00:00:00-05:00,124.41999816894531,125.68000030517578,123.31999969482422,124.61000061035156,111.75442504882812,5259900,0.0,0.0
2016-01-25 00:00:00-05:00,124.5999984741211,125.23999786376953,123.4000015258789,124.01000213623047,111.21633911132812,4551600,0.0,0.0
2016-01-26 00:00:00-05:00,124.9800033569336,128.14999389648438,124.5,128.00999450683594,114.80365753173828,5432600,0.0,0.0
2016-01-27 00:00:00-05:00,119.9000015258789,120.11000061035156,115.0199966430664,116.58000183105469,104.55284881591797,27945900,0.0,0.0
2016-01-28 00:00:00-05:00,117.0999984741211,118.02999877929688,115.05999755859375,118.01000213623047,105.8353042602539,10708400,0.0,0.0
2016-01-29 00:00:00-05:00,118.13999938964844,120.18000030517578,118.0199966430664,120.12999725341797,107.73660278320312,9195700,0.0,0.0
2016-02-01 00:00:00-05:00,119.63999938964844,122.29000091552734,118.6500015258789,121.55999755859375,109.01907348632812,6812800,0.0,0.0
2016-02-02 00:00:00-05:00,119.69000244140625,120.27999877929688,117.37000274658203,117.5199966430664,105.39585876464844,8646700,0.0,0.0
2016-02-03 00:00:00-05:00,118.80000305175781,122.12999725341797,117.1500015258789,121.87000274658203,109.29710388183594,7361900,0.0,0.0
2016-02-04 00:00:00-05:00,121.12000274658203,124.91000366210938,121.12000274658203,123.61000061035156,110.85758972167969,5837000,0.0,0.0
2016-02-05 00:00:00-05:00,123.62999725341797,124.16999816894531,121.02999877929688,122.55999755859375,109.91590118408203,6186700,0.0,0.0
2016-02-08 00:00:00-05:00,120.66999816894531,121.33000183105469,117.25,119.47000122070312,107.14469146728516,6453600,0.0,0.0
2016-02-09 00:00:00-05:00,117.9800033569336,119.9800033569336,117.43000030517578,118.87999725341797,106.61556243896484,4137600,0.0,0.0
2016-02-10 00:00:00-05:00,118.16000366210938,119.45999908447266,116.2699966430664,116.36000061035156,105.32122039794922,4888600,1.09,0.0
2016-02-11 00:00:00-05:00,113.18000030517578,113.4000015258789,102.0999984741211,108.44000244140625,98.152587890625,33735600,0.0,0.0
2016-02-12 00:00:00-05:00,105.12000274658203,109.83999633789062,105.0,108.62999725341797,98.32455444335938,12973400,0.0,0.0
2016-02-16 00:00:00-05:00,109.7300033569336,112.76000213623047,109.0,112.5999984741211,101.91793823242188,7587700,0.0,0.0
2016-02-17 00:00:00-05:00,114.02999877929688,116.83000183105469,113.98999786376953,116.33999633789062,105.3031234741211,6619600,0.0,0.0
2016-02-18 00:00:00-05:00,116.91000366210938,118.2300033569336,116.68000030517578,117.56999969482422,106.41645050048828,6489000,0.0,0.0
2016-02-19 00:00:00-05:00,117.30999755859375,117.33000183105469,114.41999816894531,115.16000366210938,104.23506164550781,6920600,0.0,0.0
2016-02-22 00:00:00-05:00,115.16000366210938,118.97000122070312,115.16000366210938,117.38999938964844,106.25352478027344,4930300,0.0,0.0
2016-02-23 00:00:00-05:00,116.97000122070312,118.5,115.93000030517578,116.9000015258789,105.80999755859375,3762300,0.0,0.0
2016-02-24 00:00:00-05:00,115.37000274658203,115.95999908447266,112.51000213623047,115.58999633789062,104.62427520751953,6859300,0.0,0.0
2016-02-25 00:00:00-05:00,116.3499984741211,117.5999984741211,115.77999877929688,116.81999969482422,105.73759460449219,4667100,0.0,0.0
2016-02-26 00:00:00-05:00,117.75,119.44999694824219,117.5,118.16000366210938,106.95047760009766,3757800,0.0,0.0
2016-02-29 00:00:00-05:00,118.12000274658203,119.47000122070312,117.5,118.18000030517578,106.96857452392578,4569700,0.0,0.0
2016-03-01 00:00:00-05:00,119.01000213623047,120.98999786376953,118.25,119.95999908447266,108.57971954345703,4595400,0.0,0.0
2016-03-02 00:00:00-05:00,119.62999725341797,120.75,118.5,119.6500015258789,108.29911804199219,4292500,0.0,0.0
2016-03-03 00:00:00-05:00,118.83999633789062,119.7300033569336,118.25,119.61000061035156,108.26288604736328,3404600,0.0,0.0
2016-03-04 00:00:00-05:00,120.16999816894531,122.2300033569336,119.8499984741211,121.06999969482422,109.58439636230469,4421500,0.0,0.0
2016-03-07 00:00:00-05:00,120.80000305175781,123.31999969482422,120.56999969482422,122.9000015258789,111.24079132080078,4504700,0.0,0.0
2016-03-08 00:00:00-05:00,121.9800033569336,122.97000122070312,121.30999755859375,122.3499984741211,110.74297332763672,5257300,0.0,0.0
2016-03-09 00:00:00-05:00,122.37999725341797,123.26000213623047,122.02999877929688,122.86000061035156,111.20459747314453,3380300,0.0,0.0
2016-03-10 00:00:00-05:00,123.13999938964844,123.81999969482422,121.43000030517578,122.94000244140625,111.27700805664062,4111300,0.0,0.0
2016-03-11 00:00:00-05:00,124.12999725341797,125.5,123.86000061035156,124.62999725341797,112.80667877197266,3260100,0.0,0.0
2016-03-14 00:00:00-04:00,123.93000030517578,127.0,123.86000061035156,126.33999633789062,114.35446166992188,4283400,0.0,0.0
2016-03-15 00:00:00-04:00,125.55000305175781,126.37000274658203,124.20999908447266,126.36000061035156,114.37255859375,3717500,0.0,0.0
2016-03-16 00:00:00-04:00,126.23999786376953,128.1300048828125,125.75,127.56999969482422,115.4677734375,5154700,0.0,0.0
2016-03-17 00:00:00-04:00,128.07000732421875,131.60000610351562,127.41999816894531,130.6999969482422,118.30081176757812,5801000,0.0,0.0
2016-03-18 00:00:00-04:00,131.24000549316406,134.67999267578125,131.00999450683594,133.9600067138672,121.25157928466797,9108400,0.0,0.0
2016-03-21 00:00:00-04:00,133.4600067138672,136.77999877929688,133.38999938964844,135.86000061035156,122.9713134765625,5671400,0.0,0.0
2016-03-22 00:00:00-04:00,135.13999938964844,136.10000610351562,134.77999877929688,135.1199951171875,122.30150604248047,4989000,0.0,0.0
2016-03-23 00:00:00-04:00,134.99000549316406,135.0,132.74000549316406,132.86000061035156,120.25591278076172,4361200,0.0,0.0
2016-03-24 00:00:00-04:00,131.61000061035156,132.22999572753906,130.02999877929688,132.1199951171875,119.58609771728516,4573100,0.0,0.0
2016-03-28 00:00:00-04:00,132.52999877929688,132.6199951171875,130.5500030517578,131.2899932861328,118.83484649658203,3352200,0.0,0.0
2016-03-29 00:00:00-04:00,129.8300018310547,130.92999267578125,128.17999267578125,130.8800048828125,118.4637680053711,4910200,0.0,0.0
2016-03-30 00:00:00-04:00,131.47999572753906,132.72999572753906,128.02000427246094,128.5800018310547,116.38196563720703,5949000,0.0,0.0
2016-03-31 00:00:00-04:00,128.08999633789062,128.3800048828125,125.25,126.94000244140625,114.89752197265625,8758300,0.0,0.0
2016-04-01 00:00:00-04:00,126.2300033569336,127.08999633789062,125.11000061035156,126.95999908447266,114.9156265258789,5328000,0.0,0.0
2016-04-04 00:00:00-04:00,126.54000091552734,127.97000122070312,125.87999725341797,126.33999633789062,114.35446166992188,5036500,0.0,0.0
2016-04-05 00:00:00-04:00,126.1500015258789,128.58999633789062,125.58000183105469,127.02999877929688,114.97901153564453,4660100,0.0,0.0
2016-04-06 00:00:00-04:00,127.16000366210938,128.0399932861328,125.75,127.93000030517578,115.7936019897461,3998000,0.0,0.0
2016-04-07 00:00:00-04:00,127.0,128.94000244140625,126.55999755859375,127.0,114.95182800292969,4596300,0.0,0.0
2016-04-08 00:00:00-04:00,128.0399932861328,130.02000427246094,127.61000061035156,127.87999725341797,115.74835968017578,3939800,0.0,0.0
2016-04-11 00:00:00-04:00,128.25,129.89999389648438,127.68000030517578,127.91000366210938,115.77550506591797,3611700,0.0,0.0
2016-04-12 00:00:00-04:00,127.62000274658203,130.3800048828125,126.68000030517578,129.47000122070312,117.18750762939453,4239200,0.0,0.0
2016-04-13 00:00:00-04:00,130.49000549316406,131.5,129.80999755859375,131.13999938964844,118.69906616210938,3514800,0.0,0.0
2016-04-14 00:00:00-04:00,131.5,131.9499969482422,130.52999877929688,130.85000610351562,118.43660736083984,4527600,0.0,0.0
2016-04-15 00:00:00-04:00,130.9499969482422,131.60000610351562,130.67999267578125,131.1300048828125,118.69007110595703,5008700,0.0,0.0
2016-04-18 00:00:00-04:00,131.1300048828125,132.25,130.32000732421875,131.97000122070312,119.45034790039062,3056000,0.0,0.0
2016-04-19 00:00:00-04:00,132.57000732421875,133.85000610351562,132.2100067138672,132.67999267578125,120.09300231933594,2931000,0.0,0.0
2016-04-20 00:00:00-04:00,128.5500030517578,131.36000061035156,128.49000549316406,130.57000732421875,118.18315887451172,6799000,0.0,0.0
2016-04-21 00:00:00-04:00,130.97999572753906,132.63999938964844,130.3000030517578,130.74000549316406,118.33705139160156,4799600,0.0,0.0
2016-04-22 00:00:00-04:00,131.08999633789062,131.8300018310547,130.5,131.0500030517578,118.61763763427734,3858100,0.0,0.0
2016-04-25 00:00:00-04:00,130.4499969482422,131.0,129.30999755859375,130.75,118.34607696533203,4600100,0.0,0.0
2016-04-26 00:00:00-04:00,131.25,133.27000427246094,131.05999755859375,133.24000549316406,120.599853515625,6103400,0.0,0.0
2016-04-27 00:00:00-04:00,133.1999969482422,137.88999938964844,131.9499969482422,137.0800018310547,124.07556915283203,6930800,0.0,0.0
2016-04-28 00:00:00-04:00,136.2899932861328,137.72000122070312,134.5,134.8000030517578,122.01187896728516,4938800,0.0,0.0
2016-04-29 00:00:00-04:00,134.4199981689453,135.22999572753906,132.80999755859375,134.8000030517578,122.01187896728516,3716700,0.0,0.0
2016-05-02 00:00:00-04:00,134.3800048828125,135.0,133.22999572753906,134.00999450683594,121.29682159423828,3703800,0.0,0.0
2016-05-03 00:00:00-04:00,132.6999969482422,133.30999755859375,131.4600067138672,132.49000549316406,119.92101287841797,4028700,0.0,0.0
2016-05-04 00:00:00-04:00,131.58999633789062,132.30999755859375,130.52999877929688,130.88999938964844,118.4728012084961,3340500,0.0,0.0
2016-05-05 00:00:00-04:00,131.72999572753906,132.63999938964844,131.1199951171875,132.0800018310547,119.5499038696289,4199200,0.0,0.0
2016-05-06 00:00:00-04:00,132.11000061035156,133.6300048828125,131.75999450683594,133.25999450683594,120.61798858642578,2466000,0.0,0.0
2016-05-09 00:00:00-04:00,132.8000030517578,133.80999755859375,131.82000732421875,132.10000610351562,119.5680160522461,3431100,0.0,0.0
2016-05-10 00:00:00-04:00,133.17999267578125,135.24000549316406,132.7899932861328,134.72000122070312,121.9394760131836,3382700,0.0,0.0
2016-05-11 00:00:00-04:00,133.80999755859375,134.99000549316406,132.94000244140625,133.0,121.36457824707031,3284100,1.09,0.0
2016-05-12 00:00:00-04:00,133.49000549316406,135.0399932861328,133.49000549316406,134.4199981689453,122.66034698486328,4591300,0.0,0.0
2016-05-13 00:00:00-04:00,133.74000549316406,134.94000244140625,131.91000366210938,132.1199951171875,120.56153869628906,3965900,0.0,0.0
2016-05-16 00:00:00-04:00,131.6300048828125,134.41000366210938,131.5500030517578,134.13999938964844,122.40485382080078,3165400,0.0,0.0
2016-05-17 00:00:00-04:00,133.6199951171875,134.49000549316406,131.9600067138672,132.55999755859375,120.96305847167969,4032000,0.0,0.0
2016-05-18 00:00:00-04:00,132.4499969482422,133.17999267578125,130.33999633789062,130.99000549316406,119.5304183959961,4060400,0.0,0.0
2016-05-19 00:00:00-04:00,130.24000549316406,130.42999267578125,127.08999633789062,128.0800018310547,116.87501525878906,5061600,0.0,0.0
2016-05-20 00:00:00-04:00,129.1300048828125,129.25,127.20999908447266,127.38999938964844,116.245361328125,3297700,0.0,0.0
2016-05-23 00:00:00-04:00,127.4000015258789,128.41000366210938,125.87999725341797,127.58000183105469,116.41873931884766,3977700,0.0,0.0
2016-05-24 00:00:00-04:00,127.76000213623047,128.80999755859375,126.31999969482422,127.5,116.34573364257812,5102400,0.0,0.0
2016-05-25 00:00:00-04:00,128.0,129.77999877929688,127.37000274658203,128.86000061035156,117.58675384521484,4656700,0.0,0.0
2016-05-26 00:00:00-04:00,128.47999572753906,129.89999389648438,128.32000732421875,129.30999755859375,117.99739837646484,2586300,0.0,0.0
2016-05-27 00:00:00-04:00,128.9600067138672,129.6999969482422,128.8300018310547,129.22000122070312,117.9152603149414,3043700,0.0,0.0
2016-05-31 00:00:00-04:00,129.8800048828125,129.97999572753906,126.04000091552734,126.1500015258789,115.11385345458984,6894400,0.0,0.0
2016-06-01 00:00:00-04:00,126.0,126.5,124.77999877929688,126.41000366210938,115.35111236572266,4679600,0.0,0.0
2016-06-02 00:00:00-04:00,126.6500015258789,127.02999877929688,125.31999969482422,126.8499984741211,115.75259399414062,4802100,0.0,0.0
2016-06-03 00:00:00-04:00,126.41999816894531,127.58000183105469,125.94999694824219,127.37999725341797,116.23623657226562,5485600,0.0,0.0
2016-06-06 00:00:00-04:00,127.5999984741211,132.0800018310547,127.44999694824219,131.89999389648438,120.36077880859375,6996200,0.0,0.0
2016-06-07 00:00:00-04:00,132.41000366210938,133.38999938964844,131.82000732421875,131.92999267578125,120.38818359375,4424000,0.0,0.0
2016-06-08 00:00:00-04:00,132.52000427246094,133.52999877929688,132.0399932861328,133.0,121.36457824707031,3883700,0.0,0.0
2016-06-09 00:00:00-04:00,132.10000610351562,133.82000732421875,131.9199981689453,133.10000610351562,121.45581817626953,3811200,0.0,0.0
2016-06-10 00:00:00-04:00,131.75999450683594,132.1199951171875,130.3699951171875,131.13999938964844,119.66728210449219,3828600,0.0,0.0
2016-06-13 00:00:00-04:00,130.7899932861328,131.50999450683594,129.8800048828125,129.9199981689453,118.55402374267578,3645000,0.0,0.0
2016-06-14 00:00:00-04:00,129.6300048828125,130.60000610351562,128.5,130.5,119.08329010009766,3717000,0.0,0.0
2016-06-15 00:00:00-04:00,130.8800048828125,131.75999450683594,129.97000122070312,130.16000366210938,118.77302551269531,3324800,0.0,0.0
2016-06-16 00:00:00-04:00,129.32000732421875,129.88999938964844,126.9000015258789,129.3699951171875,118.05213928222656,4066100,0.0,0.0
2016-06-17 00:00:00-04:00,129.8300018310547,129.99000549316406,128.80999755859375,129.82000732421875,118.46279907226562,6739600,0.0,0.0
2016-06-20 00:00:00-04:00,131.36000061035156,133.89999389648438,131.2100067138672,132.75,121.13643646240234,4331900,0.0,0.0
2016-06-21 00:00:00-04:00,133.19000244140625,133.27999877929688,131.49000549316406,131.52000427246094,120.01406860351562,2841100,0.0,0.0
2016-06-22 00:00:00-04:00,132.10000610351562,133.16000366210938,131.5800018310547,131.77000427246094,120.2421875,2640800,0.0,0.0
2016-06-23 00:00:00-04:00,133.91000366210938,134.5500030517578,132.72999572753906,133.5500030517578,121.8664779663086,4113900,0.0,0.0
2016-06-24 00:00:00-04:00,128.13999938964844,129.38999938964844,126.20999908447266,126.5199966430664,115.45147705078125,9707300,0.0,0.0
2016-06-27 00:00:00-04:00,125.68000030517578,125.75,122.3499984741211,122.69999694824219,111.96565246582031,6169000,0.0,0.0
2016-06-28 00:00:00-04:00,124.5,124.76000213623047,122.69999694824219,123.88999938964844,113.05157470703125,4438100,0.0,0.0
2016-06-29 00:00:00-04:00,125.48999786376953,127.31999969482422,124.16000366210938,126.98999786376953,115.88035583496094,4916700,0.0,0.0
2016-06-30 00:00:00-04:00,127.08000183105469,129.8699951171875,127.08000183105469,129.8699951171875,118.50839233398438,4110800,0.0,0.0
2016-07-01 00:00:00-04:00,129.5399932861328,130.33999633789062,129.16000366210938,129.69000244140625,118.34415435791016,3247900,0.0,0.0
2016-07-05 00:00:00-04:00,128.42999267578125,129.0,126.62999725341797,126.97000122070312,115.86209869384766,4829400,0.0,0.0
2016-07-06 00:00:00-04:00,127.25,127.30999755859375,123.95999908447266,126.95999908447266,115.85297393798828,3981700,0.0,0.0
2016-07-07 00:00:00-04:00,126.91999816894531,128.1699981689453,126.26000213623047,127.16999816894531,116.04462432861328,3049400,0.0,0.0
2016-07-08 00:00:00-04:00,128.60000610351562,130.4600067138672,127.66000366210938,130.08999633789062,118.70915222167969,3597800,0.0,0.0
2016-07-11 00:00:00-04:00,130.83999633789062,133.25,130.8000030517578,132.0399932861328,120.48855590820312,3929900,0.0,0.0
2016-07-12 00:00:00-04:00,132.8000030517578,133.0,130.3300018310547,130.80999755859375,119.36614227294922,4318400,0.0,0.0
2016-07-13 00:00:00-04:00,131.27999877929688,131.38999938964844,129.3699951171875,130.11000061035156,118.72740936279297,3061400,0.0,0.0
2016-07-14 00:00:00-04:00,131.6300048828125,131.9199981689453,130.1999969482422,131.5500030517578,120.04143524169922,3984100,0.0,0.0
2016-07-15 00:00:00-04:00,131.8000030517578,132.75,131.4499969482422,132.38999938964844,120.80792999267578,2944900,0.0,0.0
2016-07-18 00:00:00-04:00,132.3800048828125,133.88999938964844,131.9499969482422,133.42999267578125,121.75694274902344,3338400,0.0,0.0
2016-07-19 00:00:00-04:00,132.91000366210938,135.6699981689453,132.8300018310547,134.66000366210938,122.87935638427734,3390000,0.0,0.0
2016-07-20 00:00:00-04:00,134.5500030517578,135.17999267578125,134.0399932861328,134.72000122070312,122.93411254882812,2669400,0.0,0.0
2016-07-21 00:00:00-04:00,134.75999450683594,134.97999572753906,133.02999877929688,133.52999877929688,121.84821319580078,2814100,0.0,0.0
2016-07-22 00:00:00-04:00,131.75,133.49000549316406,130.57000732421875,133.47000122070312,121.79346466064453,4844900,0.0,0.0
2016-07-25 00:00:00-04:00,133.17999267578125,133.3000030517578,132.3800048828125,132.94000244140625,121.30985260009766,3078600,0.0,0.0
2016-07-26 00:00:00-04:00,132.89999389648438,134.97000122070312,132.50999450683594,134.85000610351562,123.05270385742188,4667300,0.0,0.0
2016-07-27 00:00:00-04:00,136.13999938964844,139.4499969482422,135.7100067138672,135.9600067138672,124.06563568115234,5661700,0.0,0.0
2016-07-28 00:00:00-04:00,135.39999389648438,135.86000061035156,132.5500030517578,133.00999450683594,121.37370300292969,5142400,0.0,0.0
2016-07-29 00:00:00-04:00,133.0500030517578,133.8000030517578,132.3000030517578,133.66000366210938,121.96685791015625,3559100,0.0,0.0
2016-08-01 00:00:00-04:00,133.2100067138672,134.22999572753906,132.6999969482422,133.2100067138672,121.55620574951172,3067300,0.0,0.0
2016-08-02 00:00:00-04:00,132.9499969482422,133.39999389648438,131.35000610351562,131.60000610351562,120.08708190917969,3156800,0.0,0.0
2016-08-03 00:00:00-04:00,131.77000427246094,132.4499969482422,131.6199951171875,131.8699951171875,120.33344268798828,2359300,0.0,0.0
2016-08-04 00:00:00-04:00,132.0,132.5500030517578,130.9600067138672,131.2100067138672,119.73117065429688,3008500,0.0,0.0
2016-08-05 00:00:00-04:00,132.2100067138672,132.44000244140625,131.00999450683594,131.72999572753906,120.2056655883789,3119500,0.0,0.0
2016-08-08 00:00:00-04:00,132.13999938964844,132.9499969482422,131.75,132.19000244140625,120.62545776367188,2443800,0.0,0.0
2016-08-09 00:00:00-04:00,132.72999572753906,132.99000549316406,132.22999572753906,132.6199951171875,121.01782989501953,3013900,0.0,0.0
2016-08-10 00:00:00-04:00,132.10000610351562,133.52999877929688,131.7100067138672,132.27999877929688,121.70787811279297,2642200,1.09,0.0
2016-08-11 00:00:00-04:00,132.85000610351562,133.55999755859375,132.3000030517578,133.0,122.37033081054688,2275700,0.0,0.0
2016-08-12 00:00:00-04:00,132.89999389648438,133.77999877929688,132.6300048828125,133.10000610351562,122.46232604980469,2522600,0.0,0.0
2016-08-15 00:00:00-04:00,133.6999969482422,135.0,133.5500030517578,134.66000366210938,123.89767456054688,2812600,0.0,0.0
2016-08-16 00:00:00-04:00,134.14999389648438,135.2100067138672,133.39999389648438,135.0,124.21049499511719,2759200,0.0,0.0
2016-08-17 00:00:00-04:00,134.85000610351562,134.99000549316406,134.11000061035156,134.72000122070312,123.95288848876953,2854600,0.0,0.0
2016-08-18 00:00:00-04:00,134.72000122070312,135.9600067138672,134.52999877929688,135.0,124.21049499511719,2030800,0.0,0.0
2016-08-19 00:00:00-04:00,134.5,135.0,133.83999633789062,134.44000244140625,123.69525146484375,1922600,0.0,0.0
2016-08-22 00:00:00-04:00,134.3000030517578,135.6699981689453,133.83999633789062,134.99000549316406,124.20130157470703,2520500,0.0,0.0
2016-08-23 00:00:00-04:00,135.32000732421875,136.3699951171875,133.63999938964844,134.13999938964844,123.4192123413086,3481900,0.0,0.0
2016-08-24 00:00:00-04:00,134.00999450683594,134.64999389648438,133.07000732421875,133.2899932861328,122.63714599609375,2135900,0.0,0.0
2016-08-25 00:00:00-04:00,133.3000030517578,133.3000030517578,132.4199981689453,132.97999572753906,122.35194396972656,1921400,0.0,0.0
2016-08-26 00:00:00-04:00,133.5,134.0800018310547,131.82000732421875,132.22999572753906,121.66188049316406,1973700,0.0,0.0
2016-08-29 00:00:00-04:00,132.72000122070312,133.5800018310547,132.32000732421875,132.89999389648438,122.2783432006836,2380000,0.0,0.0
2016-08-30 00:00:00-04:00,133.19000244140625,133.44000244140625,130.67999267578125,130.80999755859375,120.35535430908203,3437300,0.0,0.0
2016-08-31 00:00:00-04:00,130.8300018310547,130.8300018310547,129.13999938964844,129.4499969482422,119.10406494140625,3639200,0.0,0.0
2016-09-01 00:00:00-04:00,130.02999877929688,130.02999877929688,128.36000061035156,129.89999389648438,119.51810455322266,2807200,0.0,0.0
2016-09-02 00:00:00-04:00,130.88999938964844,131.9600067138672,130.5800018310547,131.16000366210938,120.6773910522461,2631000,0.0,0.0
2016-09-06 00:00:00-04:00,131.6300048828125,132.99000549316406,131.27000427246094,132.99000549316406,122.36112976074219,4151800,0.0,0.0
2016-09-07 00:00:00-04:00,132.47999572753906,133.0800018310547,132.0,132.63999938964844,122.03911590576172,2198700,0.0,0.0
2016-09-08 00:00:00-04:00,132.32000732421875,132.91000366210938,131.50999450683594,132.89999389648438,122.2783432006836,2618300,0.0,0.0
2016-09-09 00:00:00-04:00,131.94000244140625,131.94000244140625,128.52000427246094,128.52999877929688,118.25758361816406,4892900,0.0,0.0
2016-09-12 00:00:00-04:00,126.87999725341797,130.67999267578125,126.30999755859375,130.1199951171875,119.72051239013672,6381100,0.0,0.0
2016-09-13 00:00:00-04:00,129.22000122070312,130.02000427246094,128.25999450683594,128.75999450683594,118.46919250488281,4552400,0.0,0.0
2016-09-14 00:00:00-04:00,128.91000366210938,129.30999755859375,127.33999633789062,127.66999816894531,117.46631622314453,3955400,0.0,0.0
2016-09-15 00:00:00-04:00,127.56999969482422,128.4600067138672,126.94000244140625,127.7699966430664,117.55833435058594,3462400,0.0,0.0
2016-09-16 00:00:00-04:00,127.70999908447266,127.70999908447266,126.33999633789062,126.69999694824219,116.57384490966797,8035600,0.0,0.0
2016-09-19 00:00:00-04:00,127.5,128.3000030517578,127.2699966430664,127.4800033569336,117.29151153564453,3168100,0.0,0.0
2016-09-20 00:00:00-04:00,127.94999694824219,128.5,127.56999969482422,127.79000091552734,117.57674407958984,2639300,0.0,0.0
2016-09-21 00:00:00-04:00,128.17999267578125,130.6300048828125,128.17999267578125,130.55999755859375,120.1253433227539,3227800,0.0,0.0
2016-09-22 00:00:00-04:00,131.4499969482422,132.47999572753906,131.1699981689453,131.8699951171875,121.33063507080078,3253100,0.0,0.0
2016-09-23 00:00:00-04:00,131.25,132.2899932861328,131.00999450683594,131.77999877929688,121.24784851074219,2330700,0.0,0.0
2016-09-26 00:00:00-04:00,131.07000732421875,131.5800018310547,130.42999267578125,130.57000732421875,120.13455200195312,2219900,0.0,0.0
2016-09-27 00:00:00-04:00,130.2899932861328,131.74000549316406,129.86000061035156,131.32000732421875,120.82462310791016,1939000,0.0,0.0
2016-09-28 00:00:00-04:00,131.58999633789062,132.36000061035156,130.58999633789062,132.22999572753906,121.66188049316406,1773000,0.0,0.0
2016-09-29 00:00:00-04:00,131.8000030517578,132.77999877929688,130.67999267578125,131.02999877929688,120.55777740478516,2199400,0.0,0.0
2016-09-30 00:00:00-04:00,132.08999633789062,132.6300048828125,131.27000427246094,131.74000549316406,121.21104431152344,3118900,0.0,0.0
2016-10-03 00:00:00-04:00,131.27999877929688,132.72000122070312,130.74000549316406,132.3800048828125,121.79987335205078,2439400,0.0,0.0
2016-10-04 00:00:00-04:00,132.77000427246094,133.22999572753906,131.69000244140625,132.25,121.68026733398438,2829200,0.0,0.0
2016-10-05 00:00:00-04:00,132.92999267578125,134.89999389648438,132.5500030517578,134.66000366210938,123.89767456054688,3137500,0.0,0.0
2016-10-06 00:00:00-04:00,134.8300018310547,135.0,133.67999267578125,134.4199981689453,123.67683410644531,3614900,0.0,0.0
2016-10-07 00:00:00-04:00,133.92999267578125,134.66000366210938,132.5399932861328,133.85000610351562,123.15241241455078,4302000,0.0,0.0
2016-10-10 00:00:00-04:00,134.58999633789062,136.8699951171875,134.58999633789062,135.83999633789062,124.98334503173828,3343300,0.0,0.0
2016-10-11 00:00:00-04:00,134.94000244140625,135.69000244140625,133.27000427246094,133.74000549316406,123.05120086669922,3607300,0.0,0.0
2016-10-12 00:00:00-04:00,133.75999450683594,134.27999877929688,133.0,133.16000366210938,122.5175552368164,2264200,0.0,0.0
2016-10-13 00:00:00-04:00,132.4199981689453,133.92999267578125,131.38999938964844,133.3800048828125,122.719970703125,3544200,0.0,0.0
2016-10-14 00:00:00-04:00,134.55999755859375,135.25,133.47999572753906,133.5,122.83039093017578,2317400,0.0,0.0
2016-10-17 00:00:00-04:00,133.5,135.3800048828125,133.3300018310547,134.0,123.2904052734375,2435100,0.0,0.0
2016-10-18 00:00:00-04:00,135.02999877929688,135.74000549316406,134.9199981689453,135.10000610351562,124.30252075195312,2271000,0.0,0.0
2016-10-19 00:00:00-04:00,135.4199981689453,136.9499969482422,135.3300018310547,136.17999267578125,125.29617309570312,2265900,0.0,0.0
2016-10-20 00:00:00-04:00,135.9199981689453,136.75,135.3699951171875,135.83999633789062,124.98334503173828,2539700,0.0,0.0
2016-10-21 00:00:00-04:00,134.72000122070312,136.19000244140625,134.25,135.6300048828125,124.7901382446289,2205000,0.0,0.0
2016-10-24 00:00:00-04:00,136.41000366210938,138.8800048828125,136.41000366210938,137.4499969482422,126.46464538574219,3814200,0.0,0.0
2016-10-25 00:00:00-04:00,137.52999877929688,139.4199981689453,137.35000610351562,139.02000427246094,127.90921020507812,5209100,0.0,0.0
2016-10-26 00:00:00-04:00,138.42999267578125,146.19000244140625,136.72000122070312,145.5399932861328,133.90811157226562,13272000,0.0,0.0
2016-10-27 00:00:00-04:00,145.8300018310547,146.22999572753906,141.77999877929688,143.30999755859375,131.85635375976562,7857100,0.0,0.0
2016-10-28 00:00:00-04:00,143.72000122070312,144.0,142.1699981689453,143.00999450683594,131.58030700683594,4636100,0.0,0.0
2016-10-31 00:00:00-04:00,143.0500030517578,143.35000610351562,142.14999389648438,142.42999267578125,131.04664611816406,3075900,0.0,0.0
2016-11-01 00:00:00-04:00,142.9499969482422,143.89999389648438,141.80999755859375,142.41000366210938,131.02825927734375,3245000,0.0,0.0
2016-11-02 00:00:00-04:00,142.0,142.8699951171875,140.58999633789062,140.75,129.5009307861328,2782100,0.0,0.0
2016-11-03 00:00:00-04:00,140.75999450683594,140.89999389648438,139.35000610351562,140.02000427246094,128.82928466796875,2280800,0.0,0.0
2016-11-04 00:00:00-04:00,139.11000061035156,140.85000610351562,138.8000030517578,139.5399932861328,128.38763427734375,2951500,0.0,0.0
2016-11-07 00:00:00-05:00,141.5,143.10000610351562,141.49000549316406,143.02999877929688,131.59872436523438,3228200,0.0,0.0
2016-11-08 00:00:00-05:00,141.9199981689453,143.30999755859375,141.2899932861328,142.1999969482422,131.83975219726562,2823800,1.09,0.0
2016-11-09 00:00:00-05:00,141.60000610351562,145.85000610351562,141.5399932861328,145.08999633789062,134.51918029785156,5494400,0.0,0.0
2016-11-10 00:00:00-05:00,146.50999450683594,149.33999633789062,146.38999938964844,147.69000244140625,136.92977905273438,6508300,0.0,0.0
2016-11-11 00:00:00-05:00,147.1199951171875,148.60000610351562,146.55999755859375,148.52000427246094,137.69931030273438,3585200,0.0,0.0
2016-11-14 00:00:00-05:00,148.2100067138672,150.08999633789062,148.2100067138672,149.99000549316406,139.06222534179688,4490900,0.0,0.0
2016-11-15 00:00:00-05:00,148.44000244140625,149.4499969482422,147.19000244140625,148.11000061035156,137.3191680908203,3856600,0.0,0.0
2016-11-16 00:00:00-05:00,147.3000030517578,148.41000366210938,146.13999938964844,146.44000244140625,135.77085876464844,3559700,0.0,0.0
2016-11-17 00:00:00-05:00,146.8300018310547,147.1199951171875,145.0,145.3300018310547,134.74172973632812,3656100,0.0,0.0
2016-11-18 00:00:00-05:00,145.17999267578125,146.60000610351562,144.4600067138672,146.35000610351562,135.6874237060547,2214400,0.0,0.0
2016-11-21 00:00:00-05:00,147.2100067138672,148.49000549316406,146.52000427246094,147.02000427246094,136.3086395263672,2825900,0.0,0.0
2016-11-22 00:00:00-05:00,147.89999389648438,149.75999450683594,147.8800048828125,149.52000427246094,138.62644958496094,3770000,0.0,0.0
2016-11-23 00:00:00-05:00,149.61000061035156,150.80999755859375,149.02999877929688,149.74000549316406,138.83042907714844,2857500,0.0,0.0
2016-11-25 00:00:00-05:00,150.0,150.14999389648438,149.02999877929688,150.0399932861328,139.10858154296875,962300,0.0,0.0
2016-11-28 00:00:00-05:00,149.0,150.08999633789062,148.32000732421875,149.77000427246094,138.8582763671875,4728800,0.0,0.0
2016-11-29 00:00:00-05:00,149.8300018310547,152.11000061035156,149.11000061035156,151.63999938964844,140.59201049804688,3945600,0.0,0.0
2016-11-30 00:00:00-05:00,151.58999633789062,153.0800018310547,150.55999755859375,150.55999755859375,139.59068298339844,3991000,0.0,0.0
2016-12-01 00:00:00-05:00,150.74000549316406,152.69000244140625,150.38999938964844,152.38999938964844,141.28738403320312,2843900,0.0,0.0
2016-12-02 00:00:00-05:00,152.4499969482422,152.49000549316406,151.1199951171875,152.25,141.15753173828125,2105600,0.0,0.0
2016-12-05 00:00:00-05:00,153.24000549316406,153.75,151.85000610351562,152.16000366210938,141.07411193847656,2855900,0.0,0.0
2016-12-06 00:00:00-05:00,150.83999633789062,152.63999938964844,150.02000427246094,152.24000549316406,141.14828491210938,3476300,0.0,0.0
2016-12-07 00:00:00-05:00,151.6699981689453,154.30999755859375,151.07000732421875,154.13999938964844,142.9098663330078,2955800,0.0,0.0
2016-12-08 00:00:00-05:00,154.60000610351562,155.97000122070312,154.13999938964844,155.38999938964844,144.06878662109375,2928400,0.0,0.0
2016-12-09 00:00:00-05:00,155.64999389648438,156.8800048828125,155.4199981689453,156.49000549316406,145.08865356445312,2707900,0.0,0.0
2016-12-12 00:00:00-05:00,156.0,158.0,154.3000030517578,157.16000366210938,145.70985412597656,4250600,0.0,0.0
2016-12-13 00:00:00-05:00,159.10000610351562,160.07000732421875,154.8800048828125,156.66000366210938,145.2462615966797,5650400,0.0,0.0
2016-12-14 00:00:00-05:00,156.22999572753906,156.3699951171875,154.17999267578125,154.47000122070312,143.2158203125,3640200,0.0,0.0
2016-12-15 00:00:00-05:00,153.92999267578125,155.24000549316406,153.05999755859375,153.77000427246094,142.56683349609375,2889300,0.0,0.0
2016-12-16 00:00:00-05:00,153.8800048828125,156.0,153.13999938964844,154.5,143.2436065673828,5888300,0.0,0.0
2016-12-19 00:00:00-05:00,155.16000366210938,157.10000610351562,155.07000732421875,156.17999267578125,144.80123901367188,3002800,0.0,0.0
2016-12-20 00:00:00-05:00,156.9600067138672,157.88999938964844,155.9499969482422,156.38999938964844,144.9959259033203,2270100,0.0,0.0
2016-12-21 00:00:00-05:00,156.69000244140625,158.5,156.64999389648438,157.47999572753906,146.00653076171875,2326000,0.0,0.0
2016-12-22 00:00:00-05:00,158.5,158.99000549316406,156.25,157.4600067138672,145.98797607421875,3958500,0.0,0.0
2016-12-23 00:00:00-05:00,158.27000427246094,158.27000427246094,156.50999450683594,157.80999755859375,146.31246948242188,2135800,0.0,0.0
2016-12-27 00:00:00-05:00,158.41000366210938,158.47999572753906,156.91000366210938,157.47999572753906,146.00653076171875,1858700,0.0,0.0
2016-12-28 00:00:00-05:00,157.1199951171875,157.35000610351562,156.00999450683594,156.10000610351562,144.72708129882812,1810400,0.0,0.0
2016-12-29 00:00:00-05:00,156.0,156.75,155.16000366210938,155.69000244140625,144.346923828125,1804000,0.0,0.0
2016-12-30 00:00:00-05:00,156.49000549316406,156.7899932861328,154.9600067138672,155.67999267578125,144.337646484375,2027700,0.0,0.0
2017-01-03 00:00:00-05:00,156.3000030517578,157.13999938964844,155.2100067138672,156.97000122070312,145.53367614746094,3426100,0.0,0.0
2017-01-04 00:00:00-05:00,157.80999755859375,159.22999572753906,157.80999755859375,158.6199951171875,147.06346130371094,3189800,0.0,0.0
2017-01-05 00:00:00-05:00,158.41000366210938,159.6999969482422,157.39999389648438,158.7100067138672,147.14694213867188,2796000,0.0,0.0
2017-01-06 00:00:00-05:00,158.97999572753906,159.66000366210938,157.88999938964844,159.10000610351562,147.50852966308594,2426000,0.0,0.0
2017-01-09 00:00:00-05:00,159.0,159.24000549316406,158.1699981689453,158.32000732421875,146.78533935546875,2839400,0.0,0.0
2017-01-10 00:00:00-05:00,158.9600067138672,159.94000244140625,158.57000732421875,159.07000732421875,147.4806671142578,2988300,0.0,0.0
2017-01-11 00:00:00-05:00,159.5399932861328,159.6999969482422,158.27999877929688,159.39999389648438,147.78662109375,2416500,0.0,0.0
2017-01-12 00:00:00-05:00,159.14999389648438,159.16000366210938,156.6699981689453,158.2899932861328,146.75750732421875,3020500,0.0,0.0
2017-01-13 00:00:00-05:00,158.74000549316406,159.5800018310547,158.33999633789062,158.8300018310547,147.25814819335938,2435400,0.0,0.0
2017-01-17 00:00:00-05:00,158.1999969482422,159.0399932861328,157.22999572753906,157.6699981689453,146.18264770507812,2758800,0.0,0.0
2017-01-18 00:00:00-05:00,157.5500030517578,159.0500030517578,156.75,158.32000732421875,146.78533935546875,2087000,0.0,0.0
2017-01-19 00:00:00-05:00,158.8699951171875,159.8699951171875,157.91000366210938,159.0,147.41578674316406,3144000,0.0,0.0
2017-01-20 00:00:00-05:00,159.80999755859375,160.3000030517578,158.22999572753906,159.52999877929688,147.9071502685547,3384500,0.0,0.0
2017-01-23 00:00:00-05:00,158.94000244140625,159.5,157.2899932861328,157.83999633789062,146.3402862548828,3931200,0.0,0.0
2017-01-24 00:00:00-05:00,158.5800018310547,160.92999267578125,157.83999633789062,160.5500030517578,148.8528289794922,3927500,0.0,0.0
2017-01-25 00:00:00-05:00,163.58999633789062,168.64999389648438,163.24000549316406,167.36000061035156,155.16668701171875,7480000,0.0,0.0
2017-01-26 00:00:00-05:00,167.25,170.0,167.25,169.1199951171875,156.7984619140625,5436800,0.0,0.0
2017-01-27 00:00:00-05:00,169.2100067138672,169.8000030517578,167.00999450683594,167.6999969482422,155.48190307617188,4883200,0.0,0.0
2017-01-30 00:00:00-05:00,165.9199981689453,165.99000549316406,163.82000732421875,165.57000732421875,153.5071258544922,5456300,0.0,0.0
2017-01-31 00:00:00-05:00,164.9600067138672,165.10000610351562,163.22000122070312,163.4199981689453,151.5137176513672,5350700,0.0,0.0
2017-02-01 00:00:00-05:00,164.25,165.80999755859375,163.1199951171875,163.97000122070312,152.023681640625,3138000,0.0,0.0
2017-02-02 00:00:00-05:00,163.22000122070312,163.97000122070312,160.82000732421875,162.25999450683594,150.4382781982422,3791700,0.0,0.0
2017-02-03 00:00:00-05:00,162.99000549316406,163.55999755859375,162.30999755859375,162.39999389648438,150.5680389404297,2981700,0.0,0.0
2017-02-06 00:00:00-05:00,162.4199981689453,164.0800018310547,162.3800048828125,163.97999572753906,152.03292846679688,3110500,0.0,0.0
2017-02-07 00:00:00-05:00,165.0,167.4199981689453,164.8699951171875,166.5,154.36932373046875,4243200,0.0,0.0
2017-02-08 00:00:00-05:00,165.0,165.24000549316406,163.69000244140625,163.80999755859375,153.18173217773438,3041600,1.42,0.0
2017-02-09 00:00:00-05:00,164.6699981689453,165.08999633789062,164.05999755859375,164.27999877929688,153.6212615966797,3451100,0.0,0.0
2017-02-10 00:00:00-05:00,165.25,166.4499969482422,164.47000122070312,166.22999572753906,155.44473266601562,2689700,0.0,0.0
2017-02-13 00:00:00-05:00,166.4499969482422,169.07000732421875,166.35000610351562,168.02999877929688,157.12794494628906,3765000,0.0,0.0
2017-02-14 00:00:00-05:00,167.6999969482422,168.8000030517578,167.22000122070312,168.5,157.56744384765625,2580300,0.0,0.0
2017-02-15 00:00:00-05:00,168.4199981689453,169.9499969482422,168.35000610351562,169.3000030517578,158.3155517578125,4033200,0.0,0.0
2017-02-16 00:00:00-05:00,169.74000549316406,170.80999755859375,168.75,170.80999755859375,159.72760009765625,3070100,0.0,0.0
2017-02-17 00:00:00-05:00,170.41000366210938,173.25,170.39999389648438,172.7100067138672,161.50430297851562,4982900,0.0,0.0
2017-02-21 00:00:00-05:00,173.9199981689453,176.1699981689453,173.67999267578125,175.55999755859375,164.1693878173828,4231700,0.0,0.0
2017-02-22 00:00:00-05:00,174.97999572753906,175.75,174.00999450683594,175.36000061035156,163.9823760986328,2832100,0.0,0.0
2017-02-23 00:00:00-05:00,175.97000122070312,177.0,175.6999969482422,176.86000061035156,165.3850555419922,3502600,0.0,0.0
2017-02-24 00:00:00-05:00,176.75,178.8000030517578,176.10000610351562,177.44000244140625,165.92742919921875,4197200,0.0,0.0
2017-02-27 00:00:00-05:00,178.0,179.8800048828125,177.5500030517578,179.42999267578125,167.78829956054688,2892600,0.0,0.0
2017-02-28 00:00:00-05:00,180.33999633789062,181.92999267578125,179.6699981689453,180.22999572753906,168.53639221191406,4785100,0.0,0.0
2017-03-01 00:00:00-05:00,181.85000610351562,184.8000030517578,181.82000732421875,183.91000366210938,171.97763061523438,5461800,0.0,0.0
2017-03-02 00:00:00-05:00,184.0,185.7100067138672,182.97000122070312,182.99000549316406,171.11734008789062,4909000,0.0,0.0
2017-03-03 00:00:00-05:00,182.99000549316406,183.5800018310547,181.4499969482422,182.17999267578125,170.35986328125,3917500,0.0,0.0
2017-03-06 00:00:00-05:00,181.39999389648438,182.3000030517578,180.42999267578125,180.92999267578125,169.19097900390625,4244000,0.0,0.0
2017-03-07 00:00:00-05:00,180.63999938964844,182.83999633789062,180.6199951171875,182.02000427246094,170.2102508544922,2452000,0.0,0.0
2017-03-08 00:00:00-05:00,182.39999389648438,182.69000244140625,181.49000549316406,181.74000549316406,169.9484100341797,2321700,0.0,0.0
2017-03-09 00:00:00-05:00,181.42999267578125,182.58999633789062,179.5800018310547,180.57000732421875,168.8543243408203,3100500,0.0,0.0
2017-03-10 00:00:00-05:00,181.89999389648438,181.97000122070312,177.9199981689453,178.6999969482422,167.10565185546875,4595600,0.0,0.0
2017-03-13 00:00:00-04:00,177.16000366210938,179.19000244140625,177.07000732421875,179.0500030517578,167.43295288085938,3499000,0.0,0.0
2017-03-14 00:00:00-04:00,178.5399932861328,179.69000244140625,177.7100067138672,178.72999572753906,167.13369750976562,2346700,0.0,0.0
2017-03-15 00:00:00-04:00,179.0,179.24000549316406,177.97000122070312,178.7100067138672,167.1150360107422,3569000,0.0,0.0
2017-03-16 00:00:00-04:00,179.82000732421875,180.0,177.63999938964844,178.19000244140625,166.62876892089844,3100700,0.0,0.0
2017-03-17 00:00:00-04:00,178.30999755859375,180.3800048828125,178.1699981689453,180.10000610351562,168.41481018066406,5037400,0.0,0.0
2017-03-20 00:00:00-04:00,180.10000610351562,180.14999389648438,179.13999938964844,179.38999938964844,167.75088500976562,2062200,0.0,0.0
2017-03-21 00:00:00-04:00,179.99000549316406,180.25,175.5,175.9600067138672,164.54344177246094,3239600,0.0,0.0
2017-03-22 00:00:00-04:00,175.9600067138672,177.10000610351562,175.5,176.97999572753906,165.49725341796875,2505700,0.0,0.0
2017-03-23 00:00:00-04:00,177.33999633789062,177.85000610351562,176.58999633789062,177.25999450683594,165.7590789794922,2006400,0.0,0.0
2017-03-24 00:00:00-04:00,176.85000610351562,177.52999877929688,174.77000427246094,175.82000732421875,164.41253662109375,2386800,0.0,0.0
2017-03-27 00:00:00-04:00,174.3699951171875,176.44000244140625,173.75,176.10000610351562,164.6743621826172,2750700,0.0,0.0
2017-03-28 00:00:00-04:00,176.2899932861328,177.67999267578125,175.0,177.36000061035156,165.8526153564453,2412600,0.0,0.0
2017-03-29 00:00:00-04:00,177.39999389648438,177.99000549316406,176.97000122070312,177.6300048828125,166.10511779785156,1640600,0.0,0.0
2017-03-30 00:00:00-04:00,177.25,178.49000549316406,177.22000122070312,177.97999572753906,166.43238830566406,1737200,0.0,0.0
2017-03-31 00:00:00-04:00,178.02000427246094,178.17999267578125,176.80999755859375,176.86000061035156,165.3850555419922,2032700,0.0,0.0
2017-04-03 00:00:00-04:00,177.0800018310547,177.72999572753906,175.5,176.64999389648438,165.18865966796875,2934800,0.0,0.0
2017-04-04 00:00:00-04:00,176.8800048828125,178.7899932861328,176.75999450683594,178.6999969482422,167.10565185546875,2326500,0.0,0.0
2017-04-05 00:00:00-04:00,179.0,180.17999267578125,176.88999938964844,177.0800018310547,165.5907745361328,2567200,0.0,0.0
2017-04-06 00:00:00-04:00,177.55999755859375,178.22000122070312,177.1199951171875,177.3699951171875,165.86196899414062,2343600,0.0,0.0
2017-04-07 00:00:00-04:00,178.38999938964844,179.08999633789062,177.25999450683594,178.85000610351562,167.24595642089844,2806900,0.0,0.0
2017-04-10 00:00:00-04:00,179.0,179.97000122070312,177.47999572753906,177.55999755859375,166.0396270751953,2309300,0.0,0.0
2017-04-11 00:00:00-04:00,177.5,178.60000610351562,176.9600067138672,178.57000732421875,166.98410034179688,2266300,0.0,0.0
2017-04-12 00:00:00-04:00,178.25,178.25,175.94000244140625,176.0500030517578,164.6276092529297,2922700,0.0,0.0
2017-04-13 00:00:00-04:00,175.74000549316406,176.8800048828125,175.55999755859375,175.6199951171875,164.2255096435547,2024100,0.0,0.0
2017-04-17 00:00:00-04:00,175.83999633789062,179.0800018310547,175.64999389648438,179.02000427246094,167.40489196777344,2450200,0.0,0.0
2017-04-18 00:00:00-04:00,178.58999633789062,179.97000122070312,177.1199951171875,177.85000610351562,166.31080627441406,2960200,0.0,0.0
2017-04-19 00:00:00-04:00,178.47000122070312,179.89999389648438,178.16000366210938,178.39999389648438,166.8251190185547,2124500,0.0,0.0
2017-04-20 00:00:00-04:00,178.74000549316406,179.82000732421875,178.35000610351562,179.3000030517578,167.66673278808594,2335200,0.0,0.0
2017-04-21 00:00:00-04:00,179.4199981689453,180.92999267578125,179.4199981689453,180.3800048828125,168.67665100097656,3146600,0.0,0.0
2017-04-24 00:00:00-04:00,181.75,182.4600067138672,181.61000061035156,182.05999755859375,170.24765014648438,3141900,0.0,0.0
2017-04-25 00:00:00-04:00,182.52999877929688,183.85000610351562,182.52999877929688,183.50999450683594,171.60357666015625,3735400,0.0,0.0
2017-04-26 00:00:00-04:00,182.30999755859375,183.0,180.11000061035156,181.7100067138672,169.92037963867188,4471600,0.0,0.0
2017-04-27 00:00:00-04:00,182.58999633789062,183.75999450683594,182.58999633789062,183.22000122070312,171.3323974609375,3129100,0.0,0.0
2017-04-28 00:00:00-04:00,183.4199981689453,184.92999267578125,183.02000427246094,184.8300018310547,172.83795166015625,2181600,0.0,0.0
2017-05-01 00:00:00-04:00,184.22999572753906,184.49000549316406,181.8000030517578,182.38999938964844,170.5562286376953,3516700,0.0,0.0
2017-05-02 00:00:00-04:00,182.5399932861328,183.91000366210938,182.52999877929688,183.44000244140625,171.53811645507812,1979800,0.0,0.0
2017-05-03 00:00:00-04:00,183.4499969482422,183.75,182.25,183.38999938964844,171.4913787841797,2983200,0.0,0.0
2017-05-04 00:00:00-04:00,183.3300018310547,184.25,182.17999267578125,183.07000732421875,171.19212341308594,2289300,0.0,0.0
2017-05-05 00:00:00-04:00,183.16000366210938,185.07000732421875,183.16000366210938,185.00999450683594,173.0062713623047,2636900,0.0,0.0
2017-05-08 00:00:00-04:00,185.3800048828125,186.38999938964844,185.0,186.02000427246094,173.95069885253906,1963400,0.0,0.0
2017-05-09 00:00:00-04:00,186.11000061035156,187.2100067138672,186.0500030517578,186.91000366210938,174.78297424316406,3004000,0.0,0.0
2017-05-10 00:00:00-04:00,185.13999938964844,185.64999389648438,178.17999267578125,183.17999267578125,172.60630798339844,7060100,1.42,0.0
2017-05-11 00:00:00-04:00,182.89999389648438,184.3300018310547,182.1699981689453,183.94000244140625,173.32247924804688,2883800,0.0,0.0
2017-05-12 00:00:00-04:00,183.7100067138672,183.97999572753906,182.6300048828125,183.25,172.67227172851562,3479200,0.0,0.0
2017-05-15 00:00:00-04:00,183.3000030517578,184.11000061035156,182.27999877929688,182.38999938964844,171.86192321777344,3365000,0.0,0.0
2017-05-16 00:00:00-04:00,182.72999572753906,183.14999389648438,182.0399932861328,182.6999969482422,172.15403747558594,2156100,0.0,0.0
2017-05-17 00:00:00-04:00,182.6999969482422,182.6999969482422,178.67999267578125,178.77999877929688,168.46031188964844,2535700,0.0,0.0
2017-05-18 00:00:00-04:00,178.47999572753906,178.5,175.47000122070312,177.39999389648438,167.15997314453125,3118100,0.0,0.0
2017-05-19 00:00:00-04:00,177.72999572753906,181.4199981689453,176.77000427246094,180.75999450683594,170.3260040283203,4038900,0.0,0.0
2017-05-22 00:00:00-04:00,183.77999877929688,185.32000732421875,182.52000427246094,183.6699981689453,173.0680389404297,2946800,0.0,0.0
2017-05-23 00:00:00-04:00,184.0,184.4600067138672,182.86000061035156,183.49000549316406,172.8984375,2123800,0.0,0.0
2017-05-24 00:00:00-04:00,183.4600067138672,185.39999389648438,183.4600067138672,185.25,174.5568389892578,2424700,0.0,0.0
2017-05-25 00:00:00-04:00,185.6300048828125,187.4199981689453,185.58999633789062,187.07000732421875,176.27182006835938,2363300,0.0,0.0
2017-05-26 00:00:00-04:00,186.72999572753906,187.61000061035156,186.27000427246094,186.58999633789062,175.8195037841797,1735800,0.0,0.0
2017-05-30 00:00:00-04:00,186.75999450683594,187.4199981689453,186.19000244140625,186.8800048828125,176.09274291992188,2231600,0.0,0.0
2017-05-31 00:00:00-04:00,187.3699951171875,188.25999450683594,186.72000122070312,187.6300048828125,176.79946899414062,5186700,0.0,0.0
2017-06-01 00:00:00-04:00,187.41000366210938,187.91000366210938,184.52999877929688,187.32000732421875,176.50735473632812,2870200,0.0,0.0
2017-06-02 00:00:00-04:00,187.82000732421875,191.6999969482422,187.64999389648438,190.22999572753906,179.24937438964844,3034300,0.0,0.0
2017-06-05 00:00:00-04:00,190.07000732421875,190.74000549316406,188.80999755859375,188.9499969482422,178.04327392578125,2522100,0.0,0.0
2017-06-06 00:00:00-04:00,188.41000366210938,188.86000061035156,186.69000244140625,186.75,175.97027587890625,2725000,0.0,0.0
2017-06-07 00:00:00-04:00,186.85000610351562,188.5399932861328,186.38999938964844,188.10000610351562,177.24234008789062,2383500,0.0,0.0
2017-06-08 00:00:00-04:00,188.10000610351562,191.07000732421875,187.6999969482422,189.92999267578125,178.96669006347656,2340300,0.0,0.0
2017-06-09 00:00:00-04:00,190.0,190.99000549316406,189.25,190.02999877929688,179.06089782714844,3344900,0.0,0.0
2017-06-12 00:00:00-04:00,190.3000030517578,190.52999877929688,188.0500030517578,190.0,179.0326690673828,2730100,0.0,0.0
2017-06-13 00:00:00-04:00,190.0500030517578,191.55999755859375,189.35000610351562,191.08999633789062,180.0597686767578,1882700,0.0,0.0
2017-06-14 00:00:00-04:00,191.0500030517578,193.3800048828125,190.82000732421875,192.3800048828125,181.27528381347656,2210000,0.0,0.0
2017-06-15 00:00:00-04:00,191.42999267578125,195.5500030517578,191.3699951171875,195.4499969482422,184.16806030273438,2894100,0.0,0.0
2017-06-16 00:00:00-04:00,196.00999450683594,197.9499969482422,195.80999755859375,196.44000244140625,185.1009063720703,6939100,0.0,0.0
2017-06-19 00:00:00-04:00,197.8800048828125,199.47000122070312,197.0,199.0800018310547,187.58853149414062,2726400,0.0,0.0
2017-06-20 00:00:00-04:00,198.75,201.24000549316406,198.30999755859375,198.3300018310547,186.88182067871094,3077400,0.0,0.0
2017-06-21 00:00:00-04:00,199.5800018310547,199.7100067138672,197.55999755859375,199.1699981689453,187.67333984375,3151100,0.0,0.0
2017-06-22 00:00:00-04:00,199.25,200.41000366210938,199.17999267578125,199.44000244140625,187.92776489257812,3339300,0.0,0.0
2017-06-23 00:00:00-04:00,199.25999450683594,202.35000610351562,198.67999267578125,202.22999572753906,190.55670166015625,4310100,0.0,0.0
2017-06-26 00:00:00-04:00,202.77000427246094,204.38999938964844,199.94000244140625,199.97999572753906,188.43658447265625,3077600,0.0,0.0
2017-06-27 00:00:00-04:00,199.8000030517578,200.9199981689453,198.88999938964844,198.88999938964844,187.4095001220703,2296900,0.0,0.0
2017-06-28 00:00:00-04:00,199.5,200.9499969482422,199.3000030517578,199.6199951171875,188.09738159179688,2096800,0.0,0.0
2017-06-29 00:00:00-04:00,199.6199951171875,199.75999450683594,196.4499969482422,197.4600067138672,186.0620574951172,2428900,0.0,0.0
2017-06-30 00:00:00-04:00,198.5,199.44000244140625,197.38999938964844,197.75,186.33529663085938,2225600,0.0,0.0
2017-07-03 00:00:00-04:00,198.07000732421875,199.44000244140625,197.75,198.58999633789062,187.12681579589844,1511200,0.0,0.0
2017-07-05 00:00:00-04:00,199.3000030517578,202.13999938964844,198.86000061035156,201.80999755859375,190.16094970703125,2716700,0.0,0.0
2017-07-06 00:00:00-04:00,201.63999938964844,202.49000549316406,200.77999877929688,201.47999572753906,189.84996032714844,2737400,0.0,0.0
2017-07-07 00:00:00-04:00,202.24000549316406,203.27999877929688,201.25999450683594,202.3699951171875,190.68862915039062,3090400,0.0,0.0
2017-07-10 00:00:00-04:00,202.32000732421875,204.5800018310547,202.19000244140625,203.9600067138672,192.18685913085938,2701900,0.0,0.0
2017-07-11 00:00:00-04:00,204.0,206.66000366210938,204.0,206.27000427246094,194.36351013183594,2815800,0.0,0.0
2017-07-12 00:00:00-04:00,206.9499969482422,208.61000061035156,206.32000732421875,206.44000244140625,194.52371215820312,2817400,0.0,0.0
2017-07-13 00:00:00-04:00,206.8000030517578,207.0,205.35000610351562,206.22999572753906,194.3258056640625,1943600,0.0,0.0
2017-07-14 00:00:00-04:00,206.8000030517578,208.72999572753906,206.74000549316406,208.50999450683594,196.47421264648438,3229000,0.0,0.0
2017-07-17 00:00:00-04:00,208.72999572753906,209.72000122070312,208.55999755859375,209.0,196.93592834472656,2416000,0.0,0.0
2017-07-18 00:00:00-04:00,209.11000061035156,209.19000244140625,207.52999877929688,208.24000549316406,196.21978759765625,1942300,0.0,0.0
2017-07-19 00:00:00-04:00,209.42999267578125,210.92999267578125,208.99000549316406,210.8800048828125,198.7073974609375,2258400,0.0,0.0
2017-07-20 00:00:00-04:00,211.10000610351562,211.25,209.9199981689453,210.27999877929688,198.1420440673828,2235100,0.0,0.0
2017-07-21 00:00:00-04:00,209.99000549316406,212.1999969482422,209.41000366210938,212.13999938964844,199.89468383789062,2098400,0.0,0.0
2017-07-24 00:00:00-04:00,212.0,212.63999938964844,211.39999389648438,212.17999267578125,199.93234252929688,2392700,0.0,0.0
2017-07-25 00:00:00-04:00,213.22000122070312,214.0,211.9499969482422,212.4600067138672,200.1962127685547,2889000,0.0,0.0
2017-07-26 00:00:00-04:00,223.47999572753906,233.97999572753906,223.02000427246094,233.4499969482422,219.97457885742188,14140000,0.0,0.0
2017-07-27 00:00:00-04:00,237.1300048828125,242.67999267578125,236.6999969482422,241.0,227.0887908935547,10860600,0.0,0.0
2017-07-28 00:00:00-04:00,240.82000732421875,242.0,238.5500030517578,241.27000427246094,227.3431854248047,4602400,0.0,0.0
2017-07-31 00:00:00-04:00,241.85000610351562,246.49000549316406,241.82000732421875,242.4600067138672,228.4645233154297,5777300,0.0,0.0
2017-08-01 00:00:00-04:00,243.3800048828125,243.99000549316406,239.16000366210938,239.44000244140625,225.6188201904297,5018400,0.0,0.0
2017-08-02 00:00:00-04:00,239.05999755859375,241.55999755859375,237.8800048828125,237.9499969482422,224.21485900878906,5119900,0.0,0.0
2017-08-03 00:00:00-04:00,237.05999755859375,239.58999633789062,236.0399932861328,238.25,224.49752807617188,5112700,0.0,0.0
2017-08-04 00:00:00-04:00,238.5800018310547,239.72999572753906,236.3800048828125,237.7100067138672,223.9887237548828,5590500,0.0,0.0
2017-08-07 00:00:00-04:00,237.60000610351562,241.42999267578125,237.2100067138672,240.22999572753906,226.36322021484375,3674700,0.0,0.0
2017-08-08 00:00:00-04:00,239.91000366210938,240.52000427246094,238.92999267578125,239.5,225.6753692626953,4871500,0.0,0.0
2017-08-09 00:00:00-04:00,238.00999450683594,238.6999969482422,234.10000610351562,234.30999755859375,222.101806640625,5680400,1.42,0.0
2017-08-10 00:00:00-04:00,234.02999877929688,236.16000366210938,231.91000366210938,232.8800048828125,220.74632263183594,6817700,0.0,0.0
2017-08-11 00:00:00-04:00,232.75999450683594,235.39999389648438,230.94000244140625,234.8800048828125,222.64212036132812,3461700,0.0,0.0
2017-08-14 00:00:00-04:00,236.00999450683594,237.47999572753906,235.72000122070312,237.14999389648438,224.7938232421875,2953500,0.0,0.0
2017-08-15 00:00:00-04:00,237.2100067138672,239.63999938964844,236.00999450683594,239.1699981689453,226.70855712890625,2851100,0.0,0.0
2017-08-16 00:00:00-04:00,239.6999969482422,240.25999450683594,237.41000366210938,237.58999633789062,225.2108612060547,3012700,0.0,0.0
2017-08-17 00:00:00-04:00,237.3800048828125,237.60000610351562,235.25,235.58999633789062,223.31509399414062,2810900,0.0,0.0
2017-08-18 00:00:00-04:00,235.0,237.25999450683594,234.57000732421875,235.77000427246094,223.4857177734375,2939500,0.0,0.0
2017-08-21 00:00:00-04:00,235.77000427246094,236.94000244140625,234.35000610351562,235.67999267578125,223.40042114257812,2545400,0.0,0.0
2017-08-22 00:00:00-04:00,236.16000366210938,239.88999938964844,236.11000061035156,239.75,227.25833129882812,2915700,0.0,0.0
2017-08-23 00:00:00-04:00,239.36000061035156,239.36000061035156,237.19000244140625,238.08999633789062,225.684814453125,2518300,0.0,0.0
2017-08-24 00:00:00-04:00,238.52000427246094,238.89999389648438,236.60000610351562,238.74000549316406,226.3009796142578,2553100,0.0,0.0
2017-08-25 00:00:00-04:00,239.0,239.08999633789062,235.60000610351562,235.88999938964844,223.59945678710938,2270300,0.0,0.0
2017-08-28 00:00:00-04:00,236.22000122070312,237.5500030517578,234.61000061035156,237.17999267578125,224.82223510742188,2395000,0.0,0.0
2017-08-29 00:00:00-04:00,237.2100067138672,241.1699981689453,236.0800018310547,240.49000549316406,227.9597930908203,3535500,0.0,0.0
2017-08-30 00:00:00-04:00,240.99000549316406,241.44000244140625,239.0,240.4600067138672,227.93138122558594,2801100,0.0,0.0
2017-08-31 00:00:00-04:00,241.0,241.10000610351562,238.41000366210938,239.66000366210938,227.17306518554688,3075800,0.0,0.0
2017-09-01 00:00:00-04:00,239.66000366210938,242.52999877929688,239.1699981689453,240.3300018310547,227.80813598632812,3270700,0.0,0.0
2017-09-05 00:00:00-04:00,240.3000030517578,240.36000061035156,236.22999572753906,237.0,224.651611328125,3866600,0.0,0.0
2017-09-06 00:00:00-04:00,237.52999877929688,237.86000061035156,234.33999633789062,234.6199951171875,222.3956298828125,4252700,0.0,0.0
2017-09-07 00:00:00-04:00,234.75,236.5399932861328,234.2899932861328,236.30999755859375,223.99757385253906,2994500,0.0,0.0
2017-09-08 00:00:00-04:00,235.75,239.38999938964844,235.2100067138672,238.77999877929688,226.33889770507812,3404200,0.0,0.0
2017-09-11 00:00:00-04:00,239.5,241.85000610351562,239.30999755859375,240.58999633789062,228.05459594726562,3628100,0.0,0.0
2017-09-12 00:00:00-04:00,240.58999633789062,241.7100067138672,238.9499969482422,240.5800018310547,228.0451202392578,2702700,0.0,0.0
2017-09-13 00:00:00-04:00,240.0,243.47999572753906,237.08999633789062,241.92999267578125,229.3247528076172,4529100,0.0,0.0
2017-09-14 00:00:00-04:00,243.0,245.61000061035156,242.5,245.22999572753906,232.45285034179688,4995200,0.0,0.0
2017-09-15 00:00:00-04:00,247.36000061035156,249.9499969482422,246.2100067138672,249.0,236.02639770507812,9033300,0.0,0.0
2017-09-18 00:00:00-04:00,249.97000122070312,253.7899932861328,248.91000366210938,253.0800018310547,239.89385986328125,5193000,0.0,0.0
2017-09-19 00:00:00-04:00,253.0800018310547,255.1699981689453,251.6300048828125,252.4600067138672,239.30615234375,4124700,0.0,0.0
2017-09-20 00:00:00-04:00,253.25999450683594,256.69000244140625,252.25,255.4600067138672,242.1498260498047,3853200,0.0,0.0
2017-09-21 00:00:00-04:00,256.1300048828125,256.989990234375,254.4199981689453,256.0400085449219,242.69960021972656,2809400,0.0,0.0
2017-09-22 00:00:00-04:00,256.30999755859375,259.29998779296875,256.1300048828125,256.45001220703125,243.08827209472656,3475600,0.0,0.0
2017-09-25 00:00:00-04:00,256.9700012207031,256.9700012207031,251.5,254.32000732421875,241.0692138671875,3479200,0.0,0.0
2017-09-26 00:00:00-04:00,254.60000610351562,256.4800109863281,253.5399932861328,253.6999969482422,240.48150634765625,2173600,0.0,0.0
2017-09-27 00:00:00-04:00,255.27000427246094,258.7699890136719,253.97000122070312,255.27999877929688,241.9792022705078,3840100,0.0,0.0
2017-09-28 00:00:00-04:00,254.11000061035156,255.8000030517578,251.1699981689453,254.27000427246094,241.02183532714844,2586100,0.0,0.0
2017-09-29 00:00:00-04:00,253.85000610351562,255.25999450683594,252.58999633789062,254.2100067138672,240.96495056152344,2531100,0.0,0.0
2017-10-02 00:00:00-04:00,254.64999389648438,255.99000549316406,253.52999877929688,255.99000549316406,242.6522216796875,2685100,0.0,0.0
2017-10-03 00:00:00-04:00,255.99000549316406,258.260009765625,254.69000244140625,255.4600067138672,242.1498260498047,3163400,0.0,0.0
2017-10-04 00:00:00-04:00,256.1199951171875,257.1300048828125,254.07000732421875,255.75999450683594,242.43418884277344,3031000,0.0,0.0
2017-10-05 00:00:00-04:00,255.27999877929688,258.989990234375,254.77999877929688,258.8900146484375,245.40110778808594,3940200,0.0,0.0
2017-10-06 00:00:00-04:00,258.0,258.8999938964844,257.05999755859375,258.5799865722656,245.10720825195312,2736400,0.0,0.0
2017-10-09 00:00:00-04:00,259.0,259.0,257.1099853515625,258.3900146484375,244.92715454101562,2146100,0.0,0.0
2017-10-10 00:00:00-04:00,259.739990234375,261.05999755859375,257.20001220703125,260.92999267578125,247.3347930908203,2740700,0.0,0.0
2017-10-11 00:00:00-04:00,261.32000732421875,261.6499938964844,259.0199890136719,261.44000244140625,247.81825256347656,2890300,0.0,0.0
2017-10-12 00:00:00-04:00,260.95001220703125,262.9800109863281,260.0,261.9100036621094,248.2637939453125,2577900,0.0,0.0
2017-10-13 00:00:00-04:00,262.8999938964844,263.7900085449219,260.739990234375,260.739990234375,247.1547088623047,2243900,0.0,0.0
2017-10-16 00:00:00-04:00,261.5,262.0,259.69000244140625,259.75,246.21630859375,1818900,0.0,0.0
2017-10-17 00:00:00-04:00,256.489990234375,259.04998779296875,256.260009765625,258.6199951171875,245.14517211914062,2515900,0.0,0.0
2017-10-18 00:00:00-04:00,258.4700012207031,260.7300109863281,256.6600036621094,260.0400085449219,246.49119567871094,2051700,0.0,0.0
2017-10-19 00:00:00-04:00,258.9800109863281,259.1000061035156,256.0299987792969,259.0400085449219,245.5432891845703,2589200,0.0,0.0
2017-10-20 00:00:00-04:00,260.3599853515625,264.8299865722656,259.44000244140625,264.75,250.955810546875,3955900,0.0,0.0
2017-10-23 00:00:00-04:00,265.1300048828125,265.9800109863281,262.1400146484375,262.32000732421875,248.6523895263672,3302400,0.0,0.0
2017-10-24 00:00:00-04:00,263.239990234375,267.2099914550781,263.239990234375,266.0,252.14068603515625,4401600,0.0,0.0
2017-10-25 00:00:00-04:00,264.7799987792969,266.0,254.5,258.4200134277344,244.9556121826172,7895300,0.0,0.0
2017-10-26 00:00:00-04:00,259.7200012207031,261.44000244140625,257.30999755859375,259.2699890136719,245.7612762451172,3419100,0.0,0.0
2017-10-27 00:00:00-04:00,258.260009765625,259.5,255.8000030517578,256.4599914550781,243.09771728515625,2899200,0.0,0.0
2017-10-30 00:00:00-04:00,255.4499969482422,260.4100036621094,255.3300018310547,259.25,245.7423858642578,3025900,0.0,0.0
2017-10-31 00:00:00-04:00,259.3399963378906,259.92999267578125,257.4700012207031,257.9800109863281,244.5385284423828,2742800,0.0,0.0
2017-11-01 00:00:00-04:00,258.2900085449219,259.4100036621094,256.239990234375,258.5,245.03146362304688,2929500,0.0,0.0
2017-11-02 00:00:00-04:00,258.30999755859375,263.239990234375,258.0,262.6300048828125,248.94622802734375,2529900,0.0,0.0
2017-11-03 00:00:00-04:00,262.4200134277344,263.7900085449219,260.0799865722656,261.75,248.112060546875,2610800,0.0,0.0
2017-11-06 00:00:00-05:00,262.6199951171875,265.8399963378906,262.5299987792969,264.07000732421875,250.3112335205078,2911600,0.0,0.0
2017-11-07 00:00:00-05:00,264.07000732421875,267.2799987792969,264.07000732421875,266.1300048828125,252.26388549804688,3205400,0.0,0.0
2017-11-08 00:00:00-05:00,266.1400146484375,267.6199951171875,265.2900085449219,265.57000732421875,251.73309326171875,2841800,0.0,0.0
2017-11-09 00:00:00-05:00,265.010009765625,266.75,259.55999755859375,262.70001220703125,250.3512420654297,3215900,1.42,0.0
2017-11-10 00:00:00-05:00,262.1099853515625,262.5,259.6000061035156,260.8500061035156,248.58824157714844,1740600,0.0,0.0
2017-11-13 00:00:00-05:00,261.6700134277344,263.3599853515625,260.489990234375,262.4200134277344,250.08438110351562,2604100,0.0,0.0
2017-11-14 00:00:00-05:00,262.0,262.3999938964844,260.20001220703125,261.760009765625,249.4554443359375,2358200,0.0,0.0
2017-11-15 00:00:00-05:00,261.4200134277344,264.7699890136719,260.1499938964844,262.8599853515625,250.50367736816406,2510500,0.0,0.0
2017-11-16 00:00:00-05:00,263.760009765625,265.0400085449219,263.3399963378906,263.70001220703125,251.30421447753906,2710200,0.0,0.0
2017-11-17 00:00:00-05:00,262.82000732421875,263.739990234375,262.0299987792969,262.260009765625,249.93194580078125,1724800,0.0,0.0
2017-11-20 00:00:00-05:00,263.0,265.6199951171875,262.760009765625,264.6300048828125,252.1905059814453,2447400,0.0,0.0
2017-11-21 00:00:00-05:00,266.239990234375,267.0,264.7099914550781,266.989990234375,254.43959045410156,2267100,0.0,0.0
2017-11-22 00:00:00-05:00,267.0,267.4800109863281,264.5299987792969,265.1499938964844,252.68601989746094,1471400,0.0,0.0
2017-11-24 00:00:00-05:00,265.260009765625,266.57000732421875,264.5299987792969,265.8800048828125,253.3817138671875,788900,0.0,0.0
2017-11-27 00:00:00-05:00,265.3800048828125,266.8399963378906,264.7200012207031,265.5799865722656,253.09584045410156,1772200,0.0,0.0
2017-11-28 00:00:00-05:00,267.0,268.010009765625,265.2300109863281,267.989990234375,255.3925018310547,2262100,0.0,0.0
2017-11-29 00:00:00-05:00,269.4800109863281,269.67999267578125,266.1499938964844,269.29998779296875,256.6409912109375,3029100,0.0,0.0
2017-11-30 00:00:00-05:00,269.9100036621094,277.0400085449219,269.42999267578125,276.79998779296875,263.7884521484375,4820300,0.0,0.0
2017-12-01 00:00:00-05:00,277.510009765625,278.7300109863281,270.6000061035156,271.3800048828125,258.6231994628906,4592500,0.0,0.0
2017-12-04 00:00:00-05:00,276.1600036621094,281.8299865722656,276.0,277.9700012207031,264.9034423828125,5523000,0.0,0.0
2017-12-05 00:00:00-05:00,279.010009765625,279.44000244140625,274.8599853515625,275.5400085449219,262.587646484375,2806100,0.0,0.0
2017-12-06 00:00:00-05:00,276.5799865722656,279.1400146484375,274.0,278.2699890136719,265.1893310546875,2538100,0.0,0.0
2017-12-07 00:00:00-05:00,282.80999755859375,284.7900085449219,277.79998779296875,281.9700012207031,268.71539306640625,4264400,0.0,0.0
2017-12-08 00:00:00-05:00,285.010009765625,287.32000732421875,283.55999755859375,285.8999938964844,272.4606628417969,4440500,0.0,0.0
2017-12-11 00:00:00-05:00,286.2099914550781,286.489990234375,279.8999938964844,283.1600036621094,269.84942626953125,4065200,0.0,0.0
2017-12-12 00:00:00-05:00,291.3399963378906,292.79998779296875,287.7200012207031,289.94000244140625,276.31072998046875,5517600,0.0,0.0
2017-12-13 00:00:00-05:00,290.5,295.8500061035156,289.70001220703125,291.8399963378906,278.1214599609375,5003300,0.0,0.0
2017-12-14 00:00:00-05:00,293.3500061035156,296.82000732421875,292.6000061035156,293.8800048828125,280.0655517578125,3913400,0.0,0.0
2017-12-15 00:00:00-05:00,295.8699951171875,297.3699951171875,293.0199890136719,293.94000244140625,280.12274169921875,6933500,0.0,0.0
2017-12-18 00:00:00-05:00,296.0,297.1400146484375,294.5199890136719,296.1400146484375,282.2193298339844,2901600,0.0,0.0
2017-12-19 00:00:00-05:00,296.5,297.5799865722656,294.17999267578125,297.25,283.277099609375,2728400,0.0,0.0
2017-12-20 00:00:00-05:00,298.70001220703125,299.3299865722656,297.1099853515625,297.8999938964844,283.8965759277344,2533700,0.0,0.0
2017-12-21 00:00:00-05:00,298.04998779296875,298.3900146484375,294.1300048828125,295.0299987792969,281.1614990234375,5398300,0.0,0.0
2017-12-22 00:00:00-05:00,296.3299865722656,296.5199890136719,293.010009765625,295.1000061035156,281.2282409667969,2257400,0.0,0.0
2017-12-26 00:00:00-05:00,295.5400085449219,297.44000244140625,294.6499938964844,295.3599853515625,281.4759826660156,1394700,0.0,0.0
2017-12-27 00:00:00-05:00,296.4100036621094,296.79998779296875,294.79998779296875,295.6199951171875,281.7237548828125,1447800,0.0,0.0
2017-12-28 00:00:00-05:00,295.80999755859375,296.989990234375,294.739990234375,296.3500061035156,282.41943359375,1436800,0.0,0.0
2017-12-29 00:00:00-05:00,296.94000244140625,297.29998779296875,294.8299865722656,294.9100036621094,281.0471496582031,1824600,0.0,0.0
2018-01-02 00:00:00-05:00,295.75,296.989990234375,295.3999938964844,296.8399963378906,282.8864440917969,2978900,0.0,0.0
2018-01-03 00:00:00-05:00,295.94000244140625,298.5,295.4700012207031,297.79998779296875,283.80126953125,3211200,0.0,0.0
2018-01-04 00:00:00-05:00,297.94000244140625,298.4200134277344,295.4700012207031,296.6700134277344,282.7243957519531,4171700,0.0,0.0
2018-01-05 00:00:00-05:00,296.7699890136719,308.8900146484375,296.7200012207031,308.8399963378906,294.3222961425781,6177700,0.0,0.0
2018-01-08 00:00:00-05:00,308.6600036621094,310.8599853515625,305.75,310.1499938964844,295.5707092285156,4124900,0.0,0.0
2018-01-09 00:00:00-05:00,310.5899963378906,319.9100036621094,310.489990234375,318.42999267578125,303.46148681640625,5641300,0.0,0.0
2018-01-10 00:00:00-05:00,317.489990234375,322.1499938964844,315.5,320.260009765625,305.2054748535156,4479300,0.0,0.0
2018-01-11 00:00:00-05:00,322.1300048828125,328.3999938964844,321.19000244140625,328.1199951171875,312.696044921875,4635300,0.0,0.0
2018-01-12 00:00:00-05:00,330.3800048828125,336.8800048828125,330.3800048828125,336.2099914550781,320.4056701660156,6559300,0.0,0.0
2018-01-16 00:00:00-05:00,339.8999938964844,347.7300109863281,331.3299865722656,335.1600036621094,319.40509033203125,12305500,0.0,0.0
2018-01-17 00:00:00-05:00,337.7300109863281,352.2300109863281,336.4100036621094,351.010009765625,334.5100402832031,9699900,0.0,0.0
2018-01-18 00:00:00-05:00,350.70001220703125,350.8299865722656,339.1499938964844,340.1600036621094,324.1700134277344,9458600,0.0,0.0
2018-01-19 00:00:00-05:00,341.6700134277344,344.0,335.75,337.7300109863281,321.8542785644531,7264400,0.0,0.0
2018-01-22 00:00:00-05:00,335.2900085449219,341.3800048828125,332.0400085449219,338.0,322.1116027832031,6792900,0.0,0.0
2018-01-23 00:00:00-05:00,338.3399963378906,338.94000244140625,334.80999755859375,335.5899963378906,319.81488037109375,4537800,0.0,0.0
2018-01-24 00:00:00-05:00,336.20001220703125,338.989990234375,334.1400146484375,334.69000244140625,318.9571838378906,4205400,0.0,0.0
2018-01-25 00:00:00-05:00,336.2099914550781,343.6199951171875,335.29998779296875,343.1099853515625,326.98138427734375,4747500,0.0,0.0
2018-01-26 00:00:00-05:00,344.3299865722656,345.9800109863281,341.25,343.2200012207031,327.0862121582031,5236300,0.0,0.0
2018-01-29 00:00:00-05:00,341.2300109863281,344.4800109863281,340.1000061035156,340.82000732421875,324.7990417480469,3324900,0.0,0.0
2018-01-30 00:00:00-05:00,339.1700134277344,339.9800109863281,334.1600036621094,337.7099914550781,321.8352355957031,4983100,0.0,0.0
2018-01-31 00:00:00-05:00,360.5,360.9700012207031,351.6199951171875,354.3699951171875,337.7120666503906,11409600,0.0,0.0
2018-02-01 00:00:00-05:00,352.95001220703125,361.45001220703125,352.0400085449219,356.94000244140625,340.1612854003906,6067600,0.0,0.0
2018-02-02 00:00:00-05:00,354.0,355.20001220703125,348.70001220703125,348.9100036621094,332.5087585449219,5486100,0.0,0.0
2018-02-05 00:00:00-05:00,342.6700134277344,350.0,317.3900146484375,328.8800048828125,313.4203186035156,10511300,0.0,0.0
2018-02-06 00:00:00-05:00,320.0,341.6700134277344,317.6499938964844,340.9100036621094,324.88482666015625,11935100,0.0,0.0
2018-02-07 00:00:00-05:00,340.5199890136719,353.5899963378906,339.8699951171875,348.1199951171875,331.7558898925781,7946700,0.0,0.0
2018-02-08 00:00:00-05:00,348.0,349.0,329.3999938964844,329.6600036621094,315.71441650390625,8295900,1.71,0.0
2018-02-09 00:00:00-05:00,333.54998779296875,337.80999755859375,319.25,332.8299865722656,318.7503356933594,8833000,0.0,0.0
2018-02-12 00:00:00-05:00,336.57000732421875,347.75,335.1300048828125,343.79998779296875,329.25628662109375,6885000,0.0,0.0
2018-02-13 00:00:00-05:00,340.45001220703125,347.8800048828125,340.2900085449219,343.1600036621094,328.6433410644531,4030200,0.0,0.0
2018-02-14 00:00:00-05:00,341.3399963378906,347.42999267578125,341.1700134277344,344.8500061035156,330.2618408203125,4340200,0.0,0.0
2018-02-15 00:00:00-05:00,348.4700012207031,356.54998779296875,348.04998779296875,356.4599914550781,341.38067626953125,5827500,0.0,0.0
2018-02-16 00:00:00-05:00,356.5899963378906,359.5,353.510009765625,355.0400085449219,340.02081298828125,5211600,0.0,0.0
2018-02-20 00:00:00-05:00,352.0,357.7900085449219,351.3999938964844,353.3500061035156,338.40228271484375,4303400,0.0,0.0
2018-02-21 00:00:00-05:00,352.55999755859375,360.80999755859375,351.75,352.3699951171875,337.4637145996094,5258600,0.0,0.0
2018-02-22 00:00:00-05:00,354.6499938964844,358.07000732421875,352.6400146484375,355.9200134277344,340.8635559082031,3414300,0.0,0.0
2018-02-23 00:00:00-05:00,358.17999267578125,358.7699890136719,353.07000732421875,356.6600036621094,341.5722961425781,3355400,0.0,0.0
2018-02-26 00:00:00-05:00,359.5,364.04998779296875,358.2099914550781,363.4800109863281,348.1037902832031,4148100,0.0,0.0
2018-02-27 00:00:00-05:00,364.6000061035156,369.8900146484375,363.29998779296875,364.6400146484375,349.2146911621094,4774100,0.0,0.0
2018-02-28 00:00:00-05:00,366.79998779296875,371.6000061035156,362.2099914550781,362.2099914550781,346.88751220703125,5472900,0.0,0.0
2018-03-01 00:00:00-05:00,362.3299865722656,362.739990234375,346.3999938964844,349.69000244140625,334.8970947265625,8978000,0.0,0.0
2018-03-02 00:00:00-05:00,341.82000732421875,346.0899963378906,335.29998779296875,344.6700134277344,330.0894775390625,10021300,0.0,0.0
2018-03-05 00:00:00-05:00,338.0,354.7699890136719,336.6099853515625,352.75,337.8276672363281,8140200,0.0,0.0
2018-03-06 00:00:00-05:00,354.239990234375,355.2099914550781,346.0199890136719,348.9200134277344,334.15972900390625,4888300,0.0,0.0
2018-03-07 00:00:00-05:00,341.5199890136719,348.4100036621094,339.5,347.0400085449219,332.3592224121094,4575700,0.0,0.0
2018-03-08 00:00:00-05:00,349.510009765625,352.5,343.95001220703125,348.7300109863281,333.9777526855469,4319900,0.0,0.0
2018-03-09 00:00:00-05:00,352.6499938964844,354.8900146484375,350.2300109863281,354.5199890136719,339.5228271484375,3538300,0.0,0.0
2018-03-12 00:00:00-04:00,355.20001220703125,355.2300109863281,343.260009765625,344.19000244140625,329.6297912597656,6088800,0.0,0.0
2018-03-13 00:00:00-04:00,345.32000732421875,347.8800048828125,337.6099853515625,338.6700134277344,324.3432922363281,5443800,0.0,0.0
2018-03-14 00:00:00-04:00,339.7900085449219,340.5199890136719,322.29998779296875,330.260009765625,316.2890319824219,13057900,0.0,0.0
2018-03-15 00:00:00-04:00,332.29998779296875,332.9200134277344,322.9100036621094,329.9800109863281,316.0209045410156,8766000,0.0,0.0
2018-03-16 00:00:00-04:00,329.82000732421875,330.8299865722656,325.6300048828125,330.4700012207031,316.4902038574219,9329000,0.0,0.0
2018-03-19 00:00:00-04:00,327.45001220703125,333.3299865722656,326.7799987792969,331.760009765625,317.7256774902344,6328900,0.0,0.0
2018-03-20 00:00:00-04:00,331.8399963378906,339.70001220703125,331.0,337.6300048828125,323.3472900390625,6500500,0.0,0.0
2018-03-21 00:00:00-04:00,337.07000732421875,341.9100036621094,335.1700134277344,337.1000061035156,322.8397216796875,4056300,0.0,0.0
2018-03-22 00:00:00-04:00,330.1099853515625,332.67999267578125,319.010009765625,319.6099853515625,306.089599609375,7282200,0.0,0.0
2018-03-23 00:00:00-04:00,320.1499938964844,331.1400146484375,318.32000732421875,321.0,307.4207763671875,7237500,0.0,0.0
2018-03-26 00:00:00-04:00,330.4800109863281,331.94000244140625,323.5899963378906,328.9700012207031,315.0536193847656,5392900,0.0,0.0
2018-03-27 00:00:00-04:00,331.510009765625,334.8800048828125,319.0,321.1199951171875,307.53570556640625,5355500,0.0,0.0
2018-03-28 00:00:00-04:00,321.8500061035156,323.239990234375,311.1700134277344,320.0199890136719,306.4822692871094,5634700,0.0,0.0
2018-03-29 00:00:00-04:00,323.3800048828125,330.4800109863281,322.0,327.8800048828125,314.0097351074219,3652100,0.0,0.0
2018-04-02 00:00:00-04:00,325.20001220703125,329.94000244140625,317.1700134277344,322.44000244140625,308.7998352050781,5024900,0.0,0.0
2018-04-03 00:00:00-04:00,324.760009765625,331.1000061035156,323.0899963378906,330.82000732421875,316.8254089355469,4783100,0.0,0.0
2018-04-04 00:00:00-04:00,312.29998779296875,327.80999755859375,311.8800048828125,327.44000244140625,313.58831787109375,8235700,0.0,0.0
2018-04-05 00:00:00-04:00,330.5899963378906,338.9599914550781,330.260009765625,336.3999938964844,322.1693420410156,6220000,0.0,0.0
2018-04-06 00:00:00-04:00,330.6099853515625,334.5899963378906,322.2099914550781,326.1199951171875,312.32421875,5713600,0.0,0.0
2018-04-09 00:00:00-04:00,332.25,334.8800048828125,322.04998779296875,322.4800109863281,308.83819580078125,4931700,0.0,0.0
2018-04-10 00:00:00-04:00,331.3500061035156,336.69000244140625,329.54998779296875,334.8299865722656,320.665771484375,5552000,0.0,0.0
2018-04-11 00:00:00-04:00,331.6000061035156,337.57000732421875,326.30999755859375,327.3599853515625,313.5117492675781,4573500,0.0,0.0
2018-04-12 00:00:00-04:00,331.9800109863281,338.3500061035156,330.4599914550781,337.4800109863281,323.2036437988281,4325000,0.0,0.0
2018-04-13 00:00:00-04:00,338.989990234375,339.6700134277344,326.6000061035156,329.2799987792969,315.3505859375,4733500,0.0,0.0
2018-04-16 00:00:00-04:00,332.3399963378906,333.2200012207031,327.6300048828125,331.7699890136719,317.7351989746094,3901400,0.0,0.0
2018-04-17 00:00:00-04:00,334.7300109863281,339.739990234375,333.6499938964844,336.7200012207031,322.4757995605469,3381800,0.0,0.0
2018-04-18 00:00:00-04:00,338.3299865722656,342.3999938964844,337.17999267578125,341.0,326.57476806640625,3117500,0.0,0.0
2018-04-19 00:00:00-04:00,340.19000244140625,342.4100036621094,337.5,340.6400146484375,326.2299499511719,3006800,0.0,0.0
2018-04-20 00:00:00-04:00,340.7300109863281,341.3999938964844,335.04998779296875,338.6700134277344,324.3432922363281,3038000,0.0,0.0
2018-04-23 00:00:00-04:00,339.54998779296875,341.260009765625,336.0,338.8399963378906,324.5060729980469,2765600,0.0,0.0
2018-04-24 00:00:00-04:00,343.1700134277344,347.6700134277344,323.2799987792969,329.05999755859375,315.1398010253906,7051800,0.0,0.0
2018-04-25 00:00:00-04:00,338.1199951171875,344.9100036621094,330.5199890136719,342.8599853515625,328.35601806640625,11023600,0.0,0.0
2018-04-26 00:00:00-04:00,344.010009765625,345.6499938964844,338.3299865722656,342.7900085449219,328.2890319824219,5273600,0.0,0.0
2018-04-27 00:00:00-04:00,341.25,342.9200134277344,337.7699890136719,340.8800048828125,326.4598388671875,3390400,0.0,0.0
2018-04-30 00:00:00-04:00,341.1700134277344,342.5799865722656,333.3999938964844,333.55999755859375,319.449462890625,3721600,0.0,0.0
2018-05-01 00:00:00-04:00,332.5,333.9100036621094,324.17999267578125,329.5400085449219,315.5995178222656,4313100,0.0,0.0
2018-05-02 00:00:00-04:00,329.5,330.7099914550781,323.9800109863281,324.19000244140625,310.4759216308594,3436100,0.0,0.0
2018-05-03 00:00:00-04:00,322.9700012207031,332.6300048828125,319.1300048828125,330.69000244140625,316.7008972167969,6383200,0.0,0.0
2018-05-04 00:00:00-04:00,328.0400085449219,335.8900146484375,328.0400085449219,334.42999267578125,320.28265380859375,3655100,0.0,0.0
2018-05-07 00:00:00-04:00,335.2300109863281,342.9800109863281,335.2099914550781,340.42999267578125,326.0288391113281,4192200,0.0,0.0
2018-05-08 00:00:00-04:00,339.7699890136719,341.94000244140625,336.6099853515625,338.3699951171875,324.0559997558594,4014100,0.0,0.0
2018-05-09 00:00:00-04:00,339.489990234375,346.92999267578125,338.5799865722656,344.5,329.92669677734375,4347000,0.0,0.0
2018-05-10 00:00:00-04:00,343.989990234375,348.57000732421875,342.4100036621094,344.07000732421875,331.15863037109375,3920400,1.71,0.0
2018-05-11 00:00:00-04:00,343.7699890136719,345.4200134277344,341.04998779296875,342.4599914550781,329.6090393066406,2332200,0.0,0.0
2018-05-14 00:00:00-04:00,344.0,347.739990234375,343.8900146484375,344.5899963378906,331.65911865234375,2520300,0.0,0.0
2018-05-15 00:00:00-04:00,343.0,343.8500061035156,340.260009765625,342.1199951171875,329.28179931640625,3009100,0.0,0.0
2018-05-16 00:00:00-04:00,342.0,343.55999755859375,340.29998779296875,340.9700012207031,328.1749572753906,2230100,0.0,0.0
2018-05-17 00:00:00-04:00,340.4700012207031,344.7699890136719,340.25,344.1400146484375,331.22601318359375,2483300,0.0,0.0
2018-05-18 00:00:00-04:00,345.6000061035156,352.04998779296875,345.19000244140625,351.2300109863281,338.0499572753906,4327700,0.0,0.0
2018-05-21 00:00:00-04:00,358.4599914550781,365.0,358.45001220703125,363.9200134277344,350.2638244628906,6785400,0.0,0.0
2018-05-22 00:00:00-04:00,364.0,364.8500061035156,354.5199890136719,355.0199890136719,341.69775390625,5389400,0.0,0.0
2018-05-23 00:00:00-04:00,352.2799987792969,359.6000061035156,351.6199951171875,359.2099914550781,345.73046875,4497500,0.0,0.0
2018-05-24 00:00:00-04:00,358.45001220703125,360.6600036621094,354.3699951171875,359.0,345.5283508300781,3932100,0.0,0.0
2018-05-25 00:00:00-04:00,358.1199951171875,360.6000061035156,357.04998779296875,360.0899963378906,346.57745361328125,2463700,0.0,0.0
2018-05-29 00:00:00-04:00,357.7099914550781,360.9700012207031,350.6600036621094,352.4800109863281,339.2530517578125,4249600,0.0,0.0
2018-05-30 00:00:00-04:00,355.6499938964844,358.9200134277344,354.1000061035156,358.19000244140625,344.748779296875,2825200,0.0,0.0
2018-05-31 00:00:00-04:00,356.8299865722656,356.8299865722656,351.6199951171875,352.1600036621094,338.9450378417969,4406300,0.0,0.0
2018-06-01 00:00:00-04:00,355.7900085449219,358.1499938964844,354.4599914550781,356.7200012207031,343.33392333984375,2657800,0.0,0.0
2018-06-04 00:00:00-04:00,358.9700012207031,363.3900146484375,358.8500061035156,360.7300109863281,347.1934814453125,2950300,0.0,0.0
2018-06-05 00:00:00-04:00,360.5,363.3699951171875,358.8500061035156,360.1000061035156,346.5871276855469,2567800,0.0,0.0
2018-06-06 00:00:00-04:00,362.4599914550781,371.6000061035156,360.989990234375,371.55999755859375,357.6170654296875,4488400,0.0,0.0
2018-06-07 00:00:00-04:00,372.0,374.4800109863281,366.04998779296875,368.5299987792969,354.70074462890625,4517800,0.0,0.0
2018-06-08 00:00:00-04:00,368.1400146484375,371.4200134277344,365.4599914550781,369.5,355.6343688964844,3292900,0.0,0.0
2018-06-11 00:00:00-04:00,371.0,373.3299865722656,368.79998779296875,370.94000244140625,357.02032470703125,2468500,0.0,0.0
2018-06-12 00:00:00-04:00,371.239990234375,372.7300109863281,367.989990234375,370.6199951171875,356.7123107910156,2440400,0.0,0.0
2018-06-13 00:00:00-04:00,370.6700134277344,371.0,363.2900085449219,363.8500061035156,350.1963806152344,3867600,0.0,0.0
2018-06-14 00:00:00-04:00,366.1499938964844,367.6400146484375,358.8299865722656,362.4200134277344,348.8200378417969,4039500,0.0,0.0
2018-06-15 00:00:00-04:00,358.1499938964844,361.6600036621094,353.4700012207031,357.8800048828125,344.45037841796875,9946000,0.0,0.0
2018-06-18 00:00:00-04:00,353.19000244140625,357.6499938964844,352.3699951171875,354.739990234375,341.4282531738281,3363200,0.0,0.0
2018-06-19 00:00:00-04:00,347.1700134277344,347.1700134277344,338.57000732421875,341.1199951171875,328.3193664550781,6857300,0.0,0.0
2018-06-20 00:00:00-04:00,346.0,346.9800109863281,340.4599914550781,342.69000244140625,329.8304138183594,4540000,0.0,0.0
2018-06-21 00:00:00-04:00,341.1499938964844,341.1499938964844,336.20001220703125,337.6600036621094,324.98919677734375,4048300,0.0,0.0
2018-06-22 00:00:00-04:00,340.42999267578125,340.94000244140625,336.6000061035156,338.9100036621094,326.1922607421875,3192000,0.0,0.0
2018-06-25 00:00:00-04:00,332.5199890136719,333.8500061035156,327.6000061035156,331.20001220703125,318.7715759277344,5006200,0.0,0.0
2018-06-26 00:00:00-04:00,332.3900146484375,334.3999938964844,330.4800109863281,331.29998779296875,318.8678283691406,3112400,0.0,0.0
2018-06-27 00:00:00-04:00,334.8500061035156,341.4200134277344,329.760009765625,329.82000732421875,317.44342041015625,4578900,0.0,0.0
2018-06-28 00:00:00-04:00,330.0,337.5400085449219,327.2900085449219,334.6499938964844,322.0920715332031,3348000,0.0,0.0
2018-06-29 00:00:00-04:00,337.19000244140625,340.0,335.3599853515625,335.510009765625,322.9198303222656,3108500,0.0,0.0
2018-07-02 00:00:00-04:00,330.69000244140625,336.3299865722656,329.32000732421875,336.0799865722656,323.46844482421875,2820700,0.0,0.0
2018-07-03 00:00:00-04:00,338.17999267578125,339.69000244140625,332.0,332.92999267578125,320.4366455078125,1464400,0.0,0.0
2018-07-05 00:00:00-04:00,336.1499938964844,337.2799987792969,329.1000061035156,333.17999267578125,320.67724609375,2427900,0.0,0.0
2018-07-06 00:00:00-04:00,332.8399963378906,336.1000061035156,330.45001220703125,334.6400146484375,322.0824890136719,2105100,0.0,0.0
2018-07-09 00:00:00-04:00,337.5,343.0400085449219,336.510009765625,341.9200134277344,329.0893249511719,3128700,0.0,0.0
2018-07-10 00:00:00-04:00,342.7799987792969,348.0,342.7799987792969,347.1600036621094,334.1326904296875,3278300,0.0,0.0
2018-07-11 00:00:00-04:00,341.7300109863281,344.3900146484375,339.19000244140625,340.6000061035156,327.8188781738281,3056900,0.0,0.0
2018-07-12 00:00:00-04:00,345.2799987792969,346.6000061035156,342.739990234375,346.0299987792969,333.0450744628906,2030700,0.0,0.0
2018-07-13 00:00:00-04:00,347.0,351.239990234375,346.20001220703125,350.7900085449219,337.62646484375,2272300,0.0,0.0
2018-07-16 00:00:00-04:00,353.9700012207031,356.3399963378906,352.3500061035156,356.1000061035156,342.7371826171875,2889000,0.0,0.0
2018-07-17 00:00:00-04:00,357.6099853515625,359.0,355.0400085449219,356.8800048828125,343.4879455566406,2730500,0.0,0.0
2018-07-18 00:00:00-04:00,359.0,361.8599853515625,354.260009765625,360.2300109863281,346.71221923828125,3090100,0.0,0.0
2018-07-19 00:00:00-04:00,357.69000244140625,359.3900146484375,355.260009765625,355.3299865722656,341.9961242675781,2711700,0.0,0.0
2018-07-20 00:00:00-04:00,353.0400085449219,356.989990234375,353.0,354.8999938964844,341.58221435546875,1816700,0.0,0.0
2018-07-23 00:00:00-04:00,355.0,355.0,352.3900146484375,353.2699890136719,340.0133972167969,1943700,0.0,0.0
2018-07-24 00:00:00-04:00,356.75,359.4700012207031,354.6400146484375,358.2699890136719,344.82574462890625,3182000,0.0,0.0
2018-07-25 00:00:00-04:00,351.5199890136719,356.29998779296875,345.5,355.9200134277344,342.56396484375,7378100,0.0,0.0
2018-07-26 00:00:00-04:00,355.3800048828125,360.20001220703125,355.2699890136719,359.32000732421875,345.8363952636719,3191200,0.0,0.0
2018-07-27 00:00:00-04:00,361.05999755859375,364.5400085449219,359.4700012207031,360.6499938964844,347.1164855957031,2914700,0.0,0.0
2018-07-30 00:00:00-04:00,361.989990234375,362.45001220703125,350.4700012207031,351.05999755859375,337.88629150390625,3080400,0.0,0.0
2018-07-31 00:00:00-04:00,354.3800048828125,359.0199890136719,354.05999755859375,356.29998779296875,342.9296875,2728400,0.0,0.0
2018-08-01 00:00:00-04:00,354.0899963378906,357.9100036621094,350.5,352.760009765625,339.5225830078125,2717800,0.0,0.0
2018-08-02 00:00:00-04:00,348.6199951171875,350.7300109863281,346.0299987792969,349.7300109863281,336.606201171875,2655900,0.0,0.0
2018-08-03 00:00:00-04:00,349.5,350.989990234375,345.6700134277344,348.44000244140625,335.3646545410156,2285200,0.0,0.0
2018-08-06 00:00:00-04:00,347.3699951171875,347.3699951171875,343.1199951171875,346.57000732421875,333.5648193359375,3251100,0.0,0.0
2018-08-07 00:00:00-04:00,348.04998779296875,352.1199951171875,345.5,350.760009765625,337.5976257324219,2267400,0.0,0.0
2018-08-08 00:00:00-04:00,350.5,351.6199951171875,346.25,347.7799987792969,334.7294006347656,2333600,0.0,0.0
2018-08-09 00:00:00-04:00,346.07000732421875,346.8399963378906,343.1199951171875,343.7200012207031,332.4564208984375,2301800,1.71,0.0
2018-08-10 00:00:00-04:00,341.0,341.0,336.45001220703125,339.4100036621094,328.28765869140625,2745700,0.0,0.0
2018-08-13 00:00:00-04:00,339.6000061035156,342.1499938964844,337.3399963378906,338.3599853515625,327.27203369140625,1877200,0.0,0.0
2018-08-14 00:00:00-04:00,339.1199951171875,340.1499938964844,337.6199951171875,339.1400146484375,328.0265197753906,2017300,0.0,0.0
2018-08-15 00:00:00-04:00,336.57000732421875,337.1400146484375,328.0299987792969,331.760009765625,320.88836669921875,3798600,0.0,0.0
2018-08-16 00:00:00-04:00,339.05999755859375,347.7200012207031,338.29998779296875,345.9800109863281,334.6423645019531,5867900,0.0,0.0
2018-08-17 00:00:00-04:00,346.0,348.5,341.6700134277344,346.3999938964844,335.0486145019531,3069200,0.0,0.0
2018-08-20 00:00:00-04:00,348.6000061035156,352.6099853515625,347.1000061035156,350.739990234375,339.2463684082031,3018200,0.0,0.0
2018-08-21 00:00:00-04:00,351.0,354.45001220703125,349.6300048828125,353.7699890136719,342.1770935058594,2967200,0.0,0.0
2018-08-22 00:00:00-04:00,354.32000732421875,355.8699951171875,349.8399963378906,350.0299987792969,338.5596618652344,2682900,0.0,0.0
2018-08-23 00:00:00-04:00,349.1499938964844,350.2799987792969,345.4599914550781,347.4800109863281,336.0932312011719,1833400,0.0,0.0
2018-08-24 00:00:00-04:00,348.7699890136719,350.6300048828125,348.1000061035156,349.3800048828125,337.93096923828125,1954100,0.0,0.0
2018-08-27 00:00:00-04:00,352.1099853515625,355.0,351.010009765625,353.739990234375,342.1480407714844,2279500,0.0,0.0
2018-08-28 00:00:00-04:00,355.0,355.67999267578125,350.6099853515625,351.2099914550781,339.7009582519531,2475100,0.0,0.0
2018-08-29 00:00:00-04:00,352.260009765625,352.3500061035156,349.2099914550781,350.19000244140625,338.7143859863281,1850100,0.0,0.0
2018-08-30 00:00:00-04:00,350.3500061035156,350.95001220703125,345.75,346.8999938964844,335.5321960449219,3257700,0.0,0.0
2018-08-31 00:00:00-04:00,345.04998779296875,345.8500061035156,341.5799865722656,342.7900085449219,331.5569152832031,3462700,0.0,0.0
2018-09-04 00:00:00-04:00,341.6000061035156,346.32000732421875,339.2799987792969,346.25,334.90350341796875,2699400,0.0,0.0
2018-09-05 00:00:00-04:00,345.7699890136719,347.25,343.1600036621094,346.67999267578125,335.31939697265625,2959000,0.0,0.0
2018-09-06 00:00:00-04:00,347.54998779296875,353.3500061035156,346.5799865722656,351.2699890136719,339.75897216796875,3585900,0.0,0.0
2018-09-07 00:00:00-04:00,348.82000732421875,350.010009765625,344.4599914550781,349.2799987792969,337.834228515625,3921900,0.0,0.0
2018-09-10 00:00:00-04:00,349.489990234375,350.75,341.67999267578125,341.8599853515625,330.6573486328125,3065500,0.0,0.0
2018-09-11 00:00:00-04:00,339.010009765625,346.6199951171875,337.30999755859375,345.25,333.936279296875,2731800,0.0,0.0
2018-09-12 00:00:00-04:00,345.0,355.0400085449219,344.6099853515625,353.4100036621094,341.8288879394531,4003800,0.0,0.0
2018-09-13 00:00:00-04:00,356.3599853515625,360.4200134277344,354.29998779296875,355.4599914550781,343.81170654296875,3166500,0.0,0.0
2018-09-14 00:00:00-04:00,356.44000244140625,362.260009765625,356.1000061035156,359.79998779296875,348.00946044921875,2835800,0.0,0.0
2018-09-17 00:00:00-04:00,359.2799987792969,361.29998779296875,354.5400085449219,355.9599914550781,344.2953186035156,2554500,0.0,0.0
2018-09-18 00:00:00-04:00,357.29998779296875,365.80999755859375,356.1000061035156,363.5799865722656,351.66558837890625,3003500,0.0,0.0
2018-09-19 00:00:00-04:00,363.5799865722656,371.2300109863281,363.19000244140625,365.2200012207031,353.25189208984375,4753400,0.0,0.0
2018-09-20 00:00:00-04:00,368.739990234375,371.7300109863281,365.6700134277344,367.4599914550781,355.41845703125,4011100,0.0,0.0
2018-09-21 00:00:00-04:00,369.3999938964844,372.57000732421875,366.04998779296875,372.2300109863281,360.03216552734375,7144000,0.0,0.0
2018-09-24 00:00:00-04:00,371.0,371.8900146484375,367.3299865722656,367.989990234375,355.93109130859375,2800200,0.0,0.0
2018-09-25 00:00:00-04:00,369.0799865722656,370.4599914550781,366.8800048828125,367.2300109863281,355.1960144042969,2969200,0.0,0.0
2018-09-26 00:00:00-04:00,367.5,368.55999755859375,364.32000732421875,365.0299987792969,353.0680847167969,2368600,0.0,0.0
2018-09-27 00:00:00-04:00,368.3999938964844,368.9700012207031,364.3999938964844,367.3900146484375,355.3507995605469,2355900,0.0,0.0
2018-09-28 00:00:00-04:00,368.6300048828125,374.2200012207031,366.2200012207031,371.8999938964844,359.7129821777344,3600500,0.0,0.0
2018-10-01 00:00:00-04:00,375.1600036621094,383.2099914550781,375.0,382.2900085449219,369.76251220703125,4755700,0.0,0.0
2018-10-02 00:00:00-04:00,380.8500061035156,388.6199951171875,379.7699890136719,386.3699951171875,373.70880126953125,4622600,0.0,0.0
2018-10-03 00:00:00-04:00,388.8999938964844,394.2799987792969,386.69000244140625,392.29998779296875,379.4444274902344,4794300,0.0,0.0
2018-10-04 00:00:00-04:00,390.739990234375,391.0899963378906,385.2900085449219,389.989990234375,377.210205078125,3822300,0.0,0.0
2018-10-05 00:00:00-04:00,389.0,392.3900146484375,383.0299987792969,386.4700012207031,373.8055114746094,2899700,0.0,0.0
2018-10-08 00:00:00-04:00,383.8399963378906,386.7300109863281,377.3500061035156,385.7699890136719,373.1284484863281,3324000,0.0,0.0
2018-10-09 00:00:00-04:00,384.3699951171875,386.82000732421875,381.1400146484375,385.44000244140625,372.8092956542969,2862700,0.0,0.0
2018-10-10 00:00:00-04:00,382.9599914550781,383.79998779296875,367.0899963378906,367.4700012207031,355.42816162109375,6033100,0.0,0.0
2018-10-11 00:00:00-04:00,363.44000244140625,369.8500061035156,355.1000061035156,358.1099853515625,346.3748474121094,6266800,0.0,0.0
2018-10-12 00:00:00-04:00,366.010009765625,367.1199951171875,352.260009765625,360.1099853515625,348.3092956542969,5509700,0.0,0.0
2018-10-15 00:00:00-04:00,359.4599914550781,362.54998779296875,355.5,358.8800048828125,347.1196594238281,2979800,0.0,0.0
2018-10-16 00:00:00-04:00,360.45001220703125,368.57000732421875,358.54998779296875,368.25,356.1826171875,2822500,0.0,0.0
2018-10-17 00:00:00-04:00,368.0,368.5,362.70001220703125,365.5,353.5226745605469,2238200,0.0,0.0
2018-10-18 00:00:00-04:00,364.82000732421875,367.760009765625,356.760009765625,359.3500061035156,347.5742492675781,3254900,0.0,0.0
2018-10-19 00:00:00-04:00,359.79998779296875,359.8699951171875,354.2099914550781,356.260009765625,344.58551025390625,3491600,0.0,0.0
2018-10-22 00:00:00-04:00,357.8500061035156,358.760009765625,352.4599914550781,355.9800109863281,344.3146667480469,2263500,0.0,0.0
2018-10-23 00:00:00-04:00,349.5,353.55999755859375,342.8299865722656,350.04998779296875,338.5789794921875,4389600,0.0,0.0
2018-10-24 00:00:00-04:00,361.5899963378906,364.6000061035156,351.69000244140625,354.6499938964844,343.02825927734375,8442600,0.0,0.0
2018-10-25 00:00:00-04:00,357.29998779296875,364.3900146484375,354.9700012207031,363.7699890136719,351.8493957519531,4003500,0.0,0.0
2018-10-26 00:00:00-04:00,360.70001220703125,363.29998779296875,354.1199951171875,359.2699890136719,347.49688720703125,4073000,0.0,0.0
2018-10-29 00:00:00-04:00,360.54998779296875,361.7099914550781,328.6300048828125,335.5899963378906,324.59283447265625,7462000,0.0,0.0
2018-10-30 00:00:00-04:00,330.3500061035156,351.04998779296875,329.7699890136719,349.9100036621094,338.443603515625,5774000,0.0,0.0
2018-10-31 00:00:00-04:00,352.510009765625,363.4100036621094,352.510009765625,354.8599853515625,343.2313232421875,4175600,0.0,0.0
2018-11-01 00:00:00-04:00,357.4700012207031,364.57000732421875,353.20001220703125,363.07000732421875,351.1723327636719,3760700,0.0,0.0
2018-11-02 00:00:00-04:00,366.9700012207031,371.5400085449219,356.760009765625,357.75,346.0267028808594,4029800,0.0,0.0
2018-11-05 00:00:00-05:00,359.760009765625,363.2900085449219,356.4800109863281,361.9800109863281,350.1180114746094,2253900,0.0,0.0
2018-11-06 00:00:00-05:00,362.4100036621094,368.44000244140625,362.1099853515625,366.4700012207031,354.46087646484375,2471900,0.0,0.0
2018-11-07 00:00:00-05:00,367.6400146484375,372.8500061035156,359.5,372.0199890136719,359.8289794921875,4015300,0.0,0.0
2018-11-08 00:00:00-05:00,369.3299865722656,373.70001220703125,365.54998779296875,370.7699890136719,360.2760009765625,2751800,1.71,0.0
2018-11-09 00:00:00-05:00,367.8299865722656,371.0,366.1199951171875,369.3399963378906,358.8865051269531,2590300,0.0,0.0
2018-11-12 00:00:00-05:00,370.2099914550781,370.4800109863281,355.989990234375,357.0299987792969,346.9248962402344,3088700,0.0,0.0
2018-11-13 00:00:00-05:00,349.54998779296875,355.3800048828125,342.0400085449219,349.510009765625,339.61773681640625,4960000,0.0,0.0
2018-11-14 00:00:00-05:00,352.0899963378906,355.8500061035156,343.8900146484375,344.7200012207031,334.96331787109375,3445800,0.0,0.0
2018-11-15 00:00:00-05:00,341.1199951171875,347.9800109863281,336.510009765625,341.57000732421875,331.90252685546875,4863000,0.0,0.0
2018-11-16 00:00:00-05:00,339.0,340.19000244140625,331.1600036621094,335.95001220703125,326.4415283203125,4425200,0.0,0.0
2018-11-19 00:00:00-05:00,335.54998779296875,336.0400085449219,317.20001220703125,320.94000244140625,311.85638427734375,6782800,0.0,0.0
2018-11-20 00:00:00-05:00,302.1000061035156,322.17999267578125,296.6099853515625,317.70001220703125,308.70806884765625,6875900,0.0,0.0
2018-11-21 00:00:00-05:00,325.07000732421875,326.8900146484375,315.57000732421875,317.32000732421875,308.3388366699219,4401000,0.0,0.0
2018-11-23 00:00:00-05:00,315.0,317.0,311.8699951171875,312.32000732421875,303.4803466796875,1599400,0.0,0.0
2018-11-26 00:00:00-05:00,315.55999755859375,318.5899963378906,310.6600036621094,316.3599853515625,307.4059753417969,3362300,0.0,0.0
2018-11-27 00:00:00-05:00,315.2799987792969,318.55999755859375,310.9599914550781,318.0299987792969,309.02874755859375,2946400,0.0,0.0
2018-11-28 00:00:00-05:00,325.7200012207031,334.010009765625,321.7300109863281,333.5,324.0609130859375,6117600,0.0,0.0
2018-11-29 00:00:00-05:00,335.9700012207031,343.2300109863281,334.05999755859375,342.55999755859375,332.8644714355469,5331900,0.0,0.0
2018-11-30 00:00:00-05:00,341.94000244140625,347.5799865722656,337.5,346.760009765625,336.94561767578125,5374000,0.0,0.0
2018-12-03 00:00:00-05:00,364.30999755859375,369.0,356.3699951171875,359.9599914550781,349.77203369140625,6573400,0.0,0.0
2018-12-04 00:00:00-05:00,357.0,358.32000732421875,341.739990234375,342.5,332.80615234375,5199100,0.0,0.0
2018-12-06 00:00:00-05:00,329.989990234375,333.6300048828125,317.29998779296875,331.8999938964844,322.5061950683594,9297400,0.0,0.0
2018-12-07 00:00:00-05:00,332.3500061035156,337.6099853515625,321.3900146484375,323.2200012207031,314.07183837890625,4526300,0.0,0.0
2018-12-10 00:00:00-05:00,321.2699890136719,327.20001220703125,315.510009765625,326.3500061035156,317.1132507324219,4400500,0.0,0.0
2018-12-11 00:00:00-05:00,333.25,334.489990234375,318.75,322.0299987792969,312.91552734375,3566400,0.0,0.0
2018-12-12 00:00:00-05:00,327.3800048828125,331.8999938964844,324.6600036621094,326.69000244140625,317.44366455078125,3424800,0.0,0.0
2018-12-13 00:00:00-05:00,328.3999938964844,328.739990234375,324.1700134277344,325.4700012207031,316.2581481933594,2247700,0.0,0.0
2018-12-14 00:00:00-05:00,322.45001220703125,323.9100036621094,315.55999755859375,318.75,309.7283630371094,3298400,0.0,0.0
2018-12-17 00:00:00-05:00,316.9100036621094,327.2200012207031,314.44000244140625,316.1300048828125,307.1825256347656,4968400,0.0,0.0
2018-12-18 00:00:00-05:00,325.4599914550781,332.0899963378906,323.20001220703125,328.05999755859375,318.7748718261719,5881100,0.0,0.0
2018-12-19 00:00:00-05:00,329.3299865722656,333.4800109863281,316.1000061035156,319.54998779296875,310.5057067871094,4871500,0.0,0.0
2018-12-20 00:00:00-05:00,317.0,321.82000732421875,308.0,313.04998779296875,304.18963623046875,5368600,0.0,0.0
2018-12-21 00:00:00-05:00,309.0899963378906,314.9700012207031,304.010009765625,304.54998779296875,295.9302673339844,7641700,0.0,0.0
2018-12-24 00:00:00-05:00,300.6499938964844,303.0,294.1600036621094,294.1600036621094,285.8343200683594,3435300,0.0,0.0
2018-12-26 00:00:00-05:00,298.6099853515625,314.0899963378906,292.4700012207031,313.92999267578125,305.0447692871094,4843400,0.0,0.0
2018-12-27 00:00:00-05:00,309.0400085449219,317.1400146484375,302.239990234375,317.1400146484375,308.1639404296875,4341100,0.0,0.0
2018-12-28 00:00:00-05:00,319.739990234375,321.5299987792969,315.1499938964844,316.3800048828125,307.4254150390625,3725200,0.0,0.0
2018-12-31 00:00:00-05:00,320.5,323.6400146484375,318.75,322.5,313.3722229003906,3557700,0.0,0.0
