Date,Open,High,Low,Close,Adj Close,Volume,Dividends,Stock Splits
2014-01-02 00:00:00-05:00,15.6899995803833,16.15999984741211,15.680000305175781,16.100000381469727,12.895574569702148,148709900,0.0,0.0
2014-01-03 00:00:00-05:00,16.270000457763672,16.5,16.229999542236328,16.40999984741211,13.143877983093262,129921800,0.0,0.0
2014-01-06 00:00:00-05:00,16.6299991607666,16.729999542236328,16.559999465942383,16.65999984741211,13.344114303588867,114431300,0.0,0.0
2014-01-07 00:00:00-05:00,16.770000457763672,16.790000915527344,16.450000762939453,16.5,13.215961456298828,110605100,0.0,0.0
2014-01-08 00:00:00-05:00,16.670000076293945,16.690000534057617,16.520000457763672,16.579999923706055,13.280038833618164,101036400,0.0,0.0
2014-01-09 00:00:00-05:00,16.670000076293945,16.93000030517578,16.610000610351562,16.829999923706055,13.480279922485352,100947200,0.0,0.0
2014-01-10 00:00:00-05:00,16.75,16.790000915527344,16.610000610351562,16.770000457763672,13.43222427368164,87454100,0.0,0.0
2014-01-13 00:00:00-05:00,16.790000915527344,16.799999237060547,16.399999618530273,16.43000030517578,13.159892082214355,90025400,0.0,0.0
2014-01-14 00:00:00-05:00,16.540000915527344,16.770000457763672,16.530000686645508,16.770000457763672,13.43222427368164,97786600,0.0,0.0
2014-01-15 00:00:00-05:00,17.229999542236328,17.420000076293945,17.110000610351562,17.149999618530273,13.736591339111328,329333100,0.0,0.0
2014-01-16 00:00:00-05:00,17.09000015258789,17.139999389648438,16.989999771118164,17.079999923706055,13.680524826049805,163613100,0.0,0.0
2014-01-17 00:00:00-05:00,17.200000762939453,17.219999313354492,16.989999771118164,17.010000228881836,13.624454498291016,96232200,0.0,0.0
2014-01-21 00:00:00-05:00,17.079999923706055,17.15999984741211,16.8700008392334,17.010000228881836,13.624454498291016,118269200,0.0,0.0
2014-01-22 00:00:00-05:00,17.079999923706055,17.149999618530273,17.0,17.149999618530273,13.736591339111328,68114400,0.0,0.0
2014-01-23 00:00:00-05:00,17.06999969482422,17.09000015258789,16.739999771118164,16.860000610351562,13.504307746887207,123765900,0.0,0.0
2014-01-24 00:00:00-05:00,16.670000076293945,16.719999313354492,16.450000762939453,16.450000762939453,13.175911903381348,112899300,0.0,0.0
2014-01-27 00:00:00-05:00,16.3700008392334,16.540000915527344,16.059999465942383,16.309999465942383,13.063776969909668,134872600,0.0,0.0
2014-01-28 00:00:00-05:00,16.450000762939453,16.760000228881836,16.3700008392334,16.729999542236328,13.400184631347656,92891300,0.0,0.0
2014-01-29 00:00:00-05:00,16.549999237060547,16.850000381469727,16.489999771118164,16.68000030517578,13.360136032104492,130026900,0.0,0.0
2014-01-30 00:00:00-05:00,16.809999465942383,16.989999771118164,16.770000457763672,16.93000030517578,13.560375213623047,91028200,0.0,0.0
2014-01-31 00:00:00-05:00,16.719999313354492,16.979999542236328,16.610000610351562,16.75,13.416206359863281,139432100,0.0,0.0
2014-02-03 00:00:00-05:00,16.770000457763672,16.8799991607666,16.299999237060547,16.350000381469727,13.09581470489502,159981200,0.0,0.0
2014-02-04 00:00:00-05:00,16.489999771118164,16.559999465942383,16.260000228881836,16.350000381469727,13.09581470489502,125337000,0.0,0.0
2014-02-05 00:00:00-05:00,16.309999465942383,16.450000762939453,16.149999618530273,16.399999618530273,13.135862350463867,110576200,0.0,0.0
2014-02-06 00:00:00-05:00,16.450000762939453,16.729999542236328,16.440000534057617,16.690000534057617,13.368142127990723,110029100,0.0,0.0
2014-02-07 00:00:00-05:00,16.81999969482422,16.8799991607666,16.6299991607666,16.81999969482422,13.472268104553223,122571100,0.0,0.0
2014-02-10 00:00:00-05:00,16.709999084472656,16.729999542236328,16.600000381469727,16.719999313354492,13.392173767089844,95792500,0.0,0.0
2014-02-11 00:00:00-05:00,16.729999542236328,16.920000076293945,16.639999389648438,16.8799991607666,13.520328521728516,92617500,0.0,0.0
2014-02-12 00:00:00-05:00,16.8700008392334,16.90999984741211,16.649999618530273,16.75,13.416206359863281,96948900,0.0,0.0
2014-02-13 00:00:00-05:00,16.649999618530273,16.81999969482422,16.6299991607666,16.75,13.416206359863281,95756900,0.0,0.0
2014-02-14 00:00:00-05:00,16.739999771118164,16.760000228881836,16.649999618530273,16.700000762939453,13.376155853271484,100684300,0.0,0.0
2014-02-18 00:00:00-05:00,16.700000762939453,16.739999771118164,16.469999313354492,16.469999313354492,13.191932678222656,121778600,0.0,0.0
2014-02-19 00:00:00-05:00,16.3799991607666,16.450000762939453,16.18000030517578,16.200000762939453,12.97567367553711,137734500,0.0,0.0
2014-02-20 00:00:00-05:00,16.219999313354492,16.360000610351562,16.18000030517578,16.299999237060547,13.055765151977539,107425900,0.0,0.0
2014-02-21 00:00:00-05:00,16.290000915527344,16.489999771118164,16.25,16.290000915527344,13.047757148742676,106236900,0.0,0.0
2014-02-24 00:00:00-05:00,16.299999237060547,16.6299991607666,16.299999237060547,16.530000686645508,13.239992141723633,102909600,0.0,0.0
2014-02-25 00:00:00-05:00,16.5,16.559999465942383,16.31999969482422,16.34000015258789,13.087807655334473,81457000,0.0,0.0
2014-02-26 00:00:00-05:00,16.360000610351562,16.399999618530273,16.1299991607666,16.329999923706055,13.07979679107666,89831600,0.0,0.0
2014-02-27 00:00:00-05:00,16.270000457763672,16.489999771118164,16.209999084472656,16.489999771118164,13.207951545715332,71314500,0.0,0.0
2014-02-28 00:00:00-05:00,16.489999771118164,16.649999618530273,16.350000381469727,16.530000686645508,13.239992141723633,126252100,0.0,0.0
2014-03-03 00:00:00-05:00,16.299999237060547,16.40999984741211,16.190000534057617,16.299999237060547,13.055765151977539,87526800,0.0,0.0
2014-03-04 00:00:00-05:00,16.479999542236328,16.739999771118164,16.43000030517578,16.729999542236328,13.400184631347656,100849900,0.0,0.0
2014-03-05 00:00:00-05:00,16.790000915527344,17.309999465942383,16.780000686645508,17.25,13.824951171875,207180000,0.01,0.0
2014-03-06 00:00:00-05:00,17.420000076293945,17.6299991607666,17.309999465942383,17.350000381469727,13.905094146728516,138078900,0.0,0.0
2014-03-07 00:00:00-05:00,17.540000915527344,17.59000015258789,17.25,17.329999923706055,13.88906478881836,109547100,0.0,0.0
2014-03-10 00:00:00-04:00,17.270000457763672,17.469999313354492,17.25,17.469999313354492,14.001264572143555,81732700,0.0,0.0
2014-03-11 00:00:00-04:00,17.510000228881836,17.520000457763672,17.25,17.270000457763672,13.840980529785156,90183400,0.0,0.0
2014-03-12 00:00:00-04:00,17.18000030517578,17.329999923706055,17.06999969482422,17.280000686645508,13.848994255065918,83309200,0.0,0.0
2014-03-13 00:00:00-04:00,17.34000015258789,17.469999313354492,17.06999969482422,17.15999984741211,13.752820014953613,100875700,0.0,0.0
2014-03-14 00:00:00-04:00,17.079999923706055,17.219999313354492,16.760000228881836,16.799999237060547,13.464299201965332,131297200,0.0,0.0
2014-03-17 00:00:00-04:00,16.979999542236328,17.170000076293945,16.969999313354492,17.110000610351562,13.712745666503906,79942200,0.0,0.0
2014-03-18 00:00:00-04:00,17.139999389648438,17.219999313354492,17.06999969482422,17.190000534057617,13.776866912841797,67402400,0.0,0.0
2014-03-19 00:00:00-04:00,17.15999984741211,17.489999771118164,17.1200008392334,17.440000534057617,13.97722339630127,105006500,0.0,0.0
2014-03-20 00:00:00-04:00,17.440000534057617,18.0,17.43000030517578,17.920000076293945,14.361919403076172,167048700,0.0,0.0
2014-03-21 00:00:00-04:00,18.030000686645508,18.030000686645508,17.559999465942383,17.559999465942383,14.073395729064941,155721000,0.0,0.0
2014-03-24 00:00:00-04:00,17.6200008392334,17.649999618530273,17.299999237060547,17.3700008392334,13.921121597290039,118500000,0.0,0.0
2014-03-25 00:00:00-04:00,17.489999771118164,17.579999923706055,17.200000762939453,17.209999084472656,13.792891502380371,98348600,0.0,0.0
2014-03-26 00:00:00-04:00,17.3799991607666,17.399999618530273,17.18000030517578,17.18000030517578,13.768851280212402,97573700,0.0,0.0
2014-03-27 00:00:00-04:00,17.280000686645508,17.489999771118164,16.829999923706055,17.010000228881836,13.632601737976074,175139500,0.0,0.0
2014-03-28 00:00:00-04:00,17.09000015258789,17.149999618530273,16.850000381469727,16.979999542236328,13.608562469482422,79909500,0.0,0.0
2014-03-31 00:00:00-04:00,17.149999618530273,17.270000457763672,17.1200008392334,17.200000762939453,13.784881591796875,62115800,0.0,0.0
2014-04-01 00:00:00-04:00,17.280000686645508,17.399999618530273,17.260000228881836,17.34000015258789,13.897082328796387,57423800,0.0,0.0
2014-04-02 00:00:00-04:00,17.350000381469727,17.3799991607666,17.1299991607666,17.229999542236328,13.808920860290527,65349000,0.0,0.0
2014-04-03 00:00:00-04:00,17.209999084472656,17.239999771118164,17.030000686645508,17.149999618530273,13.744808197021484,56534500,0.0,0.0
2014-04-04 00:00:00-04:00,17.209999084472656,17.219999313354492,16.700000762939453,16.719999313354492,13.400184631347656,110409600,0.0,0.0
2014-04-07 00:00:00-04:00,16.690000534057617,16.700000762939453,16.190000534057617,16.3799991607666,13.127690315246582,129464900,0.0,0.0
2014-04-08 00:00:00-04:00,16.3700008392334,16.5,16.25,16.440000534057617,13.17577838897705,75769700,0.0,0.0
2014-04-09 00:00:00-04:00,16.549999237060547,16.6299991607666,16.350000381469727,16.6200008392334,13.320040702819824,83096400,0.0,0.0
2014-04-10 00:00:00-04:00,16.6200008392334,16.6200008392334,16.100000381469727,16.1200008392334,12.919315338134766,98390900,0.0,0.0
2014-04-11 00:00:00-04:00,15.859999656677246,16.1299991607666,15.619999885559082,15.770000457763672,12.63880729675293,133757100,0.0,0.0
2014-04-14 00:00:00-04:00,16.049999237060547,16.219999313354492,15.779999732971191,16.0,12.82314395904541,99249400,0.0,0.0
2014-04-15 00:00:00-04:00,16.09000015258789,16.40999984741211,15.960000038146973,16.389999389648438,13.135705947875977,134956600,0.0,0.0
2014-04-16 00:00:00-04:00,16.200000762939453,16.219999313354492,15.779999732971191,16.1299991607666,12.927329063415527,172948900,0.0,0.0
2014-04-17 00:00:00-04:00,16.139999389648438,16.25,15.930000305175781,16.149999618530273,12.943359375,104765500,0.0,0.0
2014-04-21 00:00:00-04:00,16.149999618530273,16.170000076293945,16.030000686645508,16.09000015258789,12.895273208618164,51280500,0.0,0.0
2014-04-22 00:00:00-04:00,16.09000015258789,16.34000015258789,16.040000915527344,16.290000915527344,13.055562973022461,77888900,0.0,0.0
2014-04-23 00:00:00-04:00,16.299999237060547,16.399999618530273,16.229999542236328,16.3700008392334,13.119678497314453,52425600,0.0,0.0
2014-04-24 00:00:00-04:00,16.43000030517578,16.5,16.209999084472656,16.34000015258789,13.095635414123535,73910900,0.0,0.0
2014-04-25 00:00:00-04:00,16.100000381469727,16.229999542236328,15.930000305175781,15.949999809265137,12.78307056427002,84617700,0.0,0.0
2014-04-28 00:00:00-04:00,15.329999923706055,15.40999984741211,14.859999656677246,14.949999809265137,11.981623649597168,344935200,0.0,0.0
2014-04-29 00:00:00-04:00,15.039999961853027,15.300000190734863,14.90999984741211,15.239999771118164,12.214038848876953,155495000,0.0,0.0
2014-04-30 00:00:00-04:00,15.260000228881836,15.270000457763672,15.130000114440918,15.140000343322754,12.13389778137207,82359700,0.0,0.0
2014-05-01 00:00:00-04:00,15.140000343322754,15.220000267028809,15.029999732971191,15.09000015258789,12.093829154968262,68368300,0.0,0.0
2014-05-02 00:00:00-04:00,15.180000305175781,15.289999961853027,15.100000381469727,15.25,12.222057342529297,73562900,0.0,0.0
2014-05-05 00:00:00-04:00,15.079999923706055,15.130000114440918,15.020000457763672,15.079999923706055,12.085811614990234,51669100,0.0,0.0
2014-05-06 00:00:00-04:00,15.029999732971191,15.029999732971191,14.720000267028809,14.729999542236328,11.805304527282715,96268300,0.0,0.0
2014-05-07 00:00:00-04:00,14.859999656677246,14.920000076293945,14.75,14.800000190734863,11.861405372619629,91733000,0.0,0.0
2014-05-08 00:00:00-04:00,14.850000381469727,15.039999961853027,14.800000190734863,14.930000305175781,11.965597152709961,65232700,0.0,0.0
2014-05-09 00:00:00-04:00,14.949999809265137,14.989999771118164,14.670000076293945,14.739999771118164,11.81332015991211,86751600,0.0,0.0
2014-05-12 00:00:00-04:00,14.789999961853027,15.100000381469727,14.789999961853027,15.069999694824219,12.07779598236084,70669900,0.0,0.0
2014-05-13 00:00:00-04:00,15.039999961853027,15.100000381469727,14.9399995803833,15.029999732971191,12.045738220214844,58469100,0.0,0.0
2014-05-14 00:00:00-04:00,14.989999771118164,15.020000457763672,14.8100004196167,14.84000015258789,11.893462181091309,52431900,0.0,0.0
2014-05-15 00:00:00-04:00,14.819999694824219,14.829999923706055,14.390000343322754,14.550000190734863,11.661043167114258,104193000,0.0,0.0
2014-05-16 00:00:00-04:00,14.510000228881836,14.539999961853027,14.369999885559082,14.510000228881836,11.628985404968262,80476100,0.0,0.0
2014-05-19 00:00:00-04:00,14.430000305175781,14.699999809265137,14.380000114440918,14.670000076293945,11.757219314575195,51034700,0.0,0.0
2014-05-20 00:00:00-04:00,14.649999618530273,14.6899995803833,14.479999542236328,14.529999732971191,11.645014762878418,60108200,0.0,0.0
2014-05-21 00:00:00-04:00,14.59000015258789,14.710000038146973,14.5,14.609999656677246,11.709132194519043,64808600,0.0,0.0
2014-05-22 00:00:00-04:00,14.579999923706055,14.720000267028809,14.550000190734863,14.710000038146973,11.789277076721191,51929400,0.0,0.0
2014-05-23 00:00:00-04:00,14.710000038146973,14.8100004196167,14.649999618530273,14.720000267028809,11.797292709350586,51648900,0.0,0.0
2014-05-27 00:00:00-04:00,15.0,15.3100004196167,14.979999542236328,15.220000267028809,12.198013305664062,125398900,0.0,0.0
2014-05-28 00:00:00-04:00,15.270000457763672,15.279999732971191,15.029999732971191,15.140000343322754,12.13389778137207,72481700,0.0,0.0
2014-05-29 00:00:00-04:00,15.119999885559082,15.210000038146973,15.100000381469727,15.149999618530273,12.141913414001465,39423000,0.0,0.0
2014-05-30 00:00:00-04:00,15.119999885559082,15.229999542236328,15.069999694824219,15.140000343322754,12.13389778137207,45787100,0.0,0.0
2014-06-02 00:00:00-04:00,15.15999984741211,15.279999732971191,15.050000190734863,15.260000228881836,12.230071067810059,46374000,0.0,0.0
2014-06-03 00:00:00-04:00,15.199999809265137,15.279999732971191,15.109999656677246,15.210000038146973,12.1899995803833,49025400,0.0,0.0
2014-06-04 00:00:00-04:00,15.1899995803833,15.260000228881836,15.149999618530273,15.210000038146973,12.1899995803833,39757300,0.0,0.0
2014-06-05 00:00:00-04:00,15.279999732971191,15.479999542236328,15.220000267028809,15.430000305175781,12.366318702697754,60300500,0.0,0.0
2014-06-06 00:00:00-04:00,15.449999809265137,15.649999618530273,15.430000305175781,15.59000015258789,12.494547843933105,73930500,0.0,0.0
2014-06-09 00:00:00-04:00,15.600000381469727,15.880000114440918,15.600000381469727,15.84000015258789,12.694911003112793,78647900,0.0,0.0
2014-06-10 00:00:00-04:00,15.779999732971191,15.9399995803833,15.729999542236328,15.920000076293945,12.759028434753418,49852900,0.0,0.0
2014-06-11 00:00:00-04:00,15.6899995803833,15.819999694824219,15.550000190734863,15.59000015258789,12.494547843933105,73729300,0.0,0.0
2014-06-12 00:00:00-04:00,15.569999694824219,15.65999984741211,15.380000114440918,15.420000076293945,12.358304023742676,66173200,0.0,0.0
2014-06-13 00:00:00-04:00,15.460000038146973,15.550000190734863,15.329999923706055,15.4399995803833,12.3743314743042,61588100,0.0,0.0
2014-06-16 00:00:00-04:00,15.300000190734863,15.3100004196167,15.180000305175781,15.279999732971191,12.24610424041748,55425400,0.0,0.0
2014-06-17 00:00:00-04:00,15.270000457763672,15.619999885559082,15.260000228881836,15.59000015258789,12.494547843933105,58011600,0.0,0.0
2014-06-18 00:00:00-04:00,15.630000114440918,15.6899995803833,15.4399995803833,15.649999618530273,12.54263687133789,70220300,0.0,0.0
2014-06-19 00:00:00-04:00,15.65999984741211,15.670000076293945,15.5,15.550000190734863,12.462493896484375,40953900,0.0,0.0
2014-06-20 00:00:00-04:00,15.630000114440918,15.630000114440918,15.4399995803833,15.449999809265137,12.390313148498535,54765300,0.01,0.0
2014-06-23 00:00:00-04:00,15.470000267028809,15.649999618530273,15.380000114440918,15.640000343322754,12.542682647705078,58492200,0.0,0.0
2014-06-24 00:00:00-04:00,15.5600004196167,15.699999809265137,15.4399995803833,15.489999771118164,12.422391891479492,73262500,0.0,0.0
2014-06-25 00:00:00-04:00,15.449999809265137,15.489999771118164,15.279999732971191,15.470000267028809,12.406352996826172,71766400,0.0,0.0
2014-06-26 00:00:00-04:00,15.4399995803833,15.529999732971191,15.270000457763672,15.40999984741211,12.358235359191895,68519600,0.0,0.0
2014-06-27 00:00:00-04:00,15.380000114440918,15.420000076293945,15.3100004196167,15.329999923706055,12.294078826904297,58149200,0.0,0.0
2014-06-30 00:00:00-04:00,15.3100004196167,15.449999809265137,15.289999961853027,15.369999885559082,12.32615852355957,47274500,0.0,0.0
2014-07-01 00:00:00-04:00,15.380000114440918,15.649999618530273,15.380000114440918,15.600000381469727,12.510610580444336,74193500,0.0,0.0
2014-07-02 00:00:00-04:00,15.779999732971191,16.030000686645508,15.760000228881836,15.850000381469727,12.711098670959473,87685800,0.0,0.0
2014-07-03 00:00:00-04:00,16.06999969482422,16.229999542236328,16.0,16.030000686645508,12.855451583862305,70582300,0.0,0.0
2014-07-07 00:00:00-04:00,15.989999771118164,16.0,15.829999923706055,15.9399995803833,12.783276557922363,62437100,0.0,0.0
2014-07-08 00:00:00-04:00,15.819999694824219,15.829999923706055,15.520000457763672,15.579999923706055,12.4945707321167,73343400,0.0,0.0
2014-07-09 00:00:00-04:00,15.619999885559082,15.6899995803833,15.539999961853027,15.600000381469727,12.510610580444336,46415800,0.0,0.0
2014-07-10 00:00:00-04:00,15.329999923706055,15.529999732971191,15.25,15.4399995803833,12.382293701171875,61458500,0.0,0.0
2014-07-11 00:00:00-04:00,15.390000343322754,15.430000305175781,15.300000190734863,15.380000114440918,12.334175109863281,56849400,0.0,0.0
2014-07-14 00:00:00-04:00,15.619999885559082,15.670000076293945,15.520000457763672,15.569999694824219,12.486549377441406,59181700,0.0,0.0
2014-07-15 00:00:00-04:00,15.75,15.850000381469727,15.65999984741211,15.8100004196167,12.679019927978516,99946700,0.0,0.0
2014-07-16 00:00:00-04:00,15.65999984741211,15.65999984741211,15.430000305175781,15.510000228881836,12.438432693481445,123711700,0.0,0.0
2014-07-17 00:00:00-04:00,15.449999809265137,15.479999542236328,15.130000114440918,15.199999809265137,12.189824104309082,114839900,0.0,0.0
2014-07-18 00:00:00-04:00,15.270000457763672,15.5,15.25,15.489999771118164,12.422391891479492,74859200,0.0,0.0
2014-07-21 00:00:00-04:00,15.420000076293945,15.550000190734863,15.359999656677246,15.520000457763672,12.446455955505371,61802200,0.0,0.0
2014-07-22 00:00:00-04:00,15.59000015258789,15.619999885559082,15.470000267028809,15.520000457763672,12.446455955505371,58331100,0.0,0.0
2014-07-23 00:00:00-04:00,15.520000457763672,15.630000114440918,15.510000228881836,15.520000457763672,12.446455955505371,47253300,0.0,0.0
2014-07-24 00:00:00-04:00,15.5600004196167,15.640000343322754,15.550000190734863,15.619999885559082,12.526649475097656,46549800,0.0,0.0
2014-07-25 00:00:00-04:00,15.59000015258789,15.630000114440918,15.550000190734863,15.59000015258789,12.502588272094727,35627200,0.0,0.0
2014-07-28 00:00:00-04:00,15.59000015258789,15.609999656677246,15.460000038146973,15.5,12.430412292480469,39313000,0.0,0.0
2014-07-29 00:00:00-04:00,15.520000457763672,15.529999732971191,15.34000015258789,15.34000015258789,12.302098274230957,51480500,0.0,0.0
2014-07-30 00:00:00-04:00,15.430000305175781,15.670000076293945,15.3100004196167,15.579999923706055,12.4945707321167,83243100,0.0,0.0
2014-07-31 00:00:00-04:00,15.4399995803833,15.550000190734863,15.25,15.25,12.229923248291016,70677300,0.0,0.0
2014-08-01 00:00:00-04:00,15.180000305175781,15.390000343322754,14.84000015258789,14.979999542236328,12.01339054107666,115978900,0.0,0.0
2014-08-04 00:00:00-04:00,15.069999694824219,15.119999885559082,14.979999542236328,15.050000190734863,12.069526672363281,51954700,0.0,0.0
2014-08-05 00:00:00-04:00,15.010000228881836,15.199999809265137,14.899999618530273,15.0,12.02943229675293,65071500,0.0,0.0
2014-08-06 00:00:00-04:00,15.140000343322754,15.359999656677246,15.140000343322754,15.199999809265137,12.189824104309082,95977900,0.0,0.0
2014-08-07 00:00:00-04:00,15.4399995803833,15.4399995803833,15.09000015258789,15.119999885559082,12.125667572021484,80058300,0.0,0.0
2014-08-08 00:00:00-04:00,15.079999923706055,15.199999809265137,14.989999771118164,15.199999809265137,12.189824104309082,54495000,0.0,0.0
2014-08-11 00:00:00-04:00,15.260000228881836,15.270000457763672,15.149999618530273,15.220000267028809,12.205864906311035,41545100,0.0,0.0
2014-08-12 00:00:00-04:00,15.180000305175781,15.300000190734863,15.149999618530273,15.210000038146973,12.197843551635742,33674400,0.0,0.0
2014-08-13 00:00:00-04:00,15.25,15.289999961853027,15.199999809265137,15.25,12.229923248291016,34394600,0.0,0.0
2014-08-14 00:00:00-04:00,15.260000228881836,15.319999694824219,15.260000228881836,15.319999694824219,12.286063194274902,29934600,0.0,0.0
2014-08-15 00:00:00-04:00,15.34000015258789,15.40999984741211,15.140000343322754,15.220000267028809,12.205864906311035,61535500,0.0,0.0
2014-08-18 00:00:00-04:00,15.279999732971191,15.449999809265137,15.270000457763672,15.449999809265137,12.390313148498535,54968600,0.0,0.0
2014-08-19 00:00:00-04:00,15.520000457763672,15.649999618530273,15.4399995803833,15.449999809265137,12.390313148498535,44825500,0.0,0.0
2014-08-20 00:00:00-04:00,15.40999984741211,15.630000114440918,15.369999885559082,15.520000457763672,12.446455955505371,57825000,0.0,0.0
2014-08-21 00:00:00-04:00,15.6899995803833,16.219999313354492,15.619999885559082,16.15999984741211,12.959708213806152,177294400,0.0,0.0
2014-08-22 00:00:00-04:00,16.15999984741211,16.290000915527344,16.049999237060547,16.1299991607666,12.935647964477539,107641800,0.0,0.0
2014-08-25 00:00:00-04:00,16.270000457763672,16.399999618530273,16.200000762939453,16.290000915527344,13.063963890075684,89396500,0.0,0.0
2014-08-26 00:00:00-04:00,16.34000015258789,16.459999084472656,16.31999969482422,16.329999923706055,13.096038818359375,73323400,0.0,0.0
2014-08-27 00:00:00-04:00,16.3700008392334,16.389999389648438,16.139999389648438,16.200000762939453,12.991787910461426,63061800,0.0,0.0
2014-08-28 00:00:00-04:00,16.100000381469727,16.100000381469727,15.989999771118164,16.010000228881836,12.8394136428833,62170400,0.0,0.0
2014-08-29 00:00:00-04:00,16.049999237060547,16.139999389648438,16.020000457763672,16.09000015258789,12.903569221496582,50106600,0.0,0.0
2014-09-02 00:00:00-04:00,16.139999389648438,16.280000686645508,16.059999465942383,16.270000457763672,13.047922134399414,59400400,0.0,0.0
2014-09-03 00:00:00-04:00,16.270000457763672,16.280000686645508,16.040000915527344,16.100000381469727,12.95138931274414,67418900,0.05,0.0
2014-09-04 00:00:00-04:00,16.100000381469727,16.270000457763672,16.040000915527344,16.110000610351562,12.959433555603027,56378600,0.0,0.0
2014-09-05 00:00:00-04:00,16.049999237060547,16.06999969482422,15.899999618530273,16.020000457763672,12.887035369873047,80974900,0.0,0.0
2014-09-08 00:00:00-04:00,16.190000534057617,16.3700008392334,16.149999618530273,16.350000381469727,13.15250015258789,99411200,0.0,0.0
2014-09-09 00:00:00-04:00,16.25,16.260000228881836,16.100000381469727,16.139999389648438,12.983569145202637,82428900,0.0,0.0
2014-09-10 00:00:00-04:00,16.15999984741211,16.399999618530273,16.1299991607666,16.360000610351562,13.16054630279541,75656100,0.0,0.0
2014-09-11 00:00:00-04:00,16.31999969482422,16.6299991607666,16.299999237060547,16.56999969482422,13.329473495483398,106598100,0.0,0.0
2014-09-12 00:00:00-04:00,16.6200008392334,16.829999923706055,16.610000610351562,16.790000915527344,13.506450653076172,116306800,0.0,0.0
2014-09-15 00:00:00-04:00,16.799999237060547,16.93000030517578,16.6200008392334,16.739999771118164,13.466226577758789,87306900,0.0,0.0
2014-09-16 00:00:00-04:00,16.670000076293945,16.84000015258789,16.670000076293945,16.709999084472656,13.442093849182129,65017200,0.0,0.0
2014-09-17 00:00:00-04:00,16.709999084472656,16.93000030517578,16.68000030517578,16.770000457763672,13.490362167358398,82902700,0.0,0.0
2014-09-18 00:00:00-04:00,16.8799991607666,17.149999618530273,16.8700008392334,17.040000915527344,13.707562446594238,111923200,0.0,0.0
2014-09-19 00:00:00-04:00,17.149999618530273,17.170000076293945,16.8799991607666,16.950000762939453,13.635165214538574,88455000,0.0,0.0
2014-09-22 00:00:00-04:00,17.09000015258789,17.170000076293945,16.989999771118164,17.030000686645508,13.699514389038086,109276700,0.0,0.0
2014-09-23 00:00:00-04:00,17.049999237060547,17.200000762939453,17.030000686645508,17.049999237060547,13.715604782104492,91921900,0.0,0.0
2014-09-24 00:00:00-04:00,17.1200008392334,17.190000534057617,16.969999313354492,17.18000030517578,13.820183753967285,86396100,0.0,0.0
2014-09-25 00:00:00-04:00,17.15999984741211,17.18000030517578,16.850000381469727,16.850000381469727,13.554722785949707,104522500,0.0,0.0
2014-09-26 00:00:00-04:00,16.90999984741211,17.049999237060547,16.889999389648438,17.030000686645508,13.699514389038086,66785900,0.0,0.0
2014-09-29 00:00:00-04:00,16.90999984741211,17.049999237060547,16.8799991607666,17.010000228881836,13.683424949645996,68038300,0.0,0.0
2014-09-30 00:00:00-04:00,17.079999923706055,17.110000610351562,16.969999313354492,17.049999237060547,13.715604782104492,82217400,0.0,0.0
2014-10-01 00:00:00-04:00,17.06999969482422,17.09000015258789,16.799999237060547,16.81999969482422,13.530582427978516,91235900,0.0,0.0
2014-10-02 00:00:00-04:00,16.860000610351562,16.989999771118164,16.6299991607666,16.8799991607666,13.578849792480469,118018800,0.0,0.0
2014-10-03 00:00:00-04:00,17.110000610351562,17.299999237060547,17.059999465942383,17.290000915527344,13.908670425415039,110840600,0.0,0.0
2014-10-06 00:00:00-04:00,17.3700008392334,17.40999984741211,17.219999313354492,17.290000915527344,13.908670425415039,66212100,0.0,0.0
2014-10-07 00:00:00-04:00,17.18000030517578,17.200000762939453,16.8799991607666,16.8799991607666,13.578849792480469,91396300,0.0,0.0
2014-10-08 00:00:00-04:00,16.8799991607666,17.1200008392334,16.719999313354492,17.1200008392334,13.771916389465332,101266800,0.0,0.0
2014-10-09 00:00:00-04:00,17.040000915527344,17.110000610351562,16.549999237060547,16.59000015258789,13.345565795898438,121363100,0.0,0.0
2014-10-10 00:00:00-04:00,16.520000457763672,16.770000457763672,16.360000610351562,16.479999542236328,13.257078170776367,129552700,0.0,0.0
2014-10-13 00:00:00-04:00,16.479999542236328,16.670000076293945,16.399999618530273,16.399999618530273,13.192720413208008,92674100,0.0,0.0
2014-10-14 00:00:00-04:00,16.510000228881836,16.6299991607666,16.360000610351562,16.520000457763672,13.289258003234863,97451900,0.0,0.0
2014-10-15 00:00:00-04:00,16.229999542236328,16.239999771118164,15.430000305175781,15.760000228881836,12.677885055541992,216591800,0.0,0.0
2014-10-16 00:00:00-04:00,15.609999656677246,16.25,15.520000457763672,16.079999923706055,12.935301780700684,148199400,0.0,0.0
2014-10-17 00:00:00-04:00,16.25,16.40999984741211,16.15999984741211,16.209999084472656,13.039878845214844,94339200,0.0,0.0
2014-10-20 00:00:00-04:00,16.200000762939453,16.329999923706055,16.15999984741211,16.260000228881836,13.08010196685791,76510700,0.0,0.0
2014-10-21 00:00:00-04:00,16.43000030517578,16.610000610351562,16.309999465942383,16.600000381469727,13.35361099243164,78287300,0.0,0.0
2014-10-22 00:00:00-04:00,16.59000015258789,16.700000762939453,16.3700008392334,16.399999618530273,13.192720413208008,85199800,0.0,0.0
2014-10-23 00:00:00-04:00,16.579999923706055,16.729999542236328,16.520000457763672,16.600000381469727,13.35361099243164,68436600,0.0,0.0
2014-10-24 00:00:00-04:00,16.6299991607666,16.719999313354492,16.559999465942383,16.719999313354492,13.450140953063965,41951400,0.0,0.0
2014-10-27 00:00:00-04:00,16.68000030517578,16.690000534057617,16.5,16.59000015258789,13.345565795898438,51500000,0.0,0.0
2014-10-28 00:00:00-04:00,16.6200008392334,16.799999237060547,16.610000610351562,16.799999237060547,13.514492988586426,71850800,0.0,0.0
2014-10-29 00:00:00-04:00,16.770000457763672,17.020000457763672,16.709999084472656,16.989999771118164,13.667339324951172,99875700,0.0,0.0
2014-10-30 00:00:00-04:00,16.959999084472656,17.1200008392334,16.84000015258789,17.030000686645508,13.699514389038086,72579100,0.0,0.0
2014-10-31 00:00:00-04:00,17.170000076293945,17.219999313354492,17.100000381469727,17.15999984741211,13.804093360900879,82788900,0.0,0.0
2014-11-03 00:00:00-05:00,17.18000030517578,17.350000381469727,17.100000381469727,17.270000457763672,13.89258098602295,64050700,0.0,0.0
2014-11-04 00:00:00-05:00,17.219999313354492,17.299999237060547,17.020000457763672,17.209999084472656,13.844313621520996,53515400,0.0,0.0
2014-11-05 00:00:00-05:00,17.31999969482422,17.3700008392334,17.209999084472656,17.34000015258789,13.948891639709473,58608200,0.0,0.0
2014-11-06 00:00:00-05:00,17.34000015258789,17.399999618530273,17.280000686645508,17.360000610351562,13.964975357055664,57339200,0.0,0.0
2014-11-07 00:00:00-05:00,17.309999465942383,17.3799991607666,17.219999313354492,17.360000610351562,13.964975357055664,53907800,0.0,0.0
2014-11-10 00:00:00-05:00,17.360000610351562,17.399999618530273,17.299999237060547,17.3700008392334,13.973020553588867,54261100,0.0,0.0
2014-11-11 00:00:00-05:00,17.3700008392334,17.459999084472656,17.299999237060547,17.31999969482422,13.932804107666016,62236000,0.0,0.0
2014-11-12 00:00:00-05:00,17.239999771118164,17.299999237060547,17.06999969482422,17.290000915527344,13.908670425415039,48669100,0.0,0.0
2014-11-13 00:00:00-05:00,17.290000915527344,17.299999237060547,17.1200008392334,17.219999313354492,13.852356910705566,50586300,0.0,0.0
2014-11-14 00:00:00-05:00,17.170000076293945,17.25,17.100000381469727,17.139999389648438,13.788002014160156,41144600,0.0,0.0
2014-11-17 00:00:00-05:00,17.059999465942383,17.139999389648438,16.969999313354492,17.09000015258789,13.747783660888672,43393300,0.0,0.0
2014-11-18 00:00:00-05:00,17.06999969482422,17.219999313354492,17.059999465942383,17.139999389648438,13.788002014160156,39490700,0.0,0.0
2014-11-19 00:00:00-05:00,17.149999618530273,17.149999618530273,17.010000228881836,17.059999465942383,13.72364616394043,49441600,0.0,0.0
2014-11-20 00:00:00-05:00,16.959999084472656,17.010000228881836,16.829999923706055,17.0,13.675379753112793,49652100,0.0,0.0
2014-11-21 00:00:00-05:00,17.149999618530273,17.190000534057617,17.059999465942383,17.1200008392334,13.771916389465332,63000000,0.0,0.0
2014-11-24 00:00:00-05:00,17.15999984741211,17.280000686645508,17.079999923706055,17.18000030517578,13.820183753967285,52785700,0.0,0.0
2014-11-25 00:00:00-05:00,17.229999542236328,17.260000228881836,17.079999923706055,17.100000381469727,13.755826950073242,44786300,0.0,0.0
2014-11-26 00:00:00-05:00,17.1200008392334,17.149999618530273,17.040000915527344,17.110000610351562,13.763866424560547,27310300,0.0,0.0
2014-11-28 00:00:00-05:00,17.06999969482422,17.149999618530273,17.030000686645508,17.040000915527344,13.707562446594238,27834900,0.0,0.0
2014-12-01 00:00:00-05:00,16.920000076293945,16.940000534057617,16.729999542236328,16.790000915527344,13.506450653076172,61173100,0.0,0.0
2014-12-02 00:00:00-05:00,16.8700008392334,17.149999618530273,16.860000610351562,17.149999618530273,13.796051025390625,62945200,0.0,0.0
2014-12-03 00:00:00-05:00,17.100000381469727,17.299999237060547,17.059999465942383,17.290000915527344,13.94933795928955,70104200,0.05,0.0
2014-12-04 00:00:00-05:00,17.239999771118164,17.34000015258789,17.1299991607666,17.209999084472656,13.884794235229492,49412800,0.0,0.0
2014-12-05 00:00:00-05:00,17.40999984741211,17.709999084472656,17.350000381469727,17.68000030517578,14.263982772827148,131824000,0.0,0.0
2014-12-08 00:00:00-05:00,17.65999984741211,17.8700008392334,17.510000228881836,17.65999984741211,14.247846603393555,101035100,0.0,0.0
2014-12-09 00:00:00-05:00,17.18000030517578,17.59000015258789,17.170000076293945,17.559999465942383,14.167170524597168,95939400,0.0,0.0
2014-12-10 00:00:00-05:00,17.479999542236328,17.68000030517578,17.3700008392334,17.3799991607666,14.021947860717773,103611100,0.0,0.0
2014-12-11 00:00:00-05:00,17.440000534057617,17.649999618530273,17.440000534057617,17.469999313354492,14.09455394744873,80173200,0.0,0.0
2014-12-12 00:00:00-05:00,17.469999313354492,17.469999313354492,17.1299991607666,17.1299991607666,13.820249557495117,88886700,0.0,0.0
2014-12-15 00:00:00-05:00,17.299999237060547,17.309999465942383,16.760000228881836,16.850000381469727,13.594350814819336,101305300,0.0,0.0
2014-12-16 00:00:00-05:00,16.739999771118164,17.190000534057617,16.59000015258789,16.719999313354492,13.489466667175293,96112000,0.0,0.0
2014-12-17 00:00:00-05:00,16.8700008392334,17.270000457763672,16.81999969482422,17.260000228881836,13.925135612487793,92164100,0.0,0.0
2014-12-18 00:00:00-05:00,17.469999313354492,17.530000686645508,17.34000015258789,17.530000686645508,14.142963409423828,79334000,0.0,0.0
2014-12-19 00:00:00-05:00,17.489999771118164,17.700000762939453,17.489999771118164,17.6200008392334,14.215581893920898,105588200,0.0,0.0
2014-12-22 00:00:00-05:00,17.649999618530273,17.729999542236328,17.549999237060547,17.709999084472656,14.288187980651855,70969300,0.0,0.0
2014-12-23 00:00:00-05:00,17.829999923706055,17.989999771118164,17.780000686645508,17.93000030517578,14.465676307678223,94405200,0.0,0.0
2014-12-24 00:00:00-05:00,17.969999313354492,18.100000381469727,17.920000076293945,17.979999542236328,14.50601863861084,35091300,0.0,0.0
2014-12-26 00:00:00-05:00,18.020000457763672,18.049999237060547,17.950000762939453,17.979999542236328,14.50601863861084,34362500,0.0,0.0
2014-12-29 00:00:00-05:00,17.969999313354492,18.190000534057617,17.90999984741211,18.110000610351562,14.61090087890625,58370900,0.0,0.0
2014-12-30 00:00:00-05:00,18.040000915527344,18.18000030517578,18.010000228881836,18.1299991607666,14.627036094665527,41433500,0.0,0.0
2014-12-31 00:00:00-05:00,18.190000534057617,18.209999084472656,17.889999389648438,17.889999389648438,14.43341064453125,57819600,0.0,0.0
2015-01-02 00:00:00-05:00,17.989999771118164,18.030000686645508,17.68000030517578,17.899999618530273,14.44147777557373,48951100,0.0,0.0
2015-01-05 00:00:00-05:00,17.790000915527344,17.809999465942383,17.290000915527344,17.3799991607666,14.021947860717773,105605500,0.0,0.0
2015-01-06 00:00:00-05:00,17.420000076293945,17.440000534057617,16.780000686645508,16.860000610351562,13.602416038513184,144912400,0.0,0.0
2015-01-07 00:00:00-05:00,17.139999389648438,17.18000030517578,16.8700008392334,16.940000534057617,13.666961669921875,104603800,0.0,0.0
2015-01-08 00:00:00-05:00,17.15999984741211,17.34000015258789,17.100000381469727,17.290000915527344,13.94933795928955,73388500,0.0,0.0
2015-01-09 00:00:00-05:00,17.3799991607666,17.3799991607666,16.950000762939453,16.979999542236328,13.699235916137695,84144600,0.0,0.0
2015-01-12 00:00:00-05:00,17.020000457763672,17.030000686645508,16.65999984741211,16.68000030517578,13.457198143005371,92762500,0.0,0.0
2015-01-13 00:00:00-05:00,16.81999969482422,16.889999389648438,16.31999969482422,16.450000762939453,13.271637916564941,100845400,0.0,0.0
2015-01-14 00:00:00-05:00,16.0,16.219999313354492,15.770000457763672,16.040000915527344,12.940855979919434,164779800,0.0,0.0
2015-01-15 00:00:00-05:00,15.59000015258789,15.760000228881836,15.149999618530273,15.199999809265137,12.263151168823242,193241300,0.0,0.0
2015-01-16 00:00:00-05:00,15.15999984741211,15.399999618530273,14.970000267028809,15.380000114440918,12.408374786376953,149802000,0.0,0.0
2015-01-20 00:00:00-05:00,15.59000015258789,15.630000114440918,15.199999809265137,15.260000228881836,12.31155776977539,123402800,0.0,0.0
2015-01-21 00:00:00-05:00,15.279999732971191,15.569999694824219,15.149999618530273,15.40999984741211,12.432577133178711,101054200,0.0,0.0
2015-01-22 00:00:00-05:00,15.550000190734863,16.190000534057617,15.430000305175781,16.09000015258789,12.981195449829102,183042100,0.0,0.0
2015-01-23 00:00:00-05:00,16.040000915527344,16.190000534057617,15.729999542236328,15.729999542236328,12.69074821472168,103376900,0.0,0.0
2015-01-26 00:00:00-05:00,15.720000267028809,15.930000305175781,15.699999809265137,15.850000381469727,12.78756332397461,69969300,0.0,0.0
2015-01-27 00:00:00-05:00,15.550000190734863,15.789999961853027,15.479999542236328,15.630000114440918,12.610071182250977,86184200,0.0,0.0
2015-01-28 00:00:00-05:00,15.720000267028809,15.729999542236328,15.180000305175781,15.199999809265137,12.263151168823242,105359800,0.0,0.0
2015-01-29 00:00:00-05:00,15.3100004196167,15.489999771118164,15.199999809265137,15.430000305175781,12.448715209960938,76095800,0.0,0.0
2015-01-30 00:00:00-05:00,15.229999542236328,15.470000267028809,15.149999618530273,15.149999618530273,12.22281551361084,99844600,0.0,0.0
2015-02-02 00:00:00-05:00,15.270000457763672,15.489999771118164,15.119999885559082,15.460000038146973,12.472916603088379,101586700,0.0,0.0
2015-02-03 00:00:00-05:00,15.619999885559082,15.930000305175781,15.609999656677246,15.890000343322754,12.819838523864746,105159400,0.0,0.0
2015-02-04 00:00:00-05:00,15.789999961853027,16.0,15.75,15.789999961853027,12.73915958404541,83848100,0.0,0.0
2015-02-05 00:00:00-05:00,15.979999542236328,16.09000015258789,15.899999618530273,15.970000267028809,12.884379386901855,92264700,0.0,0.0
2015-02-06 00:00:00-05:00,16.299999237060547,16.75,16.219999313354492,16.489999771118164,13.30390739440918,160832300,0.0,0.0
2015-02-09 00:00:00-05:00,16.350000381469727,16.5,16.25,16.350000381469727,13.190957069396973,95532900,0.0,0.0
2015-02-10 00:00:00-05:00,16.559999465942383,16.6200008392334,16.350000381469727,16.420000076293945,13.247431755065918,100322800,0.0,0.0
2015-02-11 00:00:00-05:00,16.329999923706055,16.450000762939453,16.209999084472656,16.360000610351562,13.199027061462402,99924400,0.0,0.0
2015-02-12 00:00:00-05:00,16.40999984741211,16.729999542236328,16.3700008392334,16.670000076293945,13.449130058288574,116394100,0.0,0.0
2015-02-13 00:00:00-05:00,16.729999542236328,16.790000915527344,16.540000915527344,16.610000610351562,13.400721549987793,93632700,0.0,0.0
2015-02-17 00:00:00-05:00,16.520000457763672,16.68000030517578,16.3700008392334,16.6299991607666,13.416854858398438,93350600,0.0,0.0
2015-02-18 00:00:00-05:00,16.549999237060547,16.559999465942383,16.239999771118164,16.299999237060547,13.150614738464355,84057400,0.0,0.0
2015-02-19 00:00:00-05:00,16.209999084472656,16.3799991607666,16.079999923706055,16.209999084472656,13.078006744384766,83604300,0.0,0.0
2015-02-20 00:00:00-05:00,16.139999389648438,16.43000030517578,16.010000228881836,16.3799991607666,13.215161323547363,89763600,0.0,0.0
2015-02-23 00:00:00-05:00,16.31999969482422,16.31999969482422,16.100000381469727,16.200000762939453,13.069941520690918,87623700,0.0,0.0
2015-02-24 00:00:00-05:00,16.270000457763672,16.549999237060547,16.25,16.3799991607666,13.215161323547363,74109600,0.0,0.0
2015-02-25 00:00:00-05:00,16.3700008392334,16.5,16.31999969482422,16.489999771118164,13.30390739440918,57201000,0.0,0.0
2015-02-26 00:00:00-05:00,16.420000076293945,16.440000534057617,15.899999618530273,16.040000915527344,12.940855979919434,161100700,0.0,0.0
2015-02-27 00:00:00-05:00,15.779999732971191,15.880000114440918,15.619999885559082,15.8100004196167,12.755293846130371,130448200,0.0,0.0
2015-03-02 00:00:00-05:00,15.789999961853027,16.030000686645508,15.720000267028809,16.010000228881836,12.916650772094727,71402400,0.0,0.0
2015-03-03 00:00:00-05:00,16.030000686645508,16.149999618530273,15.960000038146973,16.040000915527344,12.940855979919434,65689800,0.0,0.0
2015-03-04 00:00:00-05:00,15.960000038146973,15.979999542236328,15.760000228881836,15.84000015258789,12.819457054138184,78441600,0.05,0.0
2015-03-05 00:00:00-05:00,15.920000076293945,16.030000686645508,15.75,16.0,12.948949813842773,69510000,0.0,0.0
2015-03-06 00:00:00-05:00,16.0,16.6200008392334,16.0,16.219999313354492,13.126996994018555,163207200,0.0,0.0
2015-03-09 00:00:00-04:00,16.309999465942383,16.329999923706055,16.1200008392334,16.170000076293945,13.086528778076172,72912700,0.0,0.0
2015-03-10 00:00:00-04:00,16.040000915527344,16.1299991607666,15.789999961853027,15.789999961853027,12.7789945602417,85633600,0.0,0.0
2015-03-11 00:00:00-04:00,15.920000076293945,16.15999984741211,15.869999885559082,16.110000610351562,13.037970542907715,85910100,0.0,0.0
2015-03-12 00:00:00-04:00,16.049999237060547,16.209999084472656,15.899999618530273,16.09000015258789,13.021787643432617,126376300,0.0,0.0
2015-03-13 00:00:00-04:00,16.079999923706055,16.149999618530273,15.9399995803833,16.09000015258789,13.021787643432617,88581900,0.0,0.0
2015-03-16 00:00:00-04:00,16.110000610351562,16.219999313354492,15.850000381469727,16.1299991607666,13.054157257080078,63406500,0.0,0.0
2015-03-17 00:00:00-04:00,16.06999969482422,16.1200008392334,15.960000038146973,16.09000015258789,13.021787643432617,67315000,0.0,0.0
2015-03-18 00:00:00-04:00,16.010000228881836,16.100000381469727,15.90999984741211,15.979999542236328,12.932760238647461,86387600,0.0,0.0
2015-03-19 00:00:00-04:00,15.960000038146973,15.970000267028809,15.609999656677246,15.609999656677246,12.633315086364746,109169200,0.0,0.0
2015-03-20 00:00:00-04:00,15.699999809265137,15.930000305175781,15.640000343322754,15.84000015258789,12.819457054138184,99867700,0.0,0.0
2015-03-23 00:00:00-04:00,15.819999694824219,15.880000114440918,15.720000267028809,15.720000267028809,12.722338676452637,73773500,0.0,0.0
2015-03-24 00:00:00-04:00,15.729999542236328,15.800000190734863,15.609999656677246,15.609999656677246,12.633315086364746,77011000,0.0,0.0
2015-03-25 00:00:00-04:00,15.630000114440918,15.649999618530273,15.399999618530273,15.40999984741211,12.471451759338379,88541500,0.0,0.0
2015-03-26 00:00:00-04:00,15.390000343322754,15.539999961853027,15.260000228881836,15.420000076293945,12.479545593261719,76741500,0.0,0.0
2015-03-27 00:00:00-04:00,15.479999542236328,15.489999771118164,15.270000457763672,15.3100004196167,12.390522956848145,73140800,0.0,0.0
2015-03-30 00:00:00-04:00,15.420000076293945,15.609999656677246,15.399999618530273,15.520000457763672,12.560480117797852,70835300,0.0,0.0
2015-03-31 00:00:00-04:00,15.5,15.520000457763672,15.380000114440918,15.390000343322754,12.455267906188965,61381700,0.0,0.0
2015-04-01 00:00:00-04:00,15.420000076293945,15.460000038146973,15.25,15.40999984741211,12.471451759338379,73153900,0.0,0.0
2015-04-02 00:00:00-04:00,15.430000305175781,15.619999885559082,15.430000305175781,15.539999961853027,12.576664924621582,50443500,0.0,0.0
2015-04-06 00:00:00-04:00,15.390000343322754,15.600000381469727,15.34000015258789,15.510000228881836,12.552384376525879,51189500,0.0,0.0
2015-04-07 00:00:00-04:00,15.529999732971191,15.649999618530273,15.449999809265137,15.460000038146973,12.511918067932129,50057800,0.0,0.0
2015-04-08 00:00:00-04:00,15.510000228881836,15.739999771118164,15.5,15.609999656677246,12.633315086364746,71732500,0.0,0.0
2015-04-09 00:00:00-04:00,15.630000114440918,15.760000228881836,15.529999732971191,15.710000038146973,12.714244842529297,44935600,0.0,0.0
2015-04-10 00:00:00-04:00,15.6899995803833,15.789999961853027,15.600000381469727,15.720000267028809,12.722338676452637,43817700,0.0,0.0
2015-04-13 00:00:00-04:00,15.779999732971191,15.859999656677246,15.739999771118164,15.800000190734863,12.787083625793457,49191200,0.0,0.0
2015-04-14 00:00:00-04:00,15.880000114440918,15.949999809265137,15.710000038146973,15.819999694824219,12.80327033996582,84385400,0.0,0.0
2015-04-15 00:00:00-04:00,15.699999809265137,15.850000381469727,15.59000015258789,15.640000343322754,12.657598495483398,124479100,0.0,0.0
2015-04-16 00:00:00-04:00,15.640000343322754,15.9399995803833,15.579999923706055,15.789999961853027,12.7789945602417,105591000,0.0,0.0
2015-04-17 00:00:00-04:00,15.710000038146973,15.75,15.5,15.5600004196167,12.59284782409668,88994300,0.0,0.0
2015-04-20 00:00:00-04:00,15.619999885559082,15.6899995803833,15.5600004196167,15.569999694824219,12.600944519042969,53649400,0.0,0.0
2015-04-21 00:00:00-04:00,15.600000381469727,15.640000343322754,15.430000305175781,15.5,12.544293403625488,64033100,0.0,0.0
2015-04-22 00:00:00-04:00,15.550000190734863,15.829999923706055,15.489999771118164,15.739999771118164,12.738529205322266,73092800,0.0,0.0
2015-04-23 00:00:00-04:00,15.720000267028809,15.800000190734863,15.680000305175781,15.6899995803833,12.698058128356934,50292200,0.0,0.0
2015-04-24 00:00:00-04:00,15.710000038146973,15.75,15.609999656677246,15.640000343322754,12.657598495483398,40766100,0.0,0.0
2015-04-27 00:00:00-04:00,15.630000114440918,15.760000228881836,15.5600004196167,15.5600004196167,12.59284782409668,73523400,0.0,0.0
2015-04-28 00:00:00-04:00,15.579999923706055,15.710000038146973,15.5,15.649999618530273,12.665688514709473,58080100,0.0,0.0
2015-04-29 00:00:00-04:00,15.600000381469727,16.040000915527344,15.569999694824219,15.979999542236328,12.932760238647461,134499400,0.0,0.0
2015-04-30 00:00:00-04:00,16.0,16.049999237060547,15.800000190734863,15.930000305175781,12.892292976379395,78313900,0.0,0.0
2015-05-01 00:00:00-04:00,16.0,16.149999618530273,15.920000076293945,16.110000610351562,13.037970542907715,78171400,0.0,0.0
2015-05-04 00:00:00-04:00,16.139999389648438,16.450000762939453,16.1200008392334,16.440000534057617,13.305039405822754,76592300,0.0,0.0
2015-05-05 00:00:00-04:00,16.420000076293945,16.610000610351562,16.329999923706055,16.350000381469727,13.232205390930176,106148700,0.0,0.0
2015-05-06 00:00:00-04:00,16.360000610351562,16.489999771118164,16.079999923706055,16.290000915527344,13.183648109436035,96426500,0.0,0.0
2015-05-07 00:00:00-04:00,16.229999542236328,16.329999923706055,16.09000015258789,16.239999771118164,13.143180847167969,73794800,0.0,0.0
2015-05-08 00:00:00-04:00,16.31999969482422,16.459999084472656,16.219999313354492,16.450000762939453,13.31313705444336,86333700,0.0,0.0
2015-05-11 00:00:00-04:00,16.450000762939453,16.59000015258789,16.43000030517578,16.489999771118164,13.345507621765137,56246000,0.0,0.0
2015-05-12 00:00:00-04:00,16.459999084472656,16.479999542236328,16.350000381469727,16.43000030517578,13.296951293945312,59627100,0.0,0.0
2015-05-13 00:00:00-04:00,16.440000534057617,16.520000457763672,16.360000610351562,16.469999313354492,13.329320907592773,47330600,0.0,0.0
2015-05-14 00:00:00-04:00,16.530000686645508,16.59000015258789,16.450000762939453,16.520000457763672,13.36978816986084,55395700,0.0,0.0
2015-05-15 00:00:00-04:00,16.520000457763672,16.520000457763672,16.299999237060547,16.350000381469727,13.232205390930176,54937800,0.0,0.0
2015-05-18 00:00:00-04:00,16.309999465942383,16.540000915527344,16.309999465942383,16.510000228881836,13.361692428588867,51059900,0.0,0.0
2015-05-19 00:00:00-04:00,16.59000015258789,16.780000686645508,16.579999923706055,16.770000457763672,13.572113037109375,89115500,0.0,0.0
2015-05-20 00:00:00-04:00,16.780000686645508,16.850000381469727,16.6299991607666,16.739999771118164,13.547833442687988,67684000,0.0,0.0
2015-05-21 00:00:00-04:00,16.709999084472656,16.75,16.559999465942383,16.729999542236328,13.539740562438965,52056600,0.0,0.0
2015-05-22 00:00:00-04:00,16.719999313354492,16.799999237060547,16.700000762939453,16.75,13.555927276611328,47032900,0.0,0.0
2015-05-26 00:00:00-04:00,16.729999542236328,16.729999542236328,16.43000030517578,16.5,13.353602409362793,100048200,0.0,0.0
2015-05-27 00:00:00-04:00,16.559999465942383,16.75,16.540000915527344,16.739999771118164,13.547833442687988,70026700,0.0,0.0
2015-05-28 00:00:00-04:00,16.719999313354492,16.729999542236328,16.579999923706055,16.670000076293945,13.49118423461914,60970000,0.0,0.0
2015-05-29 00:00:00-04:00,16.65999984741211,16.670000076293945,16.469999313354492,16.5,13.353602409362793,74266200,0.0,0.0
2015-06-01 00:00:00-04:00,16.579999923706055,16.639999389648438,16.469999313354492,16.549999237060547,13.394065856933594,62941600,0.0,0.0
2015-06-02 00:00:00-04:00,16.520000457763672,16.760000228881836,16.5,16.719999313354492,13.531648635864258,65513200,0.0,0.0
2015-06-03 00:00:00-04:00,16.670000076293945,17.020000457763672,16.670000076293945,16.93000030517578,13.742698669433594,89614900,0.05,0.0
2015-06-04 00:00:00-04:00,16.8700008392334,16.979999542236328,16.719999313354492,16.780000686645508,13.620942115783691,61025500,0.0,0.0
2015-06-05 00:00:00-04:00,17.040000915527344,17.350000381469727,16.969999313354492,17.190000534057617,13.953752517700195,119087400,0.0,0.0
2015-06-08 00:00:00-04:00,17.270000457763672,17.329999923706055,17.049999237060547,17.079999923706055,13.864462852478027,69749600,0.0,0.0
2015-06-09 00:00:00-04:00,17.049999237060547,17.350000381469727,17.0,17.309999465942383,14.051159858703613,82104900,0.0,0.0
2015-06-10 00:00:00-04:00,17.389999389648438,17.6200008392334,17.360000610351562,17.59000015258789,14.278448104858398,102643100,0.0,0.0
2015-06-11 00:00:00-04:00,17.6200008392334,17.68000030517578,17.440000534057617,17.489999771118164,14.197273254394531,77191500,0.0,0.0
2015-06-12 00:00:00-04:00,17.450000762939453,17.579999923706055,17.360000610351562,17.489999771118164,14.197273254394531,53149400,0.0,0.0
2015-06-15 00:00:00-04:00,17.329999923706055,17.5,17.25,17.469999313354492,14.181032180786133,68053400,0.0,0.0
2015-06-16 00:00:00-04:00,17.459999084472656,17.559999465942383,17.3700008392334,17.549999237060547,14.245981216430664,47291200,0.0,0.0
2015-06-17 00:00:00-04:00,17.59000015258789,17.600000381469727,17.299999237060547,17.3700008392334,14.099864959716797,88712100,0.0,0.0
2015-06-18 00:00:00-04:00,17.350000381469727,17.399999618530273,17.219999313354492,17.3799991607666,14.10798168182373,97599900,0.0,0.0
2015-06-19 00:00:00-04:00,17.280000686645508,17.389999389648438,17.1200008392334,17.170000076293945,13.937516212463379,83395400,0.0,0.0
2015-06-22 00:00:00-04:00,17.360000610351562,17.530000686645508,17.350000381469727,17.469999313354492,14.181032180786133,58477700,0.0,0.0
2015-06-23 00:00:00-04:00,17.559999465942383,17.719999313354492,17.559999465942383,17.670000076293945,14.343384742736816,63865700,0.0,0.0
2015-06-24 00:00:00-04:00,17.530000686645508,17.690000534057617,17.450000762939453,17.489999771118164,14.197273254394531,59079500,0.0,0.0
2015-06-25 00:00:00-04:00,17.56999969482422,17.6200008392334,17.350000381469727,17.3700008392334,14.099864959716797,59772200,0.0,0.0
2015-06-26 00:00:00-04:00,17.479999542236328,17.520000457763672,17.350000381469727,17.40999984741211,14.132331848144531,63080800,0.0,0.0
2015-06-29 00:00:00-04:00,17.1299991607666,17.25,16.860000610351562,16.889999389648438,13.710230827331543,98604200,0.0,0.0
2015-06-30 00:00:00-04:00,17.079999923706055,17.1299991607666,16.850000381469727,17.020000457763672,13.815756797790527,89039800,0.0,0.0
2015-07-01 00:00:00-04:00,17.25,17.309999465942383,17.09000015258789,17.219999313354492,13.978103637695312,62317400,0.0,0.0
2015-07-02 00:00:00-04:00,17.15999984741211,17.209999084472656,16.889999389648438,17.030000686645508,13.823869705200195,64736500,0.0,0.0
2015-07-06 00:00:00-04:00,16.780000686645508,17.010000228881836,16.709999084472656,16.940000534057617,13.750819206237793,58726900,0.0,0.0
2015-07-07 00:00:00-04:00,16.899999618530273,16.93000030517578,16.34000015258789,16.690000534057617,13.547883987426758,115450500,0.0,0.0
2015-07-08 00:00:00-04:00,16.420000076293945,16.5,16.219999313354492,16.25,13.190720558166504,83033000,0.0,0.0
2015-07-09 00:00:00-04:00,16.530000686645508,16.719999313354492,16.450000762939453,16.479999542236328,13.37741756439209,81534400,0.0,0.0
2015-07-10 00:00:00-04:00,16.799999237060547,16.84000015258789,16.65999984741211,16.700000762939453,13.556000709533691,72965300,0.0,0.0
2015-07-13 00:00:00-04:00,16.969999313354492,17.049999237060547,16.899999618530273,17.020000457763672,13.815756797790527,67934300,0.0,0.0
2015-07-14 00:00:00-04:00,16.93000030517578,17.149999618530273,16.860000610351562,17.1299991607666,13.905045509338379,69999800,0.0,0.0
2015-07-15 00:00:00-04:00,17.530000686645508,17.850000381469727,17.489999771118164,17.68000030517578,14.351503372192383,173099900,0.0,0.0
2015-07-16 00:00:00-04:00,17.90999984741211,18.06999969482422,17.860000610351562,17.950000762939453,14.570672035217285,117054300,0.0,0.0
2015-07-17 00:00:00-04:00,17.959999084472656,18.15999984741211,17.889999389648438,18.100000381469727,14.692434310913086,96894900,0.0,0.0
2015-07-20 00:00:00-04:00,18.149999618530273,18.229999542236328,18.079999923706055,18.1200008392334,14.70866870880127,71980100,0.0,0.0
2015-07-21 00:00:00-04:00,18.110000610351562,18.170000076293945,18.020000457763672,18.079999923706055,14.676197052001953,63732800,0.0,0.0
2015-07-22 00:00:00-04:00,18.030000686645508,18.479999542236328,18.030000686645508,18.450000762939453,14.976542472839355,110327000,0.0,0.0
2015-07-23 00:00:00-04:00,18.389999389648438,18.43000030517578,18.079999923706055,18.18000030517578,14.757373809814453,103650100,0.0,0.0
2015-07-24 00:00:00-04:00,18.18000030517578,18.229999542236328,17.84000015258789,17.899999618530273,14.530082702636719,86364300,0.0,0.0
2015-07-27 00:00:00-04:00,17.65999984741211,17.780000686645508,17.5,17.670000076293945,14.343384742736816,93231900,0.0,0.0
2015-07-28 00:00:00-04:00,17.790000915527344,17.889999389648438,17.600000381469727,17.8799991607666,14.513850212097168,82166800,0.0,0.0
2015-07-29 00:00:00-04:00,17.950000762939453,18.200000762939453,17.920000076293945,18.15999984741211,14.74113941192627,96388600,0.0,0.0
2015-07-30 00:00:00-04:00,18.200000762939453,18.290000915527344,18.049999237060547,18.1299991607666,14.716785430908203,65667900,0.0,0.0
2015-07-31 00:00:00-04:00,18.030000686645508,18.059999465942383,17.860000610351562,17.8799991607666,14.513850212097168,67176900,0.0,0.0
2015-08-03 00:00:00-04:00,17.90999984741211,17.969999313354492,17.639999389648438,17.770000457763672,14.424555778503418,62376800,0.0,0.0
2015-08-04 00:00:00-04:00,17.790000915527344,17.93000030517578,17.709999084472656,17.799999237060547,14.448908805847168,69741500,0.0,0.0
2015-08-05 00:00:00-04:00,17.93000030517578,18.049999237060547,17.799999237060547,17.8700008392334,14.505733489990234,65228600,0.0,0.0
2015-08-06 00:00:00-04:00,17.90999984741211,17.979999542236328,17.770000457763672,17.809999465942383,14.45702838897705,47594700,0.0,0.0
2015-08-07 00:00:00-04:00,17.920000076293945,18.06999969482422,17.600000381469727,17.75,14.408321380615234,71020700,0.0,0.0
2015-08-10 00:00:00-04:00,17.8700008392334,18.049999237060547,17.860000610351562,18.040000915527344,14.643729209899902,65791200,0.0,0.0
2015-08-11 00:00:00-04:00,17.850000381469727,17.969999313354492,17.719999313354492,17.790000915527344,14.4407958984375,65868600,0.0,0.0
2015-08-12 00:00:00-04:00,17.6200008392334,17.649999618530273,17.020000457763672,17.520000457763672,14.221625328063965,141600100,0.0,0.0
2015-08-13 00:00:00-04:00,17.559999465942383,17.690000534057617,17.440000534057617,17.6200008392334,14.302803039550781,67456200,0.0,0.0
2015-08-14 00:00:00-04:00,17.56999969482422,17.700000762939453,17.540000915527344,17.700000762939453,14.367741584777832,52710300,0.0,0.0
2015-08-17 00:00:00-04:00,17.610000610351562,17.809999465942383,17.559999465942383,17.770000457763672,14.424555778503418,42310000,0.0,0.0
2015-08-18 00:00:00-04:00,17.719999313354492,17.899999618530273,17.649999618530273,17.690000534057617,14.35962200164795,50360700,0.0,0.0
2015-08-19 00:00:00-04:00,17.549999237060547,17.690000534057617,17.440000534057617,17.459999084472656,14.172924041748047,78540500,0.0,0.0
2015-08-20 00:00:00-04:00,17.190000534057617,17.200000762939453,16.719999313354492,16.719999313354492,13.572236061096191,149185400,0.0,0.0
2015-08-21 00:00:00-04:00,16.200000762939453,16.65999984741211,16.100000381469727,16.100000381469727,13.06895923614502,148874300,0.0,0.0
2015-08-24 00:00:00-04:00,15.020000457763672,15.979999542236328,14.600000381469727,15.289999961853027,12.411453247070312,214649500,0.0,0.0
2015-08-25 00:00:00-04:00,16.200000762939453,16.200000762939453,15.25,15.260000228881836,12.387100219726562,194377000,0.0,0.0
2015-08-26 00:00:00-04:00,15.8100004196167,16.059999465942383,15.34000015258789,16.059999465942383,13.036490440368652,174208500,0.0,0.0
2015-08-27 00:00:00-04:00,16.3799991607666,16.450000762939453,16.09000015258789,16.440000534057617,13.344950675964355,124185400,0.0,0.0
2015-08-28 00:00:00-04:00,16.399999618530273,16.440000534057617,16.200000762939453,16.360000610351562,13.280014038085938,75899300,0.0,0.0
2015-08-31 00:00:00-04:00,16.329999923706055,16.3799991607666,16.18000030517578,16.34000015258789,13.263776779174805,66695200,0.0,0.0
2015-09-01 00:00:00-04:00,15.949999809265137,16.049999237060547,15.460000038146973,15.579999923706055,12.646856307983398,119064000,0.0,0.0
2015-09-02 00:00:00-04:00,15.819999694824219,15.859999656677246,15.569999694824219,15.850000381469727,12.907447814941406,74820400,0.05,0.0
2015-09-03 00:00:00-04:00,15.970000267028809,16.190000534057617,15.869999885559082,15.9399995803833,12.98073673248291,77175800,0.0,0.0
2015-09-04 00:00:00-04:00,15.789999961853027,15.859999656677246,15.5,15.649999618530273,12.744576454162598,104539500,0.0,0.0
2015-09-08 00:00:00-04:00,15.960000038146973,16.15999984741211,15.899999618530273,16.15999984741211,13.159894943237305,73960200,0.0,0.0
2015-09-09 00:00:00-04:00,16.3700008392334,16.459999084472656,15.829999923706055,15.899999618530273,12.948165893554688,70466100,0.0,0.0
2015-09-10 00:00:00-04:00,15.869999885559082,16.110000610351562,15.8100004196167,16.040000915527344,13.062174797058105,71110200,0.0,0.0
2015-09-11 00:00:00-04:00,15.989999771118164,16.059999465942383,15.899999618530273,16.040000915527344,13.062174797058105,54287700,0.0,0.0
2015-09-14 00:00:00-04:00,15.970000267028809,16.06999969482422,15.899999618530273,15.960000038146973,12.997027397155762,50640900,0.0,0.0
2015-09-15 00:00:00-04:00,16.040000915527344,16.389999389648438,16.010000228881836,16.309999465942383,13.282049179077148,62327100,0.0,0.0
2015-09-16 00:00:00-04:00,16.350000381469727,16.389999389648438,16.09000015258789,16.329999923706055,13.298335075378418,83776400,0.0,0.0
2015-09-17 00:00:00-04:00,16.290000915527344,16.479999542236328,15.779999732971191,15.859999656677246,12.915589332580566,119088200,0.0,0.0
2015-09-18 00:00:00-04:00,15.680000305175781,15.710000038146973,15.5,15.5600004196167,12.671284675598145,136531200,0.0,0.0
2015-09-21 00:00:00-04:00,15.670000076293945,15.75,15.569999694824219,15.699999809265137,12.785295486450195,79096200,0.0,0.0
2015-09-22 00:00:00-04:00,15.489999771118164,15.579999923706055,15.449999809265137,15.569999694824219,12.679427146911621,92235200,0.0,0.0
2015-09-23 00:00:00-04:00,15.600000381469727,15.850000381469727,15.579999923706055,15.720000267028809,12.801583290100098,78117500,0.0,0.0
2015-09-24 00:00:00-04:00,15.539999961853027,15.619999885559082,15.399999618530273,15.550000190734863,12.6631441116333,99520100,0.0,0.0
2015-09-25 00:00:00-04:00,15.880000114440918,16.020000457763672,15.8100004196167,15.890000343322754,12.940024375915527,88655000,0.0,0.0
2015-09-28 00:00:00-04:00,15.789999961853027,15.819999694824219,15.380000114440918,15.470000267028809,12.597994804382324,91324300,0.0,0.0
2015-09-29 00:00:00-04:00,15.5,15.529999732971191,15.25,15.350000381469727,12.500274658203125,79829400,0.0,0.0
2015-09-30 00:00:00-04:00,15.550000190734863,15.600000381469727,15.319999694824219,15.579999923706055,12.687573432922363,71347100,0.0,0.0
2015-10-01 00:00:00-04:00,15.520000457763672,15.640000343322754,15.359999656677246,15.550000190734863,12.6631441116333,71516800,0.0,0.0
2015-10-02 00:00:00-04:00,15.079999923706055,15.380000114440918,14.630000114440918,15.380000114440918,12.524702072143555,181838400,0.0,0.0
2015-10-05 00:00:00-04:00,15.449999809265137,15.789999961853027,15.4399995803833,15.6899995803833,12.777151107788086,75315300,0.0,0.0
2015-10-06 00:00:00-04:00,15.680000305175781,15.819999694824219,15.569999694824219,15.6899995803833,12.777151107788086,67473700,0.0,0.0
2015-10-07 00:00:00-04:00,15.779999732971191,15.930000305175781,15.569999694824219,15.75,12.82601261138916,66655600,0.0,0.0
2015-10-08 00:00:00-04:00,15.720000267028809,15.779999732971191,15.510000228881836,15.75,12.82601261138916,79056900,0.0,0.0
2015-10-09 00:00:00-04:00,15.75,15.819999694824219,15.5,15.579999923706055,12.687573432922363,76667100,0.0,0.0
2015-10-12 00:00:00-04:00,15.600000381469727,15.619999885559082,15.430000305175781,15.520000457763672,12.638714790344238,50725800,0.0,0.0
2015-10-13 00:00:00-04:00,15.449999809265137,15.59000015258789,15.399999618530273,15.520000457763672,12.638714790344238,73689800,0.0,0.0
2015-10-14 00:00:00-04:00,15.770000457763672,15.920000076293945,15.550000190734863,15.640000343322754,12.73643684387207,122272400,0.0,0.0
2015-10-15 00:00:00-04:00,15.8100004196167,16.280000686645508,15.720000267028809,16.190000534057617,13.184328079223633,127028800,0.0,0.0
2015-10-16 00:00:00-04:00,16.290000915527344,16.290000915527344,16.030000686645508,16.1200008392334,13.127324104309082,66989500,0.0,0.0
2015-10-19 00:00:00-04:00,16.0,16.209999084472656,15.979999542236328,16.139999389648438,13.143607139587402,62953500,0.0,0.0
2015-10-20 00:00:00-04:00,16.15999984741211,16.290000915527344,16.100000381469727,16.200000762939453,13.192473411560059,50797800,0.0,0.0
2015-10-21 00:00:00-04:00,16.260000228881836,16.290000915527344,15.899999618530273,15.899999618530273,12.948165893554688,64440400,0.0,0.0
2015-10-22 00:00:00-04:00,16.0,16.200000762939453,16.0,16.15999984741211,13.159894943237305,74116600,0.0,0.0
2015-10-23 00:00:00-04:00,16.290000915527344,16.549999237060547,16.25,16.520000457763672,13.453063011169434,82285800,0.0,0.0
2015-10-26 00:00:00-04:00,16.520000457763672,16.549999237060547,16.34000015258789,16.510000228881836,13.44491958618164,67702800,0.0,0.0
2015-10-27 00:00:00-04:00,16.399999618530273,16.469999313354492,16.299999237060547,16.399999618530273,13.355340003967285,56159300,0.0,0.0
2015-10-28 00:00:00-04:00,16.450000762939453,17.309999465942383,16.450000762939453,17.280000686645508,14.071971893310547,147720100,0.0,0.0
2015-10-29 00:00:00-04:00,17.15999984741211,17.440000534057617,16.969999313354492,17.09000015258789,13.917244911193848,95542300,0.0,0.0
2015-10-30 00:00:00-04:00,17.18000030517578,17.18000030517578,16.760000228881836,16.780000686645508,13.664795875549316,87645800,0.0,0.0
2015-11-02 00:00:00-05:00,16.899999618530273,17.139999389648438,16.8700008392334,17.059999465942383,13.892814636230469,56948200,0.0,0.0
2015-11-03 00:00:00-05:00,17.010000228881836,17.260000228881836,16.989999771118164,17.18000030517578,13.990533828735352,66127100,0.0,0.0
2015-11-04 00:00:00-05:00,17.299999237060547,17.309999465942383,16.959999084472656,17.010000228881836,13.852089881896973,78728400,0.0,0.0
2015-11-05 00:00:00-05:00,17.030000686645508,17.3700008392334,17.030000686645508,17.309999465942383,14.09639835357666,85505500,0.0,0.0
2015-11-06 00:00:00-05:00,17.84000015258789,18.09000015258789,17.760000228881836,17.950000762939453,14.617583274841309,158037500,0.0,0.0
2015-11-09 00:00:00-05:00,18.030000686645508,18.079999923706055,17.559999465942383,17.68000030517578,14.397709846496582,129920700,0.0,0.0
2015-11-10 00:00:00-05:00,17.6299991607666,17.940000534057617,17.559999465942383,17.850000381469727,14.53614616394043,59905800,0.0,0.0
2015-11-11 00:00:00-05:00,17.989999771118164,17.989999771118164,17.68000030517578,17.75,14.454710006713867,59235000,0.0,0.0
2015-11-12 00:00:00-05:00,17.579999923706055,17.6299991607666,17.350000381469727,17.3700008392334,14.145259857177734,77850900,0.0,0.0
2015-11-13 00:00:00-05:00,17.1299991607666,17.309999465942383,17.09000015258789,17.200000762939453,14.006817817687988,103574900,0.0,0.0
2015-11-16 00:00:00-05:00,17.1299991607666,17.459999084472656,17.010000228881836,17.43000030517578,14.194121360778809,70384300,0.0,0.0
2015-11-17 00:00:00-05:00,17.5,17.600000381469727,17.34000015258789,17.420000076293945,14.185977935791016,70488600,0.0,0.0
2015-11-18 00:00:00-05:00,17.43000030517578,17.8700008392334,17.43000030517578,17.84000015258789,14.528005599975586,85708300,0.0,0.0
2015-11-19 00:00:00-05:00,17.780000686645508,17.850000381469727,17.6200008392334,17.690000534057617,14.405854225158691,51829700,0.0,0.0
2015-11-20 00:00:00-05:00,17.809999465942383,17.829999923706055,17.59000015258789,17.649999618530273,14.373278617858887,56288300,0.0,0.0
2015-11-23 00:00:00-05:00,17.6200008392334,17.729999542236328,17.459999084472656,17.469999313354492,14.226688385009766,50362900,0.0,0.0
2015-11-24 00:00:00-05:00,17.260000228881836,17.56999969482422,17.25,17.469999313354492,14.226688385009766,58724200,0.0,0.0
2015-11-25 00:00:00-05:00,17.510000228881836,17.56999969482422,17.40999984741211,17.440000534057617,14.202264785766602,34939000,0.0,0.0
2015-11-27 00:00:00-05:00,17.459999084472656,17.5,17.329999923706055,17.479999542236328,14.234834671020508,22937500,0.0,0.0
2015-11-30 00:00:00-05:00,17.479999542236328,17.579999923706055,17.420000076293945,17.43000030517578,14.194121360778809,61893700,0.0,0.0
2015-12-01 00:00:00-05:00,17.520000457763672,17.809999465942383,17.479999542236328,17.809999465942383,14.503573417663574,74351800,0.0,0.0
2015-12-02 00:00:00-05:00,17.8799991607666,17.889999389648438,17.549999237060547,17.6200008392334,14.389248847961426,76919000,0.05,0.0
2015-12-03 00:00:00-05:00,17.68000030517578,17.770000457763672,17.25,17.299999237060547,14.127918243408203,95810100,0.0,0.0
2015-12-04 00:00:00-05:00,17.440000534057617,17.829999923706055,17.3799991607666,17.799999237060547,14.536239624023438,103021700,0.0,0.0
2015-12-07 00:00:00-05:00,17.790000915527344,17.799999237060547,17.440000534057617,17.540000915527344,14.32391357421875,81633300,0.0,0.0
2015-12-08 00:00:00-05:00,17.389999389648438,17.459999084472656,17.1299991607666,17.190000534057617,14.038086891174316,84873500,0.0,0.0
2015-12-09 00:00:00-05:00,17.110000610351562,17.3799991607666,16.8700008392334,17.100000381469727,13.964591979980469,82418100,0.0,0.0
2015-12-10 00:00:00-05:00,17.149999618530273,17.40999984741211,16.959999084472656,17.200000762939453,14.046249389648438,68395000,0.0,0.0
2015-12-11 00:00:00-05:00,16.969999313354492,17.059999465942383,16.639999389648438,16.729999542236328,13.662434577941895,91503900,0.0,0.0
2015-12-14 00:00:00-05:00,16.760000228881836,16.889999389648438,16.5,16.799999237060547,13.719597816467285,121121200,0.0,0.0
2015-12-15 00:00:00-05:00,17.020000457763672,17.489999771118164,16.989999771118164,17.420000076293945,14.225916862487793,99737200,0.0,0.0
2015-12-16 00:00:00-05:00,17.649999618530273,17.780000686645508,17.229999542236328,17.75,14.495403289794922,171576700,0.0,0.0
2015-12-17 00:00:00-05:00,17.799999237060547,17.829999923706055,17.299999237060547,17.299999237060547,14.127918243408203,97265700,0.0,0.0
2015-12-18 00:00:00-05:00,17.190000534057617,17.270000457763672,16.760000228881836,16.760000228881836,13.686932563781738,136737800,0.0,0.0
2015-12-21 00:00:00-05:00,16.979999542236328,17.030000686645508,16.770000457763672,16.969999313354492,13.858427047729492,65150300,0.0,0.0
2015-12-22 00:00:00-05:00,17.049999237060547,17.110000610351562,16.850000381469727,17.079999923706055,13.948259353637695,56173500,0.0,0.0
2015-12-23 00:00:00-05:00,17.15999984741211,17.34000015258789,17.100000381469727,17.34000015258789,14.160584449768066,65770700,0.0,0.0
2015-12-24 00:00:00-05:00,17.31999969482422,17.3799991607666,17.219999313354492,17.270000457763672,14.103419303894043,29369400,0.0,0.0
2015-12-28 00:00:00-05:00,17.219999313354492,17.229999542236328,16.979999542236328,17.1299991607666,13.989087104797363,41777500,0.0,0.0
2015-12-29 00:00:00-05:00,17.25,17.350000381469727,17.15999984741211,17.280000686645508,14.111588478088379,45670400,0.0,0.0
2015-12-30 00:00:00-05:00,17.200000762939453,17.239999771118164,17.040000915527344,17.049999237060547,13.923758506774902,35066400,0.0,0.0
2015-12-31 00:00:00-05:00,17.010000228881836,17.06999969482422,16.829999923706055,16.829999923706055,13.744098663330078,47153000,0.0,0.0
2016-01-04 00:00:00-05:00,16.450000762939453,16.489999771118164,16.25,16.43000030517578,13.417440414428711,114888000,0.0,0.0
2016-01-05 00:00:00-05:00,16.520000457763672,16.59000015258789,16.229999542236328,16.43000030517578,13.417440414428711,66670000,0.0,0.0
2016-01-06 00:00:00-05:00,16.190000534057617,16.290000915527344,16.020000457763672,16.079999923706055,13.131613731384277,102760800,0.0,0.0
2016-01-07 00:00:00-05:00,15.729999542236328,15.899999618530273,15.4399995803833,15.5,12.657963752746582,116255900,0.0,0.0
2016-01-08 00:00:00-05:00,15.9399995803833,15.9399995803833,15.15999984741211,15.199999809265137,12.412968635559082,124782400,0.0,0.0
2016-01-11 00:00:00-05:00,15.260000228881836,15.369999885559082,14.9399995803833,15.3100004196167,12.502802848815918,104611700,0.0,0.0
2016-01-12 00:00:00-05:00,15.539999961853027,15.579999923706055,15.0600004196167,15.3100004196167,12.502802848815918,100023500,0.0,0.0
2016-01-13 00:00:00-05:00,15.470000267028809,15.520000457763672,14.850000381469727,14.899999618530273,12.167976379394531,119413000,0.0,0.0
2016-01-14 00:00:00-05:00,15.010000228881836,15.199999809265137,14.649999618530273,14.989999771118164,12.241473197937012,125920000,0.0,0.0
2016-01-15 00:00:00-05:00,14.40999984741211,14.65999984741211,14.130000114440918,14.460000038146973,11.808652877807617,172296100,0.0,0.0
2016-01-19 00:00:00-05:00,14.6899995803833,14.789999961853027,14.010000228881836,14.239999771118164,11.628993034362793,185727400,0.0,0.0
2016-01-20 00:00:00-05:00,13.789999961853027,14.0,13.270000457763672,13.6899995803833,11.179840087890625,250537600,0.0,0.0
2016-01-21 00:00:00-05:00,13.670000076293945,13.84000015258789,13.25,13.359999656677246,10.910345077514648,188976000,0.0,0.0
2016-01-22 00:00:00-05:00,13.649999618530273,13.720000267028809,13.470000267028809,13.5600004196167,11.073675155639648,169999800,0.0,0.0
2016-01-25 00:00:00-05:00,13.539999961853027,13.550000190734863,12.9399995803833,12.960000038146973,10.583685874938965,186419100,0.0,0.0
2016-01-26 00:00:00-05:00,13.069999694824219,13.350000381469727,13.039999961853027,13.3100004196167,10.869515419006348,124246900,0.0,0.0
2016-01-27 00:00:00-05:00,13.199999809265137,13.729999542236328,13.1899995803833,13.359999656677246,10.910345077514648,124095800,0.0,0.0
2016-01-28 00:00:00-05:00,13.59000015258789,13.710000038146973,13.260000228881836,13.529999732971191,11.049179077148438,110996200,0.0,0.0
2016-01-29 00:00:00-05:00,13.65999984741211,14.149999618530273,13.59000015258789,14.140000343322754,11.547329902648926,159984100,0.0,0.0
2016-02-01 00:00:00-05:00,14.050000190734863,14.09000015258789,13.800000190734863,13.960000038146973,11.400335311889648,105739400,0.0,0.0
2016-02-02 00:00:00-05:00,13.739999771118164,13.75,13.130000114440918,13.229999542236328,10.804183006286621,147101200,0.0,0.0
2016-02-03 00:00:00-05:00,13.279999732971191,13.289999961853027,12.520000457763672,13.029999732971191,10.640851974487305,257664600,0.0,0.0
2016-02-04 00:00:00-05:00,12.890000343322754,13.59000015258789,12.890000343322754,13.25,10.820516586303711,179394400,0.0,0.0
2016-02-05 00:00:00-05:00,13.319999694824219,13.390000343322754,12.890000343322754,12.949999809265137,10.575523376464844,125842800,0.0,0.0
2016-02-08 00:00:00-05:00,12.670000076293945,12.699999809265137,12.130000114440918,12.270000457763672,10.020206451416016,221363600,0.0,0.0
2016-02-09 00:00:00-05:00,11.989999771118164,12.430000305175781,11.960000038146973,12.199999809265137,9.963041305541992,247349000,0.0,0.0
2016-02-10 00:00:00-05:00,12.420000076293945,12.539999961853027,11.90999984741211,11.979999542236328,9.783382415771484,227530000,0.0,0.0
2016-02-11 00:00:00-05:00,11.460000038146973,11.550000190734863,10.989999771118164,11.15999984741211,9.11373233795166,375088700,0.0,0.0
2016-02-12 00:00:00-05:00,11.479999542236328,12.029999732971191,11.399999618530273,11.949999809265137,9.758878707885742,245388400,0.0,0.0
2016-02-16 00:00:00-05:00,12.380000114440918,12.390000343322754,12.109999656677246,12.25,10.003873825073242,194306700,0.0,0.0
2016-02-17 00:00:00-05:00,12.569999694824219,12.6899995803833,12.470000267028809,12.5600004196167,10.25703239440918,221859400,0.0,0.0
2016-02-18 00:00:00-05:00,12.710000038146973,12.739999771118164,12.100000381469727,12.239999771118164,9.995709419250488,161539400,0.0,0.0
2016-02-19 00:00:00-05:00,12.220000267028809,12.239999771118164,11.979999542236328,12.130000114440918,9.905878067016602,121045600,0.0,0.0
2016-02-22 00:00:00-05:00,12.130000114440918,12.539999961853027,12.130000114440918,12.539999961853027,10.240699768066406,88865500,0.0,0.0
2016-02-23 00:00:00-05:00,12.470000267028809,12.479999542236328,12.100000381469727,12.15999984741211,9.930375099182129,104498700,0.0,0.0
2016-02-24 00:00:00-05:00,11.960000038146973,12.149999618530273,11.649999618530273,12.130000114440918,9.905878067016602,159552800,0.0,0.0
2016-02-25 00:00:00-05:00,12.140000343322754,12.329999923706055,12.09000015258789,12.319999694824219,10.061037063598633,103054600,0.0,0.0
2016-02-26 00:00:00-05:00,12.489999771118164,12.949999809265137,12.399999618530273,12.699999809265137,10.37136173248291,160314400,0.0,0.0
2016-02-29 00:00:00-05:00,12.699999809265137,12.859999656677246,12.510000228881836,12.520000457763672,10.22436809539795,123661100,0.0,0.0
2016-03-01 00:00:00-05:00,12.640000343322754,13.210000038146973,12.619999885559082,13.1899995803833,10.771520614624023,153558200,0.0,0.0
2016-03-02 00:00:00-05:00,13.199999809265137,13.510000228881836,13.130000114440918,13.40999984741211,10.992849349975586,139622500,0.05,0.0
2016-03-03 00:00:00-05:00,13.380000114440918,13.550000190734863,13.25,13.5,11.066625595092773,105082700,0.0,0.0
2016-03-04 00:00:00-05:00,13.760000228881836,13.890000343322754,13.489999771118164,13.539999961853027,11.099416732788086,171410900,0.0,0.0
2016-03-07 00:00:00-05:00,13.449999809265137,13.619999885559082,13.369999885559082,13.529999732971191,11.09122371673584,97650300,0.0,0.0
2016-03-08 00:00:00-05:00,13.399999618530273,13.470000267028809,13.050000190734863,13.0600004196167,10.705938339233398,125894800,0.0,0.0
2016-03-09 00:00:00-05:00,13.170000076293945,13.270000457763672,13.0,13.140000343322754,10.77151870727539,92253800,0.0,0.0
2016-03-10 00:00:00-05:00,13.229999542236328,13.399999618530273,13.0,13.270000457763672,10.878087043762207,123016200,0.0,0.0
2016-03-11 00:00:00-05:00,13.4399995803833,13.84000015258789,13.369999885559082,13.789999961853027,11.304356575012207,120400600,0.0,0.0
2016-03-14 00:00:00-04:00,13.720000267028809,13.739999771118164,13.489999771118164,13.640000343322754,11.181392669677734,87746800,0.0,0.0
2016-03-15 00:00:00-04:00,13.510000228881836,13.600000381469727,13.390000343322754,13.569999694824219,11.124009132385254,80404000,0.0,0.0
2016-03-16 00:00:00-04:00,13.510000228881836,13.8100004196167,13.09000015258789,13.3100004196167,10.910874366760254,149645400,0.0,0.0
2016-03-17 00:00:00-04:00,13.220000267028809,13.479999542236328,13.050000190734863,13.399999618530273,10.984652519226074,122212300,0.0,0.0
2016-03-18 00:00:00-04:00,13.680000305175781,13.880000114440918,13.550000190734863,13.789999961853027,11.304356575012207,146616200,0.0,0.0
2016-03-21 00:00:00-04:00,13.800000190734863,14.029999732971191,13.720000267028809,13.84000015258789,11.345344543457031,104695700,0.0,0.0
2016-03-22 00:00:00-04:00,13.670000076293945,13.84000015258789,13.630000114440918,13.760000228881836,11.279762268066406,83252100,0.0,0.0
2016-03-23 00:00:00-04:00,13.770000457763672,13.829999923706055,13.600000381469727,13.619999885559082,11.164999008178711,95789700,0.0,0.0
2016-03-24 00:00:00-04:00,13.40999984741211,13.6899995803833,13.270000457763672,13.680000305175781,11.214179992675781,94836500,0.0,0.0
2016-03-28 00:00:00-04:00,13.729999542236328,13.739999771118164,13.539999961853027,13.619999885559082,11.164999008178711,54498500,0.0,0.0
2016-03-29 00:00:00-04:00,13.539999961853027,13.539999961853027,13.260000228881836,13.420000076293945,11.001047134399414,101606800,0.0,0.0
2016-03-30 00:00:00-04:00,13.489999771118164,13.65999984741211,13.460000038146973,13.479999542236328,11.05023193359375,85897000,0.0,0.0
2016-03-31 00:00:00-04:00,13.489999771118164,13.710000038146973,13.449999809265137,13.520000457763672,11.083025932312012,79592100,0.0,0.0
2016-04-01 00:00:00-04:00,13.470000267028809,13.649999618530273,13.319999694824219,13.5600004196167,11.115812301635742,73130900,0.0,0.0
2016-04-04 00:00:00-04:00,13.539999961853027,13.649999618530273,13.40999984741211,13.510000228881836,11.07482624053955,59709600,0.0,0.0
2016-04-05 00:00:00-04:00,13.300000190734863,13.34000015258789,13.15999984741211,13.1899995803833,10.812508583068848,78445900,0.0,0.0
2016-04-06 00:00:00-04:00,13.199999809265137,13.300000190734863,13.109999656677246,13.270000457763672,10.878087043762207,62558500,0.0,0.0
2016-04-07 00:00:00-04:00,13.149999618530273,13.210000038146973,12.75,12.850000381469727,10.533790588378906,105704500,0.0,0.0
2016-04-08 00:00:00-04:00,13.029999732971191,13.140000343322754,12.859999656677246,12.880000114440918,10.558382034301758,76548100,0.0,0.0
2016-04-11 00:00:00-04:00,12.920000076293945,13.09000015258789,12.880000114440918,12.970000267028809,10.632160186767578,79411500,0.0,0.0
2016-04-12 00:00:00-04:00,13.0,13.329999923706055,12.930000305175781,13.270000457763672,10.878087043762207,100791600,0.0,0.0
2016-04-13 00:00:00-04:00,13.550000190734863,13.850000381469727,13.529999732971191,13.789999961853027,11.304356575012207,138647200,0.0,0.0
2016-04-14 00:00:00-04:00,13.710000038146973,14.279999732971191,13.699999809265137,14.140000343322754,11.591266632080078,179383300,0.0,0.0
2016-04-15 00:00:00-04:00,14.270000457763672,14.289999961853027,13.949999809265137,14.0,11.476503372192383,87958700,0.0,0.0
2016-04-18 00:00:00-04:00,13.850000381469727,14.239999771118164,13.819999694824219,14.170000076293945,11.61585807800293,81998200,0.0,0.0
2016-04-19 00:00:00-04:00,14.260000228881836,14.539999961853027,14.239999771118164,14.449999809265137,11.845390319824219,107153600,0.0,0.0
2016-04-20 00:00:00-04:00,14.5600004196167,14.9399995803833,14.529999732971191,14.930000305175781,12.23886775970459,115628700,0.0,0.0
2016-04-21 00:00:00-04:00,14.930000305175781,15.140000343322754,14.75,14.899999618530273,12.214280128479004,121589000,0.0,0.0
2016-04-22 00:00:00-04:00,14.869999885559082,15.140000343322754,14.869999885559082,15.109999656677246,12.386423110961914,83456600,0.0,0.0
2016-04-25 00:00:00-04:00,15.020000457763672,15.140000343322754,14.8100004196167,14.960000038146973,12.263465881347656,70489500,0.0,0.0
2016-04-26 00:00:00-04:00,15.020000457763672,15.140000343322754,14.800000190734863,15.09000015258789,12.37002944946289,84812400,0.0,0.0
2016-04-27 00:00:00-04:00,15.020000457763672,15.300000190734863,14.979999542236328,15.020000457763672,12.312649726867676,115789000,0.0,0.0
2016-04-28 00:00:00-04:00,14.920000076293945,15.079999923706055,14.760000228881836,14.789999961853027,12.124103546142578,78639300,0.0,0.0
2016-04-29 00:00:00-04:00,14.729999542236328,14.850000381469727,14.430000305175781,14.5600004196167,11.935561180114746,122128100,0.0,0.0
2016-05-02 00:00:00-04:00,14.579999923706055,14.779999732971191,14.399999618530273,14.770000457763672,12.107708930969238,68882800,0.0,0.0
2016-05-03 00:00:00-04:00,14.510000228881836,14.510000228881836,14.149999618530273,14.359999656677246,11.771613121032715,110549000,0.0,0.0
2016-05-04 00:00:00-04:00,14.09000015258789,14.270000457763672,14.0,14.130000114440918,11.583067893981934,99269700,0.0,0.0
2016-05-05 00:00:00-04:00,14.149999618530273,14.319999694824219,14.0,14.050000190734863,11.51749038696289,73145900,0.0,0.0
2016-05-06 00:00:00-04:00,13.829999923706055,14.140000343322754,13.800000190734863,14.109999656677246,11.566673278808594,76595100,0.0,0.0
2016-05-09 00:00:00-04:00,14.079999923706055,14.1899995803833,13.90999984741211,13.989999771118164,11.468303680419922,55399600,0.0,0.0
2016-05-10 00:00:00-04:00,14.079999923706055,14.329999923706055,14.050000190734863,14.300000190734863,11.722431182861328,59870500,0.0,0.0
2016-05-11 00:00:00-04:00,14.25,14.5,14.1899995803833,14.199999809265137,11.640450477600098,68088900,0.0,0.0
2016-05-12 00:00:00-04:00,14.300000190734863,14.470000267028809,14.050000190734863,14.140000343322754,11.591266632080078,72567100,0.0,0.0
2016-05-13 00:00:00-04:00,14.149999618530273,14.369999885559082,13.869999885559082,13.880000114440918,11.378128051757812,86193900,0.0,0.0
2016-05-16 00:00:00-04:00,13.819999694824219,14.020000457763672,13.800000190734863,13.930000305175781,11.419121742248535,57848600,0.0,0.0
2016-05-17 00:00:00-04:00,13.890000343322754,14.130000114440918,13.819999694824219,14.010000228881836,11.484699249267578,76273800,0.0,0.0
2016-05-18 00:00:00-04:00,14.020000457763672,14.75,14.010000228881836,14.6899995803833,12.042130470275879,150748500,0.0,0.0
2016-05-19 00:00:00-04:00,14.600000381469727,14.869999885559082,14.430000305175781,14.529999732971191,11.910970687866211,106156900,0.0,0.0
2016-05-20 00:00:00-04:00,14.640000343322754,14.699999809265137,14.430000305175781,14.520000457763672,11.902771949768066,81214000,0.0,0.0
2016-05-23 00:00:00-04:00,14.539999961853027,14.600000381469727,14.399999618530273,14.470000267028809,11.861785888671875,66303200,0.0,0.0
2016-05-24 00:00:00-04:00,14.600000381469727,14.75,14.529999732971191,14.680000305175781,12.03393268585205,96183700,0.0,0.0
2016-05-25 00:00:00-04:00,14.829999923706055,15.149999618530273,14.829999923706055,14.920000076293945,12.230673789978027,123498700,0.0,0.0
2016-05-26 00:00:00-04:00,14.979999542236328,14.989999771118164,14.6899995803833,14.699999809265137,12.05032730102539,65356600,0.0,0.0
2016-05-27 00:00:00-04:00,14.760000228881836,14.880000114440918,14.6899995803833,14.880000114440918,12.197883605957031,62411300,0.0,0.0
2016-05-31 00:00:00-04:00,15.029999732971191,15.050000190734863,14.729999542236328,14.789999961853027,12.124103546142578,85635900,0.0,0.0
2016-06-01 00:00:00-04:00,14.600000381469727,14.899999618530273,14.449999809265137,14.859999656677246,12.222810745239258,62612100,0.05,0.0
2016-06-02 00:00:00-04:00,14.949999809265137,14.979999542236328,14.770000457763672,14.9399995803833,12.288613319396973,64327300,0.0,0.0
2016-06-03 00:00:00-04:00,14.460000038146973,14.5,14.1899995803833,14.420000076293945,11.860894203186035,148600900,0.0,0.0
2016-06-06 00:00:00-04:00,14.4399995803833,14.699999809265137,14.369999885559082,14.520000457763672,11.943147659301758,80949300,0.0,0.0
2016-06-07 00:00:00-04:00,14.539999961853027,14.600000381469727,14.34000015258789,14.350000381469727,11.80331802368164,67447100,0.0,0.0
2016-06-08 00:00:00-04:00,14.350000381469727,14.460000038146973,14.300000190734863,14.430000305175781,11.869122505187988,58292900,0.0,0.0
2016-06-09 00:00:00-04:00,14.319999694824219,14.319999694824219,14.079999923706055,14.1899995803833,11.671711921691895,74814900,0.0,0.0
2016-06-10 00:00:00-04:00,13.979999542236328,14.0,13.75,13.829999923706055,11.375601768493652,90725700,0.0,0.0
2016-06-13 00:00:00-04:00,13.640000343322754,13.90999984741211,13.579999923706055,13.600000381469727,11.186420440673828,71925000,0.0,0.0
2016-06-14 00:00:00-04:00,13.5600004196167,13.729999542236328,13.170000076293945,13.260000228881836,10.906759262084961,85377800,0.0,0.0
2016-06-15 00:00:00-04:00,13.380000114440918,13.65999984741211,13.279999732971191,13.34000015258789,10.972563743591309,100659100,0.0,0.0
2016-06-16 00:00:00-04:00,13.229999542236328,13.329999923706055,13.020000457763672,13.3100004196167,10.94788646697998,90152000,0.0,0.0
2016-06-17 00:00:00-04:00,13.380000114440918,13.529999732971191,13.279999732971191,13.399999618530273,11.021913528442383,89022300,0.0,0.0
2016-06-20 00:00:00-04:00,13.739999771118164,13.850000381469727,13.510000228881836,13.539999961853027,11.137066841125488,89874000,0.0,0.0
2016-06-21 00:00:00-04:00,13.619999885559082,13.649999618530273,13.449999809265137,13.619999885559082,11.202871322631836,73810800,0.0,0.0
2016-06-22 00:00:00-04:00,13.600000381469727,13.779999732971191,13.59000015258789,13.609999656677246,11.194643020629883,77980500,0.0,0.0
2016-06-23 00:00:00-04:00,13.84000015258789,14.050000190734863,13.819999694824219,14.039999961853027,11.548336029052734,82494600,0.0,0.0
2016-06-24 00:00:00-04:00,13.050000190734863,13.4399995803833,12.970000267028809,13.0,10.692898750305176,231499200,0.0,0.0
2016-06-27 00:00:00-04:00,12.770000457763672,12.770000457763672,12.050000190734863,12.180000305175781,10.018427848815918,250847700,0.0,0.0
2016-06-28 00:00:00-04:00,12.569999694824219,12.720000267028809,12.350000381469727,12.699999809265137,10.446142196655273,150136300,0.0,0.0
2016-06-29 00:00:00-04:00,13.069999694824219,13.220000267028809,12.920000076293945,13.1899995803833,10.8491849899292,118484000,0.0,0.0
2016-06-30 00:00:00-04:00,13.369999885559082,13.380000114440918,13.069999694824219,13.270000457763672,10.914986610412598,125773900,0.0,0.0
2016-07-01 00:00:00-04:00,13.1899995803833,13.270000457763672,13.020000457763672,13.100000381469727,10.775153160095215,88888100,0.0,0.0
2016-07-05 00:00:00-04:00,12.930000305175781,12.9399995803833,12.630000114440918,12.739999771118164,10.479043960571289,98246500,0.0,0.0
2016-07-06 00:00:00-04:00,12.520000457763672,12.920000076293945,12.449999809265137,12.859999656677246,10.57774829864502,94983300,0.0,0.0
2016-07-07 00:00:00-04:00,12.869999885559082,13.109999656677246,12.84000015258789,13.010000228881836,10.701127052307129,101100300,0.0,0.0
2016-07-08 00:00:00-04:00,13.279999732971191,13.319999694824219,13.109999656677246,13.170000076293945,10.832733154296875,92698900,0.0,0.0
2016-07-11 00:00:00-04:00,13.289999961853027,13.399999618530273,13.199999809265137,13.210000038146973,10.865632057189941,67267300,0.0,0.0
2016-07-12 00:00:00-04:00,13.40999984741211,13.600000381469727,13.399999618530273,13.539999961853027,11.137066841125488,89070600,0.0,0.0
2016-07-13 00:00:00-04:00,13.5,13.579999923706055,13.319999694824219,13.4399995803833,11.05481243133545,74595600,0.0,0.0
2016-07-14 00:00:00-04:00,13.729999542236328,13.779999732971191,13.640000343322754,13.649999618530273,11.227543830871582,97852100,0.0,0.0
2016-07-15 00:00:00-04:00,13.779999732971191,13.789999961853027,13.520000457763672,13.65999984741211,11.235770225524902,78652500,0.0,0.0
2016-07-18 00:00:00-04:00,13.84000015258789,14.229999542236328,13.819999694824219,14.109999656677246,11.605910301208496,187187100,0.0,0.0
2016-07-19 00:00:00-04:00,14.0600004196167,14.369999885559082,14.029999732971191,14.260000228881836,11.729290962219238,96940100,0.0,0.0
2016-07-20 00:00:00-04:00,14.350000381469727,14.430000305175781,14.260000228881836,14.399999618530273,11.844443321228027,79277900,0.0,0.0
2016-07-21 00:00:00-04:00,14.430000305175781,14.470000267028809,14.260000228881836,14.270000457763672,11.73751449584961,65376300,0.0,0.0
2016-07-22 00:00:00-04:00,14.260000228881836,14.399999618530273,14.180000305175781,14.380000114440918,11.827994346618652,46604800,0.0,0.0
2016-07-25 00:00:00-04:00,14.3100004196167,14.390000343322754,14.279999732971191,14.369999885559082,11.819769859313965,46420800,0.0,0.0
2016-07-26 00:00:00-04:00,14.319999694824219,14.550000190734863,14.3100004196167,14.529999732971191,11.951375007629395,60205600,0.0,0.0
2016-07-27 00:00:00-04:00,14.569999694824219,14.699999809265137,14.449999809265137,14.630000114440918,12.033628463745117,100986000,0.0,0.0
2016-07-28 00:00:00-04:00,14.569999694824219,14.6899995803833,14.460000038146973,14.680000305175781,12.074751853942871,72049500,0.0,0.0
2016-07-29 00:00:00-04:00,14.5600004196167,14.699999809265137,14.479999542236328,14.489999771118164,11.918472290039062,63276500,0.0,0.0
2016-08-01 00:00:00-04:00,14.520000457763672,14.600000381469727,14.260000228881836,14.329999923706055,11.78686809539795,61460900,0.0,0.0
2016-08-02 00:00:00-04:00,14.279999732971191,14.449999809265137,14.09000015258789,14.130000114440918,11.622360229492188,83776300,0.0,0.0
2016-08-03 00:00:00-04:00,14.109999656677246,14.479999542236328,14.100000381469727,14.479999542236328,11.910244941711426,65305400,0.0,0.0
2016-08-04 00:00:00-04:00,14.479999542236328,14.539999961853027,14.359999656677246,14.479999542236328,11.910244941711426,46176600,0.0,0.0
2016-08-05 00:00:00-04:00,14.75,15.0600004196167,14.75,15.050000190734863,12.37908935546875,120947800,0.0,0.0
2016-08-08 00:00:00-04:00,15.079999923706055,15.170000076293945,14.920000076293945,15.130000114440918,12.444890975952148,71960300,0.0,0.0
2016-08-09 00:00:00-04:00,15.109999656677246,15.1899995803833,15.069999694824219,15.1899995803833,12.494242668151855,49973300,0.0,0.0
2016-08-10 00:00:00-04:00,15.15999984741211,15.180000305175781,14.779999732971191,14.8100004196167,12.181678771972656,79080700,0.0,0.0
2016-08-11 00:00:00-04:00,14.829999923706055,14.970000267028809,14.75,14.880000114440918,12.239259719848633,68945400,0.0,0.0
2016-08-12 00:00:00-04:00,14.770000457763672,14.90999984741211,14.699999809265137,14.90999984741211,12.263937950134277,63031300,0.0,0.0
2016-08-15 00:00:00-04:00,14.970000267028809,15.029999732971191,14.949999809265137,15.020000457763672,12.354415893554688,48592100,0.0,0.0
2016-08-16 00:00:00-04:00,14.970000267028809,15.1899995803833,14.930000305175781,15.170000076293945,12.477792739868164,80307500,0.0,0.0
2016-08-17 00:00:00-04:00,15.15999984741211,15.239999771118164,15.079999923706055,15.149999618530273,12.461342811584473,93407300,0.0,0.0
2016-08-18 00:00:00-04:00,15.109999656677246,15.239999771118164,15.0600004196167,15.15999984741211,12.46956729888916,62804300,0.0,0.0
2016-08-19 00:00:00-04:00,15.130000114440918,15.25,15.050000190734863,15.220000267028809,12.518919944763184,59834800,0.0,0.0
2016-08-22 00:00:00-04:00,15.199999809265137,15.25,15.119999885559082,15.180000305175781,12.4860200881958,60877100,0.0,0.0
2016-08-23 00:00:00-04:00,15.260000228881836,15.40999984741211,15.260000228881836,15.350000381469727,12.625848770141602,67817900,0.0,0.0
2016-08-24 00:00:00-04:00,15.369999885559082,15.5,15.359999656677246,15.399999618530273,12.666975975036621,65484900,0.0,0.0
2016-08-25 00:00:00-04:00,15.420000076293945,15.539999961853027,15.399999618530273,15.529999732971191,12.773904800415039,67714400,0.0,0.0
2016-08-26 00:00:00-04:00,15.609999656677246,15.899999618530273,15.579999923706055,15.789999961853027,12.987762451171875,126886300,0.0,0.0
2016-08-29 00:00:00-04:00,15.8100004196167,16.010000228881836,15.779999732971191,15.84000015258789,13.028888702392578,120144900,0.0,0.0
2016-08-30 00:00:00-04:00,15.84000015258789,16.229999542236328,15.800000190734863,16.190000534057617,13.316774368286133,121280600,0.0,0.0
2016-08-31 00:00:00-04:00,16.209999084472656,16.239999771118164,15.880000114440918,16.139999389648438,13.337430000305176,127664300,0.075,0.0
2016-09-01 00:00:00-04:00,16.149999618530273,16.149999618530273,15.75,15.979999542236328,13.205214500427246,128812600,0.0,0.0
2016-09-02 00:00:00-04:00,15.9399995803833,16.059999465942383,15.819999694824219,16.0,13.221744537353516,100997300,0.0,0.0
2016-09-06 00:00:00-04:00,16.049999237060547,16.059999465942383,15.699999809265137,15.779999732971191,13.039944648742676,96542200,0.0,0.0
2016-09-07 00:00:00-04:00,15.720000267028809,15.850000381469727,15.649999618530273,15.699999809265137,12.973836898803711,63310300,0.0,0.0
2016-09-08 00:00:00-04:00,15.770000457763672,15.9399995803833,15.680000305175781,15.859999656677246,13.106054306030273,69292700,0.0,0.0
2016-09-09 00:00:00-04:00,15.90999984741211,16.149999618530273,15.739999771118164,15.739999771118164,13.006890296936035,135182500,0.0,0.0
2016-09-12 00:00:00-04:00,15.649999618530273,15.9399995803833,15.479999542236328,15.899999618530273,13.139107704162598,109724000,0.0,0.0
2016-09-13 00:00:00-04:00,15.670000076293945,15.859999656677246,15.550000190734863,15.720000267028809,12.990360260009766,89317600,0.0,0.0
2016-09-14 00:00:00-04:00,15.670000076293945,15.84000015258789,15.5600004196167,15.630000114440918,12.915989875793457,75528100,0.0,0.0
2016-09-15 00:00:00-04:00,15.640000343322754,15.75,15.579999923706055,15.670000076293945,12.949045181274414,67322600,0.0,0.0
2016-09-16 00:00:00-04:00,15.65999984741211,15.680000305175781,15.479999542236328,15.489999771118164,12.800299644470215,90926200,0.0,0.0
2016-09-19 00:00:00-04:00,15.550000190734863,15.779999732971191,15.550000190734863,15.59000015258789,12.88293743133545,66186400,0.0,0.0
2016-09-20 00:00:00-04:00,15.739999771118164,15.760000228881836,15.510000228881836,15.600000381469727,12.89120101928711,68210400,0.0,0.0
2016-09-21 00:00:00-04:00,15.710000038146973,15.829999923706055,15.390000343322754,15.649999618530273,12.932515144348145,95464600,0.0,0.0
2016-09-22 00:00:00-04:00,15.6899995803833,15.710000038146973,15.5,15.600000381469727,12.89120101928711,75611300,0.0,0.0
2016-09-23 00:00:00-04:00,15.529999732971191,15.670000076293945,15.5,15.520000457763672,12.825094223022461,51604400,0.0,0.0
2016-09-26 00:00:00-04:00,15.399999618530273,15.4399995803833,15.020000457763672,15.09000015258789,12.469755172729492,94972100,0.0,0.0
2016-09-27 00:00:00-04:00,15.010000228881836,15.34000015258789,14.8100004196167,15.289999961853027,12.635028839111328,81992600,0.0,0.0
2016-09-28 00:00:00-04:00,15.359999656677246,15.390000343322754,15.149999618530273,15.380000114440918,12.709399223327637,66076400,0.0,0.0
2016-09-29 00:00:00-04:00,15.380000114440918,15.5,15.0600004196167,15.15999984741211,12.527600288391113,78997700,0.0,0.0
2016-09-30 00:00:00-04:00,15.260000228881836,15.729999542236328,15.170000076293945,15.649999618530273,12.932515144348145,119428700,0.0,0.0
2016-10-03 00:00:00-04:00,15.59000015258789,15.729999542236328,15.5,15.630000114440918,12.915989875793457,69873100,0.0,0.0
2016-10-04 00:00:00-04:00,15.699999809265137,16.049999237060547,15.670000076293945,15.800000190734863,13.05647087097168,98501500,0.0,0.0
2016-10-05 00:00:00-04:00,15.960000038146973,16.229999542236328,15.960000038146973,16.110000610351562,13.312643051147461,86056900,0.0,0.0
2016-10-06 00:00:00-04:00,16.170000076293945,16.229999542236328,16.040000915527344,16.219999313354492,13.403542518615723,75886700,0.0,0.0
2016-10-07 00:00:00-04:00,16.190000534057617,16.25,15.979999542236328,16.1299991607666,13.329167366027832,99605400,0.0,0.0
2016-10-10 00:00:00-04:00,16.219999313354492,16.399999618530273,16.18000030517578,16.299999237060547,13.469651222229004,64158500,0.0,0.0
2016-10-11 00:00:00-04:00,16.260000228881836,16.329999923706055,16.020000457763672,16.110000610351562,13.312643051147461,77374000,0.0,0.0
2016-10-12 00:00:00-04:00,16.09000015258789,16.239999771118164,16.010000228881836,16.030000686645508,13.246535301208496,67165800,0.0,0.0
2016-10-13 00:00:00-04:00,16.09000015258789,16.09000015258789,15.600000381469727,15.829999923706055,13.08126163482666,78637000,0.0,0.0
2016-10-14 00:00:00-04:00,16.149999618530273,16.229999542236328,15.9399995803833,16.0,13.221744537353516,108865700,0.0,0.0
2016-10-17 00:00:00-04:00,16.170000076293945,16.200000762939453,15.899999618530273,16.049999237060547,13.2630615234375,101795500,0.0,0.0
2016-10-18 00:00:00-04:00,16.190000534057617,16.270000457763672,16.110000610351562,16.260000228881836,13.436595916748047,71433100,0.0,0.0
2016-10-19 00:00:00-04:00,16.299999237060547,16.530000686645508,16.280000686645508,16.469999313354492,13.610133171081543,97969000,0.0,0.0
2016-10-20 00:00:00-04:00,16.450000762939453,16.6299991607666,16.40999984741211,16.559999465942383,13.684502601623535,88081200,0.0,0.0
2016-10-21 00:00:00-04:00,16.459999084472656,16.670000076293945,16.399999618530273,16.670000076293945,13.77540397644043,77954900,0.0,0.0
2016-10-24 00:00:00-04:00,16.75,16.799999237060547,16.610000610351562,16.770000457763672,13.858041763305664,68244800,0.0,0.0
2016-10-25 00:00:00-04:00,16.709999084472656,16.81999969482422,16.68000030517578,16.719999313354492,13.816720962524414,49350300,0.0,0.0
2016-10-26 00:00:00-04:00,16.639999389648438,16.8700008392334,16.6200008392334,16.8700008392334,13.940672874450684,58730400,0.0,0.0
2016-10-27 00:00:00-04:00,16.950000762939453,17.100000381469727,16.860000610351562,16.90999984741211,13.973725318908691,97937300,0.0,0.0
2016-10-28 00:00:00-04:00,16.950000762939453,16.979999542236328,16.5,16.68000030517578,13.783668518066406,115123600,0.0,0.0
2016-10-31 00:00:00-04:00,16.68000030517578,16.729999542236328,16.5,16.5,13.634923934936523,70387600,0.0,0.0
2016-11-01 00:00:00-04:00,16.559999465942383,16.75,16.329999923706055,16.610000610351562,13.725822448730469,88587100,0.0,0.0
2016-11-02 00:00:00-04:00,16.459999084472656,16.559999465942383,16.280000686645508,16.479999542236328,13.618398666381836,119202000,0.0,0.0
2016-11-03 00:00:00-04:00,16.479999542236328,16.670000076293945,16.450000762939453,16.479999542236328,13.618398666381836,69690400,0.0,0.0
2016-11-04 00:00:00-04:00,16.530000686645508,16.709999084472656,16.350000381469727,16.549999237060547,13.676239967346191,82437400,0.0,0.0
2016-11-07 00:00:00-05:00,16.860000610351562,17.040000915527344,16.850000381469727,17.010000228881836,14.05636215209961,91581900,0.0,0.0
2016-11-08 00:00:00-05:00,16.81999969482422,17.110000610351562,16.709999084472656,17.0,14.048100471496582,95842800,0.0,0.0
2016-11-09 00:00:00-05:00,17.65999984741211,18.049999237060547,17.399999618530273,17.969999313354492,14.8496675491333,319516900,0.0,0.0
2016-11-10 00:00:00-05:00,18.260000228881836,18.989999771118164,18.25,18.760000228881836,15.502494812011719,304986400,0.0,0.0
2016-11-11 00:00:00-05:00,18.639999389648438,19.030000686645508,18.6299991607666,19.020000457763672,15.717345237731934,212952500,0.0,0.0
2016-11-14 00:00:00-05:00,19.40999984741211,20.200000762939453,19.399999618530273,20.079999923706055,16.593290328979492,320959900,0.0,0.0
2016-11-15 00:00:00-05:00,19.790000915527344,20.18000030517578,19.600000381469727,20.15999984741211,16.659395217895508,190293100,0.0,0.0
2016-11-16 00:00:00-05:00,19.780000686645508,19.959999084472656,19.68000030517578,19.75,16.320589065551758,126734500,0.0,0.0
2016-11-17 00:00:00-05:00,19.760000228881836,20.219999313354492,19.700000762939453,20.079999923706055,16.593290328979492,167979200,0.0,0.0
2016-11-18 00:00:00-05:00,20.059999465942383,20.139999389648438,19.8700008392334,20.0,16.527177810668945,120620200,0.0,0.0
2016-11-21 00:00:00-05:00,20.100000381469727,20.350000381469727,20.010000228881836,20.329999923706055,16.799875259399414,117479100,0.0,0.0
2016-11-22 00:00:00-05:00,20.329999923706055,20.469999313354492,20.1200008392334,20.299999237060547,16.77508544921875,104771800,0.0,0.0
2016-11-23 00:00:00-05:00,20.420000076293945,20.65999984741211,20.200000762939453,20.559999465942383,16.989940643310547,110801300,0.0,0.0
2016-11-25 00:00:00-05:00,20.6200008392334,20.8799991607666,20.5,20.860000610351562,17.23784637451172,62610400,0.0,0.0
2016-11-28 00:00:00-05:00,20.670000076293945,20.850000381469727,20.25,20.299999237060547,16.77508544921875,108651200,0.0,0.0
2016-11-29 00:00:00-05:00,20.3799991607666,20.540000915527344,20.25,20.290000915527344,16.76681900024414,114216800,0.0,0.0
2016-11-30 00:00:00-05:00,20.770000457763672,21.190000534057617,20.719999313354492,21.1200008392334,17.5174503326416,191699600,0.075,0.0
2016-12-01 00:00:00-05:00,21.420000076293945,21.940000534057617,21.34000015258789,21.5,17.832632064819336,199233900,0.0,0.0
2016-12-02 00:00:00-05:00,21.489999771118164,21.5,21.020000457763672,21.229999542236328,17.608686447143555,128468700,0.0,0.0
2016-12-05 00:00:00-05:00,21.469999313354492,21.8700008392334,21.459999084472656,21.84000015258789,18.114635467529297,130377300,0.0,0.0
2016-12-06 00:00:00-05:00,22.09000015258789,22.15999984741211,21.719999313354492,22.15999984741211,18.380054473876953,120789200,0.0,0.0
2016-12-07 00:00:00-05:00,22.190000534057617,22.56999969482422,21.950000762939453,22.56999969482422,18.720117568969727,168005200,0.0,0.0
2016-12-08 00:00:00-05:00,22.790000915527344,23.239999771118164,22.690000534057617,22.950000762939453,19.03529930114746,182693900,0.0,0.0
2016-12-09 00:00:00-05:00,22.950000762939453,23.170000076293945,22.780000686645508,23.09000015258789,19.151418685913086,130590400,0.0,0.0
2016-12-12 00:00:00-05:00,23.0,23.25,22.540000915527344,22.610000610351562,18.753293991088867,136986000,0.0,0.0
2016-12-13 00:00:00-05:00,22.799999237060547,22.8799991607666,22.290000915527344,22.610000610351562,18.753293991088867,118204100,0.0,0.0
2016-12-14 00:00:00-05:00,22.309999465942383,23.299999237060547,22.209999084472656,22.670000076293945,18.803058624267578,225340900,0.0,0.0
2016-12-15 00:00:00-05:00,22.899999618530273,23.389999389648438,22.799999237060547,23.15999984741211,19.2094783782959,162025800,0.0,0.0
2016-12-16 00:00:00-05:00,23.15999984741211,23.31999969482422,22.649999618530273,22.65999984741211,18.79476547241211,147497700,0.0,0.0
2016-12-19 00:00:00-05:00,22.600000381469727,22.719999313354492,22.329999923706055,22.479999542236328,18.64546775817871,97508900,0.0,0.0
2016-12-20 00:00:00-05:00,22.6299991607666,22.829999923706055,22.610000610351562,22.709999084472656,18.836238861083984,83879500,0.0,0.0
2016-12-21 00:00:00-05:00,22.719999313354492,22.719999313354492,22.469999313354492,22.6299991607666,18.76988410949707,61079100,0.0,0.0
2016-12-22 00:00:00-05:00,22.600000381469727,22.729999542236328,22.469999313354492,22.540000915527344,18.695236206054688,67123500,0.0,0.0
2016-12-23 00:00:00-05:00,22.510000228881836,22.649999618530273,22.43000030517578,22.600000381469727,18.745004653930664,38187800,0.0,0.0
2016-12-27 00:00:00-05:00,22.709999084472656,22.739999771118164,22.540000915527344,22.610000610351562,18.753293991088867,39988600,0.0,0.0
2016-12-28 00:00:00-05:00,22.6200008392334,22.670000076293945,22.260000228881836,22.329999923706055,18.521055221557617,52652900,0.0,0.0
2016-12-29 00:00:00-05:00,22.329999923706055,22.389999389648438,21.770000457763672,22.0,18.24734115600586,79188400,0.0,0.0
2016-12-30 00:00:00-05:00,22.020000457763672,22.260000228881836,21.950000762939453,22.100000381469727,18.330289840698242,72605900,0.0,0.0
2017-01-03 00:00:00-05:00,22.600000381469727,22.68000030517578,22.200000762939453,22.530000686645508,18.68694305419922,99298100,0.0,0.0
2017-01-04 00:00:00-05:00,22.719999313354492,22.959999084472656,22.600000381469727,22.950000762939453,19.03529930114746,76875100,0.0,0.0
2017-01-05 00:00:00-05:00,22.81999969482422,22.93000030517578,22.350000381469727,22.68000030517578,18.811357498168945,86826400,0.0,0.0
2017-01-06 00:00:00-05:00,22.780000686645508,22.850000381469727,22.559999465942383,22.68000030517578,18.811357498168945,66281500,0.0,0.0
2017-01-09 00:00:00-05:00,22.510000228881836,22.709999084472656,22.399999618530273,22.549999237060547,18.70352554321289,75901500,0.0,0.0
2017-01-10 00:00:00-05:00,22.59000015258789,23.139999389648438,22.540000915527344,22.940000534057617,19.027006149291992,100977700,0.0,0.0
2017-01-11 00:00:00-05:00,22.940000534057617,23.06999969482422,22.719999313354492,23.06999969482422,19.134830474853516,92385600,0.0,0.0
2017-01-12 00:00:00-05:00,23.010000228881836,23.1200008392334,22.610000610351562,22.920000076293945,19.010414123535156,120474200,0.0,0.0
2017-01-13 00:00:00-05:00,23.209999084472656,23.40999984741211,22.799999237060547,23.010000228881836,19.08506965637207,161930900,0.0,0.0
2017-01-17 00:00:00-05:00,22.68000030517578,22.790000915527344,22.010000228881836,22.049999237060547,18.288814544677734,152495900,0.0,0.0
2017-01-18 00:00:00-05:00,22.299999237060547,22.649999618530273,22.100000381469727,22.6299991607666,18.76988410949707,124366000,0.0,0.0
2017-01-19 00:00:00-05:00,22.729999542236328,22.809999465942383,22.40999984741211,22.530000686645508,18.68694305419922,75990800,0.0,0.0
2017-01-20 00:00:00-05:00,22.65999984741211,22.93000030517578,22.520000457763672,22.639999389648438,18.77817726135254,102564900,0.0,0.0
2017-01-23 00:00:00-05:00,22.6200008392334,22.760000228881836,22.420000076293945,22.559999465942383,18.711824417114258,61385600,0.0,0.0
2017-01-24 00:00:00-05:00,22.610000610351562,23.100000381469727,22.479999542236328,22.950000762939453,19.03529930114746,98508700,0.0,0.0
2017-01-25 00:00:00-05:00,23.31999969482422,23.420000076293945,23.100000381469727,23.3700008392334,19.383655548095703,99753300,0.0,0.0
2017-01-26 00:00:00-05:00,23.40999984741211,23.549999237060547,23.280000686645508,23.440000534057617,19.44171714782715,84146400,0.0,0.0
2017-01-27 00:00:00-05:00,23.43000030517578,23.450000762939453,23.280000686645508,23.360000610351562,19.375362396240234,54590200,0.0,0.0
2017-01-30 00:00:00-05:00,23.200000762939453,23.200000762939453,22.709999084472656,22.950000762939453,19.03529930114746,91561200,0.0,0.0
2017-01-31 00:00:00-05:00,22.770000457763672,23.030000686645508,22.5,22.639999389648438,18.77817726135254,91044300,0.0,0.0
2017-02-01 00:00:00-05:00,22.969999313354492,23.219999313354492,22.81999969482422,22.889999389648438,18.985536575317383,103630900,0.0,0.0
2017-02-02 00:00:00-05:00,22.739999771118164,22.790000915527344,22.510000228881836,22.719999313354492,18.84453773498535,88679100,0.0,0.0
2017-02-03 00:00:00-05:00,23.149999618530273,23.350000381469727,22.950000762939453,23.290000915527344,19.317306518554688,116035100,0.0,0.0
2017-02-06 00:00:00-05:00,23.149999618530273,23.3799991607666,23.06999969482422,23.1200008392334,19.17630386352539,92228400,0.0,0.0
2017-02-07 00:00:00-05:00,23.280000686645508,23.290000915527344,22.860000610351562,22.899999618530273,18.99382972717285,87982900,0.0,0.0
2017-02-08 00:00:00-05:00,22.729999542236328,22.729999542236328,22.450000762939453,22.670000076293945,18.803058624267578,102264500,0.0,0.0
2017-02-09 00:00:00-05:00,22.760000228881836,23.149999618530273,22.639999389648438,23.1200008392334,19.17630386352539,102634200,0.0,0.0
2017-02-10 00:00:00-05:00,23.190000534057617,23.239999771118164,22.959999084472656,23.079999923706055,19.14312171936035,90548300,0.0,0.0
2017-02-13 00:00:00-05:00,23.170000076293945,23.540000915527344,23.170000076293945,23.399999618530273,19.408536911010742,105342500,0.0,0.0
2017-02-14 00:00:00-05:00,23.399999618530273,24.170000076293945,23.329999923706055,24.059999465942383,19.955961227416992,139711400,0.0,0.0
2017-02-15 00:00:00-05:00,24.34000015258789,24.770000457763672,24.110000610351562,24.579999923706055,20.387258529663086,151233300,0.0,0.0
2017-02-16 00:00:00-05:00,24.540000915527344,24.6200008392334,24.299999237060547,24.579999923706055,20.387258529663086,98144500,0.0,0.0
2017-02-17 00:00:00-05:00,24.280000686645508,24.579999923706055,24.200000762939453,24.520000457763672,20.337491989135742,85789200,0.0,0.0
2017-02-21 00:00:00-05:00,24.59000015258789,24.799999237060547,24.579999923706055,24.780000686645508,20.553150177001953,78571500,0.0,0.0
2017-02-22 00:00:00-05:00,24.610000610351562,24.950000762939453,24.540000915527344,24.790000915527344,20.561437606811523,81531900,0.0,0.0
2017-02-23 00:00:00-05:00,24.790000915527344,24.889999389648438,24.510000228881836,24.579999923706055,20.387258529663086,85846000,0.0,0.0
2017-02-24 00:00:00-05:00,24.1200008392334,24.350000381469727,24.020000457763672,24.229999542236328,20.096954345703125,97074400,0.0,0.0
2017-02-27 00:00:00-05:00,24.200000762939453,24.65999984741211,24.190000534057617,24.56999969482422,20.378969192504883,69129100,0.0,0.0
2017-02-28 00:00:00-05:00,24.479999542236328,24.700000762939453,24.420000076293945,24.68000030517578,20.47020721435547,90242000,0.0,0.0
2017-03-01 00:00:00-05:00,25.3700008392334,25.610000610351562,25.219999313354492,25.5,21.214801788330078,143947500,0.075,0.0
2017-03-02 00:00:00-05:00,25.68000030517578,25.799999237060547,25.200000762939453,25.229999542236328,20.99017906188965,99824600,0.0,0.0
2017-03-03 00:00:00-05:00,25.299999237060547,25.649999618530273,25.299999237060547,25.440000534057617,21.16488265991211,92456100,0.0,0.0
2017-03-06 00:00:00-05:00,25.329999923706055,25.350000381469727,25.079999923706055,25.25,21.006813049316406,75660400,0.0,0.0
2017-03-07 00:00:00-05:00,25.219999313354492,25.360000610351562,25.100000381469727,25.209999084472656,20.973533630371094,64053700,0.0,0.0
2017-03-08 00:00:00-05:00,25.600000381469727,25.770000457763672,25.219999313354492,25.260000228881836,21.015132904052734,105314600,0.0,0.0
2017-03-09 00:00:00-05:00,25.350000381469727,25.530000686645508,25.229999542236328,25.350000381469727,21.09000587463379,78984600,0.0,0.0
2017-03-10 00:00:00-05:00,25.6200008392334,25.6200008392334,25.09000015258789,25.309999465942383,21.056726455688477,86998800,0.0,0.0
2017-03-13 00:00:00-04:00,25.299999237060547,25.40999984741211,25.1299991607666,25.299999237060547,21.048416137695312,56886200,0.0,0.0
2017-03-14 00:00:00-04:00,25.190000534057617,25.34000015258789,25.049999237060547,25.31999969482422,21.065052032470703,63182700,0.0,0.0
2017-03-15 00:00:00-04:00,25.389999389648438,25.549999237060547,24.959999084472656,25.18000030517578,20.948577880859375,114662700,0.0,0.0
2017-03-16 00:00:00-04:00,25.239999771118164,25.489999771118164,25.190000534057617,25.219999313354492,20.98185157775879,70306200,0.0,0.0
2017-03-17 00:00:00-04:00,25.219999313354492,25.270000457763672,24.829999923706055,24.860000610351562,20.682353973388672,105222400,0.0,0.0
2017-03-20 00:00:00-04:00,24.579999923706055,24.760000228881836,24.420000076293945,24.440000534057617,20.33293342590332,87287500,0.0,0.0
2017-03-21 00:00:00-04:00,24.5,24.559999465942383,22.950000762939453,23.020000457763672,19.151565551757812,259545800,0.0,0.0
2017-03-22 00:00:00-04:00,22.649999618530273,23.18000030517578,22.450000762939453,22.940000534057617,19.085002899169922,167984400,0.0,0.0
2017-03-23 00:00:00-04:00,23.040000915527344,23.489999771118164,22.90999984741211,23.06999969482422,19.19315528869629,111666800,0.0,0.0
2017-03-24 00:00:00-04:00,23.200000762939453,23.350000381469727,22.760000228881836,23.1200008392334,19.23475456237793,113499100,0.0,0.0
2017-03-27 00:00:00-04:00,22.280000686645508,23.049999237060547,22.15999984741211,23.030000686645508,19.159881591796875,119513500,0.0,0.0
2017-03-28 00:00:00-04:00,23.010000228881836,23.670000076293945,23.0,23.479999542236328,19.534257888793945,95761700,0.0,0.0
2017-03-29 00:00:00-04:00,23.510000228881836,23.649999618530273,23.309999465942383,23.350000381469727,19.426101684570312,67204500,0.0,0.0
2017-03-30 00:00:00-04:00,23.3799991607666,23.979999542236328,23.329999923706055,23.8700008392334,19.85871696472168,79189200,0.0,0.0
2017-03-31 00:00:00-04:00,23.829999923706055,23.969999313354492,23.59000015258789,23.59000015258789,19.625774383544922,77158300,0.0,0.0
2017-04-03 00:00:00-04:00,23.649999618530273,23.75,23.079999923706055,23.59000015258789,19.625774383544922,88076600,0.0,0.0
2017-04-04 00:00:00-04:00,23.200000762939453,23.510000228881836,23.200000762939453,23.440000534057617,19.500978469848633,75244400,0.0,0.0
2017-04-05 00:00:00-04:00,23.770000457763672,23.8799991607666,23.149999618530273,23.170000076293945,19.27635383605957,97453300,0.0,0.0
2017-04-06 00:00:00-04:00,23.170000076293945,23.459999084472656,22.959999084472656,23.260000228881836,19.351232528686523,82975200,0.0,0.0
2017-04-07 00:00:00-04:00,23.030000686645508,23.34000015258789,22.93000030517578,23.15999984741211,19.26803207397461,79519400,0.0,0.0
2017-04-10 00:00:00-04:00,23.1299991607666,23.280000686645508,22.90999984741211,23.020000457763672,19.151565551757812,63254700,0.0,0.0
2017-04-11 00:00:00-04:00,22.829999923706055,22.950000762939453,22.579999923706055,22.920000076293945,19.0683650970459,94206700,0.0,0.0
2017-04-12 00:00:00-04:00,22.8799991607666,22.940000534057617,22.610000610351562,22.649999618530273,18.843734741210938,76556300,0.0,0.0
2017-04-13 00:00:00-04:00,22.559999465942383,22.959999084472656,22.34000015258789,22.34000015258789,18.585834503173828,88061800,0.0,0.0
2017-04-17 00:00:00-04:00,22.360000610351562,22.829999923706055,22.260000228881836,22.809999465942383,18.976844787597656,85053200,0.0,0.0
2017-04-18 00:00:00-04:00,23.110000610351562,23.149999618530273,22.3799991607666,22.709999084472656,18.893657684326172,146488400,0.0,0.0
2017-04-19 00:00:00-04:00,22.920000076293945,23.149999618530273,22.68000030517578,22.739999771118164,18.918609619140625,101771800,0.0,0.0
2017-04-20 00:00:00-04:00,22.959999084472656,23.170000076293945,22.81999969482422,23.06999969482422,19.19315528869629,103802600,0.0,0.0
2017-04-21 00:00:00-04:00,23.030000686645508,23.079999923706055,22.59000015258789,22.709999084472656,18.893657684326172,127235400,0.0,0.0
2017-04-24 00:00:00-04:00,23.239999771118164,23.850000381469727,23.239999771118164,23.6299991607666,19.65904998779297,138638900,0.0,0.0
2017-04-25 00:00:00-04:00,23.989999771118164,24.350000381469727,23.90999984741211,23.979999542236328,19.950231552124023,131531100,0.0,0.0
2017-04-26 00:00:00-04:00,24.0,24.190000534057617,23.860000610351562,23.889999389648438,19.87535858154297,95172200,0.0,0.0
2017-04-27 00:00:00-04:00,23.899999618530273,23.93000030517578,23.459999084472656,23.649999618530273,19.67568588256836,80024200,0.0,0.0
2017-04-28 00:00:00-04:00,23.56999969482422,23.719999313354492,23.31999969482422,23.34000015258789,19.41778564453125,69384900,0.0,0.0
2017-05-01 00:00:00-04:00,23.520000457763672,23.770000457763672,23.350000381469727,23.610000610351562,19.642412185668945,72382900,0.0,0.0
2017-05-02 00:00:00-04:00,23.610000610351562,23.670000076293945,23.329999923706055,23.530000686645508,19.575857162475586,60262600,0.0,0.0
2017-05-03 00:00:00-04:00,23.3700008392334,23.780000686645508,23.34000015258789,23.770000457763672,19.77552604675293,64272800,0.0,0.0
2017-05-04 00:00:00-04:00,23.979999542236328,24.049999237060547,23.729999542236328,23.850000381469727,19.84208106994629,68133400,0.0,0.0
2017-05-05 00:00:00-04:00,23.979999542236328,23.989999771118164,23.600000381469727,23.739999771118164,19.750564575195312,56678800,0.0,0.0
2017-05-08 00:00:00-04:00,23.75,24.059999465942383,23.75,23.959999084472656,19.933595657348633,56016500,0.0,0.0
2017-05-09 00:00:00-04:00,24.030000686645508,24.309999465942383,23.8700008392334,23.979999542236328,19.950231552124023,61622000,0.0,0.0
2017-05-10 00:00:00-04:00,23.90999984741211,24.170000076293945,23.8700008392334,24.149999618530273,20.091659545898438,48495300,0.0,0.0
2017-05-11 00:00:00-04:00,24.100000381469727,24.229999542236328,23.84000015258789,24.06999969482422,20.02510643005371,68350800,0.0,0.0
2017-05-12 00:00:00-04:00,23.920000076293945,24.0,23.75,24.0,19.966873168945312,62589000,0.0,0.0
2017-05-15 00:00:00-04:00,24.059999465942383,24.139999389648438,23.979999542236328,24.059999465942383,20.016788482666016,50688800,0.0,0.0
2017-05-16 00:00:00-04:00,24.06999969482422,24.170000076293945,23.940000534057617,23.989999771118164,19.95855712890625,55774800,0.0,0.0
2017-05-17 00:00:00-04:00,23.3700008392334,23.450000762939453,22.459999084472656,22.56999969482422,18.777177810668945,190353300,0.0,0.0
2017-05-18 00:00:00-04:00,22.610000610351562,23.0,22.5,22.739999771118164,18.918609619140625,108444100,0.0,0.0
2017-05-19 00:00:00-04:00,22.90999984741211,23.299999237060547,22.8700008392334,23.049999237060547,19.1765193939209,89566700,0.0,0.0
2017-05-22 00:00:00-04:00,23.190000534057617,23.239999771118164,22.81999969482422,23.040000915527344,19.168197631835938,74839400,0.0,0.0
2017-05-23 00:00:00-04:00,23.030000686645508,23.5,22.84000015258789,23.389999389648438,19.459381103515625,79020000,0.0,0.0
2017-05-24 00:00:00-04:00,23.440000534057617,23.469999313354492,23.219999313354492,23.360000610351562,19.434423446655273,58823200,0.0,0.0
2017-05-25 00:00:00-04:00,23.40999984741211,23.579999923706055,23.219999313354492,23.25,19.342906951904297,60443500,0.0,0.0
2017-05-26 00:00:00-04:00,23.229999542236328,23.420000076293945,23.170000076293945,23.239999771118164,19.334592819213867,50399500,0.0,0.0
2017-05-30 00:00:00-04:00,23.1299991607666,23.209999084472656,22.8799991607666,22.90999984741211,19.060043334960938,61307900,0.0,0.0
2017-05-31 00:00:00-04:00,22.780000686645508,22.799999237060547,22.09000015258789,22.40999984741211,18.705305099487305,138636300,0.075,0.0
2017-06-01 00:00:00-04:00,22.479999542236328,22.639999389648438,22.299999237060547,22.6299991607666,18.888933181762695,69725100,0.0,0.0
2017-06-02 00:00:00-04:00,22.270000457763672,22.59000015258789,22.15999984741211,22.450000762939453,18.738689422607422,79722300,0.0,0.0
2017-06-05 00:00:00-04:00,22.440000534057617,22.700000762939453,22.389999389648438,22.40999984741211,18.705305099487305,51590300,0.0,0.0
2017-06-06 00:00:00-04:00,22.200000762939453,22.40999984741211,22.06999969482422,22.229999542236328,18.555055618286133,71735600,0.0,0.0
2017-06-07 00:00:00-04:00,22.299999237060547,22.6200008392334,22.270000457763672,22.600000381469727,18.8638916015625,66429700,0.0,0.0
2017-06-08 00:00:00-04:00,22.6200008392334,23.209999084472656,22.600000381469727,22.969999313354492,19.172725677490234,93685900,0.0,0.0
2017-06-09 00:00:00-04:00,23.219999313354492,23.670000076293945,23.209999084472656,23.670000076293945,19.757007598876953,108254300,0.0,0.0
2017-06-12 00:00:00-04:00,23.81999969482422,24.040000915527344,23.729999542236328,23.780000686645508,19.848819732666016,85829900,0.0,0.0
2017-06-13 00:00:00-04:00,23.950000762939453,24.110000610351562,23.65999984741211,23.770000457763672,19.84047508239746,68047300,0.0,0.0
2017-06-14 00:00:00-04:00,23.549999237060547,23.809999465942383,23.200000762939453,23.760000228881836,19.832128524780273,102352400,0.0,0.0
2017-06-15 00:00:00-04:00,23.549999237060547,23.950000762939453,23.469999313354492,23.540000915527344,19.648494720458984,69707500,0.0,0.0
2017-06-16 00:00:00-04:00,23.559999465942383,23.6200008392334,23.3700008392334,23.43000030517578,19.556684494018555,57745800,0.0,0.0
2017-06-19 00:00:00-04:00,23.610000610351562,24.0,23.600000381469727,23.90999984741211,19.95732879638672,58587800,0.0,0.0
2017-06-20 00:00:00-04:00,23.90999984741211,23.989999771118164,23.479999542236328,23.489999771118164,19.606761932373047,59693500,0.0,0.0
2017-06-21 00:00:00-04:00,23.5,23.56999969482422,23.06999969482422,23.1299991607666,19.306276321411133,72432800,0.0,0.0
2017-06-22 00:00:00-04:00,23.1200008392334,23.200000762939453,22.899999618530273,22.93000030517578,19.139326095581055,64763300,0.0,0.0
2017-06-23 00:00:00-04:00,23.110000610351562,23.110000610351562,22.739999771118164,22.81999969482422,19.04752540588379,85399600,0.0,0.0
2017-06-26 00:00:00-04:00,22.90999984741211,23.139999389648438,22.729999542236328,22.889999389648438,19.105953216552734,61307800,0.0,0.0
2017-06-27 00:00:00-04:00,23.100000381469727,23.600000381469727,23.0,23.270000457763672,19.423131942749023,88257800,0.0,0.0
2017-06-28 00:00:00-04:00,23.530000686645508,23.959999084472656,23.530000686645508,23.8799991607666,19.932287216186523,119049300,0.0,0.0
2017-06-29 00:00:00-04:00,24.579999923706055,24.670000076293945,24.040000915527344,24.31999969482422,20.299556732177734,150501200,0.0,0.0
2017-06-30 00:00:00-04:00,24.6200008392334,24.6200008392334,24.170000076293945,24.260000228881836,20.24947166442871,84005200,0.0,0.0
2017-07-03 00:00:00-04:00,24.459999084472656,24.90999984741211,24.440000534057617,24.68000030517578,20.60004234313965,58129700,0.0,0.0
2017-07-05 00:00:00-04:00,24.799999237060547,24.950000762939453,24.6200008392334,24.920000076293945,20.800363540649414,76172500,0.0,0.0
2017-07-06 00:00:00-04:00,24.899999618530273,25.110000610351562,24.690000534057617,24.709999084472656,20.62508201599121,84465400,0.0,0.0
2017-07-07 00:00:00-04:00,24.920000076293945,25.0,24.649999618530273,24.829999923706055,20.725242614746094,54478800,0.0,0.0
2017-07-10 00:00:00-04:00,24.719999313354492,24.989999771118164,24.639999389648438,24.889999389648438,20.775320053100586,54632800,0.0,0.0
2017-07-11 00:00:00-04:00,24.8799991607666,24.90999984741211,24.459999084472656,24.600000381469727,20.53326416015625,69410600,0.0,0.0
2017-07-12 00:00:00-04:00,24.420000076293945,24.600000381469727,24.299999237060547,24.350000381469727,20.32459259033203,68708700,0.0,0.0
2017-07-13 00:00:00-04:00,24.43000030517578,24.6299991607666,24.3700008392334,24.6200008392334,20.549955368041992,55533400,0.0,0.0
2017-07-14 00:00:00-04:00,24.200000762939453,24.31999969482422,23.81999969482422,24.209999084472656,20.207733154296875,92625400,0.0,0.0
2017-07-17 00:00:00-04:00,24.219999313354492,24.219999313354492,23.93000030517578,24.020000457763672,20.049148559570312,81522000,0.0,0.0
2017-07-18 00:00:00-04:00,23.90999984741211,24.059999465942383,23.610000610351562,23.899999618530273,19.94898223876953,107981400,0.0,0.0
2017-07-19 00:00:00-04:00,24.049999237060547,24.200000762939453,23.809999465942383,24.059999465942383,20.082534790039062,74140100,0.0,0.0
2017-07-20 00:00:00-04:00,24.020000457763672,24.1200008392334,23.829999923706055,23.940000534057617,19.982376098632812,62793500,0.0,0.0
2017-07-21 00:00:00-04:00,23.84000015258789,23.959999084472656,23.65999984741211,23.799999237060547,19.865516662597656,65922500,0.0,0.0
2017-07-24 00:00:00-04:00,23.739999771118164,24.030000686645508,23.729999542236328,23.90999984741211,19.95732879638672,51382700,0.0,0.0
2017-07-25 00:00:00-04:00,24.25,24.670000076293945,24.239999771118164,24.479999542236328,20.433101654052734,86154700,0.0,0.0
2017-07-26 00:00:00-04:00,24.670000076293945,24.670000076293945,24.139999389648438,24.209999084472656,20.207733154296875,65704700,0.0,0.0
2017-07-27 00:00:00-04:00,24.260000228881836,24.450000762939453,24.030000686645508,24.110000610351562,20.124265670776367,62902100,0.0,0.0
2017-07-28 00:00:00-04:00,24.049999237060547,24.209999084472656,23.959999084472656,24.030000686645508,20.057498931884766,50143400,0.0,0.0
2017-07-31 00:00:00-04:00,24.1200008392334,24.299999237060547,24.09000015258789,24.1200008392334,20.13261604309082,62272000,0.0,0.0
2017-08-01 00:00:00-04:00,24.290000915527344,24.489999771118164,24.270000457763672,24.450000762939453,20.408063888549805,52782500,0.0,0.0
2017-08-02 00:00:00-04:00,24.440000534057617,24.59000015258789,24.260000228881836,24.59000015258789,20.524913787841797,55317100,0.0,0.0
2017-08-03 00:00:00-04:00,24.549999237060547,24.600000381469727,24.31999969482422,24.3700008392334,20.341283798217773,53210600,0.0,0.0
2017-08-04 00:00:00-04:00,24.68000030517578,25.079999923706055,24.649999618530273,24.969999313354492,20.842092514038086,105206600,0.0,0.0
2017-08-07 00:00:00-04:00,25.010000228881836,25.049999237060547,24.899999618530273,24.959999084472656,20.83375358581543,41860900,0.0,0.0
2017-08-08 00:00:00-04:00,24.950000762939453,25.350000381469727,24.81999969482422,24.899999618530273,20.78367042541504,73399300,0.0,0.0
2017-08-09 00:00:00-04:00,24.600000381469727,24.770000457763672,24.459999084472656,24.739999771118164,20.650117874145508,56910400,0.0,0.0
2017-08-10 00:00:00-04:00,24.579999923706055,24.579999923706055,24.09000015258789,24.1200008392334,20.13261604309082,78023700,0.0,0.0
2017-08-11 00:00:00-04:00,24.06999969482422,24.239999771118164,23.799999237060547,23.860000610351562,19.915590286254883,68157400,0.0,0.0
2017-08-14 00:00:00-04:00,24.229999542236328,24.489999771118164,24.170000076293945,24.420000076293945,20.383026123046875,54989500,0.0,0.0
2017-08-15 00:00:00-04:00,24.75,24.850000381469727,24.450000762939453,24.469999313354492,20.42474937438965,45143200,0.0,0.0
2017-08-16 00:00:00-04:00,24.540000915527344,24.6200008392334,24.079999923706055,24.190000534057617,20.1910400390625,59188900,0.0,0.0
2017-08-17 00:00:00-04:00,24.06999969482422,24.170000076293945,23.6200008392334,23.639999389648438,19.731962203979492,78969300,0.0,0.0
2017-08-18 00:00:00-04:00,23.559999465942383,23.899999618530273,23.450000762939453,23.6200008392334,19.71527099609375,60461200,0.0,0.0
2017-08-21 00:00:00-04:00,23.579999923706055,23.639999389648438,23.139999389648438,23.3799991607666,19.514949798583984,70124800,0.0,0.0
2017-08-22 00:00:00-04:00,23.600000381469727,23.889999389648438,23.56999969482422,23.829999923706055,19.890552520751953,59228600,0.0,0.0
2017-08-23 00:00:00-04:00,23.610000610351562,23.969999313354492,23.59000015258789,23.760000228881836,19.832128524780273,39825500,0.0,0.0
2017-08-24 00:00:00-04:00,23.93000030517578,23.940000534057617,23.68000030517578,23.84000015258789,19.898902893066406,39178700,0.0,0.0
2017-08-25 00:00:00-04:00,23.889999389648438,24.06999969482422,23.75,23.770000457763672,19.84047508239746,43511900,0.0,0.0
2017-08-28 00:00:00-04:00,23.84000015258789,23.899999618530273,23.56999969482422,23.719999313354492,19.798738479614258,37155000,0.0,0.0
2017-08-29 00:00:00-04:00,23.219999313354492,23.700000762939453,23.1200008392334,23.579999923706055,19.681884765625,60897200,0.0,0.0
2017-08-30 00:00:00-04:00,23.729999542236328,24.040000915527344,23.559999465942383,23.8700008392334,20.02585792541504,58412900,0.12,0.0
2017-08-31 00:00:00-04:00,24.030000686645508,24.040000915527344,23.780000686645508,23.889999389648438,20.042634963989258,62362400,0.0,0.0
2017-09-01 00:00:00-04:00,23.899999618530273,24.18000030517578,23.799999237060547,24.09000015258789,20.210424423217773,56233900,0.0,0.0
2017-09-05 00:00:00-04:00,23.829999923706055,23.829999923706055,23.229999542236328,23.309999465942383,19.55604362487793,108605400,0.0,0.0
2017-09-06 00:00:00-04:00,23.489999771118164,23.579999923706055,23.209999084472656,23.40999984741211,19.639938354492188,64188900,0.0,0.0
2017-09-07 00:00:00-04:00,23.3799991607666,23.40999984741211,22.75,22.969999313354492,19.27079200744629,103501200,0.0,0.0
2017-09-08 00:00:00-04:00,22.93000030517578,23.229999542236328,22.850000381469727,22.889999389648438,19.20368003845215,68365000,0.0,0.0
2017-09-11 00:00:00-04:00,23.219999313354492,23.40999984741211,23.079999923706055,23.360000610351562,19.597991943359375,73741000,0.0,0.0
2017-09-12 00:00:00-04:00,23.459999084472656,24.030000686645508,23.450000762939453,23.950000762939453,20.092975616455078,99658500,0.0,0.0
2017-09-13 00:00:00-04:00,23.920000076293945,24.350000381469727,23.8700008392334,24.329999923706055,20.411773681640625,86339800,0.0,0.0
2017-09-14 00:00:00-04:00,24.3799991607666,24.540000915527344,24.200000762939453,24.239999771118164,20.33626937866211,70051000,0.0,0.0
2017-09-15 00:00:00-04:00,24.209999084472656,24.40999984741211,24.149999618530273,24.3799991607666,20.45372200012207,85937600,0.0,0.0
2017-09-18 00:00:00-04:00,24.420000076293945,24.770000457763672,24.40999984741211,24.700000762939453,20.722183227539062,68076400,0.0,0.0
2017-09-19 00:00:00-04:00,24.700000762939453,24.989999771118164,24.6200008392334,24.860000610351562,20.856420516967773,56218100,0.0,0.0
2017-09-20 00:00:00-04:00,24.8799991607666,25.239999771118164,24.670000076293945,25.059999465942383,21.024211883544922,82289900,0.0,0.0
2017-09-21 00:00:00-04:00,25.049999237060547,25.280000686645508,24.920000076293945,25.15999984741211,21.108104705810547,57864000,0.0,0.0
2017-09-22 00:00:00-04:00,25.010000228881836,25.06999969482422,24.850000381469727,25.020000457763672,20.990652084350586,61446000,0.0,0.0
2017-09-25 00:00:00-04:00,24.940000534057617,25.079999923706055,24.579999923706055,24.760000228881836,20.772531509399414,62361700,0.0,0.0
2017-09-26 00:00:00-04:00,24.829999923706055,24.959999084472656,24.690000534057617,24.809999465942383,20.814476013183594,53012700,0.0,0.0
2017-09-27 00:00:00-04:00,25.309999465942383,25.639999389648438,25.18000030517578,25.40999984741211,21.317842483520508,92877400,0.0,0.0
2017-09-28 00:00:00-04:00,25.59000015258789,25.639999389648438,25.34000015258789,25.450000762939453,21.351404190063477,64991400,0.0,0.0
2017-09-29 00:00:00-04:00,25.40999984741211,25.479999542236328,25.309999465942383,25.34000015258789,21.259117126464844,66232600,0.0,0.0
2017-10-02 00:00:00-04:00,25.459999084472656,25.649999618530273,25.389999389648438,25.6200008392334,21.4940242767334,54001400,0.0,0.0
2017-10-03 00:00:00-04:00,25.75,25.93000030517578,25.6200008392334,25.860000610351562,21.695377349853516,55946900,0.0,0.0
2017-10-04 00:00:00-04:00,25.860000610351562,25.950000762939453,25.700000762939453,25.709999084472656,21.569530487060547,53402800,0.0,0.0
2017-10-05 00:00:00-04:00,25.770000457763672,26.229999542236328,25.65999984741211,26.1299991607666,21.92189598083496,62636900,0.0,0.0
2017-10-06 00:00:00-04:00,26.25,26.299999237060547,26.040000915527344,26.209999084472656,21.9890079498291,53900600,0.0,0.0
2017-10-09 00:00:00-04:00,26.260000228881836,26.270000457763672,25.760000228881836,25.850000381469727,21.68698501586914,55172500,0.0,0.0
2017-10-10 00:00:00-04:00,25.829999923706055,25.950000762939453,25.709999084472656,25.93000030517578,21.754104614257812,46133800,0.0,0.0
2017-10-11 00:00:00-04:00,25.93000030517578,25.93000030517578,25.649999618530273,25.829999923706055,21.670204162597656,51652300,0.0,0.0
2017-10-12 00:00:00-04:00,25.8700008392334,25.93000030517578,25.34000015258789,25.450000762939453,21.351404190063477,71770000,0.0,0.0
2017-10-13 00:00:00-04:00,25.3799991607666,26.0,25.1200008392334,25.829999923706055,21.670204162597656,104196900,0.0,0.0
2017-10-16 00:00:00-04:00,25.8700008392334,26.329999923706055,25.8700008392334,26.239999771118164,22.014183044433594,71927200,0.0,0.0
2017-10-17 00:00:00-04:00,26.3700008392334,26.43000030517578,26.110000610351562,26.200000762939453,21.980619430541992,48644400,0.0,0.0
2017-10-18 00:00:00-04:00,26.34000015258789,26.549999237060547,26.329999923706055,26.479999542236328,22.215530395507812,55382500,0.0,0.0
2017-10-19 00:00:00-04:00,26.200000762939453,26.59000015258789,26.149999618530273,26.579999923706055,22.299427032470703,54542700,0.0,0.0
2017-10-20 00:00:00-04:00,27.040000915527344,27.18000030517578,26.899999618530273,27.170000076293945,22.794404983520508,83764700,0.0,0.0
2017-10-23 00:00:00-04:00,27.219999313354492,27.43000030517578,27.09000015258789,27.15999984741211,22.786014556884766,69607700,0.0,0.0
2017-10-24 00:00:00-04:00,27.350000381469727,27.84000015258789,27.34000015258789,27.68000030517578,23.222270965576172,90346500,0.0,0.0
2017-10-25 00:00:00-04:00,27.889999389648438,27.920000076293945,27.34000015258789,27.6299991607666,23.180326461791992,81265300,0.0,0.0
2017-10-26 00:00:00-04:00,27.690000534057617,27.979999542236328,27.68000030517578,27.739999771118164,23.27260971069336,55342500,0.0,0.0
2017-10-27 00:00:00-04:00,27.68000030517578,27.959999084472656,27.6200008392334,27.799999237060547,23.32294464111328,58856700,0.0,0.0
2017-10-30 00:00:00-04:00,27.649999618530273,27.760000228881836,27.459999084472656,27.600000381469727,23.15515899658203,51357600,0.0,0.0
2017-10-31 00:00:00-04:00,27.639999389648438,27.719999313354492,27.34000015258789,27.389999389648438,22.978975296020508,50311200,0.0,0.0
2017-11-01 00:00:00-04:00,27.639999389648438,27.729999542236328,27.360000610351562,27.530000686645508,23.096433639526367,46527700,0.0,0.0
2017-11-02 00:00:00-04:00,27.510000228881836,27.940000534057617,27.280000686645508,27.8700008392334,23.381675720214844,59692000,0.0,0.0
2017-11-03 00:00:00-04:00,27.729999542236328,27.81999969482422,27.6200008392334,27.81999969482422,23.339723587036133,37816100,0.0,0.0
2017-11-06 00:00:00-05:00,27.739999771118164,27.81999969482422,27.6200008392334,27.75,23.281002044677734,37261000,0.0,0.0
2017-11-07 00:00:00-05:00,27.739999771118164,27.770000457763672,27.020000457763672,27.18000030517578,22.802791595458984,68342100,0.0,0.0
2017-11-08 00:00:00-05:00,26.959999084472656,26.959999084472656,26.489999771118164,26.790000915527344,22.475605010986328,83128200,0.0,0.0
2017-11-09 00:00:00-05:00,26.489999771118164,26.65999984741211,26.1200008392334,26.489999771118164,22.223918914794922,95448600,0.0,0.0
2017-11-10 00:00:00-05:00,26.59000015258789,26.739999771118164,26.459999084472656,26.510000228881836,22.240694046020508,61105300,0.0,0.0
2017-11-13 00:00:00-05:00,26.260000228881836,26.479999542236328,26.139999389648438,26.399999618530273,22.148412704467773,55902200,0.0,0.0
2017-11-14 00:00:00-05:00,26.260000228881836,26.350000381469727,26.079999923706055,26.239999771118164,22.014183044433594,61596800,0.0,0.0
2017-11-15 00:00:00-05:00,25.989999771118164,26.93000030517578,25.809999465942383,26.790000915527344,22.475605010986328,98274900,0.0,0.0
2017-11-16 00:00:00-05:00,26.90999984741211,27.049999237060547,26.739999771118164,26.760000228881836,22.45043182373047,54565200,0.0,0.0
2017-11-17 00:00:00-05:00,26.510000228881836,26.729999542236328,26.440000534057617,26.6200008392334,22.33298110961914,48420700,0.0,0.0
2017-11-20 00:00:00-05:00,26.739999771118164,26.84000015258789,26.540000915527344,26.739999771118164,22.43366050720215,46328800,0.0,0.0
2017-11-21 00:00:00-05:00,26.799999237060547,26.860000610351562,26.690000534057617,26.729999542236328,22.42527198791504,57749100,0.0,0.0
2017-11-22 00:00:00-05:00,26.770000457763672,26.899999618530273,26.59000015258789,26.65999984741211,22.366544723510742,38103200,0.0,0.0
2017-11-24 00:00:00-05:00,26.719999313354492,26.739999771118164,26.56999969482422,26.59000015258789,22.307817459106445,14273600,0.0,0.0
2017-11-27 00:00:00-05:00,26.520000457763672,26.920000076293945,26.510000228881836,26.59000015258789,22.307817459106445,44828600,0.0,0.0
2017-11-28 00:00:00-05:00,26.6200008392334,27.700000762939453,26.56999969482422,27.639999389648438,23.18871307373047,99765000,0.0,0.0
2017-11-29 00:00:00-05:00,28.020000457763672,28.489999771118164,27.84000015258789,28.280000686645508,23.72564697265625,119728400,0.0,0.0
2017-11-30 00:00:00-05:00,28.6200008392334,28.719999313354492,28.079999923706055,28.170000076293945,23.734071731567383,122131900,0.12,0.0
2017-12-01 00:00:00-05:00,28.25,28.510000228881836,27.5,28.100000381469727,23.67509651184082,137774800,0.0,0.0
2017-12-04 00:00:00-05:00,28.850000381469727,29.309999465942383,28.81999969482422,29.059999465942383,24.483922958374023,145661700,0.0,0.0
2017-12-05 00:00:00-05:00,29.100000381469727,29.299999237060547,28.850000381469727,28.93000030517578,24.374393463134766,91349800,0.0,0.0
2017-12-06 00:00:00-05:00,28.729999542236328,28.969999313354492,28.56999969482422,28.639999389648438,24.130062103271484,74593800,0.0,0.0
2017-12-07 00:00:00-05:00,28.889999389648438,28.969999313354492,28.3700008392334,28.780000686645508,24.248016357421875,80706100,0.0,0.0
2017-12-08 00:00:00-05:00,29.020000457763672,29.09000015258789,28.760000228881836,29.049999237060547,24.475496292114258,60991300,0.0,0.0
2017-12-11 00:00:00-05:00,29.030000686645508,29.170000076293945,28.899999618530273,28.940000534057617,24.38282012939453,54001900,0.0,0.0
2017-12-12 00:00:00-05:00,29.31999969482422,29.5,28.90999984741211,29.31999969482422,24.70298194885254,76017200,0.0,0.0
2017-12-13 00:00:00-05:00,29.309999465942383,29.440000534057617,28.829999923706055,28.84000015258789,24.298568725585938,79980600,0.0,0.0
2017-12-14 00:00:00-05:00,29.059999465942383,29.18000030517578,28.709999084472656,28.729999542236328,24.205890655517578,60615800,0.0,0.0
2017-12-15 00:00:00-05:00,28.90999984741211,29.18000030517578,28.739999771118164,29.040000915527344,24.467071533203125,129859400,0.0,0.0
2017-12-18 00:00:00-05:00,29.290000915527344,29.5,29.270000457763672,29.479999542236328,24.837787628173828,70548600,0.0,0.0
2017-12-19 00:00:00-05:00,29.600000381469727,29.639999389648438,29.3700008392334,29.450000762939453,24.81250762939453,67984100,0.0,0.0
2017-12-20 00:00:00-05:00,29.760000228881836,29.84000015258789,29.450000762939453,29.479999542236328,24.837787628173828,81271200,0.0,0.0
2017-12-21 00:00:00-05:00,29.59000015258789,29.979999542236328,29.579999923706055,29.81999969482422,25.124248504638672,72953200,0.0,0.0
2017-12-22 00:00:00-05:00,29.979999542236328,30.030000686645508,29.6200008392334,29.8799991607666,25.1747989654541,54203000,0.0,0.0
2017-12-26 00:00:00-05:00,29.739999771118164,29.940000534057617,29.579999923706055,29.780000686645508,25.090538024902344,42371200,0.0,0.0
2017-12-27 00:00:00-05:00,29.65999984741211,29.729999542236328,29.600000381469727,29.729999542236328,25.048418045043945,35111800,0.0,0.0
2017-12-28 00:00:00-05:00,29.729999542236328,29.81999969482422,29.65999984741211,29.799999237060547,25.107389450073242,37914900,0.0,0.0
2017-12-29 00:00:00-05:00,29.850000381469727,29.8799991607666,29.520000457763672,29.520000457763672,24.87148666381836,40672000,0.0,0.0
2018-01-02 00:00:00-05:00,29.75,29.899999618530273,29.610000610351562,29.899999618530273,25.191650390625,57121600,0.0,0.0
2018-01-03 00:00:00-05:00,29.899999618530273,29.940000534057617,29.690000534057617,29.799999237060547,25.107389450073242,57865700,0.0,0.0
2018-01-04 00:00:00-05:00,29.969999313354492,30.440000534057617,29.8799991607666,30.190000534057617,25.43598747253418,76512500,0.0,0.0
2018-01-05 00:00:00-05:00,30.3700008392334,30.420000076293945,30.049999237060547,30.329999923706055,25.553939819335938,56445200,0.0,0.0
2018-01-08 00:00:00-05:00,30.229999542236328,30.270000457763672,30.049999237060547,30.1200008392334,25.37700843811035,42914800,0.0,0.0
2018-01-09 00:00:00-05:00,30.200000762939453,30.540000915527344,30.1299991607666,30.270000457763672,25.50338363647461,69479100,0.0,0.0
2018-01-10 00:00:00-05:00,30.3700008392334,30.729999542236328,30.309999465942383,30.549999237060547,25.739294052124023,63532800,0.0,0.0
2018-01-11 00:00:00-05:00,30.65999984741211,30.690000534057617,30.450000762939453,30.65999984741211,25.83197593688965,59318300,0.0,0.0
2018-01-12 00:00:00-05:00,30.8799991607666,31.200000762939453,30.770000457763672,31.190000534057617,26.278514862060547,66371600,0.0,0.0
2018-01-16 00:00:00-05:00,31.739999771118164,31.790000915527344,31.030000686645508,31.239999771118164,26.320640563964844,104467900,0.0,0.0
2018-01-17 00:00:00-05:00,31.0,31.290000915527344,30.34000015258789,31.18000030517578,26.27008819580078,124382900,0.0,0.0
2018-01-18 00:00:00-05:00,31.329999923706055,31.709999084472656,31.209999084472656,31.479999542236328,26.522844314575195,76463800,0.0,0.0
2018-01-19 00:00:00-05:00,31.579999923706055,31.739999771118164,31.459999084472656,31.719999313354492,26.725051879882812,66491000,0.0,0.0
2018-01-22 00:00:00-05:00,31.670000076293945,31.940000534057617,31.579999923706055,31.940000534057617,26.910409927368164,53848800,0.0,0.0
2018-01-23 00:00:00-05:00,31.860000610351562,32.130001068115234,31.790000915527344,31.920000076293945,26.8935604095459,56531400,0.0,0.0
2018-01-24 00:00:00-05:00,32.0099983215332,32.209999084472656,31.81999969482422,32.09000015258789,27.036785125732422,81585000,0.0,0.0
2018-01-25 00:00:00-05:00,32.2400016784668,32.25,31.93000030517578,32.09000015258789,27.036785125732422,62265800,0.0,0.0
2018-01-26 00:00:00-05:00,32.11000061035156,32.20000076293945,31.950000762939453,32.20000076293945,27.129465103149414,52699900,0.0,0.0
2018-01-29 00:00:00-05:00,32.25,32.45000076293945,32.18000030517578,32.279998779296875,27.196866989135742,59126500,0.0,0.0
2018-01-30 00:00:00-05:00,31.950000762939453,32.20000076293945,31.850000381469727,31.8799991607666,26.859859466552734,60555800,0.0,0.0
2018-01-31 00:00:00-05:00,32.04999923706055,32.290000915527344,31.950000762939453,32.0,26.96095848083496,65734100,0.0,0.0
2018-02-01 00:00:00-05:00,32.0,32.5,31.959999084472656,32.5,27.38222885131836,62367400,0.0,0.0
2018-02-02 00:00:00-05:00,32.439998626708984,32.66999816894531,31.860000610351562,31.950000762939453,26.918838500976562,96971900,0.0,0.0
2018-02-05 00:00:00-05:00,31.1200008392334,31.979999542236328,29.149999618530273,30.260000228881836,25.494956970214844,155908300,0.0,0.0
2018-02-06 00:00:00-05:00,29.40999984741211,31.290000915527344,29.299999237060547,31.200000762939453,26.286935806274414,165878400,0.0,0.0
2018-02-07 00:00:00-05:00,31.1200008392334,31.739999771118164,30.860000610351562,31.25,26.329063415527344,101180500,0.0,0.0
2018-02-08 00:00:00-05:00,31.309999465942383,31.3799991607666,29.729999542236328,29.739999771118164,25.056838989257812,128981300,0.0,0.0
2018-02-09 00:00:00-05:00,30.170000076293945,30.610000610351562,29.1299991607666,30.329999923706055,25.553939819335938,143071100,0.0,0.0
2018-02-12 00:00:00-05:00,30.6200008392334,31.440000534057617,30.540000915527344,31.1200008392334,26.219539642333984,95055100,0.0,0.0
2018-02-13 00:00:00-05:00,31.040000915527344,31.399999618530273,30.760000228881836,31.18000030517578,26.27008819580078,76727300,0.0,0.0
2018-02-14 00:00:00-05:00,31.170000076293945,32.029998779296875,31.059999465942383,32.0,26.96095848083496,97251500,0.0,0.0
2018-02-15 00:00:00-05:00,32.38999938964844,32.470001220703125,31.8700008392334,32.209999084472656,27.137893676757812,68117400,0.0,0.0
2018-02-16 00:00:00-05:00,32.0,32.2599983215332,31.920000076293945,31.969999313354492,26.935684204101562,62137800,0.0,0.0
2018-02-20 00:00:00-05:00,31.959999084472656,32.15999984741211,31.75,31.93000030517578,26.90198516845703,58573900,0.0,0.0
2018-02-21 00:00:00-05:00,31.799999237060547,32.369998931884766,31.770000457763672,31.8700008392334,26.851438522338867,72210300,0.0,0.0
2018-02-22 00:00:00-05:00,31.989999771118164,32.13999938964844,31.59000015258789,31.690000534057617,26.69977569580078,64749700,0.0,0.0
2018-02-23 00:00:00-05:00,31.799999237060547,32.060001373291016,31.760000228881836,32.029998779296875,26.986238479614258,53626300,0.0,0.0
2018-02-26 00:00:00-05:00,32.16999816894531,32.439998626708984,32.04999923706055,32.41999816894531,27.3148193359375,61796300,0.0,0.0
2018-02-27 00:00:00-05:00,32.31999969482422,32.849998474121094,32.31999969482422,32.33000183105469,27.23900032043457,69235500,0.0,0.0
2018-02-28 00:00:00-05:00,32.4900016784668,32.77000045776367,32.09000015258789,32.099998474121094,27.045215606689453,72044000,0.0,0.0
2018-03-01 00:00:00-05:00,32.06999969482422,32.349998474121094,31.360000610351562,31.479999542236328,26.62236976623535,90547100,0.12,0.0
2018-03-02 00:00:00-05:00,31.1200008392334,31.690000534057617,30.6299991607666,31.6299991607666,26.749223709106445,82739100,0.0,0.0
2018-03-05 00:00:00-05:00,31.350000381469727,32.349998474121094,31.170000076293945,32.130001068115234,27.172069549560547,70543100,0.0,0.0
2018-03-06 00:00:00-05:00,32.29999923706055,32.31999969482422,31.950000762939453,32.11000061035156,27.155155181884766,50832600,0.0,0.0
2018-03-07 00:00:00-05:00,31.700000762939453,32.22999954223633,31.579999923706055,32.18000030517578,27.2143497467041,52763900,0.0,0.0
2018-03-08 00:00:00-05:00,32.189998626708984,32.27000045776367,31.809999465942383,32.20000076293945,27.23126792907715,53139800,0.0,0.0
2018-03-09 00:00:00-05:00,32.470001220703125,32.72999954223633,32.400001525878906,32.720001220703125,27.67102813720703,73905800,0.0,0.0
2018-03-12 00:00:00-04:00,32.689998626708984,33.04999923706055,32.63999938964844,32.84000015258789,27.77251434326172,60322800,0.0,0.0
2018-03-13 00:00:00-04:00,32.970001220703125,32.9900016784668,32.29999923706055,32.36000061035156,27.366579055786133,63347500,0.0,0.0
2018-03-14 00:00:00-04:00,32.54999923706055,32.54999923706055,31.93000030517578,32.13999938964844,27.180526733398438,58011400,0.0,0.0
2018-03-15 00:00:00-04:00,32.290000915527344,32.34000015258789,31.93000030517578,32.099998474121094,27.146697998046875,41964200,0.0,0.0
2018-03-16 00:00:00-04:00,32.11000061035156,32.56999969482422,32.08000183105469,32.16999816894531,27.205894470214844,83447600,0.0,0.0
2018-03-19 00:00:00-04:00,32.130001068115234,32.220001220703125,31.68000030517578,31.979999542236328,27.045215606689453,57363200,0.0,0.0
2018-03-20 00:00:00-04:00,32.060001373291016,32.20000076293945,31.8799991607666,31.979999542236328,27.045215606689453,44784500,0.0,0.0
2018-03-21 00:00:00-04:00,32.0,32.45000076293945,31.68000030517578,31.8700008392334,26.952194213867188,64546300,0.0,0.0
2018-03-22 00:00:00-04:00,31.440000534057617,31.489999771118164,30.420000076293945,30.549999237060547,25.835878372192383,110271900,0.0,0.0
2018-03-23 00:00:00-04:00,30.690000534057617,30.709999084472656,29.049999237060547,29.170000076293945,24.6688289642334,115740200,0.0,0.0
2018-03-26 00:00:00-04:00,29.889999389648438,30.559999465942383,29.649999618530273,30.440000534057617,25.742855072021484,83297000,0.0,0.0
2018-03-27 00:00:00-04:00,30.649999618530273,30.670000076293945,29.209999084472656,29.520000457763672,24.964813232421875,85821800,0.0,0.0
2018-03-28 00:00:00-04:00,29.790000915527344,29.959999084472656,29.010000228881836,29.389999389648438,24.854875564575195,79396100,0.0,0.0
2018-03-29 00:00:00-04:00,29.56999969482422,30.139999389648438,29.309999465942383,29.989999771118164,25.362287521362305,65678300,0.0,0.0
2018-04-02 00:00:00-04:00,29.799999237060547,30.059999465942383,28.75,29.309999465942383,24.787216186523438,86644200,0.0,0.0
2018-04-03 00:00:00-04:00,29.540000915527344,29.649999618530273,29.100000381469727,29.59000015258789,25.024017333984375,69698700,0.0,0.0
2018-04-04 00:00:00-04:00,29.0,29.969999313354492,28.950000762939453,29.8799991607666,25.26926040649414,66640800,0.0,0.0
2018-04-05 00:00:00-04:00,30.18000030517578,30.549999237060547,30.1200008392334,30.31999969482422,25.641368865966797,55765500,0.0,0.0
2018-04-06 00:00:00-04:00,30.010000228881836,30.290000915527344,29.3700008392334,29.6299991607666,25.057836532592773,79687600,0.0,0.0
2018-04-09 00:00:00-04:00,29.81999969482422,30.6299991607666,29.760000228881836,29.8700008392334,25.26080894470215,65917500,0.0,0.0
2018-04-10 00:00:00-04:00,30.479999542236328,30.579999923706055,30.229999542236328,30.479999542236328,25.77667808532715,60540500,0.0,0.0
2018-04-11 00:00:00-04:00,30.149999618530273,30.239999771118164,29.889999389648438,29.899999618530273,25.286176681518555,62211500,0.0,0.0
2018-04-12 00:00:00-04:00,30.219999313354492,30.799999237060547,30.170000076293945,30.649999618530273,25.920448303222656,57989100,0.0,0.0
2018-04-13 00:00:00-04:00,31.1299991607666,31.170000076293945,29.559999465942383,29.799999237060547,25.201601028442383,99254500,0.0,0.0
2018-04-16 00:00:00-04:00,30.079999923706055,30.3700008392334,29.469999313354492,29.93000030517578,25.311548233032227,110588900,0.0,0.0
2018-04-17 00:00:00-04:00,30.170000076293945,30.3700008392334,29.8799991607666,30.040000915527344,25.404571533203125,83475900,0.0,0.0
2018-04-18 00:00:00-04:00,30.030000686645508,30.219999313354492,29.5,29.530000686645508,24.9732666015625,79743200,0.0,0.0
2018-04-19 00:00:00-04:00,29.549999237060547,30.239999771118164,29.540000915527344,30.18000030517578,25.522974014282227,80902600,0.0,0.0
2018-04-20 00:00:00-04:00,30.260000228881836,30.530000686645508,30.1299991607666,30.260000228881836,25.590621948242188,65554600,0.0,0.0
2018-04-23 00:00:00-04:00,30.270000457763672,30.399999618530273,30.1200008392334,30.31999969482422,25.641368865966797,50686300,0.0,0.0
2018-04-24 00:00:00-04:00,30.459999084472656,30.860000610351562,30.0,30.190000534057617,25.53142738342285,81486800,0.0,0.0
2018-04-25 00:00:00-04:00,30.09000015258789,30.34000015258789,29.799999237060547,30.139999389648438,25.489147186279297,65893500,0.0,0.0
2018-04-26 00:00:00-04:00,30.040000915527344,30.280000686645508,29.989999771118164,30.06999969482422,25.42994499206543,45936700,0.0,0.0
2018-04-27 00:00:00-04:00,29.989999771118164,30.209999084472656,29.969999313354492,30.149999618530273,25.497600555419922,47411200,0.0,0.0
2018-04-30 00:00:00-04:00,30.270000457763672,30.43000030517578,29.920000076293945,29.920000076293945,25.3030948638916,55153900,0.0,0.0
2018-05-01 00:00:00-04:00,29.920000076293945,29.959999084472656,29.6200008392334,29.950000762939453,25.328460693359375,52871700,0.0,0.0
2018-05-02 00:00:00-04:00,29.950000762939453,30.06999969482422,29.559999465942383,29.579999923706055,25.015552520751953,68234600,0.0,0.0
2018-05-03 00:00:00-04:00,29.510000228881836,29.520000457763672,28.43000030517578,29.200000762939453,24.694196701049805,110672700,0.0,0.0
2018-05-04 00:00:00-04:00,28.989999771118164,29.420000076293945,28.81999969482422,29.299999237060547,24.778762817382812,58281900,0.0,0.0
2018-05-07 00:00:00-04:00,29.440000534057617,29.790000915527344,29.329999923706055,29.639999389648438,25.066299438476562,46765200,0.0,0.0
2018-05-08 00:00:00-04:00,29.770000457763672,30.1299991607666,29.670000076293945,29.93000030517578,25.311548233032227,65119800,0.0,0.0
2018-05-09 00:00:00-04:00,30.100000381469727,30.790000915527344,30.079999923706055,30.719999313354492,25.979642868041992,72266500,0.0,0.0
2018-05-10 00:00:00-04:00,30.610000610351562,31.06999969482422,30.420000076293945,30.889999389648438,26.1234130859375,54773200,0.0,0.0
2018-05-11 00:00:00-04:00,30.90999984741211,31.030000686645508,30.809999465942383,30.920000076293945,26.148780822753906,42024800,0.0,0.0
2018-05-14 00:00:00-04:00,31.040000915527344,31.229999542236328,31.030000686645508,31.1200008392334,26.31792449951172,41791600,0.0,0.0
2018-05-15 00:00:00-04:00,30.920000076293945,31.360000610351562,30.850000381469727,31.219999313354492,26.402490615844727,64433500,0.0,0.0
2018-05-16 00:00:00-04:00,31.18000030517578,31.25,31.020000457763672,31.059999465942383,26.26717758178711,43590100,0.0,0.0
2018-05-17 00:00:00-04:00,31.040000915527344,31.079999923706055,30.670000076293945,30.809999465942383,26.055761337280273,45981500,0.0,0.0
2018-05-18 00:00:00-04:00,30.770000457763672,30.790000915527344,30.229999542236328,30.260000228881836,25.590621948242188,58641700,0.0,0.0
2018-05-21 00:00:00-04:00,30.520000457763672,30.68000030517578,30.479999542236328,30.549999237060547,25.835878372192383,34983300,0.0,0.0
2018-05-22 00:00:00-04:00,30.600000381469727,31.139999389648438,30.540000915527344,30.889999389648438,26.1234130859375,61103000,0.0,0.0
2018-05-23 00:00:00-04:00,30.709999084472656,30.760000228881836,30.079999923706055,30.440000534057617,25.742855072021484,73893100,0.0,0.0
2018-05-24 00:00:00-04:00,30.399999618530273,30.40999984741211,29.829999923706055,30.209999084472656,25.54833984375,62146200,0.0,0.0
2018-05-25 00:00:00-04:00,30.010000228881836,30.190000534057617,29.8799991607666,30.15999984741211,25.506059646606445,44166700,0.0,0.0
2018-05-29 00:00:00-04:00,29.760000228881836,29.799999237060547,28.700000762939453,28.959999084472656,24.49122428894043,135895000,0.0,0.0
2018-05-30 00:00:00-04:00,29.290000915527344,29.600000381469727,29.15999984741211,29.489999771118164,24.93944549560547,79435300,0.0,0.0
2018-05-31 00:00:00-04:00,29.200000762939453,29.260000228881836,28.829999923706055,29.040000915527344,24.65921974182129,97509300,0.12,0.0
2018-06-01 00:00:00-04:00,29.489999771118164,29.65999984741211,29.309999465942383,29.399999618530273,24.964920043945312,64796600,0.0,0.0
2018-06-04 00:00:00-04:00,29.549999237060547,29.59000015258789,29.329999923706055,29.399999618530273,24.964920043945312,43777000,0.0,0.0
2018-06-05 00:00:00-04:00,29.309999465942383,29.34000015258789,29.059999465942383,29.1200008392334,24.727157592773438,47690800,0.0,0.0
2018-06-06 00:00:00-04:00,29.290000915527344,30.049999237060547,29.280000686645508,30.040000915527344,25.508373260498047,74995800,0.0,0.0
2018-06-07 00:00:00-04:00,30.200000762939453,30.309999465942383,29.889999389648438,30.09000015258789,25.550830841064453,68402700,0.0,0.0
2018-06-08 00:00:00-04:00,30.010000228881836,30.049999237060547,29.809999465942383,30.010000228881836,25.482898712158203,49572900,0.0,0.0
2018-06-11 00:00:00-04:00,30.1299991607666,30.40999984741211,30.059999465942383,30.059999465942383,25.525354385375977,46732800,0.0,0.0
2018-06-12 00:00:00-04:00,30.170000076293945,30.270000457763672,29.75,29.899999618530273,25.389490127563477,49644600,0.0,0.0
2018-06-13 00:00:00-04:00,29.979999542236328,30.360000610351562,29.700000762939453,29.84000015258789,25.338542938232422,68900200,0.0,0.0
2018-06-14 00:00:00-04:00,30.040000915527344,30.049999237060547,29.3799991607666,29.5,25.049833297729492,77863200,0.0,0.0
2018-06-15 00:00:00-04:00,29.25,29.40999984741211,28.8700008392334,29.280000686645508,24.863021850585938,105079500,0.0,0.0
2018-06-18 00:00:00-04:00,28.940000534057617,29.5,28.809999465942383,29.399999618530273,24.964920043945312,52644100,0.0,0.0
2018-06-19 00:00:00-04:00,29.040000915527344,29.3700008392334,28.950000762939453,29.260000228881836,24.846038818359375,65466200,0.0,0.0
2018-06-20 00:00:00-04:00,29.420000076293945,29.5,29.18000030517578,29.239999771118164,24.829050064086914,52256500,0.0,0.0
2018-06-21 00:00:00-04:00,29.209999084472656,29.450000762939453,29.0,29.290000915527344,24.87151336669922,68322600,0.0,0.0
2018-06-22 00:00:00-04:00,29.459999084472656,29.520000457763672,28.989999771118164,28.989999771118164,24.61676597595215,76079200,0.0,0.0
2018-06-25 00:00:00-04:00,28.860000610351562,28.90999984741211,28.260000228881836,28.479999542236328,24.183698654174805,73616400,0.0,0.0
2018-06-26 00:00:00-04:00,28.520000457763672,28.670000076293945,28.010000228881836,28.540000915527344,24.234649658203125,56369300,0.0,0.0
2018-06-27 00:00:00-04:00,28.510000228881836,28.850000381469727,28.239999771118164,28.239999771118164,23.979907989501953,61764400,0.0,0.0
2018-06-28 00:00:00-04:00,28.399999618530273,28.84000015258789,28.299999237060547,28.670000076293945,24.34503936767578,71292100,0.0,0.0
2018-06-29 00:00:00-04:00,29.09000015258789,29.170000076293945,28.18000030517578,28.190000534057617,23.937450408935547,102307600,0.0,0.0
2018-07-02 00:00:00-04:00,28.079999923706055,28.280000686645508,27.829999923706055,28.280000686645508,24.013872146606445,52534300,0.0,0.0
2018-07-03 00:00:00-04:00,28.329999923706055,28.43000030517578,27.739999771118164,27.780000686645508,23.589298248291016,40599000,0.0,0.0
2018-07-05 00:00:00-04:00,27.950000762939453,28.079999923706055,27.809999465942383,27.920000076293945,23.708181381225586,44506800,0.0,0.0
2018-07-06 00:00:00-04:00,27.809999465942383,28.149999618530273,27.6299991607666,28.030000686645508,23.801589965820312,39424900,0.0,0.0
2018-07-09 00:00:00-04:00,28.229999542236328,29.09000015258789,28.219999313354492,29.049999237060547,24.667713165283203,61758900,0.0,0.0
2018-07-10 00:00:00-04:00,29.219999313354492,29.329999923706055,28.75,28.829999923706055,24.48090171813965,58858400,0.0,0.0
2018-07-11 00:00:00-04:00,28.670000076293945,28.90999984741211,28.6200008392334,28.68000030517578,24.353532791137695,50218900,0.0,0.0
2018-07-12 00:00:00-04:00,28.899999618530273,28.969999313354492,28.65999984741211,28.770000457763672,24.429950714111328,51700700,0.0,0.0
2018-07-13 00:00:00-04:00,28.6200008392334,28.690000534057617,28.219999313354492,28.549999237060547,24.243141174316406,75178000,0.0,0.0
2018-07-16 00:00:00-04:00,28.780000686645508,29.850000381469727,28.729999542236328,29.780000686645508,25.2875919342041,129172000,0.0,0.0
2018-07-17 00:00:00-04:00,29.889999389648438,30.200000762939453,29.579999923706055,30.010000228881836,25.482898712158203,87778900,0.0,0.0
2018-07-18 00:00:00-04:00,29.920000076293945,30.290000915527344,29.84000015258789,30.1299991607666,25.58479118347168,59109200,0.0,0.0
2018-07-19 00:00:00-04:00,29.93000030517578,30.020000457763672,29.639999389648438,29.670000076293945,25.194185256958008,59260600,0.0,0.0
2018-07-20 00:00:00-04:00,29.6200008392334,30.15999984741211,29.459999084472656,30.1299991607666,25.58479118347168,80432700,0.0,0.0
2018-07-23 00:00:00-04:00,30.139999389648438,30.850000381469727,30.1299991607666,30.75,26.111268997192383,74080200,0.0,0.0
2018-07-24 00:00:00-04:00,30.850000381469727,31.110000610351562,30.649999618530273,30.829999923706055,26.179197311401367,64761500,0.0,0.0
2018-07-25 00:00:00-04:00,30.700000762939453,31.110000610351562,30.670000076293945,31.06999969482422,26.382993698120117,57644100,0.0,0.0
2018-07-26 00:00:00-04:00,31.190000534057617,31.209999084472656,30.889999389648438,30.940000534057617,26.272602081298828,46215000,0.0,0.0
2018-07-27 00:00:00-04:00,30.989999771118164,31.139999389648438,30.799999237060547,31.059999465942383,26.374500274658203,57198900,0.0,0.0
2018-07-30 00:00:00-04:00,31.139999389648438,31.450000762939453,31.1299991607666,31.309999465942383,26.58678436279297,58721000,0.0,0.0
2018-07-31 00:00:00-04:00,31.360000610351562,31.420000076293945,30.81999969482422,30.8799991607666,26.221654891967773,64066000,0.0,0.0
2018-08-01 00:00:00-04:00,31.219999313354492,31.549999237060547,31.170000076293945,31.25,26.535839080810547,69070700,0.0,0.0
2018-08-02 00:00:00-04:00,30.979999542236328,31.309999465942383,30.8700008392334,31.280000686645508,26.561315536499023,46427200,0.0,0.0
2018-08-03 00:00:00-04:00,31.18000030517578,31.510000228881836,31.15999984741211,31.510000228881836,26.75661849975586,50153800,0.0,0.0
2018-08-06 00:00:00-04:00,31.450000762939453,31.59000015258789,31.31999969482422,31.520000457763672,26.765104293823242,41261500,0.0,0.0
2018-08-07 00:00:00-04:00,31.549999237060547,31.799999237060547,31.489999771118164,31.510000228881836,26.75661849975586,43946200,0.0,0.0
2018-08-08 00:00:00-04:00,31.510000228881836,31.90999984741211,31.479999542236328,31.799999237060547,27.00286865234375,43689600,0.0,0.0
2018-08-09 00:00:00-04:00,31.729999542236328,31.790000915527344,31.549999237060547,31.600000381469727,26.833040237426758,38219100,0.0,0.0
2018-08-10 00:00:00-04:00,31.229999542236328,31.329999923706055,30.899999618530273,31.190000534057617,26.484891891479492,55679800,0.0,0.0
2018-08-13 00:00:00-04:00,31.079999923706055,31.1200008392334,30.450000762939453,30.479999542236328,25.881996154785156,63960600,0.0,0.0
2018-08-14 00:00:00-04:00,30.610000610351562,30.899999618530273,30.420000076293945,30.790000915527344,26.145231246948242,42521200,0.0,0.0
2018-08-15 00:00:00-04:00,30.479999542236328,30.6200008392334,30.15999984741211,30.360000610351562,25.78010368347168,59747900,0.0,0.0
2018-08-16 00:00:00-04:00,30.559999465942383,30.84000015258789,30.520000457763672,30.719999313354492,26.085792541503906,44015400,0.0,0.0
2018-08-17 00:00:00-04:00,30.65999984741211,30.860000610351562,30.549999237060547,30.739999771118164,26.10276985168457,39843500,0.0,0.0
2018-08-20 00:00:00-04:00,30.690000534057617,30.93000030517578,30.649999618530273,30.8700008392334,26.213163375854492,40011000,0.0,0.0
2018-08-21 00:00:00-04:00,30.90999984741211,31.25,30.829999923706055,31.020000457763672,26.340532302856445,53510600,0.0,0.0
2018-08-22 00:00:00-04:00,30.920000076293945,31.09000015258789,30.8799991607666,30.979999542236328,26.306570053100586,33062900,0.0,0.0
2018-08-23 00:00:00-04:00,30.940000534057617,30.979999542236328,30.739999771118164,30.84000015258789,26.187692642211914,38259100,0.0,0.0
2018-08-24 00:00:00-04:00,30.940000534057617,31.079999923706055,30.850000381469727,30.889999389648438,26.23014259338379,43585000,0.0,0.0
2018-08-27 00:00:00-04:00,31.030000686645508,31.489999771118164,30.989999771118164,31.309999465942383,26.58678436279297,47729300,0.0,0.0
2018-08-28 00:00:00-04:00,31.360000610351562,31.40999984741211,31.190000534057617,31.270000457763672,26.552818298339844,38539000,0.0,0.0
2018-08-29 00:00:00-04:00,31.239999771118164,31.309999465942383,31.06999969482422,31.139999389648438,26.44243621826172,46401800,0.0,0.0
2018-08-30 00:00:00-04:00,31.020000457763672,31.149999618530273,30.950000762939453,31.010000228881836,26.33204460144043,47358900,0.0,0.0
2018-08-31 00:00:00-04:00,30.8799991607666,30.950000762939453,30.6200008392334,30.93000030517578,26.26411247253418,49266000,0.0,0.0
2018-09-04 00:00:00-04:00,30.90999984741211,31.15999984741211,30.81999969482422,31.139999389648438,26.44243621826172,44745600,0.0,0.0
2018-09-05 00:00:00-04:00,31.06999969482422,31.239999771118164,30.969999313354492,31.18000030517578,26.47640037536621,48516700,0.0,0.0
2018-09-06 00:00:00-04:00,31.049999237060547,31.110000610351562,30.729999542236328,30.850000381469727,26.322818756103516,42666000,0.15,0.0
2018-09-07 00:00:00-04:00,31.0,31.1200008392334,30.6299991607666,30.860000610351562,26.331342697143555,49103800,0.0,0.0
2018-09-10 00:00:00-04:00,30.8799991607666,31.0,30.75,30.81999969482422,26.29721450805664,34156200,0.0,0.0
2018-09-11 00:00:00-04:00,30.719999313354492,30.899999618530273,30.700000762939453,30.850000381469727,26.322818756103516,53071000,0.0,0.0
2018-09-12 00:00:00-04:00,30.8799991607666,30.959999084472656,30.3799991607666,30.43000030517578,25.964447021484375,59482300,0.0,0.0
2018-09-13 00:00:00-04:00,30.530000686645508,30.670000076293945,30.079999923706055,30.139999389648438,25.71700668334961,59219500,0.0,0.0
2018-09-14 00:00:00-04:00,30.1299991607666,30.389999389648438,30.110000610351562,30.3700008392334,25.91324806213379,33743900,0.0,0.0
2018-09-17 00:00:00-04:00,30.34000015258789,30.489999771118164,30.149999618530273,30.280000686645508,25.83646011352539,35026600,0.0,0.0
2018-09-18 00:00:00-04:00,30.329999923706055,30.399999618530273,30.1299991607666,30.209999084472656,25.776723861694336,49921700,0.0,0.0
2018-09-19 00:00:00-04:00,30.1299991607666,31.200000762939453,30.1299991607666,31.0,26.45079803466797,92666300,0.0,0.0
2018-09-20 00:00:00-04:00,31.299999237060547,31.3700008392334,31.139999389648438,31.190000534057617,26.6129207611084,83357400,0.0,0.0
2018-09-21 00:00:00-04:00,31.34000015258789,31.3700008392334,30.969999313354492,31.030000686645508,26.47640037536621,85992100,0.0,0.0
2018-09-24 00:00:00-04:00,30.979999542236328,31.200000762939453,30.65999984741211,30.739999771118164,26.22895050048828,45587700,0.0,0.0
2018-09-25 00:00:00-04:00,30.850000381469727,31.040000915527344,30.600000381469727,30.670000076293945,26.169225692749023,40949900,0.0,0.0
2018-09-26 00:00:00-04:00,30.709999084472656,30.739999771118164,30.059999465942383,30.1299991607666,25.708467483520508,57882400,0.0,0.0
2018-09-27 00:00:00-04:00,30.239999771118164,30.309999465942383,29.93000030517578,29.940000534057617,25.546354293823242,45879700,0.0,0.0
2018-09-28 00:00:00-04:00,29.649999618530273,29.850000381469727,29.420000076293945,29.459999084472656,25.136789321899414,74707600,0.0,0.0
2018-10-01 00:00:00-04:00,29.68000030517578,29.940000534057617,29.540000915527344,29.649999618530273,25.298913955688477,53900900,0.0,0.0
2018-10-02 00:00:00-04:00,29.579999923706055,29.719999313354492,29.270000457763672,29.579999923706055,25.239181518554688,42940300,0.0,0.0
2018-10-03 00:00:00-04:00,29.809999465942383,30.18000030517578,29.719999313354492,30.0,25.597549438476562,61080300,0.0,0.0
2018-10-04 00:00:00-04:00,30.170000076293945,30.790000915527344,30.139999389648438,30.43000030517578,25.964447021484375,72325700,0.0,0.0
2018-10-05 00:00:00-04:00,30.600000381469727,30.649999618530273,30.049999237060547,30.229999542236328,25.79379653930664,51931000,0.0,0.0
2018-10-08 00:00:00-04:00,30.049999237060547,30.420000076293945,29.90999984741211,30.270000457763672,25.827922821044922,47471600,0.0,0.0
2018-10-09 00:00:00-04:00,30.030000686645508,30.190000534057617,29.8700008392334,29.979999542236328,25.58048439025879,58868600,0.0,0.0
2018-10-10 00:00:00-04:00,29.979999542236328,30.1299991607666,29.209999084472656,29.239999771118164,24.949073791503906,88454400,0.0,0.0
2018-10-11 00:00:00-04:00,28.889999389648438,29.25,28.260000228881836,28.360000610351562,24.198217391967773,111417300,0.0,0.0
2018-10-12 00:00:00-04:00,28.989999771118164,29.040000915527344,27.729999542236328,28.459999084472656,24.283538818359375,102279200,0.0,0.0
2018-10-15 00:00:00-04:00,28.489999771118164,28.6200008392334,27.639999389648438,27.920000076293945,23.822786331176758,114636100,0.0,0.0
2018-10-16 00:00:00-04:00,28.239999771118164,28.579999923706055,27.899999618530273,28.530000686645508,24.343271255493164,87887800,0.0,0.0
2018-10-17 00:00:00-04:00,28.3700008392334,29.190000534057617,28.15999984741211,28.899999618530273,24.658971786499023,79068700,0.0,0.0
2018-10-18 00:00:00-04:00,28.670000076293945,28.899999618530273,28.139999389648438,28.25,24.104354858398438,77369200,0.0,0.0
2018-10-19 00:00:00-04:00,28.139999389648438,28.520000457763672,27.969999313354492,28.31999969482422,24.16408920288086,64305400,0.0,0.0
2018-10-22 00:00:00-04:00,28.31999969482422,28.350000381469727,27.309999465942383,27.3799991607666,23.362028121948242,89942900,0.0,0.0
2018-10-23 00:00:00-04:00,26.389999389648438,27.200000762939453,26.110000610351562,27.020000457763672,23.05486297607422,102392500,0.0,0.0
2018-10-24 00:00:00-04:00,26.860000610351562,26.899999618530273,26.079999923706055,26.190000534057617,22.34665298461914,86386600,0.0,0.0
2018-10-25 00:00:00-04:00,26.3799991607666,26.93000030517578,26.18000030517578,26.59000015258789,22.687959671020508,73780400,0.0,0.0
2018-10-26 00:00:00-04:00,26.329999923706055,26.579999923706055,25.8799991607666,26.389999389648438,22.517311096191406,91103500,0.0,0.0
2018-10-29 00:00:00-04:00,26.690000534057617,27.18000030517578,26.290000915527344,26.610000610351562,22.705028533935547,89367000,0.0,0.0
2018-10-30 00:00:00-04:00,26.760000228881836,26.860000610351562,26.31999969482422,26.780000686645508,22.85007667541504,79004800,0.0,0.0
2018-10-31 00:00:00-04:00,27.100000381469727,27.8799991607666,27.059999465942383,27.5,23.464420318603516,92296300,0.0,0.0
2018-11-01 00:00:00-04:00,27.770000457763672,28.0,27.610000610351562,27.809999465942383,23.728925704956055,49827300,0.0,0.0
2018-11-02 00:00:00-04:00,28.010000228881836,28.3799991607666,27.520000457763672,27.889999389648438,23.797183990478516,69010200,0.0,0.0
2018-11-05 00:00:00-05:00,27.950000762939453,28.239999771118164,27.889999389648438,28.059999465942383,23.942245483398438,41103100,0.0,0.0
2018-11-06 00:00:00-05:00,28.020000457763672,28.25,27.739999771118164,28.209999084472656,24.070226669311523,43514400,0.0,0.0
2018-11-07 00:00:00-05:00,28.420000076293945,28.670000076293945,28.139999389648438,28.540000915527344,24.3518009185791,56679200,0.0,0.0
2018-11-08 00:00:00-05:00,28.5,29.1200008392334,28.43000030517578,28.8700008392334,24.63337516784668,49421200,0.0,0.0
2018-11-09 00:00:00-05:00,28.75,28.889999389648438,28.3799991607666,28.520000457763672,24.334733963012695,43270600,0.0,0.0
2018-11-12 00:00:00-05:00,28.3799991607666,28.520000457763672,27.639999389648438,27.75,23.677736282348633,50307500,0.0,0.0
2018-11-13 00:00:00-05:00,27.75,28.139999389648438,27.690000534057617,27.760000228881836,23.68626594543457,57423400,0.0,0.0
2018-11-14 00:00:00-05:00,27.950000762939453,28.100000381469727,26.780000686645508,27.209999084472656,23.21697425842285,69213300,0.0,0.0
2018-11-15 00:00:00-05:00,27.139999389648438,27.969999313354492,26.8799991607666,27.899999618530273,23.80571746826172,66174800,0.0,0.0
2018-11-16 00:00:00-05:00,27.690000534057617,27.889999389648438,27.420000076293945,27.75,23.677736282348633,52456100,0.0,0.0
2018-11-19 00:00:00-05:00,27.780000686645508,28.020000457763672,27.540000915527344,27.75,23.677736282348633,46000000,0.0,0.0
2018-11-20 00:00:00-05:00,27.420000076293945,27.56999969482422,26.969999313354492,27.3799991607666,23.362028121948242,92330600,0.0,0.0
2018-11-21 00:00:00-05:00,27.59000015258789,27.760000228881836,27.25,27.270000457763672,23.268173217773438,40364400,0.0,0.0
2018-11-23 00:00:00-05:00,27.079999923706055,27.170000076293945,26.8799991607666,26.969999313354492,23.012195587158203,22974100,0.0,0.0
2018-11-26 00:00:00-05:00,27.18000030517578,27.729999542236328,27.100000381469727,27.559999465942383,23.515613555908203,53210700,0.0,0.0
2018-11-27 00:00:00-05:00,27.43000030517578,27.899999618530273,27.389999389648438,27.739999771118164,23.66919708251953,43617100,0.0,0.0
2018-11-28 00:00:00-05:00,27.8799991607666,28.469999313354492,27.559999465942383,28.43000030517578,24.257944107055664,61388100,0.0,0.0
2018-11-29 00:00:00-05:00,28.18000030517578,28.350000381469727,27.969999313354492,28.040000915527344,23.9251708984375,46824600,0.0,0.0
2018-11-30 00:00:00-05:00,27.940000534057617,28.6299991607666,27.8700008392334,28.399999618530273,24.23234748840332,64284600,0.0,0.0
2018-12-03 00:00:00-05:00,28.989999771118164,29.040000915527344,28.360000610351562,28.540000915527344,24.3518009185791,59908700,0.0,0.0
2018-12-04 00:00:00-05:00,28.31999969482422,28.31999969482422,26.729999542236328,26.989999771118164,23.029260635375977,103565700,0.0,0.0
2018-12-06 00:00:00-05:00,26.229999542236328,26.31999969482422,25.530000686645508,26.280000686645508,22.548765182495117,133294200,0.15,0.0
2018-12-07 00:00:00-05:00,26.149999618530273,26.540000915527344,25.299999237060547,25.43000030517578,21.819454193115234,107477600,0.0,0.0
2018-12-10 00:00:00-05:00,25.18000030517578,25.229999542236328,24.290000915527344,24.760000228881836,21.244583129882812,110166900,0.0,0.0
2018-12-11 00:00:00-05:00,25.209999084472656,25.399999618530273,24.530000686645508,24.579999923706055,21.090133666992188,78545000,0.0,0.0
2018-12-12 00:00:00-05:00,24.8700008392334,24.989999771118164,24.3700008392334,24.520000457763672,21.038654327392578,87191800,0.0,0.0
2018-12-13 00:00:00-05:00,24.65999984741211,24.81999969482422,24.280000686645508,24.399999618530273,20.935693740844727,64860100,0.0,0.0
2018-12-14 00:00:00-05:00,24.18000030517578,24.8700008392334,24.1200008392334,24.479999542236328,21.00433349609375,92762600,0.0,0.0
2018-12-17 00:00:00-05:00,24.260000228881836,24.93000030517578,24.15999984741211,24.469999313354492,20.995750427246094,98602800,0.0,0.0
2018-12-18 00:00:00-05:00,24.670000076293945,25.09000015258789,24.309999465942383,24.469999313354492,20.995750427246094,89046300,0.0,0.0
2018-12-19 00:00:00-05:00,24.450000762939453,25.239999771118164,24.06999969482422,24.18000030517578,20.746929168701172,121887600,0.0,0.0
2018-12-20 00:00:00-05:00,23.850000381469727,24.43000030517578,23.760000228881836,24.110000610351562,20.686866760253906,112594000,0.0,0.0
2018-12-21 00:00:00-05:00,23.90999984741211,24.510000228881836,23.260000228881836,23.3700008392334,20.051929473876953,160800400,0.0,0.0
2018-12-24 00:00:00-05:00,22.760000228881836,23.209999084472656,22.65999984741211,22.729999542236328,19.502792358398438,64859100,0.0,0.0
2018-12-26 00:00:00-05:00,22.90999984741211,24.18000030517578,22.690000534057617,24.110000610351562,20.686866760253906,100877800,0.0,0.0
2018-12-27 00:00:00-05:00,23.780000686645508,24.3700008392334,23.389999389648438,24.3700008392334,20.90995216369629,91575400,0.0,0.0
2018-12-28 00:00:00-05:00,24.59000015258789,24.75,24.260000228881836,24.389999389648438,20.927114486694336,78693800,0.0,0.0
2018-12-31 00:00:00-05:00,24.56999969482422,24.969999313354492,24.3700008392334,24.639999389648438,21.141613006591797,56257300,0.0,0.0
