Date,Open,High,Low,Close,Adj Close,Volume,Dividends,Stock Splits
2014-01-02 00:00:00-05:00,90.41000366210938,90.44999694824219,89.33000183105469,89.87000274658203,66.79788970947266,4898000,0.0,0.0
2014-01-03 00:00:00-05:00,90.0,90.25,89.58999633789062,89.81999969482422,66.76073455810547,3722000,0.0,0.0
2014-01-06 00:00:00-05:00,90.19000244140625,90.30000305175781,88.37999725341797,88.63999938964844,65.88365173339844,5233900,0.0,0.0
2014-01-07 00:00:00-05:00,88.7699966430664,89.2300033569336,88.75,88.93000030517578,66.09920501708984,3512100,0.0,0.0
2014-01-08 00:00:00-05:00,88.77999877929688,89.81999969482422,88.66999816894531,89.13999938964844,66.25527954101562,4421600,0.0,0.0
2014-01-09 00:00:00-05:00,89.26000213623047,89.80000305175781,88.69000244140625,89.70999908447266,66.67894744873047,4466400,0.0,0.0
2014-01-10 00:00:00-05:00,89.41000366210938,90.5999984741211,89.29000091552734,90.51000213623047,67.27359008789062,5416000,0.0,0.0
2014-01-13 00:00:00-05:00,90.26000213623047,91.26000213623047,89.81999969482422,89.88999938964844,66.81275177001953,5213600,0.0,0.0
2014-01-14 00:00:00-05:00,89.86000061035156,90.70999908447266,89.86000061035156,90.55999755859375,67.31073760986328,3712100,0.0,0.0
2014-01-15 00:00:00-05:00,90.87999725341797,93.19999694824219,90.87999725341797,92.41000366210938,68.6858139038086,10121900,0.0,0.0
2014-01-16 00:00:00-05:00,91.88999938964844,92.86000061035156,91.69999694824219,92.01000213623047,68.8354263305664,4771000,0.6,0.0
2014-01-17 00:00:00-05:00,92.1500015258789,92.26000213623047,91.01000213623047,91.44000244140625,68.40901184082031,6833400,0.0,0.0
2014-01-21 00:00:00-05:00,91.5999984741211,91.8499984741211,89.63999938964844,90.5999984741211,67.78056335449219,5544900,0.0,0.0
2014-01-22 00:00:00-05:00,90.58999633789062,90.81999969482422,89.3499984741211,89.63999938964844,67.0623550415039,4787300,0.0,0.0
2014-01-23 00:00:00-05:00,88.69999694824219,89.08000183105469,88.05000305175781,88.4800033569336,66.19451904296875,5014800,0.0,0.0
2014-01-24 00:00:00-05:00,87.9800033569336,87.98999786376953,85.87999725341797,86.16999816894531,64.46633911132812,8087400,0.0,0.0
2014-01-27 00:00:00-05:00,91.7699966430664,92.30999755859375,89.06999969482422,91.29000091552734,68.29676055908203,22202300,0.0,0.0
2014-01-28 00:00:00-05:00,91.4000015258789,92.66999816894531,91.3499984741211,92.47000122070312,69.17955780029297,9409600,0.0,0.0
2014-01-29 00:00:00-05:00,91.30999755859375,91.95999908447266,90.29000091552734,90.62000274658203,67.79552459716797,8145900,0.0,0.0
2014-01-30 00:00:00-05:00,91.52999877929688,93.8499984741211,90.7300033569336,93.19999694824219,69.72570037841797,14764700,0.0,0.0
2014-01-31 00:00:00-05:00,92.16000366210938,94.69000244140625,92.01000213623047,93.91000366210938,70.25688934326172,9697300,0.0,0.0
2014-02-03 00:00:00-05:00,93.73999786376953,93.94000244140625,91.94999694824219,92.41999816894531,69.14215850830078,9084100,0.0,0.0
2014-02-04 00:00:00-05:00,92.4800033569336,92.6500015258789,91.48999786376953,92.5,69.20201110839844,6839700,0.0,0.0
2014-02-05 00:00:00-05:00,92.23999786376953,92.51000213623047,91.05999755859375,91.95999908447266,68.79802703857422,5134500,0.0,0.0
2014-02-06 00:00:00-05:00,91.94000244140625,94.2300033569336,91.79000091552734,93.83000183105469,70.19701385498047,6844200,0.0,0.0
2014-02-07 00:00:00-05:00,94.16999816894531,95.23999786376953,93.87999725341797,94.87000274658203,70.97508239746094,9140200,0.0,0.0
2014-02-10 00:00:00-05:00,94.97000122070312,94.9800033569336,93.62999725341797,94.5,70.69825744628906,5933400,0.0,0.0
2014-02-11 00:00:00-05:00,94.62000274658203,95.33999633789062,94.27999877929688,94.95999908447266,71.04240417480469,6006100,0.0,0.0
2014-02-12 00:00:00-05:00,95.30999755859375,96.63999938964844,95.16999816894531,96.16999816894531,71.94763946533203,8002000,0.0,0.0
2014-02-13 00:00:00-05:00,95.29000091552734,96.41000366210938,95.11000061035156,96.11000061035156,71.90274047851562,4387000,0.0,0.0
2014-02-14 00:00:00-05:00,95.86000061035156,96.68000030517578,95.83999633789062,96.55000305175781,72.23193359375,4145300,0.0,0.0
2014-02-18 00:00:00-05:00,95.8499984741211,96.94000244140625,95.8499984741211,96.55999755859375,72.23941040039062,4871700,0.0,0.0
2014-02-19 00:00:00-05:00,96.19000244140625,97.66999816894531,96.11000061035156,96.20999908447266,71.97753143310547,5865200,0.0,0.0
2014-02-20 00:00:00-05:00,96.51000213623047,97.5199966430664,95.30000305175781,96.91999816894531,72.50872802734375,7718400,0.0,0.0
2014-02-21 00:00:00-05:00,97.11000061035156,97.94999694824219,96.91999816894531,97.5,72.94265747070312,5554600,0.0,0.0
2014-02-24 00:00:00-05:00,97.55000305175781,98.23999786376953,97.18000030517578,97.31999969482422,72.80799102783203,4887800,0.0,0.0
2014-02-25 00:00:00-05:00,96.83999633789062,96.9800033569336,95.81999969482422,96.41000366210938,72.12721252441406,5989200,0.0,0.0
2014-02-26 00:00:00-05:00,96.66000366210938,97.91000366210938,96.33999633789062,97.19999694824219,72.71820831298828,4753900,0.0,0.0
2014-02-27 00:00:00-05:00,97.20999908447266,97.63999938964844,96.5199966430664,96.69999694824219,72.34417724609375,4337700,0.0,0.0
2014-02-28 00:00:00-05:00,96.62999725341797,97.5199966430664,96.30000305175781,96.97000122070312,72.546142578125,5411100,0.0,0.0
2014-03-03 00:00:00-05:00,96.31999969482422,96.66999816894531,95.5999984741211,96.30999755859375,72.05237579345703,4859200,0.0,0.0
2014-03-04 00:00:00-05:00,97.19999694824219,97.45999908447266,96.55999755859375,97.0199966430664,72.58356475830078,6261300,0.0,0.0
2014-03-05 00:00:00-05:00,96.54000091552734,96.9000015258789,95.87999725341797,96.37000274658203,72.0972671508789,5384800,0.0,0.0
2014-03-06 00:00:00-05:00,96.94999694824219,98.1500015258789,96.66000366210938,97.5999984741211,73.01747131347656,6714300,0.0,0.0
2014-03-07 00:00:00-05:00,97.77999877929688,97.87000274658203,96.5,97.05000305175781,72.60600280761719,5259200,0.0,0.0
2014-03-10 00:00:00-04:00,96.63999938964844,96.80000305175781,95.86000061035156,96.75,72.38155364990234,4640300,0.0,0.0
2014-03-11 00:00:00-04:00,97.08999633789062,97.91000366210938,96.62000274658203,96.83999633789062,72.44888305664062,5731200,0.0,0.0
2014-03-12 00:00:00-04:00,96.30000305175781,97.23999786376953,96.30000305175781,96.81999969482422,72.4339370727539,4448600,0.0,0.0
2014-03-13 00:00:00-04:00,97.19999694824219,97.7300033569336,95.05999755859375,95.61000061035156,71.52869415283203,8434600,0.0,0.0
2014-03-14 00:00:00-04:00,95.44999694824219,96.25,95.19999694824219,95.38999938964844,71.36407470703125,5002000,0.0,0.0
2014-03-17 00:00:00-04:00,95.98999786376953,96.44999694824219,95.55000305175781,95.66999816894531,71.57357788085938,4697200,0.0,0.0
2014-03-18 00:00:00-04:00,96.12000274658203,96.6500015258789,95.69999694824219,96.41000366210938,72.12721252441406,4921300,0.0,0.0
2014-03-19 00:00:00-04:00,96.08999633789062,96.72000122070312,95.25,96.04000091552734,71.85037994384766,5109200,0.0,0.0
2014-03-20 00:00:00-04:00,95.70999908447266,96.23999786376953,95.0999984741211,96.20999908447266,71.97753143310547,4396000,0.0,0.0
2014-03-21 00:00:00-04:00,97.06999969482422,97.62999725341797,96.66999816894531,97.38999938964844,72.86034393310547,8339700,0.0,0.0
2014-03-24 00:00:00-04:00,97.5999984741211,97.5999984741211,96.41999816894531,96.8499984741211,72.45638275146484,4808600,0.0,0.0
2014-03-25 00:00:00-04:00,97.36000061035156,99.33999633789062,97.1500015258789,98.58999633789062,73.75809478759766,9070400,0.0,0.0
2014-03-26 00:00:00-04:00,99.27999877929688,99.5999984741211,97.80000305175781,97.80000305175781,73.16709899902344,5610200,0.0,0.0
2014-03-27 00:00:00-04:00,97.81999969482422,98.88999938964844,97.29000091552734,98.44999694824219,73.65337371826172,4947700,0.0,0.0
2014-03-28 00:00:00-04:00,98.91000366210938,99.62000274658203,98.77999877929688,99.38999938964844,74.35660552978516,5821500,0.0,0.0
2014-03-31 00:00:00-04:00,100.0,100.62999725341797,99.05000305175781,99.37000274658203,74.34165954589844,5772600,0.0,0.0
2014-04-01 00:00:00-04:00,98.94000244140625,100.08000183105469,98.94000244140625,99.80999755859375,74.67083740234375,4814300,0.0,0.0
2014-04-02 00:00:00-04:00,100.04000091552734,102.76000213623047,99.87999725341797,102.62999725341797,76.7805404663086,9358300,0.0,0.0
2014-04-03 00:00:00-04:00,101.91999816894531,103.19999694824219,101.61000061035156,102.55000305175781,76.720703125,8230200,0.0,0.0
2014-04-04 00:00:00-04:00,102.88999938964844,103.37999725341797,101.91000366210938,102.16999816894531,76.4364013671875,4889200,0.0,0.0
2014-04-07 00:00:00-04:00,101.61000061035156,102.06999969482422,100.41000366210938,101.11000061035156,75.64339447021484,5215100,0.0,0.0
2014-04-08 00:00:00-04:00,100.9800033569336,103.25,100.95999908447266,102.38999938964844,76.60098266601562,6626900,0.0,0.0
2014-04-09 00:00:00-04:00,102.6500015258789,103.19999694824219,101.8499984741211,102.98999786376953,77.04988861083984,4062000,0.0,0.0
2014-04-10 00:00:00-04:00,102.91000366210938,103.72000122070312,101.98999786376953,102.26000213623047,76.50374603271484,4538900,0.0,0.0
2014-04-11 00:00:00-04:00,101.0999984741211,102.0999984741211,100.97000122070312,101.44999694824219,75.89776611328125,5363900,0.0,0.0
2014-04-14 00:00:00-04:00,102.18000030517578,102.83000183105469,100.94999694824219,102.77999877929688,76.89276885986328,4114100,0.0,0.0
2014-04-15 00:00:00-04:00,102.62999725341797,103.08999633789062,101.26000213623047,102.5,76.68329620361328,6317900,0.0,0.0
2014-04-16 00:00:00-04:00,102.62000274658203,103.1500015258789,102.20999908447266,102.93000030517578,77.45841217041016,3801400,0.6,0.0
2014-04-17 00:00:00-04:00,103.05000305175781,103.44000244140625,102.5999984741211,102.83000183105469,77.38314819335938,3556800,0.0,0.0
2014-04-21 00:00:00-04:00,102.9000015258789,102.9800033569336,101.55000305175781,102.63999938964844,77.24016571044922,3821400,0.0,0.0
2014-04-22 00:00:00-04:00,102.77999877929688,104.13999938964844,102.76000213623047,103.69000244140625,78.03034973144531,4528500,0.0,0.0
2014-04-23 00:00:00-04:00,103.55999755859375,104.62000274658203,103.18000030517578,103.37999725341797,77.79704284667969,6427400,0.0,0.0
2014-04-24 00:00:00-04:00,106.0199966430664,107.4000015258789,104.79000091552734,105.27999877929688,79.22685241699219,8849200,0.0,0.0
2014-04-25 00:00:00-04:00,105.02999877929688,105.27999877929688,103.29000091552734,104.69000244140625,78.78287506103516,5731800,0.0,0.0
2014-04-28 00:00:00-04:00,104.98999786376953,105.41999816894531,103.25,104.26000213623047,78.45927429199219,4036200,0.0,0.0
2014-04-29 00:00:00-04:00,104.79000091552734,105.5,103.83000183105469,105.30000305175781,79.2419204711914,4975800,0.0,0.0
2014-04-30 00:00:00-04:00,105.2300033569336,106.23999786376953,104.98999786376953,105.4000015258789,79.31716918945312,5199300,0.0,0.0
2014-05-01 00:00:00-04:00,105.19999694824219,105.79000091552734,104.62999725341797,105.06999969482422,79.06883239746094,2970800,0.0,0.0
2014-05-02 00:00:00-04:00,104.93000030517578,105.58000183105469,104.7300033569336,105.01000213623047,79.0237045288086,2677000,0.0,0.0
2014-05-05 00:00:00-04:00,104.66000366210938,104.80000305175781,103.80999755859375,104.5199966430664,78.65489959716797,3166400,0.0,0.0
2014-05-06 00:00:00-04:00,104.20999908447266,104.47000122070312,103.5999984741211,103.87000274658203,78.16580963134766,2836300,0.0,0.0
2014-05-07 00:00:00-04:00,104.0999984741211,104.66000366210938,103.43000030517578,104.62000274658203,78.73018646240234,3399800,0.0,0.0
2014-05-08 00:00:00-04:00,104.55000305175781,105.0199966430664,104.1500015258789,104.94000244140625,78.97100830078125,3118400,0.0,0.0
2014-05-09 00:00:00-04:00,104.95999908447266,105.30000305175781,104.30000305175781,105.05999755859375,79.06132507324219,2761800,0.0,0.0
2014-05-12 00:00:00-04:00,105.70999908447266,106.5,105.6500015258789,106.19999694824219,79.919189453125,3664200,0.0,0.0
2014-05-13 00:00:00-04:00,106.5,108.20999908447266,105.81999969482422,107.1500015258789,80.63410949707031,3951500,0.0,0.0
2014-05-14 00:00:00-04:00,106.8499984741211,107.04000091552734,106.30000305175781,106.52999877929688,80.16752624511719,3082300,0.0,0.0
2014-05-15 00:00:00-04:00,106.48999786376953,106.73999786376953,104.04000091552734,104.98999786376953,79.00862884521484,5151000,0.0,0.0
2014-05-16 00:00:00-04:00,105.05000305175781,106.05000305175781,104.16999816894531,106.02999877929688,79.791259765625,4403300,0.0,0.0
2014-05-19 00:00:00-04:00,105.41999816894531,105.52999877929688,104.72000122070312,105.38999938964844,79.30964660644531,3924300,0.0,0.0
2014-05-20 00:00:00-04:00,104.79000091552734,104.80999755859375,100.72000122070312,101.55999755859375,76.42741394042969,9277600,0.0,0.0
2014-05-21 00:00:00-04:00,101.4800033569336,103.0,101.4800033569336,102.87999725341797,77.42076110839844,5460200,0.0,0.0
2014-05-22 00:00:00-04:00,102.9000015258789,103.87999725341797,102.51000213623047,103.08000183105469,77.5713119506836,3112300,0.0,0.0
2014-05-23 00:00:00-04:00,103.1500015258789,104.1500015258789,103.1500015258789,104.02999877929688,78.28620147705078,2888600,0.0,0.0
2014-05-27 00:00:00-04:00,104.19999694824219,104.4800033569336,103.45999908447266,103.68000030517578,78.0228042602539,3443400,0.0,0.0
2014-05-28 00:00:00-04:00,103.52999877929688,103.86000061035156,102.8499984741211,102.91000366210938,77.44334411621094,3353300,0.0,0.0
2014-05-29 00:00:00-04:00,103.27999877929688,103.66999816894531,102.55999755859375,103.5999984741211,77.96260070800781,3071200,0.0,0.0
2014-05-30 00:00:00-04:00,102.9000015258789,102.9800033569336,101.55000305175781,102.2300033569336,76.93164825439453,5939300,0.0,0.0
2014-06-02 00:00:00-04:00,102.41999816894531,103.94000244140625,102.01000213623047,103.76000213623047,78.08302307128906,3747000,0.0,0.0
2014-06-03 00:00:00-04:00,103.41999816894531,104.56999969482422,103.05000305175781,104.48999786376953,78.63239288330078,3643600,0.0,0.0
2014-06-04 00:00:00-04:00,104.41999816894531,105.0999984741211,104.06999969482422,104.30999755859375,78.49691772460938,2879900,0.0,0.0
2014-06-05 00:00:00-04:00,104.80000305175781,107.12000274658203,104.7699966430664,106.95999908447266,80.49112701416016,5389200,0.0,0.0
2014-06-06 00:00:00-04:00,107.08000183105469,108.36000061035156,106.9800033569336,108.18000030517578,81.40921783447266,4299600,0.0,0.0
2014-06-09 00:00:00-04:00,107.73999786376953,109.30000305175781,107.66000366210938,108.75,81.838134765625,3900400,0.0,0.0
2014-06-10 00:00:00-04:00,108.5,109.5,108.4000015258789,109.30999755859375,82.25961303710938,4752700,0.0,0.0
2014-06-11 00:00:00-04:00,108.93000030517578,108.9800033569336,108.33000183105469,108.69000244140625,81.79301452636719,2738800,0.0,0.0
2014-06-12 00:00:00-04:00,108.47000122070312,108.5,106.44000244140625,106.6500015258789,80.25786590576172,3408600,0.0,0.0
2014-06-13 00:00:00-04:00,106.55000305175781,107.2300033569336,106.06999969482422,106.7699966430664,80.34814453125,2009100,0.0,0.0
2014-06-16 00:00:00-04:00,106.5,106.87999725341797,105.7300033569336,106.80999755859375,80.37822723388672,2137200,0.0,0.0
2014-06-17 00:00:00-04:00,106.51000213623047,107.0,106.0,106.66999816894531,80.27289581298828,2138400,0.0,0.0
2014-06-18 00:00:00-04:00,106.62999725341797,107.5999984741211,106.05000305175781,107.4800033569336,80.8824462890625,2218700,0.0,0.0
2014-06-19 00:00:00-04:00,106.98999786376953,107.41999816894531,106.69000244140625,107.25,80.70934295654297,2592400,0.0,0.0
2014-06-20 00:00:00-04:00,108.05000305175781,109.52999877929688,107.63999938964844,109.37999725341797,82.31224822998047,7762900,0.0,0.0
2014-06-23 00:00:00-04:00,109.25,109.8499984741211,108.29000091552734,108.77999877929688,81.86072540283203,2839500,0.0,0.0
2014-06-24 00:00:00-04:00,108.55999755859375,109.33999633789062,107.0,107.80999755859375,81.13078308105469,2864200,0.0,0.0
2014-06-25 00:00:00-04:00,107.4800033569336,108.87999725341797,107.3499984741211,108.44000244140625,81.60487365722656,2176200,0.0,0.0
2014-06-26 00:00:00-04:00,108.55000305175781,108.80000305175781,107.8499984741211,108.5199966430664,81.66509246826172,1522900,0.0,0.0
2014-06-27 00:00:00-04:00,108.33999633789062,108.87999725341797,107.7300033569336,108.77999877929688,81.86072540283203,3632100,0.0,0.0
2014-06-30 00:00:00-04:00,108.68000030517578,109.02999877929688,107.97000122070312,108.66999816894531,81.7779541015625,2249200,0.0,0.0
2014-07-01 00:00:00-04:00,109.08000183105469,109.75,109.01000213623047,109.16999816894531,82.15422058105469,2346300,0.0,0.0
2014-07-02 00:00:00-04:00,109.31999969482422,109.94999694824219,109.30000305175781,109.55999755859375,82.44773864746094,1849000,0.0,0.0
2014-07-03 00:00:00-04:00,109.9000015258789,111.16000366210938,109.69000244140625,111.08000183105469,83.59156799316406,2876200,0.0,0.0
2014-07-07 00:00:00-04:00,110.18000030517578,110.44999694824219,109.56999969482422,110.16000366210938,82.89922332763672,2697100,0.0,0.0
2014-07-08 00:00:00-04:00,110.20999908447266,110.37999725341797,109.4000015258789,109.45999908447266,82.37245178222656,2450600,0.0,0.0
2014-07-09 00:00:00-04:00,109.79000091552734,110.29000091552734,109.41999816894531,110.13999938964844,82.88419342041016,2270600,0.0,0.0
2014-07-10 00:00:00-04:00,108.13999938964844,109.56999969482422,107.80000305175781,109.36000061035156,82.29721069335938,2303600,0.0,0.0
2014-07-11 00:00:00-04:00,109.5,109.98999786376953,108.6500015258789,109.95999908447266,82.74872589111328,1992300,0.0,0.0
2014-07-14 00:00:00-04:00,110.43000030517578,111.04000091552734,110.08999633789062,110.08999633789062,82.84654998779297,2375100,0.0,0.0
2014-07-15 00:00:00-04:00,110.25,110.41999816894531,109.4000015258789,109.8499984741211,82.66596984863281,3212900,0.0,0.0
2014-07-16 00:00:00-04:00,110.18000030517578,111.45999908447266,109.91999816894531,111.4000015258789,83.83238220214844,3974100,0.0,0.0
2014-07-17 00:00:00-04:00,110.4000015258789,110.66999816894531,108.93000030517578,109.06999969482422,82.59797668457031,3164700,0.7,0.0
2014-07-18 00:00:00-04:00,109.43000030517578,110.16999816894531,109.05000305175781,110.16999816894531,83.4310073852539,2424900,0.0,0.0
2014-07-21 00:00:00-04:00,110.0,110.55000305175781,109.44999694824219,110.2300033569336,83.47644805908203,2075900,0.0,0.0
2014-07-22 00:00:00-04:00,110.83999633789062,111.27999877929688,109.80000305175781,110.05999755859375,83.34771728515625,2879400,0.0,0.0
2014-07-23 00:00:00-04:00,109.79000091552734,109.9800033569336,108.20999908447266,108.37999725341797,82.0754623413086,4471400,0.0,0.0
2014-07-24 00:00:00-04:00,105.5999984741211,106.2300033569336,104.08999633789062,105.04000091552734,79.5461196899414,8690300,0.0,0.0
2014-07-25 00:00:00-04:00,104.13999938964844,105.3499984741211,104.0999984741211,104.8499984741211,79.40221405029297,4126200,0.0,0.0
2014-07-28 00:00:00-04:00,104.77999877929688,104.9000015258789,103.16999816894531,104.1500015258789,78.87212371826172,4474300,0.0,0.0
2014-07-29 00:00:00-04:00,105.0,106.44000244140625,104.69000244140625,104.69000244140625,79.28104400634766,7947100,0.0,0.0
2014-07-30 00:00:00-04:00,105.08000183105469,105.31999969482422,103.02999877929688,103.37999725341797,78.2889633178711,5856900,0.0,0.0
2014-07-31 00:00:00-04:00,102.23999786376953,102.69000244140625,100.73999786376953,100.75,76.29730224609375,6711400,0.0,0.0
2014-08-01 00:00:00-04:00,100.5199966430664,100.8499984741211,99.11000061035156,100.5199966430664,76.12311553955078,6011900,0.0,0.0
2014-08-04 00:00:00-04:00,100.36000061035156,102.05000305175781,100.0999984741211,101.80999755859375,77.10006713867188,5183900,0.0,0.0
2014-08-05 00:00:00-04:00,101.11000061035156,102.47000122070312,100.94000244140625,101.5,76.8652572631836,5685400,0.0,0.0
2014-08-06 00:00:00-04:00,100.76000213623047,101.8499984741211,100.61000061035156,101.48999786376953,76.85770416259766,5526900,0.0,0.0
2014-08-07 00:00:00-04:00,102.66000366210938,103.47000122070312,101.87999725341797,101.94000244140625,77.1985092163086,5752800,0.0,0.0
2014-08-08 00:00:00-04:00,102.01000213623047,103.44000244140625,101.77999877929688,103.27999877929688,78.2132568359375,4690200,0.0,0.0
2014-08-11 00:00:00-04:00,104.61000061035156,104.8499984741211,103.93000030517578,104.5,79.13712310791016,5197900,0.0,0.0
2014-08-12 00:00:00-04:00,104.58999633789062,105.16000366210938,104.12999725341797,104.33000183105469,79.00843048095703,4200900,0.0,0.0
2014-08-13 00:00:00-04:00,104.33000183105469,105.5,104.33000183105469,105.16000366210938,79.63697052001953,4664900,0.0,0.0
2014-08-14 00:00:00-04:00,105.51000213623047,106.0,104.98999786376953,105.66000366210938,80.01560974121094,4178800,0.0,0.0
2014-08-15 00:00:00-04:00,106.01000213623047,106.41999816894531,105.12999725341797,105.73999786376953,80.07618713378906,4099200,0.0,0.0
2014-08-18 00:00:00-04:00,106.69000244140625,107.0999984741211,106.27999877929688,106.9800033569336,81.01524353027344,3478600,0.0,0.0
2014-08-19 00:00:00-04:00,107.26000213623047,107.69999694824219,106.87000274658203,107.30000305175781,81.2575912475586,3639200,0.0,0.0
2014-08-20 00:00:00-04:00,107.38999938964844,108.1500015258789,107.19999694824219,107.69999694824219,81.56049346923828,5341600,0.0,0.0
2014-08-21 00:00:00-04:00,108.16999816894531,108.56999969482422,107.54000091552734,107.97000122070312,81.76496124267578,4118100,0.0,0.0
2014-08-22 00:00:00-04:00,107.58000183105469,107.81999969482422,106.54000091552734,107.30999755859375,81.26514434814453,4603700,0.0,0.0
2014-08-25 00:00:00-04:00,107.95999908447266,108.33000183105469,107.7300033569336,107.97000122070312,81.76496124267578,3014100,0.0,0.0
2014-08-26 00:00:00-04:00,108.05000305175781,108.63999938964844,107.9800033569336,108.05999755859375,81.83311462402344,2865800,0.0,0.0
2014-08-27 00:00:00-04:00,108.12999725341797,108.91999816894531,108.08000183105469,108.55000305175781,82.20418548583984,3281900,0.0,0.0
2014-08-28 00:00:00-04:00,108.0199966430664,108.81999969482422,107.80000305175781,108.6500015258789,82.27991485595703,3227800,0.0,0.0
2014-08-29 00:00:00-04:00,108.9000015258789,109.0999984741211,108.25,109.06999969482422,82.59797668457031,4437200,0.0,0.0
2014-09-02 00:00:00-04:00,109.02999877929688,109.7300033569336,108.83000183105469,108.91999816894531,82.4843978881836,4040200,0.0,0.0
2014-09-03 00:00:00-04:00,109.44999694824219,109.66000366210938,108.05000305175781,108.45999908447266,82.13603210449219,4669000,0.0,0.0
2014-09-04 00:00:00-04:00,108.30000305175781,109.48999786376953,108.16000366210938,108.81999969482422,82.40866088867188,4604000,0.0,0.0
2014-09-05 00:00:00-04:00,109.0,109.18000030517578,108.19000244140625,108.54000091552734,82.19662475585938,4305000,0.0,0.0
2014-09-08 00:00:00-04:00,108.2300033569336,108.45999908447266,107.5199966430664,107.91000366210938,81.71952056884766,3496900,0.0,0.0
2014-09-09 00:00:00-04:00,107.81999969482422,108.19999694824219,107.19000244140625,107.4000015258789,81.33330535888672,3578500,0.0,0.0
2014-09-10 00:00:00-04:00,105.61000061035156,106.12000274658203,105.37999725341797,105.93000030517578,80.2200927734375,8154700,0.0,0.0
2014-09-11 00:00:00-04:00,105.66000366210938,105.66000366210938,104.58999633789062,105.58999633789062,79.96263122558594,5460100,0.0,0.0
2014-09-12 00:00:00-04:00,104.97000122070312,105.08999633789062,104.4000015258789,105.0199966430664,79.53094482421875,6904200,0.0,0.0
2014-09-15 00:00:00-04:00,104.31999969482422,104.9000015258789,103.22000122070312,104.86000061035156,79.4097900390625,7051900,0.0,0.0
2014-09-16 00:00:00-04:00,104.20999908447266,105.83000183105469,103.7699966430664,104.86000061035156,79.4097900390625,5289700,0.0,0.0
2014-09-17 00:00:00-04:00,105.18000030517578,105.41000366210938,103.87999725341797,103.98999786376953,78.75096893310547,5122200,0.0,0.0
2014-09-18 00:00:00-04:00,104.30000305175781,104.55000305175781,103.4000015258789,104.33999633789062,79.01599884033203,3915800,0.0,0.0
2014-09-19 00:00:00-04:00,104.8499984741211,105.0,102.08000183105469,102.51000213623047,77.63015747070312,8285400,0.0,0.0
2014-09-22 00:00:00-04:00,102.0999984741211,102.26000213623047,100.81999969482422,100.9000015258789,76.41091918945312,5093200,0.0,0.0
2014-09-23 00:00:00-04:00,100.86000061035156,101.08999633789062,99.87999725341797,99.98999786376953,75.72176361083984,5710300,0.0,0.0
2014-09-24 00:00:00-04:00,100.04000091552734,101.48999786376953,99.88999938964844,101.19999694824219,76.6380844116211,5797000,0.0,0.0
2014-09-25 00:00:00-04:00,101.0,101.19999694824219,99.19000244140625,99.51000213623047,75.35824584960938,4960800,0.0,0.0
2014-09-26 00:00:00-04:00,99.44000244140625,100.63999938964844,99.23999786376953,100.37999725341797,76.01710510253906,2935900,0.0,0.0
2014-09-29 00:00:00-04:00,99.3499984741211,100.0999984741211,98.26000213623047,99.83000183105469,75.6005859375,3156400,0.0,0.0
2014-09-30 00:00:00-04:00,100.02999877929688,100.0999984741211,98.80000305175781,99.02999877929688,74.9947509765625,3746100,0.0,0.0
2014-10-01 00:00:00-04:00,98.63999938964844,99.0,97.2699966430664,97.61000061035156,73.91940307617188,4827300,0.0,0.0
2014-10-02 00:00:00-04:00,97.6500015258789,97.9800033569336,96.1500015258789,97.41000366210938,73.76795196533203,4460800,0.0,0.0
2014-10-03 00:00:00-04:00,98.04000091552734,98.33999633789062,97.02999877929688,97.38999938964844,73.75281524658203,3921900,0.0,0.0
2014-10-06 00:00:00-04:00,97.80999755859375,98.12999725341797,96.91000366210938,98.0,74.21475982666016,3982400,0.0,0.0
2014-10-07 00:00:00-04:00,97.08999633789062,97.51000213623047,94.69000244140625,94.69999694824219,71.71569061279297,6479500,0.0,0.0
2014-10-08 00:00:00-04:00,94.58000183105469,96.86000061035156,93.63999938964844,96.6500015258789,73.19237518310547,6214200,0.0,0.0
2014-10-09 00:00:00-04:00,96.20999908447266,96.5199966430664,93.23999786376953,93.5,70.80694580078125,6414500,0.0,0.0
2014-10-10 00:00:00-04:00,93.23999786376953,94.56999969482422,91.61000061035156,93.12999725341797,70.5267333984375,6179100,0.0,0.0
2014-10-13 00:00:00-04:00,93.29000091552734,94.05999755859375,91.62000274658203,91.68000030517578,69.42865753173828,5852400,0.0,0.0
2014-10-14 00:00:00-04:00,92.51000213623047,95.01000213623047,92.38999938964844,92.80000305175781,70.27680969238281,6791300,0.0,0.0
2014-10-15 00:00:00-04:00,91.43000030517578,92.75,90.05000305175781,92.58999633789062,70.11779022216797,9377600,0.0,0.0
2014-10-16 00:00:00-04:00,90.2699966430664,94.1500015258789,90.2699966430664,93.23999786376953,71.14793395996094,7439400,0.7,0.0
2014-10-17 00:00:00-04:00,94.19999694824219,95.5999984741211,93.9800033569336,95.05000305175781,72.529052734375,7442600,0.0,0.0
2014-10-20 00:00:00-04:00,94.52999877929688,95.30000305175781,93.2699966430664,94.02999877929688,71.75074768066406,4270800,0.0,0.0
2014-10-21 00:00:00-04:00,95.04000091552734,96.31999969482422,95.04000091552734,95.88999938964844,73.17003631591797,3990500,0.0,0.0
2014-10-22 00:00:00-04:00,95.52999877929688,95.9800033569336,94.05000305175781,94.56999969482422,72.16278839111328,6211300,0.0,0.0
2014-10-23 00:00:00-04:00,97.5999984741211,99.94000244140625,97.33999633789062,99.2699966430664,75.74919128417969,11670100,0.0,0.0
2014-10-24 00:00:00-04:00,99.51000213623047,99.68000030517578,98.37000274658203,99.44000244140625,75.87889862060547,4133800,0.0,0.0
2014-10-27 00:00:00-04:00,98.68000030517578,98.7699966430664,97.1500015258789,98.54000091552734,75.1921615600586,4346100,0.0,0.0
2014-10-28 00:00:00-04:00,99.44000244140625,101.16000366210938,99.02999877929688,101.16000366210938,77.19137573242188,5069600,0.0,0.0
2014-10-29 00:00:00-04:00,101.52999877929688,101.83999633789062,99.83999633789062,100.19000244140625,76.45121765136719,4426400,0.0,0.0
2014-10-30 00:00:00-04:00,99.62999725341797,100.58000183105469,99.05999755859375,100.16000366210938,76.42829895019531,2650900,0.0,0.0
2014-10-31 00:00:00-04:00,101.3499984741211,102.37000274658203,100.83999633789062,101.41000366210938,77.38215637207031,5367700,0.0,0.0
2014-11-03 00:00:00-05:00,101.61000061035156,101.76000213623047,99.7699966430664,100.22000122070312,76.4740982055664,4434300,0.0,0.0
2014-11-04 00:00:00-05:00,99.75,100.0,98.04000091552734,98.61000061035156,75.24554443359375,4849000,0.0,0.0
2014-11-05 00:00:00-05:00,99.44999694824219,99.63999938964844,98.44999694824219,99.41000366210938,75.85602569580078,3515600,0.0,0.0
2014-11-06 00:00:00-05:00,99.51000213623047,100.98999786376953,99.23999786376953,100.91000366210938,77.00060272216797,3427700,0.0,0.0
2014-11-07 00:00:00-05:00,101.26000213623047,101.83000183105469,100.9000015258789,101.76000213623047,77.64923095703125,2708200,0.0,0.0
2014-11-10 00:00:00-05:00,101.86000061035156,102.55000305175781,101.86000061035156,102.20999908447266,77.99260711669922,3308100,0.0,0.0
2014-11-11 00:00:00-05:00,102.30999755859375,102.80000305175781,101.5999984741211,102.52999877929688,78.23677062988281,2464400,0.0,0.0
2014-11-12 00:00:00-05:00,102.16999816894531,103.22000122070312,101.5199966430664,102.98999786376953,78.58779907226562,2808700,0.0,0.0
2014-11-13 00:00:00-05:00,103.05999755859375,103.18000030517578,100.68000030517578,101.11000061035156,77.15325164794922,3924100,0.0,0.0
2014-11-14 00:00:00-05:00,101.0,101.69999694824219,100.6500015258789,101.33999633789062,77.3287353515625,2660500,0.0,0.0
2014-11-17 00:00:00-05:00,101.25,102.08000183105469,100.44999694824219,101.69999694824219,77.60342407226562,2477000,0.0,0.0
2014-11-18 00:00:00-05:00,101.69999694824219,102.44999694824219,101.30999755859375,102.04000091552734,77.86286926269531,2761200,0.0,0.0
2014-11-19 00:00:00-05:00,101.86000061035156,102.30000305175781,100.88999938964844,101.30000305175781,77.29820251464844,4679100,0.0,0.0
2014-11-20 00:00:00-05:00,100.33000183105469,102.13999938964844,100.06999969482422,102.08999633789062,77.90101623535156,3052600,0.0,0.0
2014-11-21 00:00:00-05:00,104.30000305175781,107.12000274658203,104.19999694824219,106.44999694824219,81.22797393798828,8738000,0.0,0.0
2014-11-24 00:00:00-05:00,106.4000015258789,106.47000122070312,105.0999984741211,105.95999908447266,80.85408020019531,4108600,0.0,0.0
2014-11-25 00:00:00-05:00,106.0999984741211,106.62999725341797,105.33000183105469,106.23999786376953,81.06773376464844,3321500,0.0,0.0
2014-11-26 00:00:00-05:00,106.29000091552734,106.44000244140625,105.44999694824219,105.79000091552734,80.724365234375,2463800,0.0,0.0
2014-11-28 00:00:00-05:00,104.38999938964844,104.61000061035156,100.12000274658203,100.5999984741211,76.7640609741211,5780900,0.0,0.0
2014-12-01 00:00:00-05:00,100.23999786376953,100.47000122070312,97.79000091552734,99.0,75.5431900024414,7431800,0.0,0.0
2014-12-02 00:00:00-05:00,99.4800033569336,99.95999908447266,98.72000122070312,99.51000213623047,75.93232727050781,3900400,0.0,0.0
2014-12-03 00:00:00-05:00,100.04000091552734,101.45999908447266,99.95999908447266,100.18000030517578,76.4435806274414,6930700,0.0,0.0
2014-12-04 00:00:00-05:00,99.69000244140625,100.87000274658203,99.51000213623047,99.66999816894531,76.05442810058594,3390100,0.0,0.0
2014-12-05 00:00:00-05:00,99.80999755859375,99.95999908447266,98.70999908447266,98.77999877929688,75.37528991699219,3605000,0.0,0.0
2014-12-08 00:00:00-05:00,98.66000366210938,98.76000213623047,95.19999694824219,95.25,72.68170166015625,7192100,0.0,0.0
2014-12-09 00:00:00-05:00,94.16999816894531,96.16999816894531,93.80000305175781,95.44999694824219,72.83428192138672,6562900,0.0,0.0
2014-12-10 00:00:00-05:00,94.91000366210938,95.0199966430664,92.75,93.0199966430664,70.98005676269531,6749600,0.0,0.0
2014-12-11 00:00:00-05:00,93.68000030517578,94.29000091552734,92.52999877929688,92.69000244140625,70.72822570800781,4664900,0.0,0.0
2014-12-12 00:00:00-05:00,92.0,92.0,89.95999908447266,90.5,69.05713653564453,10327200,0.0,0.0
2014-12-15 00:00:00-05:00,91.25,91.29000091552734,89.38999938964844,89.75,68.4848403930664,6924100,0.0,0.0
2014-12-16 00:00:00-05:00,89.2300033569336,92.25,89.1500015258789,89.33999633789062,68.17198181152344,7649500,0.0,0.0
2014-12-17 00:00:00-05:00,89.4000015258789,90.13999938964844,88.02999877929688,89.75,68.4848403930664,8671600,0.0,0.0
2014-12-18 00:00:00-05:00,91.88999938964844,91.88999938964844,90.55000305175781,91.69000244140625,69.96517181396484,8344400,0.0,0.0
2014-12-19 00:00:00-05:00,91.58000183105469,91.9800033569336,90.87999725341797,91.70999908447266,69.98046112060547,9689200,0.0,0.0
2014-12-22 00:00:00-05:00,92.45999908447266,92.80999755859375,91.8499984741211,92.31999969482422,70.44590759277344,4577200,0.0,0.0
2014-12-23 00:00:00-05:00,92.98999786376953,93.94000244140625,92.6500015258789,93.5,71.3463134765625,3554200,0.0,0.0
2014-12-24 00:00:00-05:00,93.63999938964844,93.9800033569336,93.2699966430664,93.72000122070312,71.5141830444336,1654200,0.0,0.0
2014-12-26 00:00:00-05:00,93.94999694824219,94.66000366210938,93.72000122070312,94.2300033569336,71.90335845947266,3127800,0.0,0.0
2014-12-29 00:00:00-05:00,94.19999694824219,94.27999877929688,93.58999633789062,93.70999908447266,71.50656127929688,2390500,0.0,0.0
2014-12-30 00:00:00-05:00,93.5999984741211,93.62999725341797,92.51000213623047,92.58999633789062,70.65193939208984,3197400,0.0,0.0
2014-12-31 00:00:00-05:00,92.88999938964844,93.56999969482422,91.44999694824219,91.52999877929688,69.84310913085938,3251100,0.0,0.0
2015-01-02 00:00:00-05:00,91.7699966430664,92.37000274658203,90.66000366210938,91.87999725341797,70.11016082763672,3767900,0.0,0.0
2015-01-05 00:00:00-05:00,90.3499984741211,90.41999816894531,86.5999984741211,87.02999877929688,66.4093017578125,11301400,0.0,0.0
2015-01-06 00:00:00-05:00,87.27999877929688,87.68000030517578,85.16999816894531,86.47000122070312,65.98200225830078,8660600,0.0,0.0
2015-01-07 00:00:00-05:00,87.37000274658203,88.13999938964844,86.41999816894531,87.80999755859375,67.00452423095703,6511100,0.0,0.0
2015-01-08 00:00:00-05:00,89.18000030517578,89.27999877929688,87.83999633789062,88.70999908447266,67.69126892089844,7617800,0.0,0.0
2015-01-09 00:00:00-05:00,88.76000213623047,88.88999938964844,87.0199966430664,87.6500015258789,66.88241577148438,4857100,0.0,0.0
2015-01-12 00:00:00-05:00,87.7300033569336,87.7699966430664,86.06999969482422,86.88999938964844,66.302490234375,4351600,0.0,0.0
2015-01-13 00:00:00-05:00,87.68000030517578,87.9000015258789,85.19999694824219,86.37000274658203,65.90569305419922,5078100,0.0,0.0
2015-01-14 00:00:00-05:00,84.88999938964844,86.22000122070312,84.2699966430664,86.06999969482422,65.67675018310547,10366700,0.0,0.0
2015-01-15 00:00:00-05:00,86.02999877929688,86.16999816894531,84.30000305175781,84.31999969482422,64.86897277832031,6683900,0.7,0.0
2015-01-16 00:00:00-05:00,84.23999786376953,84.31999969482422,83.05000305175781,83.86000061035156,64.51512145996094,10424800,0.0,0.0
2015-01-20 00:00:00-05:00,84.41999816894531,84.5,83.19000244140625,83.97000122070312,64.59976196289062,5937300,0.0,0.0
2015-01-21 00:00:00-05:00,83.58999633789062,85.4000015258789,83.58999633789062,85.37000274658203,65.67675018310547,6613100,0.0,0.0
2015-01-22 00:00:00-05:00,86.05000305175781,87.36000061035156,85.43000030517578,86.81999969482422,66.79227447509766,5567800,0.0,0.0
2015-01-23 00:00:00-05:00,86.79000091552734,87.0,85.19999694824219,85.61000061035156,65.8614273071289,5027500,0.0,0.0
2015-01-26 00:00:00-05:00,85.36000061035156,86.26000213623047,84.9000015258789,86.02999877929688,66.18453216552734,8140500,0.0,0.0
2015-01-27 00:00:00-05:00,79.73999786376953,81.3499984741211,79.0999984741211,79.8499984741211,61.43012237548828,27489500,0.0,0.0
2015-01-28 00:00:00-05:00,80.4000015258789,81.19999694824219,79.95999908447266,80.01000213623047,61.553226470947266,14269300,0.0,0.0
2015-01-29 00:00:00-05:00,79.91000366210938,80.18000030517578,78.80999755859375,80.0,61.5455207824707,9157000,0.0,0.0
2015-01-30 00:00:00-05:00,79.51000213623047,80.81999969482422,79.41999816894531,79.97000122070312,61.522464752197266,8150700,0.0,0.0
2015-02-02 00:00:00-05:00,80.08000183105469,80.87999725341797,79.48999786376953,80.83999633789062,62.19176483154297,7149000,0.0,0.0
2015-02-03 00:00:00-05:00,81.22000122070312,84.11000061035156,81.1500015258789,83.91999816894531,64.5612564086914,10895300,0.0,0.0
2015-02-04 00:00:00-05:00,82.77999877929688,83.31999969482422,81.66000366210938,81.94999694824219,63.045692443847656,8806500,0.0,0.0
2015-02-05 00:00:00-05:00,82.4000015258789,83.62999725341797,81.87000274658203,83.56999969482422,64.29197692871094,6640200,0.0,0.0
2015-02-06 00:00:00-05:00,83.5999984741211,84.13999938964844,82.80000305175781,83.20999908447266,64.01502227783203,5581500,0.0,0.0
2015-02-09 00:00:00-05:00,83.05000305175781,84.87000274658203,82.94999694824219,84.66999816894531,65.13824462890625,7693800,0.0,0.0
2015-02-10 00:00:00-05:00,85.0,85.0,83.45999908447266,83.9000015258789,64.5458755493164,6569100,0.0,0.0
2015-02-11 00:00:00-05:00,83.55999755859375,83.66999816894531,82.23999786376953,83.41000366210938,64.16891479492188,5722600,0.0,0.0
2015-02-12 00:00:00-05:00,84.08000183105469,84.25,83.30999755859375,83.52999877929688,64.26123046875,4623000,0.0,0.0
2015-02-13 00:00:00-05:00,84.11000061035156,85.48999786376953,84.02999877929688,85.12999725341797,65.49212646484375,5645500,0.0,0.0
2015-02-17 00:00:00-05:00,84.86000061035156,85.58000183105469,84.19999694824219,85.37999725341797,65.68446350097656,3924400,0.0,0.0
2015-02-18 00:00:00-05:00,84.91999816894531,85.80999755859375,84.58000183105469,84.80000305175781,65.23827362060547,3568600,0.0,0.0
2015-02-19 00:00:00-05:00,83.80999755859375,84.0,82.20999908447266,83.30000305175781,64.08428192138672,5733500,0.0,0.0
2015-02-20 00:00:00-05:00,83.30000305175781,84.62000274658203,82.4000015258789,84.44000244140625,64.9613037109375,6029400,0.0,0.0
2015-02-23 00:00:00-05:00,83.9000015258789,83.9800033569336,83.13999938964844,83.48999786376953,64.23043823242188,5180000,0.0,0.0
2015-02-24 00:00:00-05:00,83.7699966430664,84.69000244140625,83.5999984741211,84.5,65.00746154785156,3678700,0.0,0.0
2015-02-25 00:00:00-05:00,84.5199966430664,85.36000061035156,84.16999816894531,85.1500015258789,65.50749969482422,3449500,0.0,0.0
2015-02-26 00:00:00-05:00,85.0999984741211,85.0999984741211,83.55999755859375,83.80000305175781,64.46893310546875,4457000,0.0,0.0
2015-02-27 00:00:00-05:00,84.18000030517578,84.18000030517578,82.88999938964844,82.9000015258789,63.77656555175781,4370500,0.0,0.0
2015-03-02 00:00:00-05:00,82.9000015258789,83.06999969482422,82.23999786376953,83.0,63.85346984863281,4155000,0.0,0.0
2015-03-03 00:00:00-05:00,82.70999908447266,83.79000091552734,82.6500015258789,82.83999633789062,63.73040008544922,4331700,0.0,0.0
2015-03-04 00:00:00-05:00,82.56999969482422,82.61000061035156,80.83000183105469,81.7300033569336,62.87645721435547,6863600,0.0,0.0
2015-03-05 00:00:00-05:00,81.7300033569336,81.7300033569336,80.05999755859375,81.51000213623047,62.70722198486328,7123500,0.0,0.0
2015-03-06 00:00:00-05:00,80.37000274658203,81.20999908447266,79.55000305175781,80.05999755859375,61.591697692871094,7913800,0.0,0.0
2015-03-09 00:00:00-04:00,80.16999816894531,81.33999633789062,80.0999984741211,80.80999755859375,62.168701171875,4740500,0.0,0.0
2015-03-10 00:00:00-04:00,80.0199966430664,80.76000213623047,79.73999786376953,79.91000366210938,61.47628402709961,4850500,0.0,0.0
2015-03-11 00:00:00-04:00,80.1500015258789,80.1500015258789,79.26000213623047,79.69999694824219,61.314727783203125,4612200,0.0,0.0
2015-03-12 00:00:00-04:00,80.2699966430664,80.4800033569336,79.80000305175781,80.19000244140625,61.69169235229492,3612500,0.0,0.0
2015-03-13 00:00:00-04:00,79.9000015258789,79.91000366210938,78.19000244140625,79.2300033569336,60.95313262939453,7272700,0.0,0.0
2015-03-16 00:00:00-04:00,79.56999969482422,80.0,79.05999755859375,79.97000122070312,61.522464752197266,3598500,0.0,0.0
2015-03-17 00:00:00-04:00,79.3499984741211,79.3499984741211,78.25,78.44999694824219,60.35307312011719,6979900,0.0,0.0
2015-03-18 00:00:00-04:00,78.25,81.44000244140625,78.25,81.33000183105469,62.5687370300293,12154300,0.0,0.0
2015-03-19 00:00:00-04:00,80.5,80.5,79.55999755859375,80.08999633789062,61.61477279663086,5236200,0.0,0.0
2015-03-20 00:00:00-04:00,80.62000274658203,81.25,80.19000244140625,81.19000244140625,62.46101760864258,8216600,0.0,0.0
2015-03-23 00:00:00-04:00,81.19000244140625,81.91999816894531,81.0199966430664,81.08999633789062,62.38405990600586,4704000,0.0,0.0
2015-03-24 00:00:00-04:00,81.1500015258789,81.19999694824219,80.19999694824219,80.4800033569336,61.91482162475586,3978700,0.0,0.0
2015-03-25 00:00:00-04:00,81.02999877929688,81.04000091552734,79.83000183105469,79.86000061035156,61.43779754638672,4803000,0.0,0.0
2015-03-26 00:00:00-04:00,79.63999938964844,80.80000305175781,79.51000213623047,79.87999725341797,61.45320510864258,4238500,0.0,0.0
2015-03-27 00:00:00-04:00,79.45999908447266,79.87999725341797,78.76000213623047,79.66999816894531,61.291656494140625,6336900,0.0,0.0
2015-03-30 00:00:00-04:00,80.01000213623047,81.5199966430664,80.0,81.37000274658203,62.59951400756836,4621200,0.0,0.0
2015-03-31 00:00:00-04:00,80.51000213623047,80.6500015258789,79.80999755859375,80.02999877929688,61.56859588623047,4848600,0.0,0.0
2015-04-01 00:00:00-04:00,80.02999877929688,80.5199966430664,79.38999938964844,79.63999938964844,61.26857376098633,4446200,0.0,0.0
2015-04-02 00:00:00-04:00,79.5999984741211,80.5,79.4000015258789,80.23999786376953,61.73016357421875,3555300,0.0,0.0
2015-04-06 00:00:00-04:00,80.3499984741211,82.0,79.9800033569336,81.48999786376953,62.69180679321289,4495400,0.0,0.0
2015-04-07 00:00:00-04:00,81.22000122070312,81.43000030517578,80.5,80.54000091552734,61.96099090576172,3526300,0.0,0.0
2015-04-08 00:00:00-04:00,80.83999633789062,81.23999786376953,79.91999816894531,80.44000244140625,61.88402557373047,4196200,0.0,0.0
2015-04-09 00:00:00-04:00,80.5,81.20999908447266,80.27999877929688,80.68000030517578,62.06867599487305,4291900,0.0,0.0
2015-04-10 00:00:00-04:00,81.0999984741211,82.80000305175781,80.73999786376953,82.5999984741211,63.54576873779297,6831900,0.0,0.0
2015-04-13 00:00:00-04:00,82.5999984741211,82.61000061035156,81.5999984741211,82.13999938964844,63.19188690185547,5293900,0.0,0.0
2015-04-14 00:00:00-04:00,82.55000305175781,83.23999786376953,81.54000091552734,83.0,63.85346984863281,5898700,0.0,0.0
2015-04-15 00:00:00-04:00,83.29000091552734,85.7300033569336,83.0,85.16000366210938,65.51521301269531,9643800,0.0,0.0
2015-04-16 00:00:00-04:00,84.4000015258789,84.9000015258789,84.0,84.33999633789062,65.42214965820312,5692300,0.7,0.0
2015-04-17 00:00:00-04:00,83.5,83.58999633789062,82.66000366210938,83.27999877929688,64.59989929199219,5314000,0.0,0.0
2015-04-20 00:00:00-04:00,83.95999908447266,84.75,83.87999725341797,84.5999984741211,65.62383270263672,3914600,0.0,0.0
2015-04-21 00:00:00-04:00,84.66000366210938,84.97000122070312,83.61000061035156,83.91999816894531,65.09632110595703,5620900,0.0,0.0
2015-04-22 00:00:00-04:00,84.12999725341797,84.94000244140625,83.08999633789062,84.87000274658203,65.83326721191406,6520700,0.0,0.0
2015-04-23 00:00:00-04:00,86.8499984741211,87.5,83.8499984741211,84.79000091552734,65.77117919921875,18917600,0.0,0.0
2015-04-24 00:00:00-04:00,84.69999694824219,85.16999816894531,84.0199966430664,84.5999984741211,65.62383270263672,5848100,0.0,0.0
2015-04-27 00:00:00-04:00,84.7699966430664,85.94000244140625,84.4000015258789,85.33000183105469,66.1900634765625,5912000,0.0,0.0
2015-04-28 00:00:00-04:00,85.41999816894531,86.22000122070312,84.5,86.19999694824219,66.86493682861328,5736500,0.0,0.0
2015-04-29 00:00:00-04:00,85.69000244140625,87.91999816894531,85.45999908447266,87.5,67.8733139038086,7021800,0.0,0.0
2015-04-30 00:00:00-04:00,86.8499984741211,87.30000305175781,86.2300033569336,86.87999725341797,67.39237976074219,5460100,0.0,0.0
2015-05-01 00:00:00-04:00,87.69000244140625,88.27999877929688,86.76000213623047,87.37000274658203,67.77250671386719,4850100,0.0,0.0
2015-05-04 00:00:00-04:00,87.7300033569336,87.95999908447266,87.16999816894531,87.30000305175781,67.71820068359375,2754500,0.0,0.0
2015-05-05 00:00:00-04:00,87.56999969482422,88.22000122070312,86.69999694824219,87.0,67.4854965209961,4623700,0.0,0.0
2015-05-06 00:00:00-04:00,87.75,87.94000244140625,86.41999816894531,86.98999786376953,67.47773742675781,4464700,0.0,0.0
2015-05-07 00:00:00-04:00,86.6500015258789,86.87999725341797,85.88999938964844,86.43000030517578,67.04335021972656,3892800,0.0,0.0
2015-05-08 00:00:00-04:00,87.77999877929688,87.83999633789062,86.69999694824219,87.30999755859375,67.72594451904297,3577100,0.0,0.0
2015-05-11 00:00:00-04:00,88.4000015258789,89.44000244140625,88.08999633789062,88.7699966430664,68.85843658447266,6882600,0.0,0.0
2015-05-12 00:00:00-04:00,88.19000244140625,88.33999633789062,87.26000213623047,88.16000366210938,68.38529205322266,4066400,0.0,0.0
2015-05-13 00:00:00-04:00,88.58999633789062,89.06999969482422,88.20999908447266,88.44000244140625,68.60250091552734,3178300,0.0,0.0
2015-05-14 00:00:00-04:00,88.77999877929688,89.58999633789062,88.6500015258789,88.73999786376953,68.83519744873047,3228400,0.0,0.0
2015-05-15 00:00:00-04:00,88.5,88.55999755859375,87.5999984741211,88.43000030517578,68.5947265625,3205000,0.0,0.0
2015-05-18 00:00:00-04:00,88.38999938964844,88.5,87.6500015258789,88.29000091552734,68.48612976074219,3074400,0.0,0.0
2015-05-19 00:00:00-04:00,87.88999938964844,87.91000366210938,86.51000213623047,87.23999786376953,67.6716537475586,5676800,0.0,0.0
2015-05-20 00:00:00-04:00,87.62999725341797,88.12999725341797,87.12999725341797,87.93000030517578,68.20687866210938,3841500,0.0,0.0
2015-05-21 00:00:00-04:00,88.2300033569336,89.62000274658203,87.94000244140625,89.33000183105469,69.2928466796875,8155500,0.0,0.0
2015-05-22 00:00:00-04:00,89.18000030517578,89.5,88.62999725341797,88.62999725341797,68.74986267089844,3483800,0.0,0.0
2015-05-26 00:00:00-04:00,88.12999725341797,88.1500015258789,87.29000091552734,87.83999633789062,68.1370620727539,3149600,0.0,0.0
2015-05-27 00:00:00-04:00,87.98999786376953,88.81999969482422,87.6500015258789,87.91999816894531,68.19910430908203,4517100,0.0,0.0
2015-05-28 00:00:00-04:00,87.33000183105469,87.44999694824219,85.7300033569336,86.01000213623047,66.71756744384766,5899100,0.0,0.0
2015-05-29 00:00:00-04:00,85.73999786376953,86.33000183105469,85.11000061035156,85.31999969482422,66.18232727050781,4685700,0.0,0.0
2015-06-01 00:00:00-04:00,86.05999755859375,86.37000274658203,84.69999694824219,85.52999877929688,66.3451919555664,3976900,0.0,0.0
2015-06-02 00:00:00-04:00,85.20999908447266,86.68000030517578,85.06999969482422,86.16999816894531,66.8416519165039,2817800,0.0,0.0
2015-06-03 00:00:00-04:00,86.5999984741211,87.05999755859375,85.80999755859375,86.2300033569336,66.88819885253906,2841800,0.0,0.0
2015-06-04 00:00:00-04:00,85.5,86.4000015258789,85.31999969482422,85.47000122070312,66.29866790771484,3775200,0.0,0.0
2015-06-05 00:00:00-04:00,85.01000213623047,86.5,84.91000366210938,86.05000305175781,66.74858093261719,3937600,0.0,0.0
2015-06-08 00:00:00-04:00,85.80000305175781,86.4800033569336,85.77999877929688,86.1500015258789,66.82614135742188,3355800,0.0,0.0
2015-06-09 00:00:00-04:00,86.45999908447266,87.62000274658203,86.41999816894531,86.7300033569336,67.27606964111328,3984900,0.0,0.0
2015-06-10 00:00:00-04:00,87.44999694824219,88.70999908447266,87.36000061035156,88.4800033569336,68.63349151611328,4717100,0.0,0.0
2015-06-11 00:00:00-04:00,88.62000274658203,88.76000213623047,87.91999816894531,88.16999816894531,68.3930435180664,2872900,0.0,0.0
2015-06-12 00:00:00-04:00,87.94999694824219,88.41000366210938,87.56999969482422,87.8499984741211,68.14485168457031,2212800,0.0,0.0
2015-06-15 00:00:00-04:00,87.13999938964844,87.38999938964844,86.3499984741211,87.12999725341797,67.5863265991211,2721000,0.0,0.0
2015-06-16 00:00:00-04:00,86.79000091552734,87.0199966430664,86.23999786376953,86.58999633789062,67.16742706298828,2895000,0.0,0.0
2015-06-17 00:00:00-04:00,86.88999938964844,87.55000305175781,86.31999969482422,87.25,67.67941284179688,3402800,0.0,0.0
2015-06-18 00:00:00-04:00,86.83000183105469,87.73999786376953,86.83000183105469,87.44000244140625,67.82677459716797,3372600,0.0,0.0
2015-06-19 00:00:00-04:00,87.2699966430664,87.95999908447266,87.1500015258789,87.5199966430664,67.88883972167969,3910900,0.0,0.0
2015-06-22 00:00:00-04:00,87.97000122070312,88.31999969482422,87.70999908447266,88.2699966430664,68.47062683105469,3648600,0.0,0.0
2015-06-23 00:00:00-04:00,88.41999816894531,88.62000274658203,88.01000213623047,88.44999694824219,68.6102294921875,2539000,0.0,0.0
2015-06-24 00:00:00-04:00,88.79000091552734,88.80999755859375,88.06999969482422,88.16999816894531,68.3930435180664,3413600,0.0,0.0
2015-06-25 00:00:00-04:00,88.22000122070312,88.33000183105469,86.66000366210938,86.72000122070312,67.26830291748047,3239100,0.0,0.0
2015-06-26 00:00:00-04:00,86.5,86.94999694824219,85.80999755859375,86.81999969482422,67.34584045410156,4387300,0.0,0.0
2015-06-29 00:00:00-04:00,86.22000122070312,86.73999786376953,85.0999984741211,85.30000305175781,66.16679382324219,4747300,0.0,0.0
2015-06-30 00:00:00-04:00,86.08999633789062,86.25,84.80000305175781,84.81999969482422,65.79447937011719,4077900,0.0,0.0
2015-07-01 00:00:00-04:00,85.38999938964844,85.44999694824219,83.54000091552734,83.94999694824219,65.11959838867188,5296200,0.0,0.0
2015-07-02 00:00:00-04:00,84.52999877929688,84.77999877929688,83.8499984741211,84.37999725341797,65.45318603515625,2582200,0.0,0.0
2015-07-06 00:00:00-04:00,83.6500015258789,84.1500015258789,82.7300033569336,83.1500015258789,64.49903869628906,4896600,0.0,0.0
2015-07-07 00:00:00-04:00,82.98999786376953,84.12000274658203,81.8499984741211,83.98999786376953,65.15061950683594,5192000,0.0,0.0
2015-07-08 00:00:00-04:00,83.05000305175781,83.2300033569336,81.76000213623047,82.2699966430664,63.81644821166992,4325100,0.0,0.0
2015-07-09 00:00:00-04:00,83.43000030517578,83.69999694824219,81.45999908447266,81.69000244140625,63.366539001464844,4570700,0.0,0.0
2015-07-10 00:00:00-04:00,82.63999938964844,82.91000366210938,81.87000274658203,82.1500015258789,63.72336196899414,3495000,0.0,0.0
2015-07-13 00:00:00-04:00,82.87000274658203,84.02999877929688,82.68000030517578,83.63999938964844,64.87913513183594,4228500,0.0,0.0
2015-07-14 00:00:00-04:00,83.52999877929688,84.68000030517578,83.5199966430664,84.45999908447266,65.51521301269531,3797700,0.0,0.0
2015-07-15 00:00:00-04:00,84.55000305175781,84.86000061035156,83.75,84.16000366210938,65.28250122070312,3661700,0.0,0.0
2015-07-16 00:00:00-04:00,84.75,84.88999938964844,83.41000366210938,83.76000213623047,65.57218170166016,3686000,0.77,0.0
2015-07-17 00:00:00-04:00,83.55000305175781,83.6500015258789,82.76000213623047,83.16000366210938,65.10243225097656,2931500,0.0,0.0
2015-07-20 00:00:00-04:00,83.05999755859375,83.29000091552734,82.13999938964844,82.25,64.39006805419922,4291400,0.0,0.0
2015-07-21 00:00:00-04:00,81.80000305175781,82.88999938964844,81.25,82.22000122070312,64.3665542602539,4691900,0.0,0.0
2015-07-22 00:00:00-04:00,81.0,81.12000274658203,79.1500015258789,79.76000213623047,62.44075012207031,10180700,0.0,0.0
2015-07-23 00:00:00-04:00,77.69999694824219,79.04000091552734,76.6500015258789,76.87999725341797,60.186100006103516,13909900,0.0,0.0
2015-07-24 00:00:00-04:00,76.91000366210938,77.08999633789062,75.8499984741211,76.0999984741211,59.575477600097656,9175900,0.0,0.0
2015-07-27 00:00:00-04:00,75.18000030517578,75.72000122070312,74.7699966430664,75.31999969482422,58.964839935302734,10269600,0.0,0.0
2015-07-28 00:00:00-04:00,75.91999816894531,78.1500015258789,75.79000091552734,77.77999877929688,60.890663146972656,15699000,0.0,0.0
2015-07-29 00:00:00-04:00,77.30000305175781,77.45999908447266,76.51000213623047,77.33000183105469,60.53839874267578,13794800,0.0,0.0
2015-07-30 00:00:00-04:00,76.9800033569336,78.37000274658203,76.68000030517578,78.3499984741211,61.33690643310547,7386200,0.0,0.0
2015-07-31 00:00:00-04:00,78.5999984741211,79.04000091552734,78.1500015258789,78.62999725341797,61.55609130859375,6203600,0.0,0.0
2015-08-03 00:00:00-04:00,78.41999816894531,78.43000030517578,76.75,77.26000213623047,60.48358154296875,6443300,0.0,0.0
2015-08-04 00:00:00-04:00,77.33000183105469,77.86000061035156,76.31999969482422,76.5999984741211,59.9669075012207,5822300,0.0,0.0
2015-08-05 00:00:00-04:00,77.5,77.91999816894531,76.72000122070312,76.87999725341797,60.186100006103516,4581900,0.0,0.0
2015-08-06 00:00:00-04:00,76.9800033569336,77.6500015258789,76.18000030517578,77.45999908447266,60.64014434814453,5609500,0.0,0.0
2015-08-07 00:00:00-04:00,77.5199966430664,78.1500015258789,76.94000244140625,77.29000091552734,60.50708770751953,7851300,0.0,0.0
2015-08-10 00:00:00-04:00,78.04000091552734,80.30999755859375,77.9000015258789,80.16000366210938,62.75387954711914,9041600,0.0,0.0
2015-08-11 00:00:00-04:00,78.7300033569336,78.93000030517578,77.2300033569336,78.04000091552734,61.0942268371582,8992500,0.0,0.0
2015-08-12 00:00:00-04:00,77.30999755859375,79.12000274658203,76.91999816894531,78.91999816894531,61.78313064575195,7236800,0.0,0.0
2015-08-13 00:00:00-04:00,78.55000305175781,78.58000183105469,77.69999694824219,77.76000213623047,60.87501525878906,5662500,0.0,0.0
2015-08-14 00:00:00-04:00,77.66000366210938,78.7300033569336,77.5999984741211,78.48999786376953,61.446495056152344,3811500,0.0,0.0
2015-08-17 00:00:00-04:00,78.12999725341797,78.63999938964844,77.20999908447266,78.54000091552734,61.48564529418945,5226800,0.0,0.0
2015-08-18 00:00:00-04:00,78.51000213623047,79.0,78.18000030517578,78.81999969482422,61.70484924316406,5146400,0.0,0.0
2015-08-19 00:00:00-04:00,78.25,78.54000091552734,77.05000305175781,77.41000366210938,60.60102844238281,5862700,0.0,0.0
2015-08-20 00:00:00-04:00,77.27999877929688,77.83000183105469,76.41000366210938,76.41000366210938,59.818180084228516,7767300,0.0,0.0
2015-08-21 00:00:00-04:00,75.94000244140625,76.30000305175781,74.95999908447266,75.0,58.71433639526367,11805500,0.0,0.0
2015-08-24 00:00:00-04:00,71.81999969482422,74.87999725341797,70.2300033569336,72.81999969482422,57.00770568847656,15209300,0.0,0.0
2015-08-25 00:00:00-04:00,75.22000122070312,75.48999786376953,72.02999877929688,72.05999755859375,56.41273880004883,9427200,0.0,0.0
2015-08-26 00:00:00-04:00,73.81999969482422,74.08000183105469,72.52999877929688,73.87000274658203,57.829708099365234,8288100,0.0,0.0
2015-08-27 00:00:00-04:00,75.04000091552734,76.22000122070312,74.2300033569336,75.66000366210938,59.231021881103516,8537700,0.0,0.0
2015-08-28 00:00:00-04:00,75.19000244140625,76.0199966430664,74.62999725341797,75.94999694824219,59.45806121826172,6649500,0.0,0.0
2015-08-31 00:00:00-04:00,75.31999969482422,76.7699966430664,74.9000015258789,76.44000244140625,59.84162521362305,7019600,0.0,0.0
2015-09-01 00:00:00-04:00,74.5,75.94000244140625,74.45999908447266,74.9000015258789,58.636051177978516,9053100,0.0,0.0
2015-09-02 00:00:00-04:00,75.9000015258789,76.16000366210938,74.94999694824219,76.0999984741211,59.575477600097656,5325900,0.0,0.0
2015-09-03 00:00:00-04:00,75.94999694824219,76.01000213623047,73.77999877929688,74.44999694824219,58.283756256103516,11077100,0.0,0.0
2015-09-04 00:00:00-04:00,73.0,73.66000366210938,72.3499984741211,73.0999984741211,57.226905822753906,12007300,0.0,0.0
2015-09-08 00:00:00-04:00,74.58000183105469,74.62000274658203,73.55999755859375,74.30000305175781,58.16633605957031,5647800,0.0,0.0
2015-09-09 00:00:00-04:00,75.0,75.19999694824219,72.77999877929688,72.95999908447266,57.117279052734375,5859200,0.0,0.0
2015-09-10 00:00:00-04:00,72.88999938964844,73.30999755859375,72.02999877929688,72.41999816894531,56.69455337524414,6109100,0.0,0.0
2015-09-11 00:00:00-04:00,72.2300033569336,72.91999816894531,71.87999725341797,72.62999725341797,56.85895919799805,4413800,0.0,0.0
2015-09-14 00:00:00-04:00,72.3499984741211,72.88999938964844,72.01000213623047,72.7699966430664,56.96855545043945,4231800,0.0,0.0
2015-09-15 00:00:00-04:00,73.0199966430664,74.73999786376953,72.6500015258789,74.58000183105469,58.385536193847656,5109400,0.0,0.0
2015-09-16 00:00:00-04:00,74.8499984741211,75.87000274658203,74.58000183105469,75.63999938964844,59.215362548828125,5225800,0.0,0.0
2015-09-17 00:00:00-04:00,75.4000015258789,75.68000030517578,73.91000366210938,74.05999755859375,57.97842788696289,7745000,0.0,0.0
2015-09-18 00:00:00-04:00,73.33000183105469,73.5,71.61000061035156,71.86000061035156,56.25614547729492,9260100,0.0,0.0
2015-09-21 00:00:00-04:00,72.30000305175781,72.83999633789062,71.91000366210938,72.16000366210938,56.49101257324219,7594900,0.0,0.0
2015-09-22 00:00:00-04:00,71.12000274658203,71.80000305175781,70.63999938964844,71.68000030517578,56.11524200439453,5717300,0.0,0.0
2015-09-23 00:00:00-04:00,71.66999816894531,71.80999755859375,70.16000366210938,70.19999694824219,54.956607818603516,4754300,0.0,0.0
2015-09-24 00:00:00-04:00,66.19999694824219,66.69999694824219,64.6500015258789,65.80000305175781,51.51205062866211,22589600,0.0,0.0
2015-09-25 00:00:00-04:00,65.0,65.7699966430664,64.73999786376953,64.9800033569336,50.87009048461914,12365100,0.0,0.0
2015-09-28 00:00:00-04:00,64.23999786376953,64.31999969482422,62.9900016784668,63.790000915527344,49.93851089477539,12572000,0.0,0.0
2015-09-29 00:00:00-04:00,63.650001525878906,65.38999938964844,63.599998474121094,64.30999755859375,50.34558868408203,8784400,0.0,0.0
2015-09-30 00:00:00-04:00,64.94999694824219,65.63999938964844,64.1500015258789,65.36000061035156,51.16758346557617,7850300,0.0,0.0
2015-10-01 00:00:00-04:00,65.62999725341797,66.0999984741211,63.61000061035156,64.38999938964844,50.40822219848633,7933000,0.0,0.0
2015-10-02 00:00:00-04:00,63.790000915527344,65.7300033569336,63.099998474121094,65.69999694824219,51.43375015258789,8782700,0.0,0.0
2015-10-05 00:00:00-04:00,66.69000244140625,69.4800033569336,66.5199966430664,69.18000030517578,54.158103942871094,10661900,0.0,0.0
2015-10-06 00:00:00-04:00,69.54000091552734,71.1500015258789,69.08000183105469,70.81999969482422,55.44198989868164,9664100,0.0,0.0
2015-10-07 00:00:00-04:00,71.36000061035156,72.70999908447266,69.1500015258789,70.37999725341797,55.09752655029297,8307700,0.0,0.0
2015-10-08 00:00:00-04:00,70.31999969482422,72.18000030517578,69.8499984741211,71.83999633789062,56.24049377441406,6091600,0.0,0.0
2015-10-09 00:00:00-04:00,71.83999633789062,72.48999786376953,70.86000061035156,71.30000305175781,55.817752838134766,5573500,0.0,0.0
2015-10-12 00:00:00-04:00,71.51000213623047,71.52999877929688,70.31999969482422,70.5,55.19145965576172,4643500,0.0,0.0
2015-10-13 00:00:00-04:00,69.95999908447266,71.02999877929688,69.26000213623047,70.16999816894531,54.933128356933594,4724800,0.0,0.0
2015-10-14 00:00:00-04:00,70.11000061035156,71.05999755859375,69.56999969482422,70.70999908447266,55.355873107910156,4042700,0.0,0.0
2015-10-15 00:00:00-04:00,70.47000122070312,70.91999816894531,69.76000213623047,70.83000183105469,55.44981002807617,4547900,0.0,0.0
2015-10-16 00:00:00-04:00,70.62000274658203,70.83000183105469,69.11000061035156,69.68000030517578,54.54954528808594,8310000,0.0,0.0
2015-10-19 00:00:00-04:00,69.25,69.47000122070312,68.80000305175781,69.2699966430664,54.22856140136719,5712000,0.0,0.0
2015-10-20 00:00:00-04:00,68.86000061035156,71.19000244140625,68.51000213623047,70.2699966430664,55.01142120361328,6385800,0.0,0.0
2015-10-21 00:00:00-04:00,70.58999633789062,71.9000015258789,69.58000183105469,69.66999816894531,54.54169464111328,8679400,0.0,0.0
2015-10-22 00:00:00-04:00,67.91999816894531,72.83000183105469,67.80999755859375,70.87999725341797,56.109066009521484,13909200,0.77,0.0
2015-10-23 00:00:00-04:00,71.70999908447266,72.43000030517578,70.66000366210938,71.75,56.79777145385742,7942500,0.0,0.0
2015-10-26 00:00:00-04:00,71.79000091552734,72.30000305175781,71.41999816894531,71.5199966430664,56.61570739746094,6254500,0.0,0.0
2015-10-27 00:00:00-04:00,70.18000030517578,71.08000183105469,68.33999633789062,70.38999938964844,55.721187591552734,8280500,0.0,0.0
2015-10-28 00:00:00-04:00,70.75,72.11000061035156,70.4800033569336,71.97000122070312,56.97193145751953,5486900,0.0,0.0
2015-10-29 00:00:00-04:00,71.48999786376953,72.56999969482422,71.27999877929688,71.97000122070312,56.97193145751953,4321300,0.0,0.0
2015-10-30 00:00:00-04:00,72.2699966430664,73.27999877929688,71.62999725341797,72.98999786376953,57.77936935424805,7388700,0.0,0.0
2015-11-02 00:00:00-05:00,73.0,74.63999938964844,72.83000183105469,74.33999633789062,58.84803771972656,5876500,0.0,0.0
2015-11-03 00:00:00-05:00,74.44000244140625,75.31999969482422,74.19999694824219,74.75,59.172603607177734,5006100,0.0,0.0
2015-11-04 00:00:00-05:00,75.33999633789062,75.93000030517578,74.33000183105469,74.55000305175781,59.014286041259766,5477800,0.0,0.0
2015-11-05 00:00:00-05:00,74.6500015258789,75.55999755859375,73.20999908447266,74.22000122070312,58.753055572509766,6238900,0.0,0.0
2015-11-06 00:00:00-05:00,73.41999816894531,73.8499984741211,72.33000183105469,73.83999633789062,58.45222473144531,5538600,0.0,0.0
2015-11-09 00:00:00-05:00,73.43000030517578,73.61000061035156,71.4800033569336,71.88999938964844,56.90859603881836,5914800,0.0,0.0
2015-11-10 00:00:00-05:00,71.79000091552734,72.58000183105469,71.62999725341797,72.43000030517578,57.336063385009766,4373800,0.0,0.0
2015-11-11 00:00:00-05:00,72.54000091552734,72.8499984741211,71.81999969482422,71.91000366210938,56.924461364746094,4190700,0.0,0.0
2015-11-12 00:00:00-05:00,70.81999969482422,70.98999786376953,68.41000366210938,68.66000366210938,54.351715087890625,8731700,0.0,0.0
2015-11-13 00:00:00-05:00,68.69999694824219,70.12999725341797,68.5,69.62999725341797,55.119571685791016,6429600,0.0,0.0
2015-11-16 00:00:00-05:00,69.4800033569336,70.62000274658203,69.2300033569336,70.38999938964844,55.721187591552734,5167600,0.0,0.0
2015-11-17 00:00:00-05:00,70.12999725341797,70.36000061035156,69.05000305175781,69.38999938964844,54.92959976196289,4812000,0.0,0.0
2015-11-18 00:00:00-05:00,69.9000015258789,70.44999694824219,69.37999725341797,70.31999969482422,55.66579818725586,3788300,0.0,0.0
2015-11-19 00:00:00-05:00,69.5,70.11000061035156,68.5999984741211,70.0199966430664,55.42829895019531,6296000,0.0,0.0
2015-11-20 00:00:00-05:00,70.4800033569336,71.20999908447266,70.16000366210938,71.13999938964844,56.31488800048828,6495100,0.0,0.0
2015-11-23 00:00:00-05:00,70.9800033569336,71.9000015258789,70.88999938964844,71.0199966430664,56.21989822387695,3847600,0.0,0.0
2015-11-24 00:00:00-05:00,70.77999877929688,71.70999908447266,70.44000244140625,71.4000015258789,56.520721435546875,3846500,0.0,0.0
2015-11-25 00:00:00-05:00,71.73999786376953,71.88999938964844,70.72000122070312,71.48999786376953,56.59196472167969,3493000,0.0,0.0
2015-11-27 00:00:00-05:00,71.18000030517578,71.52999877929688,70.69999694824219,71.22000122070312,56.37823486328125,1642100,0.0,0.0
2015-11-30 00:00:00-05:00,71.33000183105469,72.79000091552734,71.1500015258789,72.6500015258789,57.51023483276367,5632900,0.0,0.0
2015-12-01 00:00:00-05:00,72.33000183105469,72.63999938964844,70.8499984741211,71.55999755859375,56.647361755371094,6578400,0.0,0.0
2015-12-02 00:00:00-05:00,71.19999694824219,72.12999725341797,70.62000274658203,71.02999877929688,56.227821350097656,5068200,0.0,0.0
2015-12-03 00:00:00-05:00,71.1500015258789,71.22000122070312,69.37000274658203,69.63999938964844,55.12749481201172,8130800,0.0,0.0
2015-12-04 00:00:00-05:00,69.36000061035156,70.02999877929688,68.80000305175781,69.9800033569336,55.396629333496094,5252000,0.0,0.0
2015-12-07 00:00:00-05:00,68.68000030517578,68.7300033569336,67.72000122070312,68.36000061035156,54.114234924316406,6805900,0.0,0.0
2015-12-08 00:00:00-05:00,66.98999786376953,67.16000366210938,66.18000030517578,66.54000091552734,52.67351531982422,6866300,0.0,0.0
2015-12-09 00:00:00-05:00,66.30000305175781,67.0199966430664,65.16000366210938,65.91000366210938,52.17478561401367,8578000,0.0,0.0
2015-12-10 00:00:00-05:00,65.9800033569336,67.08999633789062,65.91000366210938,66.37999725341797,52.54684829711914,5768700,0.0,0.0
2015-12-11 00:00:00-05:00,65.37999725341797,66.0999984741211,64.4800033569336,65.43000030517578,51.794830322265625,7572600,0.0,0.0
2015-12-14 00:00:00-05:00,65.62999725341797,66.18000030517578,64.7300033569336,66.12000274658203,52.34103012084961,7371100,0.0,0.0
2015-12-15 00:00:00-05:00,65.45999908447266,66.95999908447266,65.23999786376953,66.75,52.83974075317383,6061200,0.0,0.0
2015-12-16 00:00:00-05:00,66.22000122070312,67.87999725341797,66.13999938964844,67.72000122070312,53.60762023925781,6747600,0.0,0.0
2015-12-17 00:00:00-05:00,67.18000030517578,67.51000213623047,64.87999725341797,64.9000015258789,51.37527084350586,6800000,0.0,0.0
2015-12-18 00:00:00-05:00,64.5999984741211,65.87000274658203,64.0999984741211,65.11000061035156,51.54152297973633,13490900,0.0,0.0
2015-12-21 00:00:00-05:00,65.58999633789062,65.81999969482422,64.37999725341797,65.23999786376953,51.6444206237793,5311500,0.0,0.0
2015-12-22 00:00:00-05:00,66.25,68.79000091552734,66.11000061035156,68.41000366210938,54.1538200378418,9697200,0.0,0.0
2015-12-23 00:00:00-05:00,69.58999633789062,70.48999786376953,68.98999786376953,69.88999938964844,55.32537841796875,7586300,0.0,0.0
2015-12-24 00:00:00-05:00,69.75,69.9000015258789,69.05999755859375,69.37999725341797,54.921669006347656,2322100,0.0,0.0
2015-12-28 00:00:00-05:00,69.12000274658203,69.18000030517578,68.02999877929688,68.58000183105469,54.28837966918945,3884000,0.0,0.0
2015-12-29 00:00:00-05:00,69.22000122070312,69.56999969482422,68.62000274658203,69.19000244140625,54.77127456665039,3539500,0.0,0.0
2015-12-30 00:00:00-05:00,68.66000366210938,69.62999725341797,68.56999969482422,68.69000244140625,54.375457763671875,3158500,0.0,0.0
2015-12-31 00:00:00-05:00,68.44999694824219,69.0999984741211,67.94000244140625,67.95999908447266,53.79758834838867,4356400,0.0,0.0
2016-01-04 00:00:00-05:00,66.87999725341797,68.08000183105469,65.72000122070312,67.98999786376953,53.82134246826172,8586900,0.0,0.0
2016-01-05 00:00:00-05:00,68.37999725341797,68.44000244140625,66.41999816894531,67.27999877929688,53.259281158447266,6139100,0.0,0.0
2016-01-06 00:00:00-05:00,65.9800033569336,66.8499984741211,65.62000274658203,66.22000122070312,52.42019271850586,6639300,0.0,0.0
2016-01-07 00:00:00-05:00,65.08000183105469,65.5199966430664,63.65999984741211,63.939998626708984,50.615333557128906,8601500,0.0,0.0
2016-01-08 00:00:00-05:00,64.33000183105469,64.52999877929688,62.93000030517578,63.290000915527344,50.100799560546875,8278500,0.0,0.0
2016-01-11 00:00:00-05:00,63.66999816894531,63.70000076293945,60.849998474121094,61.470001220703125,48.660064697265625,9669400,0.0,0.0
2016-01-12 00:00:00-05:00,62.439998626708984,62.5,60.38999938964844,61.599998474121094,48.762977600097656,8593100,0.0,0.0
2016-01-13 00:00:00-05:00,62.06999969482422,62.7599983215332,60.38999938964844,60.88999938964844,48.2009391784668,7237300,0.0,0.0
2016-01-14 00:00:00-05:00,61.2400016784668,62.970001220703125,60.380001068115234,62.27000045776367,49.29335021972656,9241800,0.0,0.0
2016-01-15 00:00:00-05:00,59.52000045776367,60.09000015258789,58.75,59.869998931884766,47.986873626708984,12674500,0.77,0.0
2016-01-19 00:00:00-05:00,60.2599983215332,60.540000915527344,58.47999954223633,59.029998779296875,47.313602447509766,8501100,0.0,0.0
2016-01-20 00:00:00-05:00,58.08000183105469,59.380001068115234,56.36000061035156,58.810001373291016,47.137271881103516,10857700,0.0,0.0
2016-01-21 00:00:00-05:00,59.0,60.41999816894531,58.25,59.689998626708984,47.84260940551758,8798300,0.0,0.0
2016-01-22 00:00:00-05:00,61.22999954223633,62.560001373291016,60.599998474121094,60.97999954223633,48.876548767089844,7815600,0.0,0.0
2016-01-25 00:00:00-05:00,58.959999084472656,59.349998474121094,57.7599983215332,57.90999984741211,46.41591262817383,10971500,0.0,0.0
2016-01-26 00:00:00-05:00,58.400001525878906,59.65999984741211,58.09000015258789,59.15999984741211,47.41779708862305,8141900,0.0,0.0
2016-01-27 00:00:00-05:00,58.43000030517578,59.88999938964844,57.459999084472656,58.31999969482422,46.74453353881836,11013800,0.0,0.0
2016-01-28 00:00:00-05:00,62.0099983215332,62.45000076293945,58.56999969482422,61.08000183105469,48.95671081542969,13567000,0.0,0.0
2016-01-29 00:00:00-05:00,61.689998626708984,62.290000915527344,60.7599983215332,62.2400016784668,49.886478424072266,8221000,0.0,0.0
2016-02-01 00:00:00-05:00,61.970001220703125,63.08000183105469,61.380001068115234,62.70000076293945,50.25517272949219,5955700,0.0,0.0
2016-02-02 00:00:00-05:00,61.279998779296875,61.54999923706055,60.47999954223633,60.66999816894531,48.628089904785156,6282300,0.0,0.0
2016-02-03 00:00:00-05:00,61.470001220703125,63.599998474121094,59.79999923706055,63.27000045776367,50.712039947509766,8332100,0.0,0.0
2016-02-04 00:00:00-05:00,63.599998474121094,66.98999786376953,63.599998474121094,65.95999908447266,52.86812210083008,12598000,0.0,0.0
2016-02-05 00:00:00-05:00,65.66999816894531,66.76000213623047,65.18000030517578,66.12000274658203,52.99635314941406,7463700,0.0,0.0
2016-02-08 00:00:00-05:00,65.41999816894531,65.63999938964844,63.65999984741211,64.58000183105469,51.76201629638672,6315500,0.0,0.0
2016-02-09 00:00:00-05:00,63.900001525878906,64.41000366210938,63.119998931884766,63.93000030517578,51.24103927612305,5638500,0.0,0.0
2016-02-10 00:00:00-05:00,64.2699966430664,64.37999725341797,62.0,62.13999938964844,49.80632019042969,5955400,0.0,0.0
2016-02-11 00:00:00-05:00,60.90999984741211,62.310001373291016,60.5099983215332,61.40999984741211,49.221214294433594,7055000,0.0,0.0
2016-02-12 00:00:00-05:00,61.9900016784668,63.470001220703125,61.81999969482422,63.150001525878906,50.6158561706543,4297400,0.0,0.0
2016-02-16 00:00:00-05:00,64.16000366210938,65.55000305175781,63.5099983215332,65.20999908447266,52.2669792175293,4819400,0.0,0.0
2016-02-17 00:00:00-05:00,66.0,67.79000091552734,65.72000122070312,67.26000213623047,53.91007995605469,7373800,0.0,0.0
2016-02-18 00:00:00-05:00,67.1500015258789,67.5999984741211,65.13999938964844,66.12000274658203,52.99635314941406,6175500,0.0,0.0
2016-02-19 00:00:00-05:00,64.91999816894531,65.5199966430664,64.08000183105469,65.41999816894531,52.435298919677734,4994900,0.0,0.0
2016-02-22 00:00:00-05:00,65.41999816894531,67.5199966430664,65.41999816894531,67.30999755859375,53.95017623901367,5787700,0.0,0.0
2016-02-23 00:00:00-05:00,67.11000061035156,67.23999786376953,65.69999694824219,65.77999877929688,52.723838806152344,5599400,0.0,0.0
2016-02-24 00:00:00-05:00,64.69999694824219,65.97000122070312,63.06999969482422,65.87999725341797,52.80400085449219,6439200,0.0,0.0
2016-02-25 00:00:00-05:00,65.88999938964844,66.47000122070312,64.83999633789062,66.47000122070312,53.27688980102539,4277200,0.0,0.0
2016-02-26 00:00:00-05:00,67.38999938964844,68.0,66.44999694824219,66.87000274658203,53.59749221801758,4149800,0.0,0.0
2016-02-29 00:00:00-05:00,67.13999938964844,68.58000183105469,66.48999786376953,67.69999694824219,54.26275634765625,8643200,0.0,0.0
2016-03-01 00:00:00-05:00,68.44000244140625,69.48999786376953,67.33999633789062,69.08999633789062,55.376861572265625,4451600,0.0,0.0
2016-03-02 00:00:00-05:00,68.75,69.93000030517578,68.20999908447266,69.37999725341797,55.60931396484375,4801300,0.0,0.0
2016-03-03 00:00:00-05:00,69.62000274658203,72.08000183105469,69.38999938964844,71.75,57.508907318115234,7172700,0.0,0.0
2016-03-04 00:00:00-05:00,72.08999633789062,73.95999908447266,71.54000091552734,72.83999633789062,58.38256072998047,9521500,0.0,0.0
2016-03-07 00:00:00-05:00,72.80000305175781,75.7300033569336,72.80000305175781,74.7699966430664,59.92948532104492,10740400,0.0,0.0
2016-03-08 00:00:00-05:00,73.77999877929688,74.11000061035156,71.5199966430664,71.7300033569336,57.49287414550781,8748400,0.0,0.0
2016-03-09 00:00:00-05:00,72.33000183105469,72.69999694824219,71.26000213623047,71.87000274658203,57.6050910949707,4907900,0.0,0.0
2016-03-10 00:00:00-05:00,72.02999877929688,72.02999877929688,70.48999786376953,71.36000061035156,57.196319580078125,6352400,0.0,0.0
2016-03-11 00:00:00-05:00,72.36000061035156,73.0999984741211,72.27999877929688,72.80000305175781,58.35051727294922,4787000,0.0,0.0
2016-03-14 00:00:00-04:00,72.7300033569336,73.44000244140625,72.12999725341797,72.7300033569336,58.294395446777344,5060000,0.0,0.0
2016-03-15 00:00:00-04:00,71.44000244140625,72.47000122070312,70.86000061035156,72.44000244140625,58.06196212768555,4674400,0.0,0.0
2016-03-16 00:00:00-04:00,72.58999633789062,74.51000213623047,72.19999694824219,74.33999633789062,59.5848274230957,6641200,0.0,0.0
2016-03-17 00:00:00-04:00,74.19999694824219,76.30000305175781,73.5199966430664,75.9000015258789,60.83522033691406,13316000,0.0,0.0
2016-03-18 00:00:00-04:00,76.08000183105469,76.94000244140625,74.63999938964844,75.47000122070312,60.49055480957031,13750200,0.0,0.0
2016-03-21 00:00:00-04:00,75.52999877929688,76.3499984741211,75.04000091552734,75.88999938964844,60.82719421386719,4315700,0.0,0.0
2016-03-22 00:00:00-04:00,75.58999633789062,76.08000183105469,75.23999786376953,75.55000305175781,60.5546875,3625600,0.0,0.0
2016-03-23 00:00:00-04:00,74.97000122070312,75.12000274658203,73.56999969482422,73.68000030517578,59.05582046508789,5352900,0.0,0.0
2016-03-24 00:00:00-04:00,72.93000030517578,75.3499984741211,72.7300033569336,75.29000091552734,60.34628677368164,7036100,0.0,0.0
2016-03-28 00:00:00-04:00,75.1500015258789,75.55000305175781,74.45999908447266,75.31999969482422,60.37030792236328,3425400,0.0,0.0
2016-03-29 00:00:00-04:00,74.97000122070312,76.05000305175781,74.19000244140625,76.01000213623047,60.92338180541992,4085000,0.0,0.0
2016-03-30 00:00:00-04:00,76.94000244140625,77.25,76.01000213623047,76.51000213623047,61.324134826660156,4886800,0.0,0.0
2016-03-31 00:00:00-04:00,76.30000305175781,77.12999725341797,76.23999786376953,76.54000091552734,61.34818649291992,4348700,0.0,0.0
2016-04-01 00:00:00-04:00,75.6500015258789,76.87000274658203,74.66999816894531,76.79000091552734,61.548561096191406,4878300,0.0,0.0
2016-04-04 00:00:00-04:00,76.55999755859375,77.04000091552734,75.41999816894531,75.72000122070312,60.69093322753906,4349500,0.0,0.0
2016-04-05 00:00:00-04:00,75.31999969482422,75.8499984741211,74.5999984741211,75.23999786376953,60.30620193481445,4386800,0.0,0.0
2016-04-06 00:00:00-04:00,75.5199966430664,75.56999969482422,73.69999694824219,75.22000122070312,60.29018020629883,4929800,0.0,0.0
2016-04-07 00:00:00-04:00,74.48999786376953,74.68000030517578,73.76000213623047,74.16999816894531,59.44858932495117,4800800,0.0,0.0
2016-04-08 00:00:00-04:00,75.02999877929688,75.25,74.0,74.3499984741211,59.592864990234375,4911000,0.0,0.0
2016-04-11 00:00:00-04:00,74.61000061035156,75.77999877929688,74.61000061035156,74.62999725341797,59.81727600097656,3904800,0.0,0.0
2016-04-12 00:00:00-04:00,75.05999755859375,76.73999786376953,74.47000122070312,76.0999984741211,60.995513916015625,5129600,0.0,0.0
2016-04-13 00:00:00-04:00,76.87000274658203,79.16000366210938,76.55999755859375,79.12999725341797,63.424102783203125,9365700,0.0,0.0
2016-04-14 00:00:00-04:00,79.44000244140625,79.72000122070312,78.37000274658203,79.05000305175781,63.35997009277344,5372300,0.0,0.0
2016-04-15 00:00:00-04:00,79.37999725341797,79.77999877929688,78.7300033569336,79.16999816894531,63.4561767578125,5508500,0.0,0.0
2016-04-18 00:00:00-04:00,78.47000122070312,79.87000274658203,78.13999938964844,79.25,63.52029800415039,4822200,0.0,0.0
2016-04-19 00:00:00-04:00,79.98999786376953,80.88999938964844,79.45999908447266,80.38999938964844,64.43400573730469,6283500,0.0,0.0
2016-04-20 00:00:00-04:00,80.25,80.5999984741211,79.30000305175781,79.73999786376953,63.91304397583008,5356800,0.0,0.0
2016-04-21 00:00:00-04:00,78.75,79.58000183105469,78.19000244140625,78.66000366210938,63.662139892578125,6509100,0.77,0.0
2016-04-22 00:00:00-04:00,78.93000030517578,79.18000030517578,77.19999694824219,78.31999969482422,63.386959075927734,10099600,0.0,0.0
2016-04-25 00:00:00-04:00,78.5,78.86000061035156,76.19999694824219,76.79000091552734,62.14868927001953,8079800,0.0,0.0
2016-04-26 00:00:00-04:00,77.1500015258789,77.73999786376953,76.47000122070312,77.6500015258789,62.8447151184082,6085900,0.0,0.0
2016-04-27 00:00:00-04:00,77.9800033569336,78.88999938964844,77.5999984741211,78.68000030517578,63.67833709716797,4459300,0.0,0.0
2016-04-28 00:00:00-04:00,78.02999877929688,79.16999816894531,77.5999984741211,77.75,62.925628662109375,4844600,0.0,0.0
2016-04-29 00:00:00-04:00,78.0199966430664,79.0,77.31999969482422,77.72000122070312,62.90135955810547,7702700,0.0,0.0
2016-05-02 00:00:00-04:00,77.3499984741211,78.06999969482422,76.62000274658203,77.83999633789062,62.99848937988281,3330100,0.0,0.0
2016-05-03 00:00:00-04:00,76.8499984741211,77.0999984741211,75.58000183105469,76.36000061035156,61.800662994384766,4790900,0.0,0.0
2016-05-04 00:00:00-04:00,76.18000030517578,76.30999755859375,73.9000015258789,74.23999786376953,60.084896087646484,6938100,0.0,0.0
2016-05-05 00:00:00-04:00,74.1500015258789,74.5999984741211,72.69999694824219,72.79000091552734,58.911338806152344,8071200,0.0,0.0
2016-05-06 00:00:00-04:00,72.16000366210938,73.41999816894531,71.62000274658203,73.36000061035156,59.37269592285156,6942800,0.0,0.0
2016-05-09 00:00:00-04:00,72.33000183105469,72.62999725341797,70.56999969482422,70.77999877929688,57.28459167480469,9405000,0.0,0.0
2016-05-10 00:00:00-04:00,70.77999877929688,72.70999908447266,70.58999633789062,72.51000213623047,58.68474578857422,6507300,0.0,0.0
2016-05-11 00:00:00-04:00,72.8499984741211,73.61000061035156,72.36000061035156,72.43000030517578,58.61997604370117,4691900,0.0,0.0
2016-05-12 00:00:00-04:00,72.91999816894531,73.23999786376953,71.18000030517578,71.69999694824219,58.0291862487793,4526500,0.0,0.0
2016-05-13 00:00:00-04:00,71.62999725341797,71.77999877929688,70.05999755859375,70.06999969482422,56.70997619628906,6417200,0.0,0.0
2016-05-16 00:00:00-04:00,70.38999938964844,71.69999694824219,70.0999984741211,70.69999694824219,57.2198600769043,4515900,0.0,0.0
2016-05-17 00:00:00-04:00,70.69999694824219,72.18000030517578,70.44999694824219,71.05000305175781,57.503116607666016,4841900,0.0,0.0
2016-05-18 00:00:00-04:00,70.62000274658203,71.87000274658203,70.08000183105469,70.58999633789062,57.13081359863281,5166000,0.0,0.0
2016-05-19 00:00:00-04:00,69.93000030517578,70.12000274658203,69.04000091552734,69.43000030517578,56.1920166015625,6137100,0.0,0.0
2016-05-20 00:00:00-04:00,70.0,70.77999877929688,69.75,69.87000274658203,56.548118591308594,5731600,0.0,0.0
2016-05-23 00:00:00-04:00,69.80000305175781,70.94999694824219,69.58999633789062,70.4000015258789,56.9770393371582,4002000,0.0,0.0
2016-05-24 00:00:00-04:00,70.77999877929688,71.25,70.25,71.08999633789062,57.53548812866211,3872400,0.0,0.0
2016-05-25 00:00:00-04:00,71.62999725341797,72.69999694824219,71.26000213623047,72.56999969482422,58.73329544067383,5035400,0.0,0.0
2016-05-26 00:00:00-04:00,73.23999786376953,73.58999633789062,72.05999755859375,72.08000183105469,58.33672332763672,4146400,0.0,0.0
2016-05-27 00:00:00-04:00,72.1500015258789,72.19999694824219,71.5,71.95999908447266,58.239601135253906,3002100,0.0,0.0
2016-05-31 00:00:00-04:00,72.02999877929688,73.16999816894531,71.94999694824219,72.51000213623047,58.68474578857422,4072600,0.0,0.0
2016-06-01 00:00:00-04:00,71.9800033569336,72.48999786376953,71.2699966430664,72.2699966430664,58.49050521850586,2699900,0.0,0.0
2016-06-02 00:00:00-04:00,72.5999984741211,73.63999938964844,72.27999877929688,73.62000274658203,59.583106994628906,4615300,0.0,0.0
2016-06-03 00:00:00-04:00,73.6500015258789,75.13999938964844,73.0999984741211,75.04000091552734,60.73235321044922,6619300,0.0,0.0
2016-06-06 00:00:00-04:00,75.36000061035156,76.52999877929688,75.11000061035156,76.41999816894531,61.849246978759766,4775100,0.0,0.0
2016-06-07 00:00:00-04:00,76.52999877929688,77.27999877929688,76.44000244140625,76.80999755859375,62.16487503051758,4235200,0.0,0.0
2016-06-08 00:00:00-04:00,77.5,78.69999694824219,77.26000213623047,78.11000061035156,63.217002868652344,5987800,0.0,0.0
2016-06-09 00:00:00-04:00,77.38999938964844,77.5,76.63999938964844,77.16000366210938,62.44813919067383,3784600,0.0,0.0
2016-06-10 00:00:00-04:00,76.31999969482422,76.55999755859375,75.37999725341797,76.02999877929688,61.533599853515625,4879500,0.0,0.0
2016-06-13 00:00:00-04:00,75.69999694824219,76.33999633789062,75.2300033569336,75.2300033569336,60.886146545410156,4086700,0.0,0.0
2016-06-14 00:00:00-04:00,75.05999755859375,75.55000305175781,73.94999694824219,74.86000061035156,60.5866813659668,4058400,0.0,0.0
2016-06-15 00:00:00-04:00,75.19000244140625,75.94999694824219,74.33999633789062,75.06999969482422,60.756629943847656,3802000,0.0,0.0
2016-06-16 00:00:00-04:00,74.41000366210938,75.13999938964844,73.3499984741211,74.98999786376953,60.69191360473633,4064800,0.0,0.0
2016-06-17 00:00:00-04:00,75.3499984741211,76.66000366210938,75.23999786376953,75.93000030517578,61.45267105102539,5442000,0.0,0.0
2016-06-20 00:00:00-04:00,76.91000366210938,77.3499984741211,76.38999938964844,76.43000030517578,61.85731506347656,4090800,0.0,0.0
2016-06-21 00:00:00-04:00,76.44999694824219,76.9000015258789,76.01000213623047,76.48999786376953,61.9058837890625,3292100,0.0,0.0
2016-06-22 00:00:00-04:00,76.88999938964844,77.08999633789062,76.18000030517578,76.43000030517578,61.85731506347656,3056800,0.0,0.0
2016-06-23 00:00:00-04:00,77.66000366210938,78.25,77.22000122070312,78.22000122070312,63.306034088134766,3600800,0.0,0.0
2016-06-24 00:00:00-04:00,75.19999694824219,75.61000061035156,72.98999786376953,73.02999877929688,59.10560607910156,12179500,0.0,0.0
2016-06-27 00:00:00-04:00,72.5,72.70999908447266,70.52999877929688,71.37999725341797,57.77019119262695,7337400,0.0,0.0
2016-06-28 00:00:00-04:00,72.23999786376953,72.9000015258789,71.51000213623047,72.5199966430664,58.69282150268555,4743700,0.0,0.0
2016-06-29 00:00:00-04:00,73.25,74.4000015258789,72.79000091552734,74.2300033569336,60.07677459716797,4015400,0.0,0.0
2016-06-30 00:00:00-04:00,74.16999816894531,75.8499984741211,73.97000122070312,75.80999755859375,61.355533599853516,4695500,0.0,0.0
2016-07-01 00:00:00-04:00,75.37999725341797,76.98999786376953,75.31999969482422,76.44999694824219,61.8735237121582,4630100,0.0,0.0
2016-07-05 00:00:00-04:00,75.66000366210938,75.94999694824219,73.69999694824219,74.37999725341797,60.198177337646484,4776300,0.0,0.0
2016-07-06 00:00:00-04:00,74.58999633789062,74.87000274658203,73.45999908447266,74.83000183105469,60.562408447265625,3740500,0.0,0.0
2016-07-07 00:00:00-04:00,75.06999969482422,75.7300033569336,74.37999725341797,75.05000305175781,60.74045181274414,3080900,0.0,0.0
2016-07-08 00:00:00-04:00,75.91999816894531,77.43000030517578,75.77999877929688,77.37000274658203,62.61812210083008,5491500,0.0,0.0
2016-07-11 00:00:00-04:00,78.0,78.54000091552734,77.31999969482422,77.80000305175781,62.966121673583984,4511300,0.0,0.0
2016-07-12 00:00:00-04:00,78.72000122070312,79.94000244140625,78.30000305175781,79.80000305175781,64.58479309082031,5545800,0.0,0.0
2016-07-13 00:00:00-04:00,79.9800033569336,80.33000183105469,79.06999969482422,79.69000244140625,64.49578094482422,5162500,0.0,0.0
2016-07-14 00:00:00-04:00,80.5,81.0,79.97000122070312,80.05999755859375,64.79521179199219,5441700,0.0,0.0
2016-07-15 00:00:00-04:00,80.48999786376953,80.80000305175781,80.16000366210938,80.69999694824219,65.31316375732422,4642100,0.0,0.0
2016-07-18 00:00:00-04:00,79.87999725341797,79.88999938964844,78.87000274658203,79.81999969482422,65.22331237792969,4136700,0.77,0.0
2016-07-19 00:00:00-04:00,79.33999633789062,79.7699966430664,79.1500015258789,79.73999786376953,65.15792846679688,3308400,0.0,0.0
2016-07-20 00:00:00-04:00,79.44999694824219,79.86000061035156,78.93000030517578,79.69000244140625,65.11707305908203,4185500,0.0,0.0
2016-07-21 00:00:00-04:00,80.44999694824219,81.37999725341797,79.73999786376953,80.01000213623047,65.37855529785156,6472300,0.0,0.0
2016-07-22 00:00:00-04:00,79.77999877929688,79.79000091552734,78.86000061035156,79.37999725341797,64.86376190185547,4133800,0.0,0.0
2016-07-25 00:00:00-04:00,79.1500015258789,79.19000244140625,78.33999633789062,78.69000244140625,64.29993438720703,5798100,0.0,0.0
2016-07-26 00:00:00-04:00,79.04000091552734,83.0,78.73999786376953,82.75,67.61747741699219,11007600,0.0,0.0
2016-07-27 00:00:00-04:00,82.72000122070312,84.29000091552734,82.72000122070312,84.0999984741211,68.7206039428711,8460900,0.0,0.0
2016-07-28 00:00:00-04:00,83.69999694824219,83.70999908447266,82.44999694824219,82.91999816894531,67.75637817382812,5065600,0.0,0.0
2016-07-29 00:00:00-04:00,82.80000305175781,83.13999938964844,82.12999725341797,82.76000213623047,67.62566375732422,4274200,0.0,0.0
2016-08-01 00:00:00-04:00,82.76000213623047,82.87999725341797,81.52999877929688,81.94999694824219,66.9637680053711,3377100,0.0,0.0
2016-08-02 00:00:00-04:00,82.0,82.19000244140625,80.91999816894531,81.23999786376953,66.38361358642578,3909500,0.0,0.0
2016-08-03 00:00:00-04:00,81.1500015258789,82.30000305175781,80.93000030517578,82.02999877929688,67.02914428710938,3101700,0.0,0.0
2016-08-04 00:00:00-04:00,81.81999969482422,82.54000091552734,81.4000015258789,81.7699966430664,66.81671142578125,2407500,0.0,0.0
2016-08-05 00:00:00-04:00,82.22000122070312,82.95999908447266,82.0,82.55999755859375,67.46223449707031,3286100,0.0,0.0
2016-08-08 00:00:00-04:00,83.0,83.79000091552734,82.80000305175781,83.44000244140625,68.18128967285156,3544800,0.0,0.0
2016-08-09 00:00:00-04:00,83.5199966430664,83.75,82.69999694824219,82.83000183105469,67.68284606933594,2314900,0.0,0.0
2016-08-10 00:00:00-04:00,83.30999755859375,83.30999755859375,82.4800033569336,82.6500015258789,67.53578186035156,2290300,0.0,0.0
2016-08-11 00:00:00-04:00,83.0,83.6500015258789,82.98999786376953,83.23999786376953,68.01786804199219,2229300,0.0,0.0
2016-08-12 00:00:00-04:00,83.26000213623047,83.77999877929688,82.58000183105469,83.0,67.82173919677734,4342800,0.0,0.0
2016-08-15 00:00:00-04:00,83.0,84.27999877929688,82.95999908447266,84.1500015258789,68.76148223876953,4056000,0.0,0.0
2016-08-16 00:00:00-04:00,84.20999908447266,84.36000061035156,83.63999938964844,84.29000091552734,68.87586212158203,3161800,0.0,0.0
2016-08-17 00:00:00-04:00,84.41000366210938,84.7300033569336,83.83999633789062,84.41000366210938,68.97393798828125,2983400,0.0,0.0
2016-08-18 00:00:00-04:00,83.41000366210938,83.61000061035156,82.51000213623047,83.37999725341797,68.13227844238281,5003100,0.0,0.0
2016-08-19 00:00:00-04:00,83.05999755859375,84.37999725341797,82.76000213623047,83.83999633789062,68.5081558227539,3823900,0.0,0.0
2016-08-22 00:00:00-04:00,83.62000274658203,83.77999877929688,83.0,83.58999633789062,68.30387878417969,2885000,0.0,0.0
2016-08-23 00:00:00-04:00,83.9800033569336,84.68000030517578,83.94999694824219,84.01000213623047,68.64708709716797,3178400,0.0,0.0
2016-08-24 00:00:00-04:00,83.41000366210938,84.0999984741211,82.97000122070312,83.1500015258789,67.94435119628906,2200600,0.0,0.0
2016-08-25 00:00:00-04:00,83.06999969482422,83.16999816894531,82.58999633789062,82.83999633789062,67.69102478027344,3082900,0.0,0.0
2016-08-26 00:00:00-04:00,83.20999908447266,83.9000015258789,82.27999877929688,82.66000366210938,67.54393768310547,3596800,0.0,0.0
2016-08-29 00:00:00-04:00,82.51000213623047,83.3499984741211,82.41000366210938,83.0999984741211,67.90349578857422,2253600,0.0,0.0
2016-08-30 00:00:00-04:00,82.86000061035156,83.1500015258789,82.30999755859375,82.4800033569336,67.39686584472656,3468700,0.0,0.0
2016-08-31 00:00:00-04:00,82.05999755859375,82.33999633789062,81.61000061035156,81.94999694824219,66.9637680053711,4041700,0.0,0.0
2016-09-01 00:00:00-04:00,81.58999633789062,82.0,80.56999969482422,81.44999694824219,66.55522155761719,4102200,0.0,0.0
2016-09-02 00:00:00-04:00,82.19000244140625,82.37000274658203,81.47000122070312,81.69000244140625,66.75133514404297,2449400,0.0,0.0
2016-09-06 00:00:00-04:00,82.01000213623047,82.2300033569336,81.4800033569336,82.08000183105469,67.06999969482422,3071000,0.0,0.0
2016-09-07 00:00:00-04:00,82.5,83.7300033569336,82.41000366210938,83.72000122070312,68.41010284423828,3996700,0.0,0.0
2016-09-08 00:00:00-04:00,83.5,83.95999908447266,83.08000183105469,83.54000091552734,68.2630386352539,3400500,0.0,0.0
2016-09-09 00:00:00-04:00,82.88999938964844,83.0,80.76000213623047,80.79000091552734,66.01592254638672,5311600,0.0,0.0
2016-09-12 00:00:00-04:00,80.2699966430664,82.12000274658203,80.0999984741211,81.91999816894531,66.93926239013672,4110800,0.0,0.0
2016-09-13 00:00:00-04:00,81.0999984741211,81.26000213623047,79.93000030517578,80.2300033569336,65.55831146240234,4740600,0.0,0.0
2016-09-14 00:00:00-04:00,80.37999725341797,81.62000274658203,80.2300033569336,81.0199966430664,66.20386505126953,5324800,0.0,0.0
2016-09-15 00:00:00-04:00,80.83000183105469,82.3499984741211,80.73999786376953,82.02999877929688,67.02914428710938,3499400,0.0,0.0
2016-09-16 00:00:00-04:00,81.62000274658203,82.08000183105469,81.20999908447266,82.05000305175781,67.04548645019531,6715400,0.0,0.0
2016-09-19 00:00:00-04:00,82.18000030517578,82.3499984741211,81.3499984741211,81.87999725341797,66.90657806396484,4351200,0.0,0.0
2016-09-20 00:00:00-04:00,82.45999908447266,82.66999816894531,81.66000366210938,81.69999694824219,66.75950622558594,2774600,0.0,0.0
2016-09-21 00:00:00-04:00,82.30000305175781,83.48999786376953,82.01000213623047,83.47000122070312,68.20582580566406,4264300,0.0,0.0
2016-09-22 00:00:00-04:00,83.97000122070312,84.44999694824219,83.30999755859375,83.5,68.23035430908203,3925200,0.0,0.0
2016-09-23 00:00:00-04:00,83.51000213623047,83.58000183105469,82.38999938964844,82.44000244140625,67.36418151855469,3031500,0.0,0.0
2016-09-26 00:00:00-04:00,82.19999694824219,82.68000030517578,82.01000213623047,82.37000274658203,67.3069839477539,3340800,0.0,0.0
2016-09-27 00:00:00-04:00,82.19000244140625,82.87999725341797,81.66999816894531,82.87999725341797,67.72369384765625,4295600,0.0,0.0
2016-09-28 00:00:00-04:00,83.25,86.66000366210938,83.13999938964844,86.58999633789062,70.75526428222656,9497100,0.0,0.0
2016-09-29 00:00:00-04:00,86.27999877929688,88.8499984741211,86.27999877929688,87.47000122070312,71.4743423461914,10616400,0.0,0.0
2016-09-30 00:00:00-04:00,87.98999786376953,88.9800033569336,87.80999755859375,88.7699966430664,72.5365982055664,6379100,0.0,0.0
2016-10-03 00:00:00-04:00,88.2300033569336,89.19000244140625,88.16999816894531,88.27999877929688,72.13621520996094,4294600,0.0,0.0
2016-10-04 00:00:00-04:00,88.5,88.94999694824219,87.18000030517578,87.51000213623047,71.50701141357422,4743300,0.0,0.0
2016-10-05 00:00:00-04:00,88.12000274658203,89.87000274658203,88.04000091552734,89.41999816894531,73.06774139404297,5189500,0.0,0.0
2016-10-06 00:00:00-04:00,88.95999908447266,89.66000366210938,88.70999908447266,89.29000091552734,72.96151733398438,3786900,0.0,0.0
2016-10-07 00:00:00-04:00,89.5199966430664,89.73999786376953,87.94000244140625,88.47000122070312,72.29146575927734,3774200,0.0,0.0
2016-10-10 00:00:00-04:00,89.0999984741211,89.5,88.13999938964844,88.22000122070312,72.0871810913086,3785700,0.0,0.0
2016-10-11 00:00:00-04:00,89.0999984741211,89.31999969482422,87.26000213623047,87.47000122070312,71.4743423461914,6471900,0.0,0.0
2016-10-12 00:00:00-04:00,87.5,87.75,87.0199966430664,87.58000183105469,71.56423950195312,3950000,0.0,0.0
2016-10-13 00:00:00-04:00,86.9000015258789,87.06999969482422,86.26000213623047,86.97000122070312,71.06578063964844,5677000,0.0,0.0
2016-10-14 00:00:00-04:00,87.83000183105469,88.41999816894531,87.55999755859375,87.66999816894531,71.63777160644531,3601000,0.0,0.0
2016-10-17 00:00:00-04:00,87.37999725341797,87.72000122070312,86.9000015258789,87.29000091552734,71.3272476196289,4479700,0.0,0.0
2016-10-18 00:00:00-04:00,88.11000061035156,88.19999694824219,86.7699966430664,87.22000122070312,71.27005767822266,3715700,0.0,0.0
2016-10-19 00:00:00-04:00,87.30999755859375,88.27999877929688,86.86000061035156,88.0,71.90742492675781,5943900,0.0,0.0
2016-10-20 00:00:00-04:00,87.05999755859375,87.2699966430664,86.2300033569336,86.62999725341797,71.41281127929688,4576600,0.77,0.0
2016-10-21 00:00:00-04:00,85.7300033569336,86.62999725341797,85.36000061035156,86.33000183105469,71.16552734375,3592500,0.0,0.0
2016-10-24 00:00:00-04:00,86.12000274658203,87.12999725341797,85.54000091552734,85.98999786376953,70.88521575927734,5096500,0.0,0.0
2016-10-25 00:00:00-04:00,85.86000061035156,87.6500015258789,83.87999725341797,84.4800033569336,69.64048767089844,11639200,0.0,0.0
2016-10-26 00:00:00-04:00,83.80999755859375,84.38999938964844,82.87999725341797,84.12999725341797,69.3519515991211,6582100,0.0,0.0
2016-10-27 00:00:00-04:00,84.27999877929688,84.33999633789062,82.70999908447266,83.01000213623047,68.42870330810547,5003200,0.0,0.0
2016-10-28 00:00:00-04:00,83.31999969482422,84.16999816894531,83.0,83.87999725341797,69.1458511352539,4974000,0.0,0.0
2016-10-31 00:00:00-04:00,84.19000244140625,84.37999725341797,83.41000366210938,83.45999908447266,68.79964447021484,4679400,0.0,0.0
2016-11-01 00:00:00-04:00,83.47000122070312,83.6500015258789,81.6500015258789,82.23999786376953,67.7939453125,5139600,0.0,0.0
2016-11-02 00:00:00-04:00,82.1500015258789,82.1500015258789,80.33000183105469,81.11000061035156,66.86245727539062,5228600,0.0,0.0
2016-11-03 00:00:00-04:00,81.63999938964844,81.66999816894531,80.68000030517578,81.2699966430664,66.99434661865234,3859000,0.0,0.0
2016-11-04 00:00:00-04:00,81.33999633789062,82.9000015258789,80.58999633789062,82.30999755859375,67.85165405273438,5745800,0.0,0.0
2016-11-07 00:00:00-05:00,83.73999786376953,84.16000366210938,82.97000122070312,83.75,69.03870391845703,3786400,0.0,0.0
2016-11-08 00:00:00-05:00,83.7699966430664,85.0,83.05999755859375,84.68000030517578,69.80535125732422,3407700,0.0,0.0
2016-11-09 00:00:00-05:00,89.77999877929688,93.19999694824219,89.36000061035156,91.19999694824219,75.18003845214844,19281900,0.0,0.0
2016-11-10 00:00:00-05:00,92.04000091552734,94.94999694824219,91.83999633789062,93.44999694824219,77.03483581542969,14174400,0.0,0.0
2016-11-11 00:00:00-05:00,93.38999938964844,94.33999633789062,91.81999969482422,93.01000213623047,76.67213439941406,7369900,0.0,0.0
2016-11-14 00:00:00-05:00,93.25,95.5,93.0199966430664,94.16999816894531,77.62835693359375,7552800,0.0,0.0
2016-11-15 00:00:00-05:00,93.45999908447266,94.45999908447266,92.63999938964844,94.44000244140625,77.8509292602539,4645400,0.0,0.0
2016-11-16 00:00:00-05:00,93.7699966430664,94.4000015258789,92.83999633789062,93.3499984741211,76.95240020751953,3297200,0.0,0.0
2016-11-17 00:00:00-05:00,93.5,93.5,92.4000015258789,92.77999877929688,76.48253631591797,3942200,0.0,0.0
2016-11-18 00:00:00-05:00,93.01000213623047,93.4000015258789,91.9000015258789,92.33999633789062,76.11981201171875,4715900,0.0,0.0
2016-11-21 00:00:00-05:00,93.12999725341797,93.8499984741211,92.77999877929688,92.9000015258789,76.5814437866211,3783200,0.0,0.0
2016-11-22 00:00:00-05:00,93.4000015258789,93.70999908447266,92.80000305175781,93.62000274658203,77.1749496459961,3172800,0.0,0.0
2016-11-23 00:00:00-05:00,94.80999755859375,96.41999816894531,94.22000122070312,96.18000030517578,79.28528594970703,6535900,0.0,0.0
2016-11-25 00:00:00-05:00,95.95999908447266,96.44000244140625,95.20999908447266,95.80999755859375,78.98029327392578,2006900,0.0,0.0
2016-11-28 00:00:00-05:00,95.51000213623047,95.86000061035156,94.47000122070312,94.9000015258789,78.23014831542969,4916000,0.0,0.0
2016-11-29 00:00:00-05:00,94.0,94.56999969482422,93.62999725341797,94.04000091552734,77.52120208740234,3806000,0.0,0.0
2016-11-30 00:00:00-05:00,95.75,95.9000015258789,94.3499984741211,95.55999755859375,78.7741928100586,4641900,0.0,0.0
2016-12-01 00:00:00-05:00,96.0,97.38999938964844,94.05000305175781,96.23999786376953,79.33475494384766,9361600,0.0,0.0
2016-12-02 00:00:00-05:00,95.36000061035156,96.1500015258789,94.93000030517578,95.13999938964844,78.4279556274414,5038300,0.0,0.0
2016-12-05 00:00:00-05:00,95.87000274658203,95.98999786376953,94.1500015258789,94.44999694824219,77.85917663574219,4980300,0.0,0.0
2016-12-06 00:00:00-05:00,94.0999984741211,95.30999755859375,94.06999969482422,95.22000122070312,78.49390411376953,3663100,0.0,0.0
2016-12-07 00:00:00-05:00,95.25,97.33000183105469,94.93000030517578,97.33000183105469,80.23328399658203,4901100,0.0,0.0
2016-12-08 00:00:00-05:00,97.26000213623047,97.4000015258789,96.12999725341797,96.2699966430664,79.3594741821289,3861600,0.0,0.0
2016-12-09 00:00:00-05:00,96.2300033569336,96.30000305175781,95.19000244140625,95.52999877929688,78.74945068359375,6550200,0.0,0.0
2016-12-12 00:00:00-05:00,96.01000213623047,96.6500015258789,94.91000366210938,95.08000183105469,78.37852478027344,3596700,0.0,0.0
2016-12-13 00:00:00-05:00,95.73999786376953,96.5,95.18000030517578,96.0199966430664,79.15338897705078,3803300,0.0,0.0
2016-12-14 00:00:00-05:00,95.7699966430664,96.0,93.61000061035156,93.73999786376953,77.2739028930664,5647400,0.0,0.0
2016-12-15 00:00:00-05:00,93.80000305175781,94.7300033569336,93.05000305175781,94.52999877929688,77.92513275146484,4200100,0.0,0.0
2016-12-16 00:00:00-05:00,94.3499984741211,94.4800033569336,92.52999877929688,92.58000183105469,76.31765747070312,7872700,0.0,0.0
2016-12-19 00:00:00-05:00,91.93000030517578,92.77999877929688,91.0,92.70999908447266,76.42481231689453,3856300,0.0,0.0
2016-12-20 00:00:00-05:00,93.63999938964844,94.83000183105469,93.30000305175781,94.33999633789062,77.76847839355469,4302400,0.0,0.0
2016-12-21 00:00:00-05:00,94.26000213623047,94.30000305175781,93.68000030517578,93.81999969482422,77.33982849121094,2829300,0.0,0.0
2016-12-22 00:00:00-05:00,93.77999877929688,94.44999694824219,93.72000122070312,94.12000274658203,77.5871353149414,2534900,0.0,0.0
2016-12-23 00:00:00-05:00,93.79000091552734,94.4000015258789,93.63999938964844,94.31999969482422,77.75202178955078,1545900,0.0,0.0
2016-12-27 00:00:00-05:00,94.33999633789062,94.80000305175781,94.0999984741211,94.55000305175781,77.9416275024414,1735200,0.0,0.0
2016-12-28 00:00:00-05:00,94.5999984741211,94.9000015258789,92.81999969482422,93.1500015258789,76.78755187988281,2700300,0.0,0.0
2016-12-29 00:00:00-05:00,93.27999877929688,93.8499984741211,93.0,93.29000091552734,76.9029312133789,2387200,0.0,0.0
2016-12-30 00:00:00-05:00,93.04000091552734,93.25,92.33000183105469,92.73999786376953,76.44953918457031,3471200,0.0,0.0
2017-01-03 00:00:00-05:00,94.0,95.19000244140625,93.25,93.98999786376953,77.47998809814453,5054900,0.0,0.0
2017-01-04 00:00:00-05:00,94.45999908447266,94.5,93.43000030517578,93.56999969482422,77.13375854492188,3772100,0.0,0.0
2017-01-05 00:00:00-05:00,93.18000030517578,94.45999908447266,92.41999816894531,93.0,76.66387939453125,4698800,0.0,0.0
2017-01-06 00:00:00-05:00,93.44999694824219,93.5999984741211,92.41000366210938,93.04000091552734,76.69684600830078,4023100,0.0,0.0
2017-01-09 00:00:00-05:00,92.93000030517578,93.48999786376953,92.19999694824219,92.37000274658203,76.14454650878906,3095000,0.0,0.0
2017-01-10 00:00:00-05:00,92.9800033569336,94.44000244140625,92.7699966430664,93.83000183105469,77.34809875488281,3980200,0.0,0.0
2017-01-11 00:00:00-05:00,94.47000122070312,94.75,93.38999938964844,94.6500015258789,78.02405548095703,3720500,0.0,0.0
2017-01-12 00:00:00-05:00,94.37000274658203,94.37000274658203,92.77999877929688,93.98999786376953,77.47998809814453,3102700,0.0,0.0
2017-01-13 00:00:00-05:00,94.06999969482422,94.62999725341797,93.68000030517578,94.4800033569336,77.88391876220703,2609500,0.0,0.0
2017-01-17 00:00:00-05:00,94.23999786376953,94.29000091552734,93.22000122070312,93.56999969482422,77.13375854492188,5040300,0.0,0.0
2017-01-18 00:00:00-05:00,92.79000091552734,93.41999816894531,92.52999877929688,93.33000183105469,77.57427978515625,3425700,0.77,0.0
2017-01-19 00:00:00-05:00,93.58000183105469,93.9800033569336,92.95999908447266,93.37999725341797,77.61583709716797,3540100,0.0,0.0
2017-01-20 00:00:00-05:00,94.01000213623047,95.0,93.62000274658203,94.58000183105469,78.61327362060547,5045200,0.0,0.0
2017-01-23 00:00:00-05:00,94.5999984741211,94.73999786376953,93.55999755859375,94.45999908447266,78.51351928710938,3254900,0.0,0.0
2017-01-24 00:00:00-05:00,95.0199966430664,96.7300033569336,94.80000305175781,96.23999786376953,79.9930191040039,5768200,0.0,0.0
2017-01-25 00:00:00-05:00,97.81999969482422,98.58999633789062,97.31999969482422,98.1500015258789,81.58057403564453,7557900,0.0,0.0
2017-01-26 00:00:00-05:00,98.44999694824219,98.9800033569336,96.0199966430664,97.22000122070312,80.80757904052734,9097300,0.0,0.0
2017-01-27 00:00:00-05:00,97.69000244140625,99.45999908447266,97.5,98.98999786376953,82.27874755859375,6371400,0.0,0.0
2017-01-30 00:00:00-05:00,98.4000015258789,98.58999633789062,96.56999969482422,96.79000091552734,80.45014953613281,5221800,0.0,0.0
2017-01-31 00:00:00-05:00,96.58999633789062,96.62999725341797,94.58999633789062,95.66000366210938,79.51092529296875,5724700,0.0,0.0
2017-02-01 00:00:00-05:00,95.80999755859375,96.5199966430664,94.4000015258789,95.11000061035156,79.05377960205078,3582500,0.0,0.0
2017-02-02 00:00:00-05:00,94.7699966430664,95.12999725341797,93.5,93.7699966430664,77.93998718261719,3807500,0.0,0.0
2017-02-03 00:00:00-05:00,94.31999969482422,94.44999694824219,92.80999755859375,93.27999877929688,77.53271484375,4677900,0.0,0.0
2017-02-06 00:00:00-05:00,92.80999755859375,93.12000274658203,92.43000030517578,92.87000274658203,77.19193267822266,4621300,0.0,0.0
2017-02-07 00:00:00-05:00,94.31999969482422,94.91999816894531,93.0199966430664,93.30999755859375,77.55764770507812,4995600,0.0,0.0
2017-02-08 00:00:00-05:00,93.0,93.0,92.11000061035156,92.91000366210938,77.22518920898438,4083500,0.0,0.0
2017-02-09 00:00:00-05:00,93.05999755859375,94.18000030517578,92.69000244140625,93.95999908447266,78.09793090820312,3994300,0.0,0.0
2017-02-10 00:00:00-05:00,94.87000274658203,96.62000274658203,94.5,96.30999755859375,80.05117797851562,5600200,0.0,0.0
2017-02-13 00:00:00-05:00,97.69000244140625,99.05000305175781,97.16000366210938,98.5,81.87149810791016,6995100,0.0,0.0
2017-02-14 00:00:00-05:00,98.29000091552734,98.73999786376953,97.26000213623047,98.08999633789062,81.53070831298828,4342600,0.0,0.0
2017-02-15 00:00:00-05:00,98.11000061035156,99.0199966430664,98.0,99.0199966430664,82.30369567871094,4326000,0.0,0.0
2017-02-16 00:00:00-05:00,99.05000305175781,99.06999969482422,97.80000305175781,98.26000213623047,81.6720199584961,3062400,0.0,0.0
2017-02-17 00:00:00-05:00,98.06999969482422,98.94999694824219,97.54000091552734,98.8499984741211,82.16241455078125,3631500,0.0,0.0
2017-02-21 00:00:00-05:00,98.87000274658203,99.19999694824219,97.91999816894531,98.0999984741211,81.53900909423828,3916600,0.0,0.0
2017-02-22 00:00:00-05:00,98.04000091552734,98.7300033569336,97.62000274658203,98.19999694824219,81.62213897705078,3031100,0.0,0.0
2017-02-23 00:00:00-05:00,98.44000244140625,98.5,95.12000274658203,95.55000305175781,79.41952514648438,6024800,0.0,0.0
2017-02-24 00:00:00-05:00,94.86000061035156,95.5,93.5,95.4800033569336,79.36132049560547,5018200,0.0,0.0
2017-02-27 00:00:00-05:00,95.4800033569336,97.5199966430664,95.12000274658203,97.44000244140625,80.99044036865234,5445000,0.0,0.0
2017-02-28 00:00:00-05:00,97.23999786376953,97.5999984741211,96.44000244140625,96.66000366210938,80.34212493896484,3951700,0.0,0.0
2017-03-01 00:00:00-05:00,98.19999694824219,98.97000122070312,97.43000030517578,98.58000183105469,81.93799591064453,5564900,0.0,0.0
2017-03-02 00:00:00-05:00,98.48999786376953,98.7300033569336,92.83999633789062,94.36000061035156,78.43040466308594,23059200,0.0,0.0
2017-03-03 00:00:00-05:00,94.36000061035156,95.9000015258789,94.20999908447266,95.12000274658203,79.06209564208984,8163300,0.0,0.0
2017-03-06 00:00:00-05:00,94.31999969482422,95.94000244140625,94.0999984741211,95.66000366210938,79.51092529296875,4706100,0.0,0.0
2017-03-07 00:00:00-05:00,95.6500015258789,96.2300033569336,94.76000213623047,95.93000030517578,79.73534393310547,4683100,0.0,0.0
2017-03-08 00:00:00-05:00,94.0999984741211,95.4800033569336,92.86000061035156,93.2300033569336,77.49115753173828,9370400,0.0,0.0
2017-03-09 00:00:00-05:00,92.44999694824219,93.22000122070312,90.41000366210938,91.38999938964844,75.9617919921875,9260900,0.0,0.0
2017-03-10 00:00:00-05:00,91.88999938964844,93.0999984741211,90.80999755859375,92.30999755859375,76.72647094726562,7169000,0.0,0.0
2017-03-13 00:00:00-04:00,93.33000183105469,93.52999877929688,92.26000213623047,92.63999938964844,77.00076293945312,4376100,0.0,0.0
2017-03-14 00:00:00-04:00,91.22000122070312,92.0,90.62000274658203,91.86000061035156,76.3524398803711,5781100,0.0,0.0
2017-03-15 00:00:00-04:00,92.37000274658203,93.79000091552734,92.05999755859375,93.36000061035156,77.5992202758789,6434600,0.0,0.0
2017-03-16 00:00:00-04:00,93.97000122070312,94.08999633789062,92.63999938964844,92.8499984741211,77.17529296875,3717900,0.0,0.0
2017-03-17 00:00:00-04:00,92.98999786376953,93.31999969482422,92.6500015258789,92.91000366210938,77.22518920898438,7141400,0.0,0.0
2017-03-20 00:00:00-04:00,93.12999725341797,95.4800033569336,92.88999938964844,95.4000015258789,79.2948226928711,6516200,0.0,0.0
2017-03-21 00:00:00-04:00,95.37999725341797,95.38999938964844,92.08999633789062,92.43000030517578,76.82621765136719,7720200,0.0,0.0
2017-03-22 00:00:00-04:00,92.0,93.12999725341797,91.72000122070312,92.43000030517578,76.82621765136719,5035600,0.0,0.0
2017-03-23 00:00:00-04:00,92.44999694824219,93.0,91.95999908447266,92.2300033569336,76.65996551513672,2585700,0.0,0.0
2017-03-24 00:00:00-04:00,92.23999786376953,93.23999786376953,91.55999755859375,92.1500015258789,76.5934829711914,3634600,0.0,0.0
2017-03-27 00:00:00-04:00,90.9000015258789,91.97000122070312,90.33999633789062,91.51000213623047,76.06153106689453,3425700,0.0,0.0
2017-03-28 00:00:00-04:00,91.55999755859375,93.16000366210938,91.51000213623047,92.94999694824219,77.25841522216797,3866100,0.0,0.0
2017-03-29 00:00:00-04:00,92.76000213623047,93.25,92.4000015258789,92.86000061035156,77.18362426757812,2513700,0.0,0.0
2017-03-30 00:00:00-04:00,92.9800033569336,93.37000274658203,92.4000015258789,93.22000122070312,77.48284912109375,3672600,0.0,0.0
2017-03-31 00:00:00-04:00,92.62999725341797,93.23999786376953,92.0199966430664,92.76000213623047,77.10047912597656,4020600,0.0,0.0
2017-04-03 00:00:00-04:00,92.43000030517578,92.83999633789062,91.0,92.2699966430664,76.69322204589844,3685800,0.0,0.0
2017-04-04 00:00:00-04:00,93.88999938964844,94.77999877929688,93.05999755859375,94.12999725341797,78.23922729492188,5797500,0.0,0.0
2017-04-05 00:00:00-04:00,94.91999816894531,96.7300033569336,93.95999908447266,94.23999786376953,78.33064270019531,6061300,0.0,0.0
2017-04-06 00:00:00-04:00,94.41999816894531,96.41999816894531,94.26000213623047,95.81999969482422,79.64392852783203,5421600,0.0,0.0
2017-04-07 00:00:00-04:00,95.87000274658203,96.62000274658203,95.41999816894531,95.5199966430664,79.39457702636719,4463800,0.0,0.0
2017-04-10 00:00:00-04:00,96.30999755859375,97.88999938964844,96.0999984741211,97.13999938964844,80.74108123779297,5168300,0.0,0.0
2017-04-11 00:00:00-04:00,97.30000305175781,97.30999755859375,95.66999816894531,97.0999984741211,80.70781707763672,4250400,0.0,0.0
2017-04-12 00:00:00-04:00,96.69000244140625,96.7699966430664,94.66000366210938,94.86000061035156,78.84600830078125,4773900,0.0,0.0
2017-04-13 00:00:00-04:00,94.5999984741211,94.86000061035156,93.08999633789062,93.0999984741211,77.38310241699219,4706000,0.0,0.0
2017-04-17 00:00:00-04:00,93.69000244140625,94.3499984741211,93.48999786376953,94.13999938964844,78.24752044677734,3719100,0.0,0.0
2017-04-18 00:00:00-04:00,93.5,94.54000091552734,93.12000274658203,94.38999938964844,78.455322265625,3310400,0.0,0.0
2017-04-19 00:00:00-04:00,94.86000061035156,95.97000122070312,93.29000091552734,93.47000122070312,77.69065856933594,5550400,0.0,0.0
2017-04-20 00:00:00-04:00,93.27999877929688,94.95999908447266,92.9800033569336,94.66000366210938,79.33331298828125,4852500,0.77,0.0
2017-04-21 00:00:00-04:00,95.19000244140625,95.25,93.80999755859375,94.31999969482422,79.04834747314453,4128700,0.0,0.0
2017-04-24 00:00:00-04:00,95.83999633789062,97.05999755859375,95.80000305175781,96.80999755859375,81.13518524169922,6739400,0.0,0.0
2017-04-25 00:00:00-04:00,102.87999725341797,104.88999938964844,102.0,104.41999816894531,87.51302337646484,18383500,0.0,0.0
2017-04-26 00:00:00-04:00,103.80000305175781,105.9800033569336,103.63999938964844,104.66000366210938,87.71416473388672,9856100,0.0,0.0
2017-04-27 00:00:00-04:00,104.05000305175781,104.23999786376953,102.55999755859375,102.68000030517578,86.05474853515625,6727400,0.0,0.0
2017-04-28 00:00:00-04:00,102.83000183105469,103.52999877929688,102.2300033569336,102.26000213623047,85.7027359008789,4016000,0.0,0.0
2017-05-01 00:00:00-04:00,102.6500015258789,102.98999786376953,101.41000366210938,102.0,85.48484802246094,4512100,0.0,0.0
2017-05-02 00:00:00-04:00,102.2699966430664,102.70999908447266,101.25,101.51000213623047,85.07418060302734,4516400,0.0,0.0
2017-05-03 00:00:00-04:00,101.04000091552734,102.16999816894531,100.77999877929688,101.54000091552734,85.09932708740234,4278400,0.0,0.0
2017-05-04 00:00:00-04:00,101.44000244140625,101.5,98.63999938964844,99.38999938964844,83.29743957519531,7271600,0.0,0.0
2017-05-05 00:00:00-04:00,99.5,99.98999786376953,99.0199966430664,99.63999938964844,83.50696563720703,4086800,0.0,0.0
2017-05-08 00:00:00-04:00,99.4800033569336,100.0999984741211,98.94000244140625,99.37000274658203,83.28069305419922,5094600,0.0,0.0
2017-05-09 00:00:00-04:00,99.72000122070312,100.20999908447266,99.25,99.29000091552734,83.21363067626953,9742000,0.0,0.0
2017-05-10 00:00:00-04:00,99.72000122070312,100.70999908447266,99.30000305175781,100.36000061035156,84.11039733886719,4696700,0.0,0.0
2017-05-11 00:00:00-04:00,101.9000015258789,101.91999816894531,100.1500015258789,100.98999786376953,84.63838958740234,5220300,0.0,0.0
2017-05-12 00:00:00-04:00,100.58999633789062,100.94999694824219,100.16999816894531,100.70999908447266,84.40374755859375,4112000,0.0,0.0
2017-05-15 00:00:00-04:00,101.58999633789062,102.55999755859375,101.41000366210938,102.41999816894531,85.83683776855469,3756100,0.0,0.0
2017-05-16 00:00:00-04:00,102.75,102.80000305175781,101.2699966430664,102.33999633789062,85.76981353759766,3115900,0.0,0.0
2017-05-17 00:00:00-04:00,102.33999633789062,102.33999633789062,99.88999938964844,100.13999938964844,83.92603302001953,4618500,0.0,0.0
2017-05-18 00:00:00-04:00,99.13999938964844,100.66999816894531,97.73999786376953,100.22000122070312,83.99304962158203,5931500,0.0,0.0
2017-05-19 00:00:00-04:00,101.56999969482422,102.86000061035156,101.2699966430664,102.43000030517578,85.84521484375,4636500,0.0,0.0
2017-05-22 00:00:00-04:00,102.66999816894531,103.05000305175781,101.80999755859375,102.29000091552734,85.7279052734375,4376300,0.0,0.0
2017-05-23 00:00:00-04:00,102.30000305175781,103.75,102.05999755859375,103.62999725341797,86.8509292602539,3327200,0.0,0.0
2017-05-24 00:00:00-04:00,103.33000183105469,104.91000366210938,103.1500015258789,103.94999694824219,87.11911010742188,5170900,0.0,0.0
2017-05-25 00:00:00-04:00,104.44999694824219,105.94000244140625,104.23999786376953,105.0199966430664,88.01586151123047,5220000,0.0,0.0
2017-05-26 00:00:00-04:00,105.0,105.70999908447266,104.62000274658203,105.66000366210938,88.55225372314453,2894100,0.0,0.0
2017-05-30 00:00:00-04:00,105.26000213623047,105.86000061035156,105.01000213623047,105.47000122070312,88.39300537109375,3211700,0.0,0.0
2017-05-31 00:00:00-04:00,105.25,105.76000213623047,103.5999984741211,105.43000030517578,88.3594970703125,4131400,0.0,0.0
2017-06-01 00:00:00-04:00,105.7699966430664,106.43000030517578,105.16000366210938,105.6500015258789,88.54385375976562,4211300,0.0,0.0
2017-06-02 00:00:00-04:00,105.66999816894531,106.76000213623047,105.18000030517578,105.94999694824219,88.79529571533203,3702800,0.0,0.0
2017-06-05 00:00:00-04:00,105.58000183105469,107.16999816894531,105.13999938964844,105.19999694824219,88.1667251586914,4319500,0.0,0.0
2017-06-06 00:00:00-04:00,104.79000091552734,105.5199966430664,104.05999755859375,104.55000305175781,87.62197875976562,3800200,0.0,0.0
2017-06-07 00:00:00-04:00,104.30000305175781,104.69000244140625,102.44999694824219,103.51000213623047,86.75038146972656,5121700,0.0,0.0
2017-06-08 00:00:00-04:00,103.51000213623047,105.38999938964844,103.51000213623047,105.01000213623047,88.00751495361328,4649300,0.0,0.0
2017-06-09 00:00:00-04:00,105.08999633789062,107.0199966430664,105.02999877929688,105.91999816894531,88.7701644897461,3881000,0.0,0.0
2017-06-12 00:00:00-04:00,105.91999816894531,106.3499984741211,104.9000015258789,106.06999969482422,88.89586639404297,4167400,0.0,0.0
2017-06-13 00:00:00-04:00,106.18000030517578,106.66000366210938,105.51000213623047,105.75,88.62769317626953,3522700,0.0,0.0
2017-06-14 00:00:00-04:00,105.80000305175781,105.98999786376953,103.98999786376953,104.70999908447266,87.75607299804688,4100200,0.0,0.0
2017-06-15 00:00:00-04:00,103.80000305175781,106.63999938964844,103.80000305175781,106.4000015258789,89.17241668701172,5974100,0.0,0.0
2017-06-16 00:00:00-04:00,106.76000213623047,107.91000366210938,106.4000015258789,107.5999984741211,90.17813873291016,7350400,0.0,0.0
2017-06-19 00:00:00-04:00,107.94999694824219,108.04000091552734,106.66999816894531,107.48999786376953,90.0859603881836,4347600,0.0,0.0
2017-06-20 00:00:00-04:00,108.05999755859375,108.18000030517578,106.91999816894531,107.04000091552734,89.70881652832031,5314100,0.0,0.0
2017-06-21 00:00:00-04:00,106.62999725341797,106.76000213623047,103.1500015258789,103.47000122070312,86.7168197631836,6274100,0.0,0.0
2017-06-22 00:00:00-04:00,103.56999969482422,104.66000366210938,103.48999786376953,103.83999633789062,87.02693176269531,3652500,0.0,0.0
2017-06-23 00:00:00-04:00,102.5,104.2699966430664,102.30000305175781,104.11000061035156,87.25321960449219,12089800,0.0,0.0
2017-06-26 00:00:00-04:00,104.66000366210938,105.62999725341797,103.44000244140625,104.25,87.37054443359375,2857700,0.0,0.0
2017-06-27 00:00:00-04:00,104.5,105.2300033569336,103.69000244140625,103.93000030517578,87.10235595703125,3380700,0.0,0.0
2017-06-28 00:00:00-04:00,104.8499984741211,106.62999725341797,104.76000213623047,106.44999694824219,89.21434783935547,4118300,0.0,0.0
2017-06-29 00:00:00-04:00,106.44999694824219,106.97000122070312,104.80999755859375,105.63999938964844,88.53549194335938,3550000,0.0,0.0
2017-06-30 00:00:00-04:00,106.0999984741211,108.04000091552734,105.83000183105469,107.45999908447266,90.06080627441406,4702100,0.0,0.0
2017-07-03 00:00:00-04:00,106.51000213623047,107.83999633789062,106.4800033569336,106.97000122070312,89.650146484375,2404900,0.0,0.0
2017-07-05 00:00:00-04:00,107.0,107.87999725341797,106.6500015258789,107.48999786376953,90.0859603881836,3483600,0.0,0.0
2017-07-06 00:00:00-04:00,107.2300033569336,107.88999938964844,106.30000305175781,106.51000213623047,89.26463317871094,2921700,0.0,0.0
2017-07-07 00:00:00-04:00,106.61000061035156,107.58000183105469,105.8499984741211,106.91999816894531,89.6082534790039,2767900,0.0,0.0
2017-07-10 00:00:00-04:00,106.7300033569336,108.48999786376953,106.23999786376953,107.83999633789062,90.3792724609375,2951500,0.0,0.0
2017-07-11 00:00:00-04:00,107.91000366210938,108.47000122070312,107.05000305175781,108.23999786376953,90.71451568603516,2559900,0.0,0.0
2017-07-12 00:00:00-04:00,108.91999816894531,110.0,108.83999633789062,108.95999908447266,91.31794738769531,3611600,0.0,0.0
2017-07-13 00:00:00-04:00,108.88999938964844,109.25,107.97000122070312,108.47000122070312,90.90727233886719,3051100,0.0,0.0
2017-07-14 00:00:00-04:00,108.55000305175781,109.36000061035156,108.05000305175781,108.7699966430664,91.15869903564453,4480200,0.0,0.0
2017-07-17 00:00:00-04:00,108.0,109.37999725341797,107.9800033569336,108.83999633789062,91.21734619140625,2969500,0.0,0.0
2017-07-18 00:00:00-04:00,108.22000122070312,108.22000122070312,106.56999969482422,107.06999969482422,90.38166809082031,3984400,0.78,0.0
2017-07-19 00:00:00-04:00,107.30000305175781,108.0,107.13999938964844,107.8499984741211,91.04010009765625,2857900,0.0,0.0
2017-07-20 00:00:00-04:00,107.87999725341797,108.1500015258789,107.05999755859375,107.31999969482422,90.59270477294922,3759700,0.0,0.0
2017-07-21 00:00:00-04:00,106.70999908447266,106.94999694824219,105.11000061035156,106.58999633789062,89.97648620605469,4258100,0.0,0.0
2017-07-24 00:00:00-04:00,107.86000061035156,108.5,107.29000091552734,108.18000030517578,91.31866455078125,5980400,0.0,0.0
2017-07-25 00:00:00-04:00,113.23999786376953,114.88999938964844,111.80000305175781,114.54000091552734,96.68738555908203,14264600,0.0,0.0
2017-07-26 00:00:00-04:00,114.25,114.54000091552734,113.08000183105469,113.5199966430664,95.82636260986328,5741200,0.0,0.0
2017-07-27 00:00:00-04:00,113.72000122070312,114.38999938964844,113.25,114.37000274658203,96.54387664794922,5583500,0.0,0.0
2017-07-28 00:00:00-04:00,114.44999694824219,114.9000015258789,113.4800033569336,114.0999984741211,96.3159408569336,4704500,0.0,0.0
2017-07-31 00:00:00-04:00,114.5,114.66000366210938,113.69000244140625,113.94999694824219,96.18932342529297,4477200,0.0,0.0
2017-08-01 00:00:00-04:00,114.2699966430664,114.43000030517578,112.5199966430664,113.0999984741211,95.4718246459961,3683700,0.0,0.0
2017-08-02 00:00:00-04:00,113.1500015258789,113.58000183105469,112.08999633789062,113.08999633789062,95.46337890625,2830600,0.0,0.0
2017-08-03 00:00:00-04:00,112.8499984741211,113.72000122070312,112.8499984741211,113.55999755859375,95.86011505126953,2438900,0.0,0.0
2017-08-04 00:00:00-04:00,113.87999725341797,114.63999938964844,113.44999694824219,114.3499984741211,96.52696990966797,2631900,0.0,0.0
2017-08-07 00:00:00-04:00,114.4800033569336,114.98999786376953,114.30000305175781,114.70999908447266,96.83088684082031,2269400,0.0,0.0
2017-08-08 00:00:00-04:00,114.58999633789062,115.25,114.19000244140625,114.41000366210938,96.57763671875,2601200,0.0,0.0
2017-08-09 00:00:00-04:00,114.38999938964844,115.45999908447266,114.11000061035156,114.33999633789062,96.51854705810547,3170100,0.0,0.0
2017-08-10 00:00:00-04:00,113.88999938964844,114.12999725341797,112.86000061035156,113.1500015258789,95.5140380859375,3186700,0.0,0.0
2017-08-11 00:00:00-04:00,113.06999969482422,113.66999816894531,112.75,112.8499984741211,95.2607650756836,2130300,0.0,0.0
2017-08-14 00:00:00-04:00,113.45999908447266,114.37000274658203,113.2699966430664,113.70999908447266,95.98673248291016,1968900,0.0,0.0
2017-08-15 00:00:00-04:00,114.0,114.2300033569336,113.31999969482422,113.6500015258789,95.93608856201172,2826800,0.0,0.0
2017-08-16 00:00:00-04:00,113.80999755859375,114.51000213623047,113.62999725341797,114.12000274658203,96.33285522460938,2268600,0.0,0.0
2017-08-17 00:00:00-04:00,114.0,114.37000274658203,113.13999938964844,113.13999938964844,95.50558471679688,2905100,0.0,0.0
2017-08-18 00:00:00-04:00,112.98999786376953,114.63999938964844,112.69000244140625,113.91999816894531,96.16402435302734,3875700,0.0,0.0
2017-08-21 00:00:00-04:00,113.75,114.08999633789062,113.2699966430664,113.5999984741211,95.89386749267578,3137400,0.0,0.0
2017-08-22 00:00:00-04:00,114.20999908447266,115.86000061035156,114.0,115.81999969482422,97.76786041259766,3881100,0.0,0.0
2017-08-23 00:00:00-04:00,115.0,115.37999725341797,114.75,114.75,96.86463165283203,2447600,0.0,0.0
2017-08-24 00:00:00-04:00,115.0,115.05000305175781,114.38999938964844,114.77999877929688,96.88996124267578,1861200,0.0,0.0
2017-08-25 00:00:00-04:00,115.47000122070312,116.63999938964844,115.1500015258789,115.3499984741211,97.37110900878906,3282200,0.0,0.0
2017-08-28 00:00:00-04:00,115.76000213623047,116.05999755859375,114.66000366210938,115.06999969482422,97.13475799560547,2011000,0.0,0.0
2017-08-29 00:00:00-04:00,114.37999725341797,116.5999984741211,114.30000305175781,116.01000213623047,97.92827606201172,4355700,0.0,0.0
2017-08-30 00:00:00-04:00,116.12000274658203,117.69000244140625,115.87999725341797,117.55000305175781,99.22822570800781,3401000,0.0,0.0
2017-08-31 00:00:00-04:00,117.94999694824219,118.83000183105469,117.3499984741211,117.48999786376953,99.17757415771484,3357700,0.0,0.0
2017-09-01 00:00:00-04:00,117.48999786376953,118.81999969482422,117.4000015258789,118.27999877929688,99.84442138671875,2992200,0.0,0.0
2017-09-05 00:00:00-04:00,118.13999938964844,119.12999725341797,117.81999969482422,118.30000305175781,99.86132049560547,3826800,0.0,0.0
2017-09-06 00:00:00-04:00,118.75,119.19000244140625,116.9800033569336,116.9800033569336,98.7470703125,4292600,0.0,0.0
2017-09-07 00:00:00-04:00,117.37999725341797,117.93000030517578,116.5,117.7699966430664,99.4139404296875,3270100,0.0,0.0
2017-09-08 00:00:00-04:00,117.2300033569336,118.8499984741211,117.0,117.81999969482422,99.45613098144531,2787000,0.0,0.0
2017-09-11 00:00:00-04:00,118.81999969482422,118.91999816894531,117.47000122070312,118.87000274658203,100.34248352050781,3527500,0.0,0.0
2017-09-12 00:00:00-04:00,119.19000244140625,121.38999938964844,119.05999755859375,120.94000244140625,102.0898666381836,5554000,0.0,0.0
2017-09-13 00:00:00-04:00,120.5,121.0,119.41000366210938,119.62999725341797,100.98403930664062,2532200,0.0,0.0
2017-09-14 00:00:00-04:00,119.79000091552734,120.79000091552734,119.20999908447266,120.4800033569336,101.70153045654297,2904900,0.0,0.0
2017-09-15 00:00:00-04:00,121.01000213623047,121.56999969482422,120.30999755859375,121.37000274658203,102.45281982421875,4610100,0.0,0.0
2017-09-18 00:00:00-04:00,123.62000274658203,124.43000030517578,122.8499984741211,123.83000183105469,104.5293960571289,4349000,0.0,0.0
2017-09-19 00:00:00-04:00,123.95999908447266,124.93000030517578,123.76000213623047,124.73999786376953,105.29759216308594,3050000,0.0,0.0
2017-09-20 00:00:00-04:00,124.97000122070312,125.27999877929688,124.18000030517578,124.8499984741211,105.39042663574219,3151600,0.0,0.0
2017-09-21 00:00:00-04:00,124.5199966430664,125.04000091552734,123.81999969482422,124.79000091552734,105.33979034423828,2615400,0.0,0.0
2017-09-22 00:00:00-04:00,124.58000183105469,125.41999816894531,124.3499984741211,124.43000030517578,105.03588104248047,2616700,0.0,0.0
2017-09-25 00:00:00-04:00,124.37000274658203,124.77999877929688,123.6500015258789,124.31999969482422,104.94303131103516,3268500,0.0,0.0
2017-09-26 00:00:00-04:00,124.69999694824219,125.06999969482422,124.31999969482422,124.51000213623047,105.10342407226562,2301900,0.0,0.0
2017-09-27 00:00:00-04:00,125.20999908447266,125.41999816894531,124.33999633789062,124.5199966430664,105.11186981201172,2140600,0.0,0.0
2017-09-28 00:00:00-04:00,123.91000366210938,125.27999877929688,123.62000274658203,125.2300033569336,105.71118927001953,2067800,0.0,0.0
2017-09-29 00:00:00-04:00,125.3499984741211,125.55000305175781,124.51000213623047,124.70999908447266,105.27223205566406,2273500,0.0,0.0
2017-10-02 00:00:00-04:00,124.4000015258789,124.83000183105469,123.94999694824219,124.72000122070312,105.28067779541016,2502600,0.0,0.0
2017-10-03 00:00:00-04:00,124.9800033569336,125.52999877929688,124.3499984741211,125.51000213623047,105.94756317138672,2166100,0.0,0.0
2017-10-04 00:00:00-04:00,125.69000244140625,127.08999633789062,125.5999984741211,126.73999786376953,106.98584747314453,2792300,0.0,0.0
2017-10-05 00:00:00-04:00,126.80000305175781,126.91000366210938,126.01000213623047,126.4000015258789,106.69883728027344,2496200,0.0,0.0
2017-10-06 00:00:00-04:00,126.12000274658203,126.98999786376953,125.9800033569336,126.93000030517578,107.1462173461914,2697400,0.0,0.0
2017-10-09 00:00:00-04:00,126.91999816894531,126.93000030517578,125.94000244140625,126.87999725341797,107.10401153564453,1979600,0.0,0.0
2017-10-10 00:00:00-04:00,127.5199966430664,128.2899932861328,127.2699966430664,128.19000244140625,108.2098159790039,4414300,0.0,0.0
2017-10-11 00:00:00-04:00,128.1699981689453,128.85000610351562,127.66999816894531,128.60000610351562,108.55595397949219,2177800,0.0,0.0
2017-10-12 00:00:00-04:00,128.39999389648438,130.16000366210938,128.3800048828125,129.99000549316406,109.72928619384766,3372300,0.0,0.0
2017-10-13 00:00:00-04:00,131.0,131.41000366210938,129.1999969482422,130.7100067138672,110.33708190917969,3478200,0.0,0.0
2017-10-16 00:00:00-04:00,131.25,132.1199951171875,130.94000244140625,131.47000122070312,110.97859954833984,2914200,0.0,0.0
2017-10-17 00:00:00-04:00,131.13999938964844,131.47000122070312,130.32000732421875,130.5399932861328,110.19356536865234,2380300,0.0,0.0
2017-10-18 00:00:00-04:00,130.5,131.64999389648438,130.5,131.2899932861328,110.82666778564453,2511400,0.0,0.0
2017-10-19 00:00:00-04:00,131.0,131.6300048828125,129.39999389648438,131.5500030517578,111.046142578125,4837600,0.0,0.0
2017-10-20 00:00:00-04:00,131.33999633789062,131.91000366210938,130.47999572753906,131.36000061035156,111.54716491699219,3086800,0.78,0.0
2017-10-23 00:00:00-04:00,131.9499969482422,132.33999633789062,131.16000366210938,131.67999267578125,111.8188705444336,5549500,0.0,0.0
2017-10-24 00:00:00-04:00,140.05999755859375,140.44000244140625,136.6300048828125,138.24000549316406,117.38945007324219,18886700,0.0,0.0
2017-10-25 00:00:00-04:00,137.2100067138672,137.8300018310547,134.7899932861328,136.83999633789062,116.20059967041016,7438600,0.0,0.0
2017-10-26 00:00:00-04:00,136.8800048828125,138.24000549316406,136.85000610351562,136.94000244140625,116.2855224609375,5745400,0.0,0.0
2017-10-27 00:00:00-04:00,136.9199981689453,138.39999389648438,136.89999389648438,137.80999755859375,117.0242919921875,4064600,0.0,0.0
2017-10-30 00:00:00-04:00,137.3000030517578,137.80999755859375,136.47999572753906,136.49000549316406,115.90341186523438,3044500,0.0,0.0
2017-10-31 00:00:00-04:00,136.5,136.6199951171875,135.0800018310547,135.8000030517578,115.31747436523438,3988300,0.0,0.0
2017-11-01 00:00:00-04:00,135.6699981689453,137.3000030517578,135.42999267578125,136.2899932861328,115.73352813720703,3629000,0.0,0.0
2017-11-02 00:00:00-04:00,136.4199981689453,136.99000549316406,135.69000244140625,136.47000122070312,115.88639831542969,2722600,0.0,0.0
2017-11-03 00:00:00-04:00,136.47999572753906,136.9499969482422,136.36000061035156,136.6300048828125,116.02224731445312,2105400,0.0,0.0
2017-11-06 00:00:00-05:00,136.8000030517578,138.4499969482422,136.7899932861328,137.7100067138672,116.93940734863281,2780900,0.0,0.0
2017-11-07 00:00:00-05:00,137.8000030517578,138.89999389648438,136.66000366210938,138.80999755859375,117.87350463867188,3222100,0.0,0.0
2017-11-08 00:00:00-05:00,138.39999389648438,138.75,137.17999267578125,137.2899932861328,116.58269500732422,1933300,0.0,0.0
2017-11-09 00:00:00-05:00,136.44000244140625,136.75,134.64999389648438,135.33999633789062,114.92682647705078,2940300,0.0,0.0
2017-11-10 00:00:00-05:00,135.08999633789062,136.88999938964844,135.07000732421875,136.47999572753906,115.8948745727539,2016900,0.0,0.0
2017-11-13 00:00:00-05:00,135.52999877929688,136.5500030517578,134.8699951171875,136.52999877929688,115.93734741210938,1894100,0.0,0.0
2017-11-14 00:00:00-05:00,138.0,138.1199951171875,136.47000122070312,137.5399932861328,116.7950439453125,3041300,0.0,0.0
2017-11-15 00:00:00-05:00,136.47999572753906,136.75999450683594,133.80999755859375,134.10000610351562,113.8738784790039,3746200,0.0,0.0
2017-11-16 00:00:00-05:00,135.47000122070312,137.41000366210938,135.10000610351562,136.36000061035156,115.7929916381836,2812900,0.0,0.0
2017-11-17 00:00:00-05:00,135.8000030517578,136.36000061035156,135.02000427246094,136.1300048828125,115.59768676757812,2312700,0.0,0.0
2017-11-20 00:00:00-05:00,136.44000244140625,137.80999755859375,136.25,136.91000366210938,116.26005554199219,2124000,0.0,0.0
2017-11-21 00:00:00-05:00,137.77000427246094,138.0,137.1699981689453,137.60000610351562,116.84596252441406,2221400,0.0,0.0
2017-11-22 00:00:00-05:00,138.22000122070312,138.4199981689453,137.1999969482422,138.00999450683594,117.1941146850586,4887500,0.0,0.0
2017-11-24 00:00:00-05:00,138.10000610351562,138.4199981689453,137.33999633789062,137.38999938964844,116.66765594482422,944400,0.0,0.0
2017-11-27 00:00:00-05:00,137.47000122070312,138.27000427246094,136.88999938964844,137.19000244140625,116.497802734375,2585400,0.0,0.0
2017-11-28 00:00:00-05:00,137.50999450683594,139.0,137.27000427246094,138.99000549316406,118.02635192871094,2592700,0.0,0.0
2017-11-29 00:00:00-05:00,138.1699981689453,139.2100067138672,137.1999969482422,138.05999755859375,117.23661041259766,3098200,0.0,0.0
2017-11-30 00:00:00-05:00,138.89999389648438,141.3300018310547,137.11000061035156,141.14999389648438,119.86052703857422,7507800,0.0,0.0
2017-12-01 00:00:00-05:00,141.60000610351562,142.39999389648438,138.3800048828125,141.52000427246094,120.17469787597656,5481600,0.0,0.0
2017-12-04 00:00:00-05:00,144.25,145.19000244140625,141.44000244140625,141.5,120.15775299072266,4922300,0.0,0.0
2017-12-05 00:00:00-05:00,141.75,142.19000244140625,139.72999572753906,140.13999938964844,119.00287628173828,3884100,0.0,0.0
2017-12-06 00:00:00-05:00,140.14999389648438,141.13999938964844,139.5,140.33999633789062,119.17269134521484,2881400,0.0,0.0
2017-12-07 00:00:00-05:00,139.77999877929688,143.0,139.19000244140625,142.88999938964844,121.33808135986328,2977100,0.0,0.0
2017-12-08 00:00:00-05:00,143.8699951171875,144.32000732421875,142.92999267578125,143.86000061035156,122.16178894042969,2490100,0.0,0.0
2017-12-11 00:00:00-05:00,144.6300048828125,144.7100067138672,143.47999572753906,143.77000427246094,122.08535766601562,1913500,0.0,0.0
2017-12-12 00:00:00-05:00,144.0399932861328,144.8000030517578,143.2100067138672,143.4199981689453,121.78812408447266,3397100,0.0,0.0
2017-12-13 00:00:00-05:00,144.17999267578125,149.0500030517578,144.07000732421875,148.57000732421875,126.16139221191406,6486500,0.0,0.0
2017-12-14 00:00:00-05:00,148.85000610351562,149.0,145.8800048828125,146.27999877929688,124.21674346923828,4616900,0.0,0.0
2017-12-15 00:00:00-05:00,147.35000610351562,147.83999633789062,145.49000549316406,146.69000244140625,124.56491088867188,7931700,0.0,0.0
2017-12-18 00:00:00-05:00,147.75,149.80999755859375,146.8000030517578,149.77000427246094,127.18040466308594,3534800,0.0,0.0
2017-12-19 00:00:00-05:00,149.89999389648438,151.08999633789062,148.52999877929688,150.91000366210938,128.14846801757812,3554100,0.0,0.0
2017-12-20 00:00:00-05:00,151.92999267578125,152.60000610351562,150.6999969482422,152.52000427246094,129.51565551757812,3076000,0.0,0.0
2017-12-21 00:00:00-05:00,152.69000244140625,155.10000610351562,151.80999755859375,154.63999938964844,131.31582641601562,4017400,0.0,0.0
2017-12-22 00:00:00-05:00,154.77000427246094,155.8000030517578,153.9499969482422,155.75,132.25840759277344,2486400,0.0,0.0
2017-12-26 00:00:00-05:00,156.0399932861328,156.97999572753906,155.66000366210938,156.44000244140625,132.84437561035156,1870600,0.0,0.0
2017-12-27 00:00:00-05:00,156.94000244140625,157.69000244140625,156.30999755859375,157.52000427246094,133.76144409179688,2520500,0.0,0.0
2017-12-28 00:00:00-05:00,157.94000244140625,158.64999389648438,157.22999572753906,158.4199981689453,134.5257568359375,4064000,0.0,0.0
2017-12-29 00:00:00-05:00,158.0500030517578,158.5,157.50999450683594,157.5800018310547,133.8124542236328,2616100,0.0,0.0
2018-01-02 00:00:00-05:00,158.3000030517578,159.38999938964844,156.02999877929688,157.0399932861328,133.35385131835938,5108400,0.0,0.0
2018-01-03 00:00:00-05:00,157.0399932861328,157.49000549316406,155.39999389648438,157.27999877929688,133.55770874023438,4146100,0.0,0.0
2018-01-04 00:00:00-05:00,157.88999938964844,159.5800018310547,157.02000427246094,159.44000244140625,135.39186096191406,4865800,0.0,0.0
2018-01-05 00:00:00-05:00,160.25999450683594,162.0500030517578,159.63999938964844,161.9600067138672,137.53176879882812,3945400,0.0,0.0
2018-01-08 00:00:00-05:00,164.11000061035156,166.42999267578125,162.5500030517578,166.02999877929688,140.98793029785156,5929200,0.0,0.0
2018-01-09 00:00:00-05:00,166.3300018310547,167.41000366210938,165.08999633789062,166.42999267578125,141.32754516601562,4522900,0.0,0.0
2018-01-10 00:00:00-05:00,165.89999389648438,167.52999877929688,164.5,165.8699951171875,140.8520050048828,5478600,0.0,0.0
2018-01-11 00:00:00-05:00,166.89999389648438,169.52999877929688,165.63999938964844,169.1999969482422,143.67977905273438,4199000,0.0,0.0
2018-01-12 00:00:00-05:00,169.99000549316406,170.6699981689453,169.22999572753906,170.3000030517578,144.61392211914062,4127900,0.0,0.0
2018-01-16 00:00:00-05:00,172.89999389648438,173.24000549316406,167.57000732421875,169.30999755859375,143.773193359375,8530600,0.0,0.0
2018-01-17 00:00:00-05:00,169.32000732421875,170.11000061035156,168.5,168.5,143.08541870117188,5571400,0.0,0.0
2018-01-18 00:00:00-05:00,169.3300018310547,170.75999450683594,168.08999633789062,168.8300018310547,143.3656005859375,4668800,0.0,0.0
2018-01-19 00:00:00-05:00,169.6300048828125,170.4499969482422,168.61000061035156,170.41000366210938,145.3789520263672,5796700,0.78,0.0
2018-01-22 00:00:00-05:00,170.32000732421875,170.91000366210938,168.47999572753906,170.88999938964844,145.78842163085938,3540900,0.0,0.0
2018-01-23 00:00:00-05:00,172.0,172.0500030517578,169.1999969482422,169.42999267578125,144.54283142089844,5036500,0.0,0.0
2018-01-24 00:00:00-05:00,171.39999389648438,172.4499969482422,167.6699981689453,168.33999633789062,143.61297607421875,8241000,0.0,0.0
2018-01-25 00:00:00-05:00,173.10000610351562,173.10000610351562,162.4600067138672,169.3699951171875,144.49168395996094,16937100,0.0,0.0
2018-01-26 00:00:00-05:00,168.80999755859375,169.0,164.5500030517578,167.05999755859375,142.52099609375,9045300,0.0,0.0
2018-01-29 00:00:00-05:00,165.5800018310547,165.8800048828125,159.4199981689453,162.5800018310547,138.69906616210938,9496800,0.0,0.0
2018-01-30 00:00:00-05:00,160.3300018310547,164.7100067138672,159.80999755859375,163.75999450683594,139.70571899414062,8694800,0.0,0.0
2018-01-31 00:00:00-05:00,164.6999969482422,165.7899932861328,161.88999938964844,162.77999877929688,138.86968994140625,7014000,0.0,0.0
2018-02-01 00:00:00-05:00,161.24000549316406,163.74000549316406,160.17999267578125,162.24000549316406,138.4090118408203,4323600,0.0,0.0
2018-02-02 00:00:00-05:00,160.77000427246094,160.8000030517578,156.52999877929688,157.49000549316406,134.3567352294922,7602800,0.0,0.0
2018-02-05 00:00:00-05:00,154.92999267578125,158.92999267578125,142.85000610351562,151.0800018310547,128.8882598876953,11390500,0.0,0.0
2018-02-06 00:00:00-05:00,148.07000732421875,156.55999755859375,146.80999755859375,156.41000366210938,133.4353485107422,13908700,0.0,0.0
2018-02-07 00:00:00-05:00,155.36000061035156,158.08999633789062,154.27999877929688,154.33999633789062,131.66937255859375,7156500,0.0,0.0
2018-02-08 00:00:00-05:00,153.85000610351562,154.19000244140625,145.9199981689453,145.99000549316406,124.54595947265625,9101900,0.0,0.0
2018-02-09 00:00:00-05:00,148.7100067138672,150.88999938964844,142.8800048828125,149.2100067138672,127.29293060302734,9528100,0.0,0.0
2018-02-12 00:00:00-05:00,151.8699951171875,153.4499969482422,150.25,152.2899932861328,129.9205322265625,5756800,0.0,0.0
2018-02-13 00:00:00-05:00,151.25,155.1999969482422,151.0,153.97000122070312,131.353759765625,5512100,0.0,0.0
2018-02-14 00:00:00-05:00,152.38999938964844,158.58999633789062,152.33999633789062,158.05999755859375,134.84300231933594,5560100,0.0,0.0
2018-02-15 00:00:00-05:00,159.8000030517578,160.33999633789062,157.47999572753906,159.97999572753906,136.48095703125,4914500,0.0,0.0
2018-02-16 00:00:00-05:00,160.1300048828125,161.0,156.08999633789062,156.2899932861328,133.33297729492188,5991600,0.0,0.0
2018-02-20 00:00:00-05:00,155.1699981689453,158.25,154.27000427246094,155.55999755859375,132.71022033691406,5094600,0.0,0.0
2018-02-21 00:00:00-05:00,155.6999969482422,158.39999389648438,155.0399932861328,155.22999572753906,132.42864990234375,4179400,0.0,0.0
2018-02-22 00:00:00-05:00,156.41000366210938,159.77999877929688,156.1999969482422,158.86000061035156,135.52549743652344,4723300,0.0,0.0
2018-02-23 00:00:00-05:00,159.39999389648438,162.47999572753906,159.22000122070312,162.41000366210938,138.55398559570312,4450800,0.0,0.0
2018-02-26 00:00:00-05:00,163.0500030517578,164.0500030517578,161.5500030517578,163.69000244140625,139.64599609375,6254400,0.0,0.0
2018-02-27 00:00:00-05:00,163.25999450683594,164.60000610351562,161.24000549316406,161.25999450683594,137.57293701171875,4127700,0.0,0.0
2018-02-28 00:00:00-05:00,161.5,162.33999633789062,154.1699981689453,154.6300048828125,131.9168243408203,7298600,0.0,0.0
2018-03-01 00:00:00-05:00,153.6699981689453,156.19000244140625,148.50999450683594,150.22999572753906,128.16314697265625,9434800,0.0,0.0
2018-03-02 00:00:00-05:00,149.1300048828125,149.8800048828125,145.86000061035156,146.3800048828125,124.87864685058594,9509400,0.0,0.0
2018-03-05 00:00:00-05:00,145.14999389648438,151.86000061035156,144.00999450683594,151.1199951171875,128.92237854003906,8453000,0.0,0.0
2018-03-06 00:00:00-05:00,152.63999938964844,154.97999572753906,151.6699981689453,153.75,131.1660614013672,5795600,0.0,0.0
2018-03-07 00:00:00-05:00,150.0,152.27000427246094,148.80999755859375,151.50999450683594,129.25509643554688,5491000,0.0,0.0
2018-03-08 00:00:00-05:00,151.72999572753906,153.97000122070312,150.2899932861328,153.58999633789062,131.02960205078125,4105000,0.0,0.0
2018-03-09 00:00:00-05:00,155.1199951171875,158.4199981689453,154.3300018310547,158.25,135.005126953125,4576700,0.0,0.0
2018-03-12 00:00:00-04:00,158.24000549316406,159.33999633789062,153.85000610351562,154.5,131.80593872070312,4880400,0.0,0.0
2018-03-13 00:00:00-04:00,156.3000030517578,157.8699951171875,153.1999969482422,153.69000244140625,131.1148681640625,4819100,0.0,0.0
2018-03-14 00:00:00-04:00,154.8000030517578,155.25,151.30999755859375,152.5399932861328,130.1338348388672,4873600,0.0,0.0
2018-03-15 00:00:00-04:00,153.17999267578125,155.58999633789062,151.64999389648438,154.57000732421875,131.8656463623047,5268800,0.0,0.0
2018-03-16 00:00:00-04:00,154.32000732421875,157.4499969482422,153.30999755859375,156.4600067138672,133.47799682617188,10897600,0.0,0.0
2018-03-19 00:00:00-04:00,154.24000549316406,154.8300018310547,150.82000732421875,152.14999389648438,129.8010711669922,5479200,0.0,0.0
2018-03-20 00:00:00-04:00,153.0,155.1999969482422,152.5399932861328,154.05999755859375,131.4305419921875,3557600,0.0,0.0
2018-03-21 00:00:00-04:00,154.16000366210938,157.27999877929688,153.2100067138672,155.8000030517578,132.9149627685547,3887400,0.0,0.0
2018-03-22 00:00:00-04:00,152.8699951171875,153.5,146.25,146.89999389648438,125.3222885131836,8225600,0.0,0.0
2018-03-23 00:00:00-04:00,147.6999969482422,148.57000732421875,143.7899932861328,144.2899932861328,123.09564208984375,6533100,0.0,0.0
2018-03-26 00:00:00-04:00,147.82000732421875,149.55999755859375,145.25999450683594,149.19000244140625,127.27591705322266,5454900,0.0,0.0
2018-03-27 00:00:00-04:00,149.89999389648438,151.1199951171875,145.7899932861328,146.99000549316406,125.39904022216797,4915300,0.0,0.0
2018-03-28 00:00:00-04:00,146.99000549316406,148.24000549316406,143.6300048828125,145.16000366210938,123.83782958984375,4933900,0.0,0.0
2018-03-29 00:00:00-04:00,146.2100067138672,148.77000427246094,145.57000732421875,147.3800048828125,125.73175048828125,4209400,0.0,0.0
2018-04-02 00:00:00-04:00,146.44000244140625,147.35000610351562,141.75999450683594,143.88999938964844,122.75440979003906,5397500,0.0,0.0
2018-04-03 00:00:00-04:00,144.8000030517578,145.64999389648438,142.3800048828125,145.05999755859375,123.75253295898438,4845700,0.0,0.0
2018-04-04 00:00:00-04:00,139.8800048828125,145.4600067138672,138.0500030517578,145.17999267578125,123.85489654541016,6188200,0.0,0.0
2018-04-05 00:00:00-04:00,146.50999450683594,148.8800048828125,146.47000122070312,148.1300048828125,126.37159729003906,4584800,0.0,0.0
2018-04-06 00:00:00-04:00,145.77000427246094,147.0,140.82000732421875,142.99000549316406,121.986572265625,5707400,0.0,0.0
2018-04-09 00:00:00-04:00,144.8000030517578,146.7899932861328,142.8000030517578,143.0800018310547,122.06338500976562,4050800,0.0,0.0
2018-04-10 00:00:00-04:00,146.75,149.00999450683594,145.6199951171875,148.08999633789062,126.33747100830078,3991600,0.0,0.0
2018-04-11 00:00:00-04:00,146.67999267578125,148.35000610351562,146.32000732421875,146.7899932861328,125.2283935546875,3218900,0.0,0.0
2018-04-12 00:00:00-04:00,147.63999938964844,151.16000366210938,147.63999938964844,150.13999938964844,128.0863494873047,3958000,0.0,0.0
2018-04-13 00:00:00-04:00,151.75,152.91000366210938,148.99000549316406,150.22999572753906,128.16314697265625,3603200,0.0,0.0
2018-04-16 00:00:00-04:00,151.74000549316406,153.4199981689453,150.27999877929688,152.13999938964844,129.7926025390625,3055600,0.0,0.0
2018-04-17 00:00:00-04:00,153.33999633789062,155.5399932861328,153.00999450683594,153.30999755859375,130.79067993164062,3817200,0.0,0.0
2018-04-18 00:00:00-04:00,155.19000244140625,157.1199951171875,154.57000732421875,155.9499969482422,133.0429229736328,3087100,0.0,0.0
2018-04-19 00:00:00-04:00,155.38999938964844,156.32000732421875,153.9600067138672,155.6999969482422,132.82969665527344,4013200,0.0,0.0
2018-04-20 00:00:00-04:00,155.25,156.13999938964844,152.3699951171875,153.25,131.39776611328125,4057800,0.78,0.0
2018-04-23 00:00:00-04:00,154.64999389648438,155.74000549316406,152.17999267578125,153.99000549316406,132.0322723388672,5350300,0.0,0.0
2018-04-24 00:00:00-04:00,159.75,161.10000610351562,143.36000061035156,144.44000244140625,123.8439712524414,24122300,0.0,0.0
2018-04-25 00:00:00-04:00,143.8300018310547,147.60000610351562,142.16000366210938,145.19000244140625,124.48706817626953,9963700,0.0,0.0
2018-04-26 00:00:00-04:00,145.32000732421875,147.39999389648438,144.00999450683594,146.30999755859375,125.44735717773438,6558900,0.0,0.0
2018-04-27 00:00:00-04:00,145.6699981689453,146.60000610351562,144.16000366210938,144.72000122070312,124.0840835571289,3860600,0.0,0.0
2018-04-30 00:00:00-04:00,145.2100067138672,146.1999969482422,143.60000610351562,144.36000061035156,123.77546691894531,4764800,0.0,0.0
2018-05-01 00:00:00-04:00,143.0800018310547,144.42999267578125,140.3000030517578,144.4199981689453,123.82686614990234,5004400,0.0,0.0
2018-05-02 00:00:00-04:00,143.99000549316406,146.64999389648438,143.47999572753906,143.86000061035156,123.34671783447266,4637600,0.0,0.0
2018-05-03 00:00:00-04:00,141.69000244140625,145.14999389648438,138.14999389648438,143.77999877929688,123.27810668945312,7703200,0.0,0.0
2018-05-04 00:00:00-04:00,142.24000549316406,147.19000244140625,141.0500030517578,146.3699951171875,125.49881744384766,4678400,0.0,0.0
2018-05-07 00:00:00-04:00,148.17999267578125,151.4600067138672,148.0,149.82000732421875,128.4569091796875,6844600,0.0,0.0
2018-05-08 00:00:00-04:00,150.64999389648438,151.07000732421875,148.57000732421875,149.92999267578125,128.55116271972656,3853600,0.0,0.0
2018-05-09 00:00:00-04:00,150.75,153.35000610351562,150.5,152.61000061035156,130.8490447998047,4668200,0.0,0.0
2018-05-10 00:00:00-04:00,153.1999969482422,155.44000244140625,152.80999755859375,153.97000122070312,132.01512145996094,3911000,0.0,0.0
2018-05-11 00:00:00-04:00,154.25,156.74000549316406,153.77000427246094,154.86000061035156,132.7781982421875,3507900,0.0,0.0
2018-05-14 00:00:00-04:00,155.61000061035156,156.39999389648438,154.38999938964844,155.27999877929688,133.13829040527344,3563900,0.0,0.0
2018-05-15 00:00:00-04:00,153.82000732421875,154.39999389648438,151.7100067138672,152.58999633789062,130.83189392089844,4127200,0.0,0.0
2018-05-16 00:00:00-04:00,152.5500030517578,153.8699951171875,152.35000610351562,153.8000030517578,131.8693389892578,2693400,0.0,0.0
2018-05-17 00:00:00-04:00,153.6999969482422,155.25,152.75999450683594,153.69000244140625,131.77505493164062,2885800,0.0,0.0
2018-05-18 00:00:00-04:00,154.14999389648438,156.83999633789062,154.00999450683594,155.7100067138672,133.5070037841797,3889300,0.0,0.0
2018-05-21 00:00:00-04:00,159.25999450683594,161.60000610351562,158.6999969482422,158.9199981689453,136.25929260253906,5849700,0.0,0.0
2018-05-22 00:00:00-04:00,159.02999877929688,159.35000610351562,156.13999938964844,156.1999969482422,133.92710876464844,3512400,0.0,0.0
2018-05-23 00:00:00-04:00,154.64999389648438,158.0,153.72000122070312,157.74000549316406,135.24755859375,4010000,0.0,0.0
2018-05-24 00:00:00-04:00,157.2100067138672,158.39999389648438,156.02999877929688,157.6999969482422,135.21319580078125,2891000,0.0,0.0
2018-05-25 00:00:00-04:00,156.9199981689453,157.57000732421875,155.22999572753906,155.85000610351562,133.62704467773438,2359700,0.0,0.0
2018-05-29 00:00:00-04:00,154.25999450683594,155.72000122070312,152.63999938964844,153.6199951171875,131.7150115966797,3795800,0.0,0.0
2018-05-30 00:00:00-04:00,154.60000610351562,155.97999572753906,153.83999633789062,155.4600067138672,133.29261779785156,2688200,0.0,0.0
2018-05-31 00:00:00-04:00,155.3000030517578,155.30999755859375,151.5,151.91000366210938,130.24884033203125,4546000,0.0,0.0
2018-06-01 00:00:00-04:00,153.3000030517578,154.19000244140625,152.25999450683594,153.52000427246094,131.6292724609375,2755500,0.0,0.0
2018-06-04 00:00:00-04:00,154.7899932861328,154.92999267578125,152.0800018310547,152.5,130.75469970703125,2470900,0.0,0.0
2018-06-05 00:00:00-04:00,152.39999389648438,153.10000610351562,152.02000427246094,153.00999450683594,131.19203186035156,2916600,0.0,0.0
2018-06-06 00:00:00-04:00,153.64999389648438,156.5399932861328,153.00999450683594,156.50999450683594,134.19293212890625,3689300,0.0,0.0
2018-06-07 00:00:00-04:00,157.11000061035156,157.92999267578125,155.52999877929688,156.2899932861328,134.00424194335938,3149100,0.0,0.0
2018-06-08 00:00:00-04:00,156.19000244140625,156.64999389648438,155.0399932861328,155.32000732421875,133.17262268066406,3254100,0.0,0.0
2018-06-11 00:00:00-04:00,155.19000244140625,157.0800018310547,154.72000122070312,156.3000030517578,134.01287841796875,2758300,0.0,0.0
2018-06-12 00:00:00-04:00,156.4499969482422,159.19000244140625,156.38999938964844,157.49000549316406,135.033203125,2595600,0.0,0.0
2018-06-13 00:00:00-04:00,157.17999267578125,157.35000610351562,154.50999450683594,154.7100067138672,132.6496124267578,4189300,0.0,0.0
2018-06-14 00:00:00-04:00,155.6999969482422,157.36000061035156,152.75999450683594,153.13999938964844,131.30345153808594,3967600,0.0,0.0
2018-06-15 00:00:00-04:00,150.85000610351562,151.0,148.42999267578125,150.02000427246094,128.6283721923828,8852500,0.0,0.0
2018-06-18 00:00:00-04:00,148.4199981689453,149.4600067138672,147.72000122070312,148.67999267578125,127.47937774658203,3651600,0.0,0.0
2018-06-19 00:00:00-04:00,146.0,146.3000030517578,142.32000732421875,143.3000030517578,122.86660766601562,6792000,0.0,0.0
2018-06-20 00:00:00-04:00,144.22000122070312,144.69000244140625,141.82000732421875,143.1300048828125,122.72083282470703,4128300,0.0,0.0
2018-06-21 00:00:00-04:00,142.25,142.38999938964844,139.1199951171875,139.52999877929688,119.6341323852539,5914900,0.0,0.0
2018-06-22 00:00:00-04:00,140.89999389648438,142.5,139.77000427246094,139.94000244140625,119.98565673828125,5114700,0.0,0.0
2018-06-25 00:00:00-04:00,138.86000061035156,138.97999572753906,135.17999267578125,136.5800018310547,117.1047592163086,6078200,0.0,0.0
2018-06-26 00:00:00-04:00,136.75,137.3300018310547,135.27999877929688,135.5399932861328,116.21305847167969,4285300,0.0,0.0
2018-06-27 00:00:00-04:00,136.77000427246094,139.4600067138672,134.5800018310547,134.61000061035156,115.41568756103516,5665000,0.0,0.0
2018-06-28 00:00:00-04:00,134.17999267578125,136.72000122070312,132.67999267578125,136.02999877929688,116.63319396972656,4215900,0.0,0.0
2018-06-29 00:00:00-04:00,136.61000061035156,137.85000610351562,135.5800018310547,135.6699981689453,116.32453918457031,4107900,0.0,0.0
2018-07-02 00:00:00-04:00,133.8000030517578,136.42999267578125,133.1999969482422,136.2899932861328,116.85610961914062,3172600,0.0,0.0
2018-07-03 00:00:00-04:00,137.0,137.35000610351562,133.3300018310547,133.8300018310547,114.74691772460938,1837400,0.0,0.0
2018-07-05 00:00:00-04:00,135.00999450683594,136.08999633789062,134.08999633789062,135.80999755859375,116.44461059570312,3366300,0.0,0.0
2018-07-06 00:00:00-04:00,135.11000061035156,135.86000061035156,133.32000732421875,135.41000366210938,116.10162353515625,3179600,0.0,0.0
2018-07-09 00:00:00-04:00,136.22000122070312,141.0500030517578,136.10000610351562,140.97000122070312,120.86880493164062,5562300,0.0,0.0
2018-07-10 00:00:00-04:00,141.61000061035156,141.86000061035156,140.13999938964844,141.25,121.10887908935547,3761700,0.0,0.0
2018-07-11 00:00:00-04:00,138.1300048828125,139.38999938964844,135.83999633789062,136.75999450683594,117.25907897949219,5231700,0.0,0.0
2018-07-12 00:00:00-04:00,138.5,139.72999572753906,136.8300018310547,139.4199981689453,119.53980255126953,4250800,0.0,0.0
2018-07-13 00:00:00-04:00,139.5399932861328,141.25,139.07000732421875,140.75,120.68021392822266,2838700,0.0,0.0
2018-07-16 00:00:00-04:00,140.8800048828125,140.8800048828125,137.89999389648438,138.0800018310547,118.3908462524414,3723100,0.0,0.0
2018-07-17 00:00:00-04:00,136.97999572753906,139.3300018310547,136.52999877929688,138.9499969482422,119.13684844970703,3306000,0.0,0.0
2018-07-18 00:00:00-04:00,139.0,141.5,138.3300018310547,141.1199951171875,120.9974365234375,4394800,0.0,0.0
2018-07-19 00:00:00-04:00,139.57000732421875,140.5399932861328,139.0500030517578,139.4199981689453,120.27275848388672,3576700,0.86,0.0
2018-07-20 00:00:00-04:00,138.36000061035156,138.5800018310547,136.63999938964844,136.82000732421875,118.02985382080078,5247000,0.0,0.0
2018-07-23 00:00:00-04:00,136.6199951171875,136.8000030517578,135.60000610351562,136.27999877929688,117.56401062011719,3542300,0.0,0.0
2018-07-24 00:00:00-04:00,138.89999389648438,140.60000610351562,137.36000061035156,137.97000122070312,119.02191925048828,5064700,0.0,0.0
2018-07-25 00:00:00-04:00,138.0,141.0500030517578,136.6699981689453,140.47999572753906,121.18717956542969,5041800,0.0,0.0
2018-07-26 00:00:00-04:00,140.75,143.5500030517578,140.07000732421875,142.5800018310547,122.9988021850586,5385600,0.0,0.0
2018-07-27 00:00:00-04:00,143.9499969482422,143.9499969482422,140.77999877929688,142.55999755859375,122.9815444946289,4649400,0.0,0.0
2018-07-30 00:00:00-04:00,145.7100067138672,146.6999969482422,139.05999755859375,139.75,120.55746459960938,13837700,0.0,0.0
2018-07-31 00:00:00-04:00,141.97000122070312,144.77999877929688,140.1699981689453,143.8000030517578,124.05126953125,7608700,0.0,0.0
2018-08-01 00:00:00-04:00,142.97000122070312,143.07000732421875,138.11000061035156,138.5399932861328,119.51363372802734,6364500,0.0,0.0
2018-08-02 00:00:00-04:00,137.07000732421875,138.7100067138672,135.69000244140625,138.00999450683594,119.05643463134766,4195000,0.0,0.0
2018-08-03 00:00:00-04:00,138.1999969482422,138.60000610351562,137.07000732421875,138.50999450683594,119.48775482177734,3594100,0.0,0.0
2018-08-06 00:00:00-04:00,138.52000427246094,140.6699981689453,137.97000122070312,139.47999572753906,120.32454681396484,3125200,0.0,0.0
2018-08-07 00:00:00-04:00,140.61000061035156,143.32000732421875,140.3000030517578,142.3800048828125,122.82630157470703,4813000,0.0,0.0
2018-08-08 00:00:00-04:00,142.32000732421875,142.39999389648438,139.25999450683594,139.7100067138672,120.52294921875,3435100,0.0,0.0
2018-08-09 00:00:00-04:00,140.10000610351562,140.89999389648438,138.25,138.52000427246094,119.49637603759766,3338500,0.0,0.0
2018-08-10 00:00:00-04:00,137.52000427246094,137.52000427246094,134.72999572753906,135.9199981689453,117.25345611572266,6268600,0.0,0.0
2018-08-13 00:00:00-04:00,135.9199981689453,136.72999572753906,134.72000122070312,135.02000427246094,116.47705078125,3879400,0.0,0.0
2018-08-14 00:00:00-04:00,135.60000610351562,136.4499969482422,134.6699981689453,134.9199981689453,116.39077758789062,3537900,0.0,0.0
2018-08-15 00:00:00-04:00,133.25,133.25,129.42999267578125,132.02000427246094,113.88905334472656,5682200,0.0,0.0
2018-08-16 00:00:00-04:00,133.72000122070312,136.5500030517578,133.64999389648438,136.25999450683594,117.5467529296875,5539400,0.0,0.0
2018-08-17 00:00:00-04:00,135.64999389648438,140.2100067138672,135.44000244140625,139.33999633789062,120.20375061035156,6611700,0.0,0.0
2018-08-20 00:00:00-04:00,139.82000732421875,140.5500030517578,138.55999755859375,138.6699981689453,119.62578582763672,3311100,0.0,0.0
2018-08-21 00:00:00-04:00,139.07000732421875,140.9600067138672,139.07000732421875,139.99000549316406,120.76449584960938,3021400,0.0,0.0
2018-08-22 00:00:00-04:00,140.32000732421875,140.6999969482422,139.36000061035156,139.6300048828125,120.45392608642578,2209500,0.0,0.0
2018-08-23 00:00:00-04:00,139.0500030517578,139.1699981689453,136.4199981689453,136.7899932861328,118.00395202636719,3905300,0.0,0.0
2018-08-24 00:00:00-04:00,137.82000732421875,138.5500030517578,136.88999938964844,138.2100067138672,119.22891235351562,2565400,0.0,0.0
2018-08-27 00:00:00-04:00,139.39999389648438,142.3800048828125,139.3000030517578,142.0399932861328,122.53297424316406,4770900,0.0,0.0
2018-08-28 00:00:00-04:00,143.4199981689453,143.77000427246094,141.49000549316406,142.0,122.49844360351562,3234000,0.0,0.0
2018-08-29 00:00:00-04:00,142.42999267578125,142.58999633789062,141.2899932861328,141.86000061035156,122.37769317626953,3369900,0.0,0.0
2018-08-30 00:00:00-04:00,141.02999877929688,141.47000122070312,138.4499969482422,139.05999755859375,119.96222686767578,4773300,0.0,0.0
2018-08-31 00:00:00-04:00,138.52000427246094,140.22000122070312,138.3800048828125,138.85000610351562,119.78106689453125,4552200,0.0,0.0
2018-09-04 00:00:00-04:00,137.86000061035156,139.0,136.92999267578125,138.24000549316406,119.2548599243164,3955600,0.0,0.0
2018-09-05 00:00:00-04:00,138.3300018310547,141.10000610351562,137.67999267578125,140.58999633789062,121.28211212158203,4579400,0.0,0.0
2018-09-06 00:00:00-04:00,140.33999633789062,141.8699951171875,140.05999755859375,141.57000732421875,122.1275405883789,4588100,0.0,0.0
2018-09-07 00:00:00-04:00,140.72999572753906,142.13999938964844,140.0500030517578,141.32000732421875,121.91184997558594,4173400,0.0,0.0
2018-09-10 00:00:00-04:00,141.77000427246094,142.50999450683594,141.69000244140625,142.0500030517578,122.54158020019531,3069100,0.0,0.0
2018-09-11 00:00:00-04:00,140.61000061035156,142.4499969482422,140.3699951171875,142.02999877929688,122.52434539794922,2583200,0.0,0.0
2018-09-12 00:00:00-04:00,141.5800018310547,144.75,140.6199951171875,144.27999877929688,124.46533966064453,5630600,0.0,0.0
2018-09-13 00:00:00-04:00,145.0500030517578,146.4600067138672,144.52000427246094,145.5399932861328,125.55233001708984,3670700,0.0,0.0
2018-09-14 00:00:00-04:00,145.6300048828125,147.1999969482422,143.22999572753906,144.89999389648438,125.0001449584961,4699600,0.0,0.0
2018-09-17 00:00:00-04:00,144.85000610351562,148.05999755859375,144.5500030517578,146.22000122070312,126.13888549804688,3827100,0.0,0.0
2018-09-18 00:00:00-04:00,147.0,149.27999877929688,146.27000427246094,149.07000732421875,128.59747314453125,4496400,0.0,0.0
2018-09-19 00:00:00-04:00,149.75999450683594,153.11000061035156,149.3699951171875,152.75999450683594,131.78074645996094,6000100,0.0,0.0
2018-09-20 00:00:00-04:00,155.41000366210938,157.72000122070312,154.4600067138672,156.0,134.5757598876953,6774100,0.0,0.0
2018-09-21 00:00:00-04:00,156.6300048828125,157.2899932861328,154.8000030517578,156.3800048828125,134.90353393554688,5932100,0.0,0.0
2018-09-24 00:00:00-04:00,156.0,156.10000610351562,153.77000427246094,154.0,132.85044860839844,3844500,0.0,0.0
2018-09-25 00:00:00-04:00,154.1199951171875,154.5,152.80999755859375,154.08999633789062,132.92807006835938,3454600,0.0,0.0
2018-09-26 00:00:00-04:00,153.9499969482422,155.14999389648438,152.88999938964844,153.1699981689453,132.1344451904297,3096100,0.0,0.0
2018-09-27 00:00:00-04:00,153.02000427246094,154.0500030517578,151.1999969482422,152.47000122070312,131.53053283691406,2674100,0.0,0.0
2018-09-28 00:00:00-04:00,152.0,152.91000366210938,150.55999755859375,152.49000549316406,131.54782104492188,3599900,0.0,0.0
2018-10-01 00:00:00-04:00,153.61000061035156,154.5,151.67999267578125,152.27999877929688,131.3666534423828,3736300,0.0,0.0
2018-10-02 00:00:00-04:00,152.2899932861328,155.3800048828125,151.5,154.82000732421875,133.55783081054688,4344000,0.0,0.0
2018-10-03 00:00:00-04:00,156.0,159.3699951171875,155.7899932861328,158.22000122070312,136.4908447265625,6043300,0.0,0.0
2018-10-04 00:00:00-04:00,158.02999877929688,158.5500030517578,155.1999969482422,156.75,135.2227325439453,4130800,0.0,0.0
2018-10-05 00:00:00-04:00,156.50999450683594,156.80999755859375,151.61000061035156,153.30999755859375,132.2551727294922,4955100,0.0,0.0
2018-10-08 00:00:00-04:00,151.9499969482422,153.66000366210938,150.8800048828125,153.35000610351562,132.28973388671875,3463200,0.0,0.0
2018-10-09 00:00:00-04:00,152.61000061035156,152.61000061035156,149.0800018310547,149.4600067138672,128.93397521972656,4996900,0.0,0.0
2018-10-10 00:00:00-04:00,148.6999969482422,149.1699981689453,143.72000122070312,143.72000122070312,123.98224639892578,9419300,0.0,0.0
2018-10-11 00:00:00-04:00,142.9499969482422,145.88999938964844,139.83999633789062,140.97000122070312,121.60990905761719,7608300,0.0,0.0
2018-10-12 00:00:00-04:00,144.02000427246094,144.39999389648438,139.75,142.07000732421875,122.55885314941406,5596200,0.0,0.0
2018-10-15 00:00:00-04:00,142.0,143.17999267578125,141.1199951171875,141.8000030517578,122.32591247558594,3741700,0.0,0.0
2018-10-16 00:00:00-04:00,143.35000610351562,143.88999938964844,141.27000427246094,143.7100067138672,123.97362518310547,3573400,0.0,0.0
2018-10-17 00:00:00-04:00,143.0800018310547,143.52000427246094,141.11000061035156,141.33999633789062,121.9290771484375,4807500,0.0,0.0
2018-10-18 00:00:00-04:00,140.16000366210938,140.8000030517578,134.47000122070312,135.8000030517578,117.14994049072266,10250200,0.0,0.0
2018-10-19 00:00:00-04:00,136.19000244140625,136.92999267578125,131.27000427246094,131.32000732421875,114.00716400146484,7055100,0.86,0.0
2018-10-22 00:00:00-04:00,132.67999267578125,133.1300048828125,128.66000366210938,128.7100067138672,111.74127197265625,7858900,0.0,0.0
2018-10-23 00:00:00-04:00,119.68000030517578,122.5,115.62000274658203,118.9800033569336,103.29405975341797,24113300,0.0,0.0
2018-10-24 00:00:00-04:00,120.0,121.63999938964844,112.25,112.33999633789062,97.52945709228516,15304200,0.0,0.0
2018-10-25 00:00:00-04:00,114.83000183105469,117.08999633789062,112.5,115.62999725341797,100.38568878173828,13568900,0.0,0.0
2018-10-26 00:00:00-04:00,114.0999984741211,116.43000030517578,112.36000061035156,115.05000305175781,99.88216400146484,10820400,0.0,0.0
2018-10-29 00:00:00-04:00,116.87999725341797,118.3499984741211,112.05999755859375,113.9800033569336,98.95323944091797,8069600,0.0,0.0
2018-10-30 00:00:00-04:00,114.0,117.73999786376953,113.0999984741211,117.45999908447266,101.97443389892578,8057600,0.0,0.0
2018-10-31 00:00:00-04:00,119.41000366210938,122.88999938964844,119.26000213623047,121.31999969482422,105.3255615234375,10341300,0.0,0.0
2018-11-01 00:00:00-04:00,122.58999633789062,125.2300033569336,120.94000244140625,124.69999694824219,108.25992584228516,10138900,0.0,0.0
2018-11-02 00:00:00-04:00,127.05000305175781,128.3000030517578,124.26000213623047,125.79000091552734,109.20623016357422,7683900,0.0,0.0
2018-11-05 00:00:00-05:00,126.08999633789062,126.94999694824219,124.55000305175781,126.41000366210938,109.74449920654297,4844200,0.0,0.0
2018-11-06 00:00:00-05:00,126.4000015258789,129.5,126.30999755859375,129.3300018310547,112.27952575683594,4728200,0.0,0.0
2018-11-07 00:00:00-05:00,133.52000427246094,135.22000122070312,130.8800048828125,135.10000610351562,117.28886413574219,7551900,0.0,0.0
2018-11-08 00:00:00-05:00,133.8300018310547,134.6999969482422,130.89999389648438,131.38999938964844,114.06793975830078,6269400,0.0,0.0
2018-11-09 00:00:00-05:00,129.58999633789062,129.60000610351562,125.7300033569336,126.91000366210938,110.1785888671875,7248400,0.0,0.0
2018-11-12 00:00:00-05:00,127.18000030517578,128.41000366210938,124.58999633789062,125.0,108.5203857421875,5870100,0.0,0.0
2018-11-13 00:00:00-05:00,125.5,129.7899932861328,125.27999877929688,125.95999908447266,109.35382843017578,5820200,0.0,0.0
2018-11-14 00:00:00-05:00,127.2699966430664,129.0,123.7300033569336,125.0999984741211,108.60718536376953,5516300,0.0,0.0
2018-11-15 00:00:00-05:00,124.31999969482422,130.27999877929688,123.12999725341797,129.4199981689453,112.35768127441406,5815200,0.0,0.0
2018-11-16 00:00:00-05:00,128.7899932861328,131.9199981689453,128.0500030517578,129.9600067138672,112.82647705078125,5957700,0.0,0.0
2018-11-19 00:00:00-05:00,129.14999389648438,129.49000549316406,125.5999984741211,125.9800033569336,109.3711929321289,5385600,0.0,0.0
2018-11-20 00:00:00-05:00,123.8499984741211,123.97000122070312,121.2300033569336,122.2699966430664,106.15027618408203,7746200,0.0,0.0
2018-11-21 00:00:00-05:00,122.81999969482422,126.22000122070312,122.51000213623047,123.87000274658203,107.53937530517578,4759500,0.0,0.0
2018-11-23 00:00:00-05:00,121.95999908447266,124.05000305175781,121.56999969482422,122.31999969482422,106.1937026977539,3130100,0.0,0.0
2018-11-26 00:00:00-05:00,123.6500015258789,125.79000091552734,123.16000366210938,124.80000305175781,108.34675598144531,4696600,0.0,0.0
2018-11-27 00:00:00-05:00,124.0,124.5999984741211,122.38999938964844,124.5999984741211,108.17314147949219,4049400,0.0,0.0
2018-11-28 00:00:00-05:00,125.30000305175781,130.77999877929688,123.83999633789062,130.77000427246094,113.5296859741211,5745200,0.0,0.0
2018-11-29 00:00:00-05:00,130.8000030517578,130.91000366210938,127.58999633789062,130.22999572753906,113.06087493896484,4999600,0.0,0.0
2018-11-30 00:00:00-05:00,130.0500030517578,135.97000122070312,129.83999633789062,135.6699981689453,117.78369903564453,8458200,0.0,0.0
2018-12-03 00:00:00-05:00,141.8800048828125,142.41000366210938,138.52999877929688,138.9499969482422,120.63127899169922,9365800,0.0,0.0
2018-12-04 00:00:00-05:00,138.0800018310547,138.0800018310547,129.0399932861328,129.32000732421875,112.27083587646484,8113400,0.0,0.0
2018-12-06 00:00:00-05:00,125.22000122070312,128.69000244140625,124.05000305175781,128.3699951171875,111.44609832763672,6595200,0.0,0.0
2018-12-07 00:00:00-05:00,129.10000610351562,129.97999572753906,122.75,123.55000305175781,107.2615737915039,6413700,0.0,0.0
2018-12-10 00:00:00-05:00,122.41000366210938,124.37000274658203,121.16000366210938,123.38999938964844,107.12263488769531,5970900,0.0,0.0
2018-12-11 00:00:00-05:00,127.18000030517578,127.9800033569336,122.25,123.23999786376953,106.9924087524414,4449900,0.0,0.0
2018-12-12 00:00:00-05:00,125.73999786376953,127.97000122070312,125.0999984741211,125.37000274658203,108.84162139892578,5544100,0.0,0.0
2018-12-13 00:00:00-05:00,126.44999694824219,129.11000061035156,125.04000091552734,125.9000015258789,109.30174255371094,4544100,0.0,0.0
2018-12-14 00:00:00-05:00,123.41999816894531,127.73999786376953,123.1500015258789,126.7699966430664,110.0570297241211,4483300,0.0,0.0
2018-12-17 00:00:00-05:00,126.80000305175781,127.6500015258789,123.68000030517578,124.47000122070312,108.06024169921875,5662300,0.0,0.0
2018-12-18 00:00:00-05:00,125.87000274658203,128.75,123.5999984741211,124.2699966430664,107.88663482666016,5377900,0.0,0.0
2018-12-19 00:00:00-05:00,125.06999969482422,128.9499969482422,120.80000305175781,122.33000183105469,106.20238494873047,6416500,0.0,0.0
2018-12-20 00:00:00-05:00,121.73999786376953,124.54000091552734,120.76000213623047,121.55000305175781,105.5252456665039,7563500,0.0,0.0
2018-12-21 00:00:00-05:00,121.7300033569336,123.7300033569336,119.56999969482422,120.06999969482422,104.2403335571289,10034100,0.0,0.0
2018-12-24 00:00:00-05:00,118.16999816894531,119.58999633789062,116.66999816894531,116.94999694824219,101.53166198730469,2986600,0.0,0.0
2018-12-26 00:00:00-05:00,118.0,124.7699966430664,116.08999633789062,124.76000213623047,108.31204223632812,5093700,0.0,0.0
2018-12-27 00:00:00-05:00,121.80000305175781,126.69000244140625,120.93000030517578,126.66999816894531,109.9702377319336,4599000,0.0,0.0
2018-12-28 00:00:00-05:00,127.12999725341797,128.25,125.05000305175781,125.61000061035156,109.04997253417969,3813500,0.0,0.0
2018-12-31 00:00:00-05:00,126.5999984741211,128.11000061035156,124.5,127.06999969482422,110.31747436523438,3455200,0.0,0.0
