Date,Open,High,Low,Close,Adj Close,Volume,Dividends,Stock Splits
2014-01-02 00:00:00-05:00,124.45999908447266,124.87999725341797,123.70999908447266,124.13999938964844,77.36048126220703,4540300,0.0,0.0
2014-01-03 00:00:00-05:00,124.5999984741211,124.88999938964844,123.86000061035156,124.3499984741211,77.49138641357422,3506000,0.0,0.0
2014-01-06 00:00:00-05:00,124.58999633789062,124.80000305175781,123.5199966430664,124.0199966430664,77.28571319580078,4252300,0.0,0.0
2014-01-07 00:00:00-05:00,124.41999816894531,125.31999969482422,123.6500015258789,125.06999969482422,77.94004821777344,4563300,0.0,0.0
2014-01-08 00:00:00-05:00,124.44000244140625,124.45999908447266,122.75,123.29000091552734,76.83081817626953,8282500,0.0,0.0
2014-01-09 00:00:00-05:00,123.41999816894531,123.41999816894531,122.0199966430664,123.29000091552734,76.83081817626953,5643500,0.0,0.0
2014-01-10 00:00:00-05:00,122.5,122.83999633789062,120.37000274658203,121.01000213623047,75.40996551513672,8127500,0.0,0.0
2014-01-13 00:00:00-05:00,120.80999755859375,120.9000015258789,119.01000213623047,119.25,74.31318664550781,6504200,0.0,0.0
2014-01-14 00:00:00-05:00,119.4000015258789,119.75,118.80000305175781,119.56999969482422,74.51258850097656,6904600,0.0,0.0
2014-01-15 00:00:00-05:00,119.69000244140625,120.06999969482422,119.05000305175781,119.18000030517578,74.26956939697266,5829300,0.0,0.0
2014-01-16 00:00:00-05:00,119.11000061035156,119.29000091552734,118.19000244140625,118.83000183105469,74.05147552490234,5041100,0.0,0.0
2014-01-17 00:00:00-05:00,119.02999877929688,120.37999725341797,118.73999786376953,119.29000091552734,74.338134765625,7199700,0.0,0.0
2014-01-21 00:00:00-05:00,120.73999786376953,120.88999938964844,119.51000213623047,120.36000061035156,75.00491333007812,5602300,0.0,0.0
2014-01-22 00:00:00-05:00,120.51000213623047,120.76000213623047,119.97000122070312,120.43000030517578,75.04855346679688,4977500,0.0,0.0
2014-01-23 00:00:00-05:00,119.83999633789062,119.8499984741211,118.26000213623047,118.38999938964844,73.77728271484375,6205800,0.0,0.0
2014-01-24 00:00:00-05:00,117.87000274658203,118.13999938964844,116.26000213623047,116.29000091552734,72.46862030029297,7094900,0.0,0.0
2014-01-27 00:00:00-05:00,116.26000213623047,117.25,115.87999725341797,116.43000030517578,72.55584716796875,6179500,0.0,0.0
2014-01-28 00:00:00-05:00,116.72000122070312,117.02999877929688,116.06999969482422,116.83999633789062,72.81133270263672,4303700,0.0,0.0
2014-01-29 00:00:00-05:00,116.13999938964844,116.88999938964844,115.70999908447266,116.0,72.2878646850586,5522100,0.0,0.0
2014-01-30 00:00:00-05:00,116.30999755859375,116.95999908447266,115.18000030517578,116.44999694824219,72.56829833984375,5538700,0.0,0.0
2014-01-31 00:00:00-05:00,113.9000015258789,113.9000015258789,111.11000061035156,111.62999725341797,69.56460571289062,15523500,0.0,0.0
2014-02-03 00:00:00-05:00,112.3499984741211,112.45999908447266,110.54000091552734,111.13999938964844,69.25926208496094,11275300,0.0,0.0
2014-02-04 00:00:00-05:00,111.86000061035156,112.04000091552734,110.48999786376953,110.83000183105469,69.06609344482422,9717200,0.0,0.0
2014-02-05 00:00:00-05:00,111.0,111.0,109.2699966430664,109.5199966430664,68.24971771240234,10562900,0.0,0.0
2014-02-06 00:00:00-05:00,110.11000061035156,111.3499984741211,109.91000366210938,111.2699966430664,69.34029388427734,7983300,0.0,0.0
2014-02-07 00:00:00-05:00,111.91000366210938,112.12000274658203,110.38999938964844,112.05000305175781,69.82636260986328,7071800,0.0,0.0
2014-02-10 00:00:00-05:00,112.47000122070312,112.47000122070312,111.08000183105469,111.69000244140625,69.60203552246094,9251300,0.0,0.0
2014-02-11 00:00:00-05:00,112.02999877929688,113.87000274658203,111.94999694824219,113.58000183105469,70.77980041503906,6874700,0.0,0.0
2014-02-12 00:00:00-05:00,112.88999938964844,112.88999938964844,111.80999755859375,112.02999877929688,70.43400573730469,6422100,1.0,0.0
2014-02-13 00:00:00-05:00,111.7300033569336,112.73999786376953,111.18000030517578,112.51000213623047,70.73578643798828,5061600,0.0,0.0
2014-02-14 00:00:00-05:00,112.58000183105469,113.83000183105469,111.58999633789062,113.4800033569336,71.34565734863281,6776400,0.0,0.0
2014-02-18 00:00:00-05:00,113.86000061035156,114.11000061035156,112.5999984741211,112.70999908447266,70.86154174804688,6106600,0.0,0.0
2014-02-19 00:00:00-05:00,112.55000305175781,115.05000305175781,112.47000122070312,113.5999984741211,71.42110443115234,7989900,0.0,0.0
2014-02-20 00:00:00-05:00,113.51000213623047,115.33000183105469,113.0999984741211,114.5999984741211,72.0498046875,8406900,0.0,0.0
2014-02-21 00:00:00-05:00,114.72000122070312,114.73999786376953,112.5999984741211,112.68000030517578,70.8426742553711,9221100,0.0,0.0
2014-02-24 00:00:00-05:00,113.37000274658203,115.0,113.05000305175781,114.1500015258789,71.76689147949219,7337900,0.0,0.0
2014-02-25 00:00:00-05:00,114.37000274658203,115.44000244140625,114.23999786376953,114.97000122070312,72.28241729736328,5976100,0.0,0.0
2014-02-26 00:00:00-05:00,114.81999969482422,115.86000061035156,114.4000015258789,115.51000213623047,72.62191009521484,6113800,0.0,0.0
2014-02-27 00:00:00-05:00,115.66000366210938,115.81999969482422,114.55999755859375,115.69000244140625,72.735107421875,4922600,0.0,0.0
2014-02-28 00:00:00-05:00,115.87000274658203,116.73999786376953,114.80999755859375,115.33000183105469,72.50875091552734,6944600,0.0,0.0
2014-03-03 00:00:00-05:00,114.79000091552734,116.19000244140625,114.26000213623047,114.83999633789062,72.2007064819336,6046200,0.0,0.0
2014-03-04 00:00:00-05:00,115.88999938964844,116.2699966430664,115.26000213623047,115.31999969482422,72.50248718261719,5611500,0.0,0.0
2014-03-05 00:00:00-05:00,115.08000183105469,115.26000213623047,114.01000213623047,114.43000030517578,71.94293212890625,6703700,0.0,0.0
2014-03-06 00:00:00-05:00,114.70999908447266,115.1500015258789,114.3499984741211,114.8499984741211,72.20698547363281,5179600,0.0,0.0
2014-03-07 00:00:00-05:00,115.06999969482422,115.94999694824219,114.63999938964844,115.08000183105469,72.3515853881836,5055600,0.0,0.0
2014-03-10 00:00:00-04:00,115.44999694824219,115.94000244140625,114.12000274658203,115.83999633789062,72.82942199707031,6203000,0.0,0.0
2014-03-11 00:00:00-04:00,115.9000015258789,116.2300033569336,114.23999786376953,114.51000213623047,71.99320983886719,6274300,0.0,0.0
2014-03-12 00:00:00-04:00,114.13999938964844,116.36000061035156,114.12999725341797,115.6500015258789,72.70995330810547,6812900,0.0,0.0
2014-03-13 00:00:00-04:00,115.5999984741211,115.75,114.12000274658203,114.44999694824219,71.95549011230469,5405100,0.0,0.0
2014-03-14 00:00:00-04:00,114.36000061035156,114.9000015258789,113.68000030517578,114.0999984741211,71.73544311523438,6280000,0.0,0.0
2014-03-17 00:00:00-04:00,114.26000213623047,115.29000091552734,114.12999725341797,115.06999969482422,72.34529876708984,5894500,0.0,0.0
2014-03-18 00:00:00-04:00,115.62000274658203,116.55999755859375,115.19999694824219,116.23999786376953,73.08088684082031,6329600,0.0,0.0
2014-03-19 00:00:00-04:00,115.87999725341797,116.73999786376953,114.66000366210938,115.19999694824219,72.42701721191406,5569600,0.0,0.0
2014-03-20 00:00:00-04:00,114.8499984741211,116.08000183105469,114.31999969482422,115.51000213623047,72.62191009521484,5280600,0.0,0.0
2014-03-21 00:00:00-04:00,116.29000091552734,118.0,115.58000183105469,115.62999725341797,72.69735717773438,14893600,0.0,0.0
2014-03-24 00:00:00-04:00,116.0,116.69000244140625,115.6500015258789,115.8499984741211,72.8356704711914,5386900,0.0,0.0
2014-03-25 00:00:00-04:00,116.2300033569336,117.19000244140625,116.20999908447266,117.08999633789062,73.61528778076172,5573000,0.0,0.0
2014-03-26 00:00:00-04:00,117.80000305175781,118.27999877929688,117.36000061035156,117.70999908447266,74.00505065917969,5971600,0.0,0.0
2014-03-27 00:00:00-04:00,117.75,117.98999786376953,116.83000183105469,117.66999816894531,73.97991943359375,5224600,0.0,0.0
2014-03-28 00:00:00-04:00,118.12999725341797,118.55000305175781,117.69999694824219,118.5,74.50174713134766,5875100,0.0,0.0
2014-03-31 00:00:00-04:00,118.79000091552734,119.62000274658203,118.48999786376953,118.91000366210938,74.75953674316406,5482700,0.0,0.0
2014-04-01 00:00:00-04:00,119.1500015258789,119.61000061035156,118.83999633789062,119.0,74.81610107421875,5391400,0.0,0.0
2014-04-02 00:00:00-04:00,118.5199966430664,119.54000091552734,118.5199966430664,119.3499984741211,75.03614044189453,4505600,0.0,0.0
2014-04-03 00:00:00-04:00,119.77999877929688,119.79000091552734,118.88999938964844,119.04000091552734,74.84127807617188,4446400,0.0,0.0
2014-04-04 00:00:00-04:00,119.75,119.75,118.58999633789062,118.80000305175781,74.69036102294922,5301300,0.0,0.0
2014-04-07 00:00:00-04:00,118.31999969482422,118.81999969482422,117.33999633789062,117.33999633789062,73.7724609375,5241300,0.0,0.0
2014-04-08 00:00:00-04:00,117.66000366210938,118.30999755859375,117.18000030517578,117.80000305175781,74.06165313720703,4706100,0.0,0.0
2014-04-09 00:00:00-04:00,117.83000183105469,119.25,117.58999633789062,119.0999984741211,74.8790054321289,5376500,0.0,0.0
2014-04-10 00:00:00-04:00,117.19999694824219,118.05999755859375,116.55000305175781,116.69000244140625,73.36378479003906,8769200,0.0,0.0
2014-04-11 00:00:00-04:00,116.5,117.7300033569336,116.5,117.02999877929688,73.57756805419922,7028800,0.0,0.0
2014-04-14 00:00:00-04:00,117.83999633789062,118.83000183105469,117.33999633789062,118.69999694824219,74.62749481201172,6817700,0.0,0.0
2014-04-15 00:00:00-04:00,118.70999908447266,120.30999755859375,118.33999633789062,120.30000305175781,75.63340759277344,7681900,0.0,0.0
2014-04-16 00:00:00-04:00,120.9000015258789,122.12000274658203,120.9000015258789,121.83000183105469,76.59535217285156,7277000,0.0,0.0
2014-04-17 00:00:00-04:00,121.72000122070312,123.8499984741211,121.72000122070312,123.68000030517578,77.7584457397461,8604900,0.0,0.0
2014-04-21 00:00:00-04:00,123.05000305175781,124.4000015258789,123.05000305175781,124.23999786376953,78.11054992675781,6351100,0.0,0.0
2014-04-22 00:00:00-04:00,123.87000274658203,124.3499984741211,123.61000061035156,124.0,77.95964813232422,5849200,0.0,0.0
2014-04-23 00:00:00-04:00,124.19000244140625,124.95999908447266,124.19000244140625,124.69000244140625,78.39344787597656,5596300,0.0,0.0
2014-04-24 00:00:00-04:00,124.83999633789062,124.91999816894531,124.13999938964844,124.30000305175781,78.14825439453125,5185300,0.0,0.0
2014-04-25 00:00:00-04:00,124.2300033569336,124.69999694824219,123.58000183105469,123.98999786376953,77.953369140625,5776300,0.0,0.0
2014-04-28 00:00:00-04:00,124.26000213623047,126.05999755859375,124.25,125.7300033569336,79.04730224609375,7687800,0.0,0.0
2014-04-29 00:00:00-04:00,125.91999816894531,127.2699966430664,125.76000213623047,125.97000122070312,79.19818115234375,6666800,0.0,0.0
2014-04-30 00:00:00-04:00,125.76000213623047,125.9800033569336,125.30999755859375,125.5199966430664,78.91526794433594,6123500,0.0,0.0
2014-05-01 00:00:00-04:00,125.66000366210938,125.76000213623047,124.27999877929688,124.94000244140625,78.55062103271484,6379600,0.0,0.0
2014-05-02 00:00:00-04:00,123.9000015258789,125.80000305175781,123.58000183105469,124.72000122070312,78.41232299804688,5406100,0.0,0.0
2014-05-05 00:00:00-04:00,124.81999969482422,125.8499984741211,124.33999633789062,125.36000061035156,78.8146743774414,4224400,0.0,0.0
2014-05-06 00:00:00-04:00,125.0,125.69000244140625,124.5199966430664,124.97000122070312,78.56950378417969,5600000,0.0,0.0
2014-05-07 00:00:00-04:00,125.94999694824219,126.77999877929688,125.63999938964844,126.2300033569336,79.36165618896484,5436000,0.0,0.0
2014-05-08 00:00:00-04:00,125.69999694824219,126.12999725341797,124.87000274658203,125.08999633789062,78.64492797851562,5009800,0.0,0.0
2014-05-09 00:00:00-04:00,125.38999938964844,126.06999969482422,124.63999938964844,125.02999877929688,78.60718536376953,4826100,0.0,0.0
2014-05-12 00:00:00-04:00,125.56999969482422,125.56999969482422,124.62999725341797,125.23999786376953,78.73924255371094,4914700,0.0,0.0
2014-05-13 00:00:00-04:00,125.56999969482422,125.98999786376953,124.97000122070312,125.8499984741211,79.12273406982422,4415200,0.0,0.0
2014-05-14 00:00:00-04:00,126.13999938964844,126.77999877929688,125.76000213623047,126.41999816894531,79.48110961914062,4961400,0.0,0.0
2014-05-15 00:00:00-04:00,125.16999816894531,125.5,123.55000305175781,123.80999755859375,78.50465393066406,5939500,1.07,0.0
2014-05-16 00:00:00-04:00,123.95999908447266,124.3499984741211,122.88999938964844,123.18000030517578,78.10519409179688,6435100,0.0,0.0
2014-05-19 00:00:00-04:00,122.94999694824219,123.41999816894531,122.8499984741211,122.94999694824219,77.95933532714844,4042300,0.0,0.0
2014-05-20 00:00:00-04:00,122.94999694824219,123.0999984741211,122.23999786376953,122.5,77.67401885986328,4044400,0.0,0.0
2014-05-21 00:00:00-04:00,123.0,124.36000061035156,122.94000244140625,124.16000366210938,78.72659301757812,4758700,0.0,0.0
2014-05-22 00:00:00-04:00,124.0999984741211,124.41000366210938,123.55999755859375,123.62999725341797,78.39049530029297,3262700,0.0,0.0
2014-05-23 00:00:00-04:00,124.0999984741211,124.36000061035156,123.33000183105469,123.37000274658203,78.22566986083984,3808100,0.0,0.0
2014-05-27 00:00:00-04:00,123.76000213623047,123.98999786376953,122.75,122.83999633789062,77.88958740234375,4283300,0.0,0.0
2014-05-28 00:00:00-04:00,122.9000015258789,123.30999755859375,122.5199966430664,122.5199966430664,77.68670654296875,4702900,0.0,0.0
2014-05-29 00:00:00-04:00,122.88999938964844,122.9000015258789,121.6500015258789,122.31999969482422,77.55986785888672,6255000,0.0,0.0
2014-05-30 00:00:00-04:00,122.23999786376953,122.87999725341797,122.01000213623047,122.79000091552734,77.8578872680664,5174700,0.0,0.0
2014-06-02 00:00:00-04:00,122.93000030517578,123.04000091552734,122.01000213623047,122.20999908447266,77.4901123046875,3689800,0.0,0.0
2014-06-03 00:00:00-04:00,122.38999938964844,122.81999969482422,121.72000122070312,122.55000305175781,77.70571899414062,3563800,0.0,0.0
2014-06-04 00:00:00-04:00,122.31999969482422,122.68000030517578,122.0,122.3499984741211,77.57891082763672,3285500,0.0,0.0
2014-06-05 00:00:00-04:00,122.52999877929688,123.77999877929688,122.45999908447266,123.5199966430664,78.32073974609375,4220600,0.0,0.0
2014-06-06 00:00:00-04:00,123.69999694824219,124.69999694824219,123.54000091552734,124.19000244140625,78.74560546875,4295400,0.0,0.0
2014-06-09 00:00:00-04:00,124.01000213623047,124.63999938964844,123.87999725341797,124.37000274658203,78.85971069335938,3657700,0.0,0.0
2014-06-10 00:00:00-04:00,124.9800033569336,125.37000274658203,124.1500015258789,125.33999633789062,79.47476959228516,5869400,0.0,0.0
2014-06-11 00:00:00-04:00,125.12999725341797,125.47000122070312,124.62000274658203,125.18000030517578,79.37332916259766,4570900,0.0,0.0
2014-06-12 00:00:00-04:00,125.7300033569336,126.2300033569336,125.41999816894531,126.11000061035156,79.9629898071289,6815800,0.0,0.0
2014-06-13 00:00:00-04:00,125.94000244140625,127.26000213623047,125.9000015258789,127.26000213623047,80.69221496582031,5573600,0.0,0.0
2014-06-16 00:00:00-04:00,127.1500015258789,128.80999755859375,127.13999938964844,128.5399932861328,81.5038070678711,7065300,0.0,0.0
2014-06-17 00:00:00-04:00,127.9000015258789,129.0399932861328,127.56999969482422,128.8300018310547,81.68767547607422,6720700,0.0,0.0
2014-06-18 00:00:00-04:00,128.9600067138672,130.5,128.36000061035156,130.27999877929688,82.60708618164062,7697700,0.0,0.0
2014-06-19 00:00:00-04:00,130.2899932861328,132.0,129.91000366210938,131.99000549316406,83.69136047363281,7419900,0.0,0.0
2014-06-20 00:00:00-04:00,131.9499969482422,132.39999389648438,130.8800048828125,132.33999633789062,83.91329193115234,11348300,0.0,0.0
2014-06-23 00:00:00-04:00,132.52000427246094,133.57000732421875,132.4199981689453,132.97999572753906,84.319091796875,11006900,0.0,0.0
2014-06-24 00:00:00-04:00,132.74000549316406,133.4600067138672,131.7100067138672,131.77000427246094,83.55186462402344,8581100,0.0,0.0
2014-06-25 00:00:00-04:00,131.33999633789062,132.36000061035156,131.00999450683594,131.22999572753906,83.2094955444336,6714200,0.0,0.0
2014-06-26 00:00:00-04:00,131.2100067138672,131.22000122070312,129.52999877929688,130.9199981689453,83.01289367675781,6111400,0.0,0.0
2014-06-27 00:00:00-04:00,130.72999572753906,130.9499969482422,129.3000030517578,130.36000061035156,82.65782165527344,8674700,0.0,0.0
2014-06-30 00:00:00-04:00,130.14999389648438,130.6300048828125,129.3699951171875,130.5500030517578,82.77830505371094,5698900,0.0,0.0
2014-07-01 00:00:00-04:00,130.94000244140625,131.4199981689453,130.4600067138672,130.5399932861328,82.7719497680664,4000500,0.0,0.0
2014-07-02 00:00:00-04:00,130.52999877929688,130.9199981689453,129.99000549316406,130.22999572753906,82.57540130615234,5136800,0.0,0.0
2014-07-03 00:00:00-04:00,131.44000244140625,131.58999633789062,130.72000122070312,131.19000244140625,83.1841049194336,3514000,0.0,0.0
2014-07-07 00:00:00-04:00,130.44000244140625,130.63999938964844,130.02000427246094,130.47000122070312,82.72758483886719,3660000,0.0,0.0
2014-07-08 00:00:00-04:00,129.6999969482422,130.3800048828125,129.52000427246094,129.89999389648438,82.36614227294922,4687600,0.0,0.0
2014-07-09 00:00:00-04:00,130.27000427246094,131.69000244140625,129.99000549316406,131.38999938964844,83.31092834472656,5200800,0.0,0.0
2014-07-10 00:00:00-04:00,130.47999572753906,130.86000061035156,129.89999389648438,130.25,82.58808135986328,4404800,0.0,0.0
2014-07-11 00:00:00-04:00,129.1300048828125,129.88999938964844,128.02999877929688,128.47000122070312,81.45940399169922,5242700,0.0,0.0
2014-07-14 00:00:00-04:00,128.8000030517578,129.5,128.3800048828125,129.25999450683594,81.96031951904297,4135800,0.0,0.0
2014-07-15 00:00:00-04:00,129.07000732421875,129.5,128.61000061035156,129.25999450683594,81.96031951904297,4845000,0.0,0.0
2014-07-16 00:00:00-04:00,129.88999938964844,130.94000244140625,129.69000244140625,130.88999938964844,82.99388885498047,4491800,0.0,0.0
2014-07-17 00:00:00-04:00,130.63999938964844,131.5,129.8800048828125,130.0800018310547,82.48029327392578,4953600,0.0,0.0
2014-07-18 00:00:00-04:00,130.63999938964844,130.72999572753906,129.5800018310547,130.38999938964844,82.6768569946289,4339400,0.0,0.0
2014-07-21 00:00:00-04:00,130.11000061035156,131.33999633789062,130.00999450683594,131.2899932861328,83.24750518798828,3714000,0.0,0.0
2014-07-22 00:00:00-04:00,131.5500030517578,133.1999969482422,131.5500030517578,132.5800018310547,84.06549072265625,4391700,0.0,0.0
2014-07-23 00:00:00-04:00,132.6999969482422,133.92999267578125,132.47999572753906,133.8800048828125,84.88975524902344,4589500,0.0,0.0
2014-07-24 00:00:00-04:00,134.02999877929688,135.10000610351562,133.69000244140625,134.85000610351562,85.50480651855469,5337900,0.0,0.0
2014-07-25 00:00:00-04:00,134.5800018310547,134.61000061035156,133.05999755859375,133.57000732421875,84.69319915771484,3702000,0.0,0.0
2014-07-28 00:00:00-04:00,133.55999755859375,133.8000030517578,132.88999938964844,133.24000549316406,84.48393249511719,4625000,0.0,0.0
2014-07-29 00:00:00-04:00,132.89999389648438,133.72000122070312,132.4199981689453,132.4199981689453,83.96401977539062,4189100,0.0,0.0
2014-07-30 00:00:00-04:00,132.97000122070312,133.69000244140625,131.5,132.52999877929688,84.03376770019531,4601800,0.0,0.0
2014-07-31 00:00:00-04:00,131.72999572753906,131.97000122070312,129.10000610351562,129.24000549316406,81.94766235351562,7973700,0.0,0.0
2014-08-01 00:00:00-04:00,127.76000213623047,128.9600067138672,126.36000061035156,127.9000015258789,81.09801483154297,7377800,0.0,0.0
2014-08-04 00:00:00-04:00,127.69000244140625,128.36000061035156,126.02999877929688,128.1699981689453,81.26920318603516,7360000,0.0,0.0
2014-08-05 00:00:00-04:00,127.80999755859375,127.80999755859375,124.58000183105469,124.95999908447266,79.23381805419922,8066700,0.0,0.0
2014-08-06 00:00:00-04:00,124.9000015258789,126.97000122070312,124.80000305175781,125.7300033569336,79.7220687866211,5134900,0.0,0.0
2014-08-07 00:00:00-04:00,126.19000244140625,126.7300033569336,124.83000183105469,125.6500015258789,79.67134094238281,4650700,0.0,0.0
2014-08-08 00:00:00-04:00,126.06999969482422,127.95999908447266,125.91000366210938,127.86000061035156,81.07266235351562,4730700,0.0,0.0
2014-08-11 00:00:00-04:00,128.16000366210938,128.6699981689453,127.54000091552734,127.70999908447266,80.97752380371094,3466500,0.0,0.0
2014-08-12 00:00:00-04:00,127.13999938964844,127.27999877929688,126.26000213623047,127.08999633789062,80.58439636230469,4944100,0.0,0.0
2014-08-13 00:00:00-04:00,127.63999938964844,128.24000549316406,126.87000274658203,127.5999984741211,80.90779113769531,3518200,0.0,0.0
2014-08-14 00:00:00-04:00,127.68000030517578,127.69999694824219,126.52999877929688,126.95999908447266,80.50196838378906,4524000,0.0,0.0
2014-08-15 00:00:00-04:00,126.41999816894531,126.79000091552734,125.68000030517578,126.0999984741211,80.63627624511719,5754300,1.07,0.0
2014-08-18 00:00:00-04:00,126.2699966430664,126.58999633789062,125.62999725341797,126.30000305175781,80.76416778564453,4630000,0.0,0.0
2014-08-19 00:00:00-04:00,126.72000122070312,127.69999694824219,126.55000305175781,127.62999725341797,81.61463165283203,3887800,0.0,0.0
2014-08-20 00:00:00-04:00,127.25,127.5999984741211,126.77999877929688,127.48999786376953,81.52510833740234,3230300,0.0,0.0
2014-08-21 00:00:00-04:00,127.68000030517578,128.17999267578125,127.18000030517578,127.93000030517578,81.8064956665039,2668100,0.0,0.0
2014-08-22 00:00:00-04:00,127.0199966430664,127.5,126.47000122070312,127.11000061035156,81.28211975097656,3236900,0.0,0.0
2014-08-25 00:00:00-04:00,127.56999969482422,128.07000732421875,127.37999725341797,127.83999633789062,81.74893188476562,2645700,0.0,0.0
2014-08-26 00:00:00-04:00,128.05999755859375,128.7100067138672,127.94000244140625,128.25,82.0110855102539,2832400,0.0,0.0
2014-08-27 00:00:00-04:00,128.41000366210938,128.82000732421875,128.19000244140625,128.63999938964844,82.26048278808594,2767000,0.0,0.0
2014-08-28 00:00:00-04:00,128.27999877929688,128.89999389648438,128.25,128.75,82.33084106445312,2409000,0.0,0.0
2014-08-29 00:00:00-04:00,129.0,129.52999877929688,128.5,129.4499969482422,82.7784652709961,3519000,0.0,0.0
2014-09-02 00:00:00-04:00,129.1999969482422,129.3800048828125,127.05999755859375,127.54000091552734,81.55708312988281,4744500,0.0,0.0
2014-09-03 00:00:00-04:00,128.4499969482422,128.8800048828125,127.66999816894531,127.86000061035156,81.7617416381836,3846300,0.0,0.0
2014-09-04 00:00:00-04:00,128.2100067138672,128.4600067138672,126.19999694824219,126.80000305175781,81.08387756347656,5191200,0.0,0.0
2014-09-05 00:00:00-04:00,127.1500015258789,127.44000244140625,126.16000366210938,127.4000015258789,81.46756744384766,5035500,0.0,0.0
2014-09-08 00:00:00-04:00,126.68000030517578,126.75,125.69000244140625,126.20999908447266,80.70659637451172,4200800,0.0,0.0
2014-09-09 00:00:00-04:00,124.48999786376953,125.79000091552734,124.26000213623047,125.18000030517578,80.04795837402344,6721600,0.0,0.0
2014-09-10 00:00:00-04:00,124.45999908447266,124.73999786376953,123.01000213623047,124.27999877929688,79.47244262695312,10941800,0.0,0.0
2014-09-11 00:00:00-04:00,123.27999877929688,124.06999969482422,122.41000366210938,123.83000183105469,79.18467712402344,6569600,0.0,0.0
2014-09-12 00:00:00-04:00,123.54000091552734,123.66000366210938,122.20999908447266,122.66000366210938,78.4365005493164,4915600,0.0,0.0
2014-09-15 00:00:00-04:00,122.3499984741211,124.77999877929688,122.05999755859375,124.23999786376953,79.4468765258789,5437600,0.0,0.0
2014-09-16 00:00:00-04:00,124.05999755859375,125.68000030517578,123.61000061035156,124.95999908447266,79.90726470947266,6587200,0.0,0.0
2014-09-17 00:00:00-04:00,125.12999725341797,125.48999786376953,124.44999694824219,124.72000122070312,79.75379943847656,4583500,0.0,0.0
2014-09-18 00:00:00-04:00,124.8499984741211,125.04000091552734,123.8499984741211,124.13999938964844,79.38290405273438,4683200,0.0,0.0
2014-09-19 00:00:00-04:00,124.94000244140625,125.69999694824219,124.6500015258789,124.80000305175781,79.80497741699219,10090000,0.0,0.0
2014-09-22 00:00:00-04:00,124.5999984741211,124.91999816894531,123.47000122070312,123.48999786376953,78.96726989746094,5850500,0.0,0.0
2014-09-23 00:00:00-04:00,123.52999877929688,123.9800033569336,122.86000061035156,123.05999755859375,78.69226837158203,5620700,0.0,0.0
2014-09-24 00:00:00-04:00,123.06999969482422,123.06999969482422,120.8499984741211,122.4000015258789,78.27023315429688,8005900,0.0,0.0
2014-09-25 00:00:00-04:00,122.19999694824219,122.61000061035156,120.68000030517578,120.68000030517578,77.17037963867188,6466300,0.0,0.0
2014-09-26 00:00:00-04:00,120.55000305175781,122.04000091552734,120.0199966430664,121.47000122070312,77.67555236816406,5500500,0.0,0.0
2014-09-29 00:00:00-04:00,120.72000122070312,120.73999786376953,119.13999938964844,120.55000305175781,77.08724212646484,6791500,0.0,0.0
2014-09-30 00:00:00-04:00,120.51000213623047,120.51000213623047,118.66000366210938,119.31999969482422,76.30069732666016,8385700,0.0,0.0
2014-10-01 00:00:00-04:00,118.80000305175781,119.3499984741211,117.37999725341797,117.6500015258789,75.23280334472656,8027900,0.0,0.0
2014-10-02 00:00:00-04:00,117.38999938964844,117.9000015258789,116.12999725341797,117.11000061035156,74.88748168945312,8171200,0.0,0.0
2014-10-03 00:00:00-04:00,118.16000366210938,118.16000366210938,116.4000015258789,117.70999908447266,75.27117919921875,6298300,0.0,0.0
2014-10-06 00:00:00-04:00,117.91000366210938,119.05000305175781,117.27999877929688,118.08999633789062,75.51417541503906,5409500,0.0,0.0
2014-10-07 00:00:00-04:00,117.47000122070312,118.43000030517578,116.0,116.0199966430664,74.19049072265625,7303800,0.0,0.0
2014-10-08 00:00:00-04:00,115.83000183105469,118.25,115.1500015258789,117.94999694824219,75.42462921142578,9517400,0.0,0.0
2014-10-09 00:00:00-04:00,117.0199966430664,117.08000183105469,114.23999786376953,114.51000213623047,73.22488403320312,11489200,0.0,0.0
2014-10-10 00:00:00-04:00,114.69999694824219,115.7300033569336,112.87999725341797,113.88999938964844,72.82843017578125,9253100,0.0,0.0
2014-10-13 00:00:00-04:00,113.55000305175781,114.58999633789062,111.8499984741211,112.02999877929688,71.6390151977539,7799100,0.0,0.0
2014-10-14 00:00:00-04:00,112.5999984741211,113.05000305175781,109.0999984741211,109.77999877929688,70.20021057128906,11541500,0.0,0.0
2014-10-15 00:00:00-04:00,108.56999969482422,109.5,106.6500015258789,109.2699966430664,69.87409973144531,15278400,0.0,0.0
2014-10-16 00:00:00-04:00,107.95999908447266,111.31999969482422,107.19999694824219,111.05999755859375,71.01875305175781,11908400,0.0,0.0
2014-10-17 00:00:00-04:00,111.77999877929688,112.73999786376953,110.7300033569336,111.80000305175781,71.49192810058594,10895500,0.0,0.0
2014-10-20 00:00:00-04:00,111.52999877929688,112.27999877929688,110.97000122070312,111.48999786376953,71.29371643066406,8823800,0.0,0.0
2014-10-21 00:00:00-04:00,113.18000030517578,115.16999816894531,112.91000366210938,115.08999633789062,73.59576416015625,8899700,0.0,0.0
2014-10-22 00:00:00-04:00,115.19999694824219,116.23999786376953,113.91000366210938,114.0,72.89875030517578,7211600,0.0,0.0
2014-10-23 00:00:00-04:00,116.0,117.31999969482422,114.94999694824219,116.19000244140625,74.29920196533203,7195500,0.0,0.0
2014-10-24 00:00:00-04:00,116.19000244140625,116.26000213623047,114.52999877929688,115.91000366210938,74.12015533447266,5507900,0.0,0.0
2014-10-27 00:00:00-04:00,114.37999725341797,115.37000274658203,113.45999908447266,115.0199966430664,73.55099487304688,6714600,0.0,0.0
2014-10-28 00:00:00-04:00,116.16999816894531,117.2699966430664,115.16000366210938,117.12999725341797,74.9002914428711,7272600,0.0,0.0
2014-10-29 00:00:00-04:00,118.0,118.93000030517578,116.0999984741211,117.13999938964844,74.90666198730469,6873700,0.0,0.0
2014-10-30 00:00:00-04:00,116.18000030517578,117.25,115.56999969482422,117.19999694824219,74.94505310058594,5174400,0.0,0.0
2014-10-31 00:00:00-04:00,118.3499984741211,120.16999816894531,116.38999938964844,119.94999694824219,76.70355987548828,10669500,0.0,0.0
2014-11-03 00:00:00-05:00,119.83000183105469,119.97000122070312,116.45999908447266,116.77999877929688,74.67646026611328,10343300,0.0,0.0
2014-11-04 00:00:00-05:00,115.98999786376953,116.0199966430664,114.80000305175781,115.37000274658203,73.77482604980469,9585800,0.0,0.0
2014-11-05 00:00:00-05:00,117.2699966430664,117.30000305175781,114.86000061035156,117.05000305175781,74.84912109375,6603300,0.0,0.0
2014-11-06 00:00:00-05:00,116.9000015258789,118.55000305175781,116.36000061035156,118.52999877929688,75.79551696777344,6383800,0.0,0.0
2014-11-07 00:00:00-05:00,118.75,119.7300033569336,118.36000061035156,118.80000305175781,75.96817779541016,7366600,0.0,0.0
2014-11-10 00:00:00-05:00,119.58000183105469,119.66999816894531,117.30999755859375,117.91999816894531,75.40544891357422,6114600,0.0,0.0
2014-11-11 00:00:00-05:00,117.94999694824219,118.66999816894531,117.30000305175781,118.44000244140625,75.73797607421875,3957000,0.0,0.0
2014-11-12 00:00:00-05:00,117.86000061035156,118.70999908447266,117.37999725341797,117.6500015258789,75.23280334472656,4923900,0.0,0.0
2014-11-13 00:00:00-05:00,117.08999633789062,117.47000122070312,115.63999938964844,116.44999694824219,74.46543884277344,11019900,0.0,0.0
2014-11-14 00:00:00-05:00,115.69999694824219,116.3499984741211,115.41999816894531,116.31999969482422,75.07213592529297,4891700,1.07,0.0
2014-11-17 00:00:00-05:00,115.95999908447266,116.1500015258789,115.2699966430664,115.75,74.70423889160156,5713700,0.0,0.0
2014-11-18 00:00:00-05:00,115.97000122070312,116.62999725341797,115.25,115.47000122070312,74.52352905273438,5672800,0.0,0.0
2014-11-19 00:00:00-05:00,115.97000122070312,116.68000030517578,115.06999969482422,116.47000122070312,75.16893005371094,4270300,0.0,0.0
2014-11-20 00:00:00-05:00,116.16000366210938,117.47000122070312,116.16000366210938,117.30999755859375,75.7110595703125,5272800,0.0,0.0
2014-11-21 00:00:00-05:00,118.79000091552734,118.91000366210938,117.7300033569336,118.58000183105469,76.53070831298828,7361600,0.0,0.0
2014-11-24 00:00:00-05:00,118.12999725341797,118.58000183105469,117.1500015258789,117.58999633789062,75.89176940917969,5807600,0.0,0.0
2014-11-25 00:00:00-05:00,117.80000305175781,117.81999969482422,115.62999725341797,116.1500015258789,74.96241760253906,6671400,0.0,0.0
2014-11-26 00:00:00-05:00,116.06999969482422,116.3499984741211,115.0199966430664,115.11000061035156,74.29119873046875,6715100,0.0,0.0
2014-11-28 00:00:00-05:00,111.58999633789062,111.69000244140625,108.43000030517578,108.87000274658203,70.26394653320312,11935600,0.0,0.0
2014-12-01 00:00:00-05:00,109.37999725341797,112.48999786376953,108.68000030517578,111.7300033569336,72.10975646972656,13400100,0.0,0.0
2014-12-02 00:00:00-05:00,111.2699966430664,114.55999755859375,110.88999938964844,114.0199966430664,73.58770751953125,8548700,0.0,0.0
2014-12-03 00:00:00-05:00,114.73999786376953,114.81999969482422,113.1500015258789,113.70999908447266,73.38763427734375,8049800,0.0,0.0
2014-12-04 00:00:00-05:00,113.08000183105469,113.08000183105469,111.01000213623047,112.27999877929688,72.46470642089844,8100700,0.0,0.0
2014-12-05 00:00:00-05:00,111.79000091552734,112.29000091552734,110.70999908447266,110.87000274658203,71.55471801757812,7663400,0.0,0.0
2014-12-08 00:00:00-05:00,109.88999938964844,109.94000244140625,106.41000366210938,106.80000305175781,68.9279556274414,13809000,0.0,0.0
2014-12-09 00:00:00-05:00,106.16999816894531,108.1500015258789,106.12999725341797,107.01000213623047,69.06351470947266,11053000,0.0,0.0
2014-12-10 00:00:00-05:00,106.22000122070312,106.25,103.06999969482422,104.86000061035156,67.6759033203125,15073400,0.0,0.0
2014-12-11 00:00:00-05:00,104.97000122070312,107.2699966430664,104.30000305175781,104.91000366210938,67.70817565917969,10293600,0.0,0.0
2014-12-12 00:00:00-05:00,103.76000213623047,104.3499984741211,102.37000274658203,102.37999725341797,66.07533264160156,12013600,0.0,0.0
2014-12-15 00:00:00-05:00,103.12999725341797,103.91000366210938,100.41999816894531,100.86000061035156,65.0943603515625,13144200,0.0,0.0
2014-12-16 00:00:00-05:00,100.5,104.47000122070312,100.1500015258789,101.69999694824219,65.63646697998047,12722200,0.0,0.0
2014-12-17 00:00:00-05:00,102.18000030517578,106.58999633789062,102.01000213623047,106.0199966430664,68.42456817626953,13354000,0.0,0.0
2014-12-18 00:00:00-05:00,108.01000213623047,109.02999877929688,105.48999786376953,109.02999877929688,70.36720275878906,13533000,0.0,0.0
2014-12-19 00:00:00-05:00,109.52999877929688,112.95999908447266,108.5,112.93000030517578,72.88423919677734,15723300,0.0,0.0
2014-12-22 00:00:00-05:00,112.36000061035156,112.98999786376953,111.06999969482422,112.02999877929688,72.30338287353516,9433500,0.0,0.0
2014-12-23 00:00:00-05:00,112.76000213623047,114.44999694824219,112.31999969482422,113.94999694824219,73.54254150390625,8092000,0.0,0.0
2014-12-24 00:00:00-05:00,113.66000366210938,114.13999938964844,112.06999969482422,113.47000122070312,73.23273468017578,4536500,0.0,0.0
2014-12-26 00:00:00-05:00,113.93000030517578,114.3499984741211,112.81999969482422,113.25,73.09075927734375,4380400,0.0,0.0
2014-12-29 00:00:00-05:00,113.44000244140625,114.37999725341797,112.77999877929688,113.31999969482422,73.13593292236328,6043000,0.0,0.0
2014-12-30 00:00:00-05:00,112.93000030517578,113.6500015258789,112.1500015258789,113.11000061035156,73.00039672851562,5659500,0.0,0.0
2014-12-31 00:00:00-05:00,111.6500015258789,113.30999755859375,111.52999877929688,112.18000030517578,72.4001693725586,6411800,0.0,0.0
2015-01-02 00:00:00-05:00,111.62999725341797,113.0,110.8499984741211,112.58000183105469,72.6583480834961,5898800,0.0,0.0
2015-01-05 00:00:00-05:00,110.95999908447266,111.19999694824219,107.44000244140625,108.08000183105469,69.75408935546875,11758100,0.0,0.0
2015-01-06 00:00:00-05:00,107.87000274658203,109.0199966430664,106.4800033569336,108.02999877929688,69.72178649902344,11591600,0.0,0.0
2015-01-07 00:00:00-05:00,109.25,109.7300033569336,107.51000213623047,107.94000244140625,69.66374206542969,10353800,0.0,0.0
2015-01-08 00:00:00-05:00,109.19000244140625,110.44000244140625,108.5999984741211,110.41000366210938,71.2578353881836,8650800,0.0,0.0
2015-01-09 00:00:00-05:00,110.13999938964844,110.22000122070312,107.66999816894531,108.20999908447266,69.83797454833984,9584500,0.0,0.0
2015-01-12 00:00:00-05:00,107.47000122070312,107.47000122070312,105.55999755859375,105.87999725341797,68.33419799804688,8912300,0.0,0.0
2015-01-13 00:00:00-05:00,106.91999816894531,107.66000366210938,103.19000244140625,104.19999694824219,67.24995422363281,13277700,0.0,0.0
2015-01-14 00:00:00-05:00,103.19999694824219,104.41000366210938,101.83000183105469,103.9000015258789,67.05633544921875,14116900,0.0,0.0
2015-01-15 00:00:00-05:00,104.41000366210938,104.94000244140625,102.52999877929688,102.66999816894531,66.26249694824219,9664600,0.0,0.0
2015-01-16 00:00:00-05:00,102.47000122070312,105.13999938964844,102.47000122070312,105.12000274658203,67.84370422363281,12604600,0.0,0.0
2015-01-20 00:00:00-05:00,104.55999755859375,106.58000183105469,103.80999755859375,106.47000122070312,68.71499633789062,10406800,0.0,0.0
2015-01-21 00:00:00-05:00,106.79000091552734,108.2699966430664,106.3499984741211,108.16000366210938,69.80572509765625,8271000,0.0,0.0
2015-01-22 00:00:00-05:00,108.76000213623047,109.12000274658203,106.98999786376953,108.91999816894531,70.29618835449219,7471100,0.0,0.0
2015-01-23 00:00:00-05:00,108.22000122070312,108.75,106.7300033569336,106.8499984741211,68.96024322509766,7984400,0.0,0.0
2015-01-26 00:00:00-05:00,107.22000122070312,109.3499984741211,106.31999969482422,108.87999725341797,70.27040100097656,7670500,0.0,0.0
2015-01-27 00:00:00-05:00,108.11000061035156,108.80999755859375,107.62999725341797,108.26000213623047,69.8702392578125,6388700,0.0,0.0
2015-01-28 00:00:00-05:00,108.16000366210938,108.16999816894531,103.41999816894531,103.70999908447266,66.93370819091797,10526500,0.0,0.0
2015-01-29 00:00:00-05:00,104.23999786376953,104.62999725341797,101.66000366210938,103.0,66.4754638671875,13994400,0.0,0.0
2015-01-30 00:00:00-05:00,101.5999984741211,103.27999877929688,98.87999725341797,102.52999877929688,66.17213439941406,20584700,0.0,0.0
2015-02-02 00:00:00-05:00,103.9800033569336,106.12999725341797,102.97000122070312,106.05999755859375,68.45039367675781,11537600,0.0,0.0
2015-02-03 00:00:00-05:00,107.69999694824219,110.11000061035156,107.66999816894531,109.52999877929688,70.68989562988281,14266700,0.0,0.0
2015-02-04 00:00:00-05:00,108.48999786376953,109.27999877929688,107.38999938964844,108.3499984741211,69.92833709716797,10176000,0.0,0.0
2015-02-05 00:00:00-05:00,109.56999969482422,110.11000061035156,108.56999969482422,109.30999755859375,70.54790496826172,7533300,0.0,0.0
2015-02-06 00:00:00-05:00,109.66000366210938,110.45999908447266,109.11000061035156,109.61000061035156,70.74153137207031,7655500,0.0,0.0
2015-02-09 00:00:00-05:00,109.83999633789062,111.5,109.6500015258789,110.43000030517578,71.27076721191406,6403000,0.0,0.0
2015-02-10 00:00:00-05:00,110.5199966430664,110.62000274658203,108.08999633789062,110.18000030517578,71.1093978881836,7033700,0.0,0.0
2015-02-11 00:00:00-05:00,108.9800033569336,110.18000030517578,108.29000091552734,109.9800033569336,70.9803237915039,8662000,0.0,0.0
2015-02-12 00:00:00-05:00,110.27999877929688,111.05000305175781,109.81999969482422,110.86000061035156,72.25120544433594,6618000,1.07,0.0
2015-02-13 00:00:00-05:00,111.3499984741211,112.83999633789062,111.0999984741211,112.77999877929688,73.5025405883789,7494400,0.0,0.0
2015-02-17 00:00:00-05:00,112.30999755859375,112.93000030517578,111.5199966430664,112.4000015258789,73.2548828125,7097300,0.0,0.0
2015-02-18 00:00:00-05:00,111.25,111.6500015258789,110.37000274658203,110.44000244140625,71.97747802734375,6920300,0.0,0.0
2015-02-19 00:00:00-05:00,108.19999694824219,109.58000183105469,107.23999786376953,108.3499984741211,70.6153564453125,9721100,0.0,0.0
2015-02-20 00:00:00-05:00,108.43000030517578,108.87000274658203,107.5,108.5999984741211,70.77827453613281,7610600,0.0,0.0
2015-02-23 00:00:00-05:00,107.79000091552734,108.5,107.3499984741211,107.86000061035156,70.29598999023438,6724000,0.0,0.0
2015-02-24 00:00:00-05:00,107.88999938964844,108.23999786376953,107.33999633789062,107.95999908447266,70.36119079589844,5708400,0.0,0.0
2015-02-25 00:00:00-05:00,108.12000274658203,108.77999877929688,107.76000213623047,108.58000183105469,70.76525115966797,4806500,0.0,0.0
2015-02-26 00:00:00-05:00,107.88999938964844,107.91999816894531,106.5999984741211,107.05999755859375,69.77462768554688,5903100,0.0,0.0
2015-02-27 00:00:00-05:00,107.5199966430664,107.7300033569336,106.56999969482422,106.68000030517578,69.52696990966797,6396500,0.0,0.0
2015-03-02 00:00:00-05:00,106.31999969482422,106.33999633789062,104.93000030517578,105.9000015258789,69.01859283447266,7343700,0.0,0.0
2015-03-03 00:00:00-05:00,105.87999725341797,106.22000122070312,104.80999755859375,105.16000366210938,68.53633117675781,6901200,0.0,0.0
2015-03-04 00:00:00-05:00,105.63999938964844,105.63999938964844,104.44000244140625,105.16000366210938,68.53633117675781,5784900,0.0,0.0
2015-03-05 00:00:00-05:00,105.01000213623047,105.30999755859375,104.33000183105469,104.7300033569336,68.25605773925781,5156900,0.0,0.0
2015-03-06 00:00:00-05:00,104.22000122070312,104.5199966430664,103.16999816894531,103.55000305175781,67.48702239990234,7213300,0.0,0.0
2015-03-09 00:00:00-04:00,103.5999984741211,105.62999725341797,103.5,103.94999694824219,67.74772644042969,7506200,0.0,0.0
2015-03-10 00:00:00-04:00,103.79000091552734,104.55000305175781,102.33000183105469,102.91000366210938,67.06990814208984,10679000,0.0,0.0
2015-03-11 00:00:00-04:00,103.5199966430664,103.88999938964844,102.44999694824219,103.54000091552734,67.48052215576172,8440700,0.0,0.0
2015-03-12 00:00:00-04:00,104.22000122070312,104.51000213623047,102.30000305175781,102.41999816894531,66.75054168701172,5900600,0.0,0.0
2015-03-13 00:00:00-04:00,101.83999633789062,101.83999633789062,100.66000366210938,101.62000274658203,66.22917938232422,8345200,0.0,0.0
2015-03-16 00:00:00-04:00,101.44000244140625,103.2699966430664,101.0,103.12999725341797,67.21330261230469,6780200,0.0,0.0
2015-03-17 00:00:00-04:00,102.30000305175781,103.55000305175781,102.0999984741211,103.16999816894531,67.23937225341797,7097500,0.0,0.0
2015-03-18 00:00:00-04:00,102.61000061035156,106.87999725341797,102.37000274658203,106.69999694824219,69.54000091552734,11059700,0.0,0.0
2015-03-19 00:00:00-04:00,105.0999984741211,105.4000015258789,104.6500015258789,104.75,68.26911163330078,7841900,0.0,0.0
2015-03-20 00:00:00-04:00,105.29000091552734,107.26000213623047,105.11000061035156,107.02999877929688,69.75505065917969,14064900,0.0,0.0
2015-03-23 00:00:00-04:00,107.51000213623047,107.69000244140625,105.91999816894531,105.91999816894531,69.03163146972656,6807700,0.0,0.0
2015-03-24 00:00:00-04:00,105.91999816894531,106.19000244140625,104.16000366210938,104.19999694824219,67.91065979003906,6677800,0.0,0.0
2015-03-25 00:00:00-04:00,104.66000366210938,106.19999694824219,104.33000183105469,105.66999816894531,68.86870574951172,9169400,0.0,0.0
2015-03-26 00:00:00-04:00,106.27999877929688,106.5199966430664,104.16000366210938,105.25,68.594970703125,7276900,0.0,0.0
2015-03-27 00:00:00-04:00,104.98999786376953,104.98999786376953,103.66999816894531,104.27999877929688,67.96279907226562,5830300,0.0,0.0
2015-03-30 00:00:00-04:00,104.97000122070312,107.20999908447266,104.97000122070312,106.9000015258789,69.67033386230469,7172400,0.0,0.0
2015-03-31 00:00:00-04:00,105.62000274658203,106.06999969482422,104.87999725341797,104.9800033569336,68.41900634765625,7254100,0.0,0.0
2015-04-01 00:00:00-04:00,105.7699966430664,106.22000122070312,104.5,104.79000091552734,68.29517364501953,7347200,0.0,0.0
2015-04-02 00:00:00-04:00,104.44999694824219,105.68000030517578,104.08000183105469,105.27999877929688,68.6145248413086,5123900,0.0,0.0
2015-04-06 00:00:00-04:00,106.02999877929688,107.86000061035156,105.22000122070312,106.91999816894531,69.68335723876953,6724000,0.0,0.0
2015-04-07 00:00:00-04:00,106.97000122070312,109.08999633789062,106.62000274658203,108.54000091552734,70.73919677734375,8536000,0.0,0.0
2015-04-08 00:00:00-04:00,108.86000061035156,108.91999816894531,106.5199966430664,106.66000366210938,69.51393127441406,7894800,0.0,0.0
2015-04-09 00:00:00-04:00,106.80000305175781,107.23999786376953,106.18000030517578,106.94999694824219,69.70292663574219,5760500,0.0,0.0
2015-04-10 00:00:00-04:00,107.47000122070312,107.66000366210938,106.80999755859375,106.91000366210938,69.6768569946289,5012200,0.0,0.0
2015-04-13 00:00:00-04:00,107.3499984741211,107.9000015258789,106.44000244140625,106.5,69.40966033935547,4307200,0.0,0.0
2015-04-14 00:00:00-04:00,107.69999694824219,109.08999633789062,107.26000213623047,108.83999633789062,70.9346923828125,7262700,0.0,0.0
2015-04-15 00:00:00-04:00,109.58999633789062,110.69000244140625,109.37999725341797,110.41000366210938,71.9579086303711,6704000,0.0,0.0
2015-04-16 00:00:00-04:00,109.9000015258789,110.94000244140625,109.0,110.16000366210938,71.79498291015625,5904200,0.0,0.0
2015-04-17 00:00:00-04:00,109.36000061035156,109.69000244140625,108.26000213623047,109.11000061035156,71.11068725585938,6548700,0.0,0.0
2015-04-20 00:00:00-04:00,109.56999969482422,111.70999908447266,109.55000305175781,110.29000091552734,71.87971496582031,7148800,0.0,0.0
2015-04-21 00:00:00-04:00,110.05000305175781,110.73999786376953,109.30999755859375,109.7300033569336,71.51472473144531,5674900,0.0,0.0
2015-04-22 00:00:00-04:00,110.05000305175781,110.44000244140625,109.20999908447266,109.5,71.36483764648438,5643100,0.0,0.0
2015-04-23 00:00:00-04:00,110.0,110.6500015258789,109.5999984741211,109.97000122070312,71.67119598388672,6940000,0.0,0.0
2015-04-24 00:00:00-04:00,109.66999816894531,110.04000091552734,109.02999877929688,109.87000274658203,71.60600280761719,4995000,0.0,0.0
2015-04-27 00:00:00-04:00,110.33999633789062,110.73999786376953,109.54000091552734,109.69999694824219,71.49517059326172,4858700,0.0,0.0
2015-04-28 00:00:00-04:00,110.05000305175781,111.23999786376953,109.6500015258789,111.12000274658203,72.42063903808594,5321600,0.0,0.0
2015-04-29 00:00:00-04:00,110.81999969482422,111.98999786376953,110.68000030517578,111.7300033569336,72.8182144165039,5665800,0.0,0.0
2015-04-30 00:00:00-04:00,112.04000091552734,112.19999694824219,110.44000244140625,111.05999755859375,72.38156127929688,6666800,0.0,0.0
2015-05-01 00:00:00-04:00,110.27999877929688,110.80000305175781,108.33999633789062,109.04000091552734,71.0650634765625,10362700,0.0,0.0
2015-05-04 00:00:00-04:00,109.37999725341797,109.41000366210938,107.98999786376953,108.31999969482422,70.59580993652344,7660100,0.0,0.0
2015-05-05 00:00:00-04:00,109.23999786376953,109.93000030517578,108.0,108.0,70.38725280761719,6463300,0.0,0.0
2015-05-06 00:00:00-04:00,109.23999786376953,109.52999877929688,107.30000305175781,107.94999694824219,70.35465240478516,5820400,0.0,0.0
2015-05-07 00:00:00-04:00,107.69000244140625,108.19999694824219,106.69000244140625,107.56999969482422,70.10701751708984,5798300,0.0,0.0
2015-05-08 00:00:00-04:00,108.29000091552734,108.80000305175781,107.4000015258789,108.6500015258789,70.81085968017578,7078900,0.0,0.0
2015-05-11 00:00:00-04:00,108.6500015258789,108.69000244140625,107.30000305175781,107.36000061035156,69.97013854980469,6003600,0.0,0.0
2015-05-12 00:00:00-04:00,107.44000244140625,108.0,107.0999984741211,107.55999755859375,70.10049438476562,5026500,0.0,0.0
2015-05-13 00:00:00-04:00,107.9800033569336,108.47000122070312,107.30000305175781,107.69999694824219,70.19171905517578,5517600,0.0,0.0
2015-05-14 00:00:00-04:00,108.0199966430664,109.30000305175781,108.0199966430664,108.44999694824219,70.68050384521484,9751700,0.0,0.0
2015-05-15 00:00:00-04:00,107.20999908447266,108.33000183105469,106.94000244140625,108.02999877929688,71.1083755493164,5641600,1.07,0.0
2015-05-18 00:00:00-04:00,107.5,107.51000213623047,106.58000183105469,106.6500015258789,70.20001983642578,6390600,0.0,0.0
2015-05-19 00:00:00-04:00,106.05000305175781,106.30999755859375,105.0,105.0199966430664,69.12709045410156,7927600,0.0,0.0
2015-05-20 00:00:00-04:00,105.41999816894531,105.9000015258789,104.76000213623047,105.25,69.27849578857422,6521200,0.0,0.0
2015-05-21 00:00:00-04:00,105.97000122070312,106.2699966430664,105.30000305175781,105.48999786376953,69.43647003173828,6549300,0.0,0.0
2015-05-22 00:00:00-04:00,105.08999633789062,105.55000305175781,104.86000061035156,104.88999938964844,69.04153442382812,4717200,0.0,0.0
2015-05-26 00:00:00-04:00,104.22000122070312,104.44000244140625,102.93000030517578,103.29000091552734,67.98836517333984,8010200,0.0,0.0
2015-05-27 00:00:00-04:00,103.19999694824219,103.77999877929688,102.7300033569336,103.11000061035156,67.86988830566406,5857500,0.0,0.0
2015-05-28 00:00:00-04:00,102.95999908447266,103.41999816894531,102.37999725341797,103.23999786376953,67.95547485351562,5099900,0.0,0.0
2015-05-29 00:00:00-04:00,103.13999938964844,103.56999969482422,102.66999816894531,103.0,67.79747009277344,6673400,0.0,0.0
2015-06-01 00:00:00-04:00,103.47000122070312,103.75,102.48999786376953,102.62999725341797,67.55393981933594,5412400,0.0,0.0
2015-06-02 00:00:00-04:00,102.6500015258789,103.11000061035156,102.11000061035156,102.58000183105469,67.52102661132812,5040000,0.0,0.0
2015-06-03 00:00:00-04:00,102.4000015258789,103.37999725341797,102.12000274658203,102.16999816894531,67.25117492675781,5175700,0.0,0.0
2015-06-04 00:00:00-04:00,101.88999938964844,102.37000274658203,100.9800033569336,101.38999938964844,66.73773956298828,6896400,0.0,0.0
2015-06-05 00:00:00-04:00,101.18000030517578,103.0999984741211,100.98999786376953,101.58999633789062,66.869384765625,6080900,0.0,0.0
2015-06-08 00:00:00-04:00,101.29000091552734,101.38999938964844,99.94999694824219,100.41999816894531,66.09925079345703,8213900,0.0,0.0
2015-06-09 00:00:00-04:00,100.69999694824219,101.25,100.22000122070312,100.41999816894531,66.09925079345703,7157000,0.0,0.0
2015-06-10 00:00:00-04:00,102.5199966430664,102.58000183105469,101.5199966430664,101.83000183105469,67.0273666381836,7588400,0.0,0.0
2015-06-11 00:00:00-04:00,101.87000274658203,102.19999694824219,100.94000244140625,101.12000274658203,66.56004333496094,5582900,0.0,0.0
2015-06-12 00:00:00-04:00,100.5199966430664,100.69000244140625,99.62999725341797,99.87000274658203,65.73723602294922,6475500,0.0,0.0
2015-06-15 00:00:00-04:00,99.44999694824219,100.05999755859375,99.12999725341797,99.29000091552734,65.35545349121094,6178100,0.0,0.0
2015-06-16 00:00:00-04:00,99.19999694824219,100.44999694824219,98.80999755859375,100.04000091552734,65.84913635253906,8763700,0.0,0.0
2015-06-17 00:00:00-04:00,100.83000183105469,101.16999816894531,99.5199966430664,99.76000213623047,65.66482543945312,8231100,0.0,0.0
2015-06-18 00:00:00-04:00,100.26000213623047,100.9000015258789,100.1500015258789,100.25,65.98735046386719,7168000,0.0,0.0
2015-06-19 00:00:00-04:00,99.72000122070312,100.16999816894531,99.45999908447266,99.47000122070312,65.47395324707031,10512000,0.0,0.0
2015-06-22 00:00:00-04:00,99.83000183105469,100.37000274658203,99.37000274658203,100.29000091552734,66.0136947631836,6416100,0.0,0.0
2015-06-23 00:00:00-04:00,99.95999908447266,100.43000030517578,99.54000091552734,100.08999633789062,65.88203430175781,5697900,0.0,0.0
2015-06-24 00:00:00-04:00,99.9800033569336,100.68000030517578,99.2699966430664,99.2699966430664,65.34228515625,7451900,0.0,0.0
2015-06-25 00:00:00-04:00,99.44999694824219,99.66000366210938,98.29000091552734,98.33999633789062,64.73014831542969,6062800,0.0,0.0
2015-06-26 00:00:00-04:00,98.23999786376953,98.69000244140625,97.80999755859375,98.5999984741211,64.90128326416016,10015500,0.0,0.0
2015-06-29 00:00:00-04:00,97.5,97.95999908447266,96.5999984741211,96.69000244140625,63.644073486328125,8764600,0.0,0.0
2015-06-30 00:00:00-04:00,97.44999694824219,97.66000366210938,96.22000122070312,96.47000122070312,63.499271392822266,9925400,0.0,0.0
2015-07-01 00:00:00-04:00,96.30000305175781,96.62000274658203,95.55000305175781,96.08999633789062,63.2491340637207,7295300,0.0,0.0
2015-07-02 00:00:00-04:00,96.36000061035156,96.66999816894531,95.72000122070312,95.87000274658203,63.10431671142578,6419100,0.0,0.0
2015-07-06 00:00:00-04:00,95.05999755859375,95.55999755859375,94.4800033569336,94.7699966430664,62.38026809692383,8341600,0.0,0.0
2015-07-07 00:00:00-04:00,94.41000366210938,95.4800033569336,93.5,95.2699966430664,62.709381103515625,11774900,0.0,0.0
2015-07-08 00:00:00-04:00,94.58999633789062,95.08999633789062,93.26000213623047,93.55999755859375,61.58378982543945,7719100,0.0,0.0
2015-07-09 00:00:00-04:00,94.9000015258789,95.20999908447266,93.76000213623047,93.77999877929688,61.72861099243164,7909000,0.0,0.0
2015-07-10 00:00:00-04:00,94.52999877929688,94.94999694824219,94.06999969482422,94.41000366210938,62.1433219909668,5631900,0.0,0.0
2015-07-13 00:00:00-04:00,94.30999755859375,94.88999938964844,94.1500015258789,94.5999984741211,62.26836013793945,5038800,0.0,0.0
2015-07-14 00:00:00-04:00,94.4000015258789,95.79000091552734,94.38999938964844,95.55000305175781,62.89369201660156,5218600,0.0,0.0
2015-07-15 00:00:00-04:00,95.04000091552734,95.69999694824219,93.88999938964844,94.23999786376953,62.03139877319336,6490400,0.0,0.0
2015-07-16 00:00:00-04:00,94.27999877929688,94.7300033569336,93.9000015258789,94.4800033569336,62.18937683105469,6422700,0.0,0.0
2015-07-17 00:00:00-04:00,94.2300033569336,94.38999938964844,92.9000015258789,93.1500015258789,61.3139533996582,8214200,0.0,0.0
2015-07-20 00:00:00-04:00,93.30000305175781,93.48999786376953,92.58999633789062,92.94000244140625,61.175716400146484,6018100,0.0,0.0
2015-07-21 00:00:00-04:00,93.0,94.13999938964844,93.0,93.9000015258789,61.807621002197266,7043100,0.0,0.0
2015-07-22 00:00:00-04:00,93.51000213623047,94.33000183105469,93.29000091552734,93.51000213623047,61.550899505615234,9327500,0.0,0.0
2015-07-23 00:00:00-04:00,93.56999969482422,94.06999969482422,92.69999694824219,92.94000244140625,61.175716400146484,7360700,0.0,0.0
2015-07-24 00:00:00-04:00,92.77999877929688,92.77999877929688,90.3499984741211,90.5999984741211,59.635467529296875,11158400,0.0,0.0
2015-07-27 00:00:00-04:00,89.86000061035156,90.08999633789062,88.73999786376953,89.13999938964844,58.674442291259766,10342700,0.0,0.0
2015-07-28 00:00:00-04:00,89.44999694824219,92.69000244140625,89.43000030517578,92.4000015258789,60.82026672363281,11536900,0.0,0.0
2015-07-29 00:00:00-04:00,91.9800033569336,93.4000015258789,91.44000244140625,93.25,61.379764556884766,9821500,0.0,0.0
2015-07-30 00:00:00-04:00,93.44999694824219,93.80999755859375,92.75,93.02999877929688,61.23493194580078,6435700,0.0,0.0
2015-07-31 00:00:00-04:00,91.5199966430664,91.75,88.01000213623047,88.4800033569336,58.240028381347656,19063400,0.0,0.0
2015-08-03 00:00:00-04:00,87.27999877929688,87.33000183105469,85.31999969482422,85.5999984741211,56.344329833984375,14142200,0.0,0.0
2015-08-04 00:00:00-04:00,85.73999786376953,86.9000015258789,84.68000030517578,85.20999908447266,56.08761215209961,8537200,0.0,0.0
2015-08-05 00:00:00-04:00,85.44000244140625,86.0,83.87000274658203,84.02999877929688,55.3109130859375,11254600,0.0,0.0
2015-08-06 00:00:00-04:00,83.55999755859375,85.58000183105469,82.88999938964844,85.19000244140625,56.07444381713867,9805000,0.0,0.0
2015-08-07 00:00:00-04:00,84.70999908447266,85.26000213623047,83.43000030517578,83.75,55.126590728759766,7422000,0.0,0.0
2015-08-10 00:00:00-04:00,84.19999694824219,86.0999984741211,83.87999725341797,85.88999938964844,56.535194396972656,8342000,0.0,0.0
2015-08-11 00:00:00-04:00,84.37999725341797,85.9800033569336,83.5999984741211,85.77999877929688,56.462799072265625,9797400,0.0,0.0
2015-08-12 00:00:00-04:00,85.0,87.11000061035156,84.91999816894531,86.79000091552734,57.12761688232422,11316300,0.0,0.0
2015-08-13 00:00:00-04:00,86.02999877929688,86.33999633789062,85.44999694824219,85.8499984741211,56.50885772705078,9562400,0.0,0.0
2015-08-14 00:00:00-04:00,85.77999877929688,86.41999816894531,85.29000091552734,85.98999786376953,56.60102844238281,7748900,0.0,0.0
2015-08-17 00:00:00-04:00,84.45999908447266,84.51000213623047,83.11000061035156,83.2300033569336,55.474613189697266,12602500,1.07,0.0
2015-08-18 00:00:00-04:00,83.08000183105469,83.7699966430664,82.81999969482422,83.44000244140625,55.61457824707031,9093400,0.0,0.0
2015-08-19 00:00:00-04:00,82.87000274658203,82.91000366210938,80.66999816894531,80.91000366210938,53.92828369140625,13129000,0.0,0.0
2015-08-20 00:00:00-04:00,80.66000366210938,81.29000091552734,79.23999786376953,79.23999786376953,52.8151969909668,11857200,0.0,0.0
2015-08-21 00:00:00-04:00,78.87000274658203,79.58999633789062,75.70999908447266,75.76000213623047,50.49570083618164,18383600,0.0,0.0
2015-08-24 00:00:00-04:00,70.55000305175781,75.37999725341797,69.58000183105469,72.12000274658203,48.069541931152344,24191900,0.0,0.0
2015-08-25 00:00:00-04:00,74.93000030517578,75.0199966430664,69.83999633789062,70.0199966430664,46.66984558105469,21128000,0.0,0.0
2015-08-26 00:00:00-04:00,71.72000122070312,73.0999984741211,70.94999694824219,73.08999633789062,48.716068267822266,17400400,0.0,0.0
2015-08-27 00:00:00-04:00,75.0,78.12000274658203,74.55999755859375,77.63999938964844,51.748756408691406,21539600,0.0,0.0
2015-08-28 00:00:00-04:00,77.72000122070312,81.19999694824219,77.58000183105469,80.43000030517578,53.608333587646484,23735400,0.0,0.0
2015-08-31 00:00:00-04:00,80.01000213623047,81.08000183105469,77.91999816894531,80.98999786376953,53.98157501220703,16880400,0.0,0.0
2015-09-01 00:00:00-04:00,78.76000213623047,79.38999938964844,77.5199966430664,78.19000244140625,52.11532211303711,17954200,0.0,0.0
2015-09-02 00:00:00-04:00,79.75,79.75,77.2300033569336,78.05999755859375,52.028682708740234,14255900,0.0,0.0
2015-09-03 00:00:00-04:00,78.69999694824219,79.41999816894531,77.69000244140625,78.26000213623047,52.1619987487793,12282600,0.0,0.0
2015-09-04 00:00:00-04:00,77.30000305175781,77.62999725341797,76.44999694824219,76.66999816894531,51.10221862792969,11210000,0.0,0.0
2015-09-08 00:00:00-04:00,77.52999877929688,77.55999755859375,76.23999786376953,76.83999633789062,51.21552658081055,9316500,0.0,0.0
2015-09-09 00:00:00-04:00,77.43000030517578,78.19999694824219,74.75,74.91999816894531,49.93581008911133,11297400,0.0,0.0
2015-09-10 00:00:00-04:00,75.7300033569336,75.80000305175781,74.30999755859375,75.66000366210938,50.42905044555664,11475200,0.0,0.0
2015-09-11 00:00:00-04:00,75.94000244140625,76.25,75.08999633789062,75.79000091552734,50.51568603515625,11032100,0.0,0.0
2015-09-14 00:00:00-04:00,75.5199966430664,76.0,74.95999908447266,75.7699966430664,50.50233459472656,10235500,0.0,0.0
2015-09-15 00:00:00-04:00,76.43000030517578,77.69000244140625,76.20999908447266,77.16999816894531,51.43547058105469,11678100,0.0,0.0
2015-09-16 00:00:00-04:00,77.81999969482422,79.20999908447266,77.7699966430664,79.0199966430664,52.6685676574707,12593500,0.0,0.0
2015-09-17 00:00:00-04:00,79.12000274658203,80.47000122070312,78.5999984741211,79.41000366210938,52.928489685058594,12324300,0.0,0.0
2015-09-18 00:00:00-04:00,77.91000366210938,78.69999694824219,76.97000122070312,77.73999786376953,51.81541061401367,18635900,0.0,0.0
2015-09-21 00:00:00-04:00,78.30000305175781,78.7300033569336,77.83999633789062,78.08999633789062,52.048675537109375,8523500,0.0,0.0
2015-09-22 00:00:00-04:00,76.83999633789062,77.69000244140625,76.48999786376953,77.25,51.48880386352539,9692300,0.0,0.0
2015-09-23 00:00:00-04:00,77.4000015258789,77.52999877929688,75.76000213623047,76.12000274658203,50.73564147949219,9043000,0.0,0.0
2015-09-24 00:00:00-04:00,75.44999694824219,77.30999755859375,75.0999984741211,76.88999938964844,51.248844146728516,10302600,0.0,0.0
2015-09-25 00:00:00-04:00,77.87000274658203,78.16000366210938,76.91999816894531,77.69999694824219,51.78874206542969,10862600,0.0,0.0
2015-09-28 00:00:00-04:00,76.66000366210938,76.93000030517578,75.75,75.7699966430664,50.50233459472656,10567000,0.0,0.0
2015-09-29 00:00:00-04:00,76.04000091552734,76.66000366210938,75.27999877929688,76.25,50.822265625,8797800,0.0,0.0
2015-09-30 00:00:00-04:00,77.1500015258789,79.0199966430664,77.0,78.87999725341797,52.57522964477539,14108800,0.0,0.0
2015-10-01 00:00:00-04:00,79.72000122070312,80.88999938964844,77.80999755859375,78.33999633789062,52.215309143066406,11111900,0.0,0.0
2015-10-02 00:00:00-04:00,77.73999786376953,81.55000305175781,77.30999755859375,81.55000305175781,54.35485076904297,13051900,0.0,0.0
2015-10-05 00:00:00-04:00,82.41000366210938,84.19000244140625,82.3499984741211,84.02999877929688,56.0078125,14196800,0.0,0.0
2015-10-06 00:00:00-04:00,84.18000030517578,87.62999725341797,84.06999969482422,86.98999786376953,57.980716705322266,18897100,0.0,0.0
2015-10-07 00:00:00-04:00,88.25,89.51000213623047,86.27999877929688,88.12000274658203,58.733917236328125,17670500,0.0,0.0
2015-10-08 00:00:00-04:00,87.88999938964844,90.13999938964844,87.80000305175781,89.91000366210938,59.926971435546875,11299100,0.0,0.0
2015-10-09 00:00:00-04:00,90.19999694824219,90.4000015258789,88.66999816894531,89.56999969482422,59.700355529785156,10011100,0.0,0.0
2015-10-12 00:00:00-04:00,89.86000061035156,89.9800033569336,87.87000274658203,88.73999786376953,59.147132873535156,7917500,0.0,0.0
2015-10-13 00:00:00-04:00,87.80000305175781,88.94000244140625,87.29000091552734,88.37999725341797,58.90718460083008,8012500,0.0,0.0
2015-10-14 00:00:00-04:00,88.2300033569336,89.97000122070312,87.70999908447266,89.76000213623047,59.826988220214844,9734500,0.0,0.0
2015-10-15 00:00:00-04:00,89.6500015258789,90.87000274658203,88.44000244140625,90.72000122070312,60.46688461303711,8960400,0.0,0.0
2015-10-16 00:00:00-04:00,91.55000305175781,91.66000366210938,90.0199966430664,91.29000091552734,60.846771240234375,7821200,0.0,0.0
2015-10-19 00:00:00-04:00,90.36000061035156,90.54000091552734,89.22000122070312,90.02999877929688,60.006954193115234,8900400,0.0,0.0
2015-10-20 00:00:00-04:00,89.5,90.48999786376953,89.38999938964844,89.98999786376953,59.980281829833984,8221100,0.0,0.0
2015-10-21 00:00:00-04:00,89.44000244140625,90.62999725341797,89.13999938964844,89.33000183105469,59.540401458740234,7423400,0.0,0.0
2015-10-22 00:00:00-04:00,89.73999786376953,91.80999755859375,89.73999786376953,91.62000274658203,61.06673049926758,8971700,0.0,0.0
2015-10-23 00:00:00-04:00,90.75,91.93000030517578,90.08999633789062,91.23999786376953,60.81343460083008,8134800,0.0,0.0
2015-10-26 00:00:00-04:00,90.87000274658203,90.87999725341797,88.58000183105469,88.7699966430664,59.1671257019043,8606600,0.0,0.0
2015-10-27 00:00:00-04:00,87.7300033569336,87.95999908447266,86.73999786376953,87.69999694824219,58.45394515991211,9328800,0.0,0.0
2015-10-28 00:00:00-04:00,88.20999908447266,90.12000274658203,87.91999816894531,89.79000091552734,59.84698486328125,8236500,0.0,0.0
2015-10-29 00:00:00-04:00,89.31999969482422,90.93000030517578,89.13999938964844,89.88999938964844,59.91364669799805,6686000,0.0,0.0
2015-10-30 00:00:00-04:00,91.13999938964844,91.9800033569336,89.41000366210938,90.87999725341797,60.573516845703125,11559300,0.0,0.0
2015-11-02 00:00:00-05:00,90.61000061035156,95.27999877929688,90.4800033569336,94.95999908447266,63.29289245605469,14277300,0.0,0.0
2015-11-03 00:00:00-05:00,95.41999816894531,98.63999938964844,95.41999816894531,98.13999938964844,65.41242980957031,17669200,0.0,0.0
2015-11-04 00:00:00-05:00,98.0199966430664,98.0999984741211,96.08000183105469,96.7699966430664,64.49928283691406,11931300,0.0,0.0
2015-11-05 00:00:00-05:00,96.05000305175781,96.55000305175781,94.33000183105469,94.55000305175781,63.019649505615234,11184800,0.0,0.0
2015-11-06 00:00:00-05:00,93.70999908447266,94.06999969482422,91.76000213623047,94.02999877929688,62.67303466796875,9634200,0.0,0.0
2015-11-09 00:00:00-05:00,93.4800033569336,94.44999694824219,92.0999984741211,92.31999969482422,61.53329086303711,7659100,0.0,0.0
2015-11-10 00:00:00-05:00,92.0999984741211,93.5,91.83999633789062,93.2300033569336,62.139835357666016,6823100,0.0,0.0
2015-11-11 00:00:00-05:00,93.38999938964844,93.70999908447266,91.86000061035156,92.19000244140625,61.4466438293457,6085300,0.0,0.0
2015-11-12 00:00:00-05:00,90.75,91.1500015258789,89.25,89.86000061035156,59.89365005493164,8951300,0.0,0.0
2015-11-13 00:00:00-05:00,89.56999969482422,89.97000122070312,88.19000244140625,88.68000030517578,59.10715866088867,7676600,0.0,0.0
2015-11-16 00:00:00-05:00,87.79000091552734,91.47000122070312,87.79000091552734,91.44999694824219,61.6978645324707,10101100,1.07,0.0
2015-11-17 00:00:00-05:00,91.2699966430664,92.5,90.69999694824219,91.02999877929688,61.41448211669922,7575800,0.0,0.0
2015-11-18 00:00:00-05:00,91.44000244140625,92.75,91.02999877929688,92.20999908447266,62.210594177246094,6886900,0.0,0.0
2015-11-19 00:00:00-05:00,92.02999877929688,92.37000274658203,90.43000030517578,90.83000183105469,61.27956008911133,6096700,0.0,0.0
2015-11-20 00:00:00-05:00,90.63999938964844,91.30999755859375,88.80999755859375,89.01000213623047,60.05168151855469,8561400,0.0,0.0
2015-11-23 00:00:00-05:00,88.6500015258789,90.44000244140625,88.11000061035156,90.01000213623047,60.726348876953125,6889600,0.0,0.0
2015-11-24 00:00:00-05:00,90.19000244140625,92.30000305175781,89.80000305175781,91.3499984741211,61.63041305541992,8549000,0.0,0.0
2015-11-25 00:00:00-05:00,90.70999908447266,91.31999969482422,90.16000366210938,90.87000274658203,61.306522369384766,5419300,0.0,0.0
2015-11-27 00:00:00-05:00,90.25,90.83999633789062,90.05000305175781,90.37000274658203,60.96921157836914,2547800,0.0,0.0
2015-11-30 00:00:00-05:00,90.63999938964844,91.95999908447266,90.44000244140625,91.31999969482422,61.610130310058594,12179400,0.0,0.0
2015-12-01 00:00:00-05:00,90.97000122070312,92.6500015258789,90.97000122070312,92.4800033569336,62.39276885986328,6975500,0.0,0.0
2015-12-02 00:00:00-05:00,92.5999984741211,92.69000244140625,90.02999877929688,90.25,60.88825607299805,11830700,0.0,0.0
2015-12-03 00:00:00-05:00,90.80999755859375,91.41999816894531,88.36000061035156,88.8499984741211,59.94371032714844,10996800,0.0,0.0
2015-12-04 00:00:00-05:00,87.9000015258789,89.81999969482422,86.48999786376953,89.70999908447266,60.52393341064453,13170200,0.0,0.0
2015-12-07 00:00:00-05:00,87.4800033569336,87.94000244140625,84.9000015258789,87.27999877929688,58.88450241088867,15378900,0.0,0.0
2015-12-08 00:00:00-05:00,85.80999755859375,88.0,84.25,86.44000244140625,58.31779861450195,13397500,0.0,0.0
2015-12-09 00:00:00-05:00,86.66999816894531,90.13999938964844,86.30000305175781,87.5999984741211,59.10039520263672,14675800,0.0,0.0
2015-12-10 00:00:00-05:00,88.0,90.45999908447266,87.61000061035156,89.30000305175781,60.24732971191406,14534800,0.0,0.0
2015-12-11 00:00:00-05:00,87.8499984741211,87.91000366210938,86.08999633789062,86.44000244140625,58.31779861450195,13186900,0.0,0.0
2015-12-14 00:00:00-05:00,86.30000305175781,89.58999633789062,85.41000366210938,89.33000183105469,60.267578125,12430700,0.0,0.0
2015-12-15 00:00:00-05:00,90.58000183105469,93.4000015258789,90.55000305175781,92.76000213623047,62.58164596557617,19158500,0.0,0.0
2015-12-16 00:00:00-05:00,92.58000183105469,93.81999969482422,90.80999755859375,93.44000244140625,63.040443420410156,16917900,0.0,0.0
2015-12-17 00:00:00-05:00,93.5,94.0,90.4000015258789,90.54000091552734,61.08393859863281,14082500,0.0,0.0
2015-12-18 00:00:00-05:00,90.05999755859375,91.2699966430664,89.30000305175781,89.80999755859375,60.5914192199707,20167200,0.0,0.0
2015-12-21 00:00:00-05:00,90.4000015258789,90.69999694824219,88.20999908447266,89.23999786376953,60.20685577392578,12852300,0.0,0.0
2015-12-22 00:00:00-05:00,89.12000274658203,90.79000091552734,88.30000305175781,90.2699966430664,60.90174865722656,9661700,0.0,0.0
2015-12-23 00:00:00-05:00,92.19999694824219,93.8499984741211,91.56999969482422,93.80999755859375,63.29004669189453,11172800,0.0,0.0
2015-12-24 00:00:00-05:00,93.94999694824219,93.94999694824219,92.01000213623047,92.05000305175781,62.10266876220703,4998700,0.0,0.0
2015-12-28 00:00:00-05:00,90.30999755859375,90.72000122070312,89.69000244140625,90.36000061035156,60.96246337890625,6800000,0.0,0.0
2015-12-29 00:00:00-05:00,91.88999938964844,92.58000183105469,91.06999969482422,91.25,61.56291961669922,6471200,0.0,0.0
2015-12-30 00:00:00-05:00,90.0999984741211,90.9800033569336,89.88999938964844,90.08999633789062,60.78028869628906,5600200,0.0,0.0
2015-12-31 00:00:00-05:00,89.37999725341797,90.86000061035156,89.0199966430664,89.95999908447266,60.69260025024414,6988700,0.0,0.0
2016-01-04 00:00:00-05:00,89.52999877929688,90.11000061035156,87.56999969482422,88.8499984741211,59.94371032714844,11397300,0.0,0.0
2016-01-05 00:00:00-05:00,89.05000305175781,89.6500015258789,87.83999633789062,89.61000061035156,60.45646286010742,7883400,0.0,0.0
2016-01-06 00:00:00-05:00,87.44000244140625,87.77999877929688,85.16000366210938,86.06999969482422,58.06817626953125,14511400,0.0,0.0
2016-01-07 00:00:00-05:00,84.55000305175781,85.75,82.66999816894531,83.0199966430664,56.01045608520508,15368800,0.0,0.0
2016-01-08 00:00:00-05:00,83.38999938964844,83.83999633789062,81.22000122070312,82.12999725341797,55.409996032714844,11891600,0.0,0.0
2016-01-11 00:00:00-05:00,82.8499984741211,82.97000122070312,79.7699966430664,80.7699966430664,54.492462158203125,14366400,0.0,0.0
2016-01-12 00:00:00-05:00,82.19999694824219,82.4000015258789,79.69000244140625,82.1500015258789,55.423484802246094,13477500,0.0,0.0
2016-01-13 00:00:00-05:00,83.16000366210938,84.25,80.01000213623047,81.33000183105469,54.870269775390625,15550100,0.0,0.0
2016-01-14 00:00:00-05:00,81.94999694824219,86.16999816894531,80.94999694824219,85.47000122070312,57.66336441040039,16433400,0.0,0.0
2016-01-15 00:00:00-05:00,81.63999938964844,83.80999755859375,80.87000274658203,83.66999816894531,56.448974609375,17870300,0.0,0.0
2016-01-19 00:00:00-05:00,84.16999816894531,84.75,80.79000091552734,81.51000213623047,54.9917106628418,13155600,0.0,0.0
2016-01-20 00:00:00-05:00,79.9800033569336,80.30999755859375,75.33000183105469,78.9800033569336,53.284820556640625,26151100,0.0,0.0
2016-01-21 00:00:00-05:00,78.80000305175781,81.6500015258789,78.0199966430664,81.05000305175781,54.681358337402344,16107800,0.0,0.0
2016-01-22 00:00:00-05:00,84.45999908447266,85.19000244140625,81.72000122070312,83.54000091552734,56.361263275146484,15724600,0.0,0.0
2016-01-25 00:00:00-05:00,82.29000091552734,84.29000091552734,80.80000305175781,80.88999938964844,54.57341766357422,12370300,0.0,0.0
2016-01-26 00:00:00-05:00,81.97000122070312,84.5,81.3499984741211,84.12000274658203,56.75257110595703,12191400,0.0,0.0
2016-01-27 00:00:00-05:00,83.94999694824219,86.0999984741211,82.36000061035156,83.29000091552734,56.19261169433594,12380600,0.0,0.0
2016-01-28 00:00:00-05:00,85.75,86.69000244140625,83.69999694824219,85.91999816894531,57.96697235107422,13017400,0.0,0.0
2016-01-29 00:00:00-05:00,84.05000305175781,86.70999908447266,82.94999694824219,86.47000122070312,58.338016510009766,20248900,0.0,0.0
2016-02-01 00:00:00-05:00,85.1500015258789,86.08999633789062,84.23999786376953,85.29000091552734,57.541927337646484,10958300,0.0,0.0
2016-02-02 00:00:00-05:00,82.70999908447266,83.04000091552734,80.95999908447266,81.23999786376953,54.809539794921875,13326200,0.0,0.0
2016-02-03 00:00:00-05:00,82.38999938964844,84.62999725341797,79.8499984741211,84.62000274658203,57.089900970458984,13964100,0.0,0.0
2016-02-04 00:00:00-05:00,84.58999633789062,86.19000244140625,83.83000183105469,84.79000091552734,57.20459747314453,12825000,0.0,0.0
2016-02-05 00:00:00-05:00,83.94000244140625,84.29000091552734,82.26000213623047,82.87999725341797,55.91598892211914,15090100,0.0,0.0
2016-02-08 00:00:00-05:00,81.76000213623047,86.69999694824219,81.0999984741211,85.98999786376953,58.01417541503906,17712800,0.0,0.0
2016-02-09 00:00:00-05:00,85.08000183105469,85.79000091552734,82.16999816894531,82.91999816894531,55.94297409057617,12605600,0.0,0.0
2016-02-10 00:00:00-05:00,82.7699966430664,83.9000015258789,81.5,83.04000091552734,56.02394485473633,12110300,0.0,0.0
2016-02-11 00:00:00-05:00,81.5999984741211,83.66000366210938,80.63999938964844,82.98999786376953,55.99020767211914,12741400,0.0,0.0
2016-02-12 00:00:00-05:00,83.80000305175781,85.58000183105469,83.19999694824219,85.43000030517578,57.63639450073242,9835100,0.0,0.0
2016-02-16 00:00:00-05:00,85.2300033569336,85.38999938964844,83.30999755859375,84.80999755859375,57.94384002685547,10631500,1.07,0.0
2016-02-17 00:00:00-05:00,85.41000366210938,88.66000366210938,85.0199966430664,88.30999755859375,60.3350830078125,12710500,0.0,0.0
2016-02-18 00:00:00-05:00,88.75,89.25,86.61000061035156,86.7300033569336,59.25560760498047,9517800,0.0,0.0
2016-02-19 00:00:00-05:00,86.33000183105469,86.54000091552734,84.80000305175781,86.5,59.09846496582031,9783300,0.0,0.0
2016-02-22 00:00:00-05:00,86.5,89.83999633789062,86.5,88.81999969482422,60.68355941772461,10299900,0.0,0.0
2016-02-23 00:00:00-05:00,88.38999938964844,88.4800033569336,84.69999694824219,84.91000366210938,58.01215744018555,10655800,0.0,0.0
2016-02-24 00:00:00-05:00,83.33000183105469,85.48999786376953,82.9000015258789,85.2699966430664,58.25812530517578,9775200,0.0,0.0
2016-02-25 00:00:00-05:00,85.66999816894531,85.70999908447266,83.73999786376953,85.30000305175781,58.27861022949219,9452600,0.0,0.0
2016-02-26 00:00:00-05:00,86.97000122070312,87.0999984741211,84.27999877929688,84.3499984741211,57.629554748535156,9369900,0.0,0.0
2016-02-29 00:00:00-05:00,84.94000244140625,85.19999694824219,83.06999969482422,83.44000244140625,57.00782775878906,11549600,0.0,0.0
2016-03-01 00:00:00-05:00,84.12000274658203,86.52999877929688,83.37000274658203,86.12999725341797,58.845672607421875,11614700,0.0,0.0
2016-03-02 00:00:00-05:00,85.4000015258789,87.18000030517578,84.4000015258789,87.13999938964844,59.53571701049805,9637600,0.0,0.0
2016-03-03 00:00:00-05:00,87.0,87.56999969482422,86.05000305175781,87.52999877929688,59.80217361450195,8526100,0.0,0.0
2016-03-04 00:00:00-05:00,87.41999816894531,88.62000274658203,86.69999694824219,87.93000030517578,60.07548141479492,9328600,0.0,0.0
2016-03-07 00:00:00-05:00,87.94000244140625,90.76000213623047,87.55000305175781,90.66999816894531,61.94750213623047,12784300,0.0,0.0
2016-03-08 00:00:00-05:00,90.37999725341797,91.08000183105469,88.33000183105469,88.73999786376953,60.62889099121094,10508400,0.0,0.0
2016-03-09 00:00:00-05:00,89.69999694824219,94.63999938964844,89.47000122070312,92.81999969482422,63.41644287109375,19323100,0.0,0.0
2016-03-10 00:00:00-05:00,92.79000091552734,93.94999694824219,92.0199966430664,93.94000244140625,64.18162536621094,12090900,0.0,0.0
2016-03-11 00:00:00-05:00,94.94999694824219,96.13999938964844,93.37999725341797,94.58000183105469,64.6188735961914,14098800,0.0,0.0
2016-03-14 00:00:00-04:00,93.56999969482422,94.83000183105469,93.08999633789062,94.26000213623047,64.4002456665039,6898900,0.0,0.0
2016-03-15 00:00:00-04:00,93.1500015258789,94.4000015258789,92.25,94.2699966430664,64.4070816040039,7006300,0.0,0.0
2016-03-16 00:00:00-04:00,94.72000122070312,96.13999938964844,93.72000122070312,95.4000015258789,65.17912292480469,9969200,0.0,0.0
2016-03-17 00:00:00-04:00,96.25,97.73999786376953,95.29000091552734,96.88999938964844,66.19709014892578,10679400,0.0,0.0
2016-03-18 00:00:00-04:00,97.8499984741211,97.91000366210938,95.86000061035156,97.69000244140625,66.74370574951172,14436300,0.0,0.0
2016-03-21 00:00:00-04:00,97.0199966430664,97.54000091552734,95.91000366210938,96.44000244140625,65.88967895507812,8040100,0.0,0.0
2016-03-22 00:00:00-04:00,95.75,96.91000366210938,95.31999969482422,95.5,65.24744415283203,7567100,0.0,0.0
2016-03-23 00:00:00-04:00,94.72000122070312,94.80999755859375,93.04000091552734,93.58999633789062,63.94249725341797,10302800,0.0,0.0
2016-03-24 00:00:00-04:00,92.54000091552734,94.94000244140625,92.25,94.8499984741211,64.80335998535156,8159100,0.0,0.0
2016-03-28 00:00:00-04:00,94.9000015258789,95.08000183105469,94.0,94.68000030517578,64.68721008300781,5054000,0.0,0.0
2016-03-29 00:00:00-04:00,93.79000091552734,95.38999938964844,92.94000244140625,95.31999969482422,65.12448120117188,6616600,0.0,0.0
2016-03-30 00:00:00-04:00,96.3499984741211,96.69000244140625,95.16000366210938,95.25,65.07664489746094,6182900,0.0,0.0
2016-03-31 00:00:00-04:00,95.19000244140625,96.19999694824219,94.94999694824219,95.4000015258789,65.17912292480469,5943900,0.0,0.0
2016-04-01 00:00:00-04:00,93.69000244140625,94.77999877929688,93.31999969482422,94.26000213623047,64.4002456665039,7555900,0.0,0.0
2016-04-04 00:00:00-04:00,94.44000244140625,94.4800033569336,93.04000091552734,93.43000030517578,63.833194732666016,6552000,0.0,0.0
2016-04-05 00:00:00-04:00,93.0,93.3499984741211,92.43000030517578,92.66999816894531,63.313934326171875,6662000,0.0,0.0
2016-04-06 00:00:00-04:00,93.1500015258789,95.0,92.81999969482422,94.83999633789062,64.79650115966797,6836400,0.0,0.0
2016-04-07 00:00:00-04:00,94.37000274658203,95.02999877929688,94.08000183105469,94.79000091552734,64.76236724853516,6817700,0.0,0.0
2016-04-08 00:00:00-04:00,96.25,96.87000274658203,95.76000213623047,96.33000183105469,65.81452941894531,7108500,0.0,0.0
2016-04-11 00:00:00-04:00,96.87000274658203,97.30000305175781,95.1500015258789,95.23999786376953,65.06979370117188,6644200,0.0,0.0
2016-04-12 00:00:00-04:00,95.69000244140625,97.94000244140625,95.43000030517578,97.51000213623047,66.62071990966797,8783400,0.0,0.0
2016-04-13 00:00:00-04:00,97.80000305175781,97.91000366210938,97.02999877929688,97.5999984741211,66.68219757080078,6406800,0.0,0.0
2016-04-14 00:00:00-04:00,97.6500015258789,98.2699966430664,97.36000061035156,97.9800033569336,66.94183349609375,6162200,0.0,0.0
2016-04-15 00:00:00-04:00,97.70999908447266,97.80000305175781,96.95999908447266,97.2300033569336,66.42940521240234,6551600,0.0,0.0
2016-04-18 00:00:00-04:00,97.2300033569336,98.76000213623047,95.5199966430664,98.69999694824219,67.4337387084961,7770200,0.0,0.0
2016-04-19 00:00:00-04:00,99.0,100.52999877929688,98.16000366210938,100.5,68.66353607177734,10584800,0.0,0.0
2016-04-20 00:00:00-04:00,100.08000183105469,102.54000091552734,99.83999633789062,101.69000244140625,69.4765625,10150500,0.0,0.0
2016-04-21 00:00:00-04:00,101.63999938964844,102.80000305175781,101.11000061035156,101.4000015258789,69.27847290039062,8278600,0.0,0.0
2016-04-22 00:00:00-04:00,101.73999786376953,102.5,101.5,102.01000213623047,69.6951904296875,5754000,0.0,0.0
2016-04-25 00:00:00-04:00,101.47000122070312,101.7699966430664,100.83000183105469,101.51000213623047,69.35359954833984,6612100,0.0,0.0
2016-04-26 00:00:00-04:00,102.05000305175781,102.9800033569336,101.70999908447266,102.29000091552734,69.8864974975586,5650700,0.0,0.0
2016-04-27 00:00:00-04:00,102.9000015258789,103.94000244140625,102.37999725341797,103.8499984741211,70.95231628417969,8383600,0.0,0.0
2016-04-28 00:00:00-04:00,103.12999725341797,104.26000213623047,102.05000305175781,102.4000015258789,69.96167755126953,7598000,0.0,0.0
2016-04-29 00:00:00-04:00,101.13999938964844,102.62999725341797,100.61000061035156,102.18000030517578,69.81137084960938,8826900,0.0,0.0
2016-05-02 00:00:00-04:00,101.83000183105469,103.8499984741211,101.80000305175781,103.30999755859375,70.58338928222656,6844500,0.0,0.0
2016-05-03 00:00:00-04:00,102.26000213623047,102.3499984741211,101.05000305175781,101.31999969482422,69.22376251220703,7033600,0.0,0.0
2016-05-04 00:00:00-04:00,101.05999755859375,102.30000305175781,100.38999938964844,100.58999633789062,68.72503662109375,7444100,0.0,0.0
2016-05-05 00:00:00-04:00,101.8499984741211,102.5999984741211,100.86000061035156,101.41999816894531,69.29210662841797,6474300,0.0,0.0
2016-05-06 00:00:00-04:00,100.83999633789062,102.69999694824219,100.83999633789062,101.86000061035156,69.59272003173828,5966800,0.0,0.0
2016-05-09 00:00:00-04:00,101.62000274658203,101.80000305175781,99.08000183105469,100.3499984741211,68.56106567382812,9342100,0.0,0.0
2016-05-10 00:00:00-04:00,100.63999938964844,101.29000091552734,100.41000366210938,101.2699966430664,69.18962860107422,6698100,0.0,0.0
2016-05-11 00:00:00-04:00,101.23999786376953,101.73999786376953,100.1500015258789,101.13999938964844,69.10079956054688,6850700,0.0,0.0
2016-05-12 00:00:00-04:00,102.1500015258789,102.41999816894531,101.08000183105469,102.12000274658203,69.77034759521484,6532400,0.0,0.0
2016-05-13 00:00:00-04:00,101.62999725341797,102.04000091552734,100.36000061035156,100.73999786376953,68.82750701904297,5665200,0.0,0.0
2016-05-16 00:00:00-04:00,101.87000274658203,102.5999984741211,101.4000015258789,102.29000091552734,69.8864974975586,6779400,0.0,0.0
2016-05-17 00:00:00-04:00,101.06999969482422,102.18000030517578,100.33999633789062,100.75,69.56201934814453,7028000,1.07,0.0
2016-05-18 00:00:00-04:00,100.9000015258789,101.2699966430664,99.44000244140625,100.05999755859375,69.08560180664062,5927500,0.0,0.0
2016-05-19 00:00:00-04:00,99.26000213623047,100.08000183105469,98.5199966430664,99.8499984741211,68.94058990478516,6241100,0.0,0.0
2016-05-20 00:00:00-04:00,100.30000305175781,100.4000015258789,99.48999786376953,99.79000091552734,68.89916229248047,4707100,0.0,0.0
2016-05-23 00:00:00-04:00,99.18000030517578,100.12999725341797,99.06999969482422,99.37999725341797,68.61609649658203,4231200,0.0,0.0
2016-05-24 00:00:00-04:00,99.94000244140625,100.76000213623047,99.62000274658203,100.19000244140625,69.17534637451172,4383300,0.0,0.0
2016-05-25 00:00:00-04:00,100.81999969482422,101.9800033569336,100.81999969482422,101.7699966430664,70.26624298095703,5428200,0.0,0.0
2016-05-26 00:00:00-04:00,101.8499984741211,102.37000274658203,100.97000122070312,101.5,70.0798110961914,4147200,0.0,0.0
2016-05-27 00:00:00-04:00,101.37999725341797,102.11000061035156,100.87000274658203,102.0199966430664,70.43887329101562,5008900,0.0,0.0
2016-05-31 00:00:00-04:00,102.1500015258789,102.27999877929688,100.56999969482422,101.0,69.734619140625,8141800,0.0,0.0
2016-06-01 00:00:00-04:00,100.23999786376953,101.37999725341797,99.88999938964844,101.12999725341797,69.82437133789062,4815200,0.0,0.0
2016-06-02 00:00:00-04:00,100.4000015258789,100.56999969482422,99.72000122070312,100.52999877929688,69.41008758544922,6714100,0.0,0.0
2016-06-03 00:00:00-04:00,100.6500015258789,101.13999938964844,100.0,100.66000366210938,69.49987030029297,4957800,0.0,0.0
2016-06-06 00:00:00-04:00,101.33999633789062,102.04000091552734,100.91999816894531,101.16999816894531,69.85200500488281,5948200,0.0,0.0
2016-06-07 00:00:00-04:00,101.83999633789062,103.69999694824219,101.61000061035156,103.31999969482422,71.33642578125,9807000,0.0,0.0
2016-06-08 00:00:00-04:00,103.55000305175781,104.08000183105469,102.66999816894531,103.08999633789062,71.17761993408203,6318100,0.0,0.0
2016-06-09 00:00:00-04:00,102.04000091552734,103.12999725341797,102.02999877929688,102.80999755859375,70.98430633544922,4247500,0.0,0.0
2016-06-10 00:00:00-04:00,102.47000122070312,102.97000122070312,101.26000213623047,101.9800033569336,70.4112548828125,8108400,0.0,0.0
2016-06-13 00:00:00-04:00,101.5,103.0999984741211,101.37999725341797,102.0999984741211,70.49411010742188,6360100,0.0,0.0
2016-06-14 00:00:00-04:00,101.76000213623047,102.05000305175781,100.5199966430664,101.27999877929688,69.92792510986328,6924000,0.0,0.0
2016-06-15 00:00:00-04:00,100.62999725341797,101.63999938964844,100.25,100.62999725341797,69.4791259765625,5627000,0.0,0.0
2016-06-16 00:00:00-04:00,99.97000122070312,101.26000213623047,98.7699966430664,101.06999969482422,69.7829360961914,8043000,0.0,0.0
2016-06-17 00:00:00-04:00,101.44000244140625,101.73999786376953,100.4000015258789,101.56999969482422,70.12814331054688,8762200,0.0,0.0
2016-06-20 00:00:00-04:00,102.87999725341797,103.4000015258789,102.5999984741211,102.61000061035156,70.84622192382812,6627000,0.0,0.0
2016-06-21 00:00:00-04:00,102.69000244140625,103.44999694824219,102.2699966430664,103.23999786376953,71.28119659423828,4938700,0.0,0.0
2016-06-22 00:00:00-04:00,103.5,103.55000305175781,102.19000244140625,102.29000091552734,70.6252670288086,4866400,0.0,0.0
2016-06-23 00:00:00-04:00,103.44999694824219,104.44999694824219,103.06999969482422,104.44000244140625,72.1097183227539,5593600,0.0,0.0
2016-06-24 00:00:00-04:00,101.45999908447266,103.01000213623047,101.16999816894531,101.9000015258789,70.35601043701172,11481400,0.0,0.0
2016-06-27 00:00:00-04:00,101.25,101.4000015258789,99.5199966430664,100.36000061035156,69.29273986816406,8248700,0.0,0.0
2016-06-28 00:00:00-04:00,101.22000122070312,102.0,100.63999938964844,101.62999725341797,70.1695785522461,7171100,0.0,0.0
2016-06-29 00:00:00-04:00,102.5199966430664,104.68000030517578,102.30000305175781,103.41999816894531,71.40547180175781,8887500,0.0,0.0
2016-06-30 00:00:00-04:00,103.55999755859375,105.0,103.27999877929688,104.83000183105469,72.37899780273438,7649700,0.0,0.0
2016-07-01 00:00:00-04:00,104.77999877929688,104.87999725341797,103.77999877929688,104.1500015258789,71.90951538085938,6117800,0.0,0.0
2016-07-05 00:00:00-04:00,103.5,103.87000274658203,102.8499984741211,103.56999969482422,71.50904846191406,7766600,0.0,0.0
2016-07-06 00:00:00-04:00,103.26000213623047,104.5999984741211,102.45999908447266,104.58000183105469,72.2063980102539,6166900,0.0,0.0
2016-07-07 00:00:00-04:00,104.88999938964844,105.0,102.13999938964844,103.05000305175781,71.15003204345703,7707400,0.0,0.0
2016-07-08 00:00:00-04:00,103.87999725341797,104.97000122070312,103.0,104.7699966430664,72.33755493164062,9043600,0.0,0.0
2016-07-11 00:00:00-04:00,104.80999755859375,106.0,104.80000305175781,105.38999938964844,72.76565551757812,7206100,0.0,0.0
2016-07-12 00:00:00-04:00,106.30000305175781,107.30000305175781,106.18000030517578,106.77999877929688,73.72533416748047,8377200,0.0,0.0
2016-07-13 00:00:00-04:00,106.77999877929688,107.19999694824219,105.86000061035156,106.6500015258789,73.63558959960938,5959900,0.0,0.0
2016-07-14 00:00:00-04:00,107.19999694824219,107.58000183105469,106.43000030517578,106.69999694824219,73.67011260986328,4750900,0.0,0.0
2016-07-15 00:00:00-04:00,107.33000183105469,107.54000091552734,106.38999938964844,107.02999877929688,73.89794158935547,6164300,0.0,0.0
2016-07-18 00:00:00-04:00,106.66999816894531,106.75,106.0199966430664,106.08999633789062,73.24897003173828,4931500,0.0,0.0
2016-07-19 00:00:00-04:00,105.9800033569336,106.2699966430664,105.6500015258789,106.04000091552734,73.21443176269531,4630800,0.0,0.0
2016-07-20 00:00:00-04:00,105.93000030517578,106.12999725341797,105.0,105.58999633789062,72.90373229980469,6802000,0.0,0.0
2016-07-21 00:00:00-04:00,105.4000015258789,105.8499984741211,104.87000274658203,105.38999938964844,72.76565551757812,5701000,0.0,0.0
2016-07-22 00:00:00-04:00,105.68000030517578,106.0,105.19999694824219,105.66000366210938,72.95207214355469,5255400,0.0,0.0
2016-07-25 00:00:00-04:00,104.86000061035156,105.11000061035156,102.77999877929688,103.06999969482422,71.16381072998047,7784000,0.0,0.0
2016-07-26 00:00:00-04:00,102.56999969482422,103.16000366210938,102.08000183105469,102.68000030517578,70.89453125,6101100,0.0,0.0
2016-07-27 00:00:00-04:00,102.68000030517578,103.31999969482422,101.80000305175781,102.26000213623047,70.60456085205078,5412200,0.0,0.0
2016-07-28 00:00:00-04:00,102.08999633789062,102.22000122070312,100.9800033569336,101.79000091552734,70.28006744384766,8226200,0.0,0.0
2016-07-29 00:00:00-04:00,100.52999877929688,102.66000366210938,99.8499984741211,102.4800033569336,70.75645446777344,10157600,0.0,0.0
2016-08-01 00:00:00-04:00,101.33000183105469,102.0999984741211,98.62000274658203,99.11000061035156,68.42967987060547,11550600,0.0,0.0
2016-08-02 00:00:00-04:00,99.5199966430664,100.06999969482422,97.91000366210938,99.58999633789062,68.76107025146484,9752700,0.0,0.0
2016-08-03 00:00:00-04:00,99.6500015258789,100.63999938964844,99.29000091552734,100.61000061035156,69.46534729003906,6611700,0.0,0.0
2016-08-04 00:00:00-04:00,100.27999877929688,101.08000183105469,100.0,100.38999938964844,69.31343078613281,6088100,0.0,0.0
2016-08-05 00:00:00-04:00,100.98999786376953,101.06999969482422,99.72000122070312,100.51000213623047,69.39628601074219,6710500,0.0,0.0
2016-08-08 00:00:00-04:00,100.98999786376953,101.68000030517578,100.72000122070312,101.19999694824219,69.87271118164062,5447500,0.0,0.0
2016-08-09 00:00:00-04:00,101.8499984741211,102.0,100.7699966430664,101.31999969482422,69.9555435180664,4957300,0.0,0.0
2016-08-10 00:00:00-04:00,101.6500015258789,101.80999755859375,99.94000244140625,100.13999938964844,69.14083862304688,5081300,0.0,0.0
2016-08-11 00:00:00-04:00,100.6500015258789,101.86000061035156,100.38999938964844,101.4000015258789,70.01079559326172,4836600,0.0,0.0
2016-08-12 00:00:00-04:00,101.73999786376953,102.33000183105469,101.26000213623047,102.16000366210938,70.5355224609375,5199000,0.0,0.0
2016-08-15 00:00:00-04:00,102.61000061035156,103.05999755859375,102.41999816894531,102.7699966430664,70.95668029785156,4886300,0.0,0.0
2016-08-16 00:00:00-04:00,102.7699966430664,102.93000030517578,102.33000183105469,102.62000274658203,70.85311889648438,5384300,0.0,0.0
2016-08-17 00:00:00-04:00,101.5,102.30000305175781,101.0199966430664,102.22000122070312,71.32060241699219,5311600,1.07,0.0
2016-08-18 00:00:00-04:00,102.62999725341797,103.5999984741211,102.05999755859375,103.55000305175781,72.24855041503906,6944400,0.0,0.0
2016-08-19 00:00:00-04:00,103.06999969482422,103.12999725341797,102.12000274658203,102.31999969482422,71.39036560058594,5057200,0.0,0.0
2016-08-22 00:00:00-04:00,101.75,102.4000015258789,101.23999786376953,101.94000244140625,71.125244140625,5494900,0.0,0.0
2016-08-23 00:00:00-04:00,102.02999877929688,102.16999816894531,101.5,101.68000030517578,70.94381713867188,4929700,0.0,0.0
2016-08-24 00:00:00-04:00,101.4000015258789,102.29000091552734,101.27999877929688,102.19999694824219,71.30663299560547,5178300,0.0,0.0
2016-08-25 00:00:00-04:00,102.29000091552734,102.29000091552734,101.52999877929688,101.88999938964844,71.09034729003906,4490100,0.0,0.0
2016-08-26 00:00:00-04:00,102.11000061035156,102.4800033569336,100.86000061035156,101.31999969482422,70.69263458251953,4776200,0.0,0.0
2016-08-29 00:00:00-04:00,101.23999786376953,102.2300033569336,101.0,102.05000305175781,71.20198059082031,4026900,0.0,0.0
2016-08-30 00:00:00-04:00,102.05000305175781,102.62999725341797,101.37000274658203,101.69999694824219,70.95777130126953,3712800,0.0,0.0
2016-08-31 00:00:00-04:00,101.19999694824219,101.33000183105469,99.91999816894531,100.58000183105469,70.17634582519531,6249100,0.0,0.0
2016-09-01 00:00:00-04:00,100.3499984741211,100.58000183105469,99.47000122070312,100.20999908447266,69.91819763183594,6045000,0.0,0.0
2016-09-02 00:00:00-04:00,100.88999938964844,101.45999908447266,100.26000213623047,100.93000030517578,70.4205322265625,4676600,0.0,0.0
2016-09-06 00:00:00-04:00,101.20999908447266,102.61000061035156,100.97000122070312,102.43000030517578,71.46709442138672,5429000,0.0,0.0
2016-09-07 00:00:00-04:00,102.75,103.05000305175781,102.23999786376953,102.87999725341797,71.78108215332031,5284300,0.0,0.0
2016-09-08 00:00:00-04:00,103.33999633789062,104.3499984741211,102.47000122070312,104.12000274658203,72.64625549316406,5788800,0.0,0.0
2016-09-09 00:00:00-04:00,103.3499984741211,103.41000366210938,101.2300033569336,101.2699966430664,70.65777587890625,7808700,0.0,0.0
2016-09-12 00:00:00-04:00,101.19999694824219,102.55000305175781,100.56999969482422,102.25,71.34153747558594,8149100,0.0,0.0
2016-09-13 00:00:00-04:00,101.6500015258789,101.6500015258789,99.16999816894531,99.43000030517578,69.37397766113281,9300400,0.0,0.0
2016-09-14 00:00:00-04:00,99.12000274658203,99.94999694824219,98.16999816894531,98.41999816894531,68.66925811767578,8201400,0.0,0.0
2016-09-15 00:00:00-04:00,98.5,100.38999938964844,98.43000030517578,99.5,69.42280578613281,6701600,0.0,0.0
2016-09-16 00:00:00-04:00,98.33000183105469,98.80999755859375,97.52999877929688,97.83999633789062,68.26459503173828,12725600,0.0,0.0
2016-09-19 00:00:00-04:00,98.33000183105469,98.8499984741211,97.98999786376953,98.04000091552734,68.40413665771484,6182000,0.0,0.0
2016-09-20 00:00:00-04:00,98.16999816894531,98.4800033569336,97.68000030517578,97.69999694824219,68.16690063476562,5771900,0.0,0.0
2016-09-21 00:00:00-04:00,98.3499984741211,99.69000244140625,98.25,99.62999725341797,69.51351165771484,6361600,0.0,0.0
2016-09-22 00:00:00-04:00,100.5199966430664,100.75,99.83999633789062,99.9800033569336,69.75769805908203,5416700,0.0,0.0
2016-09-23 00:00:00-04:00,99.33999633789062,100.55000305175781,98.87000274658203,99.22000122070312,69.22744750976562,7396800,0.0,0.0
2016-09-26 00:00:00-04:00,99.48999786376953,100.27999877929688,98.66000366210938,98.77999877929688,68.92045593261719,5781800,0.0,0.0
2016-09-27 00:00:00-04:00,98.23999786376953,99.66000366210938,97.79000091552734,98.9800033569336,69.05998229980469,6476100,0.0,0.0
2016-09-28 00:00:00-04:00,99.5199966430664,102.27999877929688,98.75,102.1500015258789,71.2717514038086,10190900,0.0,0.0
2016-09-29 00:00:00-04:00,102.0,102.2699966430664,100.4800033569336,101.2699966430664,70.65777587890625,8148400,0.0,0.0
2016-09-30 00:00:00-04:00,101.83000183105469,103.5999984741211,101.2300033569336,102.91999816894531,71.80899810791016,9431500,0.0,0.0
2016-10-03 00:00:00-04:00,102.55000305175781,102.83000183105469,101.91000366210938,102.44999694824219,71.48106384277344,4334700,0.0,0.0
2016-10-04 00:00:00-04:00,102.70999908447266,102.91999816894531,100.76000213623047,101.2699966430664,70.65777587890625,6505400,0.0,0.0
2016-10-05 00:00:00-04:00,101.98999786376953,102.87000274658203,101.75,102.2300033569336,71.32759094238281,5912800,0.0,0.0
2016-10-06 00:00:00-04:00,102.31999969482422,102.69999694824219,101.33999633789062,102.18000030517578,71.29269409179688,4362900,0.0,0.0
2016-10-07 00:00:00-04:00,102.5,103.47000122070312,102.19000244140625,102.2699966430664,71.35547637939453,5844500,0.0,0.0
2016-10-10 00:00:00-04:00,103.20999908447266,104.41999816894531,103.20999908447266,103.9800033569336,72.54857635498047,5982700,0.0,0.0
2016-10-11 00:00:00-04:00,103.77999877929688,104.0999984741211,102.68000030517578,103.04000091552734,71.89271545410156,5337300,0.0,0.0
2016-10-12 00:00:00-04:00,102.73999786376953,102.83000183105469,101.5999984741211,102.1500015258789,71.2717514038086,4935100,0.0,0.0
2016-10-13 00:00:00-04:00,101.48999786376953,101.72000122070312,99.61000061035156,100.79000091552734,70.32286071777344,7883000,0.0,0.0
2016-10-14 00:00:00-04:00,101.4800033569336,101.95999908447266,100.61000061035156,101.08000183105469,70.52519989013672,5114700,0.0,0.0
2016-10-17 00:00:00-04:00,100.94000244140625,101.48999786376953,100.62000274658203,101.36000061035156,70.7205581665039,4540800,0.0,0.0
2016-10-18 00:00:00-04:00,101.98999786376953,102.25,101.12000274658203,101.79000091552734,71.02057647705078,4720900,0.0,0.0
2016-10-19 00:00:00-04:00,102.47000122070312,103.69999694824219,102.23999786376953,102.2699966430664,71.35547637939453,5905700,0.0,0.0
2016-10-20 00:00:00-04:00,101.63999938964844,102.22000122070312,100.69000244140625,101.87000274658203,71.07640075683594,4820900,0.0,0.0
2016-10-21 00:00:00-04:00,101.05999755859375,101.55999755859375,100.62999725341797,101.30000305175781,70.6786880493164,5622400,0.0,0.0
2016-10-24 00:00:00-04:00,101.55999755859375,101.58000183105469,100.05999755859375,100.66000366210938,70.232177734375,6077300,0.0,0.0
2016-10-25 00:00:00-04:00,100.75,101.66999816894531,100.5199966430664,100.7699966430664,70.30889892578125,4730700,0.0,0.0
2016-10-26 00:00:00-04:00,100.31999969482422,101.52999877929688,99.87000274658203,101.19000244140625,70.60194396972656,6353700,0.0,0.0
2016-10-27 00:00:00-04:00,101.51000213623047,101.9800033569336,99.91999816894531,99.91999816894531,69.71585845947266,9897800,0.0,0.0
2016-10-28 00:00:00-04:00,101.12000274658203,105.02999877929688,100.94999694824219,103.81999969482422,72.43693542480469,17435400,0.0,0.0
2016-10-31 00:00:00-04:00,103.81999969482422,105.45999908447266,103.77999877929688,104.75,73.08585357666016,12340800,0.0,0.0
2016-11-01 00:00:00-04:00,105.51000213623047,106.73999786376953,105.44999694824219,106.4800033569336,74.29288482666016,12755600,0.0,0.0
2016-11-02 00:00:00-04:00,105.6500015258789,106.05000305175781,104.25,105.38999938964844,73.5323486328125,8405200,0.0,0.0
2016-11-03 00:00:00-04:00,105.52999877929688,106.19000244140625,104.94999694824219,105.38999938964844,73.5323486328125,5703200,0.0,0.0
2016-11-04 00:00:00-04:00,105.25,105.48999786376953,104.37999725341797,104.77999877929688,73.10673522949219,7085400,0.0,0.0
2016-11-07 00:00:00-05:00,106.0,106.9800033569336,105.77999877929688,106.8499984741211,74.55101776123047,7333800,0.0,0.0
2016-11-08 00:00:00-05:00,106.56999969482422,108.19000244140625,106.41999816894531,107.29000091552734,74.85801696777344,8050000,0.0,0.0
2016-11-09 00:00:00-05:00,106.04000091552734,108.26000213623047,105.69000244140625,107.63999938964844,75.10224151611328,9161800,0.0,0.0
2016-11-10 00:00:00-05:00,107.54000091552734,108.5,107.23999786376953,107.79000091552734,75.2068862915039,8739500,0.0,0.0
2016-11-11 00:00:00-05:00,107.4800033569336,107.6500015258789,105.94000244140625,106.63999938964844,74.40451049804688,7939500,0.0,0.0
2016-11-14 00:00:00-05:00,106.1500015258789,106.7300033569336,105.58999633789062,106.58999633789062,74.3696060180664,7656000,0.0,0.0
2016-11-15 00:00:00-05:00,107.48999786376953,109.05999755859375,107.4000015258789,108.95999908447266,76.0232162475586,12156500,0.0,0.0
2016-11-16 00:00:00-05:00,108.19999694824219,109.0,107.73999786376953,108.3499984741211,76.35440063476562,7723700,1.08,0.0
2016-11-17 00:00:00-05:00,109.0,110.0999984741211,107.58999633789062,108.12000274658203,76.19232940673828,6638100,0.0,0.0
2016-11-18 00:00:00-05:00,108.56999969482422,109.66999816894531,108.1500015258789,109.19999694824219,76.95343017578125,6815500,0.0,0.0
2016-11-21 00:00:00-05:00,110.36000061035156,111.0,110.06999969482422,110.18000030517578,77.64399719238281,8476800,0.0,0.0
2016-11-22 00:00:00-05:00,110.79000091552734,111.0,109.30999755859375,110.62000274658203,77.95407104492188,6440500,0.0,0.0
2016-11-23 00:00:00-05:00,110.4000015258789,111.47000122070312,110.04000091552734,111.0,78.22187042236328,4472700,0.0,0.0
2016-11-25 00:00:00-05:00,110.54000091552734,111.22000122070312,110.12000274658203,111.0,78.22187042236328,3238600,0.0,0.0
2016-11-28 00:00:00-05:00,110.94999694824219,111.56999969482422,110.37999725341797,110.5,77.86951446533203,6406700,0.0,0.0
2016-11-29 00:00:00-05:00,109.0999984741211,109.72000122070312,108.4000015258789,109.33999633789062,77.05204010009766,7461900,0.0,0.0
2016-11-30 00:00:00-05:00,112.05000305175781,112.9800033569336,111.30000305175781,111.55999755859375,78.61652374267578,17301900,0.0,0.0
2016-12-01 00:00:00-05:00,112.79000091552734,114.91000366210938,112.52999877929688,113.29000091552734,79.83566284179688,11792300,0.0,0.0
2016-12-02 00:00:00-05:00,113.19999694824219,113.80999755859375,112.27999877929688,113.0,79.63126373291016,6167400,0.0,0.0
2016-12-05 00:00:00-05:00,113.38999938964844,114.4800033569336,113.02999877929688,113.25,79.80746459960938,6909800,0.0,0.0
2016-12-06 00:00:00-05:00,112.38999938964844,113.48999786376953,112.20999908447266,112.76000213623047,79.46214294433594,6033600,0.0,0.0
2016-12-07 00:00:00-05:00,113.04000091552734,114.4800033569336,112.81999969482422,114.44000244140625,80.64604187011719,6434100,0.0,0.0
2016-12-08 00:00:00-05:00,114.7300033569336,115.4000015258789,114.19999694824219,115.16999816894531,81.16047668457031,5519700,0.0,0.0
2016-12-09 00:00:00-05:00,114.98999786376953,115.98999786376953,114.97000122070312,115.80999755859375,81.61148834228516,5771600,0.0,0.0
2016-12-12 00:00:00-05:00,117.7699966430664,118.98999786376953,116.56999969482422,117.1500015258789,82.55579376220703,10044700,0.0,0.0
2016-12-13 00:00:00-05:00,117.9000015258789,118.30999755859375,116.02999877929688,117.41999816894531,82.74604797363281,8644200,0.0,0.0
2016-12-14 00:00:00-05:00,116.70999908447266,117.87999725341797,115.76000213623047,115.95999908447266,81.71720886230469,7878400,0.0,0.0
2016-12-15 00:00:00-05:00,115.62999725341797,117.38999938964844,115.36000061035156,117.05000305175781,82.48533630371094,7458300,0.0,0.0
2016-12-16 00:00:00-05:00,117.83999633789062,118.58000183105469,117.41999816894531,118.08000183105469,83.21116638183594,13752300,0.0,0.0
2016-12-19 00:00:00-05:00,118.37000274658203,118.44999694824219,117.41999816894531,117.6500015258789,82.90814208984375,5772500,0.0,0.0
2016-12-20 00:00:00-05:00,117.8499984741211,118.62999725341797,117.66999816894531,117.94999694824219,83.11956024169922,4319100,0.0,0.0
2016-12-21 00:00:00-05:00,118.33999633789062,119.0,117.86000061035156,117.91000366210938,83.09136199951172,5024600,0.0,0.0
2016-12-22 00:00:00-05:00,117.94000244140625,118.98999786376953,117.7699966430664,118.7699966430664,83.69739532470703,4992500,0.0,0.0
2016-12-23 00:00:00-05:00,118.41000366210938,118.69999694824219,118.05000305175781,118.41999816894531,83.45075225830078,2682900,0.0,0.0
2016-12-27 00:00:00-05:00,118.5,118.9000015258789,118.11000061035156,118.22000122070312,83.30979919433594,2986900,0.0,0.0
2016-12-28 00:00:00-05:00,118.30999755859375,118.86000061035156,117.75,117.91000366210938,83.09136199951172,4086700,0.0,0.0
2016-12-29 00:00:00-05:00,118.01000213623047,118.41999816894531,117.4800033569336,117.81999969482422,83.02793884277344,3214500,0.0,0.0
2016-12-30 00:00:00-05:00,117.44000244140625,118.23999786376953,117.30999755859375,117.69999694824219,82.94337463378906,5020500,0.0,0.0
2017-01-03 00:00:00-05:00,118.37999725341797,119.0,116.58999633789062,117.8499984741211,83.049072265625,7404800,0.0,0.0
2017-01-04 00:00:00-05:00,118.41000366210938,118.6500015258789,117.5999984741211,117.81999969482422,83.02793884277344,6679900,0.0,0.0
2017-01-05 00:00:00-05:00,118.0,118.4800033569336,116.72000122070312,117.30999755859375,82.66851806640625,5928600,0.0,0.0
2017-01-06 00:00:00-05:00,117.44999694824219,117.58000183105469,116.37999725341797,116.83999633789062,82.33733367919922,4762500,0.0,0.0
2017-01-09 00:00:00-05:00,116.29000091552734,116.36000061035156,115.11000061035156,115.83999633789062,81.63261413574219,6891800,0.0,0.0
2017-01-10 00:00:00-05:00,115.55999755859375,116.38999938964844,114.88999938964844,114.95999908447266,81.01250457763672,6184400,0.0,0.0
2017-01-11 00:00:00-05:00,115.1500015258789,116.44999694824219,114.86000061035156,115.93000030517578,81.69606018066406,6158200,0.0,0.0
2017-01-12 00:00:00-05:00,116.5,116.98999786376953,115.41000366210938,116.16000366210938,81.8581314086914,4940000,0.0,0.0
2017-01-13 00:00:00-05:00,115.86000061035156,116.87999725341797,115.61000061035156,116.37999725341797,82.0131607055664,4953000,0.0,0.0
2017-01-17 00:00:00-05:00,116.4000015258789,116.7699966430664,116.11000061035156,116.27999877929688,81.94271087646484,4669700,0.0,0.0
2017-01-18 00:00:00-05:00,115.68000030517578,116.04000091552734,115.4000015258789,115.94000244140625,81.70309448242188,4855300,0.0,0.0
2017-01-19 00:00:00-05:00,115.88999938964844,115.95999908447266,115.29000091552734,115.58000183105469,81.44940185546875,3427800,0.0,0.0
2017-01-20 00:00:00-05:00,116.31999969482422,116.75,115.33999633789062,115.5999984741211,81.4635009765625,6730900,0.0,0.0
2017-01-23 00:00:00-05:00,115.12000274658203,115.95999908447266,114.98999786376953,115.38999938964844,81.31552124023438,5104100,0.0,0.0
2017-01-24 00:00:00-05:00,115.8499984741211,117.11000061035156,115.61000061035156,116.37000274658203,82.00611114501953,5024400,0.0,0.0
2017-01-25 00:00:00-05:00,116.9000015258789,117.43000030517578,116.33999633789062,117.23999786376953,82.61918640136719,5276800,0.0,0.0
2017-01-26 00:00:00-05:00,117.5,117.81999969482422,116.5,116.55000305175781,82.13294982910156,6937300,0.0,0.0
2017-01-27 00:00:00-05:00,113.52999877929688,114.69999694824219,112.8499984741211,113.79000091552734,80.1880111694336,11698900,0.0,0.0
2017-01-30 00:00:00-05:00,113.1500015258789,113.80000305175781,110.72000122070312,111.81999969482422,78.79972839355469,8252900,0.0,0.0
2017-01-31 00:00:00-05:00,111.88999938964844,112.19999694824219,110.76000213623047,111.3499984741211,78.46851348876953,7951000,0.0,0.0
2017-02-01 00:00:00-05:00,111.19999694824219,111.77999877929688,110.83999633789062,111.0,78.22187042236328,5889300,0.0,0.0
2017-02-02 00:00:00-05:00,111.16999816894531,112.23999786376953,110.70999908447266,112.20999908447266,79.07457733154297,6289000,0.0,0.0
2017-02-03 00:00:00-05:00,112.41000366210938,114.27999877929688,112.13999938964844,113.56999969482422,80.03295135498047,6623500,0.0,0.0
2017-02-06 00:00:00-05:00,113.27999877929688,113.5,112.44999694824219,112.9800033569336,79.61719512939453,5637300,0.0,0.0
2017-02-07 00:00:00-05:00,112.9800033569336,113.0999984741211,111.11000061035156,111.38999938964844,78.49673461914062,6038400,0.0,0.0
2017-02-08 00:00:00-05:00,111.12999725341797,111.79000091552734,110.31999969482422,111.58000183105469,78.6305923461914,5188800,0.0,0.0
2017-02-09 00:00:00-05:00,111.58000183105469,112.62999725341797,111.58000183105469,112.26000213623047,79.10980224609375,4607800,0.0,0.0
2017-02-10 00:00:00-05:00,112.75,113.44999694824219,112.37000274658203,113.05000305175781,79.6665267944336,6194300,0.0,0.0
2017-02-13 00:00:00-05:00,113.36000061035156,113.98999786376953,113.05000305175781,113.91000366210938,80.27254486083984,4858500,0.0,0.0
2017-02-14 00:00:00-05:00,112.68000030517578,113.06999969482422,111.77999877929688,112.5199966430664,80.052001953125,5811200,1.08,0.0
2017-02-15 00:00:00-05:00,112.20999908447266,113.23999786376953,112.20999908447266,112.56999969482422,80.08758544921875,7048100,0.0,0.0
2017-02-16 00:00:00-05:00,112.98999786376953,112.98999786376953,110.43000030517578,110.68000030517578,78.74295806884766,9478200,0.0,0.0
2017-02-17 00:00:00-05:00,110.41999816894531,110.56999969482422,109.2699966430664,110.33000183105469,78.49394226074219,8111000,0.0,0.0
2017-02-21 00:00:00-05:00,110.7300033569336,112.30999755859375,110.5999984741211,111.72000122070312,79.48284149169922,6619100,0.0,0.0
2017-02-22 00:00:00-05:00,111.19000244140625,111.77999877929688,110.30999755859375,110.37999725341797,78.52952575683594,5732000,0.0,0.0
2017-02-23 00:00:00-05:00,111.33999633789062,111.83000183105469,110.75,111.0199966430664,78.98485565185547,8659700,0.0,0.0
2017-02-24 00:00:00-05:00,110.9000015258789,111.0199966430664,109.47000122070312,110.12000274658203,78.34452056884766,6189400,0.0,0.0
2017-02-27 00:00:00-05:00,110.6500015258789,112.2699966430664,110.37000274658203,111.75,79.50419616699219,7275800,0.0,0.0
2017-02-28 00:00:00-05:00,111.66000366210938,112.76000213623047,111.48999786376953,112.5,80.03778839111328,7030200,0.0,0.0
2017-03-01 00:00:00-05:00,112.91999816894531,114.38999938964844,112.87999725341797,113.87999725341797,81.01956939697266,7353800,0.0,0.0
2017-03-02 00:00:00-05:00,113.66999816894531,114.2699966430664,113.30999755859375,113.36000061035156,80.64961242675781,5892500,0.0,0.0
2017-03-03 00:00:00-05:00,113.36000061035156,113.88999938964844,113.20999908447266,113.55000305175781,80.78482055664062,4905600,0.0,0.0
2017-03-06 00:00:00-05:00,113.25,113.5,112.66999816894531,113.16999816894531,80.51443481445312,4731900,0.0,0.0
2017-03-07 00:00:00-05:00,113.54000091552734,113.87999725341797,111.69000244140625,111.80999755859375,79.54689025878906,6660300,0.0,0.0
2017-03-08 00:00:00-05:00,111.68000030517578,111.91999816894531,109.4000015258789,109.61000061035156,77.98169708251953,9071600,0.0,0.0
2017-03-09 00:00:00-05:00,109.30999755859375,110.16999816894531,108.51000213623047,110.04000091552734,78.2876205444336,7247400,0.0,0.0
2017-03-10 00:00:00-05:00,111.4000015258789,111.41000366210938,109.44000244140625,110.61000061035156,78.6931381225586,6560300,0.0,0.0
2017-03-13 00:00:00-04:00,110.51000213623047,110.80999755859375,109.30999755859375,109.3499984741211,77.79672241210938,6369300,0.0,0.0
2017-03-14 00:00:00-04:00,108.47000122070312,108.56999969482422,107.12000274658203,107.36000061035156,76.38094329833984,9935700,0.0,0.0
2017-03-15 00:00:00-04:00,108.08000183105469,108.9800033569336,107.54000091552734,108.87999725341797,77.46233367919922,9472100,0.0,0.0
2017-03-16 00:00:00-04:00,108.80999755859375,108.87999725341797,107.44000244140625,107.86000061035156,76.73665618896484,8894700,0.0,0.0
2017-03-17 00:00:00-04:00,108.0,108.41999816894531,107.68000030517578,107.68000030517578,76.60860443115234,14353400,0.0,0.0
2017-03-20 00:00:00-04:00,107.2699966430664,107.8499984741211,107.0199966430664,107.66000366210938,76.59439086914062,5301900,0.0,0.0
2017-03-21 00:00:00-04:00,108.05999755859375,108.2300033569336,107.4000015258789,108.04000091552734,76.8647232055664,7406300,0.0,0.0
2017-03-22 00:00:00-04:00,107.6500015258789,108.8499984741211,107.5199966430664,108.38999938964844,77.11372375488281,8106800,0.0,0.0
2017-03-23 00:00:00-04:00,108.29000091552734,108.86000061035156,107.75,107.87000274658203,76.74378204345703,5451200,0.0,0.0
2017-03-24 00:00:00-04:00,107.93000030517578,108.41999816894531,107.69999694824219,107.98999786376953,76.82914733886719,6339900,0.0,0.0
2017-03-27 00:00:00-04:00,107.0,107.3499984741211,105.81999969482422,106.27999877929688,75.6125717163086,6479400,0.0,0.0
2017-03-28 00:00:00-04:00,106.27999877929688,107.73999786376953,106.12000274658203,107.16999816894531,76.24578094482422,6331500,0.0,0.0
2017-03-29 00:00:00-04:00,106.94999694824219,108.08000183105469,106.87999725341797,108.06999969482422,76.88604736328125,4919900,0.0,0.0
2017-03-30 00:00:00-04:00,108.1500015258789,108.68000030517578,107.19999694824219,107.77999877929688,76.67973327636719,6797700,0.0,0.0
2017-03-31 00:00:00-04:00,107.69999694824219,108.13999938964844,107.05000305175781,107.37000274658203,76.38806915283203,6159000,0.0,0.0
2017-04-03 00:00:00-04:00,107.22000122070312,107.97000122070312,106.37999725341797,107.80000305175781,76.6939926147461,5800900,0.0,0.0
2017-04-04 00:00:00-04:00,107.87999725341797,108.72000122070312,107.01000213623047,108.66000366210938,77.30583953857422,4687400,0.0,0.0
2017-04-05 00:00:00-04:00,109.6500015258789,110.66999816894531,108.55999755859375,108.63999938964844,77.29159545898438,6398800,0.0,0.0
2017-04-06 00:00:00-04:00,109.12000274658203,109.6500015258789,108.75,109.29000091552734,77.75402069091797,3934500,0.0,0.0
2017-04-07 00:00:00-04:00,109.37999725341797,109.58000183105469,108.66999816894531,108.86000061035156,77.44812774658203,4889400,0.0,0.0
2017-04-10 00:00:00-04:00,109.12000274658203,110.19999694824219,108.97000122070312,109.43000030517578,77.85364532470703,4812100,0.0,0.0
2017-04-11 00:00:00-04:00,109.52999877929688,109.54000091552734,108.05999755859375,108.97000122070312,77.52637481689453,3956500,0.0,0.0
2017-04-12 00:00:00-04:00,109.36000061035156,109.36000061035156,108.44999694824219,108.97000122070312,77.52637481689453,5053300,0.0,0.0
2017-04-13 00:00:00-04:00,108.63999938964844,108.73999786376953,105.93000030517578,106.0999984741211,75.48451232910156,6894800,0.0,0.0
2017-04-17 00:00:00-04:00,106.16999816894531,106.4800033569336,105.6500015258789,106.16999816894531,75.53431701660156,5278800,0.0,0.0
2017-04-18 00:00:00-04:00,105.80999755859375,106.68000030517578,105.31999969482422,105.68000030517578,75.18570709228516,4252700,0.0,0.0
2017-04-19 00:00:00-04:00,105.88999938964844,106.13999938964844,103.83000183105469,104.2300033569336,74.15412902832031,6667900,0.0,0.0
2017-04-20 00:00:00-04:00,104.4000015258789,105.69000244140625,104.36000061035156,104.87999725341797,74.6165771484375,4988100,0.0,0.0
2017-04-21 00:00:00-04:00,104.80000305175781,105.43000030517578,104.29000091552734,104.88999938964844,74.62366485595703,5432600,0.0,0.0
2017-04-24 00:00:00-04:00,105.79000091552734,106.41000366210938,105.37000274658203,105.93000030517578,75.36357879638672,4538200,0.0,0.0
2017-04-25 00:00:00-04:00,106.30000305175781,106.97000122070312,106.18000030517578,106.7300033569336,75.93273162841797,4619000,0.0,0.0
2017-04-26 00:00:00-04:00,106.4000015258789,107.4800033569336,105.97000122070312,106.08000183105469,75.47029113769531,6687400,0.0,0.0
2017-04-27 00:00:00-04:00,105.95999908447266,105.9800033569336,104.66999816894531,105.47000122070312,75.03632354736328,5781800,0.0,0.0
2017-04-28 00:00:00-04:00,107.05000305175781,107.5999984741211,105.98999786376953,106.69999694824219,75.911376953125,6848400,0.0,0.0
2017-05-01 00:00:00-04:00,106.26000213623047,106.7300033569336,105.76000213623047,105.91999816894531,75.35646057128906,4955500,0.0,0.0
2017-05-02 00:00:00-04:00,106.11000061035156,106.52999877929688,105.08999633789062,105.36000061035156,74.9580307006836,5112200,0.0,0.0
2017-05-03 00:00:00-04:00,105.36000061035156,107.26000213623047,105.12999725341797,106.72000122070312,75.92561340332031,5663000,0.0,0.0
2017-05-04 00:00:00-04:00,106.23999786376953,106.33000183105469,104.13999938964844,104.80999755859375,74.56675720214844,8039900,0.0,0.0
2017-05-05 00:00:00-04:00,104.91999816894531,105.88999938964844,104.69999694824219,105.79000091552734,75.26396942138672,5060000,0.0,0.0
2017-05-08 00:00:00-04:00,105.93000030517578,106.72000122070312,105.81999969482422,106.68000030517578,75.89717102050781,5175100,0.0,0.0
2017-05-09 00:00:00-04:00,106.51000213623047,106.75,104.81999969482422,105.08000183105469,74.75882720947266,5024000,0.0,0.0
2017-05-10 00:00:00-04:00,105.81999969482422,106.83000183105469,105.54000091552734,106.5,75.76909637451172,5582800,0.0,0.0
2017-05-11 00:00:00-04:00,107.08000183105469,107.08000183105469,105.62999725341797,106.20999908447266,75.56278228759766,4632100,0.0,0.0
2017-05-12 00:00:00-04:00,106.05999755859375,106.29000091552734,105.4800033569336,105.95999908447266,75.38490295410156,4488200,0.0,0.0
2017-05-15 00:00:00-04:00,107.1500015258789,107.70999908447266,106.68000030517578,106.8499984741211,76.01811981201172,6647500,0.0,0.0
2017-05-16 00:00:00-04:00,107.56999969482422,107.66000366210938,106.94000244140625,107.25,76.30268859863281,5001400,0.0,0.0
2017-05-17 00:00:00-04:00,106.16999816894531,106.2699966430664,104.62000274658203,104.69999694824219,75.2462158203125,6384300,1.08,0.0
2017-05-18 00:00:00-04:00,104.55000305175781,105.68000030517578,103.83999633789062,105.16999816894531,75.58399963378906,5618100,0.0,0.0
2017-05-19 00:00:00-04:00,105.5199966430664,106.5199966430664,105.16999816894531,106.5199966430664,76.55421447753906,8383500,0.0,0.0
2017-05-22 00:00:00-04:00,107.08999633789062,107.08999633789062,105.75,106.12000274658203,76.2667465209961,4491100,0.0,0.0
2017-05-23 00:00:00-04:00,106.06999969482422,106.55999755859375,105.9800033569336,106.2699966430664,76.37454223632812,3457100,0.0,0.0
2017-05-24 00:00:00-04:00,106.0999984741211,106.36000061035156,105.7300033569336,106.22000122070312,76.338623046875,3457200,0.0,0.0
2017-05-25 00:00:00-04:00,106.0999984741211,106.70999908447266,104.72000122070312,105.11000061035156,75.5408935546875,5293800,0.0,0.0
2017-05-26 00:00:00-04:00,105.05000305175781,105.29000091552734,104.5999984741211,104.72000122070312,75.26058959960938,3752500,0.0,0.0
2017-05-30 00:00:00-04:00,104.3499984741211,104.70999908447266,103.75,104.05999755859375,74.78626251220703,4288000,0.0,0.0
2017-05-31 00:00:00-04:00,103.55000305175781,103.88999938964844,103.06999969482422,103.4800033569336,74.36942291259766,8037900,0.0,0.0
2017-06-01 00:00:00-04:00,103.69000244140625,104.27999877929688,103.43000030517578,104.2699966430664,74.93716430664062,4769400,0.0,0.0
2017-06-02 00:00:00-04:00,103.81999969482422,103.94000244140625,102.7699966430664,103.11000061035156,74.103515625,5864000,0.0,0.0
2017-06-05 00:00:00-04:00,102.80000305175781,103.58000183105469,102.62999725341797,103.19000244140625,74.16100311279297,4523300,0.0,0.0
2017-06-06 00:00:00-04:00,103.11000061035156,104.44999694824219,102.76000213623047,104.16999816894531,74.86530303955078,4683900,0.0,0.0
2017-06-07 00:00:00-04:00,103.97000122070312,104.43000030517578,102.55000305175781,103.7699966430664,74.57784271240234,7197100,0.0,0.0
2017-06-08 00:00:00-04:00,103.7699966430664,104.73999786376953,103.44000244140625,104.0,74.74314880371094,6493600,0.0,0.0
2017-06-09 00:00:00-04:00,104.01000213623047,106.48999786376953,104.01000213623047,106.4000015258789,76.46797943115234,6595600,0.0,0.0
2017-06-12 00:00:00-04:00,106.4000015258789,108.43000030517578,106.4000015258789,108.04000091552734,77.64662170410156,8690600,0.0,0.0
2017-06-13 00:00:00-04:00,108.33999633789062,108.48999786376953,107.16000366210938,108.12999725341797,77.7113265991211,6099700,0.0,0.0
2017-06-14 00:00:00-04:00,107.91000366210938,107.98999786376953,105.73999786376953,106.5999984741211,76.61172485351562,6202300,0.0,0.0
2017-06-15 00:00:00-04:00,106.5,106.80000305175781,105.87000274658203,106.33000183105469,76.41767883300781,5441400,0.0,0.0
2017-06-16 00:00:00-04:00,106.94000244140625,108.36000061035156,106.20999908447266,108.3499984741211,77.8694076538086,11633900,0.0,0.0
2017-06-19 00:00:00-04:00,108.30999755859375,108.37999725341797,107.13999938964844,107.45999908447266,77.22977447509766,4577800,0.0,0.0
2017-06-20 00:00:00-04:00,106.25,106.5999984741211,105.37999725341797,106.4800033569336,76.52546691894531,5171200,0.0,0.0
2017-06-21 00:00:00-04:00,105.88999938964844,106.9000015258789,103.91999816894531,104.48999786376953,75.0953140258789,6989400,0.0,0.0
2017-06-22 00:00:00-04:00,104.4800033569336,105.13999938964844,104.04000091552734,104.44999694824219,75.06654357910156,4197400,0.0,0.0
2017-06-23 00:00:00-04:00,104.25,105.41999816894531,104.23999786376953,105.0,75.46182250976562,5773300,0.0,0.0
2017-06-26 00:00:00-04:00,105.02999877929688,105.19000244140625,104.02999877929688,104.13999938964844,74.84376525878906,3602500,0.0,0.0
2017-06-27 00:00:00-04:00,104.7300033569336,104.88999938964844,104.02999877929688,104.06999969482422,74.79344940185547,4170300,0.0,0.0
2017-06-28 00:00:00-04:00,104.43000030517578,104.9000015258789,104.04000091552734,104.27999877929688,74.94438934326172,4162300,0.0,0.0
2017-06-29 00:00:00-04:00,104.37999725341797,105.1500015258789,104.05000305175781,104.12000274658203,74.82939147949219,4288600,0.0,0.0
2017-06-30 00:00:00-04:00,104.52999877929688,104.72000122070312,103.88999938964844,104.33000183105469,74.98031616210938,5497000,0.0,0.0
2017-07-03 00:00:00-04:00,104.23999786376953,106.95999908447266,104.23999786376953,106.30000305175781,76.3960952758789,4419100,0.0,0.0
2017-07-05 00:00:00-04:00,105.98999786376953,106.30000305175781,104.2699966430664,104.62000274658203,75.18873596191406,4482700,0.0,0.0
2017-07-06 00:00:00-04:00,104.66999816894531,105.12999725341797,103.70999908447266,103.81999969482422,74.6137924194336,5084800,0.0,0.0
2017-07-07 00:00:00-04:00,103.58999633789062,103.76000213623047,102.80999755859375,103.48999786376953,74.3766098022461,6457000,0.0,0.0
2017-07-10 00:00:00-04:00,103.44000244140625,103.58000183105469,102.5999984741211,103.04000091552734,74.0531997680664,4629000,0.0,0.0
2017-07-11 00:00:00-04:00,103.1500015258789,103.5,102.55000305175781,103.12000274658203,74.11067962646484,4322400,0.0,0.0
2017-07-12 00:00:00-04:00,104.0,104.75,103.47000122070312,103.88999938964844,74.66407775878906,3978100,0.0,0.0
2017-07-13 00:00:00-04:00,103.80000305175781,104.20999908447266,103.45999908447266,104.12999725341797,74.83656311035156,4439100,0.0,0.0
2017-07-14 00:00:00-04:00,104.37999725341797,104.63999938964844,103.7300033569336,104.44000244140625,75.0593490600586,3644300,0.0,0.0
2017-07-17 00:00:00-04:00,104.31999969482422,104.97000122070312,104.08000183105469,104.20999908447266,74.8940658569336,5572400,0.0,0.0
2017-07-18 00:00:00-04:00,104.5999984741211,104.5999984741211,103.51000213623047,103.72000122070312,74.54190826416016,4339400,0.0,0.0
2017-07-19 00:00:00-04:00,103.55999755859375,104.4800033569336,103.51000213623047,104.45999908447266,75.07373046875,4932000,0.0,0.0
2017-07-20 00:00:00-04:00,105.0,105.37000274658203,103.81999969482422,104.62999725341797,75.19589233398438,5367800,0.0,0.0
2017-07-21 00:00:00-04:00,104.18000030517578,104.37999725341797,103.1500015258789,103.25,74.20410919189453,5304100,0.0,0.0
2017-07-24 00:00:00-04:00,103.18000030517578,103.56999969482422,102.91999816894531,103.19999694824219,74.16817474365234,4080400,0.0,0.0
2017-07-25 00:00:00-04:00,104.44999694824219,105.1500015258789,104.31999969482422,104.38999938964844,75.02344512939453,7093800,0.0,0.0
2017-07-26 00:00:00-04:00,104.62999725341797,106.08000183105469,104.19999694824219,105.12000274658203,75.54808044433594,5881400,0.0,0.0
2017-07-27 00:00:00-04:00,104.87999725341797,106.31999969482422,104.61000061035156,106.11000061035156,76.25957489013672,5888400,0.0,0.0
2017-07-28 00:00:00-04:00,106.70999908447266,109.12999725341797,106.36000061035156,108.12000274658203,77.70410919189453,7812600,0.0,0.0
2017-07-31 00:00:00-04:00,108.38999938964844,110.0,108.1500015258789,109.19000244140625,78.47311401367188,7561200,0.0,0.0
2017-08-01 00:00:00-04:00,109.54000091552734,110.97000122070312,109.41999816894531,110.77999877929688,79.61580657958984,8162900,0.0,0.0
2017-08-02 00:00:00-04:00,110.38999938964844,111.19999694824219,109.8499984741211,110.45999908447266,79.38582611083984,6212300,0.0,0.0
2017-08-03 00:00:00-04:00,110.2300033569336,110.44999694824219,109.05000305175781,109.43000030517578,78.64559173583984,5605400,0.0,0.0
2017-08-04 00:00:00-04:00,109.43000030517578,110.19999694824219,109.43000030517578,110.11000061035156,79.13431549072266,4643500,0.0,0.0
2017-08-07 00:00:00-04:00,109.80999755859375,110.29000091552734,109.58000183105469,109.77999877929688,78.89714050292969,4762800,0.0,0.0
2017-08-08 00:00:00-04:00,110.0,110.70999908447266,109.7699966430664,110.3499984741211,79.3067855834961,4107300,0.0,0.0
2017-08-09 00:00:00-04:00,110.73999786376953,111.41000366210938,110.26000213623047,110.88999938964844,79.69487762451172,3966800,0.0,0.0
2017-08-10 00:00:00-04:00,111.2300033569336,111.44000244140625,110.02999877929688,110.11000061035156,79.13431549072266,4950700,0.0,0.0
2017-08-11 00:00:00-04:00,110.19999694824219,110.48999786376953,109.12999725341797,109.2300033569336,78.50187683105469,3383000,0.0,0.0
2017-08-14 00:00:00-04:00,109.26000213623047,109.81999969482422,108.31999969482422,108.70999908447266,78.12812042236328,4286100,0.0,0.0
2017-08-15 00:00:00-04:00,108.75,108.9000015258789,107.52999877929688,108.56999969482422,78.02754211425781,5310700,0.0,0.0
2017-08-16 00:00:00-04:00,107.62999725341797,107.91999816894531,106.69000244140625,106.83999633789062,77.55567932128906,4186600,1.08,0.0
2017-08-17 00:00:00-04:00,106.61000061035156,106.87000274658203,105.91000366210938,105.91999816894531,76.88784790039062,5870300,0.0,0.0
2017-08-18 00:00:00-04:00,105.83999633789062,107.33999633789062,105.5,106.4800033569336,77.29434967041016,5467400,0.0,0.0
2017-08-21 00:00:00-04:00,106.4800033569336,106.4800033569336,105.30000305175781,105.77999877929688,76.78622436523438,3560400,0.0,0.0
2017-08-22 00:00:00-04:00,105.98999786376953,106.91999816894531,105.80999755859375,106.36000061035156,77.20724487304688,5630900,0.0,0.0
2017-08-23 00:00:00-04:00,106.20999908447266,107.05999755859375,106.11000061035156,106.61000061035156,77.38873291015625,4185800,0.0,0.0
2017-08-24 00:00:00-04:00,106.5,107.66999816894531,106.33000183105469,107.44000244140625,77.99122619628906,5059700,0.0,0.0
2017-08-25 00:00:00-04:00,107.81999969482422,108.70999908447266,107.5199966430664,108.2300033569336,78.564697265625,4384200,0.0,0.0
2017-08-28 00:00:00-04:00,108.54000091552734,108.58999633789062,107.2699966430664,107.76000213623047,78.2235107421875,3681600,0.0,0.0
2017-08-29 00:00:00-04:00,107.43000030517578,108.05000305175781,107.04000091552734,107.86000061035156,78.29608154296875,3230600,0.0,0.0
2017-08-30 00:00:00-04:00,107.58000183105469,107.83999633789062,107.0999984741211,107.7300033569336,78.20174407958984,3126000,0.0,0.0
2017-08-31 00:00:00-04:00,108.0,108.2300033569336,107.5,107.62000274658203,78.12189483642578,5508200,0.0,0.0
2017-09-01 00:00:00-04:00,107.68000030517578,109.16000366210938,107.51000213623047,108.76000213623047,78.94941711425781,3660300,0.0,0.0
2017-09-05 00:00:00-04:00,109.36000061035156,110.26000213623047,108.69999694824219,109.44000244140625,79.44303894042969,5198500,0.0,0.0
2017-09-06 00:00:00-04:00,110.0,112.2300033569336,109.80000305175781,111.79000091552734,81.14891815185547,8577300,0.0,0.0
2017-09-07 00:00:00-04:00,112.18000030517578,112.87000274658203,111.36000061035156,111.80000305175781,81.15618896484375,5937800,0.0,0.0
2017-09-08 00:00:00-04:00,111.58999633789062,111.75,110.52999877929688,110.77999877929688,80.4157485961914,4033100,0.0,0.0
2017-09-11 00:00:00-04:00,111.83000183105469,112.56999969482422,111.5199966430664,112.5199966430664,81.67881774902344,5973400,0.0,0.0
2017-09-12 00:00:00-04:00,112.81999969482422,112.94999694824219,111.86000061035156,112.48999786376953,81.65705871582031,5110100,0.0,0.0
2017-09-13 00:00:00-04:00,112.48999786376953,114.31999969482422,112.27999877929688,114.18000030517578,82.88382720947266,5889400,0.0,0.0
2017-09-14 00:00:00-04:00,114.26000213623047,115.33999633789062,114.18000030517578,114.44999694824219,83.07980346679688,5819100,0.0,0.0
2017-09-15 00:00:00-04:00,114.83000183105469,114.91000366210938,113.62999725341797,114.62999725341797,83.21047973632812,8387600,0.0,0.0
2017-09-18 00:00:00-04:00,114.41999816894531,115.22000122070312,114.31999969482422,115.19000244140625,83.61698913574219,4954600,0.0,0.0
2017-09-19 00:00:00-04:00,115.25,116.41999816894531,115.19000244140625,116.33999633789062,84.4517593383789,6188000,0.0,0.0
2017-09-20 00:00:00-04:00,116.5,117.1500015258789,116.19999694824219,116.37000274658203,84.47356414794922,5378200,0.0,0.0
2017-09-21 00:00:00-04:00,116.22000122070312,116.5199966430664,115.83000183105469,116.47000122070312,84.546142578125,4334500,0.0,0.0
2017-09-22 00:00:00-04:00,116.41000366210938,117.83000183105469,116.2699966430664,117.29000091552734,85.14140319824219,5307100,0.0,0.0
2017-09-25 00:00:00-04:00,117.2300033569336,118.33000183105469,117.0199966430664,117.98999786376953,85.6495361328125,5980300,0.0,0.0
2017-09-26 00:00:00-04:00,117.79000091552734,118.02999877929688,117.25,117.5199966430664,85.308349609375,4874700,0.0,0.0
2017-09-27 00:00:00-04:00,117.45999908447266,117.5999984741211,116.7699966430664,117.44999694824219,85.25753021240234,3926800,0.0,0.0
2017-09-28 00:00:00-04:00,117.16999816894531,118.12999725341797,117.0199966430664,117.62000274658203,85.38094329833984,4949000,0.0,0.0
2017-09-29 00:00:00-04:00,117.16999816894531,117.5199966430664,116.7300033569336,117.5,85.29385375976562,4874800,0.0,0.0
2017-10-02 00:00:00-04:00,116.41999816894531,117.79000091552734,115.52999877929688,117.43000030517578,85.24300384521484,4285600,0.0,0.0
2017-10-03 00:00:00-04:00,117.08000183105469,118.25,117.01000213623047,117.81999969482422,85.52613067626953,3892200,0.0,0.0
2017-10-04 00:00:00-04:00,117.81999969482422,117.87000274658203,117.12999725341797,117.58000183105469,85.35191345214844,3443400,0.0,0.0
2017-10-05 00:00:00-04:00,117.44999694824219,118.69000244140625,117.33000183105469,118.58000183105469,86.07781219482422,5470900,0.0,0.0
2017-10-06 00:00:00-04:00,117.94999694824219,118.1500015258789,116.80000305175781,117.02999877929688,84.95266723632812,3533300,0.0,0.0
2017-10-09 00:00:00-04:00,117.33999633789062,118.08000183105469,117.01000213623047,117.70999908447266,85.44628143310547,2951900,0.0,0.0
2017-10-10 00:00:00-04:00,118.4000015258789,119.81999969482422,118.29000091552734,118.80000305175781,86.23751831054688,5683100,0.0,0.0
2017-10-11 00:00:00-04:00,119.20999908447266,119.5199966430664,118.58000183105469,119.33000183105469,86.62223052978516,3926100,0.0,0.0
2017-10-12 00:00:00-04:00,118.48999786376953,119.6500015258789,118.30999755859375,119.13999938964844,86.48431396484375,3929700,0.0,0.0
2017-10-13 00:00:00-04:00,119.79000091552734,120.0,119.06999969482422,119.16000366210938,86.49884796142578,4640100,0.0,0.0
2017-10-16 00:00:00-04:00,119.83999633789062,120.88999938964844,119.43000030517578,120.12999725341797,87.20295715332031,5500700,0.0,0.0
2017-10-17 00:00:00-04:00,120.2300033569336,120.73999786376953,119.83000183105469,120.22000122070312,87.26829528808594,4844300,0.0,0.0
2017-10-18 00:00:00-04:00,119.4000015258789,120.0199966430664,117.98999786376953,118.1500015258789,85.76567077636719,5505100,0.0,0.0
2017-10-19 00:00:00-04:00,118.05999755859375,118.73999786376953,117.94999694824219,118.19999694824219,85.80195617675781,4576600,0.0,0.0
2017-10-20 00:00:00-04:00,118.61000061035156,118.77999877929688,118.06999969482422,118.63999938964844,86.1213607788086,4924300,0.0,0.0
2017-10-23 00:00:00-04:00,118.72000122070312,119.30000305175781,118.44999694824219,118.93000030517578,86.33187103271484,3872400,0.0,0.0
2017-10-24 00:00:00-04:00,119.4800033569336,119.91999816894531,119.06999969482422,119.2300033569336,86.54963684082031,4472400,0.0,0.0
2017-10-25 00:00:00-04:00,119.0,119.44000244140625,118.1500015258789,118.44000244140625,85.97618103027344,4553100,0.0,0.0
2017-10-26 00:00:00-04:00,118.77999877929688,119.0,118.13999938964844,118.44000244140625,85.97618103027344,4092900,0.0,0.0
2017-10-27 00:00:00-04:00,116.12999725341797,116.4000015258789,112.56999969482422,113.54000091552734,82.41925048828125,14534100,0.0,0.0
2017-10-30 00:00:00-04:00,113.16999816894531,115.0999984741211,112.83999633789062,114.38999938964844,83.03626251220703,7517800,0.0,0.0
2017-10-31 00:00:00-04:00,114.44999694824219,116.37999725341797,113.81999969482422,115.88999938964844,84.12511444091797,7154800,0.0,0.0
2017-11-01 00:00:00-04:00,116.30000305175781,116.97000122070312,115.3499984741211,115.9000015258789,84.13238525390625,5030300,0.0,0.0
2017-11-02 00:00:00-04:00,116.20999908447266,116.47000122070312,114.70999908447266,115.33000183105469,83.71861267089844,4329600,0.0,0.0
2017-11-03 00:00:00-04:00,115.4800033569336,115.75,114.7300033569336,114.98999786376953,83.4718246459961,4101800,0.0,0.0
2017-11-06 00:00:00-05:00,115.37000274658203,117.16000366210938,114.98999786376953,117.04000091552734,84.95991516113281,5950300,0.0,0.0
2017-11-07 00:00:00-05:00,117.37999725341797,118.0,116.4800033569336,117.23999786376953,85.10508728027344,5219500,0.0,0.0
2017-11-08 00:00:00-05:00,116.77999877929688,117.1500015258789,115.9000015258789,116.66999816894531,84.69131469726562,5092800,0.0,0.0
2017-11-09 00:00:00-05:00,115.9000015258789,117.5,115.62000274658203,117.23999786376953,85.10508728027344,5103300,0.0,0.0
2017-11-10 00:00:00-05:00,116.70999908447266,117.30999755859375,116.0999984741211,117.18000030517578,85.06153869628906,5156900,0.0,0.0
2017-11-13 00:00:00-05:00,117.22000122070312,117.7699966430664,116.68000030517578,117.2300033569336,85.09785461425781,4279200,0.0,0.0
2017-11-14 00:00:00-05:00,116.81999969482422,117.26000213623047,116.25,116.91999816894531,84.87281036376953,6996500,0.0,0.0
2017-11-15 00:00:00-05:00,116.20999908447266,117.2300033569336,116.06999969482422,116.44999694824219,84.53162384033203,5372600,0.0,0.0
2017-11-16 00:00:00-05:00,115.25,115.81999969482422,114.37999725341797,114.56999969482422,83.94546508789062,5888700,1.08,0.0
2017-11-17 00:00:00-05:00,114.66999816894531,114.98999786376953,113.9000015258789,114.70999908447266,84.04802703857422,4337500,0.0,0.0
2017-11-20 00:00:00-05:00,114.7699966430664,115.02999877929688,114.44000244140625,114.72000122070312,84.05538940429688,4634200,0.0,0.0
2017-11-21 00:00:00-05:00,115.13999938964844,115.86000061035156,114.91999816894531,115.16999816894531,84.38509368896484,4596000,0.0,0.0
2017-11-22 00:00:00-05:00,115.48999786376953,116.77999877929688,115.31999969482422,115.91000366210938,84.92729187011719,3951000,0.0,0.0
2017-11-24 00:00:00-05:00,116.55000305175781,116.8499984741211,116.30999755859375,116.51000213623047,85.36690521240234,1744200,0.0,0.0
2017-11-27 00:00:00-05:00,115.8499984741211,116.02999877929688,115.23999786376953,115.58999633789062,84.69283294677734,4490300,0.0,0.0
2017-11-28 00:00:00-05:00,115.91999816894531,116.80999755859375,115.73999786376953,116.44999694824219,85.32294464111328,4004700,0.0,0.0
2017-11-29 00:00:00-05:00,116.19999694824219,117.25,115.83000183105469,117.18000030517578,85.8578109741211,3661000,0.0,0.0
2017-11-30 00:00:00-05:00,117.26000213623047,119.1500015258789,117.2300033569336,118.98999786376953,87.18402862548828,7896600,0.0,0.0
2017-12-01 00:00:00-05:00,119.80999755859375,120.45999908447266,118.5199966430664,119.51000213623047,87.56500244140625,6831800,0.0,0.0
2017-12-04 00:00:00-05:00,119.80999755859375,122.30000305175781,119.37000274658203,120.83999633789062,88.53948974609375,7366400,0.0,0.0
2017-12-05 00:00:00-05:00,120.54000091552734,121.4000015258789,120.1500015258789,120.38999938964844,88.20977783203125,4380700,0.0,0.0
2017-12-06 00:00:00-05:00,119.98999786376953,120.87999725341797,119.5199966430664,119.61000061035156,87.63826751708984,4852500,0.0,0.0
2017-12-07 00:00:00-05:00,119.5,120.0999984741211,118.95999908447266,119.62999725341797,87.65292358398438,4908500,0.0,0.0
2017-12-08 00:00:00-05:00,119.95999908447266,120.23999786376953,119.0999984741211,119.91999816894531,87.86540222167969,4122200,0.0,0.0
2017-12-11 00:00:00-05:00,120.29000091552734,121.11000061035156,120.12000274658203,120.41999816894531,88.23176574707031,5929700,0.0,0.0
2017-12-12 00:00:00-05:00,119.80999755859375,120.73999786376953,119.55999755859375,119.68000030517578,87.68959045410156,4300200,0.0,0.0
2017-12-13 00:00:00-05:00,119.43000030517578,120.16999816894531,118.68000030517578,119.93000030517578,87.87272644042969,4399800,0.0,0.0
2017-12-14 00:00:00-05:00,119.80999755859375,120.27999877929688,119.5,119.52999877929688,87.57966613769531,3736900,0.0,0.0
2017-12-15 00:00:00-05:00,120.44000244140625,120.47000122070312,119.51000213623047,119.7300033569336,87.72620391845703,11226900,0.0,0.0
2017-12-18 00:00:00-05:00,119.91999816894531,121.29000091552734,119.62000274658203,119.69999694824219,87.7042236328125,4654100,0.0,0.0
2017-12-19 00:00:00-05:00,120.31999969482422,120.75,119.51000213623047,119.83999633789062,87.80680084228516,4599300,0.0,0.0
2017-12-20 00:00:00-05:00,120.27999877929688,121.30000305175781,119.6500015258789,120.88999938964844,88.5761489868164,6286700,0.0,0.0
2017-12-21 00:00:00-05:00,121.38999938964844,125.3499984741211,121.06999969482422,124.81999969482422,91.45565032958984,10109000,0.0,0.0
2017-12-22 00:00:00-05:00,124.8499984741211,125.6500015258789,124.56999969482422,124.9800033569336,91.5728759765625,4735100,0.0,0.0
2017-12-26 00:00:00-05:00,125.2300033569336,126.13999938964844,125.05000305175781,125.9800033569336,92.30560302734375,3348500,0.0,0.0
2017-12-27 00:00:00-05:00,125.95999908447266,126.19999694824219,125.12999725341797,125.55000305175781,91.99053192138672,3452300,0.0,0.0
2017-12-28 00:00:00-05:00,125.69000244140625,125.88999938964844,125.29000091552734,125.58000183105469,92.01250457763672,2191800,0.0,0.0
2017-12-29 00:00:00-05:00,125.36000061035156,125.9800033569336,125.19000244140625,125.19000244140625,91.72674560546875,3829000,0.0,0.0
2018-01-02 00:00:00-05:00,125.70999908447266,127.73999786376953,125.54000091552734,127.58000183105469,93.47792053222656,5626000,0.0,0.0
2018-01-03 00:00:00-05:00,127.45999908447266,128.94000244140625,126.9000015258789,128.50999450683594,94.15930938720703,5805500,0.0,0.0
2018-01-04 00:00:00-05:00,127.94999694824219,128.35000610351562,127.22000122070312,128.11000061035156,93.86622619628906,4598300,0.0,0.0
2018-01-05 00:00:00-05:00,127.97000122070312,128.10000610351562,127.0999984741211,127.9000015258789,93.71234893798828,4189200,0.0,0.0
2018-01-08 00:00:00-05:00,127.86000061035156,128.6300048828125,127.62999725341797,128.52999877929688,94.17398071289062,4826100,0.0,0.0
2018-01-09 00:00:00-05:00,128.42999267578125,128.94000244140625,127.79000091552734,127.83999633789062,93.66839599609375,4422300,0.0,0.0
2018-01-10 00:00:00-05:00,128.30999755859375,128.75999450683594,127.80000305175781,128.66000366210938,94.26921081542969,5292200,0.0,0.0
2018-01-11 00:00:00-05:00,128.9199981689453,133.32000732421875,128.75999450683594,132.57000732421875,97.13407897949219,11641300,0.0,0.0
2018-01-12 00:00:00-05:00,132.19000244140625,133.85000610351562,132.11000061035156,133.60000610351562,97.8887939453125,7232900,0.0,0.0
2018-01-16 00:00:00-05:00,133.6699981689453,133.8800048828125,131.60000610351562,132.00999450683594,96.7237548828125,6254200,0.0,0.0
2018-01-17 00:00:00-05:00,132.19000244140625,132.8000030517578,130.9600067138672,132.36000061035156,96.98020935058594,5632700,0.0,0.0
2018-01-18 00:00:00-05:00,132.35000610351562,132.5,131.02999877929688,131.58999633789062,96.41603088378906,5890000,0.0,0.0
2018-01-19 00:00:00-05:00,131.8300018310547,132.0,130.2100067138672,131.3000030517578,96.20356750488281,6048900,0.0,0.0
2018-01-22 00:00:00-05:00,131.3000030517578,132.55999755859375,131.27999877929688,132.55999755859375,97.12673950195312,5248800,0.0,0.0
2018-01-23 00:00:00-05:00,132.3800048828125,132.55999755859375,130.72999572753906,131.02000427246094,95.99840545654297,5747300,0.0,0.0
2018-01-24 00:00:00-05:00,131.3800048828125,132.6699981689453,131.07000732421875,131.38999938964844,96.26949310302734,6868200,0.0,0.0
2018-01-25 00:00:00-05:00,131.75999450683594,131.8699951171875,130.33999633789062,130.64999389648438,95.72728729248047,4597200,0.0,0.0
2018-01-26 00:00:00-05:00,130.7100067138672,131.75,130.3699951171875,131.19000244140625,96.12294006347656,6310500,0.0,0.0
2018-01-29 00:00:00-05:00,130.05999755859375,131.5800018310547,128.32000732421875,128.47999572753906,94.13732147216797,6350700,0.0,0.0
2018-01-30 00:00:00-05:00,127.61000061035156,128.00999450683594,125.19000244140625,125.2300033569336,91.75605773925781,8084000,0.0,0.0
2018-01-31 00:00:00-05:00,125.41999816894531,125.81999969482422,124.05000305175781,125.3499984741211,91.8439712524414,9626800,0.0,0.0
2018-02-01 00:00:00-05:00,125.5999984741211,125.62999725341797,124.05999755859375,125.56999969482422,92.00518035888672,7844500,0.0,0.0
2018-02-02 00:00:00-05:00,123.94999694824219,123.94999694824219,117.63999938964844,118.58000183105469,86.88359832763672,13182600,0.0,0.0
2018-02-05 00:00:00-05:00,116.98999786376953,118.30000305175781,108.0199966430664,112.62000274658203,82.51669311523438,15414700,0.0,0.0
2018-02-06 00:00:00-05:00,111.19999694824219,117.62999725341797,110.76000213623047,117.18000030517578,85.8578109741211,18416300,0.0,0.0
2018-02-07 00:00:00-05:00,117.4000015258789,119.2699966430664,115.2300033569336,115.29000091552734,84.47301483154297,11535700,0.0,0.0
2018-02-08 00:00:00-05:00,115.16999816894531,115.88999938964844,112.20999908447266,112.30000305175781,82.28221893310547,9927500,0.0,0.0
2018-02-09 00:00:00-05:00,113.33999633789062,114.62000274658203,109.5,113.5,83.1614761352539,10922400,0.0,0.0
2018-02-12 00:00:00-05:00,114.80000305175781,115.8499984741211,112.91000366210938,113.9800033569336,83.51316833496094,8358200,0.0,0.0
2018-02-13 00:00:00-05:00,113.33999633789062,113.61000061035156,111.86000061035156,113.29000091552734,83.00762176513672,7065900,0.0,0.0
2018-02-14 00:00:00-05:00,112.5,114.05000305175781,111.4000015258789,113.62999725341797,83.2567367553711,7031900,0.0,0.0
2018-02-15 00:00:00-05:00,112.86000061035156,113.0199966430664,110.83999633789062,112.52999877929688,83.27153778076172,5405000,1.12,0.0
2018-02-16 00:00:00-05:00,112.3499984741211,112.94000244140625,111.20999908447266,112.13999938964844,82.98294830322266,5950400,0.0,0.0
2018-02-20 00:00:00-05:00,112.27999877929688,112.76000213623047,110.58000183105469,110.9800033569336,82.12451934814453,6810900,0.0,0.0
2018-02-21 00:00:00-05:00,111.13999938964844,112.05999755859375,109.05999755859375,109.05999755859375,80.7037582397461,6892300,0.0,0.0
2018-02-22 00:00:00-05:00,109.55000305175781,111.44000244140625,108.9000015258789,109.88999938964844,81.31793975830078,8176700,0.0,0.0
2018-02-23 00:00:00-05:00,110.45999908447266,112.73999786376953,110.25,112.58999633789062,83.31591033935547,6460200,0.0,0.0
2018-02-26 00:00:00-05:00,113.18000030517578,114.66000366210938,112.8499984741211,114.5999984741211,84.80332946777344,7405800,0.0,0.0
2018-02-27 00:00:00-05:00,114.87000274658203,116.05000305175781,113.61000061035156,113.61000061035156,84.07074737548828,6059700,0.0,0.0
2018-02-28 00:00:00-05:00,115.0199966430664,115.45999908447266,111.87999725341797,111.91999816894531,82.82014465332031,7441000,0.0,0.0
2018-03-01 00:00:00-05:00,111.52999877929688,113.9000015258789,110.97000122070312,112.04000091552734,82.90894317626953,7516700,0.0,0.0
2018-03-02 00:00:00-05:00,111.5,112.18000030517578,109.83000183105469,111.63999938964844,82.6129379272461,6607300,0.0,0.0
2018-03-05 00:00:00-05:00,111.4000015258789,113.33000183105469,111.0199966430664,113.1500015258789,83.73033142089844,7814900,0.0,0.0
2018-03-06 00:00:00-05:00,113.8499984741211,115.5199966430664,113.0199966430664,113.6500015258789,84.10032653808594,7957900,0.0,0.0
2018-03-07 00:00:00-05:00,112.94999694824219,115.08000183105469,112.62999725341797,113.83999633789062,84.24090576171875,6660000,0.0,0.0
2018-03-08 00:00:00-05:00,114.5999984741211,114.75,112.5999984741211,113.3499984741211,83.87833404541016,6095100,0.0,0.0
2018-03-09 00:00:00-05:00,114.30999755859375,117.38999938964844,114.23999786376953,117.22000122070312,86.74213409423828,8833300,0.0,0.0
2018-03-12 00:00:00-04:00,117.5,118.3499984741211,116.55999755859375,116.79000091552734,86.42390441894531,6877000,0.0,0.0
2018-03-13 00:00:00-04:00,117.2300033569336,118.18000030517578,116.0,116.45999908447266,86.17971801757812,6793100,0.0,0.0
2018-03-14 00:00:00-04:00,116.9800033569336,117.44999694824219,114.86000061035156,115.12999725341797,85.19551086425781,5051000,0.0,0.0
2018-03-15 00:00:00-04:00,115.36000061035156,116.20999908447266,114.75,115.58000183105469,85.52850341796875,4519700,0.0,0.0
2018-03-16 00:00:00-04:00,115.4000015258789,116.19000244140625,114.55999755859375,115.4000015258789,85.39532470703125,14909400,0.0,0.0
2018-03-19 00:00:00-04:00,115.06999969482422,115.2300033569336,113.22000122070312,113.88999938964844,84.2779312133789,4803500,0.0,0.0
2018-03-20 00:00:00-04:00,114.55000305175781,115.69999694824219,114.44000244140625,114.5,84.72933197021484,4587200,0.0,0.0
2018-03-21 00:00:00-04:00,114.9800033569336,118.11000061035156,114.80000305175781,117.04000091552734,86.6089096069336,6829600,0.0,0.0
2018-03-22 00:00:00-04:00,115.55000305175781,115.73999786376953,113.4800033569336,113.69999694824219,84.1373291015625,6297200,0.0,0.0
2018-03-23 00:00:00-04:00,114.37000274658203,115.7699966430664,112.69999694824219,112.9800033569336,83.60453796386719,6227200,0.0,0.0
2018-03-26 00:00:00-04:00,114.23999786376953,115.58999633789062,113.25,115.3499984741211,85.35830688476562,6868700,0.0,0.0
2018-03-27 00:00:00-04:00,115.75,116.86000061035156,113.9800033569336,114.66000366210938,84.84774017333984,5530800,0.0,0.0
2018-03-28 00:00:00-04:00,114.93000030517578,115.26000213623047,112.05999755859375,112.0999984741211,82.9533462524414,6985300,0.0,0.0
2018-03-29 00:00:00-04:00,112.29000091552734,114.43000030517578,112.27999877929688,114.04000091552734,84.38894653320312,6627800,0.0,0.0
2018-04-02 00:00:00-04:00,113.88999938964844,114.38999938964844,110.54000091552734,112.23999786376953,83.05694580078125,6228600,0.0,0.0
2018-04-03 00:00:00-04:00,112.5199966430664,114.9800033569336,112.08999633789062,114.83000183105469,84.97351837158203,6717300,0.0,0.0
2018-04-04 00:00:00-04:00,113.05000305175781,114.79000091552734,112.43000030517578,114.4800033569336,84.71450805664062,5727200,0.0,0.0
2018-04-05 00:00:00-04:00,114.87999725341797,117.88999938964844,114.69999694824219,117.29000091552734,86.79391479492188,7204900,0.0,0.0
2018-04-06 00:00:00-04:00,116.37999725341797,117.01000213623047,113.38999938964844,114.76000213623047,84.92171478271484,7094500,0.0,0.0
2018-04-09 00:00:00-04:00,115.30000305175781,117.16999816894531,114.87999725341797,115.9800033569336,85.82450103759766,6933800,0.0,0.0
2018-04-10 00:00:00-04:00,117.5999984741211,119.83000183105469,117.5999984741211,118.8499984741211,87.94830322265625,7612800,0.0,0.0
2018-04-11 00:00:00-04:00,118.69000244140625,119.37999725341797,117.75,119.25,88.2442855834961,6246800,0.0,0.0
2018-04-12 00:00:00-04:00,119.70999908447266,120.66999816894531,118.6500015258789,119.2300033569336,88.2295150756836,6702000,0.0,0.0
2018-04-13 00:00:00-04:00,119.5199966430664,120.79000091552734,119.22000122070312,119.91999816894531,88.74007415771484,5508100,0.0,0.0
2018-04-16 00:00:00-04:00,120.5999984741211,121.70999908447266,119.7699966430664,120.69999694824219,89.31727600097656,4598000,0.0,0.0
2018-04-17 00:00:00-04:00,120.94000244140625,122.0,120.55999755859375,121.45999908447266,89.87969207763672,6488300,0.0,0.0
2018-04-18 00:00:00-04:00,122.45999908447266,124.88999938964844,122.4000015258789,123.81999969482422,91.62606048583984,9132500,0.0,0.0
2018-04-19 00:00:00-04:00,123.97000122070312,125.0,123.20999908447266,123.70999908447266,91.5446548461914,7159400,0.0,0.0
2018-04-20 00:00:00-04:00,123.37999725341797,123.45999908447266,121.45999908447266,122.30999755859375,90.50868225097656,7561200,0.0,0.0
2018-04-23 00:00:00-04:00,122.0,123.61000061035156,121.80000305175781,123.58000183105469,91.44847106933594,6113100,0.0,0.0
2018-04-24 00:00:00-04:00,124.36000061035156,125.04000091552734,121.75,122.54000091552734,90.6788558959961,7980500,0.0,0.0
2018-04-25 00:00:00-04:00,122.33999633789062,122.9000015258789,121.12000274658203,122.72000122070312,90.81209564208984,5331100,0.0,0.0
2018-04-26 00:00:00-04:00,122.66999816894531,124.30000305175781,122.30000305175781,124.22000122070312,91.92207336425781,6268400,0.0,0.0
2018-04-27 00:00:00-04:00,125.5,127.05000305175781,124.68000030517578,126.62000274658203,93.69804382324219,8836600,0.0,0.0
2018-04-30 00:00:00-04:00,127.0199966430664,127.9000015258789,125.05000305175781,125.11000061035156,92.58064270019531,7631600,0.0,0.0
2018-05-01 00:00:00-04:00,124.02999877929688,124.91999816894531,123.08000183105469,124.86000061035156,92.39566040039062,7093700,0.0,0.0
2018-05-02 00:00:00-04:00,124.19999694824219,126.47000122070312,124.08999633789062,125.48999786376953,92.86186218261719,5909100,0.0,0.0
2018-05-03 00:00:00-04:00,124.58999633789062,126.12000274658203,123.83000183105469,126.01000213623047,93.24665832519531,6727700,0.0,0.0
2018-05-04 00:00:00-04:00,125.20999908447266,126.83999633789062,124.70999908447266,125.52999877929688,92.8914566040039,5403100,0.0,0.0
2018-05-07 00:00:00-04:00,126.58999633789062,128.39999389648438,124.44000244140625,124.94000244140625,92.45486450195312,6999700,0.0,0.0
2018-05-08 00:00:00-04:00,124.93000030517578,126.75,123.62999725341797,126.56999969482422,93.66105651855469,8937000,0.0,0.0
2018-05-09 00:00:00-04:00,128.4199981689453,130.4199981689453,128.08999633789062,128.72000122070312,95.25202941894531,11442700,0.0,0.0
2018-05-10 00:00:00-04:00,129.69000244140625,129.77999877929688,128.38999938964844,128.82000732421875,95.3260498046875,5446000,0.0,0.0
2018-05-11 00:00:00-04:00,129.38999938964844,130.75999450683594,128.52000427246094,129.83999633789062,96.0808334350586,8092300,0.0,0.0
2018-05-14 00:00:00-04:00,130.25,131.0800018310547,129.8000030517578,130.38999938964844,96.48783874511719,6212400,0.0,0.0
2018-05-15 00:00:00-04:00,130.24000549316406,130.27000427246094,129.25,129.74000549316406,96.00682067871094,5201700,0.0,0.0
2018-05-16 00:00:00-04:00,129.2899932861328,129.72000122070312,128.3000030517578,129.55999755859375,95.87364196777344,5405100,0.0,0.0
2018-05-17 00:00:00-04:00,128.75999450683594,129.57000732421875,128.3800048828125,129.4600067138672,96.635009765625,5241600,1.12,0.0
2018-05-18 00:00:00-04:00,128.9199981689453,129.14999389648438,127.80000305175781,127.86000061035156,95.44068145751953,6385800,0.0,0.0
2018-05-21 00:00:00-04:00,128.7899932861328,129.41000366210938,128.27000427246094,129.3699951171875,96.56782531738281,5081200,0.0,0.0
2018-05-22 00:00:00-04:00,129.08999633789062,130.38999938964844,128.10000610351562,128.22999572753906,95.71686553955078,5444200,0.0,0.0
2018-05-23 00:00:00-04:00,127.08999633789062,128.7899932861328,126.55000305175781,128.6999969482422,96.06771850585938,6017200,0.0,0.0
2018-05-24 00:00:00-04:00,127.4000015258789,127.4000015258789,125.8499984741211,126.61000061035156,94.50764465332031,5906200,0.0,0.0
2018-05-25 00:00:00-04:00,124.54000091552734,124.76000213623047,121.22000122070312,122.19000244140625,91.20833587646484,8936600,0.0,0.0
2018-05-29 00:00:00-04:00,121.0999984741211,122.43000030517578,120.05999755859375,121.38999938964844,90.61119079589844,7385700,0.0,0.0
2018-05-30 00:00:00-04:00,122.6500015258789,125.66999816894531,122.33999633789062,125.16000366210938,93.42529296875,7125300,0.0,0.0
2018-05-31 00:00:00-04:00,124.08000183105469,124.81999969482422,123.45999908447266,124.30000305175781,92.78334045410156,7460700,0.0,0.0
2018-06-01 00:00:00-04:00,125.48999786376953,125.55000305175781,123.43000030517578,123.8499984741211,92.44744110107422,5749900,0.0,0.0
2018-06-04 00:00:00-04:00,124.52999877929688,125.41000366210938,122.16999816894531,122.26000213623047,91.26058959960938,5760500,0.0,0.0
2018-06-05 00:00:00-04:00,122.01000213623047,123.70999908447266,121.55000305175781,122.7300033569336,91.61141204833984,5672600,0.0,0.0
2018-06-06 00:00:00-04:00,123.12000274658203,123.69000244140625,122.05999755859375,123.37999725341797,92.09661102294922,6213400,0.0,0.0
2018-06-07 00:00:00-04:00,124.54000091552734,127.9800033569336,124.41000366210938,126.95999908447266,94.76887512207031,8607200,0.0,0.0
2018-06-08 00:00:00-04:00,127.12000274658203,127.37999725341797,125.68000030517578,126.44000244140625,94.3807373046875,5108800,0.0,0.0
2018-06-11 00:00:00-04:00,126.7699966430664,128.19000244140625,125.86000061035156,127.55999755859375,95.21674346923828,6085100,0.0,0.0
2018-06-12 00:00:00-04:00,127.63999938964844,128.3800048828125,126.33000183105469,127.08000183105469,94.85845947265625,4543000,0.0,0.0
2018-06-13 00:00:00-04:00,126.80999755859375,127.81999969482422,126.08999633789062,127.06999969482422,94.85101318359375,6317900,0.0,0.0
2018-06-14 00:00:00-04:00,127.37999725341797,127.95999908447266,126.37999725341797,126.51000213623047,94.4329833984375,5056800,0.0,0.0
2018-06-15 00:00:00-04:00,127.0999984741211,127.12000274658203,123.83999633789062,124.04000091552734,92.5892562866211,13223800,0.0,0.0
2018-06-18 00:00:00-04:00,124.3499984741211,126.9800033569336,124.0999984741211,125.97000122070312,94.0299072265625,7696800,0.0,0.0
2018-06-19 00:00:00-04:00,124.31999969482422,125.88999938964844,123.87999725341797,125.54000091552734,93.70893859863281,5947800,0.0,0.0
2018-06-20 00:00:00-04:00,126.12000274658203,126.45999908447266,124.30000305175781,125.29000091552734,93.5223388671875,7980700,0.0,0.0
2018-06-21 00:00:00-04:00,124.5,124.58999633789062,122.16000366210938,122.58999633789062,91.50691223144531,7290800,0.0,0.0
2018-06-22 00:00:00-04:00,125.41000366210938,126.56999969482422,124.81999969482422,125.0999984741211,93.38048553466797,8535200,0.0,0.0
2018-06-25 00:00:00-04:00,124.43000030517578,124.63999938964844,121.93000030517578,122.61000061035156,91.52184295654297,5801900,0.0,0.0
2018-06-26 00:00:00-04:00,123.02999877929688,124.61000061035156,122.56999969482422,124.16000366210938,92.67884826660156,4592800,0.0,0.0
2018-06-27 00:00:00-04:00,125.1500015258789,127.41999816894531,125.05999755859375,126.0,94.05229187011719,6339500,0.0,0.0
2018-06-28 00:00:00-04:00,126.54000091552734,126.86000061035156,125.0,125.66000366210938,93.79852294921875,3814800,0.0,0.0
2018-06-29 00:00:00-04:00,125.73999786376953,127.7300033569336,125.73999786376953,126.43000030517578,94.37327575683594,5669700,0.0,0.0
2018-07-02 00:00:00-04:00,125.27999877929688,125.29000091552734,123.55999755859375,124.25,92.74603271484375,5073500,0.0,0.0
2018-07-03 00:00:00-04:00,125.45999908447266,126.69000244140625,124.55000305175781,124.7300033569336,93.10433197021484,3919600,0.0,0.0
2018-07-05 00:00:00-04:00,126.11000061035156,126.25,123.81999969482422,123.9800033569336,92.54447937011719,5926900,0.0,0.0
2018-07-06 00:00:00-04:00,123.5199966430664,124.5199966430664,123.19000244140625,124.13999938964844,92.66392517089844,4020000,0.0,0.0
2018-07-09 00:00:00-04:00,125.0,126.27999877929688,124.69000244140625,125.98999786376953,94.04484558105469,4602200,0.0,0.0
2018-07-10 00:00:00-04:00,127.33000183105469,128.50999450683594,126.75,127.58999633789062,95.2391586303711,5092100,0.0,0.0
2018-07-11 00:00:00-04:00,126.2300033569336,126.68000030517578,122.97000122070312,123.5199966430664,92.20111846923828,6631800,0.0,0.0
2018-07-12 00:00:00-04:00,124.44000244140625,124.94999694824219,123.58999633789062,124.26000213623047,92.75348663330078,3745200,0.0,0.0
2018-07-13 00:00:00-04:00,124.19999694824219,124.87999725341797,123.62999725341797,124.04000091552734,92.5892562866211,3352800,0.0,0.0
2018-07-16 00:00:00-04:00,123.01000213623047,123.87999725341797,121.87999725341797,122.9800033569336,91.79804229736328,4317800,0.0,0.0
2018-07-17 00:00:00-04:00,122.36000061035156,122.95999908447266,121.80000305175781,121.91000366210938,90.99933624267578,4135200,0.0,0.0
2018-07-18 00:00:00-04:00,121.23999786376953,121.66999816894531,119.66999816894531,121.52999877929688,90.71568298339844,6061300,0.0,0.0
2018-07-19 00:00:00-04:00,121.0999984741211,122.13999938964844,121.01000213623047,121.66999816894531,90.82018280029297,4471400,0.0,0.0
2018-07-20 00:00:00-04:00,121.25,122.3499984741211,121.01000213623047,122.2699966430664,91.26805114746094,5394700,0.0,0.0
2018-07-23 00:00:00-04:00,122.3499984741211,123.06999969482422,121.16000366210938,121.33000183105469,90.56640625,5359400,0.0,0.0
2018-07-24 00:00:00-04:00,121.87000274658203,124.16000366210938,121.86000061035156,123.8499984741211,92.44744110107422,4423500,0.0,0.0
2018-07-25 00:00:00-04:00,123.62000274658203,125.2300033569336,123.2699966430664,124.9000015258789,93.2312240600586,4278800,0.0,0.0
2018-07-26 00:00:00-04:00,124.69999694824219,125.37999725341797,123.80000305175781,123.94999694824219,92.5220947265625,5544100,0.0,0.0
2018-07-27 00:00:00-04:00,122.79000091552734,127.04000091552734,122.08000183105469,125.97000122070312,94.0299072265625,7580900,0.0,0.0
2018-07-30 00:00:00-04:00,126.76000213623047,128.41000366210938,126.22000122070312,127.83000183105469,95.41828918457031,5729300,0.0,0.0
2018-07-31 00:00:00-04:00,128.0,128.5500030517578,126.12999725341797,126.2699966430664,94.25382232666016,5894400,0.0,0.0
2018-08-01 00:00:00-04:00,125.30999755859375,125.91999816894531,124.75,125.38999938964844,93.5969467163086,4661000,0.0,0.0
2018-08-02 00:00:00-04:00,124.44000244140625,124.80999755859375,123.30000305175781,123.76000213623047,92.38027954101562,4639600,0.0,0.0
2018-08-03 00:00:00-04:00,124.1500015258789,124.25,123.33000183105469,124.05000305175781,92.59673309326172,5299400,0.0,0.0
2018-08-06 00:00:00-04:00,124.41999816894531,124.94000244140625,123.54000091552734,124.30000305175781,92.78334045410156,4455900,0.0,0.0
2018-08-07 00:00:00-04:00,125.54000091552734,125.69999694824219,124.75,125.18000030517578,93.44023132324219,4542000,0.0,0.0
2018-08-08 00:00:00-04:00,124.5199966430664,124.79000091552734,123.31999969482422,123.87999725341797,92.46983337402344,5957200,0.0,0.0
2018-08-09 00:00:00-04:00,123.95999908447266,124.37000274658203,122.26000213623047,122.52999877929688,91.4621353149414,5218300,0.0,0.0
2018-08-10 00:00:00-04:00,122.16999816894531,123.5199966430664,121.5,123.33999633789062,92.06674194335938,6128000,0.0,0.0
2018-08-13 00:00:00-04:00,123.30999755859375,123.68000030517578,122.26000213623047,122.44000244140625,91.39496612548828,4360000,0.0,0.0
2018-08-14 00:00:00-04:00,122.91999816894531,123.6500015258789,122.0,122.58000183105469,91.49944305419922,3622200,0.0,0.0
2018-08-15 00:00:00-04:00,121.69999694824219,121.7300033569336,117.43000030517578,117.94000244140625,88.03593444824219,9476700,0.0,0.0
2018-08-16 00:00:00-04:00,117.69999694824219,118.30999755859375,117.18000030517578,117.66000366210938,88.66896057128906,5455200,1.12,0.0
2018-08-17 00:00:00-04:00,118.1500015258789,118.58000183105469,117.08999633789062,117.80000305175781,88.77447509765625,6112900,0.0,0.0
2018-08-20 00:00:00-04:00,118.0,118.31999969482422,117.33000183105469,117.75,88.73678588867188,5403600,0.0,0.0
2018-08-21 00:00:00-04:00,118.37999725341797,118.93000030517578,117.79000091552734,117.94000244140625,88.87998962402344,4875800,0.0,0.0
2018-08-22 00:00:00-04:00,118.54000091552734,119.45999908447266,118.41999816894531,118.91999816894531,89.6185073852539,3636900,0.0,0.0
2018-08-23 00:00:00-04:00,118.38999938964844,118.81999969482422,117.69999694824219,118.0999984741211,89.00056457519531,3962500,0.0,0.0
2018-08-24 00:00:00-04:00,118.9000015258789,119.54000091552734,118.72000122070312,119.01000213623047,89.68632507324219,4415400,0.0,0.0
2018-08-27 00:00:00-04:00,119.36000061035156,120.4800033569336,119.16999816894531,120.3499984741211,90.6961669921875,3901900,0.0,0.0
2018-08-28 00:00:00-04:00,120.5999984741211,121.33999633789062,119.75,119.86000061035156,90.326904296875,4685700,0.0,0.0
2018-08-29 00:00:00-04:00,120.0,120.83000183105469,119.87999725341797,120.22000122070312,90.59818267822266,4101700,0.0,0.0
2018-08-30 00:00:00-04:00,120.08000183105469,120.43000030517578,119.55000305175781,119.80999755859375,90.28919982910156,3353000,0.0,0.0
2018-08-31 00:00:00-04:00,119.4000015258789,119.4000015258789,118.08999633789062,118.45999908447266,89.27185821533203,5287000,0.0,0.0
2018-09-04 00:00:00-04:00,118.93000030517578,119.62999725341797,118.3499984741211,118.87000274658203,89.58084106445312,4590900,0.0,0.0
2018-09-05 00:00:00-04:00,118.05999755859375,118.94000244140625,117.26000213623047,118.91999816894531,89.6185073852539,4619400,0.0,0.0
2018-09-06 00:00:00-04:00,117.88999938964844,118.51000213623047,115.13999938964844,115.2300033569336,86.83769989013672,8191100,0.0,0.0
2018-09-07 00:00:00-04:00,114.5199966430664,115.3499984741211,113.38999938964844,114.5999984741211,86.36292266845703,6637800,0.0,0.0
2018-09-10 00:00:00-04:00,115.43000030517578,115.72000122070312,114.37999725341797,114.4800033569336,86.27249908447266,5870900,0.0,0.0
2018-09-11 00:00:00-04:00,114.33999633789062,115.73999786376953,113.76000213623047,115.0199966430664,86.679443359375,5605300,0.0,0.0
2018-09-12 00:00:00-04:00,116.41999816894531,117.48999786376953,115.76000213623047,115.79000091552734,87.2597427368164,5067800,0.0,0.0
2018-09-13 00:00:00-04:00,116.01000213623047,116.5199966430664,115.08000183105469,116.30000305175781,87.6440658569336,6297700,0.0,0.0
2018-09-14 00:00:00-04:00,116.43000030517578,117.61000061035156,116.3499984741211,117.37999725341797,88.45795440673828,4947800,0.0,0.0
2018-09-17 00:00:00-04:00,117.61000061035156,118.68000030517578,117.27999877929688,117.51000213623047,88.5559310913086,5560200,0.0,0.0
2018-09-18 00:00:00-04:00,118.5,118.9000015258789,117.9800033569336,118.12999725341797,89.02316284179688,4966300,0.0,0.0
2018-09-19 00:00:00-04:00,118.33000183105469,120.04000091552734,118.12000274658203,119.51000213623047,90.06314086914062,4855300,0.0,0.0
2018-09-20 00:00:00-04:00,120.19000244140625,121.31999969482422,119.11000061035156,119.41999816894531,89.99530792236328,5846700,0.0,0.0
2018-09-21 00:00:00-04:00,119.91000366210938,121.26000213623047,119.41000366210938,121.12999725341797,91.28398132324219,13703600,0.0,0.0
2018-09-24 00:00:00-04:00,121.91000366210938,122.9800033569336,121.56999969482422,122.62000274658203,92.4068374633789,6534100,0.0,0.0
2018-09-25 00:00:00-04:00,123.5,124.23999786376953,122.94000244140625,123.37000274658203,92.9720230102539,5396400,0.0,0.0
2018-09-26 00:00:00-04:00,122.98999786376953,123.41999816894531,121.73999786376953,121.94999694824219,91.90190887451172,4231400,0.0,0.0
2018-09-27 00:00:00-04:00,122.16000366210938,123.0,121.70999908447266,122.47000122070312,92.29381561279297,4533400,0.0,0.0
2018-09-28 00:00:00-04:00,121.98999786376953,123.20999908447266,121.76000213623047,122.27999877929688,92.15061950683594,5202900,0.0,0.0
2018-10-01 00:00:00-04:00,123.11000061035156,124.87999725341797,123.11000061035156,124.38999938964844,93.74070739746094,5348200,0.0,0.0
2018-10-02 00:00:00-04:00,125.06999969482422,125.76000213623047,124.31999969482422,124.73999786376953,94.00447082519531,5445400,0.0,0.0
2018-10-03 00:00:00-04:00,125.12999725341797,125.83999633789062,124.77999877929688,125.30999755859375,94.43402862548828,4479500,0.0,0.0
2018-10-04 00:00:00-04:00,124.79000091552734,125.58999633789062,124.19000244140625,124.94999694824219,94.16272735595703,4824300,0.0,0.0
2018-10-05 00:00:00-04:00,124.93000030517578,125.9000015258789,124.73999786376953,125.33000183105469,94.44911193847656,4318000,0.0,0.0
2018-10-08 00:00:00-04:00,124.05000305175781,125.45999908447266,123.83000183105469,124.83999633789062,94.079833984375,6267700,0.0,0.0
2018-10-09 00:00:00-04:00,125.51000213623047,127.44000244140625,125.06999969482422,126.81999969482422,95.57195281982422,6797900,0.0,0.0
2018-10-10 00:00:00-04:00,127.2300033569336,127.5999984741211,122.45999908447266,122.5999984741211,92.39178466796875,6504400,0.0,0.0
2018-10-11 00:00:00-04:00,122.43000030517578,122.43000030517578,117.54000091552734,118.43000030517578,89.24922180175781,8589900,0.0,0.0
2018-10-12 00:00:00-04:00,119.52999877929688,119.68000030517578,116.18000030517578,117.7699966430664,88.75186157226562,7450700,0.0,0.0
2018-10-15 00:00:00-04:00,117.69999694824219,118.86000061035156,116.91000366210938,116.94000244140625,88.12637329101562,6047300,0.0,0.0
2018-10-16 00:00:00-04:00,117.08999633789062,117.68000030517578,116.33999633789062,117.51000213623047,88.5559310913086,4846100,0.0,0.0
2018-10-17 00:00:00-04:00,117.20999908447266,117.69000244140625,116.0199966430664,117.29000091552734,88.3901138305664,6978700,0.0,0.0
2018-10-18 00:00:00-04:00,117.41999816894531,118.13999938964844,116.05000305175781,117.47000122070312,88.5257797241211,7391600,0.0,0.0
2018-10-19 00:00:00-04:00,117.37000274658203,119.26000213623047,117.37000274658203,118.13999938964844,89.03070831298828,7944400,0.0,0.0
2018-10-22 00:00:00-04:00,118.0999984741211,118.48999786376953,116.4800033569336,117.20999908447266,88.3298568725586,5644900,0.0,0.0
2018-10-23 00:00:00-04:00,115.72000122070312,115.72000122070312,112.05000305175781,113.4000015258789,85.45860290527344,8095300,0.0,0.0
2018-10-24 00:00:00-04:00,113.72000122070312,114.18000030517578,110.06999969482422,110.20999908447266,83.05462646484375,8035200,0.0,0.0
2018-10-25 00:00:00-04:00,111.36000061035156,113.4000015258789,110.43000030517578,111.58000183105469,84.0870590209961,5734000,0.0,0.0
2018-10-26 00:00:00-04:00,110.62999725341797,112.47000122070312,109.66000366210938,111.52999877929688,84.04938507080078,8035500,0.0,0.0
2018-10-29 00:00:00-04:00,112.04000091552734,112.06999969482422,107.54000091552734,108.93000030517578,82.09001159667969,8598300,0.0,0.0
2018-10-30 00:00:00-04:00,109.62000274658203,111.1500015258789,108.1500015258789,110.8499984741211,83.53692626953125,7523800,0.0,0.0
2018-10-31 00:00:00-04:00,111.70999908447266,112.5,111.05000305175781,111.6500015258789,84.13981628417969,7429800,0.0,0.0
2018-11-01 00:00:00-04:00,111.7699966430664,111.98999786376953,110.0999984741211,111.16999816894531,83.77808380126953,10572000,0.0,0.0
2018-11-02 00:00:00-04:00,114.8499984741211,117.11000061035156,113.12000274658203,114.7300033569336,86.46089935302734,9890400,0.0,0.0
2018-11-05 00:00:00-05:00,116.62000274658203,119.66999816894531,116.5999984741211,118.94000244140625,89.63357543945312,8758700,0.0,0.0
2018-11-06 00:00:00-05:00,118.76000213623047,119.43000030517578,117.8499984741211,118.9000015258789,89.60343933105469,5273200,0.0,0.0
2018-11-07 00:00:00-05:00,120.0,121.12000274658203,119.0199966430664,120.87000274658203,91.08804321289062,4848800,0.0,0.0
2018-11-08 00:00:00-05:00,120.6500015258789,121.87000274658203,118.95999908447266,119.36000061035156,89.9500961303711,9532400,0.0,0.0
2018-11-09 00:00:00-05:00,118.22000122070312,120.37000274658203,117.37000274658203,119.51000213623047,90.06314086914062,6565700,0.0,0.0
2018-11-12 00:00:00-05:00,120.9000015258789,121.37000274658203,117.16999816894531,117.38999938964844,88.46549987792969,10550800,0.0,0.0
2018-11-13 00:00:00-05:00,117.30000305175781,117.87999725341797,115.04000091552734,115.3499984741211,86.92814636230469,6846200,0.0,0.0
2018-11-14 00:00:00-05:00,116.87999725341797,117.79000091552734,114.94000244140625,115.72000122070312,87.20697784423828,6783500,0.0,0.0
2018-11-15 00:00:00-05:00,113.66000366210938,117.08000183105469,112.72000122070312,116.94999694824219,88.99525451660156,7218100,1.12,0.0
2018-11-16 00:00:00-05:00,117.5,119.2699966430664,117.2699966430664,119.05999755859375,90.60087585449219,6706900,0.0,0.0
2018-11-19 00:00:00-05:00,118.13999938964844,119.4800033569336,117.9000015258789,119.41999816894531,90.87483978271484,5328300,0.0,0.0
2018-11-20 00:00:00-05:00,119.23999786376953,119.5,115.04000091552734,116.0999984741211,88.34842681884766,7983500,0.0,0.0
2018-11-21 00:00:00-05:00,116.68000030517578,119.19000244140625,116.68000030517578,117.56999969482422,89.4670639038086,5624400,0.0,0.0
2018-11-23 00:00:00-05:00,114.69999694824219,115.22000122070312,112.11000061035156,113.5999984741211,86.44597625732422,5577800,0.0,0.0
2018-11-26 00:00:00-05:00,114.5999984741211,115.44000244140625,114.0199966430664,114.9800033569336,87.49614715576172,6953000,0.0,0.0
2018-11-27 00:00:00-05:00,114.55000305175781,115.66000366210938,114.22000122070312,115.20999908447266,87.67115783691406,6339200,0.0,0.0
2018-11-28 00:00:00-05:00,114.9800033569336,118.27999877929688,114.4000015258789,118.13999938964844,89.90081787109375,6841700,0.0,0.0
2018-11-29 00:00:00-05:00,117.94999694824219,119.7300033569336,117.73999786376953,118.8499984741211,90.44107818603516,6656900,0.0,0.0
2018-11-30 00:00:00-05:00,118.05000305175781,119.20999908447266,117.69999694824219,118.94000244140625,90.50958251953125,6712500,0.0,0.0
2018-12-03 00:00:00-05:00,120.7699966430664,122.43000030517578,120.05999755859375,120.66999816894531,91.82606506347656,8237600,0.0,0.0
2018-12-04 00:00:00-05:00,120.5999984741211,121.08999633789062,117.06999969482422,117.23999786376953,89.2159194946289,8288100,0.0,0.0
2018-12-06 00:00:00-05:00,115.33999633789062,116.13999938964844,113.02999877929688,115.91000366210938,88.20384979248047,10715700,0.0,0.0
2018-12-07 00:00:00-05:00,117.58999633789062,119.69999694824219,115.19000244140625,115.48999786376953,87.88422393798828,9114400,0.0,0.0
2018-12-10 00:00:00-05:00,115.30000305175781,115.95999908447266,111.66999816894531,114.94000244140625,87.46570587158203,7674300,0.0,0.0
2018-12-11 00:00:00-05:00,116.26000213623047,116.62000274658203,113.94999694824219,115.47000122070312,87.8690185546875,5929400,0.0,0.0
2018-12-12 00:00:00-05:00,117.11000061035156,117.72000122070312,115.56999969482422,115.62000274658203,87.98316192626953,7891400,0.0,0.0
2018-12-13 00:00:00-05:00,115.1500015258789,116.31999969482422,114.30999755859375,115.94000244140625,88.22667694091797,7030500,0.0,0.0
2018-12-14 00:00:00-05:00,115.01000213623047,115.80999755859375,113.30999755859375,113.83000183105469,86.62104034423828,6195400,0.0,0.0
2018-12-17 00:00:00-05:00,113.44000244140625,114.97000122070312,111.86000061035156,112.44999694824219,85.57088470458984,7132400,0.0,0.0
2018-12-18 00:00:00-05:00,112.62999725341797,113.23999786376953,108.94999694824219,109.73999786376953,83.50867462158203,9658600,0.0,0.0
2018-12-19 00:00:00-05:00,109.91000366210938,111.98999786376953,107.0999984741211,107.83000183105469,82.05523681640625,10472400,0.0,0.0
2018-12-20 00:00:00-05:00,106.80999755859375,108.06999969482422,104.19000244140625,104.9800033569336,79.88646697998047,11612800,0.0,0.0
2018-12-21 00:00:00-05:00,103.62000274658203,106.94000244140625,102.91000366210938,104.20999908447266,79.30050659179688,19912800,0.0,0.0
2018-12-24 00:00:00-05:00,103.30000305175781,104.1500015258789,100.91000366210938,100.98999786376953,76.8501968383789,5619500,0.0,0.0
2018-12-26 00:00:00-05:00,101.8499984741211,107.38999938964844,100.22000122070312,107.38999938964844,81.72038269042969,10779400,0.0,0.0
2018-12-27 00:00:00-05:00,105.47000122070312,109.33000183105469,104.87999725341797,109.31999969482422,83.18905639648438,10655100,0.0,0.0
2018-12-28 00:00:00-05:00,109.6500015258789,110.36000061035156,108.12000274658203,108.6500015258789,82.67923736572266,6445400,0.0,0.0
2018-12-31 00:00:00-05:00,109.1500015258789,110.23999786376953,107.86000061035156,108.79000091552734,82.78575134277344,6309600,0.0,0.0
