Date,Open,High,Low,Close,Adj Close,Volume,Dividends,Stock Splits
2014-01-02 00:00:00-05:00,27.782365798950195,27.839401245117188,27.603036880493164,27.724082946777344,27.593387603759766,73129082,0.0,0.0
2014-01-03 00:00:00-05:00,27.77090835571289,27.81897735595703,27.520097732543945,27.521841049194336,27.392099380493164,66917888,0.0,0.0
2014-01-06 00:00:00-05:00,27.721343994140625,27.867046356201172,27.557706832885742,27.828691482543945,27.6975040435791,71037271,0.0,0.0
2014-01-07 00:00:00-05:00,28.019973754882812,28.385852813720703,27.924333572387695,28.36517906188965,28.231464385986328,102486711,0.0,0.0
2014-01-08 00:00:00-05:00,28.543014526367188,28.575891494750977,28.226449966430664,28.424209594726562,28.290212631225586,90036218,0.0,0.0
2014-01-09 00:00:00-05:00,28.4792537689209,28.498680114746094,28.03392219543457,28.150484085083008,28.017778396606445,83692529,0.0,0.0
2014-01-10 00:00:00-05:00,28.37066078186035,28.37066078186035,27.951480865478516,28.148990631103516,28.016292572021484,86061375,0.0,0.0
2014-01-13 00:00:00-05:00,28.05658721923828,28.5656795501709,27.824954986572266,27.969663619995117,27.837812423706055,97118665,0.0,0.0
2014-01-14 00:00:00-05:00,28.34251594543457,28.66754722595215,28.096935272216797,28.627695083618164,28.492740631103516,99676216,0.0,0.0
2014-01-15 00:00:00-05:00,28.717111587524414,28.767173767089844,28.48797035217285,28.60826873779297,28.473405838012695,78300393,0.0,0.0
2014-01-16 00:00:00-05:00,28.620223999023438,28.840150833129883,28.59282684326172,28.79755973815918,28.661806106567383,67608467,0.0,0.0
2014-01-17 00:00:00-05:00,28.813251495361328,28.907398223876953,28.49818229675293,28.655841827392578,28.520753860473633,108457005,0.0,0.0
2014-01-21 00:00:00-05:00,28.91486930847168,28.9913330078125,28.675018310546875,28.983861923217773,28.847230911254883,79492846,0.0,0.0
2014-01-22 00:00:00-05:00,29.056339263916016,29.088220596313477,28.863313674926758,29.016738891601562,28.87994956970215,63091600,0.0,0.0
2014-01-23 00:00:00-05:00,28.891706466674805,28.953723907470703,28.751482009887695,28.894197463989258,28.757986068725586,78256228,0.0,0.0
2014-01-24 00:00:00-05:00,28.667795181274414,28.73105812072754,27.97016143798828,27.990833282470703,27.8588809967041,156283602,0.0,0.0
2014-01-27 00:00:00-05:00,28.047372817993164,28.057334899902344,26.955713272094727,27.427942276000977,27.29864501953125,174796734,0.0,0.0
2014-01-28 00:00:00-05:00,27.65434455871582,28.038654327392578,27.644880294799805,27.970409393310547,27.838552474975586,88739375,0.0,0.0
2014-01-29 00:00:00-05:00,27.873523712158203,27.939027786254883,27.382862091064453,27.56966209411621,27.439693450927734,95552818,0.0,0.0
2014-01-30 00:00:00-05:00,28.51810646057129,28.70465850830078,28.076013565063477,28.27875328063965,28.145442962646484,204419353,0.0,0.0
2014-01-31 00:00:00-05:00,29.174396514892578,29.5527286529541,28.670785903930664,29.413999557495117,29.27533721923828,223486554,0.0,0.0
2014-02-03 00:00:00-05:00,29.36991310119629,29.43267822265625,28.194570541381836,28.229936599731445,28.09685707092285,183449044,0.0,0.0
2014-02-04 00:00:00-05:00,28.3435115814209,28.767173767089844,28.319103240966797,28.347745895385742,28.214111328125,112897588,0.0,0.0
2014-02-05 00:00:00-05:00,28.477758407592773,28.66181755065918,28.095191955566406,28.47327423095703,28.339046478271484,96139007,0.0,0.0
2014-02-06 00:00:00-05:00,28.670785903930664,28.895692825317383,28.581619262695312,28.890710830688477,28.7545166015625,78155853,0.0,0.0
2014-02-07 00:00:00-05:00,29.081743240356445,29.337535858154297,28.905654907226562,29.326078414916992,29.187829971313477,105843245,0.0,0.0
2014-02-10 00:00:00-05:00,29.185604095458984,29.449615478515625,29.116365432739258,29.2137508392334,29.076032638549805,78099643,0.0,0.0
2014-02-11 00:00:00-05:00,29.394073486328125,29.685482025146484,29.195817947387695,29.643388748168945,29.503646850585938,82339476,0.0,0.0
2014-02-12 00:00:00-05:00,29.613998413085938,29.638906478881836,29.424211502075195,29.55646514892578,29.417131423950195,69238554,0.0,0.0
2014-02-13 00:00:00-05:00,29.408519744873047,29.885482788085938,29.381370544433594,29.885482788085938,29.744600296020508,73731331,0.0,0.0
2014-02-14 00:00:00-05:00,29.77863121032715,29.997312545776367,29.70864486694336,29.95771026611328,29.816484451293945,87795852,0.0,0.0
2014-02-18 00:00:00-05:00,29.923091888427734,30.208520889282227,29.88797378540039,30.15895652770996,30.016782760620117,84672187,0.0,0.0
2014-02-19 00:00:00-05:00,30.019977569580078,30.117612838745117,29.825706481933594,29.94625473022461,29.805084228515625,84459392,0.0,0.0
2014-02-20 00:00:00-05:00,29.96617889404297,30.059579849243164,29.893451690673828,29.990339279174805,29.848960876464844,68287001,0.0,0.0
2014-02-21 00:00:00-05:00,30.08249282836914,30.133800506591797,29.958707809448242,29.98236846923828,29.841028213500977,74771214,0.0,0.0
2014-02-24 00:00:00-05:00,30.021472930908203,30.390090942382812,30.014995574951172,30.199554443359375,30.05718994140625,67223027,0.0,0.0
2014-02-25 00:00:00-05:00,30.284984588623047,30.498184204101562,30.147499084472656,30.386104583740234,30.242860794067383,57763704,0.0,0.0
2014-02-26 00:00:00-05:00,30.48573112487793,30.607276916503906,30.230688095092773,30.39034080505371,30.2470760345459,79585191,0.0,0.0
2014-02-27 00:00:00-05:00,30.346006393432617,30.4914608001709,30.311634063720703,30.36642837524414,30.223278045654297,50588912,0.0,0.0
2014-02-28 00:00:00-05:00,30.394573211669922,30.490463256835938,30.042892456054688,30.277761459350586,30.13503074645996,92890878,0.0,0.0
2014-03-03 00:00:00-05:00,30.05609130859375,30.083240509033203,29.69220542907715,29.954971313476562,29.813758850097656,84507572,0.0,0.0
2014-03-04 00:00:00-05:00,30.261571884155273,30.286479949951172,30.12458610534668,30.25933074951172,30.11668586730957,58928052,0.0,0.0
2014-03-05 00:00:00-05:00,30.2628173828125,30.462818145751953,30.172157287597656,30.3427677154541,30.19972801208496,49597208,0.0,0.0
2014-03-06 00:00:00-05:00,30.44289207458496,30.539281845092773,30.35123634338379,30.376392364501953,30.23319435119629,50914126,0.0,0.0
2014-03-07 00:00:00-05:00,30.555471420288086,30.560203552246094,30.17290496826172,30.2563419342041,30.11370849609375,60831159,0.0,0.0
2014-03-10 00:00:00-04:00,30.278757095336914,30.32732582092285,29.98984146118164,30.1761417388916,30.03388786315918,48766105,0.0,0.0
2014-03-11 00:00:00-04:00,30.23093605041504,30.24463653564453,29.804285049438477,29.887723922729492,29.746828079223633,68776830,0.0,0.0
2014-03-12 00:00:00-04:00,29.798309326171875,30.0834903717041,29.494199752807617,30.069791793823242,29.92803955078125,78866507,0.0,0.0
2014-03-13 00:00:00-04:00,30.085979461669922,30.149492263793945,29.508394241333008,29.615493774414062,29.47588348388672,94175675,0.0,0.0
2014-03-14 00:00:00-04:00,29.439403533935547,29.66057586669922,29.203786849975586,29.210512161254883,29.072811126708984,92099924,0.0,0.0
2014-03-17 00:00:00-04:00,29.37116050720215,29.81499671936035,29.34276580810547,29.69120979309082,29.551240921020508,86808163,0.0,0.0
2014-03-18 00:00:00-04:00,29.755220413208008,30.175146102905273,29.715120315551758,30.168420791625977,30.026203155517578,72872123,0.0,0.0
2014-03-19 00:00:00-04:00,30.18187141418457,30.186603546142578,29.748743057250977,29.869293212890625,29.728485107421875,64757822,0.0,0.0
2014-03-20 00:00:00-04:00,29.88672637939453,30.1273250579834,29.77240562438965,29.817237854003906,29.676673889160156,67640587,0.0,0.0
2014-03-21 00:00:00-04:00,30.045133590698242,30.127824783325195,29.45086097717285,29.46555519104004,29.326650619506836,128821050,0.0,0.0
2014-03-24 00:00:00-04:00,29.494199752807617,29.511882781982422,28.541767120361328,28.840150833129883,28.704195022583008,121939352,0.0,0.0
2014-03-25 00:00:00-04:00,29.041147232055664,29.13678741455078,28.567920684814453,28.859825134277344,28.723777770996094,96769361,0.0,0.0
2014-03-26 00:00:00-04:00,28.941768646240234,29.17987632751465,28.181867599487305,28.193574905395508,28.0606689453125,103586819,0.0,0.0
2014-03-27 00:00:00-04:00,28.322240829467773,28.322240829467773,27.5703067779541,27.846546173095703,27.715274810791016,262719,0.0,2.002
2014-03-28 00:00:00-04:00,27.983171463012695,28.243955612182617,27.857019424438477,27.92283821105957,27.791208267211914,824257,0.0,0.0
2014-03-31 00:00:00-04:00,28.26689338684082,28.27237892150879,27.7702579498291,27.77225112915039,27.641328811645508,216593,0.0,0.0
2014-04-01 00:00:00-04:00,27.859012603759766,28.344680786132812,27.859012603759766,28.28035545349121,28.147037506103516,158434,0.0,0.0
2014-04-02 00:00:00-04:00,29.917362213134766,30.15869903564453,28.03253746032715,28.27237892150879,28.13909912109375,2942055,0.0,0.0
2014-04-03 00:00:00-04:00,28.414487838745117,29.283601760864258,28.129270553588867,28.40900230407715,28.27507781982422,101983228,0.0,0.0
2014-04-04 00:00:00-04:00,28.653831481933594,28.809404373168945,27.075664520263672,27.082645416259766,26.954975128173828,127386783,0.0,0.0
2014-04-07 00:00:00-04:00,26.96297264099121,27.348913192749023,26.28533363342285,26.83382797241211,26.70733070373535,88033033,0.0,0.0
2014-04-08 00:00:00-04:00,27.05571937561035,27.674020767211914,27.0063533782959,27.669034957885742,27.538599014282227,63024560,0.0,0.0
2014-04-09 00:00:00-04:00,27.904388427734375,28.19110107421875,27.571802139282227,28.129770278930664,27.997163772583008,66616395,0.0,0.0
2014-04-10 00:00:00-04:00,28.172651290893555,28.172651290893555,26.92108726501465,26.97344398498535,26.846288681030273,80737057,0.0,0.0
2014-04-11 00:00:00-04:00,26.554594039916992,26.92607307434082,26.254417419433594,26.457361221313477,26.332637786865234,78496923,0.0,0.0
2014-04-14 00:00:00-04:00,26.83881378173828,27.130512237548828,26.40550422668457,26.553098678588867,26.42792510986328,51501009,0.0,0.0
2014-04-15 00:00:00-04:00,26.76750946044922,26.848787307739258,25.852022171020508,26.74856185913086,26.622467041015625,77101101,0.0,0.0
2014-04-16 00:00:00-04:00,27.075664520263672,27.773746490478516,26.92607307434082,27.750810623168945,27.619991302490234,97865955,0.0,0.0
2014-04-17 00:00:00-04:00,27.365367889404297,27.3997745513916,26.484785079956055,26.73160743713379,26.6055908203125,136190888,0.0,0.0
2014-04-21 00:00:00-04:00,26.73160743713379,26.761526107788086,26.208045959472656,26.358631134033203,26.234373092651367,51334553,0.0,0.0
2014-04-22 00:00:00-04:00,26.359630584716797,26.787954330444336,26.30328369140625,26.667285919189453,26.54157257080078,47307527,0.0,0.0
2014-04-23 00:00:00-04:00,26.616424560546875,26.62041473388672,26.24045753479004,26.27486228942871,26.150999069213867,41046384,0.0,0.0
2014-04-24 00:00:00-04:00,26.43093490600586,26.50971794128418,26.034521102905273,26.186105728149414,26.06266212463379,37663121,0.0,0.0
2014-04-25 00:00:00-04:00,26.05396842956543,26.163169860839844,25.700439453125,25.73833465576172,25.617000579833984,42007014,0.0,0.0
2014-04-28 00:00:00-04:00,25.788198471069336,25.8590030670166,25.0711669921875,25.78670310974121,25.66514015197754,66710653,0.0,0.0
2014-04-29 00:00:00-04:00,25.77423667907715,26.400516510009766,25.745315551757812,26.31275749206543,26.188716888427734,53981801,0.0,0.0
2014-04-30 00:00:00-04:00,26.307771682739258,26.327716827392578,26.054466247558594,26.260900497436523,26.137104034423828,35023895,0.0,0.0
2014-05-01 00:00:00-04:00,26.28333854675293,26.57354164123535,26.12228012084961,26.49475860595703,26.369857788085938,38110345,0.0,0.0
2014-05-02 00:00:00-04:00,26.61492919921875,26.626895904541016,26.20854377746582,26.32422637939453,26.200130462646484,33770463,0.0,0.0
2014-05-05 00:00:00-04:00,26.169153213500977,26.372594833374023,25.994632720947266,26.3182430267334,26.194175720214844,20482080,0.0,0.0
2014-05-06 00:00:00-04:00,26.18959617614746,26.26837921142578,25.6824893951416,25.686477661132812,25.56538963317871,33780490,0.0,0.0
2014-05-07 00:00:00-04:00,25.718889236450195,25.763267517089844,25.096099853515625,25.428186416625977,25.308317184448242,64486563,0.0,0.0
2014-05-08 00:00:00-04:00,25.353391647338867,25.790691375732422,25.25316619873047,25.480045318603516,25.35993003845215,40426688,0.0,0.0
2014-05-09 00:00:00-04:00,25.467578887939453,25.923826217651367,25.140975952148438,25.86548614501953,25.743555068969727,48789585,0.0,0.0
2014-05-12 00:00:00-04:00,26.103832244873047,26.43691635131836,25.87944793701172,26.42345428466797,26.29888916015625,38250730,0.0,0.0
2014-05-13 00:00:00-04:00,26.47182273864746,26.730112075805664,26.403011322021484,26.581520080566406,26.456212997436523,33068541,0.0,0.0
2014-05-14 00:00:00-04:00,26.5770320892334,26.5770320892334,26.192588806152344,26.26040267944336,26.136608123779297,23835261,0.0,0.0
2014-05-15 00:00:00-04:00,26.213031768798828,26.22150993347168,25.8001651763916,25.927814483642578,25.80558967590332,34087331,0.0,0.0
2014-05-16 00:00:00-04:00,25.99812126159668,26.018566131591797,25.70143699645996,25.96022605895996,25.837844848632812,29705333,0.0,0.0
2014-05-19 00:00:00-04:00,25.913854598999023,26.416473388671875,25.808292388916016,26.3705997467041,26.246286392211914,25555972,0.0,0.0
2014-05-20 00:00:00-04:00,26.414478302001953,26.73809051513672,26.242950439453125,26.41597557067871,26.29144859313965,35695734,0.0,0.0
2014-05-21 00:00:00-04:00,26.572046279907227,26.88533592224121,26.522682189941406,26.873220443725586,26.746536254882812,23925508,0.0,0.0
2014-05-22 00:00:00-04:00,26.982419967651367,27.305034637451172,26.964967727661133,27.178382873535156,27.050262451171875,32316482,0.0,0.0
2014-05-23 00:00:00-04:00,27.2880802154541,27.6062068939209,27.110567092895508,27.559335708618164,27.42941665649414,38643806,0.0,0.0
2014-05-27 00:00:00-04:00,27.72388458251953,28.222515106201172,27.64160919189453,28.220022201538086,28.08698844909668,42083223,0.0,0.0
2014-05-28 00:00:00-04:00,28.15121078491211,28.31426239013672,27.97319984436035,28.00710678100586,27.875076293945312,33040464,0.0,0.0
2014-05-29 00:00:00-04:00,28.090377807617188,28.12278938293457,27.859012603759766,27.927326202392578,27.795673370361328,27082150,0.0,0.0
2014-05-30 00:00:00-04:00,27.963226318359375,27.990652084350586,27.719396591186523,27.9178524017334,27.786245346069336,35422988,0.0,0.0
2014-06-02 00:00:00-04:00,27.958240509033203,27.968212127685547,27.211790084838867,27.62066650390625,27.490459442138672,28700582,0.0,0.0
2014-06-03 00:00:00-04:00,27.474069595336914,27.541385650634766,27.053224563598633,27.17239761352539,27.04430389404297,37332215,0.0,0.0
2014-06-04 00:00:00-04:00,27.000869750976562,27.355396270751953,26.863746643066406,27.158437728881836,27.03040885925293,36329469,0.0,0.0
2014-06-05 00:00:00-04:00,27.245197296142578,27.671527862548828,27.147964477539062,27.619171142578125,27.488971710205078,33782496,0.0,0.0
2014-06-06 00:00:00-04:00,27.826602935791016,27.826602935791016,27.37135124206543,27.740339279174805,27.609567642211914,34735104,0.0,0.0
2014-06-09 00:00:00-04:00,27.781227111816406,28.06793975830078,27.725879669189453,28.02904510498047,27.89691162109375,29350361,0.0,0.0
2014-06-10 00:00:00-04:00,27.948766708374023,28.10284423828125,27.81862449645996,27.950761795043945,27.818998336791992,27034019,0.0,0.0
2014-06-11 00:00:00-04:00,27.823610305786133,27.9173526763916,27.675018310546875,27.865495681762695,27.7341365814209,22002242,0.0,0.0
2014-06-12 00:00:00-04:00,27.788705825805664,27.82311248779297,27.347915649414062,27.492021560668945,27.362422943115234,29169867,0.0,0.0
2014-06-13 00:00:00-04:00,27.537395477294922,27.539390563964844,27.20331382751465,27.51246452331543,27.382766723632812,24410836,0.0,0.0
2014-06-16 00:00:00-04:00,27.387807846069336,27.405757904052734,27.00186538696289,27.139488220214844,27.01154899597168,34051232,0.0,0.0
2014-06-17 00:00:00-04:00,27.135498046875,27.19134521484375,26.89266586303711,27.076162338256836,26.948522567749023,28891103,0.0,0.0
2014-06-18 00:00:00-04:00,27.16840934753418,27.602218627929688,27.125526428222656,27.592744827270508,27.46266746520996,34835379,0.0,0.0
2014-06-19 00:00:00-04:00,27.636125564575195,27.674020767211914,27.35040855407715,27.669034957885742,27.538599014282227,49136535,0.0,0.0
2014-06-20 00:00:00-04:00,27.766267776489258,27.80266761779785,27.444252014160156,27.74183464050293,27.61105728149414,90166875,0.0,0.0
2014-06-23 00:00:00-04:00,27.681499481201172,28.172651290893555,27.63662338256836,28.17015838623047,28.0373592376709,30736155,0.0,0.0
2014-06-24 00:00:00-04:00,28.182125091552734,28.553905487060547,27.973697662353516,28.153703689575195,28.02098274230957,44142862,0.0,0.0
2014-06-25 00:00:00-04:00,28.18561553955078,28.918603897094727,28.183622360229492,28.853282928466797,28.71726417541504,39387843,0.0,0.0
2014-06-26 00:00:00-04:00,28.970462799072266,29.042762756347656,28.51421356201172,28.721145629882812,28.58574867248535,34839390,0.0,0.0
2014-06-27 00:00:00-04:00,28.779985427856445,28.91411590576172,28.611446380615234,28.782976150512695,28.647289276123047,44738493,0.0,0.0
2014-06-30 00:00:00-04:00,28.853782653808594,28.89915657043457,28.658817291259766,28.685245513916016,28.550018310546875,26275943,0.0,0.0
2014-07-01 00:00:00-04:00,28.836828231811523,29.139995574951172,28.753557205200195,29.053733825683594,28.916770935058594,28959290,0.0,0.0
2014-07-02 00:00:00-04:00,29.0876407623291,29.19185447692871,28.940044403076172,29.037029266357422,28.900144577026367,21127848,0.0,0.0
2014-07-03 00:00:00-04:00,29.0876407623291,29.170412063598633,28.966472625732422,29.156450271606445,29.019004821777344,14283107,0.0,0.0
2014-07-07 00:00:00-04:00,29.108083724975586,29.24121856689453,28.90015411376953,29.03278923034668,28.895925521850586,21292298,0.0,0.0
2014-07-08 00:00:00-04:00,28.803918838500977,28.897062301635742,28.229246139526367,28.476318359375,28.34207534790039,38190565,0.0,0.0
2014-07-09 00:00:00-04:00,28.500751495361328,28.757047653198242,28.390853881835938,28.725135803222656,28.589723587036133,22335153,0.0,0.0
2014-07-10 00:00:00-04:00,28.218027114868164,28.750564575195312,28.17315101623535,28.476816177368164,28.342573165893555,27134293,0.0,0.0
2014-07-11 00:00:00-04:00,28.5172061920166,28.962982177734375,28.492773056030273,28.879711151123047,28.743568420410156,32434806,0.0,0.0
2014-07-14 00:00:00-04:00,29.050243377685547,29.18038558959961,28.822368621826172,29.16343116760254,29.025949478149414,37081529,0.0,0.0
2014-07-15 00:00:00-04:00,29.20681381225586,29.210054397583008,28.749069213867188,29.15894317626953,29.021484375,32460877,0.0,0.0
2014-07-16 00:00:00-04:00,29.319503784179688,29.339448928833008,29.030296325683594,29.053234100341797,28.916275024414062,27942506,0.0,0.0
2014-07-17 00:00:00-04:00,28.89716339111328,28.96996307373047,28.352657318115234,28.60795783996582,28.473094940185547,60331186,0.0,0.0
2014-07-18 00:00:00-04:00,29.568819046020508,29.758298873901367,29.02032470703125,29.672534942626953,29.53265380859375,80283816,0.0,0.0
2014-07-21 00:00:00-04:00,29.50649070739746,29.638626098632812,29.18153190612793,29.39280128479004,29.254241943359375,41242922,0.0,0.0
2014-07-22 00:00:00-04:00,29.45513153076172,29.900407791137695,29.449146270751953,29.655580520629883,29.515779495239258,33983045,0.0,0.0
2014-07-23 00:00:00-04:00,29.58028793334961,29.81065559387207,29.543886184692383,29.717411041259766,29.577320098876953,24663528,0.0,0.0
2014-07-24 00:00:00-04:00,29.740846633911133,29.892929077148438,29.50748634338379,29.586271286010742,29.44679832458496,20702684,0.0,0.0
2014-07-25 00:00:00-04:00,29.43917465209961,29.511974334716797,29.271135330200195,29.370363235473633,29.231908798217773,18649061,0.0,0.0
2014-07-28 00:00:00-04:00,29.322994232177734,29.543886184692383,29.1575984954834,29.449146270751953,29.310317993164062,19736037,0.0,0.0
2014-07-29 00:00:00-04:00,29.356901168823242,29.40427017211914,29.095867156982422,29.20033073425293,29.06267738342285,26997920,0.0,0.0
2014-07-30 00:00:00-04:00,29.247201919555664,29.394298553466797,29.12005043029785,29.29058265686035,29.152502059936523,20329662,0.0,0.0
2014-07-31 00:00:00-04:00,28.950515747070312,29.102598190307617,28.421966552734375,28.501747131347656,28.367385864257812,42055146,0.0,0.0
2014-08-01 00:00:00-04:00,28.441913604736328,28.719152450561523,28.065446853637695,28.22600555419922,28.09294319152832,39105069,0.0,0.0
2014-08-04 00:00:00-04:00,28.374099731445312,28.68873405456543,28.127775192260742,28.579036712646484,28.44430923461914,28546159,0.0,0.0
2014-08-05 00:00:00-04:00,28.424461364746094,28.52069664001465,28.053478240966797,28.1761417388916,28.043315887451172,31024946,0.0,0.0
2014-08-06 00:00:00-04:00,28.01209259033203,28.456872940063477,27.923336029052734,28.24116325378418,28.108030319213867,26687069,0.0,0.0
2014-08-07 00:00:00-04:00,28.322240829467773,28.41648292541504,27.978185653686523,28.09087562561035,27.958450317382812,22218835,0.0,0.0
2014-08-08 00:00:00-04:00,28.100849151611328,28.434432983398438,27.94078826904297,28.36063575744629,28.226940155029297,29895854,0.0,0.0
2014-08-11 00:00:00-04:00,28.42146873474121,28.446399688720703,28.222515106201172,28.31625747680664,28.182771682739258,24294518,0.0,0.0
2014-08-12 00:00:00-04:00,28.148717880249023,28.217529296875,27.96721649169922,28.059463500976562,27.927186965942383,30840441,0.0,0.0
2014-08-13 00:00:00-04:00,28.2878360748291,28.671283721923828,28.21004867553711,28.66031265258789,28.525203704833984,28784812,0.0,0.0
2014-08-14 00:00:00-04:00,28.730121612548828,28.815885543823242,28.46584701538086,28.653831481933594,28.518753051757812,19709966,0.0,0.0
2014-08-15 00:00:00-04:00,28.81389045715332,28.88968276977539,28.447895050048828,28.595491409301758,28.460689544677734,30383189,0.0,0.0
2014-08-18 00:00:00-04:00,28.72663116455078,29.14548110961914,28.721145629882812,29.028303146362305,28.89145851135254,25682318,0.0,0.0
2014-08-19 00:00:00-04:00,29.16991424560547,29.28659439086914,29.12005043029785,29.262659072875977,29.124711990356445,19573592,0.0,0.0
2014-08-20 00:00:00-04:00,29.213794708251953,29.254680633544922,29.04874610900879,29.14448356628418,29.00709342956543,20734771,0.0,0.0
2014-08-21 00:00:00-04:00,29.11107635498047,29.144981384277344,28.977441787719727,29.08863639831543,28.951507568359375,18296094,0.0,0.0
2014-08-22 00:00:00-04:00,29.099607467651367,29.181682586669922,28.952510833740234,29.048248291015625,28.91131019592285,15781209,0.0,0.0
2014-08-25 00:00:00-04:00,29.15595245361328,29.16991424560547,28.87073516845703,28.930570602416992,28.794185638427734,27228551,0.0,0.0
2014-08-26 00:00:00-04:00,28.98342514038086,29.010351181030273,28.75006675720215,28.81389045715332,28.678058624267578,32793789,0.0,0.0
2014-08-27 00:00:00-04:00,28.78447151184082,28.845304489135742,28.42710304260254,28.471830368041992,28.337610244750977,34067276,0.0,0.0
2014-08-28 00:00:00-04:00,28.400028228759766,28.584022521972656,28.27736473083496,28.382076263427734,28.248281478881836,25858801,0.0,0.0
2014-08-29 00:00:00-04:00,28.488285064697266,28.5236873626709,28.275819778442383,28.501747131347656,28.367385864257812,21675347,0.0,0.0
2014-09-02 00:00:00-04:00,28.51421356201172,28.812395095825195,28.481304168701172,28.787464141845703,28.651758193969727,31568434,0.0,0.0
2014-09-03 00:00:00-04:00,28.920597076416016,29.06968879699707,28.671283721923828,28.817880630493164,28.682029724121094,24302540,0.0,0.0
2014-09-04 00:00:00-04:00,28.920597076416016,29.219776153564453,28.881704330444336,29.01932716369629,28.882526397705078,29163850,0.0,0.0
2014-09-05 00:00:00-04:00,29.119054794311523,29.247201919555664,29.017831802368164,29.223766326904297,29.086000442504883,32647388,0.0,0.0
2014-09-08 00:00:00-04:00,29.24969482421875,29.50748634338379,29.2347354888916,29.4052677154541,29.266645431518555,28620362,0.0,0.0
2014-09-09 00:00:00-04:00,29.3643798828125,29.369365692138672,28.920597076416016,28.97096061706543,28.83438491821289,25744488,0.0,0.0
2014-09-10 00:00:00-04:00,28.995393753051758,29.09511947631836,28.768016815185547,29.07517433166504,28.9381103515625,19547521,0.0,0.0
2014-09-11 00:00:00-04:00,28.938549041748047,29.01085090637207,28.73410987854004,28.987913131713867,28.851259231567383,24420864,0.0,0.0
2014-09-12 00:00:00-04:00,28.970462799072266,29.00237464904785,28.644357681274414,28.702198028564453,28.566892623901367,32033708,0.0,0.0
2014-09-15 00:00:00-04:00,28.568565368652344,28.668790817260742,28.332712173461914,28.5765438079834,28.441831588745117,31951483,0.0,0.0
2014-09-16 00:00:00-04:00,28.559589385986328,28.995393753051758,28.554603576660156,28.91810417175293,28.781782150268555,29607064,0.0,0.0
2014-09-17 00:00:00-04:00,28.921096801757812,29.295568466186523,28.859516143798828,29.158445358276367,29.020986557006836,33856699,0.0,0.0
2014-09-18 00:00:00-04:00,29.26963996887207,29.396291732788086,29.16991424560547,29.382829666137695,29.24431610107422,28891103,0.0,0.0
2014-09-19 00:00:00-04:00,29.4940242767334,29.742341995239258,29.394298553466797,29.722396850585938,29.5822811126709,74732617,0.0,0.0
2014-09-22 00:00:00-04:00,29.60970687866211,29.616138458251953,29.093124389648438,29.288089752197266,29.150022506713867,33790518,0.0,0.0
2014-09-23 00:00:00-04:00,29.262161254882812,29.262161254882812,28.970462799072266,28.976943969726562,28.840343475341797,29428575,0.0,0.0
2014-09-24 00:00:00-04:00,28.993398666381836,29.400779724121094,28.9465274810791,29.31900405883789,29.1807918548584,34562632,0.0,0.0
2014-09-25 00:00:00-04:00,29.29706573486328,29.318506240844727,28.630395889282227,28.674274444580078,28.539100646972656,38519466,0.0,0.0
2014-09-26 00:00:00-04:00,28.724138259887695,28.883201599121094,28.654329299926758,28.7759952545166,28.640342712402344,28873054,0.0,0.0
2014-09-29 00:00:00-04:00,28.509227752685547,28.830345153808594,28.48030662536621,28.739097595214844,28.603618621826172,25648224,0.0,0.0
2014-09-30 00:00:00-04:00,28.767518997192383,28.913118362426758,28.564077377319336,28.788959503173828,28.65324592590332,32434806,0.0,0.0
2014-10-01 00:00:00-04:00,28.72164535522461,28.799930572509766,28.272876739501953,28.335704803466797,28.202125549316406,28909153,0.0,0.0
2014-10-02 00:00:00-04:00,28.2878360748291,28.5172061920166,28.088882446289062,28.42595672607422,28.29195213317871,23568530,0.0,0.0
2014-10-03 00:00:00-04:00,28.574050903320312,28.782228469848633,28.5466251373291,28.685245513916016,28.550018310546875,22834521,0.0,0.0
2014-10-06 00:00:00-04:00,28.860763549804688,28.970462799072266,28.643360137939453,28.788461685180664,28.652748107910156,24292512,0.0,0.0
2014-10-07 00:00:00-04:00,28.64136505126953,28.68474578857422,28.10982322692871,28.10982322692871,27.97730827331543,38226664,0.0,0.0
2014-10-08 00:00:00-04:00,28.201074600219727,28.615436553955078,27.798179626464844,28.5466251373291,28.41205406188965,39817018,0.0,0.0
2014-10-09 00:00:00-04:00,28.480806350708008,28.49626350402832,27.87646484375,27.96721649169922,27.835376739501953,50496258,0.0,0.0
2014-10-10 00:00:00-04:00,27.809648513793945,28.179134368896484,27.128019332885742,27.149959564208984,27.021970748901367,61638766,0.0,0.0
2014-10-13 00:00:00-04:00,27.174890518188477,27.3997745513916,26.582019805908203,26.58750343322754,26.4621639251709,51633371,0.0,0.0
2014-10-14 00:00:00-04:00,26.871225357055664,27.284589767456055,26.585508346557617,26.82335662841797,26.696908950805664,44451708,0.0,0.0
2014-10-15 00:00:00-04:00,26.47780418395996,26.567060470581055,25.844045639038086,26.428939819335938,26.304351806640625,74387672,0.0,0.0
2014-10-16 00:00:00-04:00,25.878948211669922,26.39902114868164,25.67949676513672,26.15369415283203,26.0304012298584,74171079,0.0,0.0
2014-10-17 00:00:00-04:00,26.290319442749023,26.476308822631836,25.356882095336914,25.488521575927734,25.368366241455078,110787334,0.0,0.0
2014-10-20 00:00:00-04:00,25.40275764465332,26.016572952270508,25.33544158935547,25.9706974029541,25.8482666015625,52150788,0.0,0.0
2014-10-21 00:00:00-04:00,26.18760108947754,26.267383575439453,25.88443374633789,26.25491714477539,26.131147384643555,46725935,0.0,0.0
2014-10-22 00:00:00-04:00,26.421958923339844,26.916101455688477,26.36760711669922,26.562572479248047,26.437353134155273,58385859,0.0,0.0
2014-10-23 00:00:00-04:00,26.892168045043945,27.28608512878418,26.71914291381836,27.124530792236328,26.996662139892578,46976621,0.0,0.0
2014-10-24 00:00:00-04:00,27.143478393554688,27.16940689086914,26.716150283813477,26.91510581970215,26.788225173950195,39462046,0.0,0.0
2014-10-27 00:00:00-04:00,26.77798080444336,27.145971298217773,26.77798080444336,26.96446990966797,26.83735466003418,23706909,0.0,0.0
2014-10-28 00:00:00-04:00,27.075664520263672,27.373844146728516,27.006853103637695,27.369855880737305,27.240829467773438,25419598,0.0,0.0
2014-10-29 00:00:00-04:00,27.424705505371094,27.63363265991211,27.274118423461914,27.39129638671875,27.262170791625977,35410955,0.0,0.0
2014-10-30 00:00:00-04:00,27.37234878540039,27.564321517944336,27.101093292236328,27.440162658691406,27.310806274414062,29113713,0.0,0.0
2014-10-31 00:00:00-04:00,27.89092445373535,27.90189552307129,27.66155433654785,27.87746238708496,27.746044158935547,40701440,0.0,0.0
2014-11-03 00:00:00-05:00,27.69895362854004,27.81862449645996,27.585763931274414,27.68499183654785,27.554481506347656,27645693,0.0,0.0
2014-11-04 00:00:00-05:00,27.574295043945312,27.69895362854004,27.389801025390625,27.629642486572266,27.499391555786133,24884132,0.0,0.0
2014-11-05 00:00:00-05:00,27.763774871826172,27.763774871826172,27.128019332885742,27.221263885498047,27.092939376831055,40645286,0.0,0.0
2014-11-06 00:00:00-05:00,27.200321197509766,27.26938247680664,26.974441528320312,27.027795791625977,26.9003849029541,26665008,0.0,0.0
2014-11-07 00:00:00-05:00,27.2357234954834,27.2357234954834,26.859756469726562,26.976436614990234,26.849266052246094,32675465,0.0,0.0
2014-11-10 00:00:00-05:00,26.99887466430664,27.40426254272461,26.9769344329834,27.299549102783203,27.170854568481445,22692131,0.0,0.0
2014-11-11 00:00:00-05:00,27.34941291809082,27.521440505981445,27.240211486816406,27.439165115356445,27.309812545776367,19310873,0.0,0.0
2014-11-12 00:00:00-05:00,27.44415283203125,27.447641372680664,27.183866500854492,27.290573120117188,27.16192054748535,22593862,0.0,0.0
2014-11-13 00:00:00-05:00,27.41473388671875,27.41473388671875,27.099597930908203,27.194337844848633,27.06614112854004,26787343,0.0,0.0
2014-11-14 00:00:00-05:00,27.259159088134766,27.259159088134766,27.033279418945312,27.145471572875977,27.01750373840332,25790614,0.0,0.0
2014-11-17 00:00:00-05:00,27.104583740234375,27.115055084228516,26.62993812561035,26.752052307128906,26.625940322875977,34520517,0.0,0.0
2014-11-18 00:00:00-05:00,26.801416397094727,27.022808074951172,26.635372161865234,26.678255081176758,26.552490234375,39253475,0.0,0.0
2014-11-19 00:00:00-05:00,26.676759719848633,26.838314056396484,26.431432723999023,26.77598762512207,26.649763107299805,27844237,0.0,0.0
2014-11-20 00:00:00-05:00,26.48977279663086,26.68224334716797,26.48129653930664,26.66828155517578,26.542564392089844,31267610,0.0,0.0
2014-11-21 00:00:00-05:00,27.0063533782959,27.03278160095215,26.754545211791992,26.801416397094727,26.675071716308594,44485801,0.0,0.0
2014-11-24 00:00:00-05:00,26.808895111083984,27.060705184936523,26.707674026489258,26.889673233032227,26.762910842895508,34127440,0.0,0.0
2014-11-25 00:00:00-05:00,26.876211166381836,27.124530792236328,26.856365203857422,26.97992706298828,26.852739334106445,35798014,0.0,0.0
2014-11-26 00:00:00-05:00,26.969953536987305,27.00336265563965,26.778579711914062,26.94452476501465,26.8175048828125,30459397,0.0,0.0
2014-11-28 00:00:00-05:00,26.956989288330078,27.025800704956055,26.756540298461914,27.017324447631836,26.88996124267578,22966883,0.0,0.0
2014-12-01 00:00:00-05:00,26.871225357055664,26.996381759643555,26.52018928527832,26.61692237854004,26.49144744873047,42307838,0.0,0.0
2014-12-02 00:00:00-05:00,26.602462768554688,26.701690673828125,26.417470932006836,26.614429473876953,26.488964080810547,30533600,0.0,0.0
2014-12-03 00:00:00-05:00,26.49924659729004,26.726423263549805,26.390544891357422,26.493263244628906,26.36836814880371,25559983,0.0,0.0
2014-12-04 00:00:00-05:00,26.48528480529785,26.793439865112305,26.357135772705078,26.791942596435547,26.66564178466797,27842232,0.0,0.0
2014-12-05 00:00:00-05:00,26.477306365966797,26.571548461914062,26.142227172851562,26.191091537475586,26.067623138427734,51312493,0.0,0.0
2014-12-08 00:00:00-05:00,26.28433609008789,26.477306365966797,26.117794036865234,26.276857376098633,26.152984619140625,46587556,0.0,0.0
2014-12-09 00:00:00-05:00,26.035518646240234,26.636369705200195,25.953744888305664,26.595481872558594,26.470108032226562,37426473,0.0,0.0
2014-12-10 00:00:00-05:00,26.581022262573242,26.74307632446289,26.206050872802734,26.23098373413086,26.10732650756836,34245764,0.0,0.0
2014-12-11 00:00:00-05:00,26.317745208740234,26.622907638549805,26.282840728759766,26.34467124938965,26.22047996520996,32216207,0.0,0.0
2014-12-12 00:00:00-05:00,26.103832244873047,26.352649688720703,25.861995697021484,25.861995697021484,25.740079879760742,39891221,0.0,0.0
2014-12-15 00:00:00-05:00,26.06543731689453,26.08338737487793,25.593233108520508,25.619661331176758,25.49888801574707,56268061,0.0,0.0
2014-12-16 00:00:00-05:00,25.50796890258789,25.582263946533203,24.383056640625,24.70168113708496,24.585233688354492,79285081,0.0,0.0
2014-12-17 00:00:00-05:00,24.78196144104004,25.28059196472168,24.77248764038086,25.17538070678711,25.05670166015625,57663883,0.0,0.0
2014-12-18 00:00:00-05:00,25.57727813720703,25.623151779174805,25.16590690612793,25.485031127929688,25.364891052246094,58534266,0.0,0.0
2014-12-19 00:00:00-05:00,25.505474090576172,25.81512451171875,25.276153564453125,25.74681282043457,25.625438690185547,73804074,0.0,0.0
2014-12-22 00:00:00-05:00,25.733348846435547,26.25092887878418,25.733348846435547,26.171646118164062,26.04827117919922,54475152,0.0,0.0
2014-12-23 00:00:00-05:00,26.277854919433594,26.65481948852539,26.242450714111328,26.456863403320312,26.332141876220703,43952341,0.0,0.0
2014-12-24 00:00:00-05:00,26.45287322998047,26.515153884887695,26.278850555419922,26.366111755371094,26.241817474365234,14118657,0.0,0.0
2014-12-26 00:00:00-05:00,26.366111755371094,26.639362335205078,26.293312072753906,26.62839126586914,26.50286102294922,20810980,0.0,0.0
2014-12-29 00:00:00-05:00,26.536643981933594,26.700693130493164,26.42799186706543,26.443897247314453,26.319236755371094,45570772,0.0,0.0
2014-12-30 00:00:00-05:00,26.332204818725586,26.484785079956055,26.28433609008789,26.44838523864746,26.32370376586914,17525986,0.0,0.0
2014-12-31 00:00:00-05:00,26.48977279663086,26.55708885192871,26.218017578125,26.247936248779297,26.12419891357422,27364925,0.0,0.0
2015-01-02 00:00:00-05:00,26.37807846069336,26.49077033996582,26.133251190185547,26.16865348815918,26.045289993286133,28951268,0.0,0.0
2015-01-05 00:00:00-05:00,26.091365814208984,26.14472007751465,25.582763671875,25.623151779174805,25.502361297607422,41196796,0.0,0.0
2015-01-06 00:00:00-05:00,25.67949676513672,25.738086700439453,24.98390769958496,25.029281616210938,24.911291122436523,57998800,0.0,0.0
2015-01-07 00:00:00-05:00,25.28059196472168,25.29275894165039,24.914098739624023,24.986400604248047,24.868610382080078,41301082,0.0,0.0
2015-01-08 00:00:00-05:00,24.83132553100586,25.105073928833008,24.4827823638916,25.065183639526367,24.947021484375,67071641,0.0,0.0
2015-01-09 00:00:00-05:00,25.168899536132812,25.176876068115234,24.671764373779297,24.740575790405273,24.623945236206055,41427428,0.0,0.0
2015-01-12 00:00:00-05:00,24.679243087768555,24.73090171813965,24.31125259399414,24.560070037841797,24.444292068481445,46535413,0.0,0.0
2015-01-13 00:00:00-05:00,24.873708724975586,25.080141067504883,24.552091598510742,24.741073608398438,24.624441146850586,47409807,0.0,0.0
2015-01-14 00:00:00-05:00,24.664783477783203,25.092607498168945,24.582508087158203,24.974931716918945,24.857196807861328,44714427,0.0,0.0
2015-01-15 00:00:00-05:00,25.209287643432617,25.214773178100586,24.819856643676758,25.02080535888672,24.902854919433594,54316718,0.0,0.0
2015-01-16 00:00:00-05:00,24.932048797607422,25.339929580688477,24.931549072265625,25.334444046020508,25.21501350402832,45965854,0.0,0.0
2015-01-20 00:00:00-05:00,25.480045318603516,25.554838180541992,25.23152732849121,25.275606155395508,25.15645408630371,44640224,0.0,0.0
2015-01-21 00:00:00-05:00,25.293058395385742,25.892911911010742,25.24070167541504,25.83108139038086,25.70931053161621,45374234,0.0,0.0
2015-01-22 00:00:00-05:00,26.002609252929688,26.74307632446289,25.913854598999023,26.64634132385254,26.52072525024414,53538588,0.0,0.0
2015-01-23 00:00:00-05:00,26.706178665161133,27.034276962280273,26.5770320892334,26.923580169677734,26.796659469604492,45634948,0.0,0.0
2015-01-26 00:00:00-05:00,26.85277557373047,26.876211166381836,26.41098976135254,26.68722915649414,26.56142234802246,30874534,0.0,0.0
2015-01-27 00:00:00-05:00,26.425947189331055,26.46234893798828,25.838560104370117,25.86050033569336,25.73859214782715,38080263,0.0,0.0
2015-01-28 00:00:00-05:00,26.067432403564453,26.077903747558594,25.4301815032959,25.4301815032959,25.310298919677734,33676205,0.0,0.0
2015-01-29 00:00:00-05:00,25.480045318603516,25.48453140258789,24.99138641357422,25.463090896606445,25.343055725097656,83727244,0.0,0.0
2015-01-30 00:00:00-05:00,25.722379684448242,26.919591903686523,25.705425262451172,26.65282440185547,26.527179718017578,112127002,0.0,0.0
2015-02-02 00:00:00-05:00,26.51370620727539,26.5770320892334,25.856510162353516,26.351652145385742,26.227428436279297,56996054,0.0,0.0
2015-02-03 00:00:00-05:00,26.327716827392578,26.59697723388672,26.091365814208984,26.38954734802246,26.26514434814453,40773638,0.0,0.0
2015-02-04 00:00:00-05:00,26.38954734802246,26.560678482055664,25.99213981628418,26.066434860229492,25.943553924560547,33273101,0.0,0.0
2015-02-05 00:00:00-05:00,26.117794036865234,26.352649688720703,26.03302574157715,26.306774139404297,26.182762145996094,36995292,0.0,0.0
2015-02-06 00:00:00-05:00,26.30976676940918,26.786457061767578,26.24843406677246,26.477306365966797,26.352489471435547,35270570,0.0,0.0
2015-02-09 00:00:00-05:00,26.327716827392578,26.527170181274414,26.228988647460938,26.31924057006836,26.195167541503906,25355423,0.0,0.0
2015-02-10 00:00:00-05:00,26.39253807067871,26.811389923095703,26.27386474609375,26.77349281311035,26.64727783203125,34997823,0.0,0.0
2015-02-11 00:00:00-05:00,26.69171714782715,26.848787307739258,26.59588050842285,26.725126266479492,26.59914207458496,27555446,0.0,0.0
2015-02-12 00:00:00-05:00,26.788951873779297,27.166414260864258,26.66045379638672,27.072172164916992,26.944549560546875,32404724,0.0,0.0
2015-02-13 00:00:00-05:00,27.093116760253906,27.420217514038086,27.08214569091797,27.375341415405273,27.24629020690918,38006060,0.0,0.0
2015-02-17 00:00:00-05:00,27.266639709472656,27.424705505371094,26.980424880981445,27.067686080932617,26.940086364746094,32336537,0.0,0.0
2015-02-18 00:00:00-05:00,26.99588394165039,27.1998233795166,26.80191421508789,26.911115646362305,26.78425407409668,29061570,0.0,0.0
2015-02-19 00:00:00-05:00,26.82834243774414,27.081148147583008,26.826847076416016,27.069181442260742,26.941574096679688,19782163,0.0,0.0
2015-02-20 00:00:00-05:00,27.08214569091797,27.113061904907227,26.71664810180664,26.87371826171875,26.74703025817871,28887092,0.0,0.0
2015-02-23 00:00:00-05:00,26.729114532470703,26.748512268066406,26.39802360534668,26.522682189941406,26.39765167236328,29157834,0.0,0.0
2015-02-24 00:00:00-05:00,26.42744255065918,26.766014099121094,26.34018325805664,26.731109619140625,26.6050968170166,20101036,0.0,0.0
2015-02-25 00:00:00-05:00,26.721635818481445,27.236223220825195,26.69894790649414,27.11904525756836,26.991201400756836,36519991,0.0,0.0
2015-02-26 00:00:00-05:00,27.086135864257812,27.730865478515625,27.000869750976562,27.697954177856445,27.5673828125,46230579,0.0,0.0
2015-02-27 00:00:00-05:00,27.636125564575195,28.158191680908203,27.569307327270508,27.843555450439453,27.712299346923828,48203982,0.0,0.0
2015-03-02 00:00:00-05:00,27.949764251708984,28.529172897338867,27.861007690429688,28.488784790039062,28.35448455810547,42592618,0.0,0.0
2015-03-03 00:00:00-05:00,28.444406509399414,28.69072914123535,28.248443603515625,28.603469848632812,28.4686279296875,34095352,0.0,0.0
2015-03-04 00:00:00-05:00,28.51521110534668,28.776493072509766,28.32274055480957,28.59000587463379,28.455228805541992,37536775,0.0,0.0
2015-03-05 00:00:00-05:00,28.672279357910156,28.81638526916504,28.59200096130371,28.6877384185791,28.552499771118164,27792094,0.0,0.0
2015-03-06 00:00:00-05:00,28.665298461914062,28.75505256652832,28.26041030883789,28.306533813476562,28.173093795776367,33182854,0.0,0.0
2015-03-09 00:00:00-04:00,28.265396118164062,28.4354305267334,28.0996036529541,28.364625930786133,28.230911254882812,21242161,0.0,0.0
2015-03-10 00:00:00-04:00,28.135255813598633,28.165172576904297,27.660558700561523,27.67452049255371,27.54405975341797,35846146,0.0,0.0
2015-03-11 00:00:00-04:00,27.681001663208008,27.830591201782227,27.4586124420166,27.483543395996094,27.353984832763672,36415706,0.0,0.0
2015-03-12 00:00:00-04:00,27.5997257232666,27.742332458496094,27.447641372680664,27.699451446533203,27.568872451782227,27792094,0.0,0.0
2015-03-13 00:00:00-04:00,27.599225997924805,27.843555450439453,27.136497497558594,27.291072845458984,27.162418365478516,34071287,0.0,0.0
2015-03-16 00:00:00-04:00,27.472074508666992,27.766267776489258,27.225252151489258,27.649587631225586,27.519245147705078,32819860,0.0,0.0
2015-03-17 00:00:00-04:00,27.509971618652344,27.614185333251953,27.324979782104492,27.466590881347656,27.33711051940918,36110871,0.0,0.0
2015-03-18 00:00:00-04:00,27.549362182617188,27.91236686706543,27.275115966796875,27.898405075073242,27.766887664794922,42690887,0.0,0.0
2015-03-19 00:00:00-04:00,27.892919540405273,27.963226318359375,27.73111343383789,27.82311248779297,27.691951751708984,23945563,0.0,0.0
2015-03-20 00:00:00-04:00,28.005611419677734,28.00910186767578,27.875967025756836,27.941286087036133,27.809568405151367,52337299,0.0,0.0
2015-03-23 00:00:00-04:00,27.944778442382812,28.041013717651367,27.71540641784668,27.863998413085938,27.73264503479004,32876014,0.0,0.0
2015-03-24 00:00:00-04:00,28.05098533630371,28.65083885192871,27.983671188354492,28.431440353393555,28.29741096496582,51665459,0.0,0.0
2015-03-25 00:00:00-04:00,28.4468994140625,28.534658432006836,27.860509872436523,27.86275291442871,27.731401443481445,43045859,0.0,0.0
2015-03-26 00:00:00-04:00,27.803165435791016,27.868486404418945,27.457115173339844,27.682498931884766,27.552000045776367,31452115,0.0,0.0
2015-03-27 00:00:00-04:00,27.574295043945312,27.6879825592041,27.33146095275879,27.34193229675293,27.21303939819336,37949906,0.0,0.0
2015-03-30 00:00:00-04:00,27.505483627319336,27.59773063659668,27.33345603942871,27.525928497314453,27.39616584777832,25750504,0.0,0.0
2015-03-31 00:00:00-04:00,27.424705505371094,27.659561157226562,27.261154174804688,27.324979782104492,27.1961669921875,31760961,0.0,0.0
2015-04-01 00:00:00-04:00,27.354896545410156,27.481548309326172,26.901142120361328,27.05372428894043,26.92618751525879,39261497,0.0,0.0
2015-04-02 00:00:00-04:00,26.96845817565918,26.96845817565918,26.619266510009766,26.70318603515625,26.57730484008789,34327989,0.0,0.0
2015-04-06 00:00:00-04:00,26.53813934326172,26.846792221069336,26.406002044677734,26.764766693115234,26.638591766357422,26488525,0.0,0.0
2015-04-07 00:00:00-04:00,26.830337524414062,27.060205459594727,26.726621627807617,26.777481079101562,26.651248931884766,26057345,0.0,0.0
2015-04-08 00:00:00-04:00,26.84529685974121,27.1180477142334,26.84529685974121,27.0063533782959,26.879039764404297,23570536,0.0,0.0
2015-04-09 00:00:00-04:00,26.977432250976562,27.02330780029297,26.70119285583496,26.964967727661133,26.837852478027344,31157308,0.0,0.0
2015-04-10 00:00:00-04:00,27.040260314941406,27.040260314941406,26.791942596435547,26.926572799682617,26.799638748168945,28189181,0.0,0.0
2015-04-13 00:00:00-04:00,26.846792221069336,27.12851905822754,26.791942596435547,26.884687423706055,26.757949829101562,32906096,0.0,0.0
2015-04-14 00:00:00-04:00,26.73908805847168,26.804906845092773,26.332305908203125,26.446889877319336,26.322216033935547,52082601,0.0,0.0
2015-04-15 00:00:00-04:00,26.362621307373047,26.66329574584961,26.089372634887695,26.55359649658203,26.42841911315918,46376979,0.0,0.0
2015-04-16 00:00:00-04:00,26.422456741333008,26.706178665161133,26.407997131347656,26.61692237854004,26.49144744873047,25997180,0.0,0.0
2015-04-17 00:00:00-04:00,26.360626220703125,26.419464111328125,25.97917366027832,26.13075828552246,26.00757598876953,43037837,0.0,0.0
2015-04-20 00:00:00-04:00,26.208045959472656,26.731109619140625,26.153196334838867,26.695707321166992,26.569860458374023,33585958,0.0,0.0
2015-04-21 00:00:00-04:00,26.80191421508789,26.895658493041992,26.610689163208008,26.62540054321289,26.49988555908203,36895018,0.0,0.0
2015-04-22 00:00:00-04:00,26.646841049194336,26.97992706298828,26.51470375061035,26.894411087036133,26.767627716064453,31871263,0.0,0.0
2015-04-23 00:00:00-04:00,26.97593879699707,27.47257423400879,26.937543869018555,27.275115966796875,27.14653778076172,83697161,0.0,0.0
2015-04-24 00:00:00-04:00,28.227500915527344,28.478811264038086,27.786212921142578,28.175643920898438,28.04281997680664,98650102,0.0,0.0
2015-04-27 00:00:00-04:00,28.16950035095215,28.297500610351562,27.65999984741211,27.76849937438965,27.63759422302246,47960000,0.0,1.0027455
2015-04-28 00:00:00-04:00,27.73200035095215,27.801000595092773,27.518299102783203,27.68400001525879,27.553495407104492,29820000,0.0,0.0
2015-04-29 00:00:00-04:00,27.523500442504883,27.68400001525879,27.34524917602539,27.45400047302246,27.32457733154297,33976000,0.0,0.0
2015-04-30 00:00:00-04:00,27.39349937438965,27.429500579833984,26.752500534057617,26.867000579833984,26.740345001220703,41644000,0.0,0.0
2015-05-01 00:00:00-04:00,26.921499252319336,26.976999282836914,26.604999542236328,26.895000457763672,26.76821517944336,35364000,0.0,0.0
2015-05-04 00:00:00-04:00,26.92650032043457,27.203500747680664,26.753000259399414,27.038999557495117,26.911535263061523,26160000,0.0,0.0
2015-05-05 00:00:00-04:00,26.910499572753906,26.98699951171875,26.519550323486328,26.540000915527344,26.414888381958008,27662000,0.0,0.0
2015-05-06 00:00:00-04:00,26.562000274658203,26.618999481201172,26.054250717163086,26.211000442504883,26.087438583374023,31340000,0.0,0.0
2015-05-07 00:00:00-04:00,26.199499130249023,26.67300033569336,26.087499618530273,26.53499984741211,26.409912109375,30926000,0.0,0.0
2015-05-08 00:00:00-04:00,26.832500457763672,27.0575008392334,26.25,26.910999298095703,26.784137725830078,30552000,0.0,0.0
2015-05-11 00:00:00-04:00,26.918500900268555,27.099000930786133,26.770000457763672,26.78499984741211,26.658729553222656,18106000,0.0,0.0
2015-05-12 00:00:00-04:00,26.579999923706055,26.660449981689453,26.26300048828125,26.45199966430664,26.327302932739258,32684000,0.0,0.0
2015-05-13 00:00:00-04:00,26.527999877929688,26.716100692749023,26.432750701904297,26.481000900268555,26.35616683959961,25046000,0.0,0.0
2015-05-14 00:00:00-04:00,26.688499450683594,26.950000762939453,26.620500564575195,26.920000076293945,26.7930965423584,28078000,0.0,0.0
2015-05-15 00:00:00-04:00,26.958999633789062,26.963699340820312,26.518999099731445,26.6924991607666,26.566667556762695,39426000,0.0,0.0
2015-05-18 00:00:00-04:00,26.600500106811523,26.740999221801758,26.4424991607666,26.614999771118164,26.489532470703125,40068000,0.0,0.0
2015-05-19 00:00:00-04:00,26.698999404907227,27.033000946044922,26.652000427246094,26.868000030517578,26.74134063720703,39338000,0.0,0.0
2015-05-20 00:00:00-04:00,26.92449951171875,27.145999908447266,26.64859962463379,26.963499069213867,26.83639144897461,28616000,0.0,0.0
2015-05-21 00:00:00-04:00,26.897499084472656,27.191999435424805,26.798999786376953,27.125499725341797,26.99762725830078,29254000,0.0,0.0
2015-05-22 00:00:00-04:00,27.00749969482422,27.20949935913086,26.975500106811523,27.00550079345703,26.87819480895996,23524000,0.0,0.0
2015-05-26 00:00:00-04:00,26.9060001373291,26.950000762939453,26.493999481201172,26.615999221801758,26.49052619934082,48130000,0.0,0.0
2015-05-27 00:00:00-04:00,26.639999389648438,27.02750015258789,26.585500717163086,26.989500045776367,26.862266540527344,30500000,0.0,0.0
2015-05-28 00:00:00-04:00,26.90049934387207,27.030500411987305,26.8125,26.98900032043457,26.861772537231445,20596000,0.0,0.0
2015-05-29 00:00:00-04:00,26.868499755859375,26.931499481201172,26.572500228881836,26.605499267578125,26.480077743530273,51948000,0.0,0.0
2015-06-01 00:00:00-04:00,26.839500427246094,26.839500427246094,26.488000869750977,26.699499130249023,26.573633193969727,38086000,0.0,0.0
2015-06-02 00:00:00-04:00,26.646499633789062,27.149999618530273,26.566499710083008,26.958999633789062,26.831911087036133,38780000,0.0,0.0
2015-06-03 00:00:00-04:00,26.995500564575195,27.174999237060547,26.855499267578125,27.015499114990234,26.888145446777344,34340000,0.0,0.0
2015-06-04 00:00:00-04:00,26.88800048828125,27.029499053955078,26.715999603271484,26.834999084472656,26.70849609375,26966000,0.0,0.0
2015-06-05 00:00:00-04:00,26.8174991607666,26.860000610351562,26.625999450683594,26.666500091552734,26.540790557861328,27764000,0.0,0.0
2015-06-08 00:00:00-04:00,26.66550064086914,26.70599937438965,26.312000274658203,26.34149932861328,26.217323303222656,30412000,0.0,0.0
2015-06-09 00:00:00-04:00,26.378000259399414,26.459999084472656,26.15049934387207,26.33449935913086,26.210355758666992,29106000,0.0,0.0
2015-06-10 00:00:00-04:00,26.468000411987305,26.917999267578125,26.467500686645508,26.83449935913086,26.707998275756836,36300000,0.0,0.0
2015-06-11 00:00:00-04:00,26.921249389648438,26.948999404907227,26.650999069213867,26.730499267578125,26.604488372802734,24350000,0.0,0.0
2015-06-12 00:00:00-04:00,26.579999923706055,26.6560001373291,26.507999420166016,26.616500854492188,26.491025924682617,19116000,0.0,0.0
2015-06-15 00:00:00-04:00,26.399999618530273,26.415000915527344,26.200000762939453,26.360000610351562,26.235736846923828,32654000,0.0,0.0
2015-06-16 00:00:00-04:00,26.420000076293945,26.48200035095215,26.277999877929688,26.407499313354492,26.283010482788086,21436000,0.0,0.0
2015-06-17 00:00:00-04:00,26.4685001373291,26.548999786376953,26.2549991607666,26.46299934387207,26.33824920654297,25884000,0.0,0.0
2015-06-18 00:00:00-04:00,26.549999237060547,26.907499313354492,26.539499282836914,26.83650016784668,26.709989547729492,36662000,0.0,0.0
2015-06-19 00:00:00-04:00,26.86050033569336,26.912500381469727,26.65049934387207,26.83449935913086,26.707998275756836,37870000,0.0,0.0
2015-06-22 00:00:00-04:00,26.97949981689453,27.187000274658203,26.87649917602539,26.909500122070312,26.78264617919922,25006000,0.0,0.0
2015-06-23 00:00:00-04:00,26.98200035095215,27.074949264526367,26.762500762939453,27.02400016784668,26.8966064453125,23950000,0.0,0.0
2015-06-24 00:00:00-04:00,27.0,27.0,26.783000946044922,26.892000198364258,26.765228271484375,25732000,0.0,0.0
2015-06-25 00:00:00-04:00,26.943500518798828,27.045000076293945,26.761499404907227,26.761499404907227,26.63534164428711,26714000,0.0,0.0
2015-06-26 00:00:00-04:00,26.863000869750977,26.88800048828125,26.5674991607666,26.58449935913086,26.45917510986328,42182000,0.0,0.0
2015-06-29 00:00:00-04:00,26.250499725341797,26.430500030517578,26.027000427246094,26.076000213623047,25.953073501586914,38756000,0.0,0.0
2015-06-30 00:00:00-04:00,26.301000595092773,26.3125,26.024999618530273,26.02549934387207,25.90281105041504,44344000,0.0,0.0
2015-07-01 00:00:00-04:00,26.236499786376953,26.284500122070312,25.911500930786133,26.091999053955078,25.9689998626709,39220000,0.0,0.0
2015-07-02 00:00:00-04:00,26.054000854492188,26.232500076293945,26.054000854492188,26.170000076293945,26.046630859375,24718000,0.0,0.0
2015-07-06 00:00:00-04:00,25.975000381469727,26.262500762939453,25.950000762939453,26.14299964904785,26.019756317138672,25610000,0.0,0.0
2015-07-07 00:00:00-04:00,26.1564998626709,26.30900001525879,25.759000778198242,26.250999450683594,26.127248764038086,31944000,0.0,0.0
2015-07-08 00:00:00-04:00,26.052499771118164,26.136699676513672,25.805500030517578,25.84149932861328,25.71967887878418,25934000,0.0,0.0
2015-07-09 00:00:00-04:00,26.1560001373291,26.188499450683594,26.017499923706055,26.034000396728516,25.911270141601562,36846000,0.0,0.0
2015-07-10 00:00:00-04:00,26.31450080871582,26.628000259399414,26.27750015258789,26.506500244140625,26.381546020507812,39134000,0.0,0.0
2015-07-13 00:00:00-04:00,26.643999099731445,27.355499267578125,26.6200008392334,27.327499389648438,27.198673248291016,44130000,0.0,0.0
2015-07-14 00:00:00-04:00,27.33799934387207,28.292449951171875,27.335500717163086,28.05500030517578,27.922746658325195,64882000,0.0,0.0
2015-07-15 00:00:00-04:00,28.006500244140625,28.325149536132812,27.839500427246094,28.01099967956543,27.878952026367188,35692000,0.0,0.0
2015-07-16 00:00:00-04:00,28.256000518798828,29.034000396728516,28.25,28.99250030517578,28.85582733154297,95366000,0.0,0.0
2015-07-17 00:00:00-04:00,32.45000076293945,33.7234001159668,32.25,33.64649963378906,33.48788833618164,223298000,0.0,0.0
2015-07-20 00:00:00-04:00,32.96200180053711,33.444000244140625,32.6505012512207,33.1510009765625,32.994720458984375,117218000,0.0,0.0
2015-07-21 00:00:00-04:00,32.760501861572266,33.650001525878906,32.71500015258789,33.1150016784668,32.958892822265625,67544000,0.0,0.0
2015-07-22 00:00:00-04:00,33.044498443603516,33.93199920654297,32.95000076293945,33.10499954223633,32.948936462402344,78586000,0.0,0.0
2015-07-23 00:00:00-04:00,33.063499450683594,33.18149948120117,32.04999923706055,32.2140007019043,32.06214141845703,60582000,0.0,0.0
2015-07-24 00:00:00-04:00,32.349998474121094,32.40850067138672,31.125999450683594,31.17799949645996,31.031021118164062,72514000,0.0,0.0
2015-07-27 00:00:00-04:00,31.049999237060547,31.71500015258789,31.024999618530273,31.363000869750977,31.215150833129883,53508000,0.0,0.0
2015-07-28 00:00:00-04:00,31.64150047302246,31.64150047302246,31.16550064086914,31.399999618530273,31.25197410583496,34546000,0.0,0.0
2015-07-29 00:00:00-04:00,31.440000534057617,31.667999267578125,31.13249969482422,31.596500396728516,31.447551727294922,31502000,0.0,0.0
2015-07-30 00:00:00-04:00,31.5,31.76099967956543,31.102500915527344,31.629499435424805,31.480392456054688,29484000,0.0,0.0
2015-07-31 00:00:00-04:00,31.569000244140625,31.64550018310547,31.274999618530273,31.280500411987305,31.133037567138672,34122000,0.0,0.0
2015-08-03 00:00:00-04:00,31.267000198364258,31.652799606323242,31.267000198364258,31.56049919128418,31.411718368530273,26090000,0.0,0.0
2015-08-04 00:00:00-04:00,31.42099952697754,31.74049949645996,31.357999801635742,31.462499618530273,31.314180374145508,29818000,0.0,0.0
2015-08-05 00:00:00-04:00,31.71649932861328,32.393001556396484,31.658000946044922,32.18899917602539,32.037254333496094,46686000,0.0,0.0
2015-08-06 00:00:00-04:00,32.25,32.268951416015625,31.612499237060547,32.13399887084961,31.982515335083008,31452000,0.0,0.0
2015-08-07 00:00:00-04:00,32.01150131225586,32.13399887084961,31.48550033569336,31.764999389648438,31.615253448486328,28078000,0.0,0.0
2015-08-10 00:00:00-04:00,31.974000930786133,32.172000885009766,31.562450408935547,31.686500549316406,31.537126541137695,36184000,0.0,0.0
2015-08-11 00:00:00-04:00,33.459999084472656,33.744998931884766,32.7135009765625,33.03900146484375,32.88325500488281,100584000,0.0,0.0
2015-08-12 00:00:00-04:00,33.15399932861328,33.25,32.614498138427734,32.97800064086914,32.822540283203125,58734000,0.0,0.0
2015-08-13 00:00:00-04:00,32.96609878540039,33.224998474121094,32.58304977416992,32.8224983215332,32.66777038574219,36214000,0.0,0.0
2015-08-14 00:00:00-04:00,32.7504997253418,32.99274826049805,32.632999420166016,32.85599899291992,32.701114654541016,21442000,0.0,0.0
2015-08-17 00:00:00-04:00,32.84000015258789,33.069000244140625,32.5620002746582,33.04349899291992,32.887725830078125,21034000,0.0,0.0
2015-08-18 00:00:00-04:00,33.095001220703125,33.20000076293945,32.67300033569336,32.80649948120117,32.6518440246582,29122000,0.0,0.0
2015-08-19 00:00:00-04:00,32.83000183105469,33.349998474121094,32.70949935913086,33.04499816894531,32.88922119140625,42682000,0.0,0.0
2015-08-20 00:00:00-04:00,32.77299880981445,33.14950180053711,32.14500045776367,32.34149932861328,32.18903732299805,57106000,0.0,0.0
2015-08-21 00:00:00-04:00,31.98900032043457,32.002498626708984,30.616500854492188,30.624000549316406,30.47963523864746,85304000,0.0,0.0
2015-08-24 00:00:00-04:00,28.649999618530273,29.96649932861328,28.252500534057617,29.480499267578125,29.34152603149414,115406000,0.0,0.0
2015-08-25 00:00:00-04:00,30.745500564575195,30.872499465942383,29.055500030517578,29.10300064086914,28.965805053710938,70760000,0.0,0.0
2015-08-26 00:00:00-04:00,30.517499923706055,31.585500717163086,29.952499389648438,31.430999755859375,31.28282928466797,84718000,0.0,0.0
2015-08-27 00:00:00-04:00,31.969999313354492,32.179500579833984,31.100000381469727,31.88050079345703,31.73021125793457,69826000,0.0,0.0
2015-08-28 00:00:00-04:00,31.641000747680664,31.8439998626709,31.22800064086914,31.518999099731445,31.37041473388672,39574000,0.0,0.0
2015-08-31 00:00:00-04:00,31.37700080871582,31.790000915527344,30.884000778198242,30.912500381469727,30.766775131225586,43534000,0.0,0.0
2015-09-01 00:00:00-04:00,30.118000030517578,30.64299964904785,29.704999923706055,29.88949966430664,29.74859619140625,74042000,0.0,0.0
2015-09-02 00:00:00-04:00,30.279499053955078,30.716999053955078,29.98550033569336,30.716999053955078,30.572193145751953,51512000,0.0,0.0
2015-09-03 00:00:00-04:00,30.850000381469727,30.98550033569336,30.141050338745117,30.3125,30.16960334777832,35192000,0.0,0.0
2015-09-04 00:00:00-04:00,30.0,30.173500061035156,29.762500762939453,30.03499984741211,29.893409729003906,41780000,0.0,0.0
2015-09-08 00:00:00-04:00,30.624500274658203,30.815500259399414,30.20599937438965,30.732999801635742,30.588119506835938,45590000,0.0,0.0
2015-09-09 00:00:00-04:00,31.06100082397461,31.326000213623047,30.479999542236328,30.63599967956543,30.491579055786133,34042000,0.0,0.0
2015-09-10 00:00:00-04:00,30.655000686645508,31.20800018310547,30.571500778198242,31.0674991607666,30.92104148864746,38106000,0.0,0.0
2015-09-11 00:00:00-04:00,30.987499237060547,31.288999557495117,30.871000289916992,31.28849983215332,31.141000747680664,27470000,0.0,0.0
2015-09-14 00:00:00-04:00,31.28499984741211,31.292999267578125,30.971500396728516,31.16200065612793,31.015098571777344,34046000,0.0,0.0
2015-09-15 00:00:00-04:00,31.334999084472656,31.934999465942383,31.18899917602539,31.756999969482422,31.60729217529297,41688000,0.0,0.0
2015-09-16 00:00:00-04:00,31.773500442504883,31.897499084472656,31.615999221801758,31.798999786376953,31.649093627929688,25730000,0.0,0.0
2015-09-17 00:00:00-04:00,31.88949966430664,32.54499816894531,31.750999450683594,32.14500045776367,31.993465423583984,45494000,0.0,0.0
2015-09-18 00:00:00-04:00,31.839500427246094,32.0,31.35099983215332,31.462499618530273,31.314180374145508,102668000,0.0,0.0
2015-09-21 00:00:00-04:00,31.719999313354492,31.824499130249023,31.297000885009766,31.77199935913086,31.622220993041992,35770000,0.0,0.0
2015-09-22 00:00:00-04:00,31.350000381469727,31.377500534057617,30.771499633789062,31.13450050354004,30.987728118896484,51258000,0.0,0.0
2015-09-23 00:00:00-04:00,31.102500915527344,31.446500778198242,31.0,31.118000030517578,30.971303939819336,29418000,0.0,0.0
2015-09-24 00:00:00-04:00,30.832000732421875,31.365999221801758,30.6200008392334,31.290000915527344,31.14249610900879,44802000,0.0,0.0
2015-09-25 00:00:00-04:00,31.488500595092773,31.488500595092773,30.549999237060547,30.598499298095703,30.454254150390625,43480000,0.0,0.0
2015-09-28 00:00:00-04:00,30.517000198364258,30.730249404907227,29.4689998626709,29.74449920654297,29.604280471801758,62554000,0.0,0.0
2015-09-29 00:00:00-04:00,29.86400032043457,30.25,29.51099967956543,29.74850082397461,29.608261108398438,46190000,0.0,0.0
2015-09-30 00:00:00-04:00,30.163999557495117,30.437999725341797,30.036500930786133,30.42099952697754,30.277589797973633,48268000,0.0,0.0
2015-10-01 00:00:00-04:00,30.418500900268555,30.60449981689453,29.99250030517578,30.56450080871582,30.420413970947266,37352000,0.0,0.0
2015-10-02 00:00:00-04:00,30.360000610351562,31.367000579833984,30.1564998626709,31.345500946044922,31.197734832763672,53696000,0.0,0.0
2015-10-05 00:00:00-04:00,31.600000381469727,32.1505012512207,31.350000381469727,32.07350158691406,31.92230224609375,36072000,0.0,0.0
2015-10-06 00:00:00-04:00,31.941999435424805,32.462501525878906,31.826499938964844,32.27199935913086,32.119869232177734,43326000,0.0,0.0
2015-10-07 00:00:00-04:00,32.46200180053711,32.53044891357422,31.607500076293945,32.11800003051758,31.966590881347656,41854000,0.0,0.0
2015-10-08 00:00:00-04:00,32.06800079345703,32.22249984741211,31.277999877929688,31.95800018310547,31.80734634399414,43642000,0.0,0.0
2015-10-09 00:00:00-04:00,32.0,32.29949951171875,31.765899658203125,32.18050003051758,32.0287971496582,32974000,0.0,0.0
2015-10-12 00:00:00-04:00,32.10449981689453,32.42499923706055,31.95050048828125,32.333499908447266,32.18107604980469,25504000,0.0,0.0
2015-10-13 00:00:00-04:00,32.157501220703125,32.89059829711914,32.157501220703125,32.6150016784668,32.46125411987305,36154000,0.0,0.0
2015-10-14 00:00:00-04:00,32.660499572753906,32.96950149536133,32.442501068115234,32.55799865722656,32.404518127441406,28310000,0.0,0.0
2015-10-15 00:00:00-04:00,32.733001708984375,33.15650177001953,32.722999572753906,33.08700180053711,32.93102264404297,37714000,0.0,0.0
2015-10-16 00:00:00-04:00,33.205501556396484,33.24850082397461,32.86000061035156,33.11000061035156,32.953914642333984,32222000,0.0,0.0
2015-10-19 00:00:00-04:00,33.058998107910156,33.340999603271484,32.979000091552734,33.30500030517578,33.14799499511719,29546000,0.0,0.0
2015-10-20 00:00:00-04:00,33.20199966430664,33.236000061035156,32.20975112915039,32.513999938964844,32.3607292175293,49964000,0.0,0.0
2015-10-21 00:00:00-04:00,32.70750045776367,32.79349899291992,32.08649826049805,32.13050079345703,31.979036331176758,35822000,0.0,0.0
2015-10-22 00:00:00-04:00,32.334999084472656,32.88999938964844,32.20050048828125,32.589500427246094,32.43587112426758,81420000,0.0,0.0
2015-10-23 00:00:00-04:00,36.375,36.5,35.07500076293945,35.099998474121094,34.93452835083008,133078000,0.0,0.0
2015-10-26 00:00:00-04:00,35.07749938964844,35.95750045776367,35.0629997253418,35.638999938964844,35.47099304199219,54332000,0.0,0.0
2015-10-27 00:00:00-04:00,35.36899948120117,35.680999755859375,35.227500915527344,35.42449951171875,35.25749969482422,44916000,0.0,0.0
2015-10-28 00:00:00-04:00,35.36650085449219,35.64899826049805,35.15399932861328,35.647499084472656,35.47945022583008,43578000,0.0,0.0
2015-10-29 00:00:00-04:00,35.525001525878906,35.91299819946289,35.5004997253418,35.84600067138672,35.67702102661133,29120000,0.0,0.0
2015-10-30 00:00:00-04:00,35.7864990234375,35.900001525878906,35.502498626708984,35.54050064086914,35.37295913696289,38176000,0.0,0.0
2015-11-02 00:00:00-05:00,35.553001403808594,36.08100128173828,35.29249954223633,36.05550003051758,35.88553237915039,37726000,0.0,0.0
2015-11-03 00:00:00-05:00,35.94300079345703,36.23249816894531,35.736000061035156,36.108001708984375,35.937782287597656,31308000,0.0,0.0
2015-11-04 00:00:00-05:00,36.099998474121094,36.654998779296875,36.095001220703125,36.40549850463867,36.23387908935547,34134000,0.0,0.0
2015-11-05 00:00:00-05:00,36.4734992980957,36.9739990234375,36.4734992980957,36.5625,36.390140533447266,37232000,0.0,0.0
2015-11-06 00:00:00-05:00,36.57500076293945,36.77050018310547,36.35049819946289,36.6879997253418,36.51504898071289,30232000,0.0,0.0
2015-11-09 00:00:00-05:00,36.5099983215332,36.73550033569336,35.971500396728516,36.24449920654297,36.073638916015625,41396000,0.0,0.0
2015-11-10 00:00:00-05:00,36.220001220703125,36.52949905395508,35.92499923706055,36.41600036621094,36.24433135986328,32160000,0.0,0.0
2015-11-11 00:00:00-05:00,36.62300109863281,37.04999923706055,36.51150131225586,36.77000045776367,36.59666442871094,27328000,0.0,0.0
2015-11-12 00:00:00-05:00,36.54999923706055,36.88999938964844,36.4322509765625,36.561500549316406,36.38914489746094,36744000,0.0,0.0
2015-11-13 00:00:00-05:00,36.458499908447266,36.557498931884766,35.83649826049805,35.849998474121094,35.680992126464844,41510000,0.0,0.0
2015-11-16 00:00:00-05:00,35.779998779296875,36.4744987487793,35.56650161743164,36.448001861572266,36.27617645263672,38118000,0.0,0.0
2015-11-17 00:00:00-05:00,36.464500427246094,36.59225082397461,36.15134811401367,36.26499938964844,36.09404373168945,30218000,0.0,0.0
2015-11-18 00:00:00-05:00,36.37900161743164,37.070499420166016,36.349998474121094,37.0,36.8255729675293,33686000,0.0,0.0
2015-11-19 00:00:00-05:00,36.9370002746582,37.099998474121094,36.871498107910156,36.920501708984375,36.746456146240234,26542000,0.0,0.0
2015-11-20 00:00:00-05:00,37.326499938964844,37.895999908447266,37.150001525878906,37.83000183105469,37.65166473388672,44246000,0.0,0.0
2015-11-23 00:00:00-05:00,37.872501373291016,38.135398864746094,37.590999603271484,37.79899978637695,37.620811462402344,28290000,0.0,0.0
2015-11-24 00:00:00-05:00,37.599998474121094,37.76395034790039,36.881500244140625,37.41400146484375,37.23762893676758,46662000,0.0,0.0
2015-11-25 00:00:00-05:00,37.40700149536133,37.599998474121094,37.303001403808594,37.407501220703125,37.23115539550781,22442000,0.0,0.0
2015-11-27 00:00:00-05:00,37.42300033569336,37.670501708984375,37.3745002746582,37.51300048828125,37.336158752441406,16770000,0.0,0.0
2015-11-30 00:00:00-05:00,37.44049835205078,37.746498107910156,37.063499450683594,37.130001068115234,36.95497131347656,41952000,0.0,0.0
2015-12-01 00:00:00-05:00,37.355499267578125,38.4474983215332,37.334999084472656,38.35200119018555,38.17120361328125,42692000,0.0,0.0
2015-12-02 00:00:00-05:00,38.44499969482422,38.79774856567383,37.948001861572266,38.11899948120117,37.93930435180664,44608000,0.0,0.0
2015-12-03 00:00:00-05:00,38.300498962402344,38.44974899291992,37.28150177001953,37.62699890136719,37.449623107910156,51812000,0.0,0.0
2015-12-04 00:00:00-05:00,37.654998779296875,38.42449951171875,37.5,38.34049987792969,38.159759521484375,55146000,0.0,0.0
2015-12-07 00:00:00-05:00,38.38850021362305,38.436500549316406,37.75450134277344,38.162498474121094,37.98259735107422,36246000,0.0,0.0
2015-12-08 00:00:00-05:00,37.894500732421875,38.2400016784668,37.709999084472656,38.118499755859375,37.938804626464844,36590000,0.0,0.0
2015-12-09 00:00:00-05:00,37.958499908447266,38.21149826049805,36.85005187988281,37.580501556396484,37.403343200683594,54000000,0.0,0.0
2015-12-10 00:00:00-05:00,37.64250183105469,37.79249954223633,37.19150161743164,37.472999572753906,37.296348571777344,39768000,0.0,0.0
2015-12-11 00:00:00-05:00,37.05799865722656,37.285499572753906,36.837501525878906,36.94350051879883,36.769344329833984,44488000,0.0,0.0
2015-12-14 00:00:00-05:00,37.089500427246094,37.436500549316406,36.208499908447266,37.38850021362305,37.212249755859375,48250000,0.0,0.0
2015-12-15 00:00:00-05:00,37.650001525878906,37.90399932861328,37.1505012512207,37.16999816894531,36.99477767944336,53324000,0.0,0.0
2015-12-16 00:00:00-05:00,37.5,38.02949905395508,36.97174835205078,37.90449905395508,37.72581100463867,39866000,0.0,0.0
2015-12-17 00:00:00-05:00,38.12099838256836,38.13399887084961,37.45000076293945,37.471500396728516,37.294857025146484,31068000,0.0,0.0
2015-12-18 00:00:00-05:00,37.32550048828125,37.70650100708008,36.907501220703125,36.96549987792969,36.791236877441406,62974000,0.0,0.0
2015-12-21 00:00:00-05:00,37.30649948120117,37.5,37.0,37.38850021362305,37.212249755859375,30514000,0.0,0.0
2015-12-22 00:00:00-05:00,37.58250045776367,37.74250030517578,37.2765007019043,37.5,37.323219299316406,27308000,0.0,0.0
2015-12-23 00:00:00-05:00,37.673500061035156,37.71049880981445,37.20000076293945,37.515499114990234,37.33864974975586,31318000,0.0,0.0
2015-12-24 00:00:00-05:00,37.477500915527344,37.567501068115234,37.33100128173828,37.41999816894531,37.243595123291016,10544000,0.0,0.0
2015-12-28 00:00:00-05:00,37.645999908447266,38.14950180053711,37.47600173950195,38.1254997253418,37.94577407836914,30306000,0.0,0.0
2015-12-29 00:00:00-05:00,38.33449935913086,38.999000549316406,38.32149887084961,38.83000183105469,38.646949768066406,35300000,0.0,0.0
2015-12-30 00:00:00-05:00,38.83000183105469,38.880001068115234,38.345001220703125,38.54999923706055,38.36826705932617,25866000,0.0,0.0
2015-12-31 00:00:00-05:00,38.474998474121094,38.474998474121094,37.91699981689453,37.944000244140625,37.76512908935547,30018000,0.0,0.0
2016-01-04 00:00:00-05:00,37.150001525878906,37.202999114990234,36.56290054321289,37.09199905395508,36.917144775390625,65456000,0.0,0.0
2016-01-05 00:00:00-05:00,37.3224983215332,37.599998474121094,36.93199920654297,37.12900161743164,36.95397186279297,39014000,0.0,0.0
2016-01-06 00:00:00-05:00,36.5,37.35900115966797,36.44599914550781,37.180999755859375,37.00572204589844,38940000,0.0,0.0
2016-01-07 00:00:00-05:00,36.515499114990234,36.92499923706055,35.952999114990234,36.31949996948242,36.148284912109375,59274000,0.0,0.0
2016-01-08 00:00:00-05:00,36.5724983215332,36.6614990234375,35.650001525878906,35.7234992980957,35.55509567260742,49018000,0.0,0.0
2016-01-11 00:00:00-05:00,35.830501556396484,35.9427490234375,35.176998138427734,35.80149841308594,35.63272476196289,41812000,0.0,0.0
2016-01-12 00:00:00-05:00,36.08399963378906,36.4375,35.865848541259766,36.30350112915039,36.13235855102539,40490000,0.0,0.0
2016-01-13 00:00:00-05:00,36.54249954223633,36.73699951171875,34.93050003051758,35.02799987792969,34.86287307739258,50034000,0.0,0.0
2016-01-14 00:00:00-05:00,35.26900100708008,36.096248626708984,34.45500183105469,35.736000061035156,35.567535400390625,44516000,0.0,0.0
2016-01-15 00:00:00-05:00,34.614498138427734,35.33700180053711,34.26850128173828,34.72249984741211,34.55881118774414,72162000,0.0,0.0
2016-01-19 00:00:00-05:00,35.165000915527344,35.499000549316406,34.670501708984375,35.089500427246094,34.9240837097168,45362000,0.0,0.0
2016-01-20 00:00:00-05:00,34.43050003051758,35.342498779296875,33.66299819946289,34.92250061035156,34.75787353515625,68900000,0.0,0.0
2016-01-21 00:00:00-05:00,35.10900115966797,35.95949935913086,34.722999572753906,35.329498291015625,35.1629524230957,48244000,0.0,0.0
2016-01-22 00:00:00-05:00,36.18000030517578,36.40650177001953,36.00605010986328,36.26250076293945,36.091548919677734,40236000,0.0,0.0
2016-01-25 00:00:00-05:00,36.17900085449219,36.48400115966797,35.5004997253418,35.583499908447266,35.41575241088867,34234000,0.0,0.0
2016-01-26 00:00:00-05:00,35.692501068115234,35.91400146484375,35.32400131225586,35.652000427246094,35.48393249511719,26634000,0.0,0.0
2016-01-27 00:00:00-05:00,35.68349838256836,35.91175079345703,34.71950149536133,34.9995002746582,34.83450698852539,43884000,0.0,0.0
2016-01-28 00:00:00-05:00,36.111000061035156,36.68450164794922,35.61750030517578,36.54800033569336,36.375709533691406,53528000,0.0,0.0
2016-01-29 00:00:00-05:00,36.576499938964844,37.2495002746582,36.34000015258789,37.147499084472656,36.97237777709961,69486000,0.0,0.0
2016-02-01 00:00:00-05:00,37.52299880981445,37.893001556396484,37.16350173950195,37.599998474121094,37.42274475097656,102784000,0.0,0.0
2016-02-02 00:00:00-05:00,39.224998474121094,39.493499755859375,38.23249816894531,38.23249816894531,38.05226516723633,126962000,0.0,0.0
2016-02-03 00:00:00-05:00,38.51100158691406,38.724998474121094,36.025001525878906,36.34749984741211,36.176151275634766,123420000,0.0,0.0
2016-02-04 00:00:00-05:00,36.140499114990234,36.349998474121094,35.09299850463867,35.4005012512207,35.23362350463867,103374000,0.0,0.0
2016-02-05 00:00:00-05:00,35.19350051879883,35.199501037597656,34.00749969482422,34.17850112915039,34.01737976074219,102114000,0.0,0.0
2016-02-08 00:00:00-05:00,33.39250183105469,34.201499938964844,33.15299987792969,34.137001037597656,33.976078033447266,84948000,0.0,0.0
2016-02-09 00:00:00-05:00,33.61600112915039,34.994998931884766,33.438499450683594,33.90549850463867,33.74566650390625,72178000,0.0,0.0
2016-02-10 00:00:00-05:00,34.34299850463867,35.06549835205078,34.10649871826172,34.20600128173828,34.04475021362305,52760000,0.0,0.0
2016-02-11 00:00:00-05:00,33.75,34.467498779296875,33.44340133666992,34.15549850463867,33.99448776245117,60480000,0.0,0.0
2016-02-12 00:00:00-05:00,34.51300048828125,34.6875,33.93000030517578,34.119998931884766,33.95915603637695,42828000,0.0,0.0
2016-02-16 00:00:00-05:00,34.64899826049805,34.900001525878906,34.252498626708984,34.54999923706055,34.387123107910156,50400000,0.0,0.0
2016-02-17 00:00:00-05:00,34.90449905395508,35.48749923706055,34.569000244140625,35.41999816894531,35.25302505493164,49852000,0.0,0.0
2016-02-18 00:00:00-05:00,35.5,35.61750030517578,34.80149841308594,34.86750030517578,34.703128814697266,37664000,0.0,0.0
2016-02-19 00:00:00-05:00,34.75149917602539,35.154048919677734,34.70249938964844,35.045501708984375,34.88029098510742,31786000,0.0,0.0
2016-02-22 00:00:00-05:00,35.372501373291016,35.6619987487793,35.1254997253418,35.323001861572266,35.15648651123047,38996000,0.0,0.0
2016-02-23 00:00:00-05:00,35.0724983215332,35.41999816894531,34.67900085449219,34.79249954223633,34.628482818603516,40186000,0.0,0.0
2016-02-24 00:00:00-05:00,34.44599914550781,35.0,34.03900146484375,34.97800064086914,34.8131103515625,39272000,0.0,0.0
2016-02-25 00:00:00-05:00,35.0004997253418,35.29899978637695,34.52925109863281,35.287498474121094,35.12114715576172,32844000,0.0,0.0
2016-02-26 00:00:00-05:00,35.42900085449219,35.67150115966797,35.042999267578125,35.253501892089844,35.087310791015625,44870000,0.0,0.0
2016-02-29 00:00:00-05:00,35.01599884033203,35.544498443603516,34.88399887084961,34.88850021362305,34.724029541015625,49622000,0.0,0.0
2016-03-01 00:00:00-05:00,35.180999755859375,35.94049835205078,34.98849868774414,35.94049835205078,35.77107238769531,43028000,0.0,0.0
2016-03-02 00:00:00-05:00,35.95000076293945,36.0,35.599998474121094,35.942501068115234,35.77306365966797,32580000,0.0,0.0
2016-03-03 00:00:00-05:00,35.933998107910156,35.97249984741211,35.30099868774414,35.62099838256836,35.45307540893555,39160000,0.0,0.0
2016-03-04 00:00:00-05:00,35.7495002746582,35.824501037597656,35.30099868774414,35.544498443603516,35.37693786621094,39442000,0.0,0.0
2016-03-07 00:00:00-05:00,35.345001220703125,35.40454864501953,34.345001220703125,34.757999420166016,34.594146728515625,59702000,0.0,0.0
2016-03-08 00:00:00-05:00,34.429500579833984,35.18949890136719,34.266998291015625,34.69850158691406,34.53492736816406,41526000,0.0,0.0
2016-03-09 00:00:00-05:00,34.923500061035156,35.284000396728516,34.70000076293945,35.262001037597656,35.09577560424805,28430000,0.0,0.0
2016-03-10 00:00:00-05:00,35.40599822998047,35.821998596191406,35.167999267578125,35.64099884033203,35.47298049926758,56670000,0.0,0.0
2016-03-11 00:00:00-05:00,36.0,36.34600067138672,35.85625076293945,36.340999603271484,36.169681549072266,39416000,0.0,0.0
2016-03-14 00:00:00-04:00,36.34049987792969,36.775001525878906,36.25749969482422,36.52450180053711,36.35232162475586,34366000,0.0,0.0
2016-03-15 00:00:00-04:00,36.34600067138672,36.614498138427734,36.23849868774414,36.416500091552734,36.24483108520508,34420000,0.0,0.0
2016-03-16 00:00:00-04:00,36.31850051879883,36.87350082397461,36.22549819946289,36.804500579833984,36.63100051879883,32488000,0.0,0.0
2016-03-17 00:00:00-04:00,36.8224983215332,37.153499603271484,36.79999923706055,36.888999938964844,36.71510314941406,37216000,0.0,0.0
2016-03-18 00:00:00-04:00,37.09299850463867,37.099998474121094,36.59149932861328,36.880001068115234,36.706146240234375,59614000,0.0,0.0
2016-03-21 00:00:00-04:00,36.82500076293945,37.125,36.67580032348633,37.10449981689453,36.92958068847656,36730000,0.0,0.0
2016-03-22 00:00:00-04:00,36.87300109863281,37.25,36.87300109863281,37.037498474121094,36.86289596557617,25394000,0.0,0.0
2016-03-23 00:00:00-04:00,37.11800003051758,37.2859992980957,36.807498931884766,36.90299987792969,36.729034423828125,28642000,0.0,0.0
2016-03-24 00:00:00-04:00,36.60049819946289,36.88734817504883,36.54999923706055,36.76499938964844,36.5916862487793,31898000,0.0,0.0
2016-03-28 00:00:00-04:00,36.839500427246094,36.949501037597656,36.625,36.67649841308594,36.50360107421875,26026000,0.0,0.0
2016-03-29 00:00:00-04:00,36.72949981689453,37.36249923706055,36.4379997253418,37.23849868774414,37.06294631958008,38076000,0.0,0.0
2016-03-30 00:00:00-04:00,37.505001068115234,37.89400100708008,37.4370002746582,37.5265007019043,37.34959411621094,35648000,0.0,0.0
2016-03-31 00:00:00-04:00,37.462501525878906,37.54249954223633,37.047000885009766,37.247501373291016,37.07191467285156,34376000,0.0,0.0
2016-04-01 00:00:00-04:00,36.93000030517578,37.516998291015625,36.849998474121094,37.49549865722656,37.31874084472656,31534000,0.0,0.0
2016-04-04 00:00:00-04:00,37.50299835205078,37.63999938964844,37.121498107910156,37.26449966430664,37.08883285522461,22684000,0.0,0.0
2016-04-05 00:00:00-04:00,36.900001525878906,37.13999938964844,36.76850128173828,36.88999938964844,36.716094970703125,22646000,0.0,0.0
2016-04-06 00:00:00-04:00,36.78850173950195,37.3120002746582,36.77799987792969,37.28450012207031,37.10873794555664,21074000,0.0,0.0
2016-04-07 00:00:00-04:00,37.26850128173828,37.349998474121094,36.81399917602539,37.013999938964844,36.83951187133789,29064000,0.0,0.0
2016-04-08 00:00:00-04:00,37.19850158691406,37.272499084472656,36.77750015258789,36.95750045776367,36.78327941894531,25816000,0.0,0.0
2016-04-11 00:00:00-04:00,37.1510009765625,37.25,36.8025016784668,36.80500030517578,36.631500244140625,24402000,0.0,0.0
2016-04-12 00:00:00-04:00,36.900001525878906,37.19150161743164,36.550498962402344,37.15449905395508,36.97934341430664,27060000,0.0,0.0
2016-04-13 00:00:00-04:00,37.45800018310547,37.71900177001953,37.213050842285156,37.58599853515625,37.408817291259766,34142000,0.0,0.0
2016-04-14 00:00:00-04:00,37.70050048828125,37.865501403808594,37.635250091552734,37.65999984741211,37.48246765136719,22706000,0.0,0.0
2016-04-15 00:00:00-04:00,37.69900131225586,38.04999923706055,37.634700775146484,37.95000076293945,37.77109909057617,36186000,0.0,0.0
2016-04-18 00:00:00-04:00,38.02299880981445,38.40250015258789,37.8650016784668,38.330501556396484,38.14980697631836,31176000,0.0,0.0
2016-04-19 00:00:00-04:00,38.47549819946289,38.494998931884766,37.46649932861328,37.69649887084961,37.518795013427734,40610000,0.0,0.0
2016-04-20 00:00:00-04:00,37.900001525878906,37.90660095214844,37.5004997253418,37.63349914550781,37.45608901977539,30584000,0.0,0.0
2016-04-21 00:00:00-04:00,37.76900100708008,38.022499084472656,37.477500915527344,37.957000732421875,37.77806854248047,61210000,0.0,0.0
2016-04-22 00:00:00-04:00,36.314998626708984,36.805999755859375,35.68050003051758,35.938499450683594,35.769081115722656,119038000,0.0,0.0
2016-04-25 00:00:00-04:00,35.80500030517578,36.19649887084961,35.77949905395508,36.157501220703125,35.9870491027832,39184000,0.0,0.0
2016-04-26 00:00:00-04:00,36.270999908447266,36.288299560546875,35.15129852294922,35.40700149536133,35.24009323120117,54892000,0.0,0.0
2016-04-27 00:00:00-04:00,35.364498138427734,35.44900131225586,34.61825180053711,35.29199981689453,35.12562942504883,61972000,0.0,0.0
2016-04-28 00:00:00-04:00,35.41299819946289,35.708499908447266,34.477500915527344,34.55099868774414,34.388118743896484,57346000,0.0,0.0
2016-04-29 00:00:00-04:00,34.53499984741211,34.88100051879883,34.45000076293945,34.6505012512207,34.48715591430664,49754000,0.0,0.0
2016-05-02 00:00:00-04:00,34.881500244140625,35.03200149536133,34.54999923706055,34.910499572753906,34.74592971801758,32906000,0.0,0.0
2016-05-03 00:00:00-04:00,34.84349822998047,34.891998291015625,34.599998474121094,34.61800003051758,34.454803466796875,30876000,0.0,0.0
2016-05-04 00:00:00-04:00,34.52450180053711,34.98749923706055,34.45050048828125,34.78499984741211,34.62102127075195,33870000,0.0,0.0
2016-05-05 00:00:00-04:00,34.8849983215332,35.11600112915039,34.7859992980957,35.07149887084961,34.906166076660156,33670000,0.0,0.0
2016-05-06 00:00:00-04:00,34.91899871826172,35.59299850463867,34.90534973144531,35.555999755859375,35.38838195800781,36586000,0.0,0.0
2016-05-09 00:00:00-04:00,35.599998474121094,35.93550109863281,35.5,35.64500045776367,35.476966857910156,30206000,0.0,0.0
2016-05-10 00:00:00-04:00,35.837501525878906,36.17499923706055,35.7859992980957,36.159000396728516,35.98854064941406,31392000,0.0,0.0
2016-05-11 00:00:00-04:00,36.170501708984375,36.2239990234375,35.63999938964844,35.76449966430664,35.59590148925781,33842000,0.0,0.0
2016-05-12 00:00:00-04:00,35.85300064086914,35.962501525878906,35.45000076293945,35.66550064086914,35.497371673583984,27214000,0.0,0.0
2016-05-13 00:00:00-04:00,35.596500396728516,35.833099365234375,35.4630012512207,35.541500091552734,35.37395477294922,26290000,0.0,0.0
2016-05-16 00:00:00-04:00,35.45650100708008,35.92399978637695,35.282501220703125,35.824501037597656,35.65562057495117,26342000,0.0,0.0
2016-05-17 00:00:00-04:00,35.79949951171875,36.07600021362305,35.205501556396484,35.311500549316406,35.14503860473633,40024000,0.0,0.0
2016-05-18 00:00:00-04:00,35.18349838256836,35.58000183105469,35.03150177001953,35.33150100708008,35.16494369506836,35336000,0.0,0.0
2016-05-19 00:00:00-04:00,35.11800003051758,35.29999923706055,34.84000015258789,35.01599884033203,34.85092544555664,33404000,0.0,0.0
2016-05-20 00:00:00-04:00,35.08100128173828,35.729000091552734,35.0260009765625,35.48699951171875,35.31970977783203,36568000,0.0,0.0
2016-05-23 00:00:00-04:00,35.326499938964844,35.57389831542969,35.20899963378906,35.21200180053711,35.0460090637207,26614000,0.0,0.0
2016-05-24 00:00:00-04:00,35.34299850463867,36.048500061035156,35.34299850463867,36.00450134277344,35.83477020263672,38590000,0.0,0.0
2016-05-25 00:00:00-04:00,36.03799819946289,36.3754997253418,35.98524856567383,36.26350021362305,36.09254837036133,32584000,0.0,0.0
2016-05-26 00:00:00-04:00,36.14350128173828,36.416500091552734,36.013999938964844,36.20600128173828,36.03532028198242,31526000,0.0,0.0
2016-05-27 00:00:00-04:00,36.20050048828125,36.696800231933594,36.20000076293945,36.632999420166016,36.46030807495117,39500000,0.0,0.0
2016-05-31 00:00:00-04:00,36.58700180053711,36.98649978637695,36.5629997253418,36.7859992980957,36.61258316040039,42590000,0.0,0.0
2016-06-01 00:00:00-04:00,36.72650146484375,36.86050033569336,36.53300094604492,36.70750045776367,36.53445816040039,25072000,0.0,0.0
2016-06-02 00:00:00-04:00,36.625,36.6510009765625,36.208499908447266,36.52000045776367,36.347843170166016,26836000,0.0,0.0
2016-06-03 00:00:00-04:00,36.4635009765625,36.4744987487793,36.02799987792969,36.117000579833984,35.946739196777344,24526000,0.0,0.0
2016-06-06 00:00:00-04:00,36.24549865722656,36.24549865722656,35.730499267578125,35.82749938964844,35.65860366821289,31306000,0.0,0.0
2016-06-07 00:00:00-04:00,35.992000579833984,36.0989990234375,35.82749938964844,35.83250045776367,35.66358184814453,26724000,0.0,0.0
2016-06-08 00:00:00-04:00,36.198001861572266,36.42850112915039,36.02899932861328,36.41400146484375,36.242340087890625,31674000,0.0,0.0
2016-06-09 00:00:00-04:00,36.14350128173828,36.47700119018555,36.116798400878906,36.42900085449219,36.25727081298828,19778000,0.0,0.0
2016-06-10 00:00:00-04:00,35.9734992980957,36.294498443603516,35.82149887084961,35.97050094604492,35.800933837890625,24328000,0.0,0.0
2016-06-13 00:00:00-04:00,35.82550048828125,36.27199935913086,35.82550048828125,35.917999267578125,35.74867630004883,25178000,0.0,0.0
2016-06-14 00:00:00-04:00,35.82400131225586,36.12350082397461,35.65599822998047,35.91350173950195,35.74420166015625,26122000,0.0,0.0
2016-06-15 00:00:00-04:00,35.95000076293945,36.14899826049805,35.865501403808594,35.94599914550781,35.77654266357422,24290000,0.0,0.0
2016-06-16 00:00:00-04:00,35.74549865722656,35.83250045776367,35.16299819946289,35.518001556396484,35.35057067871094,39650000,0.0,0.0
2016-06-17 00:00:00-04:00,35.432498931884766,35.441001892089844,34.42259979248047,34.58599853515625,34.42295837402344,68048000,0.0,0.0
2016-06-20 00:00:00-04:00,34.938499450683594,35.124000549316406,34.670501708984375,34.68550109863281,34.52198791503906,41650000,0.0,0.0
2016-06-21 00:00:00-04:00,34.91999816894531,35.13850021362305,34.60049819946289,34.797000885009766,34.632965087890625,29312000,0.0,0.0
2016-06-22 00:00:00-04:00,34.952999114990234,35.042999267578125,34.65409851074219,34.87300109863281,34.7086067199707,23686000,0.0,0.0
2016-06-23 00:00:00-04:00,34.872501373291016,35.09749984741211,34.349998474121094,35.09349822998047,34.928062438964844,43428000,0.0,0.0
2016-06-24 00:00:00-04:00,33.75849914550781,34.470001220703125,33.67250061035156,33.76100158691406,33.60184860229492,88980000,0.0,0.0
2016-06-27 00:00:00-04:00,33.54999923706055,33.6150016784668,33.16419982910156,33.41299819946289,33.2554817199707,52580000,0.0,0.0
2016-06-28 00:00:00-04:00,33.94850158691406,34.01649856567383,33.650001525878906,34.00199890136719,33.841705322265625,43476000,0.0,0.0
2016-06-29 00:00:00-04:00,34.150001525878906,34.3714485168457,34.070499420166016,34.205501556396484,34.04425048828125,38652000,0.0,0.0
2016-06-30 00:00:00-04:00,34.27349853515625,34.61600112915039,34.182498931884766,34.60499954223633,34.44186782836914,31954000,0.0,0.0
2016-07-01 00:00:00-04:00,34.61000061035156,35.032501220703125,34.60649871826172,34.96049880981445,34.79568862915039,26894000,0.0,0.0
2016-07-05 00:00:00-04:00,34.803001403808594,34.84700012207031,34.444000244140625,34.747501373291016,34.58369827270508,29252000,0.0,0.0
2016-07-06 00:00:00-04:00,34.499000549316406,35.08399963378906,34.454498291015625,34.88850021362305,34.724029541015625,28238000,0.0,0.0
2016-07-07 00:00:00-04:00,34.90399932861328,34.90999984741211,34.41075134277344,34.768001556396484,34.604103088378906,26084000,0.0,0.0
2016-07-08 00:00:00-04:00,34.974998474121094,35.285499572753906,34.82175064086914,35.28150177001953,35.11518096923828,31504000,0.0,0.0
2016-07-11 00:00:00-04:00,35.40250015258789,35.82550048828125,35.36199951171875,35.75450134277344,35.5859489440918,22236000,0.0,0.0
2016-07-12 00:00:00-04:00,35.95600128173828,36.14699935913086,35.795501708984375,36.03200149536133,35.862144470214844,26738000,0.0,0.0
2016-07-13 00:00:00-04:00,36.180999755859375,36.20000076293945,35.842498779296875,35.8489990234375,35.68000411987305,18718000,0.0,0.0
2016-07-14 00:00:00-04:00,36.07899856567383,36.11050033569336,35.9015007019043,36.04750061035156,35.877567291259766,19004000,0.0,0.0
2016-07-15 00:00:00-04:00,36.2864990234375,36.2869987487793,35.95275115966797,35.99250030517578,35.82282638549805,25586000,0.0,0.0
2016-07-18 00:00:00-04:00,36.135501861572266,36.80649948120117,36.05950164794922,36.68899917602539,36.51604080200195,25910000,0.0,0.0
2016-07-19 00:00:00-04:00,36.49449920654297,36.8494987487793,36.45000076293945,36.847999572753906,36.674293518066406,24550000,0.0,0.0
2016-07-20 00:00:00-04:00,36.86650085449219,37.10649871826172,36.85499954223633,37.05950164794922,36.884796142578125,25794000,0.0,0.0
2016-07-21 00:00:00-04:00,37.018001556396484,37.08449935913086,36.79154968261719,36.93149948120117,36.75740051269531,20526000,0.0,0.0
2016-07-22 00:00:00-04:00,37.09299850463867,37.1619987487793,36.827999114990234,37.137001037597656,36.96193313598633,25196000,0.0,0.0
2016-07-25 00:00:00-04:00,37.03350067138672,37.13050079345703,36.875,36.98849868774414,36.81412887573242,20648000,0.0,0.0
2016-07-26 00:00:00-04:00,36.95199966430664,37.08449935913086,36.7135009765625,36.92100143432617,36.746952056884766,23734000,0.0,0.0
2016-07-27 00:00:00-04:00,36.91400146484375,37.222999572753906,36.849998474121094,37.0885009765625,36.91366195678711,30250000,0.0,0.0
2016-07-28 00:00:00-04:00,37.35200119018555,37.432498931884766,36.96500015258789,37.295501708984375,37.119686126708984,70604000,0.0,0.0
2016-07-29 00:00:00-04:00,38.635501861572266,38.9275016784668,38.3385009765625,38.43949890136719,38.2582893371582,76830000,0.0,0.0
2016-08-01 00:00:00-04:00,38.054500579833984,39.02149963378906,38.054500579833984,38.64400100708008,38.46182632446289,54010000,0.0,0.0
2016-08-02 00:00:00-04:00,38.43450164794922,38.79199981689453,38.39250183105469,38.55350112915039,38.37175369262695,35690000,0.0,0.0
2016-08-03 00:00:00-04:00,38.35900115966797,38.660499572753906,38.340999603271484,38.659000396728516,38.47675704956055,25748000,0.0,0.0
2016-08-04 00:00:00-04:00,38.611000061035156,38.70349884033203,38.43975067138672,38.580501556396484,38.398624420166016,22806000,0.0,0.0
2016-08-05 00:00:00-04:00,38.68899917602539,39.152000427246094,38.617000579833984,39.111000061035156,38.92662811279297,36024000,0.0,0.0
2016-08-08 00:00:00-04:00,39.099998474121094,39.131500244140625,38.90454864501953,39.0880012512207,38.90373992919922,22158000,0.0,0.0
2016-08-09 00:00:00-04:00,39.05500030517578,39.446998596191406,39.028499603271484,39.2130012512207,39.02814483642578,26378000,0.0,0.0
2016-08-10 00:00:00-04:00,39.1875,39.340599060058594,39.13890075683594,39.23400115966797,39.04904556274414,15728000,0.0,0.0
2016-08-11 00:00:00-04:00,39.25,39.48749923706055,39.14849853515625,39.24250030517578,39.05750274658203,19502000,0.0,0.0
2016-08-12 00:00:00-04:00,39.07500076293945,39.16975021362305,39.02000045776367,39.1609992980957,38.97638702392578,14810000,0.0,0.0
2016-08-15 00:00:00-04:00,39.1875,39.3745002746582,39.00550079345703,39.12200164794922,38.93757247924805,18764000,0.0,0.0
2016-08-16 00:00:00-04:00,39.01499938964844,39.04899978637695,38.67219924926758,38.856998443603516,38.6738166809082,20560000,0.0,0.0
2016-08-17 00:00:00-04:00,38.86600112915039,39.04050064086914,38.67649841308594,38.99549865722656,38.81166458129883,18484000,0.0,0.0
2016-08-18 00:00:00-04:00,39.0004997253418,39.143001556396484,38.849998474121094,38.875,38.69173812866211,14388000,0.0,0.0
2016-08-19 00:00:00-04:00,38.75,38.85499954223633,38.65650177001953,38.770999908447266,38.58823013305664,17230000,0.0,0.0
2016-08-22 00:00:00-04:00,38.66350173950195,38.72700119018555,38.502498626708984,38.60749816894531,38.42549514770508,19028000,0.0,0.0
2016-08-23 00:00:00-04:00,38.77399826049805,38.821998596191406,38.58924865722656,38.604000091552734,38.42201232910156,18564000,0.0,0.0
2016-08-24 00:00:00-04:00,38.52899932861328,38.724998474121094,38.35350036621094,38.481998443603516,38.30058670043945,21440000,0.0,0.0
2016-08-25 00:00:00-04:00,38.349998474121094,38.59450149536133,38.15924835205078,38.47050094604492,38.289146423339844,18538000,0.0,0.0
2016-08-26 00:00:00-04:00,38.45000076293945,38.80400085449219,38.29249954223633,38.47700119018555,38.295616149902344,23334000,0.0,0.0
2016-08-29 00:00:00-04:00,38.4370002746582,38.7495002746582,38.33074951171875,38.60749816894531,38.42549514770508,16952000,0.0,0.0
2016-08-30 00:00:00-04:00,38.46649932861328,38.72330093383789,38.34199905395508,38.454498291015625,38.273223876953125,22600000,0.0,0.0
2016-08-31 00:00:00-04:00,38.35049819946289,38.454498291015625,38.26900100708008,38.352500915527344,38.17170333862305,24972000,0.0,0.0
2016-09-01 00:00:00-04:00,38.462501525878906,38.55099868774414,38.21500015258789,38.43899917602539,38.257789611816406,18502000,0.0,0.0
2016-09-02 00:00:00-04:00,38.6505012512207,38.69599914550781,38.420501708984375,38.573001861572266,38.39116287231445,21454000,0.0,0.0
2016-09-06 00:00:00-04:00,38.67250061035156,39.099998474121094,38.54999923706055,39.00400161743164,38.82013702392578,28856000,0.0,0.0
2016-09-07 00:00:00-04:00,39.0,39.13650131225586,38.810001373291016,39.01750183105469,38.83356857299805,17874000,0.0,0.0
2016-09-08 00:00:00-04:00,38.929500579833984,39.01750183105469,38.67900085449219,38.76599884033203,38.583248138427734,25406000,0.0,0.0
2016-09-09 00:00:00-04:00,38.505001068115234,38.66225051879883,37.983001708984375,37.983001708984375,37.8039436340332,37710000,0.0,0.0
2016-09-12 00:00:00-04:00,37.756500244140625,38.51449966430664,37.70000076293945,38.45100021362305,38.26974105834961,26220000,0.0,0.0
2016-09-13 00:00:00-04:00,38.2239990234375,38.31100082397461,37.790000915527344,37.984500885009766,37.80543899536133,27900000,0.0,0.0
2016-09-14 00:00:00-04:00,37.980499267578125,38.38399887084961,37.955501556396484,38.1245002746582,37.94477462768555,21748000,0.0,0.0
2016-09-15 00:00:00-04:00,38.144500732421875,38.689998626708984,37.99800109863281,38.5880012512207,38.40609359741211,26102000,0.0,0.0
2016-09-16 00:00:00-04:00,38.48749923706055,38.48749923706055,38.233001708984375,38.444000244140625,38.26277160644531,40986000,0.0,0.0
2016-09-19 00:00:00-04:00,38.62099838256836,38.70000076293945,38.222049713134766,38.28499984741211,38.10451889038086,23456000,0.0,0.0
2016-09-20 00:00:00-04:00,38.45000076293945,38.666500091552734,38.42649841308594,38.570499420166016,38.388671875,19572000,0.0,0.0
2016-09-21 00:00:00-04:00,38.632999420166016,38.858001708984375,38.4150505065918,38.81100082397461,38.6280403137207,23356000,0.0,0.0
2016-09-22 00:00:00-04:00,39.0,39.49250030517578,38.922000885009766,39.36050033569336,39.174949645996094,29724000,0.0,0.0
2016-09-23 00:00:00-04:00,39.329498291015625,39.44649887084961,39.20750045776367,39.345001220703125,39.159523010253906,28238000,0.0,0.0
2016-09-26 00:00:00-04:00,39.137001037597656,39.137001037597656,38.653499603271484,38.71049880981445,38.52801513671875,30664000,0.0,0.0
2016-09-27 00:00:00-04:00,38.775001525878906,39.29949951171875,38.71540069580078,39.1505012512207,38.9659423828125,23064000,0.0,0.0
2016-09-28 00:00:00-04:00,38.89250183105469,39.09049987792969,38.74850082397461,39.077999114990234,38.89378356933594,22196000,0.0,0.0
2016-09-29 00:00:00-04:00,39.071998596191406,39.290000915527344,38.71160125732422,38.7504997253418,38.56782531738281,26294000,0.0,0.0
2016-09-30 00:00:00-04:00,38.81650161743164,39.047000885009766,38.704498291015625,38.864498138427734,38.6812858581543,31706000,0.0,0.0
2016-10-03 00:00:00-04:00,38.712501525878906,38.80324935913086,38.474998474121094,38.62799835205078,38.445899963378906,25576000,0.0,0.0
2016-10-04 00:00:00-04:00,38.80149841308594,38.93550109863281,38.644500732421875,38.82149887084961,38.63848876953125,24028000,0.0,0.0
2016-10-05 00:00:00-04:00,38.96549987792969,39.10350036621094,38.782501220703125,38.82350158691406,38.640480041503906,29224000,0.0,0.0
2016-10-06 00:00:00-04:00,38.95000076293945,39.02399826049805,38.777000427246094,38.84299850463867,38.659889221191406,21414000,0.0,0.0
2016-10-07 00:00:00-04:00,38.983001708984375,38.983001708984375,38.537498474121094,38.75400161743164,38.571311950683594,18664000,0.0,0.0
2016-10-10 00:00:00-04:00,38.885501861572266,39.46900177001953,38.79349899291992,39.297000885009766,39.11174774169922,23498000,0.0,0.0
2016-10-11 00:00:00-04:00,39.33300018310547,39.61399841308594,39.02899932861328,39.153499603271484,38.96892547607422,27450000,0.0,0.0
2016-10-12 00:00:00-04:00,39.1879997253418,39.40650177001953,39.10300064086914,39.30699920654297,39.12169647216797,18748000,0.0,0.0
2016-10-13 00:00:00-04:00,39.06100082397461,39.06100082397461,38.650001525878906,38.90950012207031,38.726078033447266,27306000,0.0,0.0
2016-10-14 00:00:00-04:00,39.08250045776367,39.1974983215332,38.79999923706055,38.92649841308594,38.74299621582031,17050000,0.0,0.0
2016-10-17 00:00:00-04:00,38.9900016784668,39.29249954223633,38.875,38.99800109863281,38.81415939331055,21860000,0.0,0.0
2016-10-18 00:00:00-04:00,39.39250183105469,40.080501556396484,39.27825164794922,39.76300048828125,39.5755500793457,41138000,0.0,0.0
2016-10-19 00:00:00-04:00,39.9119987487793,40.22999954223633,39.9015007019043,40.07500076293945,39.88608169555664,35336000,0.0,0.0
2016-10-20 00:00:00-04:00,40.165000915527344,40.19850158691406,39.80149841308594,39.8484992980957,39.660648345947266,35150000,0.0,0.0
2016-10-21 00:00:00-04:00,39.75,39.974998474121094,39.70000076293945,39.96849822998047,39.78008270263672,25324000,0.0,0.0
2016-10-24 00:00:00-04:00,40.244998931884766,40.75899887084961,40.24100112915039,40.65549850463867,40.463844299316406,33950000,0.0,0.0
2016-10-25 00:00:00-04:00,40.83399963378906,40.83399963378906,40.25699996948242,40.38349914550781,40.1931266784668,31528000,0.0,0.0
2016-10-26 00:00:00-04:00,40.31700134277344,40.3489990234375,39.816001892089844,39.95349884033203,39.76515197753906,32954000,0.0,0.0
2016-10-27 00:00:00-04:00,40.04999923706055,40.17449951171875,39.57500076293945,39.76750183105469,39.58003616333008,54984000,0.0,0.0
2016-10-28 00:00:00-04:00,40.41749954223633,40.77450180053711,39.679500579833984,39.76850128173828,39.58102798461914,85398000,0.0,0.0
2016-10-31 00:00:00-04:00,39.77349853515625,39.84299850463867,39.20000076293945,39.22700119018555,39.04207992553711,48546000,0.0,0.0
2016-11-01 00:00:00-04:00,39.144500732421875,39.4744987487793,38.777000427246094,39.18050003051758,38.99580001831055,48128000,0.0,0.0
2016-11-02 00:00:00-04:00,38.90999984741211,39.08250045776367,38.17250061035156,38.435001373291016,38.25381088256836,37448000,0.0,0.0
2016-11-03 00:00:00-04:00,38.36249923706055,38.497501373291016,37.951499938964844,38.10649871826172,37.926856994628906,38864000,0.0,0.0
2016-11-04 00:00:00-04:00,37.53300094604492,38.518001556396484,37.52804946899414,38.10100173950195,37.92138671875,42696000,0.0,0.0
2016-11-07 00:00:00-05:00,38.724998474121094,39.259498596191406,38.627498626708984,39.125999450683594,38.94155502319336,31702000,0.0,0.0
2016-11-08 00:00:00-05:00,39.16999816894531,39.78165054321289,39.009498596191406,39.5255012512207,39.339176177978516,27338000,0.0,0.0
2016-11-09 00:00:00-05:00,38.99700164794922,39.56135177612305,38.583499908447266,39.265499114990234,39.08040237426758,52142000,0.0,0.0
2016-11-10 00:00:00-05:00,39.55849838256836,39.55849838256836,37.60900115966797,38.12799835205078,37.94825744628906,94904000,0.0,0.0
2016-11-11 00:00:00-05:00,37.82699966430664,38.03900146484375,37.51900100708008,37.70100021362305,37.52327346801758,48636000,0.0,0.0
2016-11-14 00:00:00-05:00,37.779998779296875,37.89250183105469,36.37699890136719,36.80400085449219,36.63050079345703,73088000,0.0,0.0
2016-11-15 00:00:00-05:00,37.3484992980957,38.22079849243164,37.3484992980957,37.92449951171875,37.7457160949707,47680000,0.0,0.0
2016-11-16 00:00:00-05:00,37.7599983215332,38.31800079345703,37.5255012512207,38.2239990234375,38.04380416870117,29452000,0.0,0.0
2016-11-17 00:00:00-05:00,38.34600067138672,38.6349983215332,38.21149826049805,38.561500549316406,38.37971878051758,26080000,0.0,0.0
2016-11-18 00:00:00-05:00,38.56850051879883,38.75,38.0,38.027000427246094,37.84773635864258,30942000,0.0,0.0
2016-11-21 00:00:00-05:00,38.13050079345703,38.48500061035156,38.029998779296875,38.459999084472656,38.27869415283203,26612000,0.0,0.0
2016-11-22 00:00:00-05:00,38.631500244140625,38.847999572753906,38.349998474121094,38.41350173950195,38.232418060302734,31862000,0.0,0.0
2016-11-23 00:00:00-05:00,38.38650131225586,38.41415023803711,37.76250076293945,38.04949951171875,37.87012481689453,29568000,0.0,0.0
2016-11-25 00:00:00-05:00,38.2130012512207,38.25,38.0260009765625,38.08399963378906,37.90446472167969,11748000,0.0,0.0
2016-11-28 00:00:00-05:00,38.0,38.97650146484375,37.9900016784668,38.4119987487793,38.23091506958008,43764000,0.0,0.0
2016-11-29 00:00:00-05:00,38.576499938964844,38.92499923706055,38.4119987487793,38.54199981689453,38.36030960083008,32332000,0.0,0.0
2016-11-30 00:00:00-05:00,38.503501892089844,38.64950180053711,37.74150085449219,37.902000427246094,37.723323822021484,47858000,0.0,0.0
2016-12-01 00:00:00-05:00,37.87200164794922,37.99250030517578,36.85124969482422,37.395999908447266,37.21970748901367,60358000,0.0,0.0
2016-12-02 00:00:00-05:00,37.22949981689453,37.70000076293945,37.154998779296875,37.525001525878906,37.348106384277344,29050000,0.0,0.0
2016-12-05 00:00:00-05:00,37.885501861572266,38.19499969482422,37.64500045776367,38.125999450683594,37.94626998901367,27884000,0.0,0.0
2016-12-06 00:00:00-05:00,38.23649978637695,38.44150161743164,37.867000579833984,37.955501556396484,37.77656936645508,33814000,0.0,0.0
2016-12-07 00:00:00-05:00,38.04999923706055,38.56800079345703,37.790000915527344,38.55950164794922,38.37772750854492,35220000,0.0,0.0
2016-12-08 00:00:00-05:00,38.624000549316406,38.909000396728516,38.36149978637695,38.82099914550781,38.63799285888672,29762000,0.0,0.0
2016-12-09 00:00:00-05:00,39.0,39.471500396728516,38.9510498046875,39.464500427246094,39.27846145629883,36438000,0.0,0.0
2016-12-12 00:00:00-05:00,39.25199890136719,39.5625,39.217750549316406,39.4635009765625,39.2774658203125,42082000,0.0,0.0
2016-12-13 00:00:00-05:00,39.69499969482422,40.21900177001953,39.66699981689453,39.80500030517578,39.61735534667969,42904000,0.0,0.0
2016-12-14 00:00:00-05:00,39.869998931884766,40.20000076293945,39.70050048828125,39.85350036621094,39.66562271118164,34084000,0.0,0.0
2016-12-15 00:00:00-05:00,39.867000579833984,40.150001525878906,39.645999908447266,39.89250183105469,39.704444885253906,32530000,0.0,0.0
2016-12-16 00:00:00-05:00,40.02000045776367,40.04280090332031,39.51449966430664,39.540000915527344,39.35360336303711,48876000,0.0,0.0
2016-12-19 00:00:00-05:00,39.51100158691406,39.882999420166016,39.313499450683594,39.709999084472656,39.522804260253906,24642000,0.0,0.0
2016-12-20 00:00:00-05:00,39.8380012512207,39.932498931884766,39.66350173950195,39.82099914550781,39.633277893066406,19020000,0.0,0.0
2016-12-21 00:00:00-05:00,39.79199981689453,39.83380126953125,39.35499954223633,39.72800064086914,39.54071807861328,24226000,0.0,0.0
2016-12-22 00:00:00-05:00,39.61800003051758,39.66600036621094,39.42900085449219,39.5629997253418,39.37649154663086,19444000,0.0,0.0
2016-12-23 00:00:00-05:00,39.54499816894531,39.637001037597656,39.36399841308594,39.49549865722656,39.30930709838867,12468000,0.0,0.0
2016-12-27 00:00:00-05:00,39.534000396728516,39.893001556396484,39.382850646972656,39.57749938964844,39.390926361083984,15782000,0.0,0.0
2016-12-28 00:00:00-05:00,39.685001373291016,39.71149826049805,39.15999984741211,39.252498626708984,39.06745529174805,23076000,0.0,0.0
2016-12-29 00:00:00-05:00,39.166500091552734,39.29650115966797,38.94599914550781,39.13949966430664,38.95499038696289,14886000,0.0,0.0
2016-12-30 00:00:00-05:00,39.13750076293945,39.138999938964844,38.52050018310547,38.590999603271484,38.40907669067383,35400000,0.0,0.0
2017-01-03 00:00:00-05:00,38.94049835205078,39.48149871826172,38.790000915527344,39.30699920654297,39.12169647216797,33146000,0.0,0.0
2017-01-04 00:00:00-05:00,39.417999267578125,39.56700134277344,39.15800094604492,39.345001220703125,39.159523010253906,21460000,0.0,0.0
2017-01-05 00:00:00-05:00,39.30400085449219,39.7239990234375,39.250999450683594,39.70100021362305,39.51384735107422,26704000,0.0,0.0
2017-01-06 00:00:00-05:00,39.76300048828125,40.39500045776367,39.610198974609375,40.307498931884766,40.11748504638672,32804000,0.0,0.0
2017-01-09 00:00:00-05:00,40.31999969482422,40.49829864501953,40.14149856567383,40.33250045776367,40.14236831665039,25492000,0.0,0.0
2017-01-10 00:00:00-05:00,40.393001556396484,40.45650100708008,40.175498962402344,40.239498138427734,40.049800872802734,23536000,0.0,0.0
2017-01-11 00:00:00-05:00,40.25,40.407501220703125,40.06850051879883,40.39550018310547,40.205074310302734,21318000,0.0,0.0
2017-01-12 00:00:00-05:00,40.356998443603516,40.36949920654297,39.958499908447266,40.31800079345703,40.12793731689453,27062000,0.0,0.0
2017-01-13 00:00:00-05:00,40.374000549316406,40.56119918823242,40.33449935913086,40.39400100708008,40.203575134277344,21984000,0.0,0.0
2017-01-17 00:00:00-05:00,40.354000091552734,40.356998443603516,40.01850128173828,40.230499267578125,40.04084777832031,27242000,0.0,0.0
2017-01-18 00:00:00-05:00,40.29050064086914,40.31024932861328,40.04949951171875,40.30350112915039,40.113502502441406,25888000,0.0,0.0
2017-01-19 00:00:00-05:00,40.25600051879883,40.4739990234375,40.09000015258789,40.10874938964844,39.91967010498047,18386000,0.0,0.0
2017-01-20 00:00:00-05:00,40.34550094604492,40.34550094604492,40.08449935913086,40.250999450683594,40.06125259399414,33400000,0.0,0.0
2017-01-23 00:00:00-05:00,40.36249923706055,41.04349899291992,40.1870002746582,40.96549987792969,40.772377014160156,39272000,0.0,0.0
2017-01-24 00:00:00-05:00,41.1150016784668,41.29499816894531,40.891048431396484,41.19350051879883,40.99930953979492,29480000,0.0,0.0
2017-01-25 00:00:00-05:00,41.48099899291992,41.78850173950195,41.25299835205078,41.78350067138672,41.586524963378906,29890000,0.0,0.0
2017-01-26 00:00:00-05:00,41.890499114990234,41.900001525878906,41.35049819946289,41.60749816894531,41.411354064941406,59478000,0.0,0.0
2017-01-27 00:00:00-05:00,41.73550033569336,42.09749984741211,41.02199935913086,41.16550064086914,40.971439361572266,59316000,0.0,0.0
2017-01-30 00:00:00-05:00,40.733001708984375,40.79199981689453,39.9900016784668,40.11600112915039,39.9268913269043,64932000,0.0,0.0
2017-01-31 00:00:00-05:00,39.84299850463867,40.0625,39.5260009765625,39.839500427246094,39.65169143676758,43212000,0.0,0.0
2017-02-01 00:00:00-05:00,39.98400115966797,40.05950164794922,39.55950164794922,39.784751892089844,39.59720230102539,40594000,0.0,0.0
2017-02-02 00:00:00-05:00,39.689998626708984,40.1349983215332,39.599998474121094,39.92649841308594,39.738277435302734,30642000,0.0,0.0
2017-02-03 00:00:00-05:00,40.14950180053711,40.29999923706055,40.01850128173828,40.074501037597656,39.885581970214844,29268000,0.0,0.0
2017-02-06 00:00:00-05:00,39.98500061035156,40.083499908447266,39.76250076293945,40.06700134277344,39.87812423706055,23690000,0.0,0.0
2017-02-07 00:00:00-05:00,40.199501037597656,40.525001525878906,40.0890007019043,40.3484992980957,40.158294677734375,24824000,0.0,0.0
2017-02-08 00:00:00-05:00,40.349998474121094,40.59199905395508,40.15950012207031,40.41899871826172,40.228458404541016,23106000,0.0,0.0
2017-02-09 00:00:00-05:00,40.47549819946289,40.53300094604492,40.22700119018555,40.47800064086914,40.28718185424805,19794000,0.0,0.0
2017-02-10 00:00:00-05:00,40.584999084472656,40.76250076293945,40.48899841308594,40.68349838256836,40.4917106628418,22700000,0.0,0.0
2017-02-13 00:00:00-05:00,40.79999923706055,41.047950744628906,40.77450180053711,40.96200180053711,40.76890563964844,24266000,0.0,0.0
2017-02-14 00:00:00-05:00,40.95000076293945,41.150001525878906,40.79999923706055,41.022499084472656,40.8291130065918,21094000,0.0,0.0
2017-02-15 00:00:00-05:00,40.96799850463867,41.150001525878906,40.923500061035156,40.94900131225586,40.755958557128906,26272000,0.0,0.0
2017-02-16 00:00:00-05:00,40.996498107910156,41.220001220703125,40.94900131225586,41.20800018310547,41.01374053955078,25752000,0.0,0.0
2017-02-17 00:00:00-05:00,41.1510009765625,41.403499603271484,41.08274841308594,41.403499603271484,41.20832061767578,32220000,0.0,0.0
2017-02-21 00:00:00-05:00,41.43299865722656,41.67250061035156,41.41749954223633,41.58300018310547,41.3869743347168,25246000,0.0,0.0
2017-02-22 00:00:00-05:00,41.43299865722656,41.662498474121094,41.43199920654297,41.53799819946289,41.34218215942383,19658000,0.0,0.0
2017-02-23 00:00:00-05:00,41.50600051879883,41.62300109863281,41.14400100708008,41.56650161743164,41.370548248291016,29456000,0.0,0.0
2017-02-24 00:00:00-05:00,41.38650131225586,41.45000076293945,41.209999084472656,41.43199920654297,41.2366828918457,27844000,0.0,0.0
2017-02-27 00:00:00-05:00,41.227500915527344,41.525001525878906,41.20000076293945,41.4640007019043,41.26853561401367,22030000,0.0,0.0
2017-02-28 00:00:00-05:00,41.28049850463867,41.426998138427734,41.0099983215332,41.160499572753906,40.96646499633789,45216000,0.0,0.0
2017-03-01 00:00:00-05:00,41.442501068115234,41.81275177001953,41.362998962402344,41.762001037597656,41.56513214111328,29930000,0.0,0.0
2017-03-02 00:00:00-05:00,41.692501068115234,41.72549819946289,41.481998443603516,41.53150177001953,41.335716247558594,18850000,0.0,0.0
2017-03-03 00:00:00-05:00,41.52799987792969,41.56800079345703,41.28755187988281,41.45399856567383,41.25857925415039,17928000,0.0,0.0
2017-03-06 00:00:00-05:00,41.34749984741211,41.444000244140625,41.119998931884766,41.388999938964844,41.19388961791992,22180000,0.0,0.0
2017-03-07 00:00:00-05:00,41.369998931884766,41.670501708984375,41.32600021362305,41.59550094604492,41.3994140625,20752000,0.0,0.0
2017-03-08 00:00:00-05:00,41.675498962402344,41.907501220703125,41.589500427246094,41.76850128173828,41.57160186767578,19796000,0.0,0.0
2017-03-09 00:00:00-05:00,41.79999923706055,42.099998474121094,41.71049880981445,41.933998107910156,41.73632049560547,25230000,0.0,0.0
2017-03-10 00:00:00-05:00,42.16400146484375,42.24549865722656,41.974998474121094,42.162498474121094,41.96373748779297,34080000,0.0,0.0
2017-03-13 00:00:00-04:00,42.20000076293945,42.43424987792969,42.162498474121094,42.277000427246094,42.077701568603516,24472000,0.0,0.0
2017-03-14 00:00:00-04:00,42.18199920654297,42.36199951171875,42.040000915527344,42.28099822998047,42.0816764831543,15598000,0.0,0.0
2017-03-15 00:00:00-04:00,42.37950134277344,42.43149948120117,42.03850173950195,42.36000061035156,42.160308837890625,27630000,0.0,0.0
2017-03-16 00:00:00-04:00,42.451499938964844,42.54249954223633,42.30649948120117,42.43899917602539,42.23893737792969,19552000,0.0,0.0
2017-03-17 00:00:00-04:00,42.580501556396484,42.66999816894531,42.355499267578125,42.60599899291992,42.4051513671875,34246000,0.0,0.0
2017-03-20 00:00:00-04:00,42.5004997253418,42.51100158691406,42.25749969482422,42.41999816894531,42.220027923583984,24630000,0.0,0.0
2017-03-21 00:00:00-04:00,42.56999969482422,42.67499923706055,41.45100021362305,41.52299880981445,41.32725143432617,49270000,0.0,0.0
2017-03-22 00:00:00-04:00,41.59550094604492,41.77750015258789,41.35900115966797,41.47949981689453,41.283958435058594,28030000,0.0,0.0
2017-03-23 00:00:00-04:00,41.04999923706055,41.128501892089844,40.612850189208984,40.87900161743164,40.6862907409668,69742000,0.0,0.0
2017-03-24 00:00:00-04:00,41.00400161743164,41.096500396728516,40.44449996948242,40.721500396728516,40.52953338623047,39620000,0.0,0.0
2017-03-27 00:00:00-04:00,40.34749984741211,41.08150100708008,40.16849899291992,40.97549819946289,40.78233337402344,37886000,0.0,0.0
2017-03-28 00:00:00-04:00,41.02050018310547,41.29949951171875,40.701351165771484,41.04600143432617,40.85250473022461,32410000,0.0,0.0
2017-03-29 00:00:00-04:00,41.25,41.638248443603516,41.11899948120117,41.570499420166016,41.37453079223633,35726000,0.0,0.0
2017-03-30 00:00:00-04:00,41.67499923706055,41.683998107910156,41.45000076293945,41.57500076293945,41.37901306152344,21106000,0.0,0.0
2017-03-31 00:00:00-04:00,41.44850158691406,41.582000732421875,41.36949920654297,41.47800064086914,41.282470703125,28038000,0.0,0.0
2017-04-03 00:00:00-04:00,41.46099853515625,42.04249954223633,41.46099853515625,41.9275016784668,41.729854583740234,33430000,0.0,0.0
2017-04-04 00:00:00-04:00,41.56800079345703,41.75899887084961,41.45180130004883,41.72850036621094,41.53178787231445,20908000,0.0,0.0
2017-04-05 00:00:00-04:00,41.7755012512207,42.122501373291016,41.5359992980957,41.570499420166016,41.37453079223633,31106000,0.0,0.0
2017-04-06 00:00:00-04:00,41.619998931884766,41.81949996948242,41.323001861572266,41.39400100708008,41.1988639831543,25088000,0.0,0.0
2017-04-07 00:00:00-04:00,41.39799880981445,41.424251556396484,41.02565002441406,41.23350143432617,41.03912353515625,21146000,0.0,0.0
2017-04-10 00:00:00-04:00,41.269500732421875,41.467498779296875,41.188499450683594,41.23649978637695,41.04210662841797,19578000,0.0,0.0
2017-04-11 00:00:00-04:00,41.23550033569336,41.3713493347168,40.85100173950195,41.16749954223633,40.97343063354492,21594000,0.0,0.0
2017-04-12 00:00:00-04:00,41.096500396728516,41.33300018310547,41.05099868774414,41.215999603271484,41.02170181274414,18010000,0.0,0.0
2017-04-13 00:00:00-04:00,41.106998443603516,41.319000244140625,41.071998596191406,41.178001403808594,40.98387908935547,22448000,0.0,0.0
2017-04-17 00:00:00-04:00,41.2504997253418,41.88750076293945,41.2234992980957,41.85850143432617,41.66117477416992,17900000,0.0,0.0
2017-04-18 00:00:00-04:00,41.71099853515625,41.94649887084961,41.635501861572266,41.840999603271484,41.64375305175781,16734000,0.0,0.0
2017-04-19 00:00:00-04:00,41.989498138427734,42.111000061035156,41.81449890136719,41.910499572753906,41.71293258666992,19084000,0.0,0.0
2017-04-20 00:00:00-04:00,42.071998596191406,42.2599983215332,41.965999603271484,42.08250045776367,41.884117126464844,19180000,0.0,0.0
2017-04-21 00:00:00-04:00,42.14400100708008,42.194000244140625,42.029998779296875,42.15950012207031,41.96075439453125,26472000,0.0,0.0
2017-04-24 00:00:00-04:00,42.560001373291016,43.17250061035156,42.49300003051758,43.13800048828125,42.93463897705078,27450000,0.0,0.0
2017-04-25 00:00:00-04:00,43.25,43.75,43.140499114990234,43.6150016784668,43.409393310546875,33440000,0.0,0.0
2017-04-26 00:00:00-04:00,43.71149826049805,43.8025016784668,43.38740158081055,43.58649826049805,43.38102722167969,24744000,0.0,0.0
2017-04-27 00:00:00-04:00,43.68000030517578,43.77000045776367,43.51900100708008,43.712501525878906,43.50643539428711,40536000,0.0,0.0
2017-04-28 00:00:00-04:00,45.53300094604492,45.842498779296875,45.28850173950195,45.29800033569336,45.0844612121582,65526000,0.0,0.0
2017-05-01 00:00:00-04:00,45.09700012207031,45.784000396728516,45.0724983215332,45.628501892089844,45.41339874267578,42320000,0.0,0.0
2017-05-02 00:00:00-04:00,45.48099899291992,46.03850173950195,45.47264862060547,45.821998596191406,45.60599136352539,31744000,0.0,0.0
2017-05-03 00:00:00-04:00,45.74300003051758,46.404998779296875,45.62715148925781,46.35200119018555,46.13349151611328,29990000,0.0,0.0
2017-05-04 00:00:00-04:00,46.30350112915039,46.79650115966797,46.22949981689453,46.58300018310547,46.363407135009766,28442000,0.0,0.0
2017-05-05 00:00:00-04:00,46.676998138427734,46.744998931884766,46.2599983215332,46.35649871826172,46.137969970703125,38226000,0.0,0.0
2017-05-08 00:00:00-04:00,46.305999755859375,46.846248626708984,46.26300048828125,46.71500015258789,46.49477767944336,26596000,0.0,0.0
2017-05-09 00:00:00-04:00,46.84749984741211,46.875,46.47650146484375,46.60850143432617,46.3887825012207,31636000,0.0,0.0
2017-05-10 00:00:00-04:00,46.5989990234375,46.599998474121094,46.257999420166016,46.43899917602539,46.2200813293457,23478000,0.0,0.0
2017-05-11 00:00:00-04:00,46.26599884033203,46.62649917602539,46.1515007019043,46.529998779296875,46.31064987182617,16700000,0.0,0.0
2017-05-12 00:00:00-04:00,46.576499938964844,46.672000885009766,46.39250183105469,46.611000061035156,46.391265869140625,21012000,0.0,0.0
2017-05-15 00:00:00-04:00,46.647499084472656,46.912498474121094,46.46699905395508,46.854000091552734,46.633121490478516,22162000,0.0,0.0
2017-05-16 00:00:00-04:00,47.0,47.15549850463867,46.87900161743164,47.150001525878906,46.927730560302734,19390000,0.0,0.0
2017-05-17 00:00:00-04:00,46.78350067138672,46.96664810180664,45.90700149536133,45.98099899291992,45.76424026489258,47242000,0.0,0.0
2017-05-18 00:00:00-04:00,46.04999923706055,46.65850067138672,45.9375,46.512001037597656,46.29273986816406,31938000,0.0,0.0
2017-05-19 00:00:00-04:00,46.57350158691406,46.88774871826172,46.54999923706055,46.70050048828125,46.480350494384766,27860000,0.0,0.0
2017-05-22 00:00:00-04:00,46.75,47.09415054321289,46.75,47.09299850463867,46.87099838256836,22408000,0.0,0.0
2017-05-23 00:00:00-04:00,47.395999908447266,47.57334899902344,47.12874984741211,47.441001892089844,47.21736145019531,25416000,0.0,0.0
2017-05-24 00:00:00-04:00,47.64899826049805,47.75450134277344,47.474998474121094,47.74800109863281,47.522911071777344,20496000,0.0,0.0
2017-05-25 00:00:00-04:00,47.86650085449219,48.63145065307617,47.77349853515625,48.47700119018555,48.248477935791016,33210000,0.0,0.0
2017-05-26 00:00:00-04:00,48.48500061035156,48.749000549316406,48.25149917602539,48.57350158691406,48.34451675415039,25040000,0.0,0.0
2017-05-30 00:00:00-04:00,48.515499114990234,48.810001373291016,48.4744987487793,48.79399871826172,48.56398010253906,29334000,0.0,0.0
2017-05-31 00:00:00-04:00,48.750999450683594,48.9635009765625,48.00899887084961,48.24300003051758,48.01557540893555,48962000,0.0,0.0
2017-06-01 00:00:00-04:00,48.4474983215332,48.57500076293945,48.0004997253418,48.34749984741211,48.11957931518555,28210000,0.0,0.0
2017-06-02 00:00:00-04:00,48.472999572753906,48.79399871826172,48.29999923706055,48.779998779296875,48.55004119873047,35020000,0.0,0.0
2017-06-05 00:00:00-04:00,48.82749938964844,49.34550094604492,48.755001068115234,49.183998107910156,48.95214080810547,25042000,0.0,0.0
2017-06-06 00:00:00-04:00,49.15800094604492,49.412498474121094,48.75699996948242,48.82849884033203,48.59831619262695,36292000,0.0,0.0
2017-06-07 00:00:00-04:00,49.0,49.19900131225586,48.797000885009766,49.047000885009766,48.8157844543457,29078000,0.0,0.0
2017-06-08 00:00:00-04:00,49.11750030517578,49.22850036621094,48.86000061035156,49.170501708984375,48.9387092590332,29638000,0.0,0.0
2017-06-09 00:00:00-04:00,49.224998474121094,49.224998474121094,46.78150177001953,47.49150085449219,47.26762390136719,66188000,0.0,0.0
2017-06-12 00:00:00-04:00,46.97800064086914,47.467750549316406,45.76165008544922,47.14500045776367,46.922752380371094,75270000,0.0,0.0
2017-06-13 00:00:00-04:00,47.59550094604492,47.999000549316406,47.204498291015625,47.66999816894531,47.445274353027344,40266000,0.0,0.0
2017-06-14 00:00:00-04:00,47.99599838256836,48.057498931884766,47.11249923706055,47.53799819946289,47.313899993896484,29794000,0.0,0.0
2017-06-15 00:00:00-04:00,46.69850158691406,47.16695022583008,46.22200012207031,47.115501403808594,46.89339065551758,42662000,0.0,0.0
2017-06-16 00:00:00-04:00,47.0,47.10200119018555,46.579750061035156,46.98899841308594,46.767486572265625,61894000,0.0,0.0
2017-06-19 00:00:00-04:00,47.49800109863281,47.9995002746582,47.45249938964844,47.868499755859375,47.64284133911133,30666000,0.0,0.0
2017-06-20 00:00:00-04:00,47.875999450683594,48.08100128173828,47.5004997253418,47.53150177001953,47.30743408203125,22520000,0.0,0.0
2017-06-21 00:00:00-04:00,47.68199920654297,48.005001068115234,47.53799819946289,47.97249984741211,47.7463493347168,24044000,0.0,0.0
2017-06-22 00:00:00-04:00,47.935001373291016,48.0359992980957,47.727500915527344,47.85449981689453,47.62890625,18828000,0.0,0.0
2017-06-23 00:00:00-04:00,47.84149932861328,48.29999923706055,47.709999084472656,48.27949905395508,48.051902770996094,30558000,0.0,0.0
2017-06-26 00:00:00-04:00,48.494998931884766,48.66550064086914,47.53950119018555,47.61349868774414,47.389041900634766,31968000,0.0,0.0
2017-06-27 00:00:00-04:00,47.12300109863281,47.41450119018555,46.342498779296875,46.36650085449219,46.14792251586914,51598000,0.0,0.0
2017-06-28 00:00:00-04:00,46.45000076293945,47.13750076293945,45.79999923706055,47.02450180053711,46.802825927734375,54428000,0.0,0.0
2017-06-29 00:00:00-04:00,46.49599838256836,46.5629997253418,45.53099822998047,45.88949966430664,45.67317199707031,65984000,0.0,0.0
2017-06-30 00:00:00-04:00,46.3025016784668,46.3025016784668,45.41550064086914,45.436500549316406,45.22230911254883,41804000,0.0,0.0
2017-07-03 00:00:00-04:00,45.60900115966797,45.696998596191406,44.739498138427734,44.935001373291016,44.72317123413086,34196000,0.0,0.0
2017-07-05 00:00:00-04:00,45.0880012512207,45.72549819946289,44.92499923706055,45.58549880981445,45.370601654052734,36278000,0.0,0.0
2017-07-06 00:00:00-04:00,45.20600128173828,45.74720001220703,44.98500061035156,45.33449935913086,45.120784759521484,28490000,0.0,0.0
2017-07-07 00:00:00-04:00,45.442501068115234,46.07699966430664,45.442501068115234,45.929500579833984,45.71298599243164,32756000,0.0,0.0
2017-07-10 00:00:00-04:00,46.0885009765625,46.51900100708008,45.97949981689453,46.439998626708984,46.221073150634766,23856000,0.0,0.0
2017-07-11 00:00:00-04:00,46.47700119018555,46.57149887084961,46.099998474121094,46.50450134277344,46.285274505615234,22264000,0.0,0.0
2017-07-12 00:00:00-04:00,46.933998107910156,47.314998626708984,46.7234992980957,47.19150161743164,46.969032287597656,30642000,0.0,0.0
2017-07-13 00:00:00-04:00,47.31449890136719,47.72249984741211,47.1505012512207,47.358001708984375,47.13475036621094,25894000,0.0,0.0
2017-07-14 00:00:00-04:00,47.599998474121094,47.84550094604492,47.40024948120117,47.79949951171875,47.57416534423828,21076000,0.0,0.0
2017-07-17 00:00:00-04:00,47.849998474121094,48.0369987487793,47.46205139160156,47.67100143432617,47.44627380371094,23310000,0.0,0.0
2017-07-18 00:00:00-04:00,47.650001525878906,48.402000427246094,47.529998779296875,48.27000045776367,48.04244613647461,23080000,0.0,0.0
2017-07-19 00:00:00-04:00,48.391998291015625,48.652000427246094,48.201499938964844,48.544498443603516,48.31565475463867,24490000,0.0,0.0
2017-07-20 00:00:00-04:00,48.75,48.79499816894531,48.07550048828125,48.407501220703125,48.179298400878906,32490000,0.0,0.0
2017-07-21 00:00:00-04:00,48.11249923706055,48.6614990234375,48.00749969482422,48.645999908447266,48.41667556762695,34220000,0.0,0.0
2017-07-24 00:00:00-04:00,48.611000061035156,49.310001373291016,48.53850173950195,49.016998291015625,48.785926818847656,64966000,0.0,0.0
2017-07-25 00:00:00-04:00,47.69049835205078,47.98500061035156,47.27000045776367,47.53499984741211,47.310916900634766,93220000,0.0,0.0
2017-07-26 00:00:00-04:00,47.73400115966797,47.75,47.113948822021484,47.38999938964844,47.16659927368164,41766000,0.0,0.0
2017-07-27 00:00:00-04:00,47.5890007019043,47.5890007019043,46.0,46.704498291015625,46.48432922363281,64260000,0.0,0.0
2017-07-28 00:00:00-04:00,46.470001220703125,47.19150161743164,46.375,47.076499938964844,46.85457229614258,36928000,0.0,0.0
2017-07-31 00:00:00-04:00,47.09450149536133,47.179500579833984,46.301998138427734,46.525001525878906,46.30567932128906,39402000,0.0,0.0
2017-08-01 00:00:00-04:00,46.61899948120117,46.87234878540039,46.4630012512207,46.541500091552734,46.32209777832031,25554000,0.0,0.0
2017-08-02 00:00:00-04:00,46.43050003051758,46.630001068115234,45.83399963378906,46.519500732421875,46.300201416015625,36488000,0.0,0.0
2017-08-03 00:00:00-04:00,46.516998291015625,46.61199951171875,46.11199951171875,46.182498931884766,45.964786529541016,24050000,0.0,0.0
2017-08-04 00:00:00-04:00,46.337501525878906,46.515350341796875,46.1515007019043,46.39799880981445,46.17927169799805,21646000,0.0,0.0
2017-08-07 00:00:00-04:00,46.452999114990234,46.584999084472656,46.32500076293945,46.46799850463867,46.24894332885742,20644000,0.0,0.0
2017-08-08 00:00:00-04:00,46.35449981689453,46.79069900512695,46.28049850463867,46.339500427246094,46.12104797363281,21232000,0.0,0.0
2017-08-09 00:00:00-04:00,46.03049850463867,46.29899978637695,45.86249923706055,46.14500045776367,45.92746353149414,23842000,0.0,0.0
2017-08-10 00:00:00-04:00,45.877498626708984,45.9630012512207,45.30649948120117,45.36199951171875,45.14815902709961,36480000,0.0,0.0
2017-08-11 00:00:00-04:00,45.39849853515625,45.888999938964844,45.27899932861328,45.71950149536133,45.503971099853516,24136000,0.0,0.0
2017-08-14 00:00:00-04:00,46.12649917602539,46.2333984375,45.90950012207031,46.13349914550781,45.916019439697266,21290000,0.0,0.0
2017-08-15 00:00:00-04:00,46.21149826049805,46.32749938964844,45.99100112915039,46.111000061035156,45.89362716674805,17668000,0.0,0.0
2017-08-16 00:00:00-04:00,46.26449966430664,46.6349983215332,46.17224884033203,46.347999572753906,46.12950897216797,20134000,0.0,0.0
2017-08-17 00:00:00-04:00,46.28900146484375,46.34299850463867,45.54899978637695,45.54899978637695,45.33427810668945,25544000,0.0,0.0
2017-08-18 00:00:00-04:00,45.515499114990234,45.76374816894531,45.35770034790039,45.53350067138672,45.318851470947266,26854000,0.0,0.0
2017-08-21 00:00:00-04:00,45.5,45.650001525878906,45.16999816894531,45.33300018310547,45.11929702758789,18868000,0.0,0.0
2017-08-22 00:00:00-04:00,45.63600158691406,46.292999267578125,45.57374954223633,46.234500885009766,46.01654815673828,23334000,0.0,0.0
2017-08-23 00:00:00-04:00,46.096500396728516,46.496498107910156,45.96799850463867,46.349998474121094,46.131500244140625,21804000,0.0,0.0
2017-08-24 00:00:00-04:00,46.43299865722656,46.54199981689453,45.775001525878906,46.06399917602539,45.84684753417969,25406000,0.0,0.0
2017-08-25 00:00:00-04:00,46.17449951171875,46.277748107910156,45.775001525878906,45.794498443603516,45.578617095947266,21068000,0.0,0.0
2017-08-28 00:00:00-04:00,45.79999923706055,45.962249755859375,45.59349822998047,45.69049835205078,45.4751091003418,21730000,0.0,0.0
2017-08-29 00:00:00-04:00,45.255001068115234,46.166500091552734,45.25,46.06449890136719,45.84734344482422,23712000,0.0,0.0
2017-08-30 00:00:00-04:00,46.002498626708984,46.540950775146484,45.98249816894531,46.47850036621094,46.259395599365234,26024000,0.0,0.0
2017-08-31 00:00:00-04:00,46.5880012512207,47.0989990234375,46.5880012512207,46.96649932861328,46.745094299316406,31652000,0.0,0.0
2017-09-01 00:00:00-04:00,47.05649948120117,47.124000549316406,46.75749969482422,46.867000579833984,46.646060943603516,18948000,0.0,0.0
2017-09-05 00:00:00-04:00,46.65399932861328,46.849998474121094,46.097999572753906,46.42250061035156,46.20365905761719,26528000,0.0,0.0
2017-09-06 00:00:00-04:00,46.50749969482422,46.54574966430664,45.9635009765625,46.390499114990234,46.171810150146484,30554000,0.0,0.0
2017-09-07 00:00:00-04:00,46.58649826049805,46.820499420166016,46.180999755859375,46.79750061035156,46.5768928527832,24254000,0.0,0.0
2017-09-08 00:00:00-04:00,46.824501037597656,46.8494987487793,46.24399948120117,46.32500076293945,46.10661697387695,20230000,0.0,0.0
2017-09-11 00:00:00-04:00,46.712501525878906,46.91899871826172,46.34600067138672,46.45399856567383,46.235008239746094,25340000,0.0,0.0
2017-09-12 00:00:00-04:00,46.62950134277344,46.67399978637695,46.193050384521484,46.60350036621094,46.38380813598633,22688000,0.0,0.0
2017-09-13 00:00:00-04:00,46.53300094604492,46.86249923706055,46.49300003051758,46.75450134277344,46.53409957885742,22052000,0.0,0.0
2017-09-14 00:00:00-04:00,46.5625,46.63850021362305,46.20000076293945,46.25550079345703,46.03744125366211,27952000,0.0,0.0
2017-09-15 00:00:00-04:00,46.233001708984375,46.324501037597656,45.81800079345703,46.01449966430664,45.79758071899414,50108000,0.0,0.0
2017-09-18 00:00:00-04:00,46.0004997253418,46.104000091552734,45.529998779296875,45.75,45.534324645996094,26138000,0.0,0.0
2017-09-19 00:00:00-04:00,45.87099838256836,46.12099838256836,45.627498626708984,46.09049987792969,45.87322235107422,18734000,0.0,0.0
2017-09-20 00:00:00-04:00,46.14899826049805,46.694000244140625,46.099998474121094,46.57899856567383,46.35942077636719,33396000,0.0,0.0
2017-09-21 00:00:00-04:00,46.650001525878906,46.826499938964844,46.19150161743164,46.622501373291016,46.40271759033203,25812000,0.0,0.0
2017-09-22 00:00:00-04:00,46.38750076293945,46.73649978637695,46.32400131225586,46.42649841308594,46.20763397216797,21054000,0.0,0.0
2017-09-25 00:00:00-04:00,46.272499084472656,46.31999969482422,45.48500061035156,46.048500061035156,45.831424713134766,37136000,0.0,0.0
2017-09-26 00:00:00-04:00,46.18600082397461,46.54100036621094,46.05699920654297,46.24300003051758,46.02500534057617,33338000,0.0,0.0
2017-09-27 00:00:00-04:00,46.387001037597656,47.494998931884766,46.387001037597656,47.2244987487793,47.00187683105469,44788000,0.0,0.0
2017-09-28 00:00:00-04:00,47.06800079345703,47.53450012207031,47.02750015258789,47.474998474121094,47.25120162963867,20406000,0.0,0.0
2017-09-29 00:00:00-04:00,47.599998474121094,47.98929977416992,47.57550048828125,47.955501556396484,47.72943115234375,31620000,0.0,0.0
2017-10-02 00:00:00-04:00,47.999000549316406,48.12699890136719,47.391998291015625,47.66350173950195,47.438812255859375,25668000,0.0,0.0
2017-10-03 00:00:00-04:00,47.70000076293945,47.900001525878906,47.457000732421875,47.88949966430664,47.66374206542969,17766000,0.0,0.0
2017-10-04 00:00:00-04:00,47.849998474121094,48.019500732421875,47.53450012207031,47.58399963378906,47.35968017578125,19048000,0.0,0.0
2017-10-05 00:00:00-04:00,47.77450180053711,48.545501708984375,47.75899887084961,48.49800109863281,48.26937484741211,24276000,0.0,0.0
2017-10-06 00:00:00-04:00,48.334999084472656,48.972999572753906,48.167999267578125,48.94449996948242,48.71377182006836,23478000,0.0,0.0
2017-10-09 00:00:00-04:00,49.0,49.2712516784668,48.80550003051758,48.849998474121094,48.619712829589844,17828000,0.0,0.0
2017-10-10 00:00:00-04:00,49.0,49.07849884033203,48.30400085449219,48.630001068115234,48.400753021240234,19368000,0.0,0.0
2017-10-11 00:00:00-04:00,48.68600082397461,49.535499572753906,48.61249923706055,49.462501525878906,49.22932815551758,33866000,0.0,0.0
2017-10-12 00:00:00-04:00,49.372501373291016,49.70600128173828,49.25,49.39149856567383,49.158660888671875,25248000,0.0,0.0
2017-10-13 00:00:00-04:00,49.599998474121094,49.86050033569336,49.45000076293945,49.48400115966797,49.25072479248047,23396000,0.0,0.0
2017-10-16 00:00:00-04:00,49.60499954223633,49.695350646972656,49.20000076293945,49.599998474121094,49.366180419921875,18210000,0.0,0.0
2017-10-17 00:00:00-04:00,49.51449966430664,49.821998596191406,49.429500579833984,49.60900115966797,49.37513732910156,25804000,0.0,0.0
2017-10-18 00:00:00-04:00,49.5885009765625,49.83599853515625,49.348751068115234,49.640499114990234,49.406490325927734,21152000,0.0,0.0
2017-10-19 00:00:00-04:00,49.29999923706055,49.444000244140625,48.919498443603516,49.22249984741211,48.990455627441406,26272000,0.0,0.0
2017-10-20 00:00:00-04:00,49.47200012207031,49.54999923706055,49.229000091552734,49.40999984741211,49.17707061767578,23664000,0.0,0.0
2017-10-23 00:00:00-04:00,49.47600173950195,49.47600173950195,48.305999755859375,48.42250061035156,48.19422912597656,29568000,0.0,0.0
2017-10-24 00:00:00-04:00,48.5,48.61149978637695,48.04999923706055,48.527000427246094,48.29823684692383,24244000,0.0,0.0
2017-10-25 00:00:00-04:00,48.41849899291992,48.804500579833984,48.0260009765625,48.666500091552734,48.437076568603516,24226000,0.0,0.0
2017-10-26 00:00:00-04:00,49.0,49.380001068115234,48.61000061035156,48.62799835205078,48.39876174926758,40842000,0.0,0.0
2017-10-27 00:00:00-04:00,50.45949935913086,52.419498443603516,50.40999984741211,50.9635009765625,50.7232551574707,103354000,0.0,0.0
2017-10-30 00:00:00-04:00,50.70000076293945,51.24850082397461,50.375,50.855499267578125,50.615760803222656,41702000,0.0,0.0
2017-10-31 00:00:00-04:00,50.76100158691406,51.20000076293945,50.520999908447266,50.832000732421875,50.59237289428711,26614000,0.0,0.0
2017-11-01 00:00:00-04:00,50.86050033569336,51.48350143432617,50.84749984741211,51.275001525878906,51.03328323364258,27468000,0.0,0.0
2017-11-02 00:00:00-04:00,51.0880012512207,51.40449905395508,50.6505012512207,51.27899932861328,51.03726577758789,20980000,0.0,0.0
2017-11-03 00:00:00-04:00,51.105499267578125,51.63249969482422,51.015499114990234,51.624000549316406,51.38063430786133,21528000,0.0,0.0
2017-11-06 00:00:00-05:00,51.449501037597656,51.743499755859375,51.25,51.29499816894531,51.05318832397461,22504000,0.0,0.0
2017-11-07 00:00:00-05:00,51.36349868774414,51.69850158691406,51.256500244140625,51.666500091552734,51.42293930053711,22246000,0.0,0.0
2017-11-08 00:00:00-05:00,51.5260009765625,52.17610168457031,51.42250061035156,51.99250030517578,51.747398376464844,21774000,0.0,0.0
2017-11-09 00:00:00-05:00,51.699501037597656,51.699501037597656,50.983299255371094,51.5629997253418,51.31991958618164,24904000,0.0,0.0
2017-11-10 00:00:00-05:00,51.323001861572266,51.53799819946289,51.263999938964844,51.403499603271484,51.16117858886719,14400000,0.0,0.0
2017-11-13 00:00:00-05:00,51.17100143432617,51.57899856567383,51.128501892089844,51.287498474121094,51.045719146728516,17716000,0.0,0.0
2017-11-14 00:00:00-05:00,51.12950134277344,51.34049987792969,50.70750045776367,51.29999923706055,51.05816650390625,19184000,0.0,0.0
2017-11-15 00:00:00-05:00,50.96049880981445,51.204498291015625,50.770999908447266,51.045501708984375,50.80486297607422,17080000,0.0,0.0
2017-11-16 00:00:00-05:00,51.125999450683594,51.79600143432617,51.125999450683594,51.625,51.38163375854492,22594000,0.0,0.0
2017-11-17 00:00:00-05:00,51.70050048828125,51.72100067138672,50.88750076293945,50.954498291015625,50.71429443359375,27942000,0.0,0.0
2017-11-20 00:00:00-05:00,51.01300048828125,51.13050079345703,50.875,50.91899871826172,50.678958892822266,19070000,0.0,0.0
2017-11-21 00:00:00-05:00,51.16550064086914,51.75550079345703,51.13275146484375,51.7244987487793,51.48066329956055,21940000,0.0,0.0
2017-11-22 00:00:00-05:00,51.75,51.98529815673828,51.57149887084961,51.79800033569336,51.55381774902344,14926000,0.0,0.0
2017-11-24 00:00:00-05:00,51.79349899291992,52.15890121459961,51.75,52.03049850463867,51.785221099853516,10740000,0.0,0.0
2017-11-27 00:00:00-05:00,52.0,52.77299880981445,51.922000885009766,52.71049880981445,52.462013244628906,26158000,0.0,0.0
2017-11-28 00:00:00-05:00,52.75450134277344,53.118751525878906,52.0,52.37049865722656,52.12361145019531,28488000,0.0,0.0
2017-11-29 00:00:00-05:00,52.13399887084961,52.20399856567383,50.782501220703125,51.08300018310547,50.84218978881836,49188000,0.0,0.0
2017-11-30 00:00:00-05:00,51.118499755859375,51.42449951171875,50.75,51.070499420166016,50.82974624633789,34480000,0.0,0.0
2017-12-01 00:00:00-05:00,50.790000915527344,51.1245002746582,50.10100173950195,50.50849914550781,50.2703971862793,38192000,0.0,0.0
2017-12-04 00:00:00-05:00,50.632999420166016,50.80500030517578,49.778499603271484,49.933998107910156,49.698604583740234,38128000,0.0,0.0
2017-12-05 00:00:00-05:00,49.797000885009766,51.03049850463867,49.41400146484375,50.25749969482422,50.02058410644531,41346000,0.0,0.0
2017-12-06 00:00:00-05:00,50.07500076293945,51.24850082397461,50.05699920654297,50.91899871826172,50.678958892822266,25440000,0.0,0.0
2017-12-07 00:00:00-05:00,51.02149963378906,51.71200180053711,50.90354919433594,51.54650115966797,51.30350112915039,29164000,0.0,0.0
2017-12-08 00:00:00-05:00,51.8745002746582,52.102500915527344,51.6260986328125,51.852500915527344,51.608062744140625,25816000,0.0,0.0
2017-12-11 00:00:00-05:00,51.775001525878906,52.189998626708984,51.602500915527344,52.05500030517578,51.80960464477539,23856000,0.0,0.0
2017-12-12 00:00:00-05:00,51.98149871826172,52.515499114990234,51.68450164794922,52.02399826049805,51.778751373291016,25590000,0.0,0.0
2017-12-13 00:00:00-05:00,52.305999755859375,52.333248138427734,51.91899871826172,52.03049850463867,51.785221099853516,25654000,0.0,0.0
2017-12-14 00:00:00-05:00,52.25,52.92499923706055,52.15549850463867,52.45750045776367,52.210208892822266,31174000,0.0,0.0
2017-12-15 00:00:00-05:00,52.730499267578125,53.38100051879883,52.474998474121094,53.20949935913086,52.95866394042969,65518000,0.0,0.0
2017-12-18 00:00:00-05:00,53.30400085449219,53.92449951171875,53.099998474121094,53.856998443603516,53.603111267089844,31092000,0.0,0.0
2017-12-19 00:00:00-05:00,53.7599983215332,53.84199905395508,53.1775016784668,53.534000396728516,53.28163528442383,26774000,0.0,0.0
2017-12-20 00:00:00-05:00,53.5890007019043,53.66899871826172,53.07600021362305,53.247501373291016,52.99648666381836,25372000,0.0,0.0
2017-12-21 00:00:00-05:00,53.247501373291016,53.46649932861328,53.089698791503906,53.18149948120117,52.930789947509766,19914000,0.0,0.0
2017-12-22 00:00:00-05:00,53.05550003051758,53.209999084472656,52.97200012207031,53.00600051879883,52.756126403808594,15102000,0.0,0.0
2017-12-26 00:00:00-05:00,52.903499603271484,53.00600051879883,52.5099983215332,52.83700180053711,52.587921142578125,15212000,0.0,0.0
2017-12-27 00:00:00-05:00,52.86949920654297,52.91849899291992,52.40250015258789,52.46849822998047,52.221153259277344,25438000,0.0,0.0
2017-12-28 00:00:00-05:00,52.58000183105469,52.73749923706055,52.23849868774414,52.40700149536133,52.159950256347656,16742000,0.0,0.0
2017-12-29 00:00:00-05:00,52.33599853515625,52.48500061035156,52.244998931884766,52.31999969482422,52.0733528137207,17750000,0.0,0.0
2018-01-02 00:00:00-05:00,52.41699981689453,53.34700012207031,52.26150131225586,53.25,52.99897384643555,24752000,0.0,0.0
2018-01-03 00:00:00-05:00,53.21549987792969,54.31449890136719,53.160499572753906,54.124000549316406,53.86885070800781,28604000,0.0,0.0
2018-01-04 00:00:00-05:00,54.400001525878906,54.67850112915039,54.20009994506836,54.31999969482422,54.063926696777344,20092000,0.0,0.0
2018-01-05 00:00:00-05:00,54.70000076293945,55.212501525878906,54.599998474121094,55.11149978637695,54.85169982910156,25582000,0.0,0.0
2018-01-08 00:00:00-05:00,55.11149978637695,55.563499450683594,55.08100128173828,55.34700012207031,55.08608627319336,20952000,0.0,0.0
2018-01-09 00:00:00-05:00,55.470001220703125,55.528499603271484,55.06155014038086,55.3129997253418,55.052242279052734,18050000,0.0,0.0
2018-01-10 00:00:00-05:00,54.85499954223633,55.22999954223633,54.80550003051758,55.13050079345703,54.870609283447266,20856000,0.0,0.0
2018-01-11 00:00:00-05:00,55.314998626708984,55.32624816894531,54.97949981689453,55.2760009765625,55.015419006347656,19566000,0.0,0.0
2018-01-12 00:00:00-05:00,55.12049865722656,56.214500427246094,55.057498931884766,56.112998962402344,55.84847640991211,34410000,0.0,0.0
2018-01-16 00:00:00-05:00,56.6254997253418,56.99549865722656,55.8916015625,56.0880012512207,55.82359313964844,31506000,0.0,0.0
2018-01-17 00:00:00-05:00,56.31100082397461,56.630001068115234,55.85049819946289,56.5989990234375,56.33218765258789,24052000,0.0,0.0
2018-01-18 00:00:00-05:00,56.570499420166016,56.6254997253418,55.875,56.489498138427734,56.22319412231445,23964000,0.0,0.0
2018-01-19 00:00:00-05:00,56.59149932861328,56.893001556396484,56.415000915527344,56.8754997253418,56.60737991333008,35564000,0.0,0.0
2018-01-22 00:00:00-05:00,56.8745002746582,57.99399948120117,56.75550079345703,57.79050064086914,57.51806640625,32360000,0.0,0.0
2018-01-23 00:00:00-05:00,57.99250030517578,58.58134841918945,57.9375,58.49850082397461,58.22273254394531,26662000,0.0,0.0
2018-01-24 00:00:00-05:00,58.86650085449219,58.99300003051758,58.0525016784668,58.21200180053711,57.937583923339844,28332000,0.0,0.0
2018-01-25 00:00:00-05:00,58.62649917602539,58.797000885009766,58.13800048828125,58.51850128173828,58.242637634277344,29610000,0.0,0.0
2018-01-26 00:00:00-05:00,58.75400161743164,58.79199981689453,57.90549850463867,58.79199981689453,58.51485061645508,40376000,0.0,0.0
2018-01-29 00:00:00-05:00,58.82400131225586,59.34450149536133,58.5989990234375,58.77899932861328,58.50190734863281,27578000,0.0,0.0
2018-01-30 00:00:00-05:00,58.39149856567383,58.82600021362305,58.17599868774414,58.18450164794922,57.910213470458984,31126000,0.0,0.0
2018-01-31 00:00:00-05:00,58.528499603271484,58.650001525878906,57.95650100708008,58.49700164794922,58.22123718261719,30774000,0.0,0.0
2018-02-01 00:00:00-05:00,58.13050079345703,58.70000076293945,57.875999450683594,58.3849983215332,58.109764099121094,48242000,0.0,0.0
2018-02-02 00:00:00-05:00,56.099998474121094,56.153499603271484,55.36389923095703,55.595001220703125,55.332916259765625,97158000,0.0,0.0
2018-02-05 00:00:00-05:00,54.529998779296875,55.5,52.60150146484375,52.790000915527344,52.541141510009766,75966000,0.0,0.0
2018-02-06 00:00:00-05:00,51.35900115966797,54.08549880981445,51.1568489074707,54.029998779296875,53.775291442871094,68960000,0.0,0.0
2018-02-07 00:00:00-05:00,54.07699966430664,54.0890007019043,52.41299819946289,52.42900085449219,52.18184280395508,47384000,0.0,0.0
2018-02-08 00:00:00-05:00,52.77050018310547,52.930999755859375,50.03300094604492,50.07600021362305,49.839935302734375,57182000,0.0,0.0
2018-02-09 00:00:00-05:00,50.86249923706055,52.19850158691406,49.62799835205078,51.888999938964844,51.64439010620117,70118000,0.0,0.0
2018-02-12 00:00:00-05:00,52.400001525878906,53.07500076293945,52.0463981628418,52.59700012207031,52.34904861450195,41154000,0.0,0.0
2018-02-13 00:00:00-05:00,52.25,52.91849899291992,52.204349517822266,52.60499954223633,52.35701370239258,25302000,0.0,0.0
2018-02-14 00:00:00-05:00,52.4474983215332,53.58599853515625,52.337501525878906,53.48500061035156,53.23286819458008,31116000,0.0,0.0
2018-02-15 00:00:00-05:00,53.95349884033203,54.573951721191406,53.21699905395508,54.47600173950195,54.21919631958008,36868000,0.0,0.0
2018-02-16 00:00:00-05:00,54.420501708984375,55.23350143432617,54.4156494140625,54.7400016784668,54.48194885253906,33590000,0.0,0.0
2018-02-20 00:00:00-05:00,54.528499603271484,55.6974983215332,54.42599868774414,55.12300109863281,54.86314392089844,28462000,0.0,0.0
2018-02-21 00:00:00-05:00,55.32350158691406,56.69850158691406,55.31650161743164,55.56700134277344,55.305049896240234,30258000,0.0,0.0
2018-02-22 00:00:00-05:00,55.80950164794922,56.14099884033203,55.12950134277344,55.33150100708008,55.07065963745117,26344000,0.0,0.0
2018-02-23 00:00:00-05:00,55.63199996948242,56.36399841308594,55.23569869995117,56.339500427246094,56.073909759521484,25220000,0.0,0.0
2018-02-26 00:00:00-05:00,56.38999938964844,57.198001861572266,56.33475112915039,57.1875,56.917911529541016,31182000,0.0,0.0
2018-02-27 00:00:00-05:00,57.0620002746582,57.20199966430664,55.900001525878906,55.91450119018555,55.650909423828125,35482000,0.0,0.0
2018-02-28 00:00:00-05:00,56.1515007019043,56.37649917602539,55.1619987487793,55.23649978637695,54.97610855102539,37652000,0.0,0.0
2018-03-01 00:00:00-05:00,55.39350128173828,55.50600051879883,53.35005187988281,53.47600173950195,53.223907470703125,50318000,0.0,0.0
2018-03-02 00:00:00-05:00,52.65399932861328,54.09994888305664,52.4057502746582,53.94599914550781,53.691688537597656,45432000,0.0,0.0
2018-03-05 00:00:00-05:00,53.75699996948242,54.85499954223633,53.45000076293945,54.54650115966797,54.28936004638672,24044000,0.0,0.0
2018-03-06 00:00:00-05:00,54.96099853515625,55.092498779296875,54.48875045776367,54.75299835205078,54.49488067626953,30656000,0.0,0.0
2018-03-07 00:00:00-05:00,54.45949935913086,55.611000061035156,54.27410125732422,55.481998443603516,55.2204475402832,25850000,0.0,0.0
2018-03-08 00:00:00-05:00,55.76599884033203,56.380001068115234,55.63999938964844,56.29999923706055,56.03459167480469,27102000,0.0,0.0
2018-03-09 00:00:00-05:00,56.79999923706055,58.040000915527344,56.623050689697266,58.00199890136719,57.728572845458984,42560000,0.0,0.0
2018-03-12 00:00:00-04:00,58.192501068115234,58.852500915527344,57.87099838256836,58.224998474121094,57.95051956176758,43446000,0.0,0.0
2018-03-13 00:00:00-04:00,58.5,58.8380012512207,56.666500091552734,56.90850067138672,56.64022445678711,38144000,0.0,0.0
2018-03-14 00:00:00-04:00,57.260501861572266,57.929500579833984,57.071998596191406,57.4744987487793,57.203556060791016,25828000,0.0,0.0
2018-03-15 00:00:00-04:00,57.49800109863281,58.05400085449219,56.72700119018555,57.479000091552734,57.20803451538086,27908000,0.0,0.0
2018-03-16 00:00:00-04:00,57.707000732421875,57.79399871826172,56.597999572753906,56.7864990234375,56.518798828125,61840000,0.0,0.0
2018-03-19 00:00:00-04:00,56.0004997253418,56.0994987487793,54.45050048828125,54.99100112915039,54.73176574707031,56118000,0.0,0.0
2018-03-20 00:00:00-04:00,54.95000076293945,55.2599983215332,54.17300033569336,54.885501861572266,54.626766204833984,36638000,0.0,0.0
2018-03-21 00:00:00-04:00,54.637001037597656,55.314998626708984,54.25749969482422,54.54399871826172,54.286869049072266,37578000,0.0,0.0
2018-03-22 00:00:00-04:00,54.09400177001953,54.14500045776367,52.295501708984375,52.45399856567383,52.20672607421875,53340000,0.0,0.0
2018-03-23 00:00:00-04:00,52.35150146484375,53.167999267578125,51.06100082397461,51.07849884033203,50.837711334228516,43134000,0.0,0.0
2018-03-26 00:00:00-04:00,52.29999923706055,52.78150177001953,50.41999816894531,52.660499572753906,52.412254333496094,53302000,0.0,0.0
2018-03-27 00:00:00-04:00,53.150001525878906,53.24195098876953,49.84600067138672,50.255001068115234,50.01809310913086,61906000,0.0,0.0
2018-03-28 00:00:00-04:00,49.900001525878906,51.21149826049805,49.03200149536133,50.22800064086914,49.99121856689453,67386000,0.0,0.0
2018-03-29 00:00:00-04:00,50.58150100708008,52.150001525878906,50.14500045776367,51.589500427246094,51.3463020324707,54536000,0.0,0.0
2018-04-02 00:00:00-04:00,51.14099884033203,51.7400016784668,49.51850128173828,50.32350158691406,50.08626937866211,53608000,0.0,0.0
2018-04-03 00:00:00-04:00,50.695499420166016,51.04949951171875,49.70349884033203,50.670501708984375,50.431636810302734,45502000,0.0,0.0
2018-04-04 00:00:00-04:00,49.670501708984375,51.4359016418457,49.650001525878906,51.25699996948242,51.01536560058594,49694000,0.0,0.0
2018-04-05 00:00:00-04:00,52.06650161743164,52.13949966430664,51.00654983520508,51.390499114990234,51.14824295043945,27260000,0.0,0.0
2018-04-06 00:00:00-04:00,51.0,51.57099914550781,50.1515007019043,50.35200119018555,50.11463165283203,34928000,0.0,0.0
2018-04-09 00:00:00-04:00,50.84000015258789,51.97999954223633,50.70399856567383,50.772499084472656,50.533145904541016,35032000,0.0,0.0
2018-04-10 00:00:00-04:00,51.321998596191406,51.81399917602539,50.56700134277344,51.582000732421875,51.338836669921875,39490000,0.0,0.0
2018-04-11 00:00:00-04:00,51.39950180053711,51.568199157714844,50.79349899291992,50.99850082397461,50.75809097290039,29678000,0.0,0.0
2018-04-12 00:00:00-04:00,51.25199890136719,52.03450012207031,51.07175064086914,51.6254997253418,51.38212966918945,27140000,0.0,0.0
2018-04-13 00:00:00-04:00,52.04399871826172,52.32099914550781,51.14899826049805,51.4635009765625,51.22089767456055,24460000,0.0,0.0
2018-04-16 00:00:00-04:00,51.849998474121094,52.1619987487793,51.33700180053711,51.89899826049805,51.65434265136719,24224000,0.0,0.0
2018-04-17 00:00:00-04:00,52.56850051879883,53.89400100708008,52.41299819946289,53.70800018310547,53.45481491088867,46406000,0.0,0.0
2018-04-18 00:00:00-04:00,53.871498107910156,53.871498107910156,53.311248779296875,53.604000091552734,53.35130310058594,26882000,0.0,0.0
2018-04-19 00:00:00-04:00,53.470001220703125,54.708248138427734,53.409000396728516,54.3849983215332,54.12862014770508,34954000,0.0,0.0
2018-04-20 00:00:00-04:00,54.099998474121094,54.61750030517578,53.47850036621094,53.64799880981445,53.39509582519531,37794000,0.0,0.0
2018-04-23 00:00:00-04:00,53.893001556396484,54.13600158691406,53.03499984741211,53.372501373291016,53.12089538574219,46826000,0.0,0.0
2018-04-24 00:00:00-04:00,52.599998474121094,52.849998474121094,50.52949905395508,50.999000549316406,50.75857925415039,95206000,0.0,0.0
2018-04-25 00:00:00-04:00,51.2760009765625,51.6245002746582,50.765499114990234,51.058998107910156,50.81829833984375,47822000,0.0,0.0
2018-04-26 00:00:00-04:00,51.47549819946289,52.39899826049805,50.90950012207031,52.00199890136719,51.75685501098633,41590000,0.0,0.0
2018-04-27 00:00:00-04:00,52.29999923706055,52.474998474121094,51.27949905395508,51.502498626708984,51.25970458984375,32396000,0.0,0.0
2018-04-30 00:00:00-04:00,51.5004997253418,51.849998474121094,50.842498779296875,50.86650085449219,50.626712799072266,33426000,0.0,0.0
2018-05-01 00:00:00-04:00,50.68299865722656,51.923500061035156,50.410499572753906,51.865501403808594,51.621002197265625,28558000,0.0,0.0
2018-05-02 00:00:00-04:00,51.404998779296875,52.01945114135742,51.14350128173828,51.21900177001953,50.9775505065918,32062000,0.0,0.0
2018-05-03 00:00:00-04:00,50.95000076293945,51.48374938964844,50.31449890136719,51.18600082397461,50.944705963134766,36302000,0.0,0.0
2018-05-04 00:00:00-04:00,50.845001220703125,52.425498962402344,50.845001220703125,52.410499572753906,52.16343307495117,38774000,0.0,0.0
2018-05-07 00:00:00-04:00,52.46149826049805,53.08399963378906,52.35499954223633,52.739498138427734,52.490875244140625,29322000,0.0,0.0
2018-05-08 00:00:00-04:00,52.926998138427734,53.02750015258789,52.35725021362305,52.695499420166016,52.44708251953125,24354000,0.0,0.0
2018-05-09 00:00:00-04:00,52.904998779296875,54.27199935913086,52.8182487487793,54.13800048828125,53.88278579711914,40656000,0.0,0.0
2018-05-10 00:00:00-04:00,54.30149841308594,55.02199935913086,54.28200149536133,54.878501892089844,54.61979675292969,28860000,0.0,0.0
2018-05-11 00:00:00-04:00,54.68000030517578,55.06650161743164,54.545501708984375,54.91299819946289,54.65413284301758,25074000,0.0,0.0
2018-05-14 00:00:00-04:00,55.0,55.537498474121094,54.955501556396484,55.0099983215332,54.750675201416016,30362000,0.0,0.0
2018-05-15 00:00:00-04:00,54.5,54.502498626708984,53.673500061035156,53.96149826049805,53.707122802734375,29898000,0.0,0.0
2018-05-16 00:00:00-04:00,53.865501403808594,54.4635009765625,53.8129997253418,54.0885009765625,53.83352279663086,21946000,0.0,0.0
2018-05-17 00:00:00-04:00,53.99449920654297,54.34349822998047,53.67499923706055,53.929500579833984,53.675270080566406,20876000,0.0,0.0
2018-05-18 00:00:00-04:00,53.09299850463867,53.49700164794922,53.034000396728516,53.31800079345703,53.066654205322266,31304000,0.0,0.0
2018-05-21 00:00:00-04:00,53.702999114990234,54.400001525878906,53.682498931884766,53.979000091552734,53.72453308105469,20464000,0.0,0.0
2018-05-22 00:00:00-04:00,54.178001403808594,54.329498291015625,53.33449935913086,53.48649978637695,53.23435592651367,21800000,0.0,0.0
2018-05-23 00:00:00-04:00,53.256500244140625,54.03900146484375,53.08549880981445,53.984500885009766,53.73001480102539,21214000,0.0,0.0
2018-05-24 00:00:00-04:00,53.95000076293945,54.02349853515625,53.307498931884766,53.96200180053711,53.70761489868164,15336000,0.0,0.0
2018-05-25 00:00:00-04:00,53.95100021362305,54.12799835205078,53.688751220703125,53.78300094604492,53.52946090698242,17988000,0.0,0.0
2018-05-29 00:00:00-04:00,53.24449920654297,53.66849899291992,52.76100158691406,53.01599884033203,52.766075134277344,37302000,0.0,0.0
2018-05-30 00:00:00-04:00,53.1515007019043,53.46049880981445,52.84149932861328,53.38999938964844,53.138309478759766,22770000,0.0,0.0
2018-05-31 00:00:00-04:00,53.37799835205078,54.859500885009766,53.37799835205078,54.2495002746582,53.9937629699707,61766000,0.0,0.0
2018-06-01 00:00:00-04:00,54.967498779296875,56.0,54.92499923706055,55.974998474121094,55.71112823486328,48432000,0.0,0.0
2018-06-04 00:00:00-04:00,56.11650085449219,57.09450149536133,56.100250244140625,56.964500427246094,56.69596481323242,37792000,0.0,0.0
2018-06-05 00:00:00-04:00,57.04949951171875,57.28689956665039,56.65950012207031,56.983001708984375,56.71437454223633,33560000,0.0,0.0
2018-06-06 00:00:00-04:00,57.10850143432617,57.150001525878906,56.28715133666992,56.84400177001953,56.57603073120117,33964000,0.0,0.0
2018-06-07 00:00:00-04:00,56.566001892089844,56.79100036621094,55.82600021362305,56.19300079345703,55.9281005859375,30400000,0.0,0.0
2018-06-08 00:00:00-04:00,55.909000396728516,56.333499908447266,55.60749816894531,56.04349899291992,55.77930450439453,25816000,0.0,0.0
2018-06-11 00:00:00-04:00,55.93000030517578,56.862998962402344,55.93000030517578,56.4995002746582,56.233150482177734,21586000,0.0,0.0
2018-06-12 00:00:00-04:00,56.55350112915039,56.989498138427734,56.53675079345703,56.965999603271484,56.697452545166016,18240000,0.0,0.0
2018-06-13 00:00:00-04:00,57.055999755859375,57.32500076293945,56.66899871826172,56.739498138427734,56.47201919555664,30128000,0.0,0.0
2018-06-14 00:00:00-04:00,57.192501068115234,57.77349853515625,57.03200149536133,57.60599899291992,57.334434509277344,26868000,0.0,0.0
2018-06-15 00:00:00-04:00,57.44300079345703,57.67100143432617,57.174251556396484,57.612998962402344,57.34140396118164,42450000,0.0,0.0
2018-06-18 00:00:00-04:00,57.182498931884766,58.71549987792969,57.179500579833984,58.67300033569336,58.39640808105469,28274000,0.0,0.0
2018-06-19 00:00:00-04:00,57.92499923706055,58.563499450683594,57.70050048828125,58.40299987792969,58.127681732177734,32420000,0.0,0.0
2018-06-20 00:00:00-04:00,58.765499114990234,59.314300537109375,58.45800018310547,58.492000579833984,58.21626281738281,32970000,0.0,0.0
2018-06-21 00:00:00-04:00,58.74250030517578,58.864749908447266,57.61159896850586,57.882999420166016,57.61013412475586,24762000,0.0,0.0
2018-06-22 00:00:00-04:00,57.957000732421875,58.12485122680664,57.362998962402344,57.77399826049805,57.50164031982422,26220000,0.0,0.0
2018-06-25 00:00:00-04:00,57.18000030517578,57.195499420166016,55.638999938964844,56.240501403808594,55.97537612915039,43146000,0.0,0.0
2018-06-26 00:00:00-04:00,56.400001525878906,56.660499572753906,55.832950592041016,55.92300033569336,55.65937042236328,31264000,0.0,0.0
2018-06-27 00:00:00-04:00,56.06700134277344,56.591800689697266,55.180999755859375,55.19900131225586,54.938785552978516,25878000,0.0,0.0
2018-06-28 00:00:00-04:00,55.10449981689453,56.115501403808594,54.800498962402344,55.71099853515625,55.44837188720703,21448000,0.0,0.0
2018-06-29 00:00:00-04:00,56.0,56.41135025024414,55.75,55.782501220703125,55.519535064697266,26302000,0.0,0.0
2018-07-02 00:00:00-04:00,54.95000076293945,56.400001525878906,54.689998626708984,56.37300109863281,56.10725402832031,24346000,0.0,0.0
2018-07-03 00:00:00-04:00,56.79100036621094,56.79100036621094,55.000999450683594,55.144500732421875,54.88454055786133,13580000,0.0,0.0
2018-07-05 00:00:00-04:00,55.5265007019043,56.375,55.42399978637695,56.2135009765625,55.94850158691406,21334000,0.0,0.0
2018-07-06 00:00:00-04:00,56.17900085449219,57.04650115966797,56.03684997558594,57.00849914550781,56.7397575378418,19922000,0.0,0.0
2018-07-09 00:00:00-04:00,57.42399978637695,57.73350143432617,57.17100143432617,57.70249938964844,57.430484771728516,18180000,0.0,0.0
2018-07-10 00:00:00-04:00,57.8489990234375,57.97949981689453,57.47949981689453,57.641998291015625,57.370269775390625,15968000,0.0,0.0
2018-07-11 00:00:00-04:00,57.22949981689453,58.214500427246094,57.04999923706055,57.69499969482422,57.42301559448242,22400000,0.0,0.0
2018-07-12 00:00:00-04:00,57.99449920654297,59.22050094604492,57.796749114990234,59.17399978637695,58.89504623413086,25038000,0.0,0.0
2018-07-13 00:00:00-04:00,59.25,59.770851135253906,59.0,59.441001892089844,59.160789489746094,24438000,0.0,0.0
2018-07-16 00:00:00-04:00,59.46950149536133,59.54999923706055,58.9640007019043,59.19300079345703,58.91395950317383,21114000,0.0,0.0
2018-07-17 00:00:00-04:00,58.611000061035156,60.152000427246094,58.529998779296875,59.939998626708984,59.65743637084961,32208000,0.0,0.0
2018-07-18 00:00:00-04:00,59.827999114990234,60.224998474121094,59.516998291015625,59.79399871826172,59.512123107910156,27872000,0.0,0.0
2018-07-19 00:00:00-04:00,59.54999923706055,60.0,59.16600036621094,59.347999572753906,59.06822204589844,25534000,0.0,0.0
2018-07-20 00:00:00-04:00,59.347999572753906,59.84299850463867,59.21099853515625,59.24549865722656,58.96620559692383,24948000,0.0,0.0
2018-07-23 00:00:00-04:00,59.050498962402344,60.324501037597656,59.04999923706055,60.275001525878906,59.9908561706543,52384000,0.0,0.0
2018-07-24 00:00:00-04:00,63.12950134277344,63.29999923706055,61.77799987792969,62.40399932861328,62.10981750488281,66364000,0.0,0.0
2018-07-25 00:00:00-04:00,61.95650100708008,63.292999267578125,61.95650100708008,63.185001373291016,62.88713836669922,42556000,0.0,0.0
2018-07-26 00:00:00-04:00,62.54999923706055,63.488548278808594,62.45100021362305,63.416500091552734,63.11754608154297,48112000,0.0,0.0
2018-07-27 00:00:00-04:00,63.54999923706055,63.69449996948242,61.54999923706055,61.92499923706055,61.63307571411133,42612000,0.0,0.0
2018-07-30 00:00:00-04:00,61.4005012512207,61.74580001831055,60.57350158691406,60.98699951171875,60.69949722290039,36998000,0.0,0.0
2018-07-31 00:00:00-04:00,61.0004997253418,61.379398345947266,60.279998779296875,60.862998962402344,60.57608413696289,32894000,0.0,0.0
2018-08-01 00:00:00-04:00,61.400001525878906,61.673500061035156,60.510501861572266,61.0004997253418,60.71293640136719,31344000,0.0,0.0
2018-08-02 00:00:00-04:00,60.29499816894531,61.49399948120117,60.239498138427734,61.307498931884766,61.01848602294922,30626000,0.0,0.0
2018-08-03 00:00:00-04:00,61.48099899291992,61.5,60.75299835205078,61.18550109863281,60.897064208984375,21792000,0.0,0.0
2018-08-06 00:00:00-04:00,61.25,61.30440139770508,60.78984832763672,61.23849868774414,60.9498176574707,21634000,0.0,0.0
2018-08-07 00:00:00-04:00,61.849998474121094,62.55849838256836,61.80849838256836,62.111000061035156,61.818199157714844,29880000,0.0,0.0
2018-08-08 00:00:00-04:00,62.02349853515625,62.82500076293945,61.90039825439453,62.28049850463867,61.986900329589844,27406000,0.0,0.0
2018-08-09 00:00:00-04:00,62.494998931884766,62.777099609375,62.300498962402344,62.45500183105469,62.160579681396484,16972000,0.0,0.0
2018-08-10 00:00:00-04:00,62.150001525878906,62.284751892089844,61.599998474121094,61.88050079345703,61.58879089355469,22174000,0.0,0.0
2018-08-13 00:00:00-04:00,61.8489990234375,62.46364974975586,61.68204879760742,61.7504997253418,61.45939636230469,19946000,0.0,0.0
2018-08-14 00:00:00-04:00,61.759498596191406,62.29349899291992,61.25550079345703,62.10499954223633,61.812225341796875,26962000,0.0,0.0
2018-08-15 00:00:00-04:00,61.4630012512207,61.762001037597656,60.47549819946289,60.71900177001953,60.43276596069336,36576000,0.0,0.0
2018-08-16 00:00:00-04:00,61.23649978637695,61.29999923706055,60.127498626708984,60.324501037597656,60.04011917114258,26864000,0.0,0.0
2018-08-17 00:00:00-04:00,60.10150146484375,60.45100021362305,59.4119987487793,60.04800033569336,59.76492691040039,27792000,0.0,0.0
2018-08-20 00:00:00-04:00,60.250999450683594,60.54999923706055,59.731300354003906,60.38850021362305,60.103816986083984,17416000,0.0,0.0
2018-08-21 00:00:00-04:00,60.400001525878906,60.862998962402344,60.0177001953125,60.08100128173828,59.79777145385742,24112000,0.0,0.0
2018-08-22 00:00:00-04:00,60.0,60.59199905395508,59.95000076293945,60.36650085449219,60.08192825317383,17748000,0.0,0.0
2018-08-23 00:00:00-04:00,60.356998443603516,61.06399917602539,60.21200180053711,60.26900100708008,59.984886169433594,19852000,0.0,0.0
2018-08-24 00:00:00-04:00,60.441001892089844,61.08250045776367,60.31795120239258,61.032501220703125,60.744789123535156,18932000,0.0,0.0
2018-08-27 00:00:00-04:00,61.380001068115234,62.15449905395508,61.28580093383789,62.090999603271484,61.79829025268555,23126000,0.0,0.0
2018-08-28 00:00:00-04:00,62.06449890136719,62.12725067138672,61.43450164794922,61.557498931884766,61.267311096191406,26080000,0.0,0.0
2018-08-29 00:00:00-04:00,61.872501373291016,62.53300094604492,61.81795120239258,62.46500015258789,62.1705322265625,25978000,0.0,0.0
2018-08-30 00:00:00-04:00,62.21149826049805,62.6817512512207,61.62950134277344,61.95600128173828,61.66393280029297,26628000,0.0,0.0
2018-08-31 00:00:00-04:00,61.749000549316406,61.93299865722656,60.56425094604492,60.90950012207031,60.62236404418945,36328000,0.0,0.0
2018-09-04 00:00:00-04:00,60.2135009765625,60.64950180053711,59.625,59.849998474121094,59.5678596496582,36620000,0.0,0.0
2018-09-05 00:00:00-04:00,59.689998626708984,59.95050048828125,58.099998474121094,59.32400131225586,59.044342041015625,41226000,0.0,0.0
2018-09-06 00:00:00-04:00,59.314998626708984,59.314998626708984,57.599998474121094,58.571998596191406,58.29588317871094,37770000,0.0,0.0
2018-09-07 00:00:00-04:00,57.93349838256836,58.76300048828125,57.860748291015625,58.24150085449219,57.966941833496094,28026000,0.0,0.0
2018-09-10 00:00:00-04:00,58.609500885009766,58.72700119018555,58.00550079345703,58.231998443603516,57.95748519897461,22308000,0.0,0.0
2018-09-11 00:00:00-04:00,58.08150100708008,58.933998107910156,57.8120002746582,58.86800003051758,58.59048843383789,24186000,0.0,0.0
2018-09-12 00:00:00-04:00,58.63600158691406,58.93050003051758,57.917999267578125,58.14099884033203,57.866912841796875,25910000,0.0,0.0
2018-09-13 00:00:00-04:00,58.5369987487793,58.93050003051758,58.14250183105469,58.76649856567383,58.489463806152344,28624000,0.0,0.0
2018-09-14 00:00:00-04:00,58.95500183105469,59.0212516784668,58.416500091552734,58.62649917602539,58.350128173828125,18880000,0.0,0.0
2018-09-17 00:00:00-04:00,58.50699996948242,58.86199951171875,57.701499938964844,57.8025016784668,57.53001403808594,26130000,0.0,0.0
2018-09-18 00:00:00-04:00,57.85449981689453,58.80400085449219,57.85449981689453,58.06100082397461,57.78729248046875,24072000,0.0,0.0
2018-09-19 00:00:00-04:00,58.249000549316406,58.660499572753906,57.729000091552734,58.554500579833984,58.278465270996094,23828000,0.0,0.0
2018-09-20 00:00:00-04:00,58.9995002746582,59.49449920654297,58.667999267578125,59.34349822998047,59.063743591308594,24508000,0.0,0.0
2018-09-21 00:00:00-04:00,59.599998474121094,59.61050033569336,58.301998138427734,58.304500579833984,58.02964782714844,88112000,0.0,0.0
2018-09-24 00:00:00-04:00,57.85850143432617,58.900001525878906,57.34550094604492,58.66849899291992,58.39192199707031,25420000,0.0,0.0
2018-09-25 00:00:00-04:00,58.807498931884766,59.34400177001953,58.400001525878906,59.23249816894531,58.95326614379883,19554000,0.0,0.0
2018-09-26 00:00:00-04:00,59.25749969482422,59.71149826049805,58.738250732421875,59.02450180053711,58.746253967285156,29246000,0.0,0.0
2018-09-27 00:00:00-04:00,59.33649826049805,60.10499954223633,59.18149948120117,59.731998443603516,59.450408935546875,25216000,0.0,0.0
2018-09-28 00:00:00-04:00,59.59349822998047,59.77050018310547,59.224998474121094,59.673500061035156,59.39219284057617,27612000,0.0,0.0
2018-10-01 00:00:00-04:00,59.99449920654297,60.494998931884766,59.51499938964844,59.765499114990234,59.48375701904297,27152000,0.0,0.0
2018-10-02 00:00:00-04:00,59.54800033569336,60.49800109863281,59.33150100708008,60.00550079345703,59.72262954711914,33758000,0.0,0.0
2018-10-03 00:00:00-04:00,60.25,60.320499420166016,59.69150161743164,60.147499084472656,59.86395263671875,25124000,0.0,0.0
2018-10-04 00:00:00-04:00,59.76649856567383,59.8754997253418,57.77880096435547,58.40950012207031,58.134151458740234,44190000,0.0,0.0
2018-10-05 00:00:00-04:00,58.375,58.67499923706055,57.25600051879883,57.86750030517578,57.594703674316406,23686000,0.0,0.0
2018-10-08 00:00:00-04:00,57.50550079345703,58.400001525878906,56.36819839477539,57.44850158691406,57.177677154541016,38648000,0.0,0.0
2018-10-09 00:00:00-04:00,57.307498931884766,57.717498779296875,56.87860107421875,56.941001892089844,56.672576904296875,26174000,0.0,0.0
2018-10-10 00:00:00-04:00,56.55400085449219,56.60850143432617,54.05649948120117,54.06100082397461,53.806148529052734,53514000,0.0,0.0
2018-10-11 00:00:00-04:00,53.64699935913086,55.31999969482422,53.41350173950195,53.965999603271484,53.71159362792969,58980000,0.0,0.0
2018-10-12 00:00:00-04:00,55.400001525878906,55.75,54.320098876953125,55.50400161743164,55.242347717285156,42026000,0.0,0.0
2018-10-15 00:00:00-04:00,55.445499420166016,55.672298431396484,54.45000076293945,54.61249923706055,54.35504913330078,27448000,0.0,0.0
2018-10-16 00:00:00-04:00,55.22949981689453,56.21099853515625,55.125,56.06399917602539,55.799705505371094,38570000,0.0,0.0
2018-10-17 00:00:00-04:00,56.323001861572266,56.449501037597656,55.109500885009766,55.78450012207031,55.52152633666992,29344000,0.0,0.0
2018-10-18 00:00:00-04:00,56.09199905395508,56.09199905395508,53.85449981689453,54.39849853515625,54.14205551147461,41890000,0.0,0.0
2018-10-19 00:00:00-04:00,54.66849899291992,55.518001556396484,54.38750076293945,54.823001861572266,54.56455993652344,25352000,0.0,0.0
2018-10-22 00:00:00-04:00,55.15299987792969,55.61149978637695,54.54999923706055,55.05799865722656,54.7984504699707,30284000,0.0,0.0
2018-10-23 00:00:00-04:00,54.044498443603516,55.394500732421875,53.5,55.18450164794922,54.92435836791992,36974000,0.0,0.0
2018-10-24 00:00:00-04:00,55.212501525878906,55.305999755859375,52.4370002746582,52.535499572753906,52.287841796875,39648000,0.0,0.0
2018-10-25 00:00:00-04:00,53.589500427246094,55.54899978637695,53.477500915527344,54.778499603271484,54.520267486572266,50916000,0.0,0.0
2018-10-26 00:00:00-04:00,51.85150146484375,55.326499938964844,51.704498291015625,53.57350158691406,53.320945739746094,83752000,0.0,0.0
2018-10-29 00:00:00-04:00,54.12350082397461,54.85200119018555,49.791500091552734,51.00400161743164,50.76356506347656,77614000,0.0,0.0
2018-10-30 00:00:00-04:00,50.42300033569336,51.8745002746582,50.037498474121094,51.81050109863281,51.56625747680664,64254000,0.0,0.0
2018-10-31 00:00:00-04:00,52.990501403808594,54.59700012207031,52.849998474121094,53.8385009765625,53.58469772338867,50596000,0.0,0.0
2018-11-01 00:00:00-04:00,53.790000915527344,54.19874954223633,53.12300109863281,53.5,53.24779510498047,29640000,0.0,0.0
2018-11-02 00:00:00-04:00,53.686500549316406,54.14875030517578,52.730499267578125,52.88949966430664,52.64017105102539,36780000,0.0,0.0
2018-11-05 00:00:00-05:00,52.75,52.923500061035156,51.0620002746582,52.00450134277344,51.759342193603516,48828000,0.0,0.0
2018-11-06 00:00:00-05:00,51.9739990234375,53.21725082397461,51.903499603271484,52.79050064086914,52.54164123535156,24666000,0.0,0.0
2018-11-07 00:00:00-05:00,53.45000076293945,54.77299880981445,53.29499816894531,54.669498443603516,54.41177749633789,41168000,0.0,0.0
2018-11-08 00:00:00-05:00,54.569000244140625,54.66350173950195,53.61024856567383,54.119998931884766,53.8648681640625,29764000,0.0,0.0
2018-11-09 00:00:00-05:00,53.699501037597656,53.77799987792969,52.65549850463867,53.307498931884766,53.05620193481445,26864000,0.0,0.0
2018-11-12 00:00:00-05:00,53.06949996948242,53.10599899291992,51.54999923706055,51.93149948120117,51.686683654785156,29436000,0.0,0.0
2018-11-13 00:00:00-05:00,52.16450119018555,52.83024978637695,51.557498931884766,51.8025016784668,51.55830001831055,30274000,0.0,0.0
2018-11-14 00:00:00-05:00,52.5,52.72819900512695,51.54999923706055,52.18299865722656,51.9370002746582,31318000,0.0,0.0
2018-11-15 00:00:00-05:00,52.23550033569336,53.592498779296875,51.5890007019043,53.23550033569336,52.98453903198242,36722000,0.0,0.0
2018-11-16 00:00:00-05:00,52.97050094604492,53.349998474121094,52.44900131225586,53.074501037597656,52.82429885864258,33162000,0.0,0.0
2018-11-19 00:00:00-05:00,52.86000061035156,53.03950119018555,50.8129997253418,51.0,50.759578704833984,37172000,0.0,0.0
2018-11-20 00:00:00-05:00,50.0,51.58700180053711,49.80099868774414,51.28799819946289,51.04621887207031,48982000,0.0,0.0
2018-11-21 00:00:00-05:00,51.8380012512207,52.428001403808594,51.673500061035156,51.88050079345703,51.635929107666016,30686000,0.0,0.0
2018-11-23 00:00:00-05:00,51.5,51.87950134277344,51.11994934082031,51.194000244140625,50.95266342163086,13830000,0.0,0.0
2018-11-26 00:00:00-05:00,51.91749954223633,52.46549987792969,51.695499420166016,52.430999755859375,52.183834075927734,38856000,0.0,0.0
2018-11-27 00:00:00-05:00,52.04999923706055,52.87900161743164,51.92449951171875,52.22050094604492,51.974327087402344,36064000,0.0,0.0
2018-11-28 00:00:00-05:00,52.4379997253418,54.34199905395508,51.78799819946289,54.311500549316406,54.05546951293945,49508000,0.0,0.0
2018-11-29 00:00:00-05:00,53.80400085449219,54.712249755859375,53.79999923706055,54.415000915527344,54.15848159790039,29378000,0.0,0.0
2018-11-30 00:00:00-05:00,54.45349884033203,54.778499603271484,53.89400100708008,54.721500396728516,54.463539123535156,51604000,0.0,0.0
2018-12-03 00:00:00-05:00,56.15700149536133,56.23249816894531,55.183250427246094,55.32149887084961,55.060707092285156,39824000,0.0,0.0
2018-12-04 00:00:00-05:00,55.15599822998047,55.22100067138672,52.499000549316406,52.54100036621094,52.29331588745117,46904000,0.0,0.0
2018-12-06 00:00:00-05:00,51.7130012512207,53.560001373291016,51.53850173950195,53.436500549316406,53.184593200683594,55384000,0.0,0.0
2018-12-07 00:00:00-05:00,53.0004997253418,53.76300048828125,51.42499923706055,51.82899856567383,51.58467102050781,42024000,0.0,0.0
2018-12-10 00:00:00-05:00,51.752498626708984,52.42250061035156,51.16450119018555,51.977500915527344,51.73247146606445,36154000,0.0,0.0
2018-12-11 00:00:00-05:00,52.824501037597656,53.029998779296875,51.992000579833984,52.587501525878906,52.339595794677734,27894000,0.0,0.0
2018-12-12 00:00:00-05:00,53.400001525878906,54.08250045776367,53.13949966430664,53.183998107910156,52.933284759521484,30476000,0.0,0.0
2018-12-13 00:00:00-05:00,53.403499603271484,53.987998962402344,52.69649887084961,53.095001220703125,52.844703674316406,26596000,0.0,0.0
2018-12-14 00:00:00-05:00,52.499000549316406,53.130001068115234,52.03950119018555,52.10499954223633,51.85936737060547,33732000,0.0,0.0
2018-12-17 00:00:00-05:00,51.8754997253418,52.657501220703125,50.39500045776367,50.826499938964844,50.58689498901367,47708000,0.0,0.0
2018-12-18 00:00:00-05:00,51.304500579833984,52.4739990234375,51.071998596191406,51.43550109863281,51.193023681640625,43850000,0.0,0.0
2018-12-19 00:00:00-05:00,51.699501037597656,53.099998474121094,50.40250015258789,51.1505012512207,50.90937042236328,49586000,0.0,0.0
2018-12-20 00:00:00-05:00,50.90650177001953,51.71099853515625,49.81800079345703,50.47050094604492,50.232574462890625,53470000,0.0,0.0
2018-12-21 00:00:00-05:00,50.76499938964844,51.20100021362305,48.68450164794922,48.97700119018555,48.74612045288086,91920000,0.0,0.0
2018-12-24 00:00:00-05:00,48.69499969482422,50.176998138427734,48.50550079345703,48.81100082397461,48.58089828491211,31806000,0.0,0.0
2018-12-26 00:00:00-05:00,49.45050048828125,52.0,49.150001525878906,51.972999572753906,51.72799301147461,47466000,0.0,0.0
2018-12-27 00:00:00-05:00,50.85749816894531,52.19449996948242,49.849998474121094,52.194000244140625,51.94795227050781,42196000,0.0,0.0
2018-12-28 00:00:00-05:00,52.48099899291992,52.77799987792969,51.654998779296875,51.854000091552734,51.60955047607422,28296000,0.0,0.0
2018-12-31 00:00:00-05:00,52.54800033569336,52.6349983215332,51.179500579833984,51.78049850463867,51.53639602661133,29866000,0.0,0.0
