Date,Open,High,Low,Close,Adj Close,Volume,Dividends,Stock Splits
2014-01-02 00:00:00-05:00,25.780000686645508,25.81999969482422,25.469999313354492,25.790000915527344,19.178791046142578,31833300,0.0,0.0
2014-01-03 00:00:00-05:00,25.860000610351562,25.899999618530273,25.600000381469727,25.780000686645508,19.17136001586914,27796700,0.0,0.0
2014-01-06 00:00:00-05:00,25.770000457763672,25.790000915527344,25.450000762939453,25.459999084472656,18.933385848999023,28682300,0.0,0.0
2014-01-07 00:00:00-05:00,25.540000915527344,25.729999542236328,25.469999313354492,25.59000015258789,19.030059814453125,19665100,0.0,0.0
2014-01-08 00:00:00-05:00,25.639999389648438,25.709999084472656,25.299999237060547,25.43000030517578,18.911075592041016,29680500,0.0,0.0
2014-01-09 00:00:00-05:00,25.420000076293945,25.549999237060547,25.25,25.309999465942383,18.82184600830078,20878000,0.0,0.0
2014-01-10 00:00:00-05:00,25.5,25.850000381469727,25.5,25.530000686645508,18.98544692993164,30588800,0.0,0.0
2014-01-13 00:00:00-05:00,25.6299991607666,25.989999771118164,25.420000076293945,25.5,18.963130950927734,40274500,0.0,0.0
2014-01-14 00:00:00-05:00,26.010000228881836,26.549999237060547,25.899999618530273,26.510000228881836,19.714216232299805,74142900,0.0,0.0
2014-01-15 00:00:00-05:00,26.719999313354492,27.1200008392334,26.610000610351562,26.670000076293945,19.833206176757812,58277700,0.0,0.0
2014-01-16 00:00:00-05:00,26.639999389648438,26.739999771118164,26.329999923706055,26.540000915527344,19.73653221130371,48960800,0.0,0.0
2014-01-17 00:00:00-05:00,25.360000610351562,25.860000610351562,25.25,25.850000381469727,19.223411560058594,111758900,0.0,0.0
2014-01-21 00:00:00-05:00,25.790000915527344,25.799999237060547,25.270000457763672,25.59000015258789,19.030059814453125,42286400,0.0,0.0
2014-01-22 00:00:00-05:00,25.389999389648438,25.540000915527344,25.149999618530273,25.309999465942383,18.82184600830078,48749900,0.0,0.0
2014-01-23 00:00:00-05:00,25.170000076293945,25.25,24.899999618530273,25.1299991607666,18.68798065185547,40241000,0.0,0.0
2014-01-24 00:00:00-05:00,24.8799991607666,25.190000534057617,24.790000915527344,24.809999465942383,18.450014114379883,34838700,0.0,0.0
2014-01-27 00:00:00-05:00,24.770000457763672,24.989999771118164,24.65999984741211,24.719999313354492,18.38308334350586,32564900,0.0,0.0
2014-01-28 00:00:00-05:00,24.709999084472656,25.049999237060547,24.56999969482422,24.899999618530273,18.516937255859375,32453800,0.0,0.0
2014-01-29 00:00:00-05:00,24.75,24.959999084472656,24.6299991607666,24.68000030517578,18.35334014892578,27145700,0.0,0.0
2014-01-30 00:00:00-05:00,24.75,24.889999389648438,24.540000915527344,24.739999771118164,18.39795684814453,24610100,0.0,0.0
2014-01-31 00:00:00-05:00,24.450000762939453,24.649999618530273,24.399999618530273,24.540000915527344,18.24922752380371,28623300,0.0,0.0
2014-02-03 00:00:00-05:00,24.5,24.510000228881836,23.889999389648438,23.950000762939453,17.810466766357422,52868200,0.0,0.0
2014-02-04 00:00:00-05:00,23.989999771118164,24.040000915527344,23.579999923706055,23.81999969482422,17.713794708251953,50816300,0.0,0.0
2014-02-05 00:00:00-05:00,23.700000762939453,23.760000228881836,23.5,23.520000457763672,17.657493591308594,32476200,0.225,0.0
2014-02-06 00:00:00-05:00,23.600000381469727,24.079999923706055,23.549999237060547,23.989999771118164,18.01034164428711,28008400,0.0,0.0
2014-02-07 00:00:00-05:00,24.200000762939453,24.260000228881836,23.770000457763672,24.209999084472656,18.175504684448242,30808400,0.0,0.0
2014-02-10 00:00:00-05:00,24.110000610351562,24.3700008392334,24.059999465942383,24.290000915527344,18.235567092895508,24571300,0.0,0.0
2014-02-11 00:00:00-05:00,24.350000381469727,24.520000457763672,24.329999923706055,24.469999313354492,18.37070083618164,17911700,0.0,0.0
2014-02-12 00:00:00-05:00,24.510000228881836,24.690000534057617,24.3700008392334,24.549999237060547,18.430753707885742,25874100,0.0,0.0
2014-02-13 00:00:00-05:00,24.43000030517578,24.739999771118164,24.309999465942383,24.700000762939453,18.543371200561523,22922000,0.0,0.0
2014-02-14 00:00:00-05:00,24.579999923706055,24.760000228881836,24.40999984741211,24.760000228881836,18.588415145874023,20539700,0.0,0.0
2014-02-18 00:00:00-05:00,24.670000076293945,24.780000686645508,24.549999237060547,24.760000228881836,18.588415145874023,17738100,0.0,0.0
2014-02-19 00:00:00-05:00,24.649999618530273,24.719999313354492,24.420000076293945,24.5,18.393218994140625,25686000,0.0,0.0
2014-02-20 00:00:00-05:00,24.540000915527344,24.850000381469727,24.5,24.739999771118164,18.57339859008789,20193800,0.0,0.0
2014-02-21 00:00:00-05:00,24.950000762939453,24.959999084472656,24.350000381469727,24.420000076293945,18.333158493041992,30579800,0.0,0.0
2014-02-24 00:00:00-05:00,24.510000228881836,24.8799991607666,24.40999984741211,24.6299991607666,18.490821838378906,24145500,0.0,0.0
2014-02-25 00:00:00-05:00,24.670000076293945,24.709999084472656,24.459999084472656,24.6200008392334,18.483308792114258,21539100,0.0,0.0
2014-02-26 00:00:00-05:00,24.739999771118164,24.979999542236328,24.610000610351562,24.799999237060547,18.61844253540039,19820200,0.0,0.0
2014-02-27 00:00:00-05:00,24.799999237060547,24.799999237060547,24.510000228881836,24.760000228881836,18.588415145874023,20863900,0.0,0.0
2014-02-28 00:00:00-05:00,24.790000915527344,24.850000381469727,24.56999969482422,24.760000228881836,18.588415145874023,23482700,0.0,0.0
2014-03-03 00:00:00-05:00,24.549999237060547,24.59000015258789,24.299999237060547,24.5,18.393218994140625,25728500,0.0,0.0
2014-03-04 00:00:00-05:00,24.719999313354492,24.780000686645508,24.5,24.610000610351562,18.47580337524414,23661200,0.0,0.0
2014-03-05 00:00:00-05:00,24.700000762939453,24.709999084472656,24.399999618530273,24.5,18.393218994140625,21036200,0.0,0.0
2014-03-06 00:00:00-05:00,24.56999969482422,24.649999618530273,24.3799991607666,24.6299991607666,18.490821838378906,22371700,0.0,0.0
2014-03-07 00:00:00-05:00,24.700000762939453,24.850000381469727,24.56999969482422,24.639999389648438,18.498321533203125,25373400,0.0,0.0
2014-03-10 00:00:00-04:00,24.610000610351562,24.889999389648438,24.579999923706055,24.84000015258789,18.64847183227539,24908100,0.0,0.0
2014-03-11 00:00:00-04:00,24.780000686645508,24.850000381469727,24.610000610351562,24.729999542236328,18.565887451171875,26656800,0.0,0.0
2014-03-12 00:00:00-04:00,24.649999618530273,24.8799991607666,24.610000610351562,24.760000228881836,18.588415145874023,21244800,0.0,0.0
2014-03-13 00:00:00-04:00,24.799999237060547,25.0,24.43000030517578,24.56999969482422,18.445775985717773,26243300,0.0,0.0
2014-03-14 00:00:00-04:00,24.479999542236328,24.649999618530273,24.399999618530273,24.5,18.393218994140625,21807200,0.0,0.0
2014-03-17 00:00:00-04:00,24.639999389648438,24.81999969482422,24.489999771118164,24.700000762939453,18.543371200561523,18525800,0.0,0.0
2014-03-18 00:00:00-04:00,24.68000030517578,24.899999618530273,24.549999237060547,24.81999969482422,18.633460998535156,26344000,0.0,0.0
2014-03-19 00:00:00-04:00,24.850000381469727,25.25,24.770000457763672,25.020000457763672,18.783607482910156,34229400,0.0,0.0
2014-03-20 00:00:00-04:00,25.0,25.59000015258789,24.940000534057617,25.43000030517578,19.091411590576172,37009100,0.0,0.0
2014-03-21 00:00:00-04:00,25.610000610351562,25.68000030517578,25.15999984741211,25.170000076293945,18.896224975585938,56861900,0.0,0.0
2014-03-24 00:00:00-04:00,25.209999084472656,25.3799991607666,24.920000076293945,25.1200008392334,18.858686447143555,36950600,0.0,0.0
2014-03-25 00:00:00-04:00,25.190000534057617,25.670000076293945,25.170000076293945,25.459999084472656,19.11393928527832,32317400,0.0,0.0
2014-03-26 00:00:00-04:00,25.59000015258789,25.739999771118164,25.31999969482422,25.3799991607666,19.053874969482422,26442800,0.0,0.0
2014-03-27 00:00:00-04:00,25.360000610351562,25.75,25.290000915527344,25.309999465942383,19.001327514648438,27201100,0.0,0.0
2014-03-28 00:00:00-04:00,25.40999984741211,25.809999465942383,25.31999969482422,25.6200008392334,19.23404312133789,22884500,0.0,0.0
2014-03-31 00:00:00-04:00,25.649999618530273,26.059999465942383,25.6200008392334,25.809999465942383,19.376697540283203,29336300,0.0,0.0
2014-04-01 00:00:00-04:00,25.799999237060547,26.0,25.639999389648438,25.989999771118164,19.511829376220703,23778700,0.0,0.0
2014-04-02 00:00:00-04:00,25.959999084472656,26.049999237060547,25.639999389648438,25.889999389648438,19.436758041381836,22464700,0.0,0.0
2014-04-03 00:00:00-04:00,26.149999618530273,26.459999084472656,26.139999389648438,26.40999984741211,19.82714080810547,38581300,0.0,0.0
2014-04-04 00:00:00-04:00,26.489999771118164,26.729999542236328,26.110000610351562,26.15999984741211,19.63945960998535,47918000,0.0,0.0
2014-04-07 00:00:00-04:00,26.299999237060547,26.739999771118164,26.200000762939453,26.489999771118164,19.887203216552734,49813500,0.0,0.0
2014-04-08 00:00:00-04:00,26.360000610351562,26.979999542236328,26.350000381469727,26.90999984741211,20.202512741088867,56699500,0.0,0.0
2014-04-09 00:00:00-04:00,26.93000030517578,27.020000457763672,26.729999542236328,26.979999542236328,20.255069732666016,34481800,0.0,0.0
2014-04-10 00:00:00-04:00,27.010000228881836,27.09000015258789,26.360000610351562,26.43000030517578,19.8421630859375,40478200,0.0,0.0
2014-04-11 00:00:00-04:00,26.270000457763672,26.59000015258789,26.170000076293945,26.18000030517578,19.654470443725586,36121100,0.0,0.0
2014-04-14 00:00:00-04:00,26.309999465942383,26.649999618530273,26.139999389648438,26.559999465942383,19.939756393432617,26957900,0.0,0.0
2014-04-15 00:00:00-04:00,26.510000228881836,26.829999923706055,26.360000610351562,26.770000457763672,20.097408294677734,45074400,0.0,0.0
2014-04-16 00:00:00-04:00,26.979999542236328,27.239999771118164,26.600000381469727,26.93000030517578,20.217533111572266,59033600,0.0,0.0
2014-04-17 00:00:00-04:00,26.8799991607666,27.15999984741211,26.790000915527344,27.040000915527344,20.300113677978516,38108500,0.0,0.0
2014-04-21 00:00:00-04:00,27.049999237060547,27.049999237060547,26.729999542236328,26.950000762939453,20.232540130615234,20398600,0.0,0.0
2014-04-22 00:00:00-04:00,26.90999984741211,26.979999542236328,26.65999984741211,26.84000015258789,20.149961471557617,29601600,0.0,0.0
2014-04-23 00:00:00-04:00,26.799999237060547,26.969999313354492,26.719999313354492,26.75,20.082399368286133,25574300,0.0,0.0
2014-04-24 00:00:00-04:00,26.809999465942383,26.959999084472656,26.639999389648438,26.75,20.082399368286133,25432800,0.0,0.0
2014-04-25 00:00:00-04:00,26.649999618530273,26.719999313354492,26.190000534057617,26.260000228881836,19.714529037475586,33614400,0.0,0.0
2014-04-28 00:00:00-04:00,26.170000076293945,26.389999389648438,26.010000228881836,26.329999923706055,19.76708221435547,33472800,0.0,0.0
2014-04-29 00:00:00-04:00,26.360000610351562,26.65999984741211,26.350000381469727,26.479999542236328,19.879695892333984,22146000,0.0,0.0
2014-04-30 00:00:00-04:00,26.31999969482422,26.700000762939453,26.219999313354492,26.690000534057617,20.037349700927734,25863900,0.0,0.0
2014-05-01 00:00:00-04:00,26.510000228881836,26.670000076293945,26.389999389648438,26.450000762939453,19.8571720123291,19755200,0.0,0.0
2014-05-02 00:00:00-04:00,26.559999465942383,26.639999389648438,26.399999618530273,26.40999984741211,19.82714080810547,24235200,0.0,0.0
2014-05-05 00:00:00-04:00,26.15999984741211,26.260000228881836,25.989999771118164,26.170000076293945,19.81578254699707,20738900,0.225,0.0
2014-05-06 00:00:00-04:00,26.15999984741211,26.3799991607666,26.0,26.200000762939453,19.8385066986084,21818000,0.0,0.0
2014-05-07 00:00:00-04:00,26.260000228881836,26.450000762939453,26.219999313354492,26.3700008392334,19.96721839904785,24692800,0.0,0.0
2014-05-08 00:00:00-04:00,26.31999969482422,26.530000686645508,26.219999313354492,26.34000015258789,19.944509506225586,24166900,0.0,0.0
2014-05-09 00:00:00-04:00,26.3700008392334,26.40999984741211,26.219999313354492,26.299999237060547,19.914220809936523,20324400,0.0,0.0
2014-05-12 00:00:00-04:00,26.40999984741211,26.540000915527344,26.299999237060547,26.3700008392334,19.96721839904785,20607800,0.0,0.0
2014-05-13 00:00:00-04:00,26.489999771118164,26.540000915527344,26.329999923706055,26.450000762939453,20.027795791625977,20525000,0.0,0.0
2014-05-14 00:00:00-04:00,26.489999771118164,26.520000457763672,26.329999923706055,26.329999923706055,19.936939239501953,17811900,0.0,0.0
2014-05-15 00:00:00-04:00,26.329999923706055,26.5,26.010000228881836,26.010000228881836,19.694629669189453,31752700,0.0,0.0
2014-05-16 00:00:00-04:00,26.049999237060547,26.06999969482422,25.739999771118164,25.81999969482422,19.550765991210938,30017200,0.0,0.0
2014-05-19 00:00:00-04:00,25.75,26.09000015258789,25.75,26.040000915527344,19.717348098754883,22679600,0.0,0.0
2014-05-20 00:00:00-04:00,26.020000457763672,26.170000076293945,25.8799991607666,26.040000915527344,19.717348098754883,22292600,0.0,0.0
2014-05-21 00:00:00-04:00,26.100000381469727,26.25,26.0,26.200000762939453,19.8385066986084,18721300,0.0,0.0
2014-05-22 00:00:00-04:00,26.209999084472656,26.270000457763672,26.079999923706055,26.149999618530273,19.800643920898438,15926500,0.0,0.0
2014-05-23 00:00:00-04:00,26.149999618530273,26.299999237060547,26.139999389648438,26.290000915527344,19.906646728515625,17172200,0.0,0.0
2014-05-27 00:00:00-04:00,26.329999923706055,26.739999771118164,26.18000030517578,26.709999084472656,20.224666595458984,27271900,0.0,0.0
2014-05-28 00:00:00-04:00,26.700000762939453,26.940000534057617,26.65999984741211,26.8799991607666,20.353391647338867,27150100,0.0,0.0
2014-05-29 00:00:00-04:00,26.90999984741211,26.959999084472656,26.719999313354492,26.959999084472656,20.413970947265625,20638900,0.0,0.0
2014-05-30 00:00:00-04:00,26.940000534057617,27.31999969482422,26.93000030517578,27.31999969482422,20.686559677124023,43641000,0.0,0.0
2014-06-02 00:00:00-04:00,27.309999465942383,27.350000381469727,27.1200008392334,27.260000228881836,20.64112663269043,20264900,0.0,0.0
2014-06-03 00:00:00-04:00,27.219999313354492,27.700000762939453,27.1200008392334,27.65999984741211,20.94400405883789,33256300,0.0,0.0
2014-06-04 00:00:00-04:00,27.510000228881836,27.760000228881836,27.5,27.600000381469727,20.898574829101562,21612500,0.0,0.0
2014-06-05 00:00:00-04:00,27.559999465942383,27.65999984741211,27.43000030517578,27.65999984741211,20.94400405883789,26546200,0.0,0.0
2014-06-06 00:00:00-04:00,27.780000686645508,28.209999084472656,27.729999542236328,28.170000076293945,21.330171585083008,34795600,0.0,0.0
2014-06-09 00:00:00-04:00,28.100000381469727,28.420000076293945,27.829999923706055,27.90999984741211,21.133304595947266,39933000,0.0,0.0
2014-06-10 00:00:00-04:00,27.850000381469727,28.329999923706055,27.719999313354492,28.239999771118164,21.3831787109375,34256900,0.0,0.0
2014-06-11 00:00:00-04:00,28.139999389648438,28.209999084472656,27.799999237060547,27.93000030517578,21.148447036743164,27747700,0.0,0.0
2014-06-12 00:00:00-04:00,27.860000610351562,28.100000381469727,27.770000457763672,27.959999084472656,21.17116355895996,31211400,0.0,0.0
2014-06-13 00:00:00-04:00,29.75,30.059999465942383,29.559999465942383,29.8700008392334,22.61741065979004,122194300,0.0,0.0
2014-06-16 00:00:00-04:00,29.719999313354492,30.149999618530273,29.670000076293945,30.010000228881836,22.72340965270996,36407800,0.0,0.0
2014-06-17 00:00:00-04:00,29.8799991607666,30.100000381469727,29.84000015258789,29.950000762939453,22.677982330322266,28440600,0.0,0.0
2014-06-18 00:00:00-04:00,29.8799991607666,29.979999542236328,29.670000076293945,29.93000030517578,22.662837982177734,34412300,0.0,0.0
2014-06-19 00:00:00-04:00,29.969999313354492,30.09000015258789,29.889999389648438,30.09000015258789,22.78398895263672,27166600,0.0,0.0
2014-06-20 00:00:00-04:00,30.06999969482422,30.200000762939453,30.030000686645508,30.200000762939453,22.86728286743164,39826400,0.0,0.0
2014-06-23 00:00:00-04:00,30.100000381469727,30.309999465942383,29.850000381469727,30.229999542236328,22.889995574951172,26528900,0.0,0.0
2014-06-24 00:00:00-04:00,30.15999984741211,30.829999923706055,30.09000015258789,30.5,23.094440460205078,53397600,0.0,0.0
2014-06-25 00:00:00-04:00,30.479999542236328,31.0,30.450000762939453,30.8799991607666,23.38216781616211,44293300,0.0,0.0
2014-06-26 00:00:00-04:00,30.809999465942383,30.899999618530273,30.610000610351562,30.780000686645508,23.30645179748535,26722300,0.0,0.0
2014-06-27 00:00:00-04:00,30.8700008392334,31.0,30.700000762939453,30.93000030517578,23.420026779174805,30776300,0.0,0.0
2014-06-30 00:00:00-04:00,30.8700008392334,31.0,30.65999984741211,30.899999618530273,23.39731788635254,21558400,0.0,0.0
2014-07-01 00:00:00-04:00,30.989999771118164,31.09000015258789,30.8700008392334,30.979999542236328,23.457887649536133,28240000,0.0,0.0
2014-07-02 00:00:00-04:00,30.989999771118164,31.049999237060547,30.799999237060547,30.979999542236328,23.457887649536133,16831200,0.0,0.0
2014-07-03 00:00:00-04:00,31.079999923706055,31.360000610351562,31.020000457763672,31.139999389648438,23.579042434692383,20437600,0.0,0.0
2014-07-07 00:00:00-04:00,31.09000015258789,31.200000762939453,30.920000076293945,31.030000686645508,23.495750427246094,22233400,0.0,0.0
2014-07-08 00:00:00-04:00,31.0,31.079999923706055,30.700000762939453,30.790000915527344,23.31402587890625,37608700,0.0,0.0
2014-07-09 00:00:00-04:00,30.84000015258789,30.979999542236328,30.690000534057617,30.889999389648438,23.389745712280273,28302400,0.0,0.0
2014-07-10 00:00:00-04:00,30.600000381469727,31.329999923706055,30.440000534057617,31.260000228881836,23.669906616210938,32455100,0.0,0.0
2014-07-11 00:00:00-04:00,31.260000228881836,31.450000762939453,31.040000915527344,31.25,23.66233253479004,20045000,0.0,0.0
2014-07-14 00:00:00-04:00,31.40999984741211,31.579999923706055,31.34000015258789,31.489999771118164,23.84406280517578,24244600,0.0,0.0
2014-07-15 00:00:00-04:00,31.579999923706055,31.799999237060547,31.15999984741211,31.709999084472656,24.01064109802246,61006100,0.0,0.0
2014-07-16 00:00:00-04:00,33.310001373291016,34.7400016784668,33.209999084472656,34.650001525878906,26.236801147460938,135834600,0.0,0.0
2014-07-17 00:00:00-04:00,34.20000076293945,34.36000061035156,33.630001068115234,33.70000076293945,25.5174560546875,70591100,0.0,0.0
2014-07-18 00:00:00-04:00,33.79999923706055,33.84000015258789,33.38999938964844,33.70000076293945,25.5174560546875,46528800,0.0,0.0
2014-07-21 00:00:00-04:00,33.54999923706055,34.22999954223633,33.540000915527344,34.060001373291016,25.790050506591797,32097200,0.0,0.0
2014-07-22 00:00:00-04:00,34.15999984741211,34.83000183105469,34.06999969482422,34.790000915527344,26.34280014038086,42915100,0.0,0.0
2014-07-23 00:00:00-04:00,34.68000030517578,34.709999084472656,34.29999923706055,34.5,26.123212814331055,26077000,0.0,0.0
2014-07-24 00:00:00-04:00,34.380001068115234,34.66999816894531,34.099998474121094,34.25,25.93391990661621,33180400,0.0,0.0
2014-07-25 00:00:00-04:00,34.150001525878906,34.369998931884766,33.93000030517578,34.25,25.93391990661621,31614000,0.0,0.0
2014-07-28 00:00:00-04:00,34.22999954223633,34.31999969482422,33.880001068115234,34.22999954223633,25.918771743774414,30972200,0.0,0.0
2014-07-29 00:00:00-04:00,34.27000045776367,34.369998931884766,34.09000015258789,34.189998626708984,25.88848114013672,26141700,0.0,0.0
2014-07-30 00:00:00-04:00,34.310001373291016,34.56999969482422,34.040000915527344,34.349998474121094,26.00963592529297,32782800,0.0,0.0
2014-07-31 00:00:00-04:00,34.09000015258789,34.25,33.810001373291016,33.88999938964844,25.661327362060547,35431200,0.0,0.0
2014-08-01 00:00:00-04:00,33.75,34.029998779296875,33.61000061035156,33.7400016784668,25.547752380371094,33472400,0.0,0.0
2014-08-04 00:00:00-04:00,33.790000915527344,34.09000015258789,33.54999923706055,34.04999923706055,25.7824764251709,27250100,0.0,0.0
2014-08-05 00:00:00-04:00,33.7599983215332,33.779998779296875,32.599998474121094,32.81999969482422,25.016441345214844,49845100,0.225,0.0
2014-08-06 00:00:00-04:00,32.599998474121094,33.189998626708984,32.38999938964844,32.849998474121094,25.03929901123047,27923900,0.0,0.0
2014-08-07 00:00:00-04:00,32.93000030517578,33.150001525878906,32.540000915527344,32.68000030517578,24.90972328186035,27820100,0.0,0.0
2014-08-08 00:00:00-04:00,32.779998779296875,33.0,32.540000915527344,32.599998474121094,24.848751068115234,35484000,0.0,0.0
2014-08-11 00:00:00-04:00,32.81999969482422,33.2400016784668,32.810001373291016,33.02000045776367,25.168882369995117,27718600,0.0,0.0
2014-08-12 00:00:00-04:00,32.90999984741211,33.150001525878906,32.68000030517578,33.130001068115234,25.252723693847656,24805600,0.0,0.0
2014-08-13 00:00:00-04:00,33.2400016784668,34.150001525878906,33.22999954223633,34.099998474121094,25.992084503173828,36291000,0.0,0.0
2014-08-14 00:00:00-04:00,34.04999923706055,34.22999954223633,33.7400016784668,33.939998626708984,25.870128631591797,25458000,0.0,0.0
2014-08-15 00:00:00-04:00,34.099998474121094,34.209999084472656,33.709999084472656,34.16999816894531,26.045440673828125,28577600,0.0,0.0
2014-08-18 00:00:00-04:00,34.2599983215332,34.470001220703125,33.97999954223633,34.40999984741211,26.228384017944336,27232200,0.0,0.0
2014-08-19 00:00:00-04:00,34.5,34.5,34.25,34.34000015258789,26.175024032592773,29281900,0.0,0.0
2014-08-20 00:00:00-04:00,34.22999954223633,34.5099983215332,34.18000030517578,34.5,26.296987533569336,27140300,0.0,0.0
2014-08-21 00:00:00-04:00,34.459999084472656,35.189998626708984,34.45000076293945,35.150001525878906,26.792436599731445,37164900,0.0,0.0
2014-08-22 00:00:00-04:00,35.20000076293945,35.20000076293945,34.90999984741211,34.939998626708984,26.632369995117188,21196700,0.0,0.0
2014-08-25 00:00:00-04:00,35.09000015258789,35.150001525878906,34.650001525878906,34.810001373291016,26.533273696899414,18614500,0.0,0.0
2014-08-26 00:00:00-04:00,34.790000915527344,35.04999923706055,34.689998626708984,34.79999923706055,26.52564811706543,19664700,0.0,0.0
2014-08-27 00:00:00-04:00,34.88999938964844,34.939998626708984,34.630001068115234,34.790000915527344,26.518033981323242,17168900,0.0,0.0
2014-08-28 00:00:00-04:00,34.61000061035156,34.810001373291016,34.61000061035156,34.650001525878906,26.411327362060547,18908900,0.0,0.0
2014-08-29 00:00:00-04:00,34.810001373291016,34.939998626708984,34.66999816894531,34.91999816894531,26.61711883544922,32302800,0.0,0.0
2014-09-02 00:00:00-04:00,34.7599983215332,34.90999984741211,34.43000030517578,34.56999969482422,26.350343704223633,32094800,0.0,0.0
2014-09-03 00:00:00-04:00,34.81999969482422,34.880001068115234,34.45000076293945,34.56999969482422,26.350343704223633,26668800,0.0,0.0
2014-09-04 00:00:00-04:00,34.529998779296875,35.09000015258789,34.52000045776367,34.90999984741211,26.6095027923584,27632400,0.0,0.0
2014-09-05 00:00:00-04:00,34.91999816894531,35.119998931884766,34.83000183105469,35.0,26.6780948638916,20841900,0.0,0.0
2014-09-08 00:00:00-04:00,34.959999084472656,35.560001373291016,34.880001068115234,35.33000183105469,26.929637908935547,24859600,0.0,0.0
2014-09-09 00:00:00-04:00,35.290000915527344,35.290000915527344,34.849998474121094,34.90999984741211,26.6095027923584,22333100,0.0,0.0
2014-09-10 00:00:00-04:00,34.849998474121094,35.130001068115234,34.66999816894531,35.02000045776367,26.69334602355957,19964200,0.0,0.0
2014-09-11 00:00:00-04:00,34.790000915527344,35.02000045776367,34.529998779296875,35.02000045776367,26.69334602355957,21949000,0.0,0.0
2014-09-12 00:00:00-04:00,34.900001525878906,34.90999984741211,34.5,34.619998931884766,26.388442993164062,26732600,0.0,0.0
2014-09-15 00:00:00-04:00,34.709999084472656,34.77000045776367,34.22999954223633,34.540000915527344,26.327472686767578,22438000,0.0,0.0
2014-09-16 00:00:00-04:00,34.470001220703125,35.08000183105469,34.470001220703125,34.93000030517578,26.624744415283203,20875700,0.0,0.0
2014-09-17 00:00:00-04:00,34.90999984741211,35.20000076293945,34.7400016784668,34.97999954223633,26.662853240966797,26278900,0.0,0.0
2014-09-18 00:00:00-04:00,35.119998931884766,35.16999816894531,34.86000061035156,35.16999816894531,26.80767250061035,23809600,0.0,0.0
2014-09-19 00:00:00-04:00,35.15999984741211,35.220001220703125,34.81999969482422,34.81999969482422,26.54090690612793,46851900,0.0,0.0
2014-09-22 00:00:00-04:00,34.779998779296875,35.029998779296875,34.54999923706055,34.709999084472656,26.457054138183594,25447700,0.0,0.0
2014-09-23 00:00:00-04:00,34.709999084472656,34.709999084472656,34.380001068115234,34.41999816894531,26.23600959777832,25690700,0.0,0.0
2014-09-24 00:00:00-04:00,34.400001525878906,34.849998474121094,34.369998931884766,34.75,26.4875431060791,18829000,0.0,0.0
2014-09-25 00:00:00-04:00,34.68000030517578,34.790000915527344,33.880001068115234,34.13999938964844,26.022573471069336,34639700,0.0,0.0
2014-09-26 00:00:00-04:00,34.2599983215332,34.36000061035156,33.630001068115234,34.2599983215332,26.114049911499023,25882300,0.0,0.0
2014-09-29 00:00:00-04:00,34.060001373291016,34.9900016784668,33.939998626708984,34.900001525878906,26.601871490478516,29003100,0.0,0.0
2014-09-30 00:00:00-04:00,34.900001525878906,35.0,34.40999984741211,34.81999969482422,26.54090690612793,35274600,0.0,0.0
2014-10-01 00:00:00-04:00,34.61000061035156,34.779998779296875,33.84000015258789,33.9900016784668,25.90825080871582,35086600,0.0,0.0
2014-10-02 00:00:00-04:00,33.959999084472656,34.0,33.2599983215332,33.52000045776367,25.550004959106445,32910800,0.0,0.0
2014-10-03 00:00:00-04:00,33.65999984741211,34.18000030517578,33.470001220703125,34.029998779296875,25.938739776611328,25834600,0.0,0.0
2014-10-06 00:00:00-04:00,34.150001525878906,34.47999954223633,33.869998931884766,34.11000061035156,25.999713897705078,24321100,0.0,0.0
2014-10-07 00:00:00-04:00,34.040000915527344,34.04999923706055,33.41999816894531,33.470001220703125,25.51188850402832,25972100,0.0,0.0
2014-10-08 00:00:00-04:00,33.4900016784668,34.369998931884766,33.13999938964844,34.27000045776367,26.121673583984375,34960600,0.0,0.0
2014-10-09 00:00:00-04:00,34.150001525878906,34.43000030517578,33.58000183105469,33.619998931884766,25.626222610473633,28185700,0.0,0.0
2014-10-10 00:00:00-04:00,32.619998931884766,32.86000061035156,30.5,31.90999984741211,24.322799682617188,80917600,0.0,0.0
2014-10-13 00:00:00-04:00,31.719999313354492,32.369998931884766,31.469999313354492,31.469999313354492,23.987422943115234,42110200,0.0,0.0
2014-10-14 00:00:00-04:00,31.989999771118164,32.66999816894531,31.709999084472656,32.13999938964844,24.498119354248047,68671000,0.0,0.0
2014-10-15 00:00:00-04:00,30.540000915527344,31.649999618530273,29.649999618530273,31.280000686645508,23.842599868774414,92305200,0.0,0.0
2014-10-16 00:00:00-04:00,30.889999389648438,31.510000228881836,30.75,30.850000381469727,23.514842987060547,47787400,0.0,0.0
2014-10-17 00:00:00-04:00,31.200000762939453,31.709999084472656,30.969999313354492,31.3799991607666,23.918819427490234,37504500,0.0,0.0
2014-10-20 00:00:00-04:00,31.040000915527344,31.700000762939453,30.899999618530273,31.579999923706055,24.07126808166504,30523700,0.0,0.0
2014-10-21 00:00:00-04:00,31.670000076293945,32.619998931884766,31.579999923706055,32.61000061035156,24.856365203857422,33278400,0.0,0.0
2014-10-22 00:00:00-04:00,32.65999984741211,32.869998931884766,32.220001220703125,32.27000045776367,24.597206115722656,26725600,0.0,0.0
2014-10-23 00:00:00-04:00,32.720001220703125,32.90999984741211,32.599998474121094,32.689998626708984,24.917339324951172,22254900,0.0,0.0
2014-10-24 00:00:00-04:00,32.720001220703125,33.33000183105469,32.56999969482422,33.18000030517578,25.29084014892578,27814300,0.0,0.0
2014-10-27 00:00:00-04:00,33.08000183105469,33.29999923706055,32.77000045776367,33.20000076293945,25.306081771850586,23751900,0.0,0.0
2014-10-28 00:00:00-04:00,33.22999954223633,33.75,33.22999954223633,33.7400016784668,25.71769142150879,21857800,0.0,0.0
2014-10-29 00:00:00-04:00,33.7599983215332,33.970001220703125,33.5099983215332,33.91999816894531,25.854888916015625,24615200,0.0,0.0
2014-10-30 00:00:00-04:00,33.58000183105469,33.61000061035156,32.400001525878906,32.58000183105469,24.833505630493164,55217900,0.0,0.0
2014-10-31 00:00:00-04:00,33.7400016784668,34.0099983215332,32.630001068115234,34.0099983215332,25.923494338989258,52089700,0.0,0.0
2014-11-03 00:00:00-05:00,33.810001373291016,34.47999954223633,33.790000915527344,34.310001373291016,26.15216064453125,28703600,0.0,0.0
2014-11-04 00:00:00-05:00,34.25,34.779998779296875,34.209999084472656,34.540000915527344,26.327472686767578,34695900,0.0,0.0
2014-11-05 00:00:00-05:00,34.04999923706055,34.099998474121094,33.599998474121094,33.7599983215332,25.901657104492188,34705500,0.225,0.0
2014-11-06 00:00:00-05:00,33.689998626708984,34.22999954223633,33.40999984741211,33.81999969482422,25.94769287109375,25240600,0.0,0.0
2014-11-07 00:00:00-05:00,33.97999954223633,34.0,33.189998626708984,33.58000183105469,25.76355743408203,27604500,0.0,0.0
2014-11-10 00:00:00-05:00,33.43000030517578,33.4900016784668,33.08000183105469,33.2599983215332,25.518043518066406,30653600,0.0,0.0
2014-11-11 00:00:00-05:00,33.36000061035156,33.540000915527344,33.20000076293945,33.310001373291016,25.556407928466797,19676600,0.0,0.0
2014-11-12 00:00:00-05:00,33.22999954223633,33.41999816894531,33.0,33.380001068115234,25.6101131439209,22864200,0.0,0.0
2014-11-13 00:00:00-05:00,33.349998474121094,33.86000061035156,33.34000015258789,33.68000030517578,25.840286254882812,26449300,0.0,0.0
2014-11-14 00:00:00-05:00,33.75,33.970001220703125,33.349998474121094,33.95000076293945,26.04743003845215,18104600,0.0,0.0
2014-11-17 00:00:00-05:00,33.81999969482422,34.25,33.7599983215332,34.2400016784668,26.269927978515625,17646300,0.0,0.0
2014-11-18 00:00:00-05:00,34.189998626708984,34.900001525878906,34.15999984741211,34.709999084472656,26.630529403686523,30674800,0.0,0.0
2014-11-19 00:00:00-05:00,34.689998626708984,34.790000915527344,34.25,34.349998474121094,26.354326248168945,21289600,0.0,0.0
2014-11-20 00:00:00-05:00,34.13999938964844,35.970001220703125,34.0,35.95000076293945,27.581886291503906,61994700,0.0,0.0
2014-11-21 00:00:00-05:00,35.97999954223633,36.459999084472656,35.5,35.59000015258789,27.30569076538086,56721600,0.0,0.0
2014-11-24 00:00:00-05:00,35.88999938964844,36.43000030517578,35.84000015258789,36.25,27.812068939208984,33321100,0.0,0.0
2014-11-25 00:00:00-05:00,36.36000061035156,36.47999954223633,36.150001525878906,36.31999969482422,27.86576271057129,29093200,0.0,0.0
2014-11-26 00:00:00-05:00,36.369998931884766,36.9900016784668,36.279998779296875,36.900001525878906,28.310762405395508,24060000,0.0,0.0
2014-11-28 00:00:00-05:00,37.040000915527344,37.689998626708984,36.939998626708984,37.25,28.579288482666016,19128500,0.0,0.0
2014-12-01 00:00:00-05:00,37.209999084472656,37.619998931884766,36.900001525878906,37.16999816894531,28.517908096313477,30904000,0.0,0.0
2014-12-02 00:00:00-05:00,37.18000030517578,37.599998474121094,37.18000030517578,37.599998474121094,28.847822189331055,28361100,0.0,0.0
2014-12-03 00:00:00-05:00,37.68000030517578,37.88999938964844,37.40999984741211,37.43000030517578,28.717390060424805,30660800,0.0,0.0
2014-12-04 00:00:00-05:00,37.400001525878906,37.459999084472656,37.040000915527344,37.459999084472656,28.74040985107422,23359100,0.0,0.0
2014-12-05 00:00:00-05:00,37.56999969482422,37.900001525878906,37.52000045776367,37.66999816894531,28.901519775390625,20527600,0.0,0.0
2014-12-08 00:00:00-05:00,37.459999084472656,37.72999954223633,36.939998626708984,37.20000076293945,28.54094123840332,28134800,0.0,0.0
2014-12-09 00:00:00-05:00,36.66999816894531,37.09000015258789,36.29999923706055,36.88999938964844,28.303083419799805,28487300,0.0,0.0
2014-12-10 00:00:00-05:00,36.93000030517578,37.02000045776367,36.29999923706055,36.41999816894531,27.94249153137207,27499900,0.0,0.0
2014-12-11 00:00:00-05:00,36.5,37.209999084472656,36.439998626708984,36.70000076293945,28.157316207885742,25088200,0.0,0.0
2014-12-12 00:00:00-05:00,36.45000076293945,36.81999969482422,36.220001220703125,36.22999954223633,27.79671859741211,29322500,0.0,0.0
2014-12-15 00:00:00-05:00,36.38999938964844,36.779998779296875,35.900001525878906,35.91999816894531,27.55887794494629,30633400,0.0,0.0
2014-12-16 00:00:00-05:00,35.86000061035156,36.5,35.560001373291016,35.560001373291016,27.282670974731445,31166300,0.0,0.0
2014-12-17 00:00:00-05:00,35.619998931884766,36.33000183105469,35.33000183105469,36.2400016784668,27.804384231567383,31637700,0.0,0.0
2014-12-18 00:00:00-05:00,36.75,37.02000045776367,36.43000030517578,37.02000045776367,28.402830123901367,32128100,0.0,0.0
2014-12-19 00:00:00-05:00,37.02000045776367,37.15999984741211,36.22999954223633,36.369998931884766,27.904132843017578,76786800,0.0,0.0
2014-12-22 00:00:00-05:00,36.38999938964844,37.2599983215332,36.38999938964844,37.209999084472656,28.548601150512695,29227100,0.0,0.0
2014-12-23 00:00:00-05:00,37.400001525878906,37.70000076293945,37.29999923706055,37.43000030517578,28.717390060424805,22169700,0.0,0.0
2014-12-24 00:00:00-05:00,37.470001220703125,37.599998474121094,37.18000030517578,37.439998626708984,28.725069046020508,12109100,0.0,0.0
2014-12-26 00:00:00-05:00,37.52000045776367,37.7400016784668,37.52000045776367,37.54999923706055,28.809463500976562,14037200,0.0,0.0
2014-12-29 00:00:00-05:00,37.45000076293945,37.52000045776367,37.16999816894531,37.18000030517578,28.525592803955078,12203300,0.0,0.0
2014-12-30 00:00:00-05:00,37.08000183105469,37.189998626708984,36.7599983215332,36.7599983215332,28.203350067138672,15214100,0.0,0.0
2014-12-31 00:00:00-05:00,36.630001068115234,37.040000915527344,36.290000915527344,36.290000915527344,27.842750549316406,20393600,0.0,0.0
2015-01-02 00:00:00-05:00,36.66999816894531,37.15999984741211,36.11000061035156,36.36000061035156,27.89645767211914,23605600,0.0,0.0
2015-01-05 00:00:00-05:00,36.20000076293945,36.45000076293945,35.939998626708984,35.95000076293945,27.581886291503906,32785000,0.0,0.0
2015-01-06 00:00:00-05:00,36.08000183105469,36.22999954223633,35.2599983215332,35.279998779296875,27.06785011291504,30847600,0.0,0.0
2015-01-07 00:00:00-05:00,35.63999938964844,36.06999969482422,35.27000045776367,36.02000045776367,27.635602951049805,27725200,0.0,0.0
2015-01-08 00:00:00-05:00,36.369998931884766,37.0,36.2599983215332,36.689998626708984,28.149646759033203,31765400,0.0,0.0
2015-01-09 00:00:00-05:00,36.77000045776367,37.11000061035156,36.400001525878906,36.7599983215332,28.203350067138672,22850500,0.0,0.0
2015-01-12 00:00:00-05:00,36.900001525878906,37.0,36.22999954223633,36.599998474121094,28.08058738708496,29400800,0.0,0.0
2015-01-13 00:00:00-05:00,36.869998931884766,37.4900016784668,36.290000915527344,36.5,28.00387191772461,31478000,0.0,0.0
2015-01-14 00:00:00-05:00,36.33000183105469,36.90999984741211,35.90999984741211,36.349998474121094,27.88878631591797,34250300,0.0,0.0
2015-01-15 00:00:00-05:00,36.529998779296875,36.880001068115234,36.029998779296875,36.189998626708984,27.766023635864258,47181800,0.0,0.0
2015-01-16 00:00:00-05:00,36.119998931884766,36.65999984741211,35.5099983215332,36.45000076293945,27.96550750732422,62812200,0.0,0.0
2015-01-20 00:00:00-05:00,36.099998474121094,36.459999084472656,35.56999969482422,36.09000015258789,27.68931007385254,35929400,0.0,0.0
2015-01-21 00:00:00-05:00,35.849998474121094,36.68000030517578,35.77000045776367,36.47999954223633,27.988536834716797,27442600,0.0,0.0
2015-01-22 00:00:00-05:00,36.560001373291016,37.0,36.13999938964844,36.90999984741211,28.318435668945312,31809900,0.0,0.0
2015-01-23 00:00:00-05:00,36.959999084472656,37.029998779296875,36.380001068115234,36.45000076293945,27.96550750732422,27427100,0.0,0.0
2015-01-26 00:00:00-05:00,36.189998626708984,36.29999923706055,35.56999969482422,35.810001373291016,27.4744815826416,30906800,0.0,0.0
2015-01-27 00:00:00-05:00,34.400001525878906,34.720001220703125,33.54999923706055,34.189998626708984,26.231563568115234,58456200,0.0,0.0
2015-01-28 00:00:00-05:00,34.470001220703125,34.70000076293945,33.720001220703125,33.779998779296875,25.917007446289062,34929100,0.0,0.0
2015-01-29 00:00:00-05:00,33.84000015258789,34.279998779296875,33.459999084472656,34.209999084472656,26.246917724609375,29569400,0.0,0.0
2015-01-30 00:00:00-05:00,33.70000076293945,33.9900016784668,33.0,33.040000915527344,25.3492488861084,38719700,0.0,0.0
2015-02-02 00:00:00-05:00,33.060001373291016,33.75,32.650001525878906,33.650001525878906,25.81726837158203,38733800,0.0,0.0
2015-02-03 00:00:00-05:00,33.779998779296875,34.04999923706055,32.61000061035156,33.70000076293945,25.855623245239258,36038300,0.0,0.0
2015-02-04 00:00:00-05:00,33.66999816894531,33.84000015258789,33.29999923706055,33.599998474121094,25.96381378173828,25052800,0.24,0.0
2015-02-05 00:00:00-05:00,33.68000030517578,33.9900016784668,33.45000076293945,33.939998626708984,26.22653579711914,20491400,0.0,0.0
2015-02-06 00:00:00-05:00,33.91999816894531,34.0,33.13999938964844,33.29999923706055,25.73198699951172,29342400,0.0,0.0
2015-02-09 00:00:00-05:00,33.0,33.2400016784668,32.66999816894531,32.93000030517578,25.446073532104492,28705500,0.0,0.0
2015-02-10 00:00:00-05:00,33.20000076293945,33.72999954223633,33.04999923706055,33.70000076293945,26.041080474853516,20200000,0.0,0.0
2015-02-11 00:00:00-05:00,33.66999816894531,33.7599983215332,33.31999969482422,33.54999923706055,25.925174713134766,18364200,0.0,0.0
2015-02-12 00:00:00-05:00,33.97999954223633,34.130001068115234,33.7599983215332,34.130001068115234,26.373363494873047,20056700,0.0,0.0
2015-02-13 00:00:00-05:00,34.25,34.369998931884766,33.95000076293945,34.36000061035156,26.551088333129883,18037900,0.0,0.0
2015-02-17 00:00:00-05:00,34.400001525878906,34.75,34.2599983215332,34.7400016784668,26.844728469848633,19374100,0.0,0.0
2015-02-18 00:00:00-05:00,34.650001525878906,34.709999084472656,34.189998626708984,34.27000045776367,26.481548309326172,19992900,0.0,0.0
2015-02-19 00:00:00-05:00,34.25,34.41999816894531,34.04999923706055,34.209999084472656,26.435182571411133,11017500,0.0,0.0
2015-02-20 00:00:00-05:00,34.150001525878906,34.56999969482422,33.90999984741211,34.40999984741211,26.5897216796875,20955600,0.0,0.0
2015-02-23 00:00:00-05:00,34.400001525878906,34.5,33.58000183105469,33.7599983215332,26.087438583374023,25565500,0.0,0.0
2015-02-24 00:00:00-05:00,33.61000061035156,34.4900016784668,33.5099983215332,34.40999984741211,26.5897216796875,29607500,0.0,0.0
2015-02-25 00:00:00-05:00,34.029998779296875,34.150001525878906,33.72999954223633,33.95000076293945,26.234268188476562,24686300,0.0,0.0
2015-02-26 00:00:00-05:00,33.619998931884766,33.880001068115234,33.43000030517578,33.650001525878906,26.00244903564453,25928400,0.0,0.0
2015-02-27 00:00:00-05:00,33.630001068115234,33.63999938964844,33.209999084472656,33.25,25.693349838256836,24427300,0.0,0.0
2015-03-02 00:00:00-05:00,33.290000915527344,34.130001068115234,33.119998931884766,34.060001373291016,26.319265365600586,25406400,0.0,0.0
2015-03-03 00:00:00-05:00,33.95000076293945,34.380001068115234,33.90999984741211,34.099998474121094,26.35017204284668,27332000,0.0,0.0
2015-03-04 00:00:00-05:00,33.86000061035156,34.40999984741211,33.720001220703125,34.119998931884766,26.365625381469727,23005800,0.0,0.0
2015-03-05 00:00:00-05:00,34.2599983215332,34.5,33.59000015258789,33.72999954223633,26.06426429748535,21225800,0.0,0.0
2015-03-06 00:00:00-05:00,33.540000915527344,33.68000030517578,33.08000183105469,33.189998626708984,25.646987915039062,32373100,0.0,0.0
2015-03-09 00:00:00-04:00,33.20000076293945,33.27000045776367,32.47999954223633,32.720001220703125,25.283809661865234,33058800,0.0,0.0
2015-03-10 00:00:00-04:00,32.2400016784668,32.40999984741211,31.5,31.700000762939453,24.495620727539062,50278900,0.0,0.0
2015-03-11 00:00:00-04:00,31.969999313354492,32.959999084472656,31.950000762939453,32.33000183105469,24.98244285583496,49683600,0.0,0.0
2015-03-12 00:00:00-04:00,31.010000228881836,31.600000381469727,30.579999923706055,30.799999237060547,23.800153732299805,107402400,0.0,0.0
2015-03-13 00:00:00-04:00,30.6299991607666,30.979999542236328,30.360000610351562,30.93000030517578,23.900611877441406,47954700,0.0,0.0
2015-03-16 00:00:00-04:00,30.93000030517578,31.110000610351562,30.649999618530273,30.829999923706055,23.823345184326172,33074600,0.0,0.0
2015-03-17 00:00:00-04:00,30.579999923706055,30.729999542236328,30.40999984741211,30.59000015258789,23.637887954711914,29215600,0.0,0.0
2015-03-18 00:00:00-04:00,30.40999984741211,31.200000762939453,30.299999237060547,30.889999389648438,23.869707107543945,39834100,0.0,0.0
2015-03-19 00:00:00-04:00,30.780000686645508,31.100000381469727,30.690000534057617,30.739999771118164,23.75379753112793,27414200,0.0,0.0
2015-03-20 00:00:00-04:00,30.989999771118164,31.6200008392334,30.93000030517578,31.309999465942383,24.194252014160156,64777100,0.0,0.0
2015-03-23 00:00:00-04:00,31.290000915527344,31.790000915527344,31.200000762939453,31.200000762939453,24.109251022338867,29694000,0.0,0.0
2015-03-24 00:00:00-04:00,31.15999984741211,31.31999969482422,30.739999771118164,30.790000915527344,23.792434692382812,28471400,0.0,0.0
2015-03-25 00:00:00-04:00,30.809999465942383,30.889999389648438,29.860000610351562,29.889999389648438,23.096973419189453,37691000,0.0,0.0
2015-03-26 00:00:00-04:00,29.5,30.399999618530273,29.309999465942383,30.079999923706055,23.243793487548828,45450100,0.0,0.0
2015-03-27 00:00:00-04:00,30.010000228881836,33.0,29.850000381469727,32.0,24.72743797302246,73857200,0.0,0.0
2015-03-30 00:00:00-04:00,31.65999984741211,32.099998474121094,31.299999237060547,31.459999084472656,24.310165405273438,51391500,0.0,0.0
2015-03-31 00:00:00-04:00,31.43000030517578,31.93000030517578,31.200000762939453,31.270000457763672,24.163347244262695,32098500,0.0,0.0
2015-04-01 00:00:00-04:00,31.1299991607666,31.31999969482422,30.649999618530273,30.809999465942383,23.80788803100586,31532100,0.0,0.0
2015-04-02 00:00:00-04:00,30.799999237060547,31.229999542236328,30.670000076293945,30.809999465942383,23.80788803100586,20909600,0.0,0.0
2015-04-06 00:00:00-04:00,30.809999465942383,31.25,30.450000762939453,31.040000915527344,23.985618591308594,21490900,0.0,0.0
2015-04-07 00:00:00-04:00,31.06999969482422,31.59000015258789,31.0,31.260000228881836,24.155614852905273,23258300,0.0,0.0
2015-04-08 00:00:00-04:00,31.229999542236328,31.559999465942383,31.059999465942383,31.309999465942383,24.194252014160156,18250300,0.0,0.0
2015-04-09 00:00:00-04:00,30.68000030517578,31.6200008392334,30.56999969482422,31.239999771118164,24.140165328979492,34167600,0.0,0.0
2015-04-10 00:00:00-04:00,31.329999923706055,31.940000534057617,31.329999923706055,31.93000030517578,24.6733455657959,28084900,0.0,0.0
2015-04-13 00:00:00-04:00,31.809999465942383,32.04999923706055,31.709999084472656,31.729999542236328,24.518798828125,23489000,0.0,0.0
2015-04-14 00:00:00-04:00,31.68000030517578,31.940000534057617,31.270000457763672,31.489999771118164,24.333343505859375,39754000,0.0,0.0
2015-04-15 00:00:00-04:00,32.2599983215332,32.9900016784668,32.06999969482422,32.83000183105469,25.368810653686523,61083500,0.0,0.0
2015-04-16 00:00:00-04:00,32.849998474121094,32.9900016784668,32.70000076293945,32.869998931884766,25.39971160888672,28903200,0.0,0.0
2015-04-17 00:00:00-04:00,32.5099983215332,32.70000076293945,32.220001220703125,32.470001220703125,25.090621948242188,30593600,0.0,0.0
2015-04-20 00:00:00-04:00,32.61000061035156,32.790000915527344,32.529998779296875,32.72999954223633,25.291526794433594,20649300,0.0,0.0
2015-04-21 00:00:00-04:00,32.93000030517578,32.970001220703125,32.279998779296875,32.43000030517578,25.059709548950195,19023800,0.0,0.0
2015-04-22 00:00:00-04:00,32.40999984741211,32.720001220703125,32.029998779296875,32.70000076293945,25.26835060119629,21144200,0.0,0.0
2015-04-23 00:00:00-04:00,32.040000915527344,32.40999984741211,32.0099983215332,32.349998474121094,24.997892379760742,23775300,0.0,0.0
2015-04-24 00:00:00-04:00,32.40999984741211,32.47999954223633,32.02000045776367,32.08000183105469,24.789260864257812,22759900,0.0,0.0
2015-04-27 00:00:00-04:00,32.08000183105469,32.689998626708984,32.08000183105469,32.5,25.113798141479492,25869600,0.0,0.0
2015-04-28 00:00:00-04:00,32.29999923706055,33.040000915527344,32.22999954223633,33.02000045776367,25.515626907348633,29572800,0.0,0.0
2015-04-29 00:00:00-04:00,32.560001373291016,33.0,32.54999923706055,32.88999938964844,25.415170669555664,21819000,0.0,0.0
2015-04-30 00:00:00-04:00,32.709999084472656,32.849998474121094,32.29999923706055,32.54999923706055,25.152442932128906,22013300,0.0,0.0
2015-05-01 00:00:00-04:00,32.630001068115234,33.4900016784668,32.619998931884766,33.41999816894531,25.82472038269043,27091200,0.0,0.0
2015-05-04 00:00:00-04:00,33.27000045776367,33.5,33.220001220703125,33.43000030517578,25.832443237304688,21397300,0.0,0.0
2015-05-05 00:00:00-04:00,33.0,33.099998474121094,32.56999969482422,32.63999938964844,25.404367446899414,29779200,0.24,0.0
2015-05-06 00:00:00-04:00,32.5,32.790000915527344,31.93000030517578,32.220001220703125,25.077482223510742,31985400,0.0,0.0
2015-05-07 00:00:00-04:00,32.27000045776367,32.630001068115234,32.18000030517578,32.2400016784668,25.093046188354492,21475300,0.0,0.0
2015-05-08 00:00:00-04:00,32.5099983215332,32.880001068115234,32.34000015258789,32.79999923706055,25.528900146484375,26926500,0.0,0.0
2015-05-11 00:00:00-04:00,32.68000030517578,32.709999084472656,32.43000030517578,32.689998626708984,25.44329071044922,18358600,0.0,0.0
2015-05-12 00:00:00-04:00,32.439998626708984,32.5,32.0,32.25,25.100831985473633,24530200,0.0,0.0
2015-05-13 00:00:00-04:00,32.27000045776367,32.900001525878906,32.27000045776367,32.63999938964844,25.404367446899414,20470800,0.0,0.0
2015-05-14 00:00:00-04:00,32.86000061035156,33.130001068115234,32.77000045776367,32.970001220703125,25.66122055053711,21098900,0.0,0.0
2015-05-15 00:00:00-04:00,33.09000015258789,33.119998931884766,32.75,32.9900016784668,25.67679214477539,17149700,0.0,0.0
2015-05-18 00:00:00-04:00,32.97999954223633,33.40999984741211,32.849998474121094,33.40999984741211,26.003677368164062,23689500,0.0,0.0
2015-05-19 00:00:00-04:00,33.36000061035156,33.380001068115234,32.9900016784668,33.150001525878906,25.801311492919922,21867100,0.0,0.0
2015-05-20 00:00:00-04:00,33.060001373291016,33.5,33.0099983215332,33.369998931884766,25.97254180908203,21359800,0.0,0.0
2015-05-21 00:00:00-04:00,33.209999084472656,33.560001373291016,33.06999969482422,33.54999923706055,26.112642288208008,21269800,0.0,0.0
2015-05-22 00:00:00-04:00,33.470001220703125,33.5099983215332,33.31999969482422,33.45000076293945,26.034805297851562,20845000,0.0,0.0
2015-05-26 00:00:00-04:00,33.27000045776367,33.290000915527344,32.84000015258789,33.099998474121094,25.76239585876465,28594500,0.0,0.0
2015-05-27 00:00:00-04:00,33.20000076293945,33.849998474121094,33.130001068115234,33.709999084472656,26.237178802490234,30172700,0.0,0.0
2015-05-28 00:00:00-04:00,33.7400016784668,34.150001525878906,33.68000030517578,34.0099983215332,26.470666885375977,27065700,0.0,0.0
2015-05-29 00:00:00-04:00,34.2400016784668,34.75,34.209999084472656,34.459999084472656,26.820919036865234,43545500,0.0,0.0
2015-06-01 00:00:00-04:00,34.369998931884766,34.59000015258789,33.68000030517578,33.90999984741211,26.392837524414062,46734500,0.0,0.0
2015-06-02 00:00:00-04:00,33.63999938964844,33.75,33.13999938964844,33.27000045776367,25.894712448120117,36351100,0.0,0.0
2015-06-03 00:00:00-04:00,33.16999816894531,33.2400016784668,32.59000015258789,32.72999954223633,25.474411010742188,38138700,0.0,0.0
2015-06-04 00:00:00-04:00,32.5099983215332,32.720001220703125,32.20000076293945,32.310001373291016,25.147525787353516,33761800,0.0,0.0
2015-06-05 00:00:00-04:00,32.279998779296875,32.29999923706055,31.829999923706055,31.84000015258789,24.781713485717773,27778500,0.0,0.0
2015-06-08 00:00:00-04:00,31.809999465942383,31.950000762939453,31.209999084472656,31.299999237060547,24.361421585083008,38171600,0.0,0.0
2015-06-09 00:00:00-04:00,31.329999923706055,31.65999984741211,31.149999618530273,31.25,24.322505950927734,33976700,0.0,0.0
2015-06-10 00:00:00-04:00,31.459999084472656,32.15999984741211,31.3700008392334,31.81999969482422,24.766149520874023,33336800,0.0,0.0
2015-06-11 00:00:00-04:00,31.950000762939453,32.099998474121094,31.84000015258789,31.850000381469727,24.78949546813965,24293600,0.0,0.0
2015-06-12 00:00:00-04:00,31.719999313354492,32.099998474121094,31.200000762939453,31.31999969482422,24.37698745727539,31629800,0.0,0.0
2015-06-15 00:00:00-04:00,31.1200008392334,31.510000228881836,30.940000534057617,31.389999389648438,24.431472778320312,23175000,0.0,0.0
2015-06-16 00:00:00-04:00,31.260000228881836,31.760000228881836,31.1299991607666,31.639999389648438,24.62605094909668,20254500,0.0,0.0
2015-06-17 00:00:00-04:00,31.75,32.09000015258789,31.690000534057617,31.950000762939453,24.867334365844727,28194200,0.0,0.0
2015-06-18 00:00:00-04:00,32.08000183105469,32.5,32.0,32.380001068115234,25.20201301574707,27722400,0.0,0.0
2015-06-19 00:00:00-04:00,32.400001525878906,32.56999969482422,31.959999084472656,32.06999969482422,24.960725784301758,39008400,0.0,0.0
2015-06-22 00:00:00-04:00,32.2599983215332,32.38999938964844,32.08000183105469,32.2599983215332,25.108604431152344,23608400,0.0,0.0
2015-06-23 00:00:00-04:00,32.310001373291016,32.34000015258789,31.93000030517578,32.09000015258789,24.97629165649414,17995900,0.0,0.0
2015-06-24 00:00:00-04:00,32.150001525878906,32.150001525878906,31.8799991607666,31.90999984741211,24.836193084716797,23313900,0.0,0.0
2015-06-25 00:00:00-04:00,32.02000045776367,32.31999969482422,31.989999771118164,31.989999771118164,24.898460388183594,22743300,0.0,0.0
2015-06-26 00:00:00-04:00,31.510000228881836,31.530000686645508,30.760000228881836,31.020000457763672,24.14348602294922,62157200,0.0,0.0
2015-06-29 00:00:00-04:00,30.700000762939453,30.979999542236328,30.309999465942383,30.389999389648438,23.653148651123047,35194500,0.0,0.0
2015-06-30 00:00:00-04:00,30.6299991607666,30.690000534057617,30.149999618530273,30.420000076293945,23.676502227783203,34412200,0.0,0.0
2015-07-01 00:00:00-04:00,30.489999771118164,30.549999237060547,30.010000228881836,30.18000030517578,23.48970603942871,27178900,0.0,0.0
2015-07-02 00:00:00-04:00,30.18000030517578,30.920000076293945,30.100000381469727,30.559999465942383,23.785457611083984,27105200,0.0,0.0
2015-07-06 00:00:00-04:00,30.239999771118164,30.450000762939453,29.84000015258789,30.040000915527344,23.380739212036133,32468100,0.0,0.0
2015-07-07 00:00:00-04:00,29.8700008392334,29.93000030517578,29.09000015258789,29.899999618530273,23.271770477294922,43833700,0.0,0.0
2015-07-08 00:00:00-04:00,29.399999618530273,29.670000076293945,29.149999618530273,29.5,22.9604434967041,45223800,0.0,0.0
2015-07-09 00:00:00-04:00,29.719999313354492,29.889999389648438,28.81999969482422,28.93000030517578,22.516799926757812,47167800,0.0,0.0
2015-07-10 00:00:00-04:00,29.200000762939453,29.350000381469727,28.940000534057617,29.170000076293945,22.703596115112305,31423800,0.0,0.0
2015-07-13 00:00:00-04:00,29.270000457763672,29.81999969482422,29.190000534057617,29.729999542236328,23.139461517333984,26452400,0.0,0.0
2015-07-14 00:00:00-04:00,29.65999984741211,30.110000610351562,29.440000534057617,29.649999618530273,23.077194213867188,39778300,0.0,0.0
2015-07-15 00:00:00-04:00,29.649999618530273,29.989999771118164,29.469999313354492,29.690000534057617,23.108325958251953,47852500,0.0,0.0
2015-07-16 00:00:00-04:00,30.469999313354492,30.479999542236328,29.100000381469727,29.899999618530273,23.271770477294922,81166700,0.0,0.0
2015-07-17 00:00:00-04:00,29.65999984741211,29.799999237060547,29.100000381469727,29.469999313354492,22.937091827392578,43697600,0.0,0.0
2015-07-20 00:00:00-04:00,29.6200008392334,29.6200008392334,29.06999969482422,29.100000381469727,22.649126052856445,33812900,0.0,0.0
2015-07-21 00:00:00-04:00,28.959999084472656,29.260000228881836,28.670000076293945,28.719999313354492,22.353357315063477,45191000,0.0,0.0
2015-07-22 00:00:00-04:00,28.56999969482422,28.850000381469727,28.43000030517578,28.610000610351562,22.26774024963379,36387200,0.0,0.0
2015-07-23 00:00:00-04:00,28.65999984741211,28.969999313354492,28.43000030517578,28.600000381469727,22.25996208190918,33775200,0.0,0.0
2015-07-24 00:00:00-04:00,28.530000686645508,28.639999389648438,28.059999465942383,28.059999465942383,21.839664459228516,31621000,0.0,0.0
2015-07-27 00:00:00-04:00,28.06999969482422,28.420000076293945,27.6200008392334,28.350000381469727,22.06538200378418,42161100,0.0,0.0
2015-07-28 00:00:00-04:00,28.510000228881836,29.18000030517578,28.440000534057617,28.959999084472656,22.540151596069336,33182400,0.0,0.0
2015-07-29 00:00:00-04:00,28.950000762939453,29.1299991607666,28.790000915527344,29.010000228881836,22.579063415527344,26470200,0.0,0.0
2015-07-30 00:00:00-04:00,29.100000381469727,29.450000762939453,28.850000381469727,28.90999984741211,22.501230239868164,26582400,0.0,0.0
2015-07-31 00:00:00-04:00,29.1200008392334,29.1200008392334,28.770000457763672,28.950000762939453,22.53237533569336,27158800,0.0,0.0
2015-08-03 00:00:00-04:00,29.0,29.350000381469727,28.899999618530273,29.049999237060547,22.61020278930664,26213600,0.0,0.0
2015-08-04 00:00:00-04:00,28.979999542236328,29.149999618530273,28.860000610351562,29.1299991607666,22.672466278076172,25741700,0.0,0.0
2015-08-05 00:00:00-04:00,29.190000534057617,29.389999389648438,29.020000457763672,29.1200008392334,22.852964401245117,23622700,0.24,0.0
2015-08-06 00:00:00-04:00,29.15999984741211,29.229999542236328,28.850000381469727,29.010000228881836,22.766637802124023,27958200,0.0,0.0
2015-08-07 00:00:00-04:00,28.799999237060547,28.959999084472656,28.690000534057617,28.8799991607666,22.66461753845215,25606100,0.0,0.0
2015-08-10 00:00:00-04:00,29.06999969482422,29.68000030517578,29.059999465942383,29.639999389648438,23.26105499267578,22807400,0.0,0.0
2015-08-11 00:00:00-04:00,29.469999313354492,29.479999542236328,28.959999084472656,28.969999313354492,22.735244750976562,23758900,0.0,0.0
2015-08-12 00:00:00-04:00,28.65999984741211,29.56999969482422,28.65999984741211,29.459999084472656,23.11979103088379,33589100,0.0,0.0
2015-08-13 00:00:00-04:00,29.399999618530273,29.450000762939453,28.8700008392334,28.8700008392334,22.656768798828125,18821900,0.0,0.0
2015-08-14 00:00:00-04:00,28.920000076293945,29.040000915527344,28.81999969482422,29.020000457763672,22.774492263793945,14302700,0.0,0.0
2015-08-17 00:00:00-04:00,28.829999923706055,29.200000762939453,28.709999084472656,29.079999923706055,22.821577072143555,15548300,0.0,0.0
2015-08-18 00:00:00-04:00,28.950000762939453,29.049999237060547,28.799999237060547,28.90999984741211,22.688156127929688,19182600,0.0,0.0
2015-08-19 00:00:00-04:00,28.649999618530273,28.799999237060547,28.280000686645508,28.360000610351562,22.256528854370117,30530100,0.0,0.0
2015-08-20 00:00:00-04:00,28.030000686645508,28.239999771118164,27.530000686645508,27.530000686645508,21.60516357421875,31936600,0.0,0.0
2015-08-21 00:00:00-04:00,27.329999923706055,27.6299991607666,26.559999465942383,26.559999465942383,20.843914031982422,52288400,0.0,0.0
2015-08-24 00:00:00-04:00,25.200000762939453,27.6299991607666,24.8700008392334,26.25,20.600635528564453,83234200,0.0,0.0
2015-08-25 00:00:00-04:00,27.040000915527344,27.149999618530273,25.8700008392334,25.8700008392334,20.302413940429688,59371900,0.0,0.0
2015-08-26 00:00:00-04:00,26.510000228881836,27.34000015258789,26.079999923706055,27.299999237060547,21.42465591430664,47386700,0.0,0.0
2015-08-27 00:00:00-04:00,27.719999313354492,27.90999984741211,27.010000228881836,27.719999313354492,21.75426483154297,38649400,0.0,0.0
2015-08-28 00:00:00-04:00,27.670000076293945,28.610000610351562,27.450000762939453,28.420000076293945,22.303613662719727,43452400,0.0,0.0
2015-08-31 00:00:00-04:00,28.329999923706055,29.1299991607666,28.15999984741211,28.540000915527344,22.397796630859375,42401800,0.0,0.0
2015-09-01 00:00:00-04:00,27.90999984741211,28.170000076293945,27.65999984741211,27.81999969482422,21.832744598388672,44144000,0.0,0.0
2015-09-02 00:00:00-04:00,28.350000381469727,28.600000381469727,28.139999389648438,28.600000381469727,22.444881439208984,34618800,0.0,0.0
2015-09-03 00:00:00-04:00,28.799999237060547,29.420000076293945,28.690000534057617,29.079999923706055,22.821577072143555,38665900,0.0,0.0
2015-09-04 00:00:00-04:00,28.56999969482422,28.899999618530273,28.40999984741211,28.520000457763672,22.382095336914062,29116500,0.0,0.0
2015-09-08 00:00:00-04:00,28.979999542236328,29.5,28.950000762939453,29.5,23.151185989379883,27805000,0.0,0.0
2015-09-09 00:00:00-04:00,29.719999313354492,30.1200008392334,29.170000076293945,29.239999771118164,22.947139739990234,30774100,0.0,0.0
2015-09-10 00:00:00-04:00,29.18000030517578,29.65999984741211,28.899999618530273,29.270000457763672,22.970684051513672,25195800,0.0,0.0
2015-09-11 00:00:00-04:00,29.079999923706055,29.520000457763672,29.040000915527344,29.469999313354492,23.127639770507812,21786900,0.0,0.0
2015-09-14 00:00:00-04:00,29.469999313354492,29.530000686645508,29.09000015258789,29.389999389648438,23.064861297607422,24065100,0.0,0.0
2015-09-15 00:00:00-04:00,29.559999465942383,29.940000534057617,29.479999542236328,29.729999542236328,23.33169174194336,29819000,0.0,0.0
2015-09-16 00:00:00-04:00,29.6200008392334,29.790000915527344,29.399999618530273,29.770000457763672,23.36307716369629,25957800,0.0,0.0
2015-09-17 00:00:00-04:00,29.6200008392334,30.200000762939453,29.549999237060547,29.709999084472656,23.315988540649414,29805200,0.0,0.0
2015-09-18 00:00:00-04:00,29.219999313354492,29.420000076293945,28.809999465942383,29.020000457763672,22.774492263793945,60693400,0.0,0.0
2015-09-21 00:00:00-04:00,29.09000015258789,29.34000015258789,28.940000534057617,29.15999984741211,22.884357452392578,24417100,0.0,0.0
2015-09-22 00:00:00-04:00,28.670000076293945,28.899999618530273,28.479999542236328,28.670000076293945,22.49981117248535,28576200,0.0,0.0
2015-09-23 00:00:00-04:00,29.020000457763672,29.09000015258789,28.59000015258789,28.739999771118164,22.554750442504883,25984000,0.0,0.0
2015-09-24 00:00:00-04:00,28.3799991607666,28.670000076293945,27.8700008392334,28.479999542236328,22.3507022857666,32754700,0.0,0.0
2015-09-25 00:00:00-04:00,28.940000534057617,29.1200008392334,28.6299991607666,28.809999465942383,22.609682083129883,29192300,0.0,0.0
2015-09-28 00:00:00-04:00,28.68000030517578,29.360000610351562,28.639999389648438,28.760000228881836,22.570444107055664,42291000,0.0,0.0
2015-09-29 00:00:00-04:00,28.829999923706055,29.350000381469727,28.760000228881836,29.239999771118164,22.947139739990234,34169600,0.0,0.0
2015-09-30 00:00:00-04:00,29.559999465942383,30.31999969482422,29.540000915527344,30.139999389648438,23.653446197509766,41051700,0.0,0.0
2015-10-01 00:00:00-04:00,30.209999084472656,30.280000686645508,29.459999084472656,30.0,23.5435791015625,29832800,0.0,0.0
2015-10-02 00:00:00-04:00,29.670000076293945,30.530000686645508,29.530000686645508,30.510000228881836,23.94382095336914,27901500,0.0,0.0
2015-10-05 00:00:00-04:00,30.729999542236328,31.3799991607666,30.559999465942383,31.209999084472656,24.49317169189453,34842500,0.0,0.0
2015-10-06 00:00:00-04:00,31.15999984741211,31.850000381469727,31.110000610351562,31.739999771118164,24.909107208251953,34899800,0.0,0.0
2015-10-07 00:00:00-04:00,32.0,32.41999816894531,31.719999313354492,32.31999969482422,25.364288330078125,36930100,0.0,0.0
2015-10-08 00:00:00-04:00,32.22999954223633,32.599998474121094,31.979999542236328,32.52000045776367,25.5212459564209,27794600,0.0,0.0
2015-10-09 00:00:00-04:00,32.369998931884766,32.54999923706055,31.940000534057617,32.13999938964844,25.223020553588867,24209900,0.0,0.0
2015-10-12 00:00:00-04:00,32.15999984741211,32.31999969482422,32.0,32.209999084472656,25.2779541015625,18795000,0.0,0.0
2015-10-13 00:00:00-04:00,32.029998779296875,32.47999954223633,31.979999542236328,32.040000915527344,25.144542694091797,35588600,0.0,0.0
2015-10-14 00:00:00-04:00,31.389999389648438,32.93000030517578,30.850000381469727,32.79999923706055,25.740978240966797,75954800,0.0,0.0
2015-10-15 00:00:00-04:00,32.84000015258789,33.060001373291016,32.459999084472656,32.75,25.70174217224121,37634800,0.0,0.0
2015-10-16 00:00:00-04:00,32.75,33.20000076293945,32.47999954223633,33.040000915527344,25.9293270111084,29371300,0.0,0.0
2015-10-19 00:00:00-04:00,32.880001068115234,33.619998931884766,32.869998931884766,33.59000015258789,26.360958099365234,37624000,0.0,0.0
2015-10-20 00:00:00-04:00,33.400001525878906,33.70000076293945,33.310001373291016,33.439998626708984,26.24323844909668,24416100,0.0,0.0
2015-10-21 00:00:00-04:00,33.66999816894531,34.04999923706055,33.31999969482422,33.369998931884766,26.188302993774414,31928800,0.0,0.0
2015-10-22 00:00:00-04:00,33.70000076293945,34.5,33.59000015258789,34.400001525878906,26.99663543701172,39572600,0.0,0.0
2015-10-23 00:00:00-04:00,34.540000915527344,35.029998779296875,34.400001525878906,34.900001525878906,27.38903045654297,42796600,0.0,0.0
2015-10-26 00:00:00-04:00,34.77000045776367,34.959999084472656,34.54999923706055,34.59000015258789,27.145742416381836,22646900,0.0,0.0
2015-10-27 00:00:00-04:00,34.40999984741211,34.54999923706055,34.310001373291016,34.470001220703125,27.05156898498535,22630100,0.0,0.0
2015-10-28 00:00:00-04:00,34.470001220703125,34.709999084472656,34.119998931884766,34.709999084472656,27.239925384521484,21908400,0.0,0.0
2015-10-29 00:00:00-04:00,34.20000076293945,34.290000915527344,33.77000045776367,34.029998779296875,26.706260681152344,21325200,0.0,0.0
2015-10-30 00:00:00-04:00,34.099998474121094,34.290000915527344,33.86000061035156,33.86000061035156,26.572851181030273,24693900,0.0,0.0
2015-11-02 00:00:00-05:00,33.72999954223633,34.279998779296875,33.63999938964844,34.11000061035156,26.76905059814453,21743100,0.0,0.0
2015-11-03 00:00:00-05:00,34.0,34.40999984741211,33.97999954223633,34.310001373291016,26.926008224487305,18167000,0.0,0.0
2015-11-04 00:00:00-05:00,34.27000045776367,34.27000045776367,33.900001525878906,34.150001525878906,26.98923683166504,20762100,0.24,0.0
2015-11-05 00:00:00-05:00,34.099998474121094,34.20000076293945,33.72999954223633,34.0,26.870677947998047,16486100,0.0,0.0
2015-11-06 00:00:00-05:00,33.93000030517578,33.970001220703125,33.40999984741211,33.84000015258789,26.744232177734375,23701700,0.0,0.0
2015-11-09 00:00:00-05:00,33.599998474121094,33.83000183105469,33.08000183105469,33.349998474121094,26.356977462768555,24168700,0.0,0.0
2015-11-10 00:00:00-05:00,33.16999816894531,33.27000045776367,32.810001373291016,33.209999084472656,26.246334075927734,22451700,0.0,0.0
2015-11-11 00:00:00-05:00,33.15999984741211,33.380001068115234,32.79999923706055,32.86000061035156,25.969730377197266,19864700,0.0,0.0
2015-11-12 00:00:00-05:00,32.709999084472656,32.91999816894531,32.38999938964844,32.400001525878906,25.606176376342773,23265400,0.0,0.0
2015-11-13 00:00:00-05:00,32.27000045776367,32.380001068115234,31.959999084472656,32.11000061035156,25.376989364624023,23673200,0.0,0.0
2015-11-16 00:00:00-05:00,32.09000015258789,32.2599983215332,31.93000030517578,32.099998474121094,25.369089126586914,29899700,0.0,0.0
2015-11-17 00:00:00-05:00,32.150001525878906,32.880001068115234,32.0099983215332,32.63999938964844,25.795854568481445,22636400,0.0,0.0
2015-11-18 00:00:00-05:00,32.72999954223633,33.2400016784668,32.619998931884766,33.15999984741211,26.206823348999023,18619800,0.0,0.0
2015-11-19 00:00:00-05:00,33.220001220703125,34.72999954223633,33.130001068115234,34.29999923706055,27.107770919799805,45381600,0.0,0.0
2015-11-20 00:00:00-05:00,34.47999954223633,35.290000915527344,34.47999954223633,34.65999984741211,27.392292022705078,41137700,0.0,0.0
2015-11-23 00:00:00-05:00,34.65999984741211,34.849998474121094,34.40999984741211,34.47999954223633,27.250041961669922,20152900,0.0,0.0
2015-11-24 00:00:00-05:00,34.33000183105469,34.439998626708984,33.900001525878906,34.36000061035156,27.15519905090332,21413500,0.0,0.0
2015-11-25 00:00:00-05:00,34.2599983215332,34.7400016784668,34.13999938964844,34.45000076293945,27.2263240814209,17939400,0.0,0.0
2015-11-27 00:00:00-05:00,34.540000915527344,34.68000030517578,34.400001525878906,34.459999084472656,27.234233856201172,6620900,0.0,0.0
2015-11-30 00:00:00-05:00,34.54999923706055,34.900001525878906,34.43000030517578,34.77000045776367,27.479223251342773,21785800,0.0,0.0
2015-12-01 00:00:00-05:00,35.0,35.20000076293945,34.709999084472656,35.09000015258789,27.732118606567383,23560200,0.0,0.0
2015-12-02 00:00:00-05:00,35.09000015258789,35.40999984741211,34.810001373291016,34.83000183105469,27.526641845703125,18688200,0.0,0.0
2015-12-03 00:00:00-05:00,34.970001220703125,34.9900016784668,34.0,34.040000915527344,26.902294158935547,30131100,0.0,0.0
2015-12-04 00:00:00-05:00,34.11000061035156,35.029998779296875,34.0,34.939998626708984,27.613576889038086,24901000,0.0,0.0
2015-12-07 00:00:00-05:00,34.790000915527344,35.16999816894531,34.75,34.9900016784668,27.65309715270996,17731900,0.0,0.0
2015-12-08 00:00:00-05:00,34.66999816894531,34.95000076293945,34.41999816894531,34.75,27.463422775268555,13380200,0.0,0.0
2015-12-09 00:00:00-05:00,34.880001068115234,35.220001220703125,34.5099983215332,34.810001373291016,27.51083755493164,22548300,0.0,0.0
2015-12-10 00:00:00-05:00,34.849998474121094,35.06999969482422,34.65999984741211,34.77000045776367,27.479223251342773,17400700,0.0,0.0
2015-12-11 00:00:00-05:00,34.310001373291016,34.650001525878906,34.20000076293945,34.27000045776367,27.084075927734375,21251400,0.0,0.0
2015-12-14 00:00:00-05:00,34.380001068115234,34.47999954223633,33.880001068115234,34.470001220703125,27.24213409423828,19357100,0.0,0.0
2015-12-15 00:00:00-05:00,34.650001525878906,35.349998474121094,34.63999938964844,35.18000030517578,27.80326271057129,24365900,0.0,0.0
2015-12-16 00:00:00-05:00,35.36000061035156,35.470001220703125,34.77000045776367,35.29999923706055,27.898082733154297,23257900,0.0,0.0
2015-12-17 00:00:00-05:00,35.31999969482422,35.369998931884766,34.7599983215332,34.90999984741211,27.58987808227539,24963600,0.0,0.0
2015-12-18 00:00:00-05:00,34.72999954223633,34.75,33.86000061035156,33.869998931884766,26.7679443359375,41336600,0.0,0.0
2015-12-21 00:00:00-05:00,34.11000061035156,34.29999923706055,33.81999969482422,34.2400016784668,27.060354232788086,18006800,0.0,0.0
2015-12-22 00:00:00-05:00,34.36000061035156,34.779998779296875,34.27000045776367,34.72999954223633,27.447608947753906,18422000,0.0,0.0
2015-12-23 00:00:00-05:00,34.95000076293945,35.04999923706055,34.779998779296875,35.0,27.660991668701172,12526500,0.0,0.0
2015-12-24 00:00:00-05:00,35.06999969482422,35.2599983215332,34.959999084472656,34.97999954223633,27.645193099975586,5893800,0.0,0.0
2015-12-28 00:00:00-05:00,34.95000076293945,35.0,34.56999969482422,34.93000030517578,27.605680465698242,9449400,0.0,0.0
2015-12-29 00:00:00-05:00,35.0099983215332,35.59000015258789,35.0099983215332,35.439998626708984,28.00872802734375,14188600,0.0,0.0
2015-12-30 00:00:00-05:00,35.380001068115234,35.45000076293945,34.95000076293945,34.9900016784668,27.65309715270996,11566800,0.0,0.0
2015-12-31 00:00:00-05:00,34.81999969482422,34.959999084472656,34.439998626708984,34.45000076293945,27.2263240814209,14736700,0.0,0.0
2016-01-04 00:00:00-05:00,33.880001068115234,34.0099983215332,33.459999084472656,33.9900016784668,26.8627872467041,27882200,0.0,0.0
2016-01-05 00:00:00-05:00,33.959999084472656,34.0,33.529998779296875,33.83000183105469,26.7363338470459,16709500,0.0,0.0
2016-01-06 00:00:00-05:00,33.25,33.52000045776367,32.79999923706055,33.08000183105469,26.143596649169922,25491300,0.0,0.0
2016-01-07 00:00:00-05:00,32.279998779296875,33.0099983215332,31.84000015258789,31.84000015258789,25.163602828979492,37680500,0.0,0.0
2016-01-08 00:00:00-05:00,32.09000015258789,32.220001220703125,31.43000030517578,31.510000228881836,24.90279769897461,29953800,0.0,0.0
2016-01-11 00:00:00-05:00,31.809999465942383,32.220001220703125,31.68000030517578,32.060001373291016,25.33747673034668,27732400,0.0,0.0
2016-01-12 00:00:00-05:00,32.7599983215332,32.88999938964844,32.27000045776367,32.68000030517578,25.827470779418945,28587700,0.0,0.0
2016-01-13 00:00:00-05:00,32.7599983215332,32.93000030517578,31.829999923706055,31.90999984741211,25.218929290771484,34445700,0.0,0.0
2016-01-14 00:00:00-05:00,31.969999313354492,32.869998931884766,31.799999237060547,32.7400016784668,25.87489128112793,48728200,0.0,0.0
2016-01-15 00:00:00-05:00,29.729999542236328,30.5,29.450000762939453,29.760000228881836,23.519752502441406,76373900,0.0,0.0
2016-01-19 00:00:00-05:00,29.979999542236328,30.059999465942383,29.479999542236328,29.799999237060547,23.551362991333008,28878100,0.0,0.0
2016-01-20 00:00:00-05:00,29.350000381469727,29.8700008392334,29.209999084472656,29.59000015258789,23.385400772094727,39598200,0.0,0.0
2016-01-21 00:00:00-05:00,29.649999618530273,30.030000686645508,29.239999771118164,29.65999984741211,23.440717697143555,30157400,0.0,0.0
2016-01-22 00:00:00-05:00,30.1200008392334,30.239999771118164,29.510000228881836,29.93000030517578,23.65410614013672,25326500,0.0,0.0
2016-01-25 00:00:00-05:00,29.989999771118164,30.219999313354492,29.56999969482422,29.600000381469727,23.39330291748047,26441000,0.0,0.0
2016-01-26 00:00:00-05:00,29.610000610351562,30.049999237060547,29.610000610351562,29.940000534057617,23.66200828552246,24754900,0.0,0.0
2016-01-27 00:00:00-05:00,29.8799991607666,30.219999313354492,29.639999389648438,29.809999465942383,23.55926513671875,26384100,0.0,0.0
2016-01-28 00:00:00-05:00,30.020000457763672,30.18000030517578,29.75,29.969999313354492,23.68571662902832,22028100,0.0,0.0
2016-01-29 00:00:00-05:00,30.209999084472656,31.030000686645508,30.100000381469727,31.020000457763672,24.515548706054688,38311400,0.0,0.0
2016-02-01 00:00:00-05:00,30.719999313354492,31.1200008392334,30.639999389648438,30.81999969482422,24.35748291015625,19015100,0.0,0.0
2016-02-02 00:00:00-05:00,30.450000762939453,30.489999771118164,29.6299991607666,29.799999237060547,23.551362991333008,24994300,0.0,0.0
2016-02-03 00:00:00-05:00,29.719999313354492,29.719999313354492,28.520000457763672,29.34000015258789,23.39191246032715,44660100,0.26,0.0
2016-02-04 00:00:00-05:00,29.139999389648438,29.8799991607666,29.110000610351562,29.770000457763672,23.734737396240234,29257800,0.0,0.0
2016-02-05 00:00:00-05:00,29.579999923706055,29.760000228881836,28.90999984741211,29.040000915527344,23.152725219726562,27957500,0.0,0.0
2016-02-08 00:00:00-05:00,28.739999771118164,28.979999542236328,28.299999237060547,28.81999969482422,22.977323532104492,28725900,0.0,0.0
2016-02-09 00:00:00-05:00,28.489999771118164,29.149999618530273,28.40999984741211,28.809999465942383,22.969350814819336,22902600,0.0,0.0
2016-02-10 00:00:00-05:00,28.8799991607666,29.0,28.190000534057617,28.229999542236328,22.506935119628906,27267800,0.0,0.0
2016-02-11 00:00:00-05:00,27.829999923706055,28.40999984741211,27.68000030517578,28.219999313354492,22.498964309692383,28450200,0.0,0.0
2016-02-12 00:00:00-05:00,28.56999969482422,28.700000762939453,28.139999389648438,28.639999389648438,22.83382225036621,19699000,0.0,0.0
2016-02-16 00:00:00-05:00,28.75,28.950000762939453,28.360000610351562,28.780000686645508,22.94544219970703,30705200,0.0,0.0
2016-02-17 00:00:00-05:00,28.860000610351562,29.6200008392334,28.729999542236328,29.469999313354492,23.495553970336914,27691700,0.0,0.0
2016-02-18 00:00:00-05:00,29.530000686645508,29.760000228881836,29.3799991607666,29.420000076293945,23.455698013305664,20623300,0.0,0.0
2016-02-19 00:00:00-05:00,29.200000762939453,29.329999923706055,28.709999084472656,28.709999084472656,22.889629364013672,42056700,0.0,0.0
2016-02-22 00:00:00-05:00,29.110000610351562,29.540000915527344,29.0,29.350000381469727,23.399877548217773,23893100,0.0,0.0
2016-02-23 00:00:00-05:00,29.299999237060547,29.350000381469727,28.600000381469727,28.799999237060547,22.961381912231445,26638200,0.0,0.0
2016-02-24 00:00:00-05:00,28.520000457763672,29.299999237060547,28.3799991607666,29.190000534057617,23.272315979003906,21593600,0.0,0.0
2016-02-25 00:00:00-05:00,29.31999969482422,29.6200008392334,28.950000762939453,29.6200008392334,23.615144729614258,17571400,0.0,0.0
2016-02-26 00:00:00-05:00,29.8799991607666,30.079999923706055,29.700000762939453,29.799999237060547,23.758647918701172,19902200,0.0,0.0
2016-02-29 00:00:00-05:00,29.719999313354492,30.139999389648438,29.579999923706055,29.59000015258789,23.591228485107422,22903100,0.0,0.0
2016-03-01 00:00:00-05:00,29.93000030517578,30.530000686645508,29.75,30.3700008392334,24.213102340698242,25502600,0.0,0.0
2016-03-02 00:00:00-05:00,30.299999237060547,30.8700008392334,30.1200008392334,30.540000915527344,24.348630905151367,23779800,0.0,0.0
2016-03-03 00:00:00-05:00,31.1299991607666,31.350000381469727,30.540000915527344,30.579999923706055,24.380521774291992,25625200,0.0,0.0
2016-03-04 00:00:00-05:00,30.5,30.860000610351562,30.049999237060547,30.6299991607666,24.420385360717773,20356800,0.0,0.0
2016-03-07 00:00:00-05:00,30.59000015258789,31.1200008392334,30.5,30.940000534057617,24.66754150390625,18858200,0.0,0.0
2016-03-08 00:00:00-05:00,30.829999923706055,30.8799991607666,30.3799991607666,30.559999465942383,24.36457633972168,19104900,0.0,0.0
2016-03-09 00:00:00-05:00,30.829999923706055,31.040000915527344,30.670000076293945,30.8700008392334,24.611732482910156,14707800,0.0,0.0
2016-03-10 00:00:00-05:00,31.139999389648438,31.399999618530273,30.3799991607666,31.25,24.914697647094727,29584800,0.0,0.0
2016-03-11 00:00:00-05:00,31.670000076293945,31.790000915527344,31.530000686645508,31.760000228881836,25.321306228637695,22811200,0.0,0.0
2016-03-14 00:00:00-04:00,31.65999984741211,31.690000534057617,31.299999237060547,31.43000030517578,25.058202743530273,17438600,0.0,0.0
2016-03-15 00:00:00-04:00,31.34000015258789,31.649999618530273,31.059999465942383,31.649999618530273,25.233606338500977,16927700,0.0,0.0
2016-03-16 00:00:00-04:00,31.489999771118164,31.799999237060547,31.170000076293945,31.690000534057617,25.26549530029297,26298400,0.0,0.0
2016-03-17 00:00:00-04:00,31.760000228881836,32.16999816894531,31.700000762939453,31.979999542236328,25.4967041015625,22865300,0.0,0.0
2016-03-18 00:00:00-04:00,32.15999984741211,32.689998626708984,32.060001373291016,32.68000030517578,26.054792404174805,49934200,0.0,0.0
2016-03-21 00:00:00-04:00,32.22999954223633,32.41999816894531,31.950000762939453,32.34000015258789,25.78371810913086,21760900,0.0,0.0
2016-03-22 00:00:00-04:00,32.15999984741211,32.459999084472656,31.950000762939453,32.31999969482422,25.767778396606445,22200400,0.0,0.0
2016-03-23 00:00:00-04:00,32.470001220703125,32.470001220703125,31.979999542236328,32.0,25.51264762878418,18765300,0.0,0.0
2016-03-24 00:00:00-04:00,31.8700008392334,31.950000762939453,31.700000762939453,31.8799991607666,25.416973114013672,14211900,0.0,0.0
2016-03-28 00:00:00-04:00,31.8700008392334,32.0,31.6200008392334,31.899999618530273,25.432920455932617,11433000,0.0,0.0
2016-03-29 00:00:00-04:00,31.93000030517578,32.439998626708984,31.729999542236328,32.380001068115234,25.81561279296875,15313200,0.0,0.0
2016-03-30 00:00:00-04:00,32.45000076293945,32.75,32.290000915527344,32.709999084472656,26.078704833984375,16598000,0.0,0.0
2016-03-31 00:00:00-04:00,32.529998779296875,32.65999984741211,32.31999969482422,32.349998474121094,25.79169464111328,17880000,0.0,0.0
2016-04-01 00:00:00-04:00,32.27000045776367,32.470001220703125,32.099998474121094,32.45000076293945,25.871421813964844,18049700,0.0,0.0
2016-04-04 00:00:00-04:00,32.20000076293945,32.380001068115234,31.739999771118164,32.0,25.51264762878418,21581600,0.0,0.0
2016-04-05 00:00:00-04:00,31.889999389648438,32.119998931884766,31.719999313354492,31.899999618530273,25.432920455932617,20080000,0.0,0.0
2016-04-06 00:00:00-04:00,31.969999313354492,32.22999954223633,31.770000457763672,32.08000183105469,25.57642936706543,15740600,0.0,0.0
2016-04-07 00:00:00-04:00,31.889999389648438,31.899999618530273,31.350000381469727,31.549999237060547,25.153881072998047,23738200,0.0,0.0
2016-04-08 00:00:00-04:00,31.760000228881836,32.02000045776367,31.479999542236328,31.6299991607666,25.217653274536133,17031900,0.0,0.0
2016-04-11 00:00:00-04:00,31.899999618530273,32.34000015258789,31.65999984741211,31.670000076293945,25.249549865722656,19707700,0.0,0.0
2016-04-12 00:00:00-04:00,31.8799991607666,31.940000534057617,31.3799991607666,31.860000610351562,25.401031494140625,16774200,0.0,0.0
2016-04-13 00:00:00-04:00,31.969999313354492,32.18000030517578,31.950000762939453,32.130001068115234,25.616300582885742,19968100,0.0,0.0
2016-04-14 00:00:00-04:00,31.780000686645508,31.889999389648438,31.549999237060547,31.799999237060547,25.35319709777832,21620900,0.0,0.0
2016-04-15 00:00:00-04:00,31.790000915527344,31.889999389648438,31.3799991607666,31.459999084472656,25.082117080688477,28782800,0.0,0.0
2016-04-18 00:00:00-04:00,31.43000030517578,31.719999313354492,31.3799991607666,31.649999618530273,25.233606338500977,21566600,0.0,0.0
2016-04-19 00:00:00-04:00,31.700000762939453,31.809999465942383,31.399999618530273,31.600000381469727,25.19373893737793,33619300,0.0,0.0
2016-04-20 00:00:00-04:00,31.31999969482422,32.2599983215332,31.25,32.0,25.51264762878418,57629800,0.0,0.0
2016-04-21 00:00:00-04:00,31.940000534057617,32.060001373291016,31.809999465942383,31.969999313354492,25.48872947692871,28431400,0.0,0.0
2016-04-22 00:00:00-04:00,31.739999771118164,31.860000610351562,31.219999313354492,31.639999389648438,25.225627899169922,29625600,0.0,0.0
2016-04-25 00:00:00-04:00,31.360000610351562,31.5,31.200000762939453,31.389999389648438,25.026315689086914,19315700,0.0,0.0
2016-04-26 00:00:00-04:00,31.389999389648438,31.700000762939453,31.170000076293945,31.399999618530273,25.034284591674805,20976400,0.0,0.0
2016-04-27 00:00:00-04:00,31.25,31.799999237060547,31.190000534057617,31.75,25.313331604003906,20006200,0.0,0.0
2016-04-28 00:00:00-04:00,31.450000762939453,31.709999084472656,31.030000686645508,31.110000610351562,24.803077697753906,25146400,0.0,0.0
2016-04-29 00:00:00-04:00,30.860000610351562,30.8700008392334,30.100000381469727,30.280000686645508,24.14134407043457,36443700,0.0,0.0
2016-05-02 00:00:00-04:00,30.450000762939453,30.690000534057617,30.360000610351562,30.610000610351562,24.40443992614746,21086600,0.0,0.0
2016-05-03 00:00:00-04:00,30.40999984741211,30.559999465942383,30.09000015258789,30.360000610351562,24.205123901367188,27111100,0.0,0.0
2016-05-04 00:00:00-04:00,30.170000076293945,30.209999084472656,29.700000762939453,29.850000381469727,24.004085540771484,23278800,0.26,0.0
2016-05-05 00:00:00-04:00,29.8700008392334,30.020000457763672,29.75,29.899999618530273,24.044292449951172,23393300,0.0,0.0
2016-05-06 00:00:00-04:00,29.610000610351562,30.110000610351562,29.520000457763672,30.040000915527344,24.156875610351562,19632200,0.0,0.0
2016-05-09 00:00:00-04:00,30.079999923706055,30.170000076293945,29.760000228881836,29.799999237060547,23.9638729095459,16888300,0.0,0.0
2016-05-10 00:00:00-04:00,30.0,30.18000030517578,29.81999969482422,30.139999389648438,24.237289428710938,17013800,0.0,0.0
2016-05-11 00:00:00-04:00,30.15999984741211,30.25,29.969999313354492,30.059999465942383,24.172958374023438,15754200,0.0,0.0
2016-05-12 00:00:00-04:00,30.110000610351562,30.239999771118164,29.56999969482422,29.760000228881836,23.931713104248047,20826700,0.0,0.0
2016-05-13 00:00:00-04:00,29.860000610351562,30.200000762939453,29.84000015258789,29.90999984741211,24.052339553833008,19999600,0.0,0.0
2016-05-16 00:00:00-04:00,29.899999618530273,30.559999465942383,29.8799991607666,30.389999389648438,24.438329696655273,21826100,0.0,0.0
2016-05-17 00:00:00-04:00,30.56999969482422,30.56999969482422,29.860000610351562,29.979999542236328,24.108627319335938,25709900,0.0,0.0
2016-05-18 00:00:00-04:00,30.030000686645508,30.25,29.780000686645508,29.989999771118164,24.116661071777344,22469900,0.0,0.0
2016-05-19 00:00:00-04:00,29.770000457763672,29.93000030517578,29.5,29.6299991607666,23.82716941833496,21740900,0.0,0.0
2016-05-20 00:00:00-04:00,29.729999542236328,30.3799991607666,29.700000762939453,30.149999618530273,24.24533462524414,22777300,0.0,0.0
2016-05-23 00:00:00-04:00,30.229999542236328,30.479999542236328,30.1299991607666,30.229999542236328,24.309667587280273,20881900,0.0,0.0
2016-05-24 00:00:00-04:00,30.5,31.1200008392334,30.450000762939453,31.059999465942383,24.977113723754883,23699200,0.0,0.0
2016-05-25 00:00:00-04:00,31.200000762939453,31.56999969482422,31.149999618530273,31.389999389648438,25.242490768432617,18359600,0.0,0.0
2016-05-26 00:00:00-04:00,31.489999771118164,31.6299991607666,31.399999618530273,31.489999771118164,25.322900772094727,12692300,0.0,0.0
2016-05-27 00:00:00-04:00,31.600000381469727,31.649999618530273,31.450000762939453,31.56999969482422,25.387231826782227,13341300,0.0,0.0
2016-05-31 00:00:00-04:00,31.510000228881836,31.649999618530273,31.309999465942383,31.59000015258789,25.403316497802734,23040200,0.0,0.0
2016-06-01 00:00:00-04:00,31.6200008392334,31.719999313354492,31.469999313354492,31.65999984741211,25.45960807800293,17753500,0.0,0.0
2016-06-02 00:00:00-04:00,31.559999465942383,31.760000228881836,31.450000762939453,31.760000228881836,25.540029525756836,14140100,0.0,0.0
2016-06-03 00:00:00-04:00,31.739999771118164,31.739999771118164,31.399999618530273,31.6200008392334,25.42744255065918,15777500,0.0,0.0
2016-06-06 00:00:00-04:00,31.639999389648438,31.81999969482422,31.579999923706055,31.68000030517578,25.475688934326172,15139600,0.0,0.0
2016-06-07 00:00:00-04:00,31.75,32.02000045776367,31.700000762939453,31.8799991607666,25.63652801513672,19339100,0.0,0.0
2016-06-08 00:00:00-04:00,31.799999237060547,32.0,31.790000915527344,31.889999389648438,25.644567489624023,12732100,0.0,0.0
2016-06-09 00:00:00-04:00,31.68000030517578,32.0,31.68000030517578,31.940000534057617,25.684770584106445,11276800,0.0,0.0
2016-06-10 00:00:00-04:00,31.700000762939453,32.2400016784668,31.649999618530273,32.040000915527344,25.765188217163086,35749100,0.0,0.0
2016-06-13 00:00:00-04:00,32.04999923706055,32.5,32.040000915527344,32.16999816894531,25.869731903076172,23004800,0.0,0.0
2016-06-14 00:00:00-04:00,32.0099983215332,32.2400016784668,31.790000915527344,32.13999938964844,25.84560203552246,18754300,0.0,0.0
2016-06-15 00:00:00-04:00,32.25,32.2599983215332,31.59000015258789,31.610000610351562,25.41940689086914,23783300,0.0,0.0
2016-06-16 00:00:00-04:00,31.440000534057617,31.770000457763672,31.219999313354492,31.690000534057617,25.483728408813477,18547900,0.0,0.0
2016-06-17 00:00:00-04:00,31.729999542236328,31.809999465942383,31.469999313354492,31.760000228881836,25.540029525756836,27047900,0.0,0.0
2016-06-20 00:00:00-04:00,32.06999969482422,32.439998626708984,32.0099983215332,32.16999816894531,25.869731903076172,21961600,0.0,0.0
2016-06-21 00:00:00-04:00,32.2599983215332,32.380001068115234,32.09000015258789,32.31999969482422,25.9903564453125,15476500,0.0,0.0
2016-06-22 00:00:00-04:00,32.29999923706055,32.630001068115234,32.25,32.290000915527344,25.966230392456055,18304800,0.0,0.0
2016-06-23 00:00:00-04:00,32.58000183105469,33.0,32.5,32.9900016784668,26.529146194458008,22048800,0.0,0.0
2016-06-24 00:00:00-04:00,31.799999237060547,32.31999969482422,31.399999618530273,31.549999237060547,25.371156692504883,38094300,0.0,0.0
2016-06-27 00:00:00-04:00,31.40999984741211,31.40999984741211,30.440000534057617,30.719999313354492,24.70370101928711,34965100,0.0,0.0
2016-06-28 00:00:00-04:00,30.969999313354492,31.200000762939453,30.809999465942383,31.190000534057617,25.08165740966797,23693900,0.0,0.0
2016-06-29 00:00:00-04:00,31.350000381469727,31.979999542236328,31.309999465942383,31.93000030517578,25.67673110961914,22771100,0.0,0.0
2016-06-30 00:00:00-04:00,32.0,32.880001068115234,31.969999313354492,32.79999923706055,26.376346588134766,34528900,0.0,0.0
2016-07-01 00:00:00-04:00,32.63999938964844,32.88999938964844,32.470001220703125,32.75,26.336143493652344,17084600,0.0,0.0
2016-07-05 00:00:00-04:00,32.5,32.72999954223633,32.459999084472656,32.68000030517578,26.279850006103516,20107200,0.0,0.0
2016-07-06 00:00:00-04:00,32.79999923706055,33.0,32.380001068115234,32.970001220703125,26.513057708740234,21070200,0.0,0.0
2016-07-07 00:00:00-04:00,32.959999084472656,33.54999923706055,32.959999084472656,33.20000076293945,26.698007583618164,26119400,0.0,0.0
2016-07-08 00:00:00-04:00,33.650001525878906,34.0,33.5,34.0,27.341331481933594,23341900,0.0,0.0
2016-07-11 00:00:00-04:00,34.040000915527344,34.5,34.040000915527344,34.380001068115234,27.646926879882812,23820700,0.0,0.0
2016-07-12 00:00:00-04:00,34.5099983215332,34.970001220703125,34.47999954223633,34.939998626708984,28.097238540649414,28064100,0.0,0.0
2016-07-13 00:00:00-04:00,35.040000915527344,35.25,34.880001068115234,35.0099983215332,28.153539657592773,29120900,0.0,0.0
2016-07-14 00:00:00-04:00,35.130001068115234,35.29999923706055,34.959999084472656,35.20000076293945,28.306325912475586,25296400,0.0,0.0
2016-07-15 00:00:00-04:00,35.2599983215332,35.290000915527344,34.900001525878906,35.06999969482422,28.2017879486084,23661900,0.0,0.0
2016-07-18 00:00:00-04:00,35.18000030517578,35.20000076293945,34.95000076293945,35.04999923706055,28.185699462890625,19347200,0.0,0.0
2016-07-19 00:00:00-04:00,34.88999938964844,35.15999984741211,34.849998474121094,35.150001525878906,28.26612091064453,20395400,0.0,0.0
2016-07-20 00:00:00-04:00,35.29999923706055,35.93000030517578,35.060001373291016,35.689998626708984,28.700355529785156,42994200,0.0,0.0
2016-07-21 00:00:00-04:00,34.33000183105469,34.4900016784668,33.86000061035156,34.27000045776367,27.55846405029297,63708600,0.0,0.0
2016-07-22 00:00:00-04:00,34.380001068115234,34.70000076293945,34.2599983215332,34.65999984741211,27.872081756591797,33033700,0.0,0.0
2016-07-25 00:00:00-04:00,34.619998931884766,34.7599983215332,34.56999969482422,34.689998626708984,27.896198272705078,20277700,0.0,0.0
2016-07-26 00:00:00-04:00,34.75,35.22999954223633,34.70000076293945,35.09000015258789,28.217857360839844,29644400,0.0,0.0
2016-07-27 00:00:00-04:00,35.0,35.279998779296875,34.630001068115234,34.83000183105469,28.008787155151367,23601800,0.0,0.0
2016-07-28 00:00:00-04:00,34.83000183105469,34.83000183105469,34.52000045776367,34.77000045776367,27.960535049438477,21667400,0.0,0.0
2016-07-29 00:00:00-04:00,34.77000045776367,34.91999816894531,34.599998474121094,34.86000061035156,28.032909393310547,18171200,0.0,0.0
2016-08-01 00:00:00-04:00,34.81999969482422,34.90999984741211,34.560001373291016,34.849998474121094,28.024869918823242,18824400,0.0,0.0
2016-08-02 00:00:00-04:00,34.810001373291016,34.869998931884766,34.33000183105469,34.560001373291016,27.79166603088379,20057300,0.0,0.0
2016-08-03 00:00:00-04:00,34.099998474121094,34.279998779296875,33.9900016784668,34.25,27.751148223876953,18388800,0.26,0.0
2016-08-04 00:00:00-04:00,34.290000915527344,34.619998931884766,34.220001220703125,34.58000183105469,28.01853370666504,16362600,0.0,0.0
2016-08-05 00:00:00-04:00,34.79999923706055,35.130001068115234,34.70000076293945,34.97999954223633,28.342632293701172,20046200,0.0,0.0
2016-08-08 00:00:00-04:00,34.900001525878906,35.16999816894531,34.86000061035156,35.040000915527344,28.391250610351562,19497300,0.0,0.0
2016-08-09 00:00:00-04:00,35.040000915527344,35.15999984741211,34.84000015258789,34.91999816894531,28.294025421142578,12578900,0.0,0.0
2016-08-10 00:00:00-04:00,35.0,35.0,34.5,34.529998779296875,27.9780216217041,19579000,0.0,0.0
2016-08-11 00:00:00-04:00,34.65999984741211,34.7400016784668,34.4900016784668,34.68000030517578,28.099557876586914,16364100,0.0,0.0
2016-08-12 00:00:00-04:00,34.52000045776367,34.7599983215332,34.439998626708984,34.56999969482422,28.01043701171875,15708300,0.0,0.0
2016-08-15 00:00:00-04:00,34.70000076293945,35.15999984741211,34.630001068115234,34.90999984741211,28.285921096801758,18931100,0.0,0.0
2016-08-16 00:00:00-04:00,34.77000045776367,35.209999084472656,34.77000045776367,35.209999084472656,28.529003143310547,16320900,0.0,0.0
2016-08-17 00:00:00-04:00,35.16999816894531,35.209999084472656,34.77000045776367,35.02000045776367,28.37504005432129,18221600,0.0,0.0
2016-08-18 00:00:00-04:00,34.959999084472656,35.09000015258789,34.75,34.970001220703125,28.334537506103516,16085200,0.0,0.0
2016-08-19 00:00:00-04:00,34.84000015258789,35.27000045776367,34.7400016784668,35.2400016784668,28.55331039428711,16417600,0.0,0.0
2016-08-22 00:00:00-04:00,35.20000076293945,35.45000076293945,35.119998931884766,35.36000061035156,28.650535583496094,14941400,0.0,0.0
2016-08-23 00:00:00-04:00,35.5,35.689998626708984,35.29999923706055,35.400001525878906,28.682941436767578,18316000,0.0,0.0
2016-08-24 00:00:00-04:00,35.31999969482422,35.40999984741211,35.02000045776367,35.150001525878906,28.480379104614258,16343500,0.0,0.0
2016-08-25 00:00:00-04:00,35.04999923706055,35.220001220703125,34.900001525878906,35.09000015258789,28.431758880615234,12428000,0.0,0.0
2016-08-26 00:00:00-04:00,35.11000061035156,35.58000183105469,35.04999923706055,35.2599983215332,28.56951332092285,14469900,0.0,0.0
2016-08-29 00:00:00-04:00,35.47999954223633,35.66999816894531,35.150001525878906,35.54999923706055,28.804479598999023,15264300,0.0,0.0
2016-08-30 00:00:00-04:00,35.59000015258789,35.7400016784668,35.52000045776367,35.70000076293945,28.926015853881836,15183200,0.0,0.0
2016-08-31 00:00:00-04:00,35.619998931884766,35.900001525878906,35.58000183105469,35.88999938964844,29.079957962036133,20562700,0.0,0.0
2016-09-01 00:00:00-04:00,35.9900016784668,36.040000915527344,35.58000183105469,36.02000045776367,29.185298919677734,18925800,0.0,0.0
2016-09-02 00:00:00-04:00,36.209999084472656,36.33000183105469,35.95000076293945,36.08000183105469,29.233915328979492,16726700,0.0,0.0
2016-09-06 00:00:00-04:00,36.380001068115234,36.599998474121094,36.16999816894531,36.56999969482422,29.630939483642578,22337800,0.0,0.0
2016-09-07 00:00:00-04:00,36.650001525878906,36.650001525878906,36.380001068115234,36.459999084472656,29.54180908203125,18495600,0.0,0.0
2016-09-08 00:00:00-04:00,36.349998474121094,36.59000015258789,36.119998931884766,36.439998626708984,29.525602340698242,20356500,0.0,0.0
2016-09-09 00:00:00-04:00,36.099998474121094,36.38999938964844,35.439998626708984,35.439998626708984,28.715347290039062,29457900,0.0,0.0
2016-09-12 00:00:00-04:00,35.189998626708984,36.119998931884766,35.060001373291016,36.08000183105469,29.233915328979492,22796600,0.0,0.0
2016-09-13 00:00:00-04:00,35.75,35.880001068115234,35.31999969482422,35.61000061035156,28.853092193603516,23591300,0.0,0.0
2016-09-14 00:00:00-04:00,35.5099983215332,35.81999969482422,35.400001525878906,35.619998931884766,28.861202239990234,14074500,0.0,0.0
2016-09-15 00:00:00-04:00,35.7400016784668,36.650001525878906,35.540000915527344,36.560001373291016,29.622831344604492,23736000,0.0,0.0
2016-09-16 00:00:00-04:00,37.720001220703125,38.04999923706055,37.25,37.66999816894531,30.522207260131836,74577900,0.0,0.0
2016-09-19 00:00:00-04:00,37.689998626708984,38.02000045776367,37.09000015258789,37.15999984741211,30.10898780822754,30531700,0.0,0.0
2016-09-20 00:00:00-04:00,37.41999816894531,37.43000030517578,36.939998626708984,37.13999938964844,30.0927734375,24796900,0.0,0.0
2016-09-21 00:00:00-04:00,37.209999084472656,37.459999084472656,36.86000061035156,37.45000076293945,30.34395980834961,21233700,0.0,0.0
2016-09-22 00:00:00-04:00,37.599998474121094,37.83000183105469,37.439998626708984,37.54999923706055,30.42498016357422,17013400,0.0,0.0
2016-09-23 00:00:00-04:00,37.45000076293945,37.650001525878906,37.119998931884766,37.189998626708984,30.133283615112305,18062500,0.0,0.0
2016-09-26 00:00:00-04:00,36.91999816894531,36.939998626708984,36.599998474121094,36.650001525878906,29.695758819580078,25518800,0.0,0.0
2016-09-27 00:00:00-04:00,36.900001525878906,37.220001220703125,36.630001068115234,37.18000030517578,30.125192642211914,22391600,0.0,0.0
2016-09-28 00:00:00-04:00,37.310001373291016,37.5,37.150001525878906,37.439998626708984,30.335857391357422,19020800,0.0,0.0
2016-09-29 00:00:00-04:00,37.4900016784668,37.529998779296875,37.0,37.31999969482422,30.238618850708008,17675000,0.0,0.0
2016-09-30 00:00:00-04:00,37.470001220703125,37.91999816894531,37.439998626708984,37.75,30.587034225463867,24279300,0.0,0.0
2016-10-03 00:00:00-04:00,37.689998626708984,37.95000076293945,37.529998779296875,37.65999984741211,30.514116287231445,14113600,0.0,0.0
2016-10-04 00:00:00-04:00,37.77000045776367,37.939998626708984,37.33000183105469,37.540000915527344,30.416879653930664,14393100,0.0,0.0
2016-10-05 00:00:00-04:00,37.75,38.310001373291016,37.63999938964844,37.9900016784668,30.781503677368164,22420800,0.0,0.0
2016-10-06 00:00:00-04:00,37.84000015258789,38.15999984741211,37.58000183105469,38.06999969482422,30.846315383911133,15171400,0.0,0.0
2016-10-07 00:00:00-04:00,38.08000183105469,38.220001220703125,37.779998779296875,38.099998474121094,30.87061882019043,16942500,0.0,0.0
2016-10-10 00:00:00-04:00,38.25,38.36000061035156,37.900001525878906,38.02000045776367,30.805805206298828,14954300,0.0,0.0
2016-10-11 00:00:00-04:00,37.90999984741211,38.0,36.81999969482422,37.27000045776367,30.198118209838867,27650500,0.0,0.0
2016-10-12 00:00:00-04:00,37.20000076293945,37.25,36.810001373291016,37.130001068115234,30.084686279296875,14053900,0.0,0.0
2016-10-13 00:00:00-04:00,36.849998474121094,37.130001068115234,36.459999084472656,36.970001220703125,29.95504379272461,16936000,0.0,0.0
2016-10-14 00:00:00-04:00,37.189998626708984,37.70000076293945,37.15999984741211,37.45000076293945,30.34395980834961,19123900,0.0,0.0
2016-10-17 00:00:00-04:00,37.54999923706055,37.720001220703125,37.2400016784668,37.290000915527344,30.214324951171875,15788100,0.0,0.0
2016-10-18 00:00:00-04:00,37.970001220703125,38.04999923706055,37.529998779296875,37.75,30.587034225463867,42907800,0.0,0.0
2016-10-19 00:00:00-04:00,36.06999969482422,36.09000015258789,35.22999954223633,35.5099983215332,28.772071838378906,75229000,0.0,0.0
2016-10-20 00:00:00-04:00,35.40999984741211,35.66999816894531,35.099998474121094,35.43000030517578,28.707252502441406,25669500,0.0,0.0
2016-10-21 00:00:00-04:00,35.209999084472656,35.400001525878906,34.810001373291016,35.150001525878906,28.480379104614258,20813200,0.0,0.0
2016-10-24 00:00:00-04:00,35.43000030517578,35.4900016784668,35.11000061035156,35.2599983215332,28.56951332092285,21524700,0.0,0.0
2016-10-25 00:00:00-04:00,35.13999938964844,35.25,35.0099983215332,35.099998474121094,28.439865112304688,17860300,0.0,0.0
2016-10-26 00:00:00-04:00,35.040000915527344,35.209999084472656,34.7400016784668,34.91999816894531,28.294025421142578,19977600,0.0,0.0
2016-10-27 00:00:00-04:00,35.099998474121094,35.22999954223633,34.75,34.810001373291016,28.20489501953125,14634700,0.0,0.0
2016-10-28 00:00:00-04:00,34.869998931884766,35.16999816894531,34.709999084472656,34.7400016784668,28.148170471191406,22296400,0.0,0.0
2016-10-31 00:00:00-04:00,34.91999816894531,35.08000183105469,34.84000015258789,34.869998931884766,28.253509521484375,19188600,0.0,0.0
2016-11-01 00:00:00-04:00,34.900001525878906,35.15999984741211,34.27000045776367,34.52000045776367,27.969928741455078,25368200,0.0,0.0
2016-11-02 00:00:00-04:00,34.599998474121094,34.900001525878906,34.470001220703125,34.599998474121094,28.034730911254883,21416400,0.0,0.0
2016-11-03 00:00:00-04:00,34.45000076293945,34.52000045776367,33.869998931884766,33.93000030517578,27.70001792907715,19400000,0.26,0.0
2016-11-04 00:00:00-04:00,33.529998779296875,33.93000030517578,33.41999816894531,33.61000061035156,27.438779830932617,21914700,0.0,0.0
2016-11-07 00:00:00-05:00,34.2400016784668,34.75,34.150001525878906,34.689998626708984,28.320476531982422,19296600,0.0,0.0
2016-11-08 00:00:00-05:00,34.599998474121094,34.95000076293945,34.4900016784668,34.7400016784668,28.361297607421875,14833100,0.0,0.0
2016-11-09 00:00:00-05:00,34.130001068115234,34.849998474121094,33.66999816894531,34.75,28.36945343017578,25999400,0.0,0.0
2016-11-10 00:00:00-05:00,34.95000076293945,34.95000076293945,34.029998779296875,34.5,28.16536521911621,28249900,0.0,0.0
2016-11-11 00:00:00-05:00,34.56999969482422,34.869998931884766,34.34000015258789,34.61000061035156,28.255170822143555,22665000,0.0,0.0
2016-11-14 00:00:00-05:00,34.560001373291016,34.72999954223633,34.20000076293945,34.47999954223633,28.14904022216797,22558900,0.0,0.0
2016-11-15 00:00:00-05:00,34.63999938964844,35.290000915527344,34.61000061035156,34.90999984741211,28.50008773803711,20676100,0.0,0.0
2016-11-16 00:00:00-05:00,34.900001525878906,34.91999816894531,34.540000915527344,34.84000015258789,28.44292640686035,18565500,0.0,0.0
2016-11-17 00:00:00-05:00,34.810001373291016,35.02000045776367,34.630001068115234,35.02000045776367,28.589881896972656,15748500,0.0,0.0
2016-11-18 00:00:00-05:00,34.900001525878906,35.0,34.63999938964844,34.95000076293945,28.532733917236328,16806900,0.0,0.0
2016-11-21 00:00:00-05:00,35.099998474121094,35.20000076293945,34.84000015258789,34.97999954223633,28.557226181030273,14259500,0.0,0.0
2016-11-22 00:00:00-05:00,35.18000030517578,35.5,35.11000061035156,35.47999954223633,28.965429306030273,22327400,0.0,0.0
2016-11-23 00:00:00-05:00,35.47999954223633,35.52000045776367,35.099998474121094,35.20000076293945,28.736833572387695,15843100,0.0,0.0
2016-11-25 00:00:00-05:00,35.11000061035156,35.45000076293945,35.11000061035156,35.439998626708984,28.932764053344727,6372800,0.0,0.0
2016-11-28 00:00:00-05:00,35.43000030517578,35.65999984741211,35.209999084472656,35.5099983215332,28.989912033081055,13549000,0.0,0.0
2016-11-29 00:00:00-05:00,35.63999938964844,35.63999938964844,35.27000045776367,35.310001373291016,28.826637268066406,19581000,0.0,0.0
2016-11-30 00:00:00-05:00,35.20000076293945,35.29999923706055,34.70000076293945,34.70000076293945,28.328643798828125,27016100,0.0,0.0
2016-12-01 00:00:00-05:00,34.86000061035156,34.93000030517578,33.560001373291016,33.7599983215332,27.561233520507812,29618700,0.0,0.0
2016-12-02 00:00:00-05:00,33.720001220703125,34.2599983215332,33.599998474121094,34.15999984741211,27.887788772583008,21492500,0.0,0.0
2016-12-05 00:00:00-05:00,34.310001373291016,34.41999816894531,33.970001220703125,34.38999938964844,28.075557708740234,14462000,0.0,0.0
2016-12-06 00:00:00-05:00,34.38999938964844,34.75,34.29999923706055,34.720001220703125,28.344968795776367,15297700,0.0,0.0
2016-12-07 00:00:00-05:00,34.66999816894531,35.56999969482422,34.45000076293945,35.5,28.981748580932617,21710300,0.0,0.0
2016-12-08 00:00:00-05:00,35.47999954223633,36.029998779296875,35.220001220703125,35.70000076293945,29.145038604736328,19966500,0.0,0.0
2016-12-09 00:00:00-05:00,35.75,35.900001525878906,35.59000015258789,35.7599983215332,29.19400978088379,16326900,0.0,0.0
2016-12-12 00:00:00-05:00,35.779998779296875,36.09000015258789,35.66999816894531,35.970001220703125,29.365447998046875,21985800,0.0,0.0
2016-12-13 00:00:00-05:00,36.0099983215332,36.88999938964844,35.93000030517578,36.79999923706055,30.043060302734375,35773600,0.0,0.0
2016-12-14 00:00:00-05:00,36.70000076293945,36.88999938964844,36.459999084472656,36.54999923706055,29.838956832885742,30819400,0.0,0.0
2016-12-15 00:00:00-05:00,36.7400016784668,37.15999984741211,36.529998779296875,36.790000915527344,30.034894943237305,23721500,0.0,0.0
2016-12-16 00:00:00-05:00,36.720001220703125,36.869998931884766,36.09000015258789,36.310001373291016,29.643016815185547,38212800,0.0,0.0
2016-12-19 00:00:00-05:00,36.34000015258789,36.95000076293945,36.27000045776367,36.88999938964844,30.11652374267578,18744300,0.0,0.0
2016-12-20 00:00:00-05:00,36.95000076293945,37.2400016784668,36.88999938964844,37.209999084472656,30.377777099609375,18551800,0.0,0.0
2016-12-21 00:00:00-05:00,37.25,37.349998474121094,36.90999984741211,36.97999954223633,30.19001007080078,14323600,0.0,0.0
2016-12-22 00:00:00-05:00,37.22999954223633,37.2400016784668,36.810001373291016,36.93000030517578,30.149185180664062,10793900,0.0,0.0
2016-12-23 00:00:00-05:00,36.93000030517578,36.97999954223633,36.77000045776367,36.970001220703125,30.181840896606445,6287300,0.0,0.0
2016-12-27 00:00:00-05:00,36.90999984741211,37.33000183105469,36.90999984741211,37.06999969482422,30.263469696044922,9033700,0.0,0.0
2016-12-28 00:00:00-05:00,37.099998474121094,37.20000076293945,36.58000183105469,36.630001068115234,29.904266357421875,12868600,0.0,0.0
2016-12-29 00:00:00-05:00,36.5099983215332,36.720001220703125,36.43000030517578,36.65999984741211,29.928756713867188,8447300,0.0,0.0
2016-12-30 00:00:00-05:00,36.790000915527344,36.79999923706055,36.20000076293945,36.27000045776367,29.61037254333496,17468000,0.0,0.0
2017-01-03 00:00:00-05:00,36.61000061035156,36.93000030517578,36.27000045776367,36.599998474121094,29.87977409362793,20196500,0.0,0.0
2017-01-04 00:00:00-05:00,36.709999084472656,36.77000045776367,36.34000015258789,36.40999984741211,29.72466278076172,15915700,0.0,0.0
2017-01-05 00:00:00-05:00,36.45000076293945,36.720001220703125,36.310001373291016,36.349998474121094,29.67568016052246,13986000,0.0,0.0
2017-01-06 00:00:00-05:00,36.59000015258789,36.68000030517578,36.189998626708984,36.47999954223633,29.781801223754883,15114000,0.0,0.0
2017-01-09 00:00:00-05:00,36.47999954223633,36.88999938964844,36.47999954223633,36.61000061035156,29.887939453125,19461400,0.0,0.0
2017-01-10 00:00:00-05:00,36.54999923706055,36.93000030517578,36.529998779296875,36.540000915527344,29.830785751342773,15918800,0.0,0.0
2017-01-11 00:00:00-05:00,36.5099983215332,37.0,36.5099983215332,36.95000076293945,30.165512084960938,22398400,0.0,0.0
2017-01-12 00:00:00-05:00,36.83000183105469,36.83000183105469,36.31999969482422,36.709999084472656,29.969573974609375,20391900,0.0,0.0
2017-01-13 00:00:00-05:00,36.709999084472656,36.86000061035156,36.619998931884766,36.790000915527344,30.034894943237305,15072200,0.0,0.0
2017-01-17 00:00:00-05:00,36.66999816894531,36.83000183105469,36.59000015258789,36.79999923706055,30.043060302734375,20195200,0.0,0.0
2017-01-18 00:00:00-05:00,36.88999938964844,37.0099983215332,36.61000061035156,36.7599983215332,30.010404586791992,15382500,0.0,0.0
2017-01-19 00:00:00-05:00,36.5099983215332,36.90999984741211,36.5099983215332,36.56999969482422,29.855281829833984,13654500,0.0,0.0
2017-01-20 00:00:00-05:00,36.7599983215332,37.029998779296875,36.58000183105469,36.939998626708984,30.15734100341797,23950900,0.0,0.0
2017-01-23 00:00:00-05:00,37.06999969482422,37.209999084472656,36.54999923706055,36.77000045776367,30.018573760986328,27752600,0.0,0.0
2017-01-24 00:00:00-05:00,36.84000015258789,37.7400016784668,36.810001373291016,37.619998931884766,30.712491989135742,35140900,0.0,0.0
2017-01-25 00:00:00-05:00,37.869998931884766,38.0,37.52000045776367,37.79999923706055,30.859445571899414,32276400,0.0,0.0
2017-01-26 00:00:00-05:00,37.81999969482422,37.91999816894531,37.41999816894531,37.560001373291016,30.66350746154785,34144800,0.0,0.0
2017-01-27 00:00:00-05:00,38.0,38.45000076293945,37.810001373291016,37.97999954223633,31.006399154663086,44368600,0.0,0.0
2017-01-30 00:00:00-05:00,37.7400016784668,37.84000015258789,37.33000183105469,37.41999816894531,30.54920768737793,23954700,0.0,0.0
2017-01-31 00:00:00-05:00,37.220001220703125,37.369998931884766,36.63999938964844,36.81999969482422,30.059385299682617,27059100,0.0,0.0
2017-02-01 00:00:00-05:00,36.81999969482422,36.95000076293945,36.02000045776367,36.52000045776367,29.81446075439453,28380600,0.0,0.0
2017-02-02 00:00:00-05:00,36.2599983215332,36.70000076293945,36.20000076293945,36.68000030517578,29.94508171081543,31916900,0.0,0.0
2017-02-03 00:00:00-05:00,36.689998626708984,36.81999969482422,36.45000076293945,36.52000045776367,30.027301788330078,21038100,0.26,0.0
2017-02-06 00:00:00-05:00,36.5099983215332,36.5099983215332,36.150001525878906,36.27000045776367,29.821758270263672,21427000,0.0,0.0
2017-02-07 00:00:00-05:00,36.45000076293945,36.52000045776367,36.2400016784668,36.349998474121094,29.88753318786621,18581900,0.0,0.0
2017-02-08 00:00:00-05:00,36.34000015258789,36.650001525878906,36.13999938964844,36.380001068115234,29.912195205688477,20807400,0.0,0.0
2017-02-09 00:00:00-05:00,36.5,36.5,35.400001525878906,35.459999084472656,29.15575408935547,47802700,0.0,0.0
2017-02-10 00:00:00-05:00,35.2599983215332,35.43000030517578,34.84000015258789,35.34000015258789,29.057098388671875,44106500,0.0,0.0
2017-02-13 00:00:00-05:00,35.56999969482422,35.849998474121094,35.34000015258789,35.79999923706055,29.435317993164062,28180600,0.0,0.0
2017-02-14 00:00:00-05:00,35.84000015258789,35.959999084472656,35.529998779296875,35.93000030517578,29.542198181152344,25734800,0.0,0.0
2017-02-15 00:00:00-05:00,35.97999954223633,36.060001373291016,35.66999816894531,36.04999923706055,29.640869140625,18452200,0.0,0.0
2017-02-16 00:00:00-05:00,36.18000030517578,36.560001373291016,36.099998474121094,36.40999984741211,29.93686294555664,21317500,0.0,0.0
2017-02-17 00:00:00-05:00,36.31999969482422,36.47999954223633,36.099998474121094,36.47999954223633,29.99441146850586,18909900,0.0,0.0
2017-02-21 00:00:00-05:00,36.529998779296875,36.650001525878906,36.33000183105469,36.52000045776367,30.027301788330078,20556000,0.0,0.0
2017-02-22 00:00:00-05:00,36.34000015258789,36.400001525878906,35.790000915527344,36.06999969482422,29.657312393188477,29904400,0.0,0.0
2017-02-23 00:00:00-05:00,36.2400016784668,36.29999923706055,35.900001525878906,36.18000030517578,29.747756958007812,22775000,0.0,0.0
2017-02-24 00:00:00-05:00,36.13999938964844,36.529998779296875,35.95000076293945,36.529998779296875,30.035524368286133,18617600,0.0,0.0
2017-02-27 00:00:00-05:00,36.41999816894531,36.68000030517578,36.27000045776367,36.5099983215332,30.01908302307129,14065200,0.0,0.0
2017-02-28 00:00:00-05:00,36.41999816894531,36.459999084472656,36.0,36.20000076293945,29.764192581176758,24977000,0.0,0.0
2017-03-01 00:00:00-05:00,35.849998474121094,36.099998474121094,35.439998626708984,35.93000030517578,29.542198181152344,34085900,0.0,0.0
2017-03-02 00:00:00-05:00,35.93000030517578,36.02000045776367,35.650001525878906,35.90999984741211,29.525758743286133,23602100,0.0,0.0
2017-03-03 00:00:00-05:00,35.939998626708984,36.09000015258789,35.66999816894531,35.900001525878906,29.517534255981445,17538100,0.0,0.0
2017-03-06 00:00:00-05:00,35.790000915527344,35.79999923706055,35.41999816894531,35.56999969482422,29.2462100982666,24416700,0.0,0.0
2017-03-07 00:00:00-05:00,35.540000915527344,35.79999923706055,35.38999938964844,35.79999923706055,29.435317993164062,23434900,0.0,0.0
2017-03-08 00:00:00-05:00,35.66999816894531,35.900001525878906,35.529998779296875,35.619998931884766,29.287321090698242,20920100,0.0,0.0
2017-03-09 00:00:00-05:00,35.599998474121094,35.939998626708984,35.5,35.81999969482422,29.451751708984375,23616800,0.0,0.0
2017-03-10 00:00:00-05:00,36.119998931884766,36.29999923706055,35.779998779296875,35.90999984741211,29.525758743286133,25402300,0.0,0.0
2017-03-13 00:00:00-04:00,35.849998474121094,36.040000915527344,34.939998626708984,35.15999984741211,28.909095764160156,53582900,0.0,0.0
2017-03-14 00:00:00-04:00,35.060001373291016,35.22999954223633,34.65999984741211,35.18000030517578,28.925540924072266,28586900,0.0,0.0
2017-03-15 00:00:00-04:00,34.939998626708984,35.16999816894531,34.68000030517578,35.099998474121094,28.859756469726562,27996100,0.0,0.0
2017-03-16 00:00:00-04:00,35.16999816894531,35.36000061035156,35.06999969482422,35.13999938964844,28.892648696899414,19616100,0.0,0.0
2017-03-17 00:00:00-04:00,35.310001373291016,35.33000183105469,35.099998474121094,35.27000045776367,28.99953842163086,30778900,0.0,0.0
2017-03-20 00:00:00-04:00,35.369998931884766,35.630001068115234,35.2599983215332,35.43000030517578,29.13109016418457,17322300,0.0,0.0
2017-03-21 00:00:00-04:00,35.59000015258789,35.599998474121094,35.0,35.040000915527344,28.810428619384766,22814500,0.0,0.0
2017-03-22 00:00:00-04:00,35.220001220703125,35.459999084472656,35.0,35.369998931884766,29.081762313842773,19144500,0.0,0.0
2017-03-23 00:00:00-04:00,35.4900016784668,35.4900016784668,35.02000045776367,35.27000045776367,28.99953842163086,20640400,0.0,0.0
2017-03-24 00:00:00-04:00,35.650001525878906,35.72999954223633,35.119998931884766,35.15999984741211,28.909095764160156,22188000,0.0,0.0
2017-03-27 00:00:00-04:00,35.06999969482422,35.5,34.939998626708984,35.38999938964844,29.09819793701172,16992200,0.0,0.0
2017-03-28 00:00:00-04:00,35.34000015258789,35.709999084472656,35.209999084472656,35.599998474121094,29.270870208740234,18398100,0.0,0.0
2017-03-29 00:00:00-04:00,35.52000045776367,35.70000076293945,35.439998626708984,35.56999969482422,29.2462100982666,17202600,0.0,0.0
2017-03-30 00:00:00-04:00,35.58000183105469,35.88999938964844,35.52000045776367,35.75,29.394207000732422,16433000,0.0,0.0
2017-03-31 00:00:00-04:00,35.75,36.25,35.7400016784668,36.06999969482422,29.657312393188477,21438400,0.0,0.0
2017-04-03 00:00:00-04:00,36.189998626708984,36.7400016784668,36.119998931884766,36.15999984741211,29.731307983398438,32013600,0.0,0.0
2017-04-04 00:00:00-04:00,36.119998931884766,36.380001068115234,35.9900016784668,36.279998779296875,29.82996940612793,18918000,0.0,0.0
2017-04-05 00:00:00-04:00,36.43000030517578,36.7599983215332,36.16999816894531,36.220001220703125,29.780649185180664,22455500,0.0,0.0
2017-04-06 00:00:00-04:00,36.130001068115234,36.279998779296875,36.029998779296875,36.029998779296875,29.62442398071289,20198200,0.0,0.0
2017-04-07 00:00:00-04:00,36.06999969482422,36.31999969482422,35.9900016784668,36.029998779296875,29.62442398071289,15689500,0.0,0.0
2017-04-10 00:00:00-04:00,36.02000045776367,36.09000015258789,35.61000061035156,35.79999923706055,29.435317993164062,19973700,0.0,0.0
2017-04-11 00:00:00-04:00,35.77000045776367,35.790000915527344,35.209999084472656,35.7400016784668,29.385982513427734,22711800,0.0,0.0
2017-04-12 00:00:00-04:00,35.869998931884766,36.0099983215332,35.5,35.630001068115234,29.29553985595703,19289800,0.0,0.0
2017-04-13 00:00:00-04:00,35.54999923706055,35.7599983215332,35.25,35.25,28.98309326171875,15764000,0.0,0.0
2017-04-17 00:00:00-04:00,35.439998626708984,35.59000015258789,35.33000183105469,35.47999954223633,29.172210693359375,12560700,0.0,0.0
2017-04-18 00:00:00-04:00,35.43000030517578,35.810001373291016,35.29999923706055,35.77000045776367,29.41064453125,12321100,0.0,0.0
2017-04-19 00:00:00-04:00,35.970001220703125,36.220001220703125,35.88999938964844,35.90999984741211,29.525758743286133,16594600,0.0,0.0
2017-04-20 00:00:00-04:00,36.18000030517578,36.27000045776367,35.86000061035156,36.18000030517578,29.747756958007812,22968300,0.0,0.0
2017-04-21 00:00:00-04:00,36.20000076293945,36.41999816894531,35.849998474121094,36.31999969482422,29.862863540649414,20390500,0.0,0.0
2017-04-24 00:00:00-04:00,36.66999816894531,36.849998474121094,36.459999084472656,36.75,30.21641731262207,26305800,0.0,0.0
2017-04-25 00:00:00-04:00,36.77000045776367,37.0,36.65999984741211,36.869998931884766,30.31508445739746,22066800,0.0,0.0
2017-04-26 00:00:00-04:00,36.779998779296875,37.22999954223633,36.779998779296875,36.93000030517578,30.364416122436523,27241000,0.0,0.0
2017-04-27 00:00:00-04:00,36.869998931884766,37.5,36.779998779296875,37.43000030517578,30.775529861450195,39890000,0.0,0.0
2017-04-28 00:00:00-04:00,36.099998474121094,36.4900016784668,35.880001068115234,36.150001525878906,29.72308921813965,56769300,0.0,0.0
2017-05-01 00:00:00-04:00,36.11000061035156,36.400001525878906,35.939998626708984,36.310001373291016,29.854637145996094,24825600,0.0,0.0
2017-05-02 00:00:00-04:00,36.369998931884766,37.029998779296875,36.349998474121094,36.970001220703125,30.397306442260742,35813000,0.0,0.0
2017-05-03 00:00:00-04:00,36.720001220703125,37.16999816894531,36.619998931884766,36.97999954223633,30.63172721862793,22040300,0.273,0.0
2017-05-04 00:00:00-04:00,36.9900016784668,37.11000061035156,36.63999938964844,36.849998474121094,30.5240421295166,16437100,0.0,0.0
2017-05-05 00:00:00-04:00,36.86000061035156,36.93000030517578,36.5,36.81999969482422,30.49919319152832,18119200,0.0,0.0
2017-05-08 00:00:00-04:00,36.72999954223633,36.849998474121094,36.47999954223633,36.540000915527344,30.267248153686523,17660200,0.0,0.0
2017-05-09 00:00:00-04:00,36.47999954223633,36.75,36.279998779296875,36.369998931884766,30.126440048217773,17819100,0.0,0.0
2017-05-10 00:00:00-04:00,36.27000045776367,36.380001068115234,35.93000030517578,36.0099983215332,29.828229904174805,25133800,0.0,0.0
2017-05-11 00:00:00-04:00,35.90999984741211,36.0,35.45000076293945,35.689998626708984,29.563169479370117,21508900,0.0,0.0
2017-05-12 00:00:00-04:00,35.720001220703125,35.7400016784668,35.400001525878906,35.529998779296875,29.430641174316406,19730800,0.0,0.0
2017-05-15 00:00:00-04:00,35.529998779296875,35.720001220703125,35.41999816894531,35.630001068115234,29.513477325439453,22120100,0.0,0.0
2017-05-16 00:00:00-04:00,35.75,35.88999938964844,35.41999816894531,35.81999969482422,29.670854568481445,22291800,0.0,0.0
2017-05-17 00:00:00-04:00,35.66999816894531,35.9900016784668,35.02000045776367,35.040000915527344,29.02475929260254,26670200,0.0,0.0
2017-05-18 00:00:00-04:00,35.189998626708984,35.470001220703125,35.08000183105469,35.220001220703125,29.17385482788086,17171900,0.0,0.0
2017-05-19 00:00:00-04:00,35.150001525878906,35.54999923706055,35.130001068115234,35.400001525878906,29.322948455810547,18340100,0.0,0.0
2017-05-22 00:00:00-04:00,35.47999954223633,36.11000061035156,35.380001068115234,35.77000045776367,29.629438400268555,14638100,0.0,0.0
2017-05-23 00:00:00-04:00,35.869998931884766,35.9900016784668,35.560001373291016,35.86000061035156,29.703994750976562,16903700,0.0,0.0
2017-05-24 00:00:00-04:00,35.97999954223633,36.18000030517578,35.88999938964844,36.119998931884766,29.919353485107422,20640600,0.0,0.0
2017-05-25 00:00:00-04:00,36.119998931884766,36.38999938964844,36.060001373291016,36.2599983215332,30.03531265258789,13148500,0.0,0.0
2017-05-26 00:00:00-04:00,36.2599983215332,36.33000183105469,36.130001068115234,36.2599983215332,30.03531265258789,11145500,0.0,0.0
2017-05-30 00:00:00-04:00,36.27000045776367,36.439998626708984,36.09000015258789,36.18000030517578,29.96905517578125,13026900,0.0,0.0
2017-05-31 00:00:00-04:00,36.310001373291016,36.380001068115234,35.869998931884766,36.11000061035156,29.91107940673828,17741900,0.0,0.0
2017-06-01 00:00:00-04:00,36.119998931884766,36.130001068115234,35.79999923706055,36.119998931884766,29.919353485107422,17510900,0.0,0.0
2017-06-02 00:00:00-04:00,36.27000045776367,36.33000183105469,36.0,36.31999969482422,30.08502197265625,19127400,0.0,0.0
2017-06-05 00:00:00-04:00,36.29999923706055,36.5,36.20000076293945,36.34000015258789,30.10158348083496,11685700,0.0,0.0
2017-06-06 00:00:00-04:00,36.15999984741211,36.45000076293945,35.97999954223633,36.130001068115234,29.92763328552246,18420900,0.0,0.0
2017-06-07 00:00:00-04:00,36.130001068115234,36.56999969482422,36.099998474121094,36.2599983215332,30.03531265258789,17192000,0.0,0.0
2017-06-08 00:00:00-04:00,36.34000015258789,36.529998779296875,36.15999984741211,36.47999954223633,30.21755027770996,17154200,0.0,0.0
2017-06-09 00:00:00-04:00,36.5,36.560001373291016,35.310001373291016,35.709999084472656,29.57973861694336,33322100,0.0,0.0
2017-06-12 00:00:00-04:00,35.59000015258789,36.0099983215332,35.40999984741211,35.72999954223633,29.59630584716797,28488300,0.0,0.0
2017-06-13 00:00:00-04:00,35.68000030517578,35.95000076293945,35.529998779296875,35.880001068115234,29.720558166503906,20588200,0.0,0.0
2017-06-14 00:00:00-04:00,35.9900016784668,36.04999923706055,35.220001220703125,35.529998779296875,29.430641174316406,19149000,0.0,0.0
2017-06-15 00:00:00-04:00,35.209999084472656,35.47999954223633,35.13999938964844,35.310001373291016,29.248411178588867,20410000,0.0,0.0
2017-06-16 00:00:00-04:00,35.279998779296875,35.33000183105469,35.0099983215332,35.209999084472656,29.165576934814453,30762800,0.0,0.0
2017-06-19 00:00:00-04:00,35.61000061035156,35.61000061035156,35.31999969482422,35.5099983215332,29.414072036743164,21583800,0.0,0.0
2017-06-20 00:00:00-04:00,35.45000076293945,35.45000076293945,34.84000015258789,34.86000061035156,28.87565803527832,21536500,0.0,0.0
2017-06-21 00:00:00-04:00,34.33000183105469,34.599998474121094,34.09000015258789,34.58000183105469,28.643728256225586,27138500,0.0,0.0
2017-06-22 00:00:00-04:00,34.560001373291016,34.630001068115234,34.290000915527344,34.36000061035156,28.461483001708984,24602900,0.0,0.0
2017-06-23 00:00:00-04:00,34.209999084472656,34.54999923706055,34.099998474121094,34.189998626708984,28.3206787109375,29260900,0.0,0.0
2017-06-26 00:00:00-04:00,34.2599983215332,34.5099983215332,34.029998779296875,34.06999969482422,28.221275329589844,18854800,0.0,0.0
2017-06-27 00:00:00-04:00,34.0,34.150001525878906,33.650001525878906,33.650001525878906,27.873374938964844,27078900,0.0,0.0
2017-06-28 00:00:00-04:00,33.77000045776367,34.2400016784668,33.7400016784668,34.20000076293945,28.328962326049805,25940100,0.0,0.0
2017-06-29 00:00:00-04:00,33.91999816894531,34.099998474121094,33.34000015258789,33.540000915527344,27.78226089477539,25215700,0.0,0.0
2017-06-30 00:00:00-04:00,33.869998931884766,33.93000030517578,33.529998779296875,33.7400016784668,27.94792366027832,24432000,0.0,0.0
2017-07-03 00:00:00-04:00,33.5099983215332,34.029998779296875,33.43000030517578,33.459999084472656,27.715988159179688,12676900,0.0,0.0
2017-07-05 00:00:00-04:00,33.52000045776367,34.43000030517578,33.4900016784668,34.34000015258789,28.444921493530273,30010800,0.0,0.0
2017-07-06 00:00:00-04:00,34.119998931884766,34.290000915527344,33.560001373291016,33.630001068115234,27.856807708740234,20733200,0.0,0.0
2017-07-07 00:00:00-04:00,33.70000076293945,34.119998931884766,33.70000076293945,33.880001068115234,28.063892364501953,18304500,0.0,0.0
2017-07-10 00:00:00-04:00,33.25,33.7400016784668,33.22999954223633,33.650001525878906,27.873374938964844,29918400,0.0,0.0
2017-07-11 00:00:00-04:00,33.63999938964844,33.93000030517578,33.43000030517578,33.91999816894531,28.097021102905273,25737500,0.0,0.0
2017-07-12 00:00:00-04:00,34.279998779296875,34.38999938964844,33.939998626708984,34.25,28.370378494262695,23768300,0.0,0.0
2017-07-13 00:00:00-04:00,34.33000183105469,34.400001525878906,34.119998931884766,34.2400016784668,28.362096786499023,15046200,0.0,0.0
2017-07-14 00:00:00-04:00,34.47999954223633,34.709999084472656,34.27000045776367,34.68000030517578,28.726566314697266,16316400,0.0,0.0
2017-07-17 00:00:00-04:00,34.7400016784668,34.7400016784668,34.36000061035156,34.470001220703125,28.5526123046875,21044400,0.0,0.0
2017-07-18 00:00:00-04:00,34.43000030517578,34.58000183105469,34.25,34.529998779296875,28.60230827331543,14362800,0.0,0.0
2017-07-19 00:00:00-04:00,34.68000030517578,34.68000030517578,34.459999084472656,34.560001373291016,28.62715721130371,17036200,0.0,0.0
2017-07-20 00:00:00-04:00,34.540000915527344,34.84000015258789,34.47999954223633,34.75,28.7845401763916,17506200,0.0,0.0
2017-07-21 00:00:00-04:00,34.540000915527344,34.81999969482422,34.400001525878906,34.72999954223633,28.767969131469727,22245000,0.0,0.0
2017-07-24 00:00:00-04:00,34.72999954223633,34.79999923706055,34.380001068115234,34.5,28.57746124267578,16146300,0.0,0.0
2017-07-25 00:00:00-04:00,34.54999923706055,34.7400016784668,34.400001525878906,34.66999816894531,28.718276977539062,18096700,0.0,0.0
2017-07-26 00:00:00-04:00,34.70000076293945,34.970001220703125,34.59000015258789,34.75,28.7845401763916,15499300,0.0,0.0
2017-07-27 00:00:00-04:00,34.779998779296875,35.25,34.66999816894531,34.970001220703125,28.96677589416504,43062800,0.0,0.0
2017-07-28 00:00:00-04:00,35.130001068115234,35.86000061035156,35.0,35.310001373291016,29.248411178588867,36291500,0.0,0.0
2017-07-31 00:00:00-04:00,35.470001220703125,35.7400016784668,35.31999969482422,35.470001220703125,29.380939483642578,27057000,0.0,0.0
2017-08-01 00:00:00-04:00,35.65999984741211,36.43000030517578,35.56999969482422,36.349998474121094,30.10987663269043,38710200,0.0,0.0
2017-08-02 00:00:00-04:00,36.33000183105469,36.66999816894531,36.060001373291016,36.63999938964844,30.350086212158203,35004300,0.0,0.0
2017-08-03 00:00:00-04:00,36.54999923706055,36.59000015258789,36.150001525878906,36.4900016784668,30.452741622924805,26611300,0.273,0.0
2017-08-04 00:00:00-04:00,36.45000076293945,36.560001373291016,36.099998474121094,36.29999923706055,30.29417610168457,20520300,0.0,0.0
2017-08-07 00:00:00-04:00,36.38999938964844,36.54999923706055,36.220001220703125,36.43000030517578,30.402658462524414,18169300,0.0,0.0
2017-08-08 00:00:00-04:00,36.369998931884766,36.70000076293945,36.29999923706055,36.40999984741211,30.38597297668457,22819900,0.0,0.0
2017-08-09 00:00:00-04:00,36.279998779296875,36.65999984741211,36.02000045776367,36.59000015258789,30.536195755004883,22796800,0.0,0.0
2017-08-10 00:00:00-04:00,36.400001525878906,36.560001373291016,36.11000061035156,36.13999938964844,30.1606502532959,22693300,0.0,0.0
2017-08-11 00:00:00-04:00,36.2599983215332,36.400001525878906,35.790000915527344,35.869998931884766,29.9353084564209,19275100,0.0,0.0
2017-08-14 00:00:00-04:00,36.119998931884766,36.470001220703125,36.08000183105469,36.34000015258789,30.32754898071289,18469400,0.0,0.0
2017-08-15 00:00:00-04:00,36.29999923706055,36.31999969482422,35.81999969482422,36.0,30.04380989074707,21706600,0.0,0.0
2017-08-16 00:00:00-04:00,35.97999954223633,36.06999969482422,35.560001373291016,35.810001373291016,29.885250091552734,22014000,0.0,0.0
2017-08-17 00:00:00-04:00,35.599998474121094,35.68000030517578,35.16999816894531,35.16999816894531,29.35112762451172,19525000,0.0,0.0
2017-08-18 00:00:00-04:00,35.290000915527344,35.310001373291016,34.9900016784668,35.0099983215332,29.217607498168945,16231400,0.0,0.0
2017-08-21 00:00:00-04:00,35.09000015258789,35.279998779296875,34.70000076293945,34.91999816894531,29.142498016357422,26493300,0.0,0.0
2017-08-22 00:00:00-04:00,35.02000045776367,35.189998626708984,34.619998931884766,34.650001525878906,28.91716957092285,26097800,0.0,0.0
2017-08-23 00:00:00-04:00,34.540000915527344,34.810001373291016,34.380001068115234,34.65999984741211,28.925519943237305,19648100,0.0,0.0
2017-08-24 00:00:00-04:00,34.70000076293945,34.88999938964844,34.54999923706055,34.709999084472656,28.967248916625977,14301900,0.0,0.0
2017-08-25 00:00:00-04:00,34.81999969482422,34.93000030517578,34.58000183105469,34.66999816894531,28.933862686157227,14726800,0.0,0.0
2017-08-28 00:00:00-04:00,34.779998779296875,34.79999923706055,34.59000015258789,34.650001525878906,28.91716957092285,20712900,0.0,0.0
2017-08-29 00:00:00-04:00,34.5099983215332,34.75,34.459999084472656,34.72999954223633,28.983924865722656,15843700,0.0,0.0
2017-08-30 00:00:00-04:00,34.75,34.959999084472656,34.630001068115234,34.88999938964844,29.11745834350586,18565000,0.0,0.0
2017-08-31 00:00:00-04:00,34.939998626708984,35.18000030517578,34.869998931884766,35.06999969482422,29.267677307128906,16366800,0.0,0.0
2017-09-01 00:00:00-04:00,35.2400016784668,35.38999938964844,35.06999969482422,35.09000015258789,29.284366607666016,12822000,0.0,0.0
2017-09-05 00:00:00-04:00,35.02000045776367,35.33000183105469,34.93000030517578,35.02000045776367,29.225950241088867,18772000,0.0,0.0
2017-09-06 00:00:00-04:00,35.220001220703125,35.939998626708984,35.11000061035156,35.7599983215332,29.84351921081543,28076400,0.0,0.0
2017-09-07 00:00:00-04:00,35.880001068115234,35.95000076293945,35.33000183105469,35.540000915527344,29.659915924072266,16297100,0.0,0.0
2017-09-08 00:00:00-04:00,35.41999816894531,35.540000915527344,35.08000183105469,35.189998626708984,29.367822647094727,14125000,0.0,0.0
2017-09-11 00:00:00-04:00,35.4900016784668,36.0,35.13999938964844,35.77000045776367,29.851863861083984,20037600,0.0,0.0
2017-09-12 00:00:00-04:00,35.880001068115234,36.34000015258789,35.7400016784668,36.09000015258789,30.11892318725586,19489900,0.0,0.0
2017-09-13 00:00:00-04:00,36.0,36.400001525878906,35.970001220703125,36.33000183105469,30.319210052490234,15509800,0.0,0.0
2017-09-14 00:00:00-04:00,36.189998626708984,36.70000076293945,36.15999984741211,36.47999954223633,30.44439125061035,18093900,0.0,0.0
2017-09-15 00:00:00-04:00,36.54999923706055,37.08000183105469,36.220001220703125,37.0,30.87835693359375,33596100,0.0,0.0
2017-09-18 00:00:00-04:00,37.0,37.33000183105469,36.79999923706055,37.0,30.87835693359375,19393800,0.0,0.0
2017-09-19 00:00:00-04:00,37.20000076293945,37.29999923706055,37.02000045776367,37.22999954223633,31.070302963256836,23850500,0.0,0.0
2017-09-20 00:00:00-04:00,37.22999954223633,37.290000915527344,36.65999984741211,37.06999969482422,30.9367733001709,23957500,0.0,0.0
2017-09-21 00:00:00-04:00,36.9900016784668,37.27000045776367,36.849998474121094,37.20000076293945,31.045272827148438,22954200,0.0,0.0
2017-09-22 00:00:00-04:00,36.95000076293945,37.220001220703125,36.95000076293945,37.18000030517578,31.028583526611328,21631800,0.0,0.0
2017-09-25 00:00:00-04:00,37.04999923706055,37.22999954223633,36.849998474121094,37.15999984741211,31.01188850402832,23180800,0.0,0.0
2017-09-26 00:00:00-04:00,37.209999084472656,37.63999938964844,37.0,37.470001220703125,31.270605087280273,29790400,0.0,0.0
2017-09-27 00:00:00-04:00,37.619998931884766,37.689998626708984,37.099998474121094,37.540000915527344,31.32901382446289,25981400,0.0,0.0
2017-09-28 00:00:00-04:00,37.31999969482422,37.880001068115234,37.290000915527344,37.83000183105469,31.571035385131836,21171400,0.0,0.0
2017-09-29 00:00:00-04:00,37.84000015258789,38.150001525878906,37.70000076293945,38.08000183105469,31.779678344726562,23217300,0.0,0.0
2017-10-02 00:00:00-04:00,38.119998931884766,39.09000015258789,38.08000183105469,39.040000915527344,32.580841064453125,37394500,0.0,0.0
2017-10-03 00:00:00-04:00,38.95000076293945,39.70000076293945,38.95000076293945,39.380001068115234,32.86458969116211,34002200,0.0,0.0
2017-10-04 00:00:00-04:00,39.38999938964844,39.400001525878906,38.86000061035156,39.34000015258789,32.83120346069336,28368800,0.0,0.0
2017-10-05 00:00:00-04:00,39.5,39.650001525878906,39.209999084472656,39.529998779296875,32.98978042602539,17710300,0.0,0.0
2017-10-06 00:00:00-04:00,39.599998474121094,39.88999938964844,39.41999816894531,39.630001068115234,33.073219299316406,18887500,0.0,0.0
2017-10-09 00:00:00-04:00,39.68000030517578,39.880001068115234,39.52000045776367,39.86000061035156,33.26517105102539,18494100,0.0,0.0
2017-10-10 00:00:00-04:00,39.93000030517578,39.95000076293945,39.380001068115234,39.650001525878906,33.08991622924805,29890000,0.0,0.0
2017-10-11 00:00:00-04:00,39.47999954223633,39.66999816894531,39.060001373291016,39.29999923706055,32.797828674316406,30754700,0.0,0.0
2017-10-12 00:00:00-04:00,39.349998474121094,39.38999938964844,38.97999954223633,39.189998626708984,32.70601272583008,18286900,0.0,0.0
2017-10-13 00:00:00-04:00,39.439998626708984,39.810001373291016,39.279998779296875,39.66999816894531,33.10661697387695,16829400,0.0,0.0
2017-10-16 00:00:00-04:00,39.709999084472656,39.790000915527344,39.439998626708984,39.7599983215332,33.181724548339844,12489100,0.0,0.0
2017-10-17 00:00:00-04:00,39.560001373291016,39.869998931884766,39.369998931884766,39.790000915527344,33.20675277709961,15532800,0.0,0.0
2017-10-18 00:00:00-04:00,39.79999923706055,40.290000915527344,39.599998474121094,40.25,33.59064865112305,21424600,0.0,0.0
2017-10-19 00:00:00-04:00,39.880001068115234,40.33000183105469,39.83000183105469,40.09000015258789,33.457122802734375,19222700,0.0,0.0
2017-10-20 00:00:00-04:00,40.33000183105469,40.45000076293945,40.099998474121094,40.43000030517578,33.740875244140625,18335700,0.0,0.0
2017-10-23 00:00:00-04:00,40.54999923706055,41.040000915527344,40.400001525878906,40.83000183105469,34.074684143066406,28647000,0.0,0.0
2017-10-24 00:00:00-04:00,41.0,41.04999923706055,40.720001220703125,40.95000076293945,34.17483139038086,19652400,0.0,0.0
2017-10-25 00:00:00-04:00,40.88999938964844,41.060001373291016,40.4900016784668,40.779998779296875,34.03295135498047,24031700,0.0,0.0
2017-10-26 00:00:00-04:00,40.90999984741211,41.58000183105469,40.709999084472656,41.349998474121094,34.50865173339844,38247400,0.0,0.0
2017-10-27 00:00:00-04:00,43.29999923706055,45.0,43.099998474121094,44.400001525878906,37.05404281616211,90028300,0.0,0.0
2017-10-30 00:00:00-04:00,44.47999954223633,45.189998626708984,43.880001068115234,44.369998931884766,37.02899932861328,48161500,0.0,0.0
2017-10-31 00:00:00-04:00,45.20000076293945,45.79999923706055,44.650001525878906,45.4900016784668,37.963687896728516,47000900,0.0,0.0
2017-11-01 00:00:00-04:00,45.970001220703125,46.709999084472656,45.59000015258789,46.709999084472656,38.981842041015625,47813700,0.0,0.0
2017-11-02 00:00:00-04:00,46.61000061035156,47.22999954223633,46.209999084472656,47.099998474121094,39.30732345581055,44602300,0.0,0.0
2017-11-03 00:00:00-04:00,47.20000076293945,47.29999923706055,45.599998474121094,46.34000015258789,38.673057556152344,39298100,0.0,0.0
2017-11-06 00:00:00-05:00,46.599998474121094,46.7400016784668,46.09000015258789,46.70000076293945,39.204471588134766,34035000,0.273,0.0
2017-11-07 00:00:00-05:00,46.70000076293945,47.09000015258789,46.38999938964844,46.779998779296875,39.27162551879883,24461400,0.0,0.0
2017-11-08 00:00:00-05:00,46.619998931884766,46.70000076293945,46.279998779296875,46.70000076293945,39.204471588134766,21565800,0.0,0.0
2017-11-09 00:00:00-05:00,46.04999923706055,46.38999938964844,45.650001525878906,46.29999923706055,38.86865997314453,25570400,0.0,0.0
2017-11-10 00:00:00-05:00,46.040000915527344,46.09000015258789,45.380001068115234,45.58000183105469,38.26422882080078,24095400,0.0,0.0
2017-11-13 00:00:00-05:00,45.2599983215332,45.939998626708984,45.25,45.75,38.40695571899414,18999000,0.0,0.0
2017-11-14 00:00:00-05:00,45.70000076293945,45.91999816894531,45.31999969482422,45.86000061035156,38.49928665161133,22201200,0.0,0.0
2017-11-15 00:00:00-05:00,45.38999938964844,45.810001373291016,45.16999816894531,45.459999084472656,38.163490295410156,17157200,0.0,0.0
2017-11-16 00:00:00-05:00,45.630001068115234,46.06999969482422,45.459999084472656,45.650001525878906,38.322994232177734,26439400,0.0,0.0
2017-11-17 00:00:00-05:00,45.5,45.619998931884766,44.619998931884766,44.630001068115234,37.46670913696289,63798000,0.0,0.0
2017-11-20 00:00:00-05:00,44.72999954223633,45.119998931884766,44.5,44.619998931884766,37.45831298828125,22420000,0.0,0.0
2017-11-21 00:00:00-05:00,44.720001220703125,45.220001220703125,44.709999084472656,44.939998626708984,37.726951599121094,21871000,0.0,0.0
2017-11-22 00:00:00-05:00,44.939998626708984,44.95000076293945,44.540000915527344,44.650001525878906,37.483489990234375,19538300,0.0,0.0
2017-11-24 00:00:00-05:00,44.54999923706055,44.779998779296875,44.43000030517578,44.75,37.567440032958984,6465800,0.0,0.0
2017-11-27 00:00:00-05:00,44.41999816894531,44.61000061035156,44.27000045776367,44.4900016784668,37.349178314208984,18202100,0.0,0.0
2017-11-28 00:00:00-05:00,44.650001525878906,44.84000015258789,44.31999969482422,44.72999954223633,37.550655364990234,20194100,0.0,0.0
2017-11-29 00:00:00-05:00,44.849998474121094,45.09000015258789,43.77000045776367,43.95000076293945,36.89585876464844,27036900,0.0,0.0
2017-11-30 00:00:00-05:00,44.36000061035156,45.20000076293945,44.33000183105469,44.84000015258789,37.643009185791016,34145300,0.0,0.0
2017-12-01 00:00:00-05:00,44.72999954223633,44.84000015258789,43.529998779296875,44.68000030517578,37.50867462158203,26656300,0.0,0.0
2017-12-04 00:00:00-05:00,45.02000045776367,45.29999923706055,44.33000183105469,44.4900016784668,37.349178314208984,28000800,0.0,0.0
2017-12-05 00:00:00-05:00,44.599998474121094,44.900001525878906,43.22999954223633,43.439998626708984,36.46770477294922,30626900,0.0,0.0
2017-12-06 00:00:00-05:00,43.13999938964844,43.720001220703125,42.66999816894531,43.45000076293945,36.47610092163086,27710800,0.0,0.0
2017-12-07 00:00:00-05:00,43.459999084472656,43.599998474121094,42.779998779296875,43.08000183105469,36.16548538208008,32708400,0.0,0.0
2017-12-08 00:00:00-05:00,43.349998474121094,43.58000183105469,43.11000061035156,43.349998474121094,36.39215087890625,23154700,0.0,0.0
2017-12-11 00:00:00-05:00,43.279998779296875,43.779998779296875,43.25,43.65999984741211,36.65239715576172,20425900,0.0,0.0
2017-12-12 00:00:00-05:00,43.470001220703125,43.619998931884766,43.08000183105469,43.33000183105469,36.37535858154297,16557400,0.0,0.0
2017-12-13 00:00:00-05:00,43.650001525878906,43.65999984741211,43.2400016784668,43.34000015258789,36.38375473022461,21399500,0.0,0.0
2017-12-14 00:00:00-05:00,43.43000030517578,43.56999969482422,43.02000045776367,43.2599983215332,36.316585540771484,19644900,0.0,0.0
2017-12-15 00:00:00-05:00,43.400001525878906,44.84000015258789,43.06999969482422,44.560001373291016,37.4079475402832,47477000,0.0,0.0
2017-12-18 00:00:00-05:00,45.150001525878906,46.349998474121094,45.040000915527344,46.2599983215332,38.8350715637207,50369300,0.0,0.0
2017-12-19 00:00:00-05:00,46.29999923706055,47.2599983215332,45.88999938964844,47.040000915527344,39.48988723754883,41421100,0.0,0.0
2017-12-20 00:00:00-05:00,47.470001220703125,47.63999938964844,46.65999984741211,47.560001373291016,39.92642593383789,40935000,0.0,0.0
2017-12-21 00:00:00-05:00,47.540000915527344,47.59000015258789,46.560001373291016,46.7599983215332,39.254825592041016,42963500,0.0,0.0
2017-12-22 00:00:00-05:00,46.33000183105469,47.02000045776367,46.02000045776367,46.70000076293945,39.204471588134766,33913500,0.0,0.0
2017-12-26 00:00:00-05:00,46.279998779296875,46.470001220703125,45.95000076293945,46.08000183105469,38.6839714050293,15533300,0.0,0.0
2017-12-27 00:00:00-05:00,46.11000061035156,46.36000061035156,46.0,46.11000061035156,38.70915603637695,13359700,0.0,0.0
2017-12-28 00:00:00-05:00,46.36000061035156,46.36000061035156,45.95000076293945,46.220001220703125,38.801509857177734,9504400,0.0,0.0
2017-12-29 00:00:00-05:00,46.209999084472656,46.4900016784668,46.09000015258789,46.15999984741211,38.75113296508789,17394500,0.0,0.0
2018-01-02 00:00:00-05:00,46.380001068115234,46.900001525878906,46.209999084472656,46.849998474121094,39.33038330078125,23370800,0.0,0.0
2018-01-03 00:00:00-05:00,45.470001220703125,46.209999084472656,43.650001525878906,45.2599983215332,37.99557876586914,116479000,0.0,0.0
2018-01-04 00:00:00-05:00,43.52000045776367,44.650001525878906,42.689998626708984,44.43000030517578,37.298805236816406,89209100,0.0,0.0
2018-01-05 00:00:00-05:00,44.43000030517578,45.150001525878906,43.900001525878906,44.7400016784668,37.559051513671875,41824000,0.0,0.0
2018-01-08 00:00:00-05:00,44.27000045776367,44.84000015258789,43.959999084472656,44.7400016784668,37.559051513671875,33733800,0.0,0.0
2018-01-09 00:00:00-05:00,44.70000076293945,44.84000015258789,43.4900016784668,43.619998931884766,36.61880874633789,44282300,0.0,0.0
2018-01-10 00:00:00-05:00,43.33000183105469,43.599998474121094,42.439998626708984,42.5,35.678585052490234,45735000,0.0,0.0
2018-01-11 00:00:00-05:00,42.79999923706055,43.58000183105469,42.45000076293945,43.40999984741211,36.4425163269043,35371500,0.0,0.0
2018-01-12 00:00:00-05:00,43.45000076293945,43.599998474121094,43.0099983215332,43.2400016784668,36.299808502197266,29973600,0.0,0.0
2018-01-16 00:00:00-05:00,43.54999923706055,43.790000915527344,42.88999938964844,43.13999938964844,36.21586227416992,38367200,0.0,0.0
2018-01-17 00:00:00-05:00,43.54999923706055,44.45000076293945,43.5099983215332,44.38999938964844,37.26522445678711,32368600,0.0,0.0
2018-01-18 00:00:00-05:00,44.400001525878906,44.7400016784668,44.16999816894531,44.47999954223633,37.34077835083008,26826500,0.0,0.0
2018-01-19 00:00:00-05:00,44.619998931884766,44.88999938964844,44.25,44.81999969482422,37.626216888427734,25780200,0.0,0.0
2018-01-22 00:00:00-05:00,44.79999923706055,45.790000915527344,44.790000915527344,45.75,38.40695571899414,27706800,0.0,0.0
2018-01-23 00:00:00-05:00,45.810001373291016,46.09000015258789,45.630001068115234,46.060001373291016,38.66718292236328,22135100,0.0,0.0
2018-01-24 00:00:00-05:00,45.900001525878906,46.130001068115234,44.959999084472656,45.5099983215332,38.2054557800293,32464200,0.0,0.0
2018-01-25 00:00:00-05:00,45.880001068115234,46.369998931884766,45.16999816894531,45.29999923706055,38.0291633605957,36758700,0.0,0.0
2018-01-26 00:00:00-05:00,48.380001068115234,50.150001525878906,48.119998931884766,50.08000183105469,42.041969299316406,86916100,0.0,0.0
2018-01-29 00:00:00-05:00,49.599998474121094,50.849998474121094,49.369998931884766,49.97999954223633,41.958011627197266,46304000,0.0,0.0
2018-01-30 00:00:00-05:00,49.47999954223633,50.060001373291016,48.7400016784668,48.790000915527344,40.95901870727539,32814600,0.0,0.0
2018-01-31 00:00:00-05:00,49.22999954223633,49.25,47.560001373291016,48.13999938964844,40.41334533691406,41619900,0.0,0.0
2018-02-01 00:00:00-05:00,47.70000076293945,48.470001220703125,47.45000076293945,47.650001525878906,40.00197982788086,28840400,0.0,0.0
2018-02-02 00:00:00-05:00,47.31999969482422,47.790000915527344,46.099998474121094,46.150001525878906,38.742733001708984,28663000,0.0,0.0
2018-02-05 00:00:00-05:00,46.349998474121094,47.2599983215332,44.5,44.52000045776367,37.374359130859375,47869000,0.0,0.0
2018-02-06 00:00:00-05:00,44.02000045776367,44.93000030517578,43.029998779296875,44.90999984741211,37.957542419433594,58145400,0.3,0.0
2018-02-07 00:00:00-05:00,44.58000183105469,46.29999923706055,44.34000015258789,45.20000076293945,38.20264434814453,37508400,0.0,0.0
2018-02-08 00:00:00-05:00,45.279998779296875,45.41999816894531,42.7400016784668,42.75,36.13192367553711,43151300,0.0,0.0
2018-02-09 00:00:00-05:00,43.5,44.279998779296875,42.040000915527344,43.95000076293945,37.14616775512695,49301100,0.0,0.0
2018-02-12 00:00:00-05:00,44.150001525878906,45.15999984741211,44.09000015258789,44.83000183105469,37.889930725097656,28379500,0.0,0.0
2018-02-13 00:00:00-05:00,44.59000015258789,44.779998779296875,44.2599983215332,44.459999084472656,37.57720184326172,19517600,0.0,0.0
2018-02-14 00:00:00-05:00,44.06999969482422,45.5099983215332,44.040000915527344,45.380001068115234,38.35478591918945,19922000,0.0,0.0
2018-02-15 00:00:00-05:00,45.880001068115234,45.9900016784668,44.95000076293945,45.91999816894531,38.811180114746094,23536800,0.0,0.0
2018-02-16 00:00:00-05:00,45.81999969482422,46.59000015258789,45.5099983215332,45.560001373291016,38.506927490234375,21475200,0.0,0.0
2018-02-20 00:00:00-05:00,45.459999084472656,46.709999084472656,45.38999938964844,46.31999969482422,39.149261474609375,25512000,0.0,0.0
2018-02-21 00:00:00-05:00,46.66999816894531,47.060001373291016,45.91999816894531,45.939998626708984,38.828086853027344,27527500,0.0,0.0
2018-02-22 00:00:00-05:00,46.13999938964844,46.560001373291016,45.619998931884766,45.79999923706055,38.70976638793945,16946400,0.0,0.0
2018-02-23 00:00:00-05:00,46.34000015258789,47.790000915527344,46.310001373291016,47.72999954223633,40.34097671508789,26040900,0.0,0.0
2018-02-26 00:00:00-05:00,48.20000076293945,49.130001068115234,48.099998474121094,49.11000061035156,41.50733947753906,26992300,0.0,0.0
2018-02-27 00:00:00-05:00,49.369998931884766,50.900001525878906,49.310001373291016,49.90999984741211,42.18349075317383,43624100,0.0,0.0
2018-02-28 00:00:00-05:00,50.18000030517578,50.34000015258789,49.279998779296875,49.290000915527344,41.65948486328125,35541200,0.0,0.0
2018-03-01 00:00:00-05:00,49.5,49.720001220703125,47.470001220703125,47.84000015258789,40.43395233154297,36326600,0.0,0.0
2018-03-02 00:00:00-05:00,47.20000076293945,49.04999923706055,46.959999084472656,48.97999954223633,41.39748001098633,33310600,0.0,0.0
2018-03-05 00:00:00-05:00,48.56999969482422,49.79999923706055,48.040000915527344,49.75,42.04826736450195,30826500,0.0,0.0
2018-03-06 00:00:00-05:00,50.15999984741211,51.33000183105469,50.150001525878906,50.709999084472656,42.85964584350586,39132300,0.0,0.0
2018-03-07 00:00:00-05:00,50.18000030517578,51.4900016784668,50.099998474121094,51.31999969482422,43.375221252441406,31801900,0.0,0.0
2018-03-08 00:00:00-05:00,51.790000915527344,52.08000183105469,50.470001220703125,50.7400016784668,42.885009765625,29481200,0.0,0.0
2018-03-09 00:00:00-05:00,51.27000045776367,52.29999923706055,51.0,52.189998626708984,44.11053466796875,32727900,0.0,0.0
2018-03-12 00:00:00-04:00,51.86000061035156,51.95000076293945,50.5,51.52000045776367,43.54425811767578,32044400,0.0,0.0
2018-03-13 00:00:00-04:00,52.52000045776367,53.779998779296875,51.38999938964844,51.779998779296875,43.763999938964844,45573900,0.0,0.0
2018-03-14 00:00:00-04:00,52.060001373291016,52.18000030517578,51.310001373291016,51.86000061035156,43.831626892089844,24993500,0.0,0.0
2018-03-15 00:00:00-04:00,52.22999954223633,52.29999923706055,50.880001068115234,50.880001068115234,43.00334167480469,25631200,0.0,0.0
2018-03-16 00:00:00-04:00,51.16999816894531,51.70000076293945,50.9900016784668,51.16999816894531,43.24843215942383,42559800,0.0,0.0
2018-03-19 00:00:00-04:00,50.7400016784668,51.22999954223633,49.93000030517578,50.83000183105469,42.96107482910156,31115200,0.0,0.0
2018-03-20 00:00:00-04:00,50.880001068115234,51.810001373291016,50.849998474121094,51.54999923706055,43.56960678100586,22215000,0.0,0.0
2018-03-21 00:00:00-04:00,51.54999923706055,52.16999816894531,51.16999816894531,51.560001373291016,43.57806396484375,23239500,0.0,0.0
2018-03-22 00:00:00-04:00,50.7400016784668,51.959999084472656,50.599998474121094,50.83000183105469,42.96107482910156,30916000,0.0,0.0
2018-03-23 00:00:00-04:00,50.59000015258789,50.9900016784668,49.36000061035156,49.36000061035156,41.7186279296875,37683900,0.0,0.0
2018-03-26 00:00:00-04:00,50.7400016784668,52.4900016784668,50.31999969482422,52.47999954223633,44.35563278198242,39306200,0.0,0.0
2018-03-27 00:00:00-04:00,53.0099983215332,53.25,50.779998779296875,51.189998626708984,43.26534652709961,38777000,0.0,0.0
2018-03-28 00:00:00-04:00,50.5,50.70000076293945,49.0099983215332,49.599998474121094,41.921485900878906,37970900,0.0,0.0
2018-03-29 00:00:00-04:00,49.97999954223633,52.08000183105469,49.869998931884766,52.08000183105469,44.0175666809082,45265800,0.0,0.0
2018-04-02 00:00:00-04:00,51.689998626708984,52.040000915527344,47.290000915527344,48.91999816894531,41.34675598144531,67187800,0.0,0.0
2018-04-03 00:00:00-04:00,49.0,49.959999084472656,48.40999984741211,49.75,42.04826736450195,39432400,0.0,0.0
2018-04-04 00:00:00-04:00,48.099998474121094,50.15999984741211,48.0099983215332,49.9900016784668,42.25111389160156,30370000,0.0,0.0
2018-04-05 00:00:00-04:00,50.0099983215332,50.720001220703125,49.970001220703125,50.380001068115234,42.58074951171875,25115400,0.0,0.0
2018-04-06 00:00:00-04:00,49.790000915527344,50.400001525878906,48.5,48.790000915527344,41.23689270019531,28215200,0.0,0.0
2018-04-09 00:00:00-04:00,49.15999984741211,51.11000061035156,49.15999984741211,49.54999923706055,41.87922668457031,31437000,0.0,0.0
2018-04-10 00:00:00-04:00,51.119998931884766,51.4900016784668,50.34000015258789,51.27000045776367,43.33296585083008,25906400,0.0,0.0
2018-04-11 00:00:00-04:00,50.9900016784668,51.72999954223633,50.81999969482422,51.099998474121094,43.18927764892578,17568400,0.0,0.0
2018-04-12 00:00:00-04:00,51.4900016784668,53.27000045776367,51.45000076293945,52.720001220703125,44.55849075317383,29781400,0.0,0.0
2018-04-13 00:00:00-04:00,53.060001373291016,53.209999084472656,51.599998474121094,51.86000061035156,43.831626892089844,20884900,0.0,0.0
2018-04-16 00:00:00-04:00,52.290000915527344,52.529998779296875,51.790000915527344,52.400001525878906,44.28803253173828,18855500,0.0,0.0
2018-04-17 00:00:00-04:00,52.90999984741211,53.70000076293945,52.88999938964844,53.540000915527344,45.25156021118164,21228700,0.0,0.0
2018-04-18 00:00:00-04:00,53.52000045776367,54.36000061035156,53.34000015258789,53.61000061035156,45.31071090698242,22164700,0.0,0.0
2018-04-19 00:00:00-04:00,52.95000076293945,52.959999084472656,51.61000061035156,52.220001220703125,44.135902404785156,25422400,0.0,0.0
2018-04-20 00:00:00-04:00,52.16999816894531,52.279998779296875,50.880001068115234,51.529998779296875,43.552711486816406,26910100,0.0,0.0
2018-04-23 00:00:00-04:00,51.689998626708984,51.88999938964844,50.849998474121094,51.099998474121094,43.18927764892578,21706700,0.0,0.0
2018-04-24 00:00:00-04:00,51.869998931884766,53.63999938964844,51.13999938964844,51.45000076293945,43.48508834838867,42494700,0.0,0.0
2018-04-25 00:00:00-04:00,51.86000061035156,52.099998474121094,50.599998474121094,51.380001068115234,43.425933837890625,25752800,0.0,0.0
2018-04-26 00:00:00-04:00,52.2599983215332,53.27000045776367,52.06999969482422,53.04999923706055,44.83740234375,39575000,0.0,0.0
2018-04-27 00:00:00-04:00,55.439998626708984,55.790000915527344,52.22999954223633,52.72999954223633,44.56693649291992,69888100,0.0,0.0
2018-04-30 00:00:00-04:00,52.560001373291016,53.369998931884766,51.209999084472656,51.619998931884766,43.6287727355957,36417400,0.0,0.0
2018-05-01 00:00:00-04:00,51.63999938964844,53.41999816894531,51.439998626708984,53.33000183105469,45.07404708862305,27600800,0.0,0.0
2018-05-02 00:00:00-04:00,53.09000015258789,53.20000076293945,52.150001525878906,52.310001373291016,44.21195983886719,25778300,0.0,0.0
2018-05-03 00:00:00-04:00,51.88999938964844,52.560001373291016,51.209999084472656,52.279998779296875,44.18659973144531,28561000,0.0,0.0
2018-05-04 00:00:00-04:00,51.619998931884766,52.84000015258789,51.0,52.779998779296875,44.86664962768555,25642500,0.3,0.0
2018-05-07 00:00:00-04:00,52.86000061035156,53.58000183105469,52.83000183105469,53.33000183105469,45.33418655395508,20285700,0.0,0.0
2018-05-08 00:00:00-04:00,53.290000915527344,53.630001068115234,52.79999923706055,53.630001068115234,45.58921432495117,21026800,0.0,0.0
2018-05-09 00:00:00-04:00,53.7599983215332,54.369998931884766,53.189998626708984,54.34000015258789,46.19276428222656,19827500,0.0,0.0
2018-05-10 00:00:00-04:00,54.54999923706055,55.0,54.099998474121094,54.97999954223633,46.73680877685547,18715900,0.0,0.0
2018-05-11 00:00:00-04:00,54.619998931884766,55.189998626708984,54.43000030517578,54.66999816894531,46.47328186035156,15405000,0.0,0.0
2018-05-14 00:00:00-04:00,54.77000045776367,55.2400016784668,54.7400016784668,54.900001525878906,46.66879653930664,21878200,0.0,0.0
2018-05-15 00:00:00-04:00,54.58000183105469,54.75,53.560001373291016,53.91999816894531,45.83572769165039,21712600,0.0,0.0
2018-05-16 00:00:00-04:00,54.16999816894531,54.70000076293945,53.959999084472656,54.63999938964844,46.447784423828125,16260500,0.0,0.0
2018-05-17 00:00:00-04:00,54.54999923706055,55.439998626708984,54.41999816894531,54.810001373291016,46.5922966003418,16872600,0.0,0.0
2018-05-18 00:00:00-04:00,54.529998779296875,54.540000915527344,53.470001220703125,53.5,45.47870635986328,23679900,0.0,0.0
2018-05-21 00:00:00-04:00,54.36000061035156,55.220001220703125,53.86000061035156,54.31999969482422,46.17576217651367,25367400,0.0,0.0
2018-05-22 00:00:00-04:00,54.72999954223633,55.04999923706055,54.04999923706055,54.45000076293945,46.28627014160156,19009600,0.0,0.0
2018-05-23 00:00:00-04:00,54.0,55.22999954223633,53.84000015258789,55.209999084472656,46.93232345581055,20555400,0.0,0.0
2018-05-24 00:00:00-04:00,55.18000030517578,55.29999923706055,54.130001068115234,54.75,46.54129409790039,19667100,0.0,0.0
2018-05-25 00:00:00-04:00,54.79999923706055,55.5,54.540000915527344,55.439998626708984,47.127830505371094,18550000,0.0,0.0
2018-05-29 00:00:00-04:00,55.119998931884766,55.810001373291016,54.810001373291016,55.31999969482422,47.02583694458008,24253500,0.0,0.0
2018-05-30 00:00:00-04:00,55.88999938964844,56.20000076293945,55.619998931884766,55.68000030517578,47.33185958862305,24711500,0.0,0.0
2018-05-31 00:00:00-04:00,55.66999816894531,55.86000061035156,55.060001373291016,55.20000076293945,46.92382049560547,30962100,0.0,0.0
2018-06-01 00:00:00-04:00,55.84000015258789,57.099998474121094,55.79999923706055,57.08000183105469,48.521942138671875,31183200,0.0,0.0
2018-06-04 00:00:00-04:00,57.0099983215332,57.599998474121094,56.779998779296875,56.83000183105469,48.30944061279297,22538100,0.0,0.0
2018-06-05 00:00:00-04:00,56.900001525878906,57.119998931884766,56.220001220703125,56.529998779296875,48.05442428588867,21687000,0.0,0.0
2018-06-06 00:00:00-04:00,56.529998779296875,57.060001373291016,56.08000183105469,57.029998779296875,48.47945785522461,22955400,0.0,0.0
2018-06-07 00:00:00-04:00,56.91999816894531,57.0,55.619998931884766,55.880001068115234,47.501869201660156,27596100,0.0,0.0
2018-06-08 00:00:00-04:00,55.560001373291016,55.70000076293945,54.65999984741211,55.04999923706055,46.79631423950195,30822900,0.0,0.0
2018-06-11 00:00:00-04:00,54.79999923706055,55.09000015258789,54.2599983215332,54.52000045776367,46.34577941894531,25752400,0.0,0.0
2018-06-12 00:00:00-04:00,54.869998931884766,55.029998779296875,54.220001220703125,54.81999969482422,46.600799560546875,23294900,0.0,0.0
2018-06-13 00:00:00-04:00,54.97999954223633,55.70000076293945,54.90999984741211,55.029998779296875,46.779300689697266,22631400,0.0,0.0
2018-06-14 00:00:00-04:00,55.45000076293945,55.86000061035156,55.18000030517578,55.540000915527344,47.21284484863281,23419800,0.0,0.0
2018-06-15 00:00:00-04:00,55.16999816894531,55.380001068115234,54.58000183105469,55.11000061035156,46.84731674194336,39194700,0.0,0.0
2018-06-18 00:00:00-04:00,54.29999923706055,54.29999923706055,52.34000015258789,53.220001220703125,45.240684509277344,40764400,0.0,0.0
2018-06-19 00:00:00-04:00,52.13999938964844,52.95000076293945,51.880001068115234,52.93000030517578,44.99416732788086,31780900,0.0,0.0
2018-06-20 00:00:00-04:00,53.189998626708984,53.75,52.689998626708984,53.459999084472656,45.4447021484375,21403000,0.0,0.0
2018-06-21 00:00:00-04:00,54.380001068115234,54.529998779296875,51.939998626708984,52.189998626708984,44.36510467529297,44435600,0.0,0.0
2018-06-22 00:00:00-04:00,52.619998931884766,53.09000015258789,52.29999923706055,52.5,44.628639221191406,34682100,0.0,0.0
2018-06-25 00:00:00-04:00,51.16999816894531,51.75,49.90999984741211,50.709999084472656,43.10700607299805,45356500,0.0,0.0
2018-06-26 00:00:00-04:00,49.95000076293945,50.40999984741211,49.36000061035156,49.66999816894531,42.22294235229492,37543000,0.0,0.0
2018-06-27 00:00:00-04:00,49.34000015258789,50.060001373291016,48.75,48.7599983215332,41.449371337890625,33338800,0.0,0.0
2018-06-28 00:00:00-04:00,48.58000183105469,49.4900016784668,48.5,49.25,41.865909576416016,29055700,0.0,0.0
2018-06-29 00:00:00-04:00,49.529998779296875,50.11000061035156,49.5,49.709999084472656,42.25694274902344,28906500,0.0,0.0
2018-07-02 00:00:00-04:00,49.040000915527344,50.27000045776367,48.83000183105469,50.20000076293945,42.67348861694336,23755500,0.0,0.0
2018-07-03 00:00:00-04:00,50.58000183105469,50.86000061035156,49.43000030517578,49.470001220703125,42.05292510986328,16327900,0.0,0.0
2018-07-05 00:00:00-04:00,49.97999954223633,50.959999084472656,49.75,50.75,43.14101028442383,26163500,0.0,0.0
2018-07-06 00:00:00-04:00,50.77000045776367,51.5,50.400001525878906,51.369998931884766,43.668052673339844,19968000,0.0,0.0
2018-07-09 00:00:00-04:00,51.63999938964844,51.88999938964844,51.0,51.86000061035156,44.084590911865234,21361600,0.0,0.0
2018-07-10 00:00:00-04:00,52.099998474121094,52.2599983215332,51.84000015258789,52.15999984741211,44.33961868286133,17362900,0.0,0.0
2018-07-11 00:00:00-04:00,51.689998626708984,51.869998931884766,51.189998626708984,51.20000076293945,43.523536682128906,18665600,0.0,0.0
2018-07-12 00:00:00-04:00,52.04999923706055,52.47999954223633,51.72999954223633,52.349998474121094,44.501121520996094,20292700,0.0,0.0
2018-07-13 00:00:00-04:00,52.400001525878906,52.41999816894531,51.7599983215332,52.220001220703125,44.390621185302734,13749300,0.0,0.0
2018-07-16 00:00:00-04:00,52.150001525878906,52.31999969482422,51.869998931884766,52.0099983215332,44.21210479736328,15951500,0.0,0.0
2018-07-17 00:00:00-04:00,51.04999923706055,51.880001068115234,51.0099983215332,51.75,43.991085052490234,15754500,0.0,0.0
2018-07-18 00:00:00-04:00,51.869998931884766,51.970001220703125,51.470001220703125,51.720001220703125,43.96558380126953,14649000,0.0,0.0
2018-07-19 00:00:00-04:00,51.599998474121094,52.0099983215332,51.04999923706055,51.97999954223633,44.18660354614258,15954600,0.0,0.0
2018-07-20 00:00:00-04:00,51.83000183105469,52.06999969482422,51.33000183105469,51.90999984741211,44.12709426879883,17380500,0.0,0.0
2018-07-23 00:00:00-04:00,51.77000045776367,52.5,51.33000183105469,52.310001373291016,44.467124938964844,15945500,0.0,0.0
2018-07-24 00:00:00-04:00,52.7599983215332,53.29999923706055,52.08000183105469,52.18000030517578,44.35661697387695,17788700,0.0,0.0
2018-07-25 00:00:00-04:00,52.209999084472656,52.45000076293945,51.09000015258789,52.43000030517578,44.56912612915039,19854800,0.0,0.0
2018-07-26 00:00:00-04:00,52.45000076293945,53.18000030517578,51.869998931884766,52.15999984741211,44.33961868286133,28282500,0.0,0.0
2018-07-27 00:00:00-04:00,48.7599983215332,49.20000076293945,47.47999954223633,47.68000030517578,40.53130340576172,67816700,0.0,0.0
2018-07-30 00:00:00-04:00,47.630001068115234,47.9900016784668,46.43000030517578,47.689998626708984,40.539798736572266,35696600,0.0,0.0
2018-07-31 00:00:00-04:00,48.2400016784668,48.68000030517578,47.689998626708984,48.099998474121094,40.888328552246094,36581200,0.0,0.0
2018-08-01 00:00:00-04:00,48.060001373291016,48.90999984741211,48.0,48.810001373291016,41.491878509521484,28060700,0.0,0.0
2018-08-02 00:00:00-04:00,48.5,49.52000045776367,48.20000076293945,49.47999954223633,42.06142807006836,26452500,0.0,0.0
2018-08-03 00:00:00-04:00,49.5,49.779998779296875,49.16999816894531,49.630001068115234,42.188941955566406,22008200,0.0,0.0
2018-08-06 00:00:00-04:00,48.77000045776367,49.310001373291016,48.31999969482422,49.29999923706055,42.16326904296875,26669000,0.3,0.0
2018-08-07 00:00:00-04:00,49.43000030517578,49.83000183105469,49.40999984741211,49.70000076293945,42.505374908447266,28322700,0.0,0.0
2018-08-08 00:00:00-04:00,49.599998474121094,50.130001068115234,49.439998626708984,49.959999084472656,42.72773361206055,21990600,0.0,0.0
2018-08-09 00:00:00-04:00,49.86000061035156,50.599998474121094,49.720001220703125,50.13999938964844,42.88167953491211,23795600,0.0,0.0
2018-08-10 00:00:00-04:00,48.5099983215332,49.16999816894531,48.29999923706055,48.849998474121094,41.778419494628906,28712400,0.0,0.0
2018-08-13 00:00:00-04:00,48.91999816894531,49.2400016784668,48.380001068115234,48.45000076293945,41.43632125854492,17070600,0.0,0.0
2018-08-14 00:00:00-04:00,48.66999816894531,48.7599983215332,47.650001525878906,48.119998931884766,41.15409851074219,23061600,0.0,0.0
2018-08-15 00:00:00-04:00,47.779998779296875,48.0,46.900001525878906,47.459999084472656,40.58963394165039,26739900,0.0,0.0
2018-08-16 00:00:00-04:00,47.75,47.95000076293945,47.04999923706055,47.16999816894531,40.34161376953125,24358000,0.0,0.0
2018-08-17 00:00:00-04:00,47.0,47.38999938964844,46.33000183105469,47.099998474121094,40.28176498413086,26382000,0.0,0.0
2018-08-20 00:00:00-04:00,47.04999923706055,47.119998931884766,46.189998626708984,46.5,39.76860809326172,24334000,0.0,0.0
2018-08-21 00:00:00-04:00,46.65999984741211,47.849998474121094,46.63999938964844,47.619998931884766,40.72648239135742,19254300,0.0,0.0
2018-08-22 00:00:00-04:00,47.25,47.349998474121094,46.91999816894531,47.04999923706055,40.238990783691406,23182500,0.0,0.0
2018-08-23 00:00:00-04:00,46.86000061035156,47.16999816894531,46.709999084472656,46.97999954223633,40.17913055419922,31343200,0.0,0.0
2018-08-24 00:00:00-04:00,47.290000915527344,47.88999938964844,47.08000183105469,47.65999984741211,40.76069259643555,18214700,0.0,0.0
2018-08-27 00:00:00-04:00,48.0,48.38999938964844,47.630001068115234,48.349998474121094,41.350807189941406,17170300,0.0,0.0
2018-08-28 00:00:00-04:00,48.54999923706055,48.790000915527344,48.310001373291016,48.56999969482422,41.53895950317383,13472400,0.0,0.0
2018-08-29 00:00:00-04:00,48.70000076293945,48.86000061035156,48.400001525878906,48.75,41.692909240722656,13479100,0.0,0.0
2018-08-30 00:00:00-04:00,48.52000045776367,48.83000183105469,48.09000015258789,48.2400016784668,41.25674057006836,16418800,0.0,0.0
2018-08-31 00:00:00-04:00,47.959999084472656,48.560001373291016,47.91999816894531,48.43000030517578,41.419219970703125,16484000,0.0,0.0
2018-09-04 00:00:00-04:00,48.380001068115234,48.43000030517578,47.560001373291016,47.959999084472656,41.01725387573242,15682900,0.0,0.0
2018-09-05 00:00:00-04:00,47.75,48.119998931884766,47.470001220703125,47.720001220703125,40.8120002746582,20857200,0.0,0.0
2018-09-06 00:00:00-04:00,47.7599983215332,47.959999084472656,47.209999084472656,47.2599983215332,40.41859436035156,19318100,0.0,0.0
2018-09-07 00:00:00-04:00,46.90999984741211,47.47999954223633,46.36000061035156,46.45000076293945,39.725852966308594,25958300,0.0,0.0
2018-09-10 00:00:00-04:00,46.560001373291016,46.7599983215332,46.22999954223633,46.29999923706055,39.59756851196289,21522400,0.0,0.0
2018-09-11 00:00:00-04:00,46.0,46.029998779296875,44.88999938964844,44.93000030517578,38.4258918762207,32455300,0.0,0.0
2018-09-12 00:00:00-04:00,44.560001373291016,44.97999954223633,44.060001373291016,44.93000030517578,38.4258918762207,29778700,0.0,0.0
2018-09-13 00:00:00-04:00,45.68000030517578,45.849998474121094,45.11000061035156,45.56999969482422,38.97323989868164,18657100,0.0,0.0
2018-09-14 00:00:00-04:00,45.779998779296875,45.970001220703125,45.349998474121094,45.540000915527344,38.94758224487305,22998700,0.0,0.0
2018-09-17 00:00:00-04:00,45.290000915527344,45.900001525878906,45.189998626708984,45.41999816894531,38.8449592590332,17603200,0.0,0.0
2018-09-18 00:00:00-04:00,45.58000183105469,46.529998779296875,45.40999984741211,46.099998474121094,39.42650604248047,20528100,0.0,0.0
2018-09-19 00:00:00-04:00,46.09000015258789,46.439998626708984,45.88999938964844,46.150001525878906,39.469276428222656,15918900,0.0,0.0
2018-09-20 00:00:00-04:00,46.779998779296875,47.36000061035156,46.52000045776367,47.20000076293945,40.36728286743164,21999300,0.0,0.0
2018-09-21 00:00:00-04:00,47.119998931884766,47.41999816894531,46.369998931884766,46.65999984741211,39.90545654296875,52650600,0.0,0.0
2018-09-24 00:00:00-04:00,46.310001373291016,47.0,46.150001525878906,46.90999984741211,40.119258880615234,17847000,0.0,0.0
2018-09-25 00:00:00-04:00,46.220001220703125,46.38999938964844,45.79999923706055,45.90999984741211,39.264015197753906,23389900,0.0,0.0
2018-09-26 00:00:00-04:00,46.040000915527344,46.29999923706055,45.58000183105469,45.70000076293945,39.08442306518555,23957700,0.0,0.0
2018-09-27 00:00:00-04:00,45.90999984741211,46.16999816894531,45.72999954223633,45.880001068115234,39.23835754394531,15415500,0.0,0.0
2018-09-28 00:00:00-04:00,45.619998931884766,47.75,45.459999084472656,47.290000915527344,40.444252014160156,46223500,0.0,0.0
2018-10-01 00:00:00-04:00,46.790000915527344,47.220001220703125,46.20000076293945,46.45000076293945,39.725852966308594,23796200,0.0,0.0
2018-10-02 00:00:00-04:00,47.5099983215332,48.880001068115234,47.31999969482422,48.099998474121094,41.136993408203125,42121100,0.0,0.0
2018-10-03 00:00:00-04:00,48.619998931884766,49.720001220703125,48.560001373291016,48.7599983215332,41.701454162597656,39211900,0.0,0.0
2018-10-04 00:00:00-04:00,48.84000015258789,48.86000061035156,47.619998931884766,48.130001068115234,41.16264724731445,30108300,0.0,0.0
2018-10-05 00:00:00-04:00,48.22999954223633,48.34000015258789,46.65999984741211,47.029998779296875,40.22188949584961,28901400,0.0,0.0
2018-10-08 00:00:00-04:00,46.959999084472656,47.349998474121094,46.52000045776367,47.029998779296875,40.22188949584961,19376800,0.0,0.0
2018-10-09 00:00:00-04:00,47.18000030517578,47.619998931884766,46.540000915527344,46.54999923706055,39.81137466430664,23285700,0.0,0.0
2018-10-10 00:00:00-04:00,46.060001373291016,46.119998931884766,44.79999923706055,44.79999923706055,38.31470489501953,43109500,0.0,0.0
2018-10-11 00:00:00-04:00,45.150001525878906,45.61000061035156,43.72999954223633,44.22999954223633,37.827213287353516,43648800,0.0,0.0
2018-10-12 00:00:00-04:00,45.27000045776367,45.34000015258789,44.22999954223633,44.880001068115234,38.38312530517578,32087400,0.0,0.0
2018-10-15 00:00:00-04:00,44.630001068115234,45.13999938964844,44.439998626708984,44.529998779296875,38.08378982543945,21633000,0.0,0.0
2018-10-16 00:00:00-04:00,44.900001525878906,46.0099983215332,44.83000183105469,45.939998626708984,39.28968048095703,21472000,0.0,0.0
2018-10-17 00:00:00-04:00,46.0,46.33000183105469,45.540000915527344,45.88999938964844,39.24691390991211,23124400,0.0,0.0
2018-10-18 00:00:00-04:00,45.650001525878906,45.75,44.83000183105469,44.970001220703125,38.4600944519043,26638800,0.0,0.0
2018-10-19 00:00:00-04:00,45.02000045776367,45.18000030517578,43.86000061035156,44.0,37.63050842285156,28368500,0.0,0.0
2018-10-22 00:00:00-04:00,44.5,45.34000015258789,44.099998474121094,45.0099983215332,38.49430847167969,34508800,0.0,0.0
2018-10-23 00:00:00-04:00,44.18000030517578,45.09000015258789,43.90999984741211,44.5,38.058135986328125,38590300,0.0,0.0
2018-10-24 00:00:00-04:00,44.15999984741211,44.36000061035156,42.36000061035156,42.41999816894531,36.27923583984375,33631800,0.0,0.0
2018-10-25 00:00:00-04:00,43.540000915527344,44.939998626708984,43.279998779296875,44.310001373291016,37.895633697509766,48255300,0.0,0.0
2018-10-26 00:00:00-04:00,45.59000015258789,46.439998626708984,44.70000076293945,45.689998626708984,39.07586669921875,67280400,0.0,0.0
2018-10-29 00:00:00-04:00,46.5,46.75,44.439998626708984,45.400001525878906,38.82784652709961,35732200,0.0,0.0
2018-10-30 00:00:00-04:00,45.529998779296875,47.880001068115234,45.459999084472656,47.7599983215332,40.84621047973633,43975200,0.0,0.0
2018-10-31 00:00:00-04:00,48.290000915527344,48.560001373291016,46.83000183105469,46.880001068115234,40.09360122680664,33369100,0.0,0.0
2018-11-01 00:00:00-04:00,46.95000076293945,48.470001220703125,46.86000061035156,48.220001220703125,41.239620208740234,28335300,0.0,0.0
2018-11-02 00:00:00-04:00,48.130001068115234,48.25,46.75,47.11000061035156,40.29030990600586,30759800,0.0,0.0
2018-11-05 00:00:00-05:00,47.34000015258789,48.25,46.91999816894531,47.970001220703125,41.02581024169922,23751200,0.0,0.0
2018-11-06 00:00:00-05:00,47.79999923706055,47.91999816894531,47.029998779296875,47.25,40.664344787597656,23839600,0.3,0.0
2018-11-07 00:00:00-05:00,47.630001068115234,48.75,47.59000015258789,48.720001220703125,41.929466247558594,29913200,0.0,0.0
2018-11-08 00:00:00-05:00,48.4900016784668,49.290000915527344,48.459999084472656,48.9900016784668,42.161834716796875,26581700,0.0,0.0
2018-11-09 00:00:00-05:00,48.790000915527344,49.029998779296875,47.869998931884766,48.11000061035156,41.40449142456055,21761400,0.0,0.0
2018-11-12 00:00:00-05:00,47.709999084472656,47.79999923706055,46.599998474121094,46.650001525878906,40.14798355102539,24412800,0.0,0.0
2018-11-13 00:00:00-05:00,46.9900016784668,48.25,46.9900016784668,47.38999938964844,40.78483963012695,29315900,0.0,0.0
2018-11-14 00:00:00-05:00,47.849998474121094,47.970001220703125,46.88999938964844,47.09000015258789,40.52665328979492,25632700,0.0,0.0
2018-11-15 00:00:00-05:00,47.0099983215332,48.2400016784668,46.720001220703125,48.11000061035156,41.40449142456055,29581000,0.0,0.0
2018-11-16 00:00:00-05:00,47.77000045776367,49.04999923706055,47.689998626708984,48.83000183105469,42.02413558959961,31670600,0.0,0.0
2018-11-19 00:00:00-05:00,48.61000061035156,49.150001525878906,47.779998779296875,48.0,41.309814453125,26859000,0.0,0.0
2018-11-20 00:00:00-05:00,47.400001525878906,48.119998931884766,47.09000015258789,47.38999938964844,40.78483963012695,29200800,0.0,0.0
2018-11-21 00:00:00-05:00,47.849998474121094,47.880001068115234,47.02000045776367,47.029998779296875,40.47501754760742,19011400,0.0,0.0
2018-11-23 00:00:00-05:00,46.689998626708984,47.06999969482422,46.52000045776367,46.540000915527344,40.053314208984375,8906900,0.0,0.0
2018-11-26 00:00:00-05:00,47.27000045776367,47.459999084472656,46.70000076293945,47.45000076293945,40.83647537231445,20723000,0.0,0.0
2018-11-27 00:00:00-05:00,46.939998626708984,48.220001220703125,46.59000015258789,48.06999969482422,41.37006378173828,27621000,0.0,0.0
2018-11-28 00:00:00-05:00,47.939998626708984,48.880001068115234,47.650001525878906,48.86000061035156,42.049949645996094,28003200,0.0,0.0
2018-11-29 00:00:00-05:00,48.4900016784668,48.560001373291016,47.630001068115234,47.70000076293945,41.0516242980957,23592500,0.0,0.0
2018-11-30 00:00:00-05:00,47.95000076293945,49.31999969482422,47.560001373291016,49.310001373291016,42.43723678588867,43313700,0.0,0.0
2018-12-03 00:00:00-05:00,50.0,50.5,49.529998779296875,50.130001068115234,43.1429443359375,30870400,0.0,0.0
2018-12-04 00:00:00-05:00,49.52000045776367,49.599998474121094,47.68000030517578,47.75,41.09465789794922,35397700,0.0,0.0
2018-12-06 00:00:00-05:00,46.79999923706055,48.38999938964844,46.52000045776367,48.369998931884766,41.62823486328125,31661700,0.0,0.0
2018-12-07 00:00:00-05:00,47.939998626708984,48.060001373291016,46.22999954223633,46.2400016784668,39.795127868652344,34016400,0.0,0.0
2018-12-10 00:00:00-05:00,46.279998779296875,47.459999084472656,46.0099983215332,47.209999084472656,40.62993240356445,23289000,0.0,0.0
2018-12-11 00:00:00-05:00,47.900001525878906,48.59000015258789,47.130001068115234,47.380001068115234,40.77623748779297,23851000,0.0,0.0
2018-12-12 00:00:00-05:00,48.58000183105469,48.63999938964844,47.40999984741211,47.83000183105469,41.16352081298828,31305000,0.0,0.0
2018-12-13 00:00:00-05:00,48.2599983215332,48.58000183105469,47.86000061035156,48.290000915527344,41.559391021728516,19526000,0.0,0.0
2018-12-14 00:00:00-05:00,47.88999938964844,48.7599983215332,47.849998474121094,47.86000061035156,41.1893310546875,26372100,0.0,0.0
2018-12-17 00:00:00-05:00,47.86000061035156,48.40999984741211,46.65999984741211,47.08000183105469,40.51803970336914,26598700,0.0,0.0
2018-12-18 00:00:00-05:00,47.470001220703125,48.45000076293945,47.36000061035156,47.7400016784668,41.0860595703125,29014300,0.0,0.0
2018-12-19 00:00:00-05:00,47.4900016784668,47.72999954223633,45.380001068115234,45.56999969482422,39.21851348876953,39717600,0.0,0.0
2018-12-20 00:00:00-05:00,45.40999984741211,46.310001373291016,45.0099983215332,45.540000915527344,39.19269561767578,37750900,0.0,0.0
2018-12-21 00:00:00-05:00,45.75,46.650001525878906,44.79999923706055,44.84000015258789,38.59025192260742,52768300,0.0,0.0
2018-12-24 00:00:00-05:00,44.630001068115234,45.16999816894531,43.540000915527344,43.59000015258789,37.51448059082031,19241600,0.0,0.0
2018-12-26 00:00:00-05:00,44.0,46.20000076293945,43.5099983215332,46.189998626708984,39.752098083496094,28677600,0.0,0.0
2018-12-27 00:00:00-05:00,45.619998931884766,46.380001068115234,44.66999816894531,46.36000061035156,39.898399353027344,29970700,0.0,0.0
2018-12-28 00:00:00-05:00,46.5099983215332,47.7400016784668,46.29999923706055,46.75,40.23404312133789,24758700,0.0,0.0
2018-12-31 00:00:00-05:00,47.09000015258789,47.47999954223633,46.54999923706055,46.93000030517578,40.38895034790039,20490400,0.0,0.0
