Date,Open,High,Low,Close,Adj Close,Volume,Dividends,Stock Splits
2014-01-02 00:00:00-05:00,91.13999938964844,91.7300033569336,91.01000213623047,91.02999877929688,66.67762756347656,5919600,0.0,0.0
2014-01-03 00:00:00-05:00,91.29000091552734,92.22000122070312,91.26000213623047,91.8499984741211,67.27826690673828,5637600,0.0,0.0
2014-01-06 00:00:00-05:00,91.93000030517578,92.75,91.87000274658203,92.33000183105469,67.6298599243164,7443500,0.0,0.0
2014-01-07 00:00:00-05:00,93.04000091552734,94.62000274658203,92.98999786376953,94.29000091552734,69.06554412841797,11063300,0.0,0.0
2014-01-08 00:00:00-05:00,94.16999816894531,94.5999984741211,93.87999725341797,94.16000366210938,68.97027587890625,9096700,0.0,0.0
2014-01-09 00:00:00-05:00,94.94000244140625,95.37999725341797,94.08999633789062,94.7300033569336,69.38780975341797,7944700,0.0,0.0
2014-01-10 00:00:00-05:00,94.63999938964844,94.9800033569336,94.13999938964844,94.73999786376953,69.39513397216797,6697400,0.0,0.0
2014-01-13 00:00:00-05:00,94.37000274658203,94.98999786376953,94.05999755859375,94.5,69.2193374633789,9589200,0.0,0.0
2014-01-14 00:00:00-05:00,94.5999984741211,94.9000015258789,94.31999969482422,94.72000122070312,69.38048553466797,7567300,0.0,0.0
2014-01-15 00:00:00-05:00,94.6500015258789,95.2699966430664,94.51000213623047,94.80000305175781,69.43907928466797,7390700,0.0,0.0
2014-01-16 00:00:00-05:00,94.5999984741211,95.08999633789062,94.2300033569336,94.63999938964844,69.32186889648438,8401100,0.0,0.0
2014-01-17 00:00:00-05:00,94.72000122070312,95.16999816894531,94.37999725341797,95.05999755859375,69.62953186035156,13714400,0.0,0.0
2014-01-21 00:00:00-05:00,94.93000030517578,95.0999984741211,92.62000274658203,94.02999877929688,68.87506103515625,16368400,0.0,0.0
2014-01-22 00:00:00-05:00,93.98999786376953,94.55000305175781,93.54000091552734,94.31999969482422,69.08749389648438,8875500,0.0,0.0
2014-01-23 00:00:00-05:00,93.73999786376953,93.80000305175781,92.41000366210938,92.73999786376953,67.93016815185547,9322300,0.0,0.0
2014-01-24 00:00:00-05:00,92.12000274658203,92.61000061035156,90.61000061035156,90.61000061035156,66.3699722290039,10604200,0.0,0.0
2014-01-27 00:00:00-05:00,90.30000305175781,90.76000213623047,89.8499984741211,89.94000244140625,65.87921142578125,8685200,0.0,0.0
2014-01-28 00:00:00-05:00,90.58000183105469,90.5999984741211,89.79000091552734,90.0999984741211,65.99641418457031,8254400,0.0,0.0
2014-01-29 00:00:00-05:00,89.47000122070312,89.70999908447266,88.52999877929688,88.9000015258789,65.1174545288086,11160100,0.0,0.0
2014-01-30 00:00:00-05:00,89.62000274658203,89.77999877929688,89.01000213623047,89.5,65.55693054199219,6874900,0.0,0.0
2014-01-31 00:00:00-05:00,89.01000213623047,89.33999633789062,88.1500015258789,88.47000122070312,64.80248260498047,12193800,0.0,0.0
2014-02-03 00:00:00-05:00,88.75,88.77999877929688,86.61000061035156,86.77999877929688,63.564598083496094,13944600,0.0,0.0
2014-02-04 00:00:00-05:00,86.93000030517578,87.27999877929688,86.08999633789062,86.62000274658203,63.44740295410156,11436400,0.0,0.0
2014-02-05 00:00:00-05:00,86.48999786376953,87.66999816894531,86.4800033569336,87.27999877929688,63.93083572387695,10667300,0.0,0.0
2014-02-06 00:00:00-05:00,87.62999725341797,88.76000213623047,87.55000305175781,88.75,65.007568359375,10037900,0.0,0.0
2014-02-07 00:00:00-05:00,88.91999816894531,90.04000091552734,88.61000061035156,90.04000091552734,65.95246124267578,9435100,0.0,0.0
2014-02-10 00:00:00-05:00,90.23999786376953,91.08000183105469,89.80000305175781,91.06999969482422,66.7069091796875,8080200,0.0,0.0
2014-02-11 00:00:00-05:00,91.08999633789062,92.97000122070312,90.94999694824219,92.97000122070312,68.09864044189453,11556300,0.0,0.0
2014-02-12 00:00:00-05:00,92.94999694824219,92.98999786376953,91.94999694824219,92.41999816894531,67.69578552246094,7696100,0.0,0.0
2014-02-13 00:00:00-05:00,92.0,92.62000274658203,91.70999908447266,92.55999755859375,67.79830932617188,5926000,0.0,0.0
2014-02-14 00:00:00-05:00,92.5999984741211,92.94999694824219,92.02999877929688,92.76000213623047,67.94482421875,5485100,0.0,0.0
2014-02-18 00:00:00-05:00,92.7699966430664,92.8499984741211,92.08999633789062,92.16999816894531,67.51264953613281,6926500,0.0,0.0
2014-02-19 00:00:00-05:00,92.1500015258789,92.75,91.56999969482422,91.63999938964844,67.12445831298828,7693400,0.0,0.0
2014-02-20 00:00:00-05:00,91.69000244140625,92.7300033569336,91.30999755859375,92.37999725341797,67.6664810180664,8160100,0.0,0.0
2014-02-21 00:00:00-05:00,91.86000061035156,92.25,91.44999694824219,91.5199966430664,67.51891326904297,7381500,0.66,0.0
2014-02-24 00:00:00-05:00,91.44999694824219,92.05999755859375,91.0999984741211,91.11000061035156,67.2164535522461,8406700,0.0,0.0
2014-02-25 00:00:00-05:00,91.58999633789062,91.87000274658203,90.66000366210938,91.11000061035156,67.2164535522461,6383400,0.0,0.0
2014-02-26 00:00:00-05:00,91.11000061035156,91.54000091552734,90.7699966430664,91.11000061035156,67.2164535522461,6334100,0.0,0.0
2014-02-27 00:00:00-05:00,91.16000366210938,91.41999816894531,90.75,91.36000061035156,67.40088653564453,7040300,0.0,0.0
2014-02-28 00:00:00-05:00,91.41999816894531,92.63999938964844,91.05999755859375,92.12000274658203,67.96158599853516,9643700,0.0,0.0
2014-03-03 00:00:00-05:00,91.12999725341797,91.9800033569336,90.83000183105469,91.55999755859375,67.54840850830078,7506700,0.0,0.0
2014-03-04 00:00:00-05:00,92.47000122070312,93.45999908447266,92.25,93.33999633789062,68.86161041259766,8796300,0.0,0.0
2014-03-05 00:00:00-05:00,93.2699966430664,93.30000305175781,92.37999725341797,92.58999633789062,68.30828857421875,6842500,0.0,0.0
2014-03-06 00:00:00-05:00,93.19000244140625,93.6500015258789,92.81999969482422,92.88999938964844,68.52963256835938,7718300,0.0,0.0
2014-03-07 00:00:00-05:00,93.37000274658203,93.4800033569336,92.69000244140625,93.31999969482422,68.84687042236328,6792000,0.0,0.0
2014-03-10 00:00:00-04:00,93.16999816894531,93.48999786376953,92.79000091552734,93.44999694824219,68.9427719116211,4878200,0.0,0.0
2014-03-11 00:00:00-04:00,93.70999908447266,93.75,93.08999633789062,93.48999786376953,68.97227478027344,5837200,0.0,0.0
2014-03-12 00:00:00-04:00,92.81999969482422,93.62000274658203,92.6500015258789,93.5999984741211,69.05345916748047,6154900,0.0,0.0
2014-03-13 00:00:00-04:00,93.8499984741211,94.19999694824219,92.9800033569336,93.0,68.6108169555664,7659400,0.0,0.0
2014-03-14 00:00:00-04:00,92.87999725341797,93.44000244140625,92.45999908447266,92.80999755859375,68.47062683105469,7337800,0.0,0.0
2014-03-17 00:00:00-04:00,93.26000213623047,94.18000030517578,93.18000030517578,93.93000030517578,69.296875,5872600,0.0,0.0
2014-03-18 00:00:00-04:00,93.9000015258789,94.23999786376953,93.4800033569336,93.94000244140625,69.30430603027344,5891900,0.0,0.0
2014-03-19 00:00:00-04:00,93.88999938964844,94.36000061035156,92.91999816894531,93.58999633789062,69.04608154296875,5937600,0.0,0.0
2014-03-20 00:00:00-04:00,93.5199966430664,94.19000244140625,92.95999908447266,94.12000274658203,69.43708801269531,5727400,0.0,0.0
2014-03-21 00:00:00-04:00,94.7699966430664,95.93000030517578,93.87999725341797,95.93000030517578,70.7724380493164,23988800,0.0,0.0
2014-03-24 00:00:00-04:00,95.30000305175781,95.43000030517578,94.54000091552734,95.19999694824219,70.23384094238281,13944100,0.0,0.0
2014-03-25 00:00:00-04:00,95.69999694824219,97.69999694824219,95.69999694824219,97.37999725341797,71.84215545654297,14167300,0.0,0.0
2014-03-26 00:00:00-04:00,97.51000213623047,98.47000122070312,97.05000305175781,97.05000305175781,71.59870910644531,11215100,0.0,0.0
2014-03-27 00:00:00-04:00,97.08000183105469,97.69999694824219,96.26000213623047,97.27999877929688,71.76837921142578,8694600,0.0,0.0
2014-03-28 00:00:00-04:00,97.51000213623047,98.22000122070312,96.95999908447266,97.44000244140625,71.88639831542969,8816000,0.0,0.0
2014-03-31 00:00:00-04:00,98.0,98.5999984741211,97.61000061035156,98.2300033569336,72.4692153930664,7545700,0.0,0.0
2014-04-01 00:00:00-04:00,98.30999755859375,98.68000030517578,97.37000274658203,97.94000244140625,72.25528717041016,7068500,0.0,0.0
2014-04-02 00:00:00-04:00,98.01000213623047,98.38999938964844,97.37000274658203,98.2300033569336,72.4692153930664,7995600,0.0,0.0
2014-04-03 00:00:00-04:00,97.97000122070312,98.33999633789062,97.52999877929688,98.26000213623047,72.49136352539062,5471200,0.0,0.0
2014-04-04 00:00:00-04:00,98.62000274658203,99.37999725341797,98.31999969482422,98.41999816894531,72.60941314697266,10309700,0.0,0.0
2014-04-07 00:00:00-04:00,98.38999938964844,99.36000061035156,97.83000183105469,97.88999938964844,72.2183837890625,11409200,0.0,0.0
2014-04-08 00:00:00-04:00,98.02999877929688,98.7300033569336,97.5,98.05999755859375,72.34379577636719,9601800,0.0,0.0
2014-04-09 00:00:00-04:00,98.41999816894531,99.0,97.77999877929688,98.94999694824219,73.00040435791016,8921300,0.0,0.0
2014-04-10 00:00:00-04:00,98.86000061035156,98.93000030517578,96.5199966430664,96.54000091552734,71.22244262695312,9667800,0.0,0.0
2014-04-11 00:00:00-04:00,96.19999694824219,97.19999694824219,96.05000305175781,96.87000274658203,71.46586608886719,8710700,0.0,0.0
2014-04-14 00:00:00-04:00,97.27999877929688,97.36000061035156,96.25,97.13999938964844,71.66507720947266,8617200,0.0,0.0
2014-04-15 00:00:00-04:00,98.44999694824219,99.20999908447266,98.05000305175781,99.19999694824219,73.18486022949219,13999100,0.0,0.0
2014-04-16 00:00:00-04:00,99.56999969482422,99.70999908447266,98.06999969482422,98.75,72.85287475585938,11308000,0.0,0.0
2014-04-17 00:00:00-04:00,98.69000244140625,99.6500015258789,98.69000244140625,98.95999908447266,73.00780487060547,9153500,0.0,0.0
2014-04-21 00:00:00-04:00,99.01000213623047,100.12999725341797,98.66999816894531,100.0,73.77507019042969,7031400,0.0,0.0
2014-04-22 00:00:00-04:00,100.0,100.75,99.73999786376953,100.18000030517578,73.9078598022461,7937900,0.0,0.0
2014-04-23 00:00:00-04:00,100.23999786376953,100.55999755859375,99.91999816894531,100.22000122070312,73.9373779296875,5876000,0.0,0.0
2014-04-24 00:00:00-04:00,100.23999786376953,100.37000274658203,99.55000305175781,99.95999908447266,73.74555206298828,6149900,0.0,0.0
2014-04-25 00:00:00-04:00,99.97000122070312,100.26000213623047,99.4000015258789,99.79000091552734,73.62010955810547,5895900,0.0,0.0
2014-04-28 00:00:00-04:00,100.55999755859375,101.5,100.12000274658203,101.33999633789062,74.76364135742188,8792900,0.0,0.0
2014-04-29 00:00:00-04:00,101.62999725341797,101.9800033569336,100.95999908447266,101.02999877929688,74.5349349975586,7811200,0.0,0.0
2014-04-30 00:00:00-04:00,100.83999633789062,101.66999816894531,100.69999694824219,101.29000091552734,74.72673797607422,8513600,0.0,0.0
2014-05-01 00:00:00-04:00,100.7699966430664,101.02999877929688,99.93000030517578,100.52999877929688,74.16603088378906,6590500,0.0,0.0
2014-05-02 00:00:00-04:00,100.16999816894531,100.37999725341797,98.87999725341797,99.30999755859375,73.26600646972656,8744200,0.0,0.0
2014-05-05 00:00:00-04:00,99.29000091552734,100.16999816894531,99.04000091552734,100.0,73.77507019042969,5438200,0.0,0.0
2014-05-06 00:00:00-04:00,100.0199966430664,100.0199966430664,99.51000213623047,99.51000213623047,73.4135513305664,5795900,0.0,0.0
2014-05-07 00:00:00-04:00,99.8499984741211,101.05000305175781,99.3499984741211,100.91000366210938,74.44640350341797,8720800,0.0,0.0
2014-05-08 00:00:00-04:00,100.66999816894531,101.08999633789062,100.36000061035156,100.5,74.14391326904297,5667900,0.0,0.0
2014-05-09 00:00:00-04:00,100.86000061035156,101.25,100.41000366210938,100.91000366210938,74.44640350341797,5691700,0.0,0.0
2014-05-12 00:00:00-04:00,101.23999786376953,101.23999786376953,100.41999816894531,100.5199966430664,74.1586685180664,7437300,0.0,0.0
2014-05-13 00:00:00-04:00,100.9000015258789,101.48999786376953,100.62999725341797,101.0199966430664,74.52755737304688,6183200,0.0,0.0
2014-05-14 00:00:00-04:00,100.94999694824219,101.0999984741211,100.7699966430664,100.87000274658203,74.41691589355469,4187200,0.0,0.0
2014-05-15 00:00:00-04:00,100.63999938964844,100.83999633789062,100.41000366210938,100.69000244140625,74.28410339355469,7007600,0.0,0.0
2014-05-16 00:00:00-04:00,100.56999969482422,100.88999938964844,100.13999938964844,100.58000183105469,74.20295715332031,6516900,0.0,0.0
2014-05-19 00:00:00-04:00,100.22000122070312,100.93000030517578,100.12999725341797,100.63999938964844,74.24720001220703,6997200,0.0,0.0
2014-05-20 00:00:00-04:00,100.80999755859375,100.9800033569336,99.95999908447266,100.25,73.95948028564453,5438400,0.0,0.0
2014-05-21 00:00:00-04:00,100.5999984741211,101.19999694824219,100.52999877929688,101.13999938964844,74.61608123779297,5302500,0.0,0.0
2014-05-22 00:00:00-04:00,100.58000183105469,101.01000213623047,100.08000183105469,100.95999908447266,75.00239562988281,5124900,0.7,0.0
2014-05-23 00:00:00-04:00,101.04000091552734,101.16000366210938,100.66999816894531,100.9800033569336,75.01728820800781,5275700,0.0,0.0
2014-05-27 00:00:00-04:00,101.0999984741211,101.36000061035156,100.2699966430664,100.80999755859375,74.89094543457031,4524400,0.0,0.0
2014-05-28 00:00:00-04:00,100.66999816894531,100.93000030517578,100.12000274658203,100.30000305175781,74.51209259033203,4352700,0.0,0.0
2014-05-29 00:00:00-04:00,100.55999755859375,100.80000305175781,100.1500015258789,100.76000213623047,74.85382080078125,3685200,0.0,0.0
2014-05-30 00:00:00-04:00,100.69999694824219,101.54000091552734,100.55000305175781,101.45999908447266,75.37384033203125,5973900,0.0,0.0
2014-06-02 00:00:00-04:00,101.54000091552734,102.26000213623047,101.01000213623047,102.16999816894531,75.90129852294922,5845400,0.0,0.0
2014-06-03 00:00:00-04:00,101.91000366210938,102.5999984741211,101.83999633789062,102.45999908447266,76.11672973632812,6681300,0.0,0.0
2014-06-04 00:00:00-04:00,102.2300033569336,102.70999908447266,101.94000244140625,102.68000030517578,76.28018951416016,5608600,0.0,0.0
2014-06-05 00:00:00-04:00,102.77999877929688,103.36000061035156,102.41999816894531,103.22000122070312,76.68134307861328,4730900,0.0,0.0
2014-06-06 00:00:00-04:00,103.25,103.33000183105469,102.83999633789062,103.18000030517578,76.65161895751953,4624000,0.0,0.0
2014-06-09 00:00:00-04:00,103.06999969482422,103.2300033569336,102.68000030517578,103.22000122070312,76.68134307861328,3748800,0.0,0.0
2014-06-10 00:00:00-04:00,103.47000122070312,104.12000274658203,102.7699966430664,104.0999984741211,77.33509063720703,5792100,0.0,0.0
2014-06-11 00:00:00-04:00,103.80999755859375,104.1500015258789,103.12999725341797,103.31999969482422,76.75559997558594,5960500,0.0,0.0
2014-06-12 00:00:00-04:00,103.18000030517578,103.20999908447266,102.51000213623047,102.52999877929688,76.1687240600586,5930700,0.0,0.0
2014-06-13 00:00:00-04:00,102.51000213623047,102.6500015258789,102.16999816894531,102.52999877929688,76.1687240600586,4301600,0.0,0.0
2014-06-16 00:00:00-04:00,102.5199966430664,102.88999938964844,101.83999633789062,102.44999694824219,76.10929107666016,5645500,0.0,0.0
2014-06-17 00:00:00-04:00,102.12999725341797,102.19999694824219,101.37999725341797,101.93000030517578,75.72299194335938,4834600,0.0,0.0
2014-06-18 00:00:00-04:00,101.91000366210938,102.83000183105469,101.86000061035156,102.80999755859375,76.37676239013672,5445000,0.0,0.0
2014-06-19 00:00:00-04:00,102.93000030517578,103.87000274658203,102.80999755859375,103.80999755859375,77.11962890625,5481500,0.0,0.0
2014-06-20 00:00:00-04:00,104.37000274658203,105.4800033569336,104.06999969482422,105.2699966430664,78.20425415039062,12459700,0.0,0.0
2014-06-23 00:00:00-04:00,104.91000366210938,105.12000274658203,104.44000244140625,104.75,77.81795501708984,6063200,0.0,0.0
2014-06-24 00:00:00-04:00,104.62999725341797,105.2300033569336,104.55000305175781,104.58999633789062,77.6990737915039,5915000,0.0,0.0
2014-06-25 00:00:00-04:00,104.2300033569336,105.87000274658203,104.2300033569336,105.76000213623047,78.56827545166016,6411100,0.0,0.0
2014-06-26 00:00:00-04:00,105.83999633789062,105.97000122070312,105.02999877929688,105.6500015258789,78.48655700683594,5106900,0.0,0.0
2014-06-27 00:00:00-04:00,105.47000122070312,105.58999633789062,104.44999694824219,104.98999786376953,77.99625396728516,6463000,0.0,0.0
2014-06-30 00:00:00-04:00,105.62000274658203,106.0,104.5199966430664,104.62000274658203,77.72138977050781,6877800,0.0,0.0
2014-07-01 00:00:00-04:00,105.1500015258789,106.0,104.98999786376953,105.87000274658203,78.6500015258789,5129200,0.0,0.0
2014-07-02 00:00:00-04:00,105.69999694824219,105.97000122070312,105.30000305175781,105.86000061035156,78.642578125,3764900,0.0,0.0
2014-07-03 00:00:00-04:00,105.87000274658203,106.25,105.11000061035156,105.41999816894531,78.3156967163086,4199100,0.0,0.0
2014-07-07 00:00:00-04:00,105.41999816894531,106.73999786376953,105.2699966430664,106.47000122070312,79.0957260131836,7014900,0.0,0.0
2014-07-08 00:00:00-04:00,106.20999908447266,106.25,105.5199966430664,105.72000122070312,78.53854370117188,6268400,0.0,0.0
2014-07-09 00:00:00-04:00,106.0,106.20999908447266,105.72000122070312,106.04000091552734,78.77629852294922,5720900,0.0,0.0
2014-07-10 00:00:00-04:00,105.08000183105469,106.0,104.5199966430664,105.80000305175781,78.59797668457031,4955100,0.0,0.0
2014-07-11 00:00:00-04:00,105.83999633789062,106.01000213623047,104.86000061035156,105.0999984741211,78.07797241210938,5461000,0.0,0.0
2014-07-14 00:00:00-04:00,105.37999725341797,105.48999786376953,105.11000061035156,105.37999725341797,78.2859878540039,7784800,0.0,0.0
2014-07-15 00:00:00-04:00,105.2300033569336,105.47000122070312,102.7699966430664,103.27999877929688,76.72589874267578,14219700,0.0,0.0
2014-07-16 00:00:00-04:00,103.52999877929688,103.66999816894531,101.94999694824219,102.22000122070312,75.93843841552734,11946800,0.0,0.0
2014-07-17 00:00:00-04:00,101.9000015258789,102.0999984741211,100.26000213623047,100.37000274658203,74.56407165527344,11218900,0.0,0.0
2014-07-18 00:00:00-04:00,100.66999816894531,101.95999908447266,100.37000274658203,101.80000305175781,75.62641906738281,8408400,0.0,0.0
2014-07-21 00:00:00-04:00,101.44000244140625,101.58000183105469,101.0199966430664,101.2699966430664,75.2326889038086,6379900,0.0,0.0
2014-07-22 00:00:00-04:00,101.91000366210938,102.54000091552734,101.77999877929688,102.47000122070312,76.12415313720703,6554100,0.0,0.0
2014-07-23 00:00:00-04:00,102.80000305175781,102.93000030517578,101.87999725341797,102.19000244140625,75.9161376953125,4815300,0.0,0.0
2014-07-24 00:00:00-04:00,102.33999633789062,102.7300033569336,102.0199966430664,102.19999694824219,75.92359161376953,5177200,0.0,0.0
2014-07-25 00:00:00-04:00,102.2699966430664,102.4000015258789,101.80000305175781,102.11000061035156,75.85671997070312,3951500,0.0,0.0
2014-07-28 00:00:00-04:00,101.88999938964844,102.4000015258789,101.66000366210938,102.11000061035156,75.85671997070312,4634800,0.0,0.0
2014-07-29 00:00:00-04:00,102.44999694824219,102.51000213623047,101.69000244140625,101.95999908447266,75.74527740478516,6053900,0.0,0.0
2014-07-30 00:00:00-04:00,102.2699966430664,102.8499984741211,101.80999755859375,102.30000305175781,75.99785614013672,5994800,0.0,0.0
2014-07-31 00:00:00-04:00,101.7699966430664,101.83999633789062,100.05000305175781,100.08999633789062,74.35606384277344,9141500,0.0,0.0
2014-08-01 00:00:00-04:00,99.76000213623047,100.41000366210938,98.80000305175781,99.9000015258789,74.21491241455078,8610700,0.0,0.0
2014-08-04 00:00:00-04:00,99.98999786376953,100.37999725341797,99.31999969482422,100.16000366210938,74.4080810546875,6790800,0.0,0.0
2014-08-05 00:00:00-04:00,99.83000183105469,100.23999786376953,99.55000305175781,99.81999969482422,74.155517578125,6230900,0.0,0.0
2014-08-06 00:00:00-04:00,99.66999816894531,100.83000183105469,99.5999984741211,100.70999908447266,74.81666564941406,7412100,0.0,0.0
2014-08-07 00:00:00-04:00,101.08999633789062,101.19000244140625,99.58000183105469,99.93000030517578,74.23721313476562,7417800,0.0,0.0
2014-08-08 00:00:00-04:00,100.20999908447266,101.1500015258789,99.7699966430664,101.08000183105469,75.0915298461914,5618400,0.0,0.0
2014-08-11 00:00:00-04:00,101.62000274658203,101.77999877929688,101.01000213623047,101.16000366210938,75.15098571777344,5703000,0.0,0.0
2014-08-12 00:00:00-04:00,101.0,101.22000122070312,100.30999755859375,100.62999725341797,74.75723266601562,4577700,0.0,0.0
2014-08-13 00:00:00-04:00,101.1500015258789,101.94999694824219,101.1500015258789,101.73999786376953,75.58183288574219,4563700,0.0,0.0
2014-08-14 00:00:00-04:00,101.88999938964844,102.05000305175781,101.5,102.0199966430664,75.78985595703125,5239400,0.0,0.0
2014-08-15 00:00:00-04:00,102.20999908447266,102.44000244140625,100.80000305175781,101.16999816894531,75.15841674804688,6986000,0.0,0.0
2014-08-18 00:00:00-04:00,101.91999816894531,102.72000122070312,101.75,102.69999694824219,76.29503631591797,5979500,0.0,0.0
2014-08-19 00:00:00-04:00,102.7300033569336,102.95999908447266,102.0199966430664,102.95999908447266,76.4881820678711,5670000,0.0,0.0
2014-08-20 00:00:00-04:00,102.87000274658203,103.30000305175781,102.69999694824219,103.20999908447266,76.67388916015625,5183000,0.0,0.0
2014-08-21 00:00:00-04:00,103.33000183105469,104.41999816894531,103.33000183105469,104.19000244140625,77.40196228027344,8357600,0.0,0.0
2014-08-22 00:00:00-04:00,103.62999725341797,104.02999877929688,102.97000122070312,103.0999984741211,77.1102294921875,5076300,0.7,0.0
2014-08-25 00:00:00-04:00,103.6500015258789,103.80999755859375,103.08999633789062,103.2300033569336,77.20747375488281,3678200,0.0,0.0
2014-08-26 00:00:00-04:00,103.47000122070312,103.72000122070312,103.16999816894531,103.44000244140625,77.36454772949219,3512400,0.0,0.0
2014-08-27 00:00:00-04:00,103.5999984741211,103.72000122070312,102.91000366210938,103.22000122070312,77.20002746582031,4786100,0.0,0.0
2014-08-28 00:00:00-04:00,102.9000015258789,103.19000244140625,102.70999908447266,102.94999694824219,76.998046875,3482200,0.0,0.0
2014-08-29 00:00:00-04:00,103.0999984741211,103.76000213623047,103.01000213623047,103.7300033569336,77.5814208984375,5287800,0.0,0.0
2014-09-02 00:00:00-04:00,103.30000305175781,103.70999908447266,103.0199966430664,103.36000061035156,77.3047103881836,4644800,0.0,0.0
2014-09-03 00:00:00-04:00,103.81999969482422,104.0999984741211,103.54000091552734,103.76000213623047,77.6038818359375,4725800,0.0,0.0
2014-09-04 00:00:00-04:00,103.98999786376953,104.0999984741211,103.76000213623047,103.83999633789062,77.66370391845703,6147700,0.0,0.0
2014-09-05 00:00:00-04:00,103.91999816894531,104.41999816894531,103.33999633789062,104.41999816894531,78.09750366210938,5744400,0.0,0.0
2014-09-08 00:00:00-04:00,104.41999816894531,104.58000183105469,103.83000183105469,104.05000305175781,77.82075500488281,4900300,0.0,0.0
2014-09-09 00:00:00-04:00,104.4000015258789,104.4000015258789,103.55000305175781,103.80000305175781,77.63378143310547,5999400,0.0,0.0
2014-09-10 00:00:00-04:00,104.19000244140625,105.33999633789062,103.95999908447266,104.98999786376953,78.52379608154297,7402200,0.0,0.0
2014-09-11 00:00:00-04:00,104.77999877929688,104.88999938964844,104.0999984741211,104.55000305175781,78.19473266601562,4834100,0.0,0.0
2014-09-12 00:00:00-04:00,104.54000091552734,104.80999755859375,103.95999908447266,104.58000183105469,78.2171630859375,5929200,0.0,0.0
2014-09-15 00:00:00-04:00,104.58999633789062,104.91000366210938,104.3499984741211,104.72000122070312,78.3218765258789,4525500,0.0,0.0
2014-09-16 00:00:00-04:00,104.48999786376953,105.94000244140625,104.30000305175781,105.87999725341797,79.18944549560547,6081400,0.0,0.0
2014-09-17 00:00:00-04:00,105.87999725341797,106.62999725341797,105.80000305175781,106.19000244140625,79.42131805419922,6627800,0.0,0.0
2014-09-18 00:00:00-04:00,106.18000030517578,107.41000366210938,106.02999877929688,107.3499984741211,80.28890228271484,6628700,0.0,0.0
2014-09-19 00:00:00-04:00,107.88999938964844,108.37000274658203,107.62000274658203,107.98999786376953,80.7675552368164,13033400,0.0,0.0
2014-09-22 00:00:00-04:00,108.0,108.25,107.77999877929688,107.87999725341797,80.68529510498047,5788300,0.0,0.0
2014-09-23 00:00:00-04:00,107.7699966430664,108.0999984741211,107.19000244140625,107.45999908447266,80.37116241455078,8108100,0.0,0.0
2014-09-24 00:00:00-04:00,107.69999694824219,108.7699966430664,107.33999633789062,108.63999938964844,81.25370025634766,5890900,0.0,0.0
2014-09-25 00:00:00-04:00,108.52999877929688,108.55000305175781,107.06999969482422,107.0999984741211,80.10192108154297,5688200,0.0,0.0
2014-09-26 00:00:00-04:00,107.41000366210938,107.48999786376953,106.19999694824219,107.0999984741211,80.10192108154297,4467500,0.0,0.0
2014-09-29 00:00:00-04:00,106.37999725341797,106.6500015258789,106.04000091552734,106.54000091552734,79.68311309814453,6581600,0.0,0.0
2014-09-30 00:00:00-04:00,106.5,107.20999908447266,106.44999694824219,106.58999633789062,79.72047424316406,6822500,0.0,0.0
2014-10-01 00:00:00-04:00,105.9800033569336,106.27999877929688,103.94999694824219,104.30000305175781,78.00775909423828,12263700,0.0,0.0
2014-10-02 00:00:00-04:00,104.05999755859375,104.54000091552734,103.25,103.8499984741211,77.67119598388672,7566100,0.0,0.0
2014-10-03 00:00:00-04:00,104.2300033569336,105.19000244140625,104.12999725341797,105.12999725341797,78.62852478027344,6856100,0.0,0.0
2014-10-06 00:00:00-04:00,105.68000030517578,106.0,104.37000274658203,104.86000061035156,78.42658996582031,5015100,0.0,0.0
2014-10-07 00:00:00-04:00,104.45999908447266,104.45999908447266,102.33999633789062,102.38999938964844,76.5792236328125,8407800,0.0,0.0
2014-10-08 00:00:00-04:00,102.43000030517578,105.02999877929688,102.04000091552734,104.91000366210938,78.46398162841797,8337000,0.0,0.0
2014-10-09 00:00:00-04:00,104.62999725341797,104.86000061035156,101.79000091552734,102.08000183105469,76.34737396240234,10675900,0.0,0.0
2014-10-10 00:00:00-04:00,102.3499984741211,102.52999877929688,101.2300033569336,101.2300033569336,75.71166229248047,9984100,0.0,0.0
2014-10-13 00:00:00-04:00,101.45999908447266,101.45999908447266,99.0199966430664,99.12000274658203,74.13356018066406,10334600,0.0,0.0
2014-10-14 00:00:00-04:00,100.52999877929688,100.9000015258789,95.33999633789062,97.01000213623047,72.55545043945312,20807400,0.0,0.0
2014-10-15 00:00:00-04:00,96.05000305175781,98.72000122070312,95.0999984741211,98.20999908447266,73.45291900634766,21905900,0.0,0.0
2014-10-16 00:00:00-04:00,96.97000122070312,98.0,96.5,96.77999877929688,72.38340759277344,14575300,0.0,0.0
2014-10-17 00:00:00-04:00,97.54000091552734,99.1500015258789,97.30999755859375,98.69999694824219,73.81939697265625,12272900,0.0,0.0
2014-10-20 00:00:00-04:00,98.83000183105469,99.19999694824219,98.31999969482422,99.19999694824219,74.19338989257812,7988900,0.0,0.0
2014-10-21 00:00:00-04:00,99.83000183105469,100.37999725341797,99.33999633789062,100.36000061035156,75.06098175048828,7287300,0.0,0.0
2014-10-22 00:00:00-04:00,101.0999984741211,101.79000091552734,100.5199966430664,101.22000122070312,75.70416259765625,9360100,0.0,0.0
2014-10-23 00:00:00-04:00,102.26000213623047,102.9800033569336,101.94000244140625,102.62999725341797,76.75873565673828,7570400,0.0,0.0
2014-10-24 00:00:00-04:00,102.94999694824219,103.29000091552734,102.20999908447266,103.12999725341797,77.1326904296875,5973100,0.0,0.0
2014-10-27 00:00:00-04:00,103.06999969482422,104.23999786376953,103.04000091552734,104.06999969482422,77.83573913574219,7043900,0.0,0.0
2014-10-28 00:00:00-04:00,104.55000305175781,104.80000305175781,103.55999755859375,104.79000091552734,78.37422943115234,10347800,0.0,0.0
2014-10-29 00:00:00-04:00,105.0,105.55999755859375,104.86000061035156,105.55999755859375,78.95012664794922,8188300,0.0,0.0
2014-10-30 00:00:00-04:00,105.16999816894531,107.05000305175781,104.91000366210938,107.04000091552734,80.05703735351562,9068300,0.0,0.0
2014-10-31 00:00:00-04:00,107.94000244140625,108.18000030517578,107.26000213623047,107.77999877929688,80.6104965209961,10800100,0.0,0.0
2014-11-03 00:00:00-05:00,107.83000183105469,108.12000274658203,106.75,107.45999908447266,80.37116241455078,7082600,0.0,0.0
2014-11-04 00:00:00-05:00,107.88999938964844,108.7300033569336,107.33999633789062,108.62000274658203,81.23872375488281,9349000,0.0,0.0
2014-11-05 00:00:00-05:00,109.05000305175781,109.26000213623047,107.94999694824219,108.81999969482422,81.38835906982422,6966800,0.0,0.0
2014-11-06 00:00:00-05:00,108.93000030517578,109.31999969482422,108.55000305175781,109.01000213623047,81.53044891357422,6200300,0.0,0.0
2014-11-07 00:00:00-05:00,109.0,109.02999877929688,107.91999816894531,108.19999694824219,80.92462921142578,6652600,0.0,0.0
2014-11-10 00:00:00-05:00,108.06999969482422,108.91999816894531,107.19999694824219,108.81999969482422,81.38835906982422,7573300,0.0,0.0
2014-11-11 00:00:00-05:00,108.87999725341797,109.4000015258789,108.55000305175781,108.91000366210938,81.4556655883789,6221100,0.0,0.0
2014-11-12 00:00:00-05:00,108.66999816894531,109.0,108.38999938964844,108.75,81.33597564697266,4895900,0.0,0.0
2014-11-13 00:00:00-05:00,109.05000305175781,109.48999786376953,108.5,109.06999969482422,81.57530975341797,4860000,0.0,0.0
2014-11-14 00:00:00-05:00,108.91999816894531,109.05999755859375,108.01000213623047,108.16000366210938,80.89470672607422,5650700,0.0,0.0
2014-11-17 00:00:00-05:00,108.0,108.69000244140625,107.61000061035156,108.30000305175781,80.99942016601562,5233000,0.0,0.0
2014-11-18 00:00:00-05:00,108.12999725341797,109.05999755859375,107.72000122070312,108.83000183105469,81.39582824707031,5407200,0.0,0.0
2014-11-19 00:00:00-05:00,108.44999694824219,108.80999755859375,108.0999984741211,108.76000213623047,81.34345245361328,5217800,0.0,0.0
2014-11-20 00:00:00-05:00,108.55000305175781,108.56999969482422,107.69000244140625,108.18000030517578,80.90967559814453,8090700,0.0,0.0
2014-11-21 00:00:00-05:00,108.7300033569336,108.7300033569336,107.62000274658203,107.86000061035156,81.19573211669922,8417400,0.7,0.0
2014-11-24 00:00:00-05:00,107.91999816894531,108.2300033569336,106.63999938964844,106.87999725341797,80.45799255371094,9098000,0.0,0.0
2014-11-25 00:00:00-05:00,106.9800033569336,107.19000244140625,106.69999694824219,106.69999694824219,80.3224868774414,7367900,0.0,0.0
2014-11-26 00:00:00-05:00,106.7699966430664,107.25,106.5999984741211,107.20999908447266,80.70642852783203,5503700,0.0,0.0
2014-11-28 00:00:00-05:00,107.61000061035156,108.81999969482422,107.33000183105469,108.25,81.48932647705078,5881200,0.0,0.0
2014-12-01 00:00:00-05:00,107.88999938964844,108.80999755859375,107.3499984741211,108.02999877929688,81.32371520996094,5638800,0.0,0.0
2014-12-02 00:00:00-05:00,107.97000122070312,108.52999877929688,107.5,108.51000213623047,81.68502807617188,6184400,0.0,0.0
2014-12-03 00:00:00-05:00,108.54000091552734,108.98999786376953,107.6500015258789,107.72000122070312,81.09033203125,8957400,0.0,0.0
2014-12-04 00:00:00-05:00,108.08999633789062,108.30000305175781,107.37999725341797,107.55999755859375,80.96990203857422,6697600,0.0,0.0
2014-12-05 00:00:00-05:00,107.52999877929688,108.73999786376953,107.22000122070312,108.51000213623047,81.68502807617188,6449700,0.0,0.0
2014-12-08 00:00:00-05:00,108.41999816894531,108.87999725341797,108.13999938964844,108.5199966430664,81.69255828857422,6499300,0.0,0.0
2014-12-09 00:00:00-05:00,108.22000122070312,108.47000122070312,106.88999938964844,108.05000305175781,81.3387680053711,7214300,0.0,0.0
2014-12-10 00:00:00-05:00,107.61000061035156,107.95999908447266,106.1500015258789,106.23999786376953,79.97620391845703,9416400,0.0,0.0
2014-12-11 00:00:00-05:00,105.8499984741211,107.30999755859375,105.36000061035156,106.72000122070312,80.33753204345703,7114600,0.0,0.0
2014-12-12 00:00:00-05:00,106.6500015258789,106.87000274658203,104.38999938964844,104.43000030517578,78.6136703491211,8325500,0.0,0.0
2014-12-15 00:00:00-05:00,104.7699966430664,105.05999755859375,103.62999725341797,103.95999908447266,78.25987243652344,12110600,0.0,0.0
2014-12-16 00:00:00-05:00,103.4800033569336,105.20999908447266,102.5,102.76000213623047,77.35652160644531,10209200,0.0,0.0
2014-12-17 00:00:00-05:00,103.2699966430664,104.48999786376953,102.69999694824219,104.06999969482422,78.34265899658203,10207600,0.0,0.0
2014-12-18 00:00:00-05:00,105.62000274658203,106.81999969482422,104.73999786376953,106.80999755859375,80.40530395507812,11756800,0.0,0.0
2014-12-19 00:00:00-05:00,106.62999725341797,107.38999938964844,105.5,105.55000305175781,79.4568099975586,19154400,0.0,0.0
2014-12-22 00:00:00-05:00,105.69000244140625,106.83000183105469,105.66999816894531,106.73999786376953,80.35257720947266,8124500,0.0,0.0
2014-12-23 00:00:00-05:00,106.66000366210938,106.91000366210938,103.91999816894531,104.27999877929688,78.50074005126953,10171700,0.0,0.0
2014-12-24 00:00:00-05:00,104.37999725341797,105.33000183105469,104.37999725341797,104.58999633789062,78.7341079711914,3415100,0.0,0.0
2014-12-26 00:00:00-05:00,105.06999969482422,105.69000244140625,104.69000244140625,105.05999755859375,79.08792114257812,2951000,0.0,0.0
2014-12-29 00:00:00-05:00,104.63999938964844,105.69000244140625,104.61000061035156,105.33000183105469,79.29116821289062,4273400,0.0,0.0
2014-12-30 00:00:00-05:00,105.41999816894531,105.80000305175781,105.05999755859375,105.36000061035156,79.31376647949219,4371700,0.0,0.0
2014-12-31 00:00:00-05:00,105.61000061035156,106.11000061035156,104.54000091552734,104.56999969482422,78.71905517578125,6202100,0.0,0.0
2015-01-02 00:00:00-05:00,105.05000305175781,105.55000305175781,104.12999725341797,104.5199966430664,78.68141174316406,5753600,0.0,0.0
2015-01-05 00:00:00-05:00,104.4800033569336,104.7300033569336,103.68000030517578,103.79000091552734,78.13189697265625,8079300,0.0,0.0
2015-01-06 00:00:00-05:00,104.33999633789062,104.98999786376953,102.94000244140625,103.27999877929688,77.74798583984375,7428000,0.0,0.0
2015-01-07 00:00:00-05:00,103.91000366210938,105.83000183105469,103.80999755859375,105.55999755859375,79.46431732177734,7931700,0.0,0.0
2015-01-08 00:00:00-05:00,106.05999755859375,106.48999786376953,105.75,106.38999938964844,80.089111328125,9916000,0.0,0.0
2015-01-09 00:00:00-05:00,106.5,106.5,104.75,104.94000244140625,78.99758911132812,7364800,0.0,0.0
2015-01-12 00:00:00-05:00,105.16999816894531,105.81999969482422,104.30000305175781,104.58000183105469,78.72657775878906,6839000,0.0,0.0
2015-01-13 00:00:00-05:00,105.44000244140625,106.33000183105469,104.23999786376953,104.76000213623047,78.8620834350586,10151100,0.0,0.0
2015-01-14 00:00:00-05:00,103.86000061035156,104.43000030517578,103.51000213623047,104.0,78.28995513916016,8887700,0.0,0.0
2015-01-15 00:00:00-05:00,102.97000122070312,103.93000030517578,101.94999694824219,102.48999786376953,77.15327453613281,10834800,0.0,0.0
2015-01-16 00:00:00-05:00,102.05999755859375,104.62000274658203,102.0,104.04000091552734,78.32007598876953,14092300,0.0,0.0
2015-01-20 00:00:00-05:00,101.55000305175781,102.05000305175781,100.26000213623047,101.29000091552734,76.24988555908203,20460000,0.0,0.0
2015-01-21 00:00:00-05:00,100.55999755859375,102.0999984741211,100.4000015258789,101.9000015258789,76.70909881591797,11702900,0.0,0.0
2015-01-22 00:00:00-05:00,102.38999938964844,103.83000183105469,101.56999969482422,103.76000213623047,78.10929107666016,9036600,0.0,0.0
2015-01-23 00:00:00-05:00,102.94000244140625,102.97000122070312,101.94000244140625,102.19999694824219,76.93495178222656,10126000,0.0,0.0
2015-01-26 00:00:00-05:00,101.80000305175781,102.44999694824219,101.20999908447266,102.26000213623047,76.98011779785156,8962800,0.0,0.0
2015-01-27 00:00:00-05:00,101.83000183105469,102.7699966430664,100.93000030517578,102.08999633789062,76.85214233398438,10160500,0.0,0.0
2015-01-28 00:00:00-05:00,102.4800033569336,102.93000030517578,101.44000244140625,101.4800033569336,76.3929443359375,9053200,0.0,0.0
2015-01-29 00:00:00-05:00,101.51000213623047,102.45999908447266,100.66999816894531,102.37999725341797,77.0704574584961,7569300,0.0,0.0
2015-01-30 00:00:00-05:00,101.58000183105469,102.0,100.08999633789062,100.13999938964844,75.38422393798828,10676300,0.0,0.0
2015-02-02 00:00:00-05:00,100.48999786376953,100.8499984741211,99.37999725341797,100.83000183105469,75.90363311767578,8990700,0.0,0.0
2015-02-03 00:00:00-05:00,101.4000015258789,102.55999755859375,101.12000274658203,102.45999908447266,77.13067626953125,10005200,0.0,0.0
2015-02-04 00:00:00-05:00,102.12000274658203,102.44999694824219,101.0199966430664,101.36000061035156,76.30259704589844,9514100,0.0,0.0
2015-02-05 00:00:00-05:00,101.56999969482422,102.55999755859375,101.45999908447266,102.45999908447266,77.13067626953125,6642200,0.0,0.0
2015-02-06 00:00:00-05:00,102.11000061035156,102.44999694824219,100.83000183105469,101.0999984741211,76.10687255859375,9215700,0.0,0.0
2015-02-09 00:00:00-05:00,101.05999755859375,101.05999755859375,99.0999984741211,99.77999877929688,75.11319732666016,9851700,0.0,0.0
2015-02-10 00:00:00-05:00,100.19000244140625,100.69999694824219,99.43000030517578,100.3499984741211,75.54228973388672,12275500,0.0,0.0
2015-02-11 00:00:00-05:00,100.45999908447266,100.79000091552734,99.94999694824219,100.37999725341797,75.56488800048828,8177000,0.0,0.0
2015-02-12 00:00:00-05:00,100.5,100.54000091552734,97.1500015258789,98.44000244140625,74.10446166992188,25835200,0.0,0.0
2015-02-13 00:00:00-05:00,98.44000244140625,99.66999816894531,98.33000183105469,99.62000274658203,74.99278259277344,11153600,0.0,0.0
2015-02-17 00:00:00-05:00,99.38999938964844,100.4800033569336,99.12000274658203,100.44000244140625,75.61001586914062,8627100,0.0,0.0
2015-02-18 00:00:00-05:00,100.69999694824219,100.94000244140625,99.37999725341797,99.95999908447266,75.24867248535156,7878200,0.0,0.0
2015-02-19 00:00:00-05:00,99.94999694824219,100.83999633789062,99.61000061035156,100.69999694824219,75.80573272705078,10028200,0.0,0.0
2015-02-20 00:00:00-05:00,100.18000030517578,100.37000274658203,99.11000061035156,100.26000213623047,76.00288391113281,10085700,0.7,0.0
2015-02-23 00:00:00-05:00,100.73999786376953,100.7699966430664,99.80000305175781,100.18000030517578,75.94219970703125,6878200,0.0,0.0
2015-02-24 00:00:00-05:00,100.25,101.05000305175781,100.0,100.69999694824219,76.33638000488281,6587200,0.0,0.0
2015-02-25 00:00:00-05:00,100.94000244140625,101.29000091552734,100.16000366210938,101.20999908447266,76.72300720214844,9684000,0.0,0.0
2015-02-26 00:00:00-05:00,101.37999725341797,103.18000030517578,101.22000122070312,102.80000305175781,77.9283218383789,11437900,0.0,0.0
2015-02-27 00:00:00-05:00,103.04000091552734,103.33000183105469,102.4800033569336,102.51000213623047,77.70850372314453,8500000,0.0,0.0
2015-03-02 00:00:00-05:00,102.51000213623047,103.41000366210938,102.51000213623047,103.22000122070312,78.24671173095703,7277600,0.0,0.0
2015-03-03 00:00:00-05:00,103.0999984741211,103.0999984741211,101.80999755859375,102.33999633789062,77.57962799072266,6419700,0.0,0.0
2015-03-04 00:00:00-05:00,102.12000274658203,102.12000274658203,101.16999816894531,101.6500015258789,77.05653381347656,8665500,0.0,0.0
2015-03-05 00:00:00-05:00,102.06999969482422,103.20999908447266,102.0,102.5199966430664,77.716064453125,8042300,0.0,0.0
2015-03-06 00:00:00-05:00,102.08999633789062,102.43000030517578,99.87999725341797,100.11000061035156,75.88912963867188,9287600,0.0,0.0
2015-03-09 00:00:00-04:00,100.19999694824219,100.91999816894531,99.76000213623047,100.66000366210938,76.30607604980469,5701100,0.0,0.0
2015-03-10 00:00:00-04:00,99.98999786376953,100.44000244140625,99.51000213623047,99.52999877929688,75.44945526123047,8735700,0.0,0.0
2015-03-11 00:00:00-04:00,99.83000183105469,99.83000183105469,98.22000122070312,98.31999969482422,74.53219604492188,9138100,0.0,0.0
2015-03-12 00:00:00-04:00,98.95999908447266,100.23999786376953,98.83000183105469,99.83000183105469,75.6769027709961,8318000,0.0,0.0
2015-03-13 00:00:00-04:00,99.8499984741211,100.05000305175781,98.63999938964844,99.20999908447266,75.2068862915039,7821800,0.0,0.0
2015-03-16 00:00:00-04:00,99.73999786376953,101.06999969482422,99.73999786376953,101.05999755859375,76.60929107666016,7726500,0.0,0.0
2015-03-17 00:00:00-04:00,100.11000061035156,100.5199966430664,99.41000366210938,99.88999938964844,75.72235107421875,7301500,0.0,0.0
2015-03-18 00:00:00-04:00,99.88999938964844,101.73999786376953,99.12999725341797,101.45999908447266,76.91254425048828,7972500,0.0,0.0
2015-03-19 00:00:00-04:00,101.04000091552734,101.95999908447266,100.91000366210938,101.69000244140625,77.0868911743164,6863100,0.0,0.0
2015-03-20 00:00:00-04:00,101.87000274658203,102.9000015258789,101.76000213623047,102.4000015258789,77.62508392333984,12433800,0.0,0.0
2015-03-23 00:00:00-04:00,102.47000122070312,103.3499984741211,102.2300033569336,102.9800033569336,78.06478118896484,9016000,0.0,0.0
2015-03-24 00:00:00-04:00,102.83000183105469,103.2300033569336,101.93000030517578,101.95999908447266,77.29154968261719,8390700,0.0,0.0
2015-03-25 00:00:00-04:00,101.8499984741211,102.5,100.33999633789062,100.33999633789062,76.06350708007812,8444100,0.0,0.0
2015-03-26 00:00:00-04:00,99.94999694824219,100.80999755859375,99.55999755859375,100.13999938964844,75.91190338134766,9972400,0.0,0.0
2015-03-27 00:00:00-04:00,100.27999877929688,100.94999694824219,100.1500015258789,100.33999633789062,76.06350708007812,5847400,0.0,0.0
2015-03-30 00:00:00-04:00,101.23999786376953,101.86000061035156,100.76000213623047,101.55000305175781,76.98077392578125,6061200,0.0,0.0
2015-03-31 00:00:00-04:00,100.97000122070312,101.48999786376953,100.58999633789062,100.5999984741211,76.26060485839844,8028000,0.0,0.0
2015-04-01 00:00:00-04:00,100.45999908447266,100.45999908447266,98.61000061035156,99.1500015258789,75.16142272949219,11368100,0.0,0.0
2015-04-02 00:00:00-04:00,99.44000244140625,99.98999786376953,98.88999938964844,99.63999938964844,75.5328598022461,6097100,0.0,0.0
2015-04-06 00:00:00-04:00,98.83999633789062,99.55999755859375,98.04000091552734,99.16000366210938,75.16901397705078,9697600,0.0,0.0
2015-04-07 00:00:00-04:00,99.55000305175781,100.87000274658203,99.43000030517578,100.0999984741211,75.88154602050781,7900300,0.0,0.0
2015-04-08 00:00:00-04:00,99.83999633789062,100.44999694824219,99.5999984741211,100.16000366210938,75.92705535888672,7354100,0.0,0.0
2015-04-09 00:00:00-04:00,100.56999969482422,101.6500015258789,100.33000183105469,101.33000183105469,76.81396484375,8073900,0.0,0.0
2015-04-10 00:00:00-04:00,101.33000183105469,102.13999938964844,100.93000030517578,102.05999755859375,77.36736297607422,6786500,0.0,0.0
2015-04-13 00:00:00-04:00,101.54000091552734,101.9800033569336,100.55000305175781,100.55000305175781,76.22269439697266,10753500,0.0,0.0
2015-04-14 00:00:00-04:00,101.05000305175781,101.45999908447266,100.19000244140625,100.5199966430664,76.199951171875,9322200,0.0,0.0
2015-04-15 00:00:00-04:00,100.54000091552734,101.23999786376953,100.33000183105469,100.5999984741211,76.26060485839844,8237100,0.0,0.0
2015-04-16 00:00:00-04:00,100.2699966430664,100.31999969482422,99.7699966430664,99.79000091552734,75.64656829833984,7324800,0.0,0.0
2015-04-17 00:00:00-04:00,99.37000274658203,99.8499984741211,99.11000061035156,99.58000183105469,75.48737335205078,11084200,0.0,0.0
2015-04-20 00:00:00-04:00,100.26000213623047,100.87999725341797,100.05000305175781,100.20999908447266,75.96497344970703,6668500,0.0,0.0
2015-04-21 00:00:00-04:00,100.66000366210938,100.98999786376953,100.16000366210938,100.30000305175781,76.03318786621094,6532700,0.0,0.0
2015-04-22 00:00:00-04:00,100.62999725341797,100.80000305175781,99.95999908447266,100.43000030517578,76.1317138671875,4763900,0.0,0.0
2015-04-23 00:00:00-04:00,100.5,100.81999969482422,99.91000366210938,100.45999908447266,76.15447998046875,7351500,0.0,0.0
2015-04-24 00:00:00-04:00,100.11000061035156,101.52999877929688,100.0,101.08000183105469,76.62446594238281,6566900,0.0,0.0
2015-04-27 00:00:00-04:00,101.16000366210938,101.5999984741211,100.47000122070312,100.58000183105469,76.24542999267578,9113900,0.0,0.0
2015-04-28 00:00:00-04:00,100.44999694824219,100.94999694824219,99.30999755859375,100.73999786376953,76.3667221069336,7484600,0.0,0.0
2015-04-29 00:00:00-04:00,100.51000213623047,100.61000061035156,99.9000015258789,100.38999938964844,76.10140991210938,8926200,0.0,0.0
2015-04-30 00:00:00-04:00,100.06999969482422,100.1500015258789,98.7699966430664,99.19999694824219,75.19931030273438,10170600,0.0,0.0
2015-05-01 00:00:00-04:00,99.62000274658203,100.38999938964844,99.62000274658203,100.12999725341797,75.90431213378906,6255000,0.0,0.0
2015-05-04 00:00:00-04:00,100.33000183105469,100.55000305175781,100.16000366210938,100.3499984741211,76.07107543945312,5532400,0.0,0.0
2015-05-05 00:00:00-04:00,100.12999725341797,100.29000091552734,99.29000091552734,99.5,75.42674255371094,8828000,0.0,0.0
2015-05-06 00:00:00-04:00,99.62000274658203,99.87000274658203,98.66000366210938,99.16999816894531,75.17658233642578,8030800,0.0,0.0
2015-05-07 00:00:00-04:00,98.94000244140625,100.0,98.91000366210938,99.66000366210938,75.54801940917969,6401600,0.0,0.0
2015-05-08 00:00:00-04:00,100.4800033569336,101.66999816894531,100.44000244140625,101.47000122070312,76.92012786865234,7508600,0.0,0.0
2015-05-11 00:00:00-04:00,101.31999969482422,101.66000366210938,101.01000213623047,101.02999877929688,76.5865707397461,5698900,0.0,0.0
2015-05-12 00:00:00-04:00,100.87999725341797,101.05000305175781,100.27999877929688,100.47000122070312,76.16205596923828,6903100,0.0,0.0
2015-05-13 00:00:00-04:00,100.68000030517578,101.12999725341797,100.47000122070312,100.55000305175781,76.22269439697266,5826800,0.0,0.0
2015-05-14 00:00:00-04:00,100.97000122070312,101.87000274658203,100.94999694824219,101.83000183105469,77.19300842285156,5454000,0.0,0.0
2015-05-15 00:00:00-04:00,101.9800033569336,102.31999969482422,101.66999816894531,102.30000305175781,77.5492935180664,6023500,0.0,0.0
2015-05-18 00:00:00-04:00,102.37000274658203,104.33999633789062,102.31999969482422,103.41999816894531,78.3983154296875,10479600,0.0,0.0
2015-05-19 00:00:00-04:00,103.66000366210938,104.12000274658203,103.26000213623047,103.95999908447266,78.80768585205078,7724100,0.0,0.0
2015-05-20 00:00:00-04:00,104.41999816894531,104.4800033569336,103.30999755859375,103.5999984741211,78.53475189208984,7146500,0.0,0.0
2015-05-21 00:00:00-04:00,102.91000366210938,103.30000305175781,102.33999633789062,102.41999816894531,78.2064437866211,6875600,0.75,0.0
2015-05-22 00:00:00-04:00,102.2699966430664,102.41000366210938,101.33000183105469,101.3499984741211,77.38939666748047,6216600,0.0,0.0
2015-05-26 00:00:00-04:00,101.2300033569336,101.55000305175781,100.58000183105469,100.81999969482422,76.98470306396484,7918900,0.0,0.0
2015-05-27 00:00:00-04:00,101.01000213623047,101.41000366210938,100.80000305175781,101.12999725341797,77.22138977050781,9297900,0.0,0.0
2015-05-28 00:00:00-04:00,101.01000213623047,101.69999694824219,100.80999755859375,101.1500015258789,77.23668670654297,5700100,0.0,0.0
2015-05-29 00:00:00-04:00,101.55000305175781,101.62000274658203,99.83000183105469,100.13999938964844,76.4654541015625,9957800,0.0,0.0
2015-06-01 00:00:00-04:00,100.27999877929688,100.5999984741211,99.72000122070312,100.04000091552734,76.38909149169922,7298100,0.0,0.0
2015-06-02 00:00:00-04:00,99.91999816894531,100.23999786376953,99.0999984741211,99.9800033569336,76.34326934814453,8312400,0.0,0.0
2015-06-03 00:00:00-04:00,100.31999969482422,100.43000030517578,99.83999633789062,100.08999633789062,76.42727661132812,5375200,0.0,0.0
2015-06-04 00:00:00-04:00,99.94000244140625,100.47000122070312,99.05999755859375,99.2300033569336,75.77059936523438,8057900,0.0,0.0
2015-06-05 00:00:00-04:00,98.98999786376953,99.05000305175781,98.19999694824219,98.58999633789062,75.28189849853516,7557300,0.0,0.0
2015-06-08 00:00:00-04:00,98.5999984741211,98.9800033569336,97.95999908447266,97.95999908447266,74.80082702636719,7054600,0.0,0.0
2015-06-09 00:00:00-04:00,98.44000244140625,98.54000091552734,97.80000305175781,98.20999908447266,74.99172973632812,7844300,0.0,0.0
2015-06-10 00:00:00-04:00,98.4800033569336,99.55000305175781,98.19999694824219,98.87999725341797,75.50332641601562,10025100,0.0,0.0
2015-06-11 00:00:00-04:00,99.19999694824219,99.80000305175781,98.83000183105469,99.23999786376953,75.77822875976562,6175200,0.0,0.0
2015-06-12 00:00:00-04:00,98.87999725341797,99.2300033569336,98.12000274658203,98.3499984741211,75.09864807128906,8717200,0.0,0.0
2015-06-15 00:00:00-04:00,97.75,97.87000274658203,97.01000213623047,97.48999786376953,74.44194030761719,6833500,0.0,0.0
2015-06-16 00:00:00-04:00,97.5,98.48999786376953,97.0999984741211,98.36000061035156,75.10627746582031,6049500,0.0,0.0
2015-06-17 00:00:00-04:00,98.37999725341797,99.12000274658203,98.1500015258789,98.7300033569336,75.38880920410156,6155800,0.0,0.0
2015-06-18 00:00:00-04:00,98.86000061035156,100.55000305175781,98.70999908447266,100.36000061035156,76.63343811035156,8815800,0.0,0.0
2015-06-19 00:00:00-04:00,99.87999725341797,100.19999694824219,99.77999877929688,99.86000061035156,76.25164794921875,11653600,0.0,0.0
2015-06-22 00:00:00-04:00,100.5999984741211,100.83999633789062,99.98999786376953,100.08999633789062,76.42727661132812,5055900,0.0,0.0
2015-06-23 00:00:00-04:00,100.0999984741211,100.36000061035156,99.4800033569336,99.77999877929688,76.19056701660156,6046600,0.0,0.0
2015-06-24 00:00:00-04:00,99.51000213623047,99.80999755859375,99.06999969482422,99.33000183105469,75.84696197509766,7254700,0.0,0.0
2015-06-25 00:00:00-04:00,99.5,99.9800033569336,99.11000061035156,99.12000274658203,75.68660736083984,6581100,0.0,0.0
2015-06-26 00:00:00-04:00,99.43000030517578,100.12999725341797,99.25,99.63999938964844,76.08365631103516,9041100,0.0,0.0
2015-06-29 00:00:00-04:00,98.9800033569336,99.3499984741211,97.62000274658203,97.68000030517578,74.58702850341797,11150900,0.0,0.0
2015-06-30 00:00:00-04:00,98.43000030517578,98.44999694824219,97.30000305175781,97.45999908447266,74.41902160644531,8967900,0.0,0.0
2015-07-01 00:00:00-04:00,98.30000305175781,98.68000030517578,97.63999938964844,98.47000122070312,75.19026947021484,6726700,0.0,0.0
2015-07-02 00:00:00-04:00,98.8499984741211,99.0199966430664,98.31999969482422,98.44000244140625,75.16736602783203,6091900,0.0,0.0
2015-07-06 00:00:00-04:00,97.70999908447266,98.5,96.63999938964844,98.19999694824219,74.98407745361328,6817800,0.0,0.0
2015-07-07 00:00:00-04:00,98.62999725341797,98.9800033569336,97.5199966430664,98.91999816894531,75.53387451171875,7122600,0.0,0.0
2015-07-08 00:00:00-04:00,98.41999816894531,98.58999633789062,97.69000244140625,97.7699966430664,74.65576171875,6845500,0.0,0.0
2015-07-09 00:00:00-04:00,99.05000305175781,99.54000091552734,98.4000015258789,98.4000015258789,75.13682556152344,7316400,0.0,0.0
2015-07-10 00:00:00-04:00,99.77999877929688,99.88999938964844,99.08999633789062,99.52999877929688,75.99966430664062,6969300,0.0,0.0
2015-07-13 00:00:00-04:00,100.05000305175781,100.4800033569336,99.87000274658203,100.2699966430664,76.5647201538086,6986300,0.0,0.0
2015-07-14 00:00:00-04:00,99.26000213623047,99.87999725341797,98.55000305175781,99.77999877929688,76.19056701660156,9890600,0.0,0.0
2015-07-15 00:00:00-04:00,99.76000213623047,100.94000244140625,99.62999725341797,100.41999816894531,76.67925262451172,7990300,0.0,0.0
2015-07-16 00:00:00-04:00,100.94999694824219,101.36000061035156,100.77999877929688,101.11000061035156,77.20613861083984,5775000,0.0,0.0
2015-07-17 00:00:00-04:00,100.88999938964844,100.91000366210938,99.95999908447266,100.08000183105469,76.41964721679688,8054200,0.0,0.0
2015-07-20 00:00:00-04:00,100.5,100.6500015258789,100.0999984741211,100.37000274658203,76.64108276367188,5016200,0.0,0.0
2015-07-21 00:00:00-04:00,100.5999984741211,100.80999755859375,100.06999969482422,100.33999633789062,76.6181869506836,5891600,0.0,0.0
2015-07-22 00:00:00-04:00,100.41000366210938,100.70999908447266,99.7300033569336,100.18000030517578,76.49598693847656,6721900,0.0,0.0
2015-07-23 00:00:00-04:00,100.5,100.5999984741211,100.0,100.19999694824219,76.51126861572266,5016100,0.0,0.0
2015-07-24 00:00:00-04:00,99.75,99.94999694824219,99.05000305175781,99.1500015258789,75.7094955444336,6524200,0.0,0.0
2015-07-27 00:00:00-04:00,98.97000122070312,98.98999786376953,97.91999816894531,98.27999877929688,75.04518127441406,8734000,0.0,0.0
2015-07-28 00:00:00-04:00,98.88999938964844,99.2300033569336,98.41999816894531,99.0199966430664,75.61023712158203,7757500,0.0,0.0
2015-07-29 00:00:00-04:00,99.26000213623047,100.05000305175781,99.05000305175781,99.7300033569336,76.15238189697266,7853500,0.0,0.0
2015-07-30 00:00:00-04:00,99.80000305175781,100.0,99.37999725341797,99.83999633789062,76.23638916015625,5517400,0.0,0.0
2015-07-31 00:00:00-04:00,100.33999633789062,100.9800033569336,99.95999908447266,100.20999908447266,76.5189208984375,6216800,0.0,0.0
2015-08-03 00:00:00-04:00,100.0,100.20999908447266,99.2300033569336,100.0199966430664,76.37381744384766,6172500,0.0,0.0
2015-08-04 00:00:00-04:00,100.41000366210938,100.5,99.6500015258789,99.80000305175781,76.20584106445312,6005300,0.0,0.0
2015-08-05 00:00:00-04:00,100.56999969482422,101.0,100.3499984741211,100.5199966430664,76.755615234375,4571300,0.0,0.0
2015-08-06 00:00:00-04:00,100.48999786376953,100.5999984741211,99.01000213623047,99.06999969482422,75.64842987060547,6988000,0.0,0.0
2015-08-07 00:00:00-04:00,99.0199966430664,99.06999969482422,98.16000366210938,98.8499984741211,75.48043060302734,6027900,0.0,0.0
2015-08-10 00:00:00-04:00,99.56999969482422,100.05999755859375,99.44999694824219,99.79000091552734,76.19818878173828,6133500,0.0,0.0
2015-08-11 00:00:00-04:00,99.05000305175781,99.33999633789062,98.7699966430664,99.01000213623047,75.60262298583984,6682600,0.0,0.0
2015-08-12 00:00:00-04:00,98.4000015258789,98.7300033569336,97.41000366210938,98.70999908447266,75.3735122680664,7462400,0.0,0.0
2015-08-13 00:00:00-04:00,98.73999786376953,98.9800033569336,98.1500015258789,98.4800033569336,75.19793701171875,5048000,0.0,0.0
2015-08-14 00:00:00-04:00,98.33000183105469,98.83000183105469,97.87000274658203,98.80999755859375,75.44989776611328,5177300,0.0,0.0
2015-08-17 00:00:00-04:00,98.44000244140625,99.87999725341797,98.05999755859375,99.87000274658203,76.25931549072266,6901800,0.0,0.0
2015-08-18 00:00:00-04:00,99.23999786376953,99.68000030517578,99.0199966430664,99.37000274658203,75.87748718261719,7618800,0.0,0.0
2015-08-19 00:00:00-04:00,99.18000030517578,99.98999786376953,98.77999877929688,99.30999755859375,75.83168029785156,7642400,0.0,0.0
2015-08-20 00:00:00-04:00,98.94999694824219,100.12000274658203,98.79000091552734,98.79000091552734,75.43461608886719,10620400,0.0,0.0
2015-08-21 00:00:00-04:00,97.22000122070312,98.5199966430664,95.51000213623047,95.55999755859375,73.52642822265625,16141500,0.75,0.0
2015-08-24 00:00:00-04:00,91.08000183105469,95.20999908447266,81.79000091552734,92.81999969482422,71.418212890625,25636300,0.0,0.0
2015-08-25 00:00:00-04:00,95.69000244140625,95.69999694824219,90.4000015258789,90.7300033569336,69.81009674072266,15671100,0.0,0.0
2015-08-26 00:00:00-04:00,92.91000366210938,95.22000122070312,91.45999908447266,95.11000061035156,73.18021392822266,14738300,0.0,0.0
2015-08-27 00:00:00-04:00,96.0999984741211,96.4000015258789,94.3499984741211,96.22000122070312,74.03424835205078,11131200,0.0,0.0
2015-08-28 00:00:00-04:00,95.93000030517578,96.29000091552734,94.37999725341797,95.16999816894531,73.22636413574219,9200300,0.0,0.0
2015-08-31 00:00:00-04:00,94.87999725341797,95.16999816894531,93.58000183105469,93.9800033569336,72.31075286865234,9083500,0.0,0.0
2015-09-01 00:00:00-04:00,92.29000091552734,92.88999938964844,91.45999908447266,92.08999633789062,70.85652923583984,14593500,0.0,0.0
2015-09-02 00:00:00-04:00,93.16999816894531,93.47000122070312,92.5,93.3499984741211,71.82598876953125,11517400,0.0,0.0
2015-09-03 00:00:00-04:00,93.66000366210938,94.08999633789062,92.26000213623047,92.63999938964844,71.27970886230469,9027200,0.0,0.0
2015-09-04 00:00:00-04:00,91.58000183105469,91.87999725341797,90.56999969482422,91.30999755859375,70.25638580322266,10996800,0.0,0.0
2015-09-08 00:00:00-04:00,93.08999633789062,93.9800033569336,92.51000213623047,93.94000244140625,72.27996063232422,11394100,0.0,0.0
2015-09-09 00:00:00-04:00,94.98999786376953,95.16000366210938,92.02999877929688,92.22000122070312,70.95654296875,7384500,0.0,0.0
2015-09-10 00:00:00-04:00,92.11000061035156,93.4800033569336,91.62000274658203,92.72000122070312,71.34124755859375,8359500,0.0,0.0
2015-09-11 00:00:00-04:00,92.44000244140625,93.0,91.80000305175781,92.93000030517578,71.5028305053711,7381300,0.0,0.0
2015-09-14 00:00:00-04:00,92.9000015258789,93.91000366210938,92.51000213623047,93.31999969482422,71.80291748046875,7948700,0.0,0.0
2015-09-15 00:00:00-04:00,93.79000091552734,94.75,93.19000244140625,94.4000015258789,72.63389587402344,7030700,0.0,0.0
2015-09-16 00:00:00-04:00,94.48999786376953,94.81999969482422,93.81999969482422,94.61000061035156,72.79547882080078,5630400,0.0,0.0
2015-09-17 00:00:00-04:00,94.52999877929688,96.19000244140625,94.31999969482422,94.83999633789062,72.97244262695312,8258000,0.0,0.0
2015-09-18 00:00:00-04:00,94.08000183105469,94.72000122070312,93.25,93.38999938964844,71.85676574707031,14211100,0.0,0.0
2015-09-21 00:00:00-04:00,93.87000274658203,94.5999984741211,92.37000274658203,93.12999725341797,71.65672302246094,7053700,0.0,0.0
2015-09-22 00:00:00-04:00,92.26000213623047,93.44000244140625,91.87999725341797,93.23999786376953,71.74134826660156,10618700,0.0,0.0
2015-09-23 00:00:00-04:00,93.20999908447266,93.69999694824219,92.55999755859375,92.98999786376953,71.54901123046875,5609300,0.0,0.0
2015-09-24 00:00:00-04:00,92.5199966430664,92.94000244140625,91.77999877929688,92.4800033569336,71.15662384033203,7407600,0.0,0.0
2015-09-25 00:00:00-04:00,92.93000030517578,93.12999725341797,90.76000213623047,91.0,70.01786041259766,10794400,0.0,0.0
2015-09-28 00:00:00-04:00,90.69999694824219,92.06999969482422,89.9000015258789,91.37000274658203,70.30254364013672,14332800,0.0,0.0
2015-09-29 00:00:00-04:00,92.23999786376953,93.83999633789062,91.83000183105469,93.04000091552734,71.58747100830078,11520000,0.0,0.0
2015-09-30 00:00:00-04:00,94.12999725341797,94.47000122070312,92.58999633789062,93.3499984741211,71.82598876953125,10970100,0.0,0.0
2015-10-01 00:00:00-04:00,93.43000030517578,93.8499984741211,91.76000213623047,93.16999816894531,71.68749237060547,9675900,0.0,0.0
2015-10-02 00:00:00-04:00,92.13999938964844,93.97000122070312,91.83999633789062,93.93000030517578,72.27224731445312,8368100,0.0,0.0
2015-10-05 00:00:00-04:00,94.19000244140625,94.81999969482422,94.08000183105469,94.76000213623047,72.91085815429688,9419200,0.0,0.0
2015-10-06 00:00:00-04:00,94.5199966430664,94.66000366210938,92.58000183105469,93.41999816894531,71.8798599243164,8365200,0.0,0.0
2015-10-07 00:00:00-04:00,94.26000213623047,95.41999816894531,93.44000244140625,94.9800033569336,73.08016967773438,9397300,0.0,0.0
2015-10-08 00:00:00-04:00,94.70999908447266,95.19999694824219,93.80999755859375,95.08000183105469,73.15711212158203,7090700,0.0,0.0
2015-10-09 00:00:00-04:00,95.13999938964844,95.95999908447266,94.77999877929688,95.37000274658203,73.38024139404297,8259700,0.0,0.0
2015-10-12 00:00:00-04:00,95.06999969482422,96.47000122070312,94.9800033569336,95.98999786376953,73.85726928710938,8957900,0.0,0.0
2015-10-13 00:00:00-04:00,94.79000091552734,96.2300033569336,94.30999755859375,95.44999694824219,73.4417953491211,12761900,0.0,0.0
2015-10-14 00:00:00-04:00,95.20999908447266,95.95999908447266,94.12000274658203,94.52999877929688,72.7339096069336,8881900,0.0,0.0
2015-10-15 00:00:00-04:00,95.0,97.3499984741211,94.86000061035156,97.1500015258789,74.74981689453125,9561900,0.0,0.0
2015-10-16 00:00:00-04:00,97.87000274658203,98.30999755859375,97.4000015258789,98.23999786376953,75.58848571777344,9495300,0.0,0.0
2015-10-19 00:00:00-04:00,98.05000305175781,98.19999694824219,97.30999755859375,97.94000244140625,75.35768127441406,8725400,0.0,0.0
2015-10-20 00:00:00-04:00,97.94999694824219,98.25,97.30999755859375,97.58999633789062,75.0883560180664,6041800,0.0,0.0
2015-10-21 00:00:00-04:00,97.63999938964844,98.22000122070312,97.06999969482422,97.62999725341797,75.119140625,7059800,0.0,0.0
2015-10-22 00:00:00-04:00,97.8499984741211,99.80999755859375,97.12999725341797,99.52999877929688,76.58103942871094,9887900,0.0,0.0
2015-10-23 00:00:00-04:00,99.87999725341797,100.87999725341797,99.52999877929688,100.30999755859375,77.18120574951172,9178900,0.0,0.0
2015-10-26 00:00:00-04:00,100.05000305175781,100.27999877929688,99.48999786376953,99.94000244140625,76.89653015136719,7561600,0.0,0.0
2015-10-27 00:00:00-04:00,99.91999816894531,100.9000015258789,99.69999694824219,100.19000244140625,77.0888900756836,8883200,0.0,0.0
2015-10-28 00:00:00-04:00,100.44999694824219,100.4800033569336,99.5,100.4800033569336,77.31201171875,7256300,0.0,0.0
2015-10-29 00:00:00-04:00,100.47000122070312,101.52999877929688,100.12000274658203,101.37000274658203,77.99679565429688,6340700,0.0,0.0
2015-10-30 00:00:00-04:00,101.52999877929688,102.12000274658203,101.01000213623047,101.02999877929688,77.73519897460938,10520300,0.0,0.0
2015-11-02 00:00:00-05:00,101.18000030517578,102.33999633789062,100.83999633789062,102.16999816894531,78.61235046386719,6297900,0.0,0.0
2015-11-03 00:00:00-05:00,101.83999633789062,102.30000305175781,101.11000061035156,101.95999908447266,78.45075225830078,6229200,0.0,0.0
2015-11-04 00:00:00-05:00,101.9000015258789,102.38999938964844,101.69000244140625,101.94000244140625,78.43538665771484,5592300,0.0,0.0
2015-11-05 00:00:00-05:00,102.25,102.48999786376953,101.41999816894531,102.33000183105469,78.73543548583984,6545600,0.0,0.0
2015-11-06 00:00:00-05:00,101.56999969482422,101.91999816894531,100.86000061035156,101.91999816894531,78.41997528076172,6221100,0.0,0.0
2015-11-09 00:00:00-05:00,101.38999938964844,101.58999633789062,100.55000305175781,100.83999633789062,77.58900451660156,6625900,0.0,0.0
2015-11-10 00:00:00-05:00,101.0,101.76000213623047,100.68000030517578,101.44999694824219,78.05835723876953,5114200,0.0,0.0
2015-11-11 00:00:00-05:00,101.77999877929688,102.36000061035156,101.5,101.86000061035156,78.37381744384766,6284700,0.0,0.0
2015-11-12 00:00:00-05:00,101.13999938964844,101.61000061035156,100.22000122070312,100.2699966430664,77.15042114257812,6918700,0.0,0.0
2015-11-13 00:00:00-05:00,100.04000091552734,100.94000244140625,99.73999786376953,99.87999725341797,76.850341796875,8517500,0.0,0.0
2015-11-16 00:00:00-05:00,100.37999725341797,101.29000091552734,100.04000091552734,101.22000122070312,77.88138580322266,5755800,0.0,0.0
2015-11-17 00:00:00-05:00,100.37999725341797,101.70999908447266,100.37999725341797,101.5,78.09680938720703,5124000,0.0,0.0
2015-11-18 00:00:00-05:00,101.52999877929688,102.80000305175781,101.30999755859375,102.66999816894531,78.9970474243164,7148400,0.0,0.0
2015-11-19 00:00:00-05:00,102.66000366210938,102.68000030517578,102.05999755859375,102.48999786376953,78.85857391357422,5164500,0.0,0.0
2015-11-20 00:00:00-05:00,102.48999786376953,102.80000305175781,102.19999694824219,102.4800033569336,79.43212890625,7671500,0.75,0.0
2015-11-23 00:00:00-05:00,102.38999938964844,103.0,102.19000244140625,102.7699966430664,79.65690612792969,6730600,0.0,0.0
2015-11-24 00:00:00-05:00,101.80999755859375,102.79000091552734,101.80999755859375,102.04000091552734,79.09109497070312,7492400,0.0,0.0
2015-11-25 00:00:00-05:00,102.16999816894531,102.33000183105469,101.95999908447266,101.95999908447266,79.0290756225586,5400800,0.0,0.0
2015-11-27 00:00:00-05:00,102.27999877929688,102.62000274658203,101.79000091552734,102.37000274658203,79.34687042236328,2353800,0.0,0.0
2015-11-30 00:00:00-05:00,102.4800033569336,102.4800033569336,101.23999786376953,101.23999786376953,78.47101593017578,8983700,0.0,0.0
2015-12-01 00:00:00-05:00,101.7300033569336,102.48999786376953,101.12000274658203,102.36000061035156,79.339111328125,7545700,0.0,0.0
2015-12-02 00:00:00-05:00,102.5,102.93000030517578,101.98999786376953,102.05000305175781,79.0988540649414,6623500,0.0,0.0
2015-12-03 00:00:00-05:00,102.2699966430664,102.37000274658203,100.30999755859375,100.79000091552734,78.1222152709961,12008700,0.0,0.0
2015-12-04 00:00:00-05:00,101.4000015258789,103.0,101.27999877929688,102.94999694824219,79.79640197753906,7845400,0.0,0.0
2015-12-07 00:00:00-05:00,102.61000061035156,103.48999786376953,102.5999984741211,103.31999969482422,80.08321380615234,7262900,0.0,0.0
2015-12-08 00:00:00-05:00,102.9800033569336,103.23999786376953,101.91000366210938,102.41999816894531,79.38562774658203,8005400,0.0,0.0
2015-12-09 00:00:00-05:00,102.13999938964844,103.33999633789062,101.66999816894531,102.1500015258789,79.17634582519531,7947000,0.0,0.0
2015-12-10 00:00:00-05:00,102.30000305175781,103.33999633789062,101.80000305175781,102.63999938964844,79.55615234375,6479300,0.0,0.0
2015-12-11 00:00:00-05:00,102.37000274658203,102.37000274658203,101.43000030517578,101.68000030517578,78.81205749511719,7796500,0.0,0.0
2015-12-14 00:00:00-05:00,101.6500015258789,102.29000091552734,100.77999877929688,102.1500015258789,79.17634582519531,10641500,0.0,0.0
2015-12-15 00:00:00-05:00,102.6500015258789,104.69000244140625,102.6500015258789,104.12999725341797,80.71106719970703,9283200,0.0,0.0
2015-12-16 00:00:00-05:00,104.63999938964844,105.48999786376953,103.5199966430664,105.25,81.57918548583984,8178800,0.0,0.0
2015-12-17 00:00:00-05:00,105.16000366210938,105.26000213623047,103.62999725341797,103.63999938964844,80.33124542236328,8740800,0.0,0.0
2015-12-18 00:00:00-05:00,103.08000183105469,103.08000183105469,101.94999694824219,101.94999694824219,79.02132415771484,14966000,0.0,0.0
2015-12-21 00:00:00-05:00,102.33999633789062,102.91999816894531,100.8499984741211,101.58000183105469,78.73452758789062,8321900,0.0,0.0
2015-12-22 00:00:00-05:00,101.91000366210938,102.87999725341797,101.1500015258789,102.70999908447266,79.61042785644531,5581600,0.0,0.0
2015-12-23 00:00:00-05:00,103.11000061035156,103.66999816894531,102.73999786376953,103.48999786376953,80.2149658203125,5531700,0.0,0.0
2015-12-24 00:00:00-05:00,103.12000274658203,103.91000366210938,103.01000213623047,103.72000122070312,80.39325714111328,2546300,0.0,0.0
2015-12-28 00:00:00-05:00,103.18000030517578,103.47000122070312,102.93000030517578,103.22000122070312,80.00570678710938,4063000,0.0,0.0
2015-12-29 00:00:00-05:00,103.33999633789062,104.19000244140625,103.33999633789062,104.02999877929688,80.633544921875,4230000,0.0,0.0
2015-12-30 00:00:00-05:00,104.11000061035156,104.33999633789062,103.52999877929688,103.77999877929688,80.43975067138672,3847800,0.0,0.0
2015-12-31 00:00:00-05:00,103.37000274658203,103.62000274658203,102.69000244140625,102.72000122070312,79.61815643310547,4592600,0.0,0.0
2016-01-04 00:00:00-05:00,101.70999908447266,101.80999755859375,99.44999694824219,100.4800033569336,77.8819351196289,12722800,0.0,0.0
2016-01-05 00:00:00-05:00,100.58000183105469,101.44000244140625,100.56999969482422,100.9000015258789,78.20747375488281,6467200,0.0,0.0
2016-01-06 00:00:00-05:00,99.81999969482422,100.97000122070312,99.5999984741211,100.38999938964844,77.81217956542969,7733800,0.0,0.0
2016-01-07 00:00:00-05:00,99.30999755859375,100.08999633789062,98.87999725341797,99.22000122070312,76.90531158447266,9433100,0.0,0.0
2016-01-08 00:00:00-05:00,99.87999725341797,99.94000244140625,97.8499984741211,98.16000366210938,76.08370208740234,9766700,0.0,0.0
2016-01-11 00:00:00-05:00,98.23999786376953,98.62999725341797,96.08000183105469,97.56999969482422,75.62641143798828,8151400,0.0,0.0
2016-01-12 00:00:00-05:00,97.98999786376953,98.62999725341797,97.23999786376953,98.23999786376953,76.14571380615234,6745000,0.0,0.0
2016-01-13 00:00:00-05:00,98.48999786376953,98.9800033569336,96.83999633789062,97.0199966430664,75.20011138916016,8290700,0.0,0.0
2016-01-14 00:00:00-05:00,97.0999984741211,99.47000122070312,97.0,98.88999938964844,76.64954376220703,10164300,0.0,0.0
2016-01-15 00:00:00-05:00,96.37000274658203,98.0,96.25,97.0,75.1845932006836,12662200,0.0,0.0
2016-01-19 00:00:00-05:00,97.93000030517578,98.41000366210938,96.9000015258789,97.5,75.57212829589844,12457800,0.0,0.0
2016-01-20 00:00:00-05:00,96.11000061035156,97.27999877929688,94.52999877929688,95.75,74.21574401855469,12685200,0.0,0.0
2016-01-21 00:00:00-05:00,95.7699966430664,96.63999938964844,94.27999877929688,95.94000244140625,74.36299133300781,11266400,0.0,0.0
2016-01-22 00:00:00-05:00,97.0199966430664,97.08999633789062,95.94999694824219,96.75,74.99079895019531,8380000,0.0,0.0
2016-01-25 00:00:00-05:00,96.72000122070312,97.69000244140625,96.04000091552734,96.4000015258789,74.71953582763672,9350200,0.0,0.0
2016-01-26 00:00:00-05:00,97.26000213623047,101.33999633789062,97.13999938964844,101.18000030517578,78.42451477050781,17266600,0.0,0.0
2016-01-27 00:00:00-05:00,100.48999786376953,103.37999725341797,100.48999786376953,102.16000366210938,79.18409729003906,19330500,0.0,0.0
2016-01-28 00:00:00-05:00,102.5,103.04000091552734,101.8499984741211,102.2699966430664,79.26934814453125,12789500,0.0,0.0
2016-01-29 00:00:00-05:00,102.88999938964844,104.75,102.62999725341797,104.44000244140625,80.95133209228516,15614600,0.0,0.0
2016-02-01 00:00:00-05:00,103.61000061035156,104.79000091552734,103.22000122070312,104.37000274658203,80.89706420898438,9803700,0.0,0.0
2016-02-02 00:00:00-05:00,103.30000305175781,104.26000213623047,103.0,103.41000366210938,80.15299224853516,10616300,0.0,0.0
2016-02-03 00:00:00-05:00,103.6500015258789,104.37999725341797,102.01000213623047,104.13999938964844,80.71881103515625,10168600,0.0,0.0
2016-02-04 00:00:00-05:00,103.61000061035156,104.08999633789062,102.7300033569336,103.9000015258789,80.53278350830078,10389000,0.0,0.0
2016-02-05 00:00:00-05:00,102.66000366210938,102.7699966430664,99.77999877929688,100.54000091552734,77.92845916748047,15522200,0.0,0.0
2016-02-08 00:00:00-05:00,100.30999755859375,103.51000213623047,100.22000122070312,102.0,79.06009674072266,14323800,0.0,0.0
2016-02-09 00:00:00-05:00,101.30999755859375,102.23999786376953,100.97000122070312,101.97000122070312,79.03682708740234,10044500,0.0,0.0
2016-02-10 00:00:00-05:00,102.05000305175781,102.91000366210938,101.37000274658203,101.7300033569336,78.85082244873047,9833100,0.0,0.0
2016-02-11 00:00:00-05:00,100.45999908447266,102.0199966430664,99.9800033569336,101.69999694824219,78.82756042480469,12465800,0.0,0.0
2016-02-12 00:00:00-05:00,101.81999969482422,101.9800033569336,100.72000122070312,101.81999969482422,78.92057037353516,9035000,0.0,0.0
2016-02-16 00:00:00-05:00,102.37000274658203,103.05000305175781,101.6500015258789,102.31999969482422,79.30812072753906,10452800,0.0,0.0
2016-02-17 00:00:00-05:00,102.75,103.23999786376953,102.2300033569336,102.5,79.44763946533203,8904000,0.0,0.0
2016-02-18 00:00:00-05:00,102.83000183105469,104.68000030517578,102.5,104.23999786376953,80.79631805419922,10744600,0.0,0.0
2016-02-19 00:00:00-05:00,103.58000183105469,104.68000030517578,103.37999725341797,104.16000366210938,81.31938934326172,9343300,0.75,0.0
2016-02-22 00:00:00-05:00,104.16000366210938,104.75,104.05000305175781,104.75,81.78002166748047,6947000,0.0,0.0
2016-02-23 00:00:00-05:00,104.6500015258789,104.79000091552734,103.95999908447266,104.08000183105469,81.25694274902344,6629200,0.0,0.0
2016-02-24 00:00:00-05:00,103.33999633789062,105.08000183105469,102.97000122070312,104.95999908447266,81.9439697265625,9076100,0.0,0.0
2016-02-25 00:00:00-05:00,104.94999694824219,106.38999938964844,104.7699966430664,106.37999725341797,83.05258178710938,8092500,0.0,0.0
2016-02-26 00:00:00-05:00,106.81999969482422,106.91999816894531,105.41999816894531,105.77999877929688,82.58415222167969,9049400,0.0,0.0
2016-02-29 00:00:00-05:00,105.27999877929688,106.19999694824219,105.04000091552734,105.20999908447266,82.1391372680664,10111100,0.0,0.0
2016-03-01 00:00:00-05:00,105.9000015258789,107.23999786376953,105.44000244140625,107.22000122070312,83.70836639404297,8298500,0.0,0.0
2016-03-02 00:00:00-05:00,106.91000366210938,107.41000366210938,106.43000030517578,107.04000091552734,83.5678482055664,9767000,0.0,0.0
2016-03-03 00:00:00-05:00,106.81999969482422,107.0,105.62999725341797,106.6500015258789,83.26338195800781,6927200,0.0,0.0
2016-03-04 00:00:00-05:00,106.51000213623047,106.9800033569336,106.06999969482422,106.5,83.1462631225586,6715700,0.0,0.0
2016-03-07 00:00:00-05:00,106.0,106.91999816894531,105.48999786376953,106.73999786376953,83.33362579345703,6973500,0.0,0.0
2016-03-08 00:00:00-05:00,106.5199966430664,106.7699966430664,105.97000122070312,106.22000122070312,82.92766571044922,7632900,0.0,0.0
2016-03-09 00:00:00-05:00,106.83999633789062,107.0199966430664,106.08999633789062,106.83999633789062,83.41168975830078,7564200,0.0,0.0
2016-03-10 00:00:00-05:00,106.98999786376953,107.4800033569336,106.06999969482422,107.13999938964844,83.64593505859375,10474700,0.0,0.0
2016-03-11 00:00:00-05:00,107.5,107.98999786376953,107.20999908447266,107.70999908447266,84.09093475341797,7763800,0.0,0.0
2016-03-14 00:00:00-04:00,107.91999816894531,108.30000305175781,107.30999755859375,107.66000366210938,84.0519027709961,7242800,0.0,0.0
2016-03-15 00:00:00-04:00,107.62000274658203,108.3499984741211,106.76000213623047,107.76000213623047,84.12996673583984,8476600,0.0,0.0
2016-03-16 00:00:00-04:00,107.7300033569336,107.77999877929688,106.87999725341797,107.41000366210938,83.8567123413086,7065100,0.0,0.0
2016-03-17 00:00:00-04:00,107.47000122070312,107.5999984741211,106.44999694824219,106.73999786376953,83.33362579345703,8571100,0.0,0.0
2016-03-18 00:00:00-04:00,106.98999786376953,107.83999633789062,106.36000061035156,107.5,83.92696380615234,14758300,0.0,0.0
2016-03-21 00:00:00-04:00,107.41000366210938,107.75,106.55000305175781,107.27999877929688,83.7552261352539,7674700,0.0,0.0
2016-03-22 00:00:00-04:00,107.27999877929688,107.62999725341797,107.05000305175781,107.37999725341797,83.83325958251953,7821700,0.0,0.0
2016-03-23 00:00:00-04:00,107.29000091552734,108.83000183105469,107.19999694824219,108.5,84.70770263671875,8191300,0.0,0.0
2016-03-24 00:00:00-04:00,108.22000122070312,108.61000061035156,107.75,108.30999755859375,84.55937194824219,6284500,0.0,0.0
2016-03-28 00:00:00-04:00,108.41000366210938,108.9000015258789,108.05999755859375,108.2300033569336,84.49690246582031,4738100,0.0,0.0
2016-03-29 00:00:00-04:00,108.30000305175781,109.25,107.73999786376953,109.13999938964844,85.20734405517578,6612800,0.0,0.0
2016-03-30 00:00:00-04:00,109.44999694824219,109.55999755859375,108.93000030517578,108.9800033569336,85.08244323730469,5248200,0.0,0.0
2016-03-31 00:00:00-04:00,108.86000061035156,108.9800033569336,108.04000091552734,108.19999694824219,84.4734878540039,8167700,0.0,0.0
2016-04-01 00:00:00-04:00,108.0,109.29000091552734,107.69000244140625,109.19000244140625,85.24639129638672,9043200,0.0,0.0
2016-04-04 00:00:00-04:00,108.81999969482422,109.0999984741211,108.26000213623047,108.58999633789062,84.77796173095703,10668900,0.0,0.0
2016-04-05 00:00:00-04:00,108.2300033569336,109.83999633789062,108.01000213623047,108.94999694824219,85.05899810791016,7939000,0.0,0.0
2016-04-06 00:00:00-04:00,108.72000122070312,109.5,107.87999725341797,109.41999816894531,85.42596435546875,6828700,0.0,0.0
2016-04-07 00:00:00-04:00,109.0,109.62000274658203,108.62999725341797,109.2699966430664,85.308837890625,7822900,0.0,0.0
2016-04-08 00:00:00-04:00,109.37000274658203,109.63999938964844,108.76000213623047,109.0999984741211,85.17610931396484,6301600,0.0,0.0
2016-04-11 00:00:00-04:00,109.1500015258789,109.62000274658203,108.6500015258789,108.97000122070312,85.07461547851562,6823900,0.0,0.0
2016-04-12 00:00:00-04:00,109.0,110.23999786376953,108.75,109.5999984741211,85.56648254394531,8412300,0.0,0.0
2016-04-13 00:00:00-04:00,110.0,110.3499984741211,109.30999755859375,109.87000274658203,85.77727508544922,5758300,0.0,0.0
2016-04-14 00:00:00-04:00,110.0,110.29000091552734,109.44999694824219,109.83999633789062,85.75386047363281,4457100,0.0,0.0
2016-04-15 00:00:00-04:00,110.06999969482422,110.4000015258789,109.5,110.18000030517578,86.01930236816406,10057900,0.0,0.0
2016-04-18 00:00:00-04:00,110.0,111.0999984741211,109.66999816894531,110.93000030517578,86.60484313964844,7772500,0.0,0.0
2016-04-19 00:00:00-04:00,111.6500015258789,113.94999694824219,111.4800033569336,112.68000030517578,87.97108459472656,10526400,0.0,0.0
2016-04-20 00:00:00-04:00,113.19000244140625,114.19000244140625,113.05000305175781,113.58000183105469,88.67373657226562,8213400,0.0,0.0
2016-04-21 00:00:00-04:00,113.30999755859375,113.7300033569336,112.7699966430664,113.56999969482422,88.6659164428711,7884500,0.0,0.0
2016-04-22 00:00:00-04:00,113.43000030517578,113.75,112.83000183105469,113.31999969482422,88.47076416015625,7508700,0.0,0.0
2016-04-25 00:00:00-04:00,113.30999755859375,113.55000305175781,112.4800033569336,113.51000213623047,88.61907958984375,6139900,0.0,0.0
2016-04-26 00:00:00-04:00,113.44999694824219,113.55999755859375,112.6500015258789,112.91000366210938,88.15068054199219,5853600,0.0,0.0
2016-04-27 00:00:00-04:00,112.95999908447266,113.19999694824219,112.45999908447266,112.7699966430664,88.04133605957031,5759300,0.0,0.0
2016-04-28 00:00:00-04:00,112.0999984741211,112.70999908447266,111.63999938964844,112.4800033569336,87.81494140625,6640000,0.0,0.0
2016-04-29 00:00:00-04:00,112.05999755859375,112.22000122070312,111.51000213623047,112.08000183105469,87.50267791748047,7774500,0.0,0.0
2016-05-02 00:00:00-04:00,112.22000122070312,112.79000091552734,111.93000030517578,112.75,88.02574157714844,5178800,0.0,0.0
2016-05-03 00:00:00-04:00,112.55999755859375,113.0999984741211,112.12000274658203,112.69000244140625,87.97888946533203,7554500,0.0,0.0
2016-05-04 00:00:00-04:00,112.04000091552734,112.54000091552734,111.69999694824219,112.22000122070312,87.6119613647461,5214600,0.0,0.0
2016-05-05 00:00:00-04:00,112.08000183105469,113.0999984741211,112.04000091552734,112.87999725341797,88.12720489501953,5404300,0.0,0.0
2016-05-06 00:00:00-04:00,112.58000183105469,113.05000305175781,112.27999877929688,112.73999786376953,88.0179214477539,6099900,0.0,0.0
2016-05-09 00:00:00-04:00,112.9800033569336,113.98999786376953,112.7300033569336,113.72000122070312,88.78305053710938,6512700,0.0,0.0
2016-05-10 00:00:00-04:00,114.0,115.0,113.91999816894531,114.66999816894531,89.52470397949219,8356400,0.0,0.0
2016-05-11 00:00:00-04:00,114.56999969482422,114.76000213623047,114.30999755859375,114.37000274658203,89.29049682617188,6680700,0.0,0.0
2016-05-12 00:00:00-04:00,114.5,114.76000213623047,113.54000091552734,114.2300033569336,89.18121337890625,7156300,0.0,0.0
2016-05-13 00:00:00-04:00,113.9000015258789,114.08999633789062,113.36000061035156,113.55999755859375,88.65813446044922,6779900,0.0,0.0
2016-05-16 00:00:00-04:00,113.38999938964844,114.62999725341797,113.30999755859375,114.44000244140625,89.34515380859375,6222900,0.0,0.0
2016-05-17 00:00:00-04:00,114.54000091552734,114.55999755859375,113.23999786376953,113.83000183105469,88.86891174316406,9233900,0.0,0.0
2016-05-18 00:00:00-04:00,113.61000061035156,114.02999877929688,112.87999725341797,113.58999633789062,88.68154907226562,8267900,0.0,0.0
2016-05-19 00:00:00-04:00,112.98999786376953,113.04000091552734,112.19999694824219,112.8499984741211,88.10381317138672,8232200,0.0,0.0
2016-05-20 00:00:00-04:00,112.19999694824219,112.91999816894531,111.76000213623047,112.63999938964844,88.56770324707031,7435200,0.8,0.0
2016-05-23 00:00:00-04:00,112.7699966430664,112.81999969482422,112.04000091552734,112.16000366210938,88.19031524658203,6462300,0.0,0.0
2016-05-24 00:00:00-04:00,112.5199966430664,113.5,112.5199966430664,112.69000244140625,88.60702514648438,6125300,0.0,0.0
2016-05-25 00:00:00-04:00,113.18000030517578,113.7300033569336,112.8499984741211,113.3499984741211,89.12599182128906,5453800,0.0,0.0
2016-05-26 00:00:00-04:00,113.11000061035156,113.31999969482422,112.8499984741211,112.9000015258789,88.77216339111328,3973600,0.0,0.0
2016-05-27 00:00:00-04:00,113.04000091552734,113.33999633789062,112.69000244140625,113.05999755859375,88.89796447753906,4647000,0.0,0.0
2016-05-31 00:00:00-04:00,113.26000213623047,113.62999725341797,112.31999969482422,112.69000244140625,88.60702514648438,10104700,0.0,0.0
2016-06-01 00:00:00-04:00,112.69000244140625,113.05999755859375,112.06999969482422,112.77999877929688,88.67779541015625,4748900,0.0,0.0
2016-06-02 00:00:00-04:00,112.87000274658203,114.6500015258789,112.86000061035156,114.48999786376953,90.02237701416016,7310800,0.0,0.0
2016-06-03 00:00:00-04:00,114.47000122070312,115.38999938964844,114.12000274658203,114.76000213623047,90.23464965820312,6881700,0.0,0.0
2016-06-06 00:00:00-04:00,114.97000122070312,116.0,114.93000030517578,115.7699966430664,91.02882385253906,6349400,0.0,0.0
2016-06-07 00:00:00-04:00,116.01000213623047,116.2300033569336,115.44999694824219,115.7300033569336,90.99736022949219,6417400,0.0,0.0
2016-06-08 00:00:00-04:00,115.5199966430664,115.94999694824219,115.41000366210938,115.80000305175781,91.05241394042969,5863800,0.0,0.0
2016-06-09 00:00:00-04:00,115.77999877929688,117.19000244140625,115.61000061035156,117.0,91.99595642089844,7375500,0.0,0.0
2016-06-10 00:00:00-04:00,116.73999786376953,117.2300033569336,116.36000061035156,117.01000213623047,92.00379180908203,6067400,0.0,0.0
2016-06-13 00:00:00-04:00,117.12999725341797,117.63999938964844,116.79000091552734,116.79000091552734,91.83081817626953,7940900,0.0,0.0
2016-06-14 00:00:00-04:00,116.44999694824219,117.18000030517578,116.30000305175781,117.12000274658203,92.0903091430664,6378400,0.0,0.0
2016-06-15 00:00:00-04:00,117.63999938964844,117.73999786376953,116.33999633789062,116.41000366210938,91.53202819824219,6371400,0.0,0.0
2016-06-16 00:00:00-04:00,115.69000244140625,116.88999938964844,115.22000122070312,116.63999938964844,91.71287536621094,6664300,0.0,0.0
2016-06-17 00:00:00-04:00,116.62000274658203,116.66999816894531,115.01000213623047,115.4800033569336,90.80081176757812,10702200,0.0,0.0
2016-06-20 00:00:00-04:00,116.5999984741211,117.13999938964844,116.43000030517578,116.54000091552734,91.63426208496094,5588200,0.0,0.0
2016-06-21 00:00:00-04:00,116.98999786376953,117.1500015258789,116.18000030517578,116.18000030517578,91.35121154785156,5493500,0.0,0.0
2016-06-22 00:00:00-04:00,116.54000091552734,117.20999908447266,116.30999755859375,116.45999908447266,91.57135772705078,5833800,0.0,0.0
2016-06-23 00:00:00-04:00,117.19999694824219,117.37999725341797,116.68000030517578,117.37999725341797,92.29473114013672,6775900,0.0,0.0
2016-06-24 00:00:00-04:00,115.06999969482422,117.12000274658203,115.0,115.62999725341797,90.9187240600586,13939500,0.0,0.0
2016-06-27 00:00:00-04:00,115.0,116.63999938964844,115.0,116.55000305175781,91.64212036132812,10877400,0.0,0.0
2016-06-28 00:00:00-04:00,117.16999816894531,118.37000274658203,116.55000305175781,118.2300033569336,92.96310424804688,10089600,0.0,0.0
2016-06-29 00:00:00-04:00,118.83999633789062,119.41000366210938,118.0999984741211,119.33000183105469,93.82801818847656,8341500,0.0,0.0
2016-06-30 00:00:00-04:00,119.18000030517578,121.41000366210938,119.16000366210938,121.30000305175781,95.37698364257812,11559900,0.0,0.0
2016-07-01 00:00:00-04:00,121.30000305175781,121.54000091552734,120.79000091552734,121.29000091552734,95.36910247802734,7051400,0.0,0.0
2016-07-05 00:00:00-04:00,121.36000061035156,123.2300033569336,121.33999633789062,122.2699966430664,96.13970184326172,9334100,0.0,0.0
2016-07-06 00:00:00-04:00,121.93000030517578,122.66000366210938,121.54000091552734,122.63999938964844,96.43062591552734,9332400,0.0,0.0
2016-07-07 00:00:00-04:00,122.58999633789062,122.80999755859375,122.01000213623047,122.51000213623047,96.32841491699219,6058700,0.0,0.0
2016-07-08 00:00:00-04:00,123.0,123.0999984741211,121.95999908447266,122.8499984741211,96.59574890136719,6129900,0.0,0.0
2016-07-11 00:00:00-04:00,122.70999908447266,123.44999694824219,122.41000366210938,122.93000030517578,96.65864562988281,6711600,0.0,0.0
2016-07-12 00:00:00-04:00,122.6500015258789,123.19999694824219,122.61000061035156,122.91999816894531,96.6507797241211,6415900,0.0,0.0
2016-07-13 00:00:00-04:00,122.68000030517578,123.4000015258789,122.30000305175781,123.0,96.71367645263672,5230800,0.0,0.0
2016-07-14 00:00:00-04:00,122.9800033569336,123.73999786376953,122.91000366210938,123.18000030517578,96.85520935058594,5322700,0.0,0.0
2016-07-15 00:00:00-04:00,123.7699966430664,124.30000305175781,122.70999908447266,123.0,96.71367645263672,7192800,0.0,0.0
2016-07-18 00:00:00-04:00,123.0,123.22000122070312,122.44000244140625,123.13999938964844,96.82376861572266,6599200,0.0,0.0
2016-07-19 00:00:00-04:00,124.77999877929688,125.75,123.33999633789062,125.25,98.48285675048828,11325700,0.0,0.0
2016-07-20 00:00:00-04:00,125.83999633789062,126.06999969482422,125.04000091552734,125.13999938964844,98.39633178710938,7334600,0.0,0.0
2016-07-21 00:00:00-04:00,125.20999908447266,125.73999786376953,124.88999938964844,125.1500015258789,98.40422058105469,5492600,0.0,0.0
2016-07-22 00:00:00-04:00,125.12000274658203,125.3499984741211,124.6500015258789,125.02999877929688,98.30985260009766,5839200,0.0,0.0
2016-07-25 00:00:00-04:00,125.06999969482422,125.12999725341797,124.13999938964844,124.88999938964844,98.19976043701172,4880600,0.0,0.0
2016-07-26 00:00:00-04:00,125.02999877929688,125.55000305175781,124.75,125.1500015258789,98.40422058105469,5589900,0.0,0.0
2016-07-27 00:00:00-04:00,125.0999984741211,125.2300033569336,124.33999633789062,124.7699966430664,98.10543823242188,4812600,0.0,0.0
2016-07-28 00:00:00-04:00,124.9800033569336,125.0,124.41000366210938,124.45999908447266,97.86166381835938,4320400,0.0,0.0
2016-07-29 00:00:00-04:00,124.33999633789062,125.31999969482422,124.33999633789062,125.2300033569336,98.46712493896484,7020900,0.0,0.0
2016-08-01 00:00:00-04:00,125.30999755859375,125.70999908447266,125.0999984741211,125.4000015258789,98.60076904296875,4615100,0.0,0.0
2016-08-02 00:00:00-04:00,125.6500015258789,125.9000015258789,124.4800033569336,124.8499984741211,98.16832733154297,7158700,0.0,0.0
2016-08-03 00:00:00-04:00,125.0,125.0,123.69000244140625,123.9000015258789,97.42135620117188,5310600,0.0,0.0
2016-08-04 00:00:00-04:00,124.23999786376953,124.38999938964844,123.63999938964844,123.86000061035156,97.38990020751953,4728200,0.0,0.0
2016-08-05 00:00:00-04:00,124.37999725341797,124.37999725341797,123.76000213623047,124.23999786376953,97.68868255615234,5146900,0.0,0.0
2016-08-08 00:00:00-04:00,124.0,124.1500015258789,123.2300033569336,123.6500015258789,97.22476196289062,5232500,0.0,0.0
2016-08-09 00:00:00-04:00,123.91000366210938,124.0,123.33000183105469,123.43000030517578,97.05180358886719,3941500,0.0,0.0
2016-08-10 00:00:00-04:00,123.58999633789062,123.77999877929688,123.23999786376953,123.36000061035156,96.99676513671875,4333500,0.0,0.0
2016-08-11 00:00:00-04:00,123.8499984741211,124.13999938964844,123.47000122070312,123.7699966430664,97.31912994384766,4052000,0.0,0.0
2016-08-12 00:00:00-04:00,123.47000122070312,123.7699966430664,122.94999694824219,123.22000122070312,96.88668060302734,4234800,0.0,0.0
2016-08-15 00:00:00-04:00,123.12000274658203,123.2699966430664,122.27999877929688,122.30999755859375,96.17115020751953,6469500,0.0,0.0
2016-08-16 00:00:00-04:00,122.11000061035156,122.31999969482422,120.05999755859375,120.33000183105469,94.61429595947266,11289100,0.0,0.0
2016-08-17 00:00:00-04:00,120.5,121.33000183105469,119.8499984741211,121.30999755859375,95.3848648071289,10442800,0.0,0.0
2016-08-18 00:00:00-04:00,121.16999816894531,121.38999938964844,119.9000015258789,120.72000122070312,94.92094421386719,8728000,0.0,0.0
2016-08-19 00:00:00-04:00,119.91000366210938,119.98999786376953,119.31999969482422,119.91999816894531,94.92094421386719,7798300,0.8,0.0
2016-08-22 00:00:00-04:00,119.9000015258789,119.9000015258789,118.94999694824219,119.12999725341797,94.29564666748047,6544900,0.0,0.0
2016-08-23 00:00:00-04:00,119.66999816894531,119.95999908447266,119.0199966430664,119.44000244140625,94.5409927368164,5603200,0.0,0.0
2016-08-24 00:00:00-04:00,119.4800033569336,119.61000061035156,118.62000274658203,118.70999908447266,93.96319580078125,6303900,0.0,0.0
2016-08-25 00:00:00-04:00,118.86000061035156,119.20999908447266,118.33000183105469,118.56999969482422,93.85237884521484,5566000,0.0,0.0
2016-08-26 00:00:00-04:00,118.83999633789062,119.73999786376953,118.55999755859375,119.04000091552734,94.22440338134766,6482700,0.0,0.0
2016-08-29 00:00:00-04:00,119.30000305175781,120.12999725341797,119.05999755859375,119.91999816894531,94.92094421386719,5074900,0.0,0.0
2016-08-30 00:00:00-04:00,120.66999816894531,120.66999816894531,119.26000213623047,119.47000122070312,94.56475067138672,3820500,0.0,0.0
2016-08-31 00:00:00-04:00,119.54000091552734,119.62000274658203,119.01000213623047,119.33999633789062,94.46188354492188,5693100,0.0,0.0
2016-09-01 00:00:00-04:00,119.19000244140625,119.38999938964844,118.5999984741211,119.08000183105469,94.25605010986328,4551800,0.0,0.0
2016-09-02 00:00:00-04:00,119.36000061035156,119.80999755859375,118.9000015258789,119.31999969482422,94.4460220336914,5806400,0.0,0.0
2016-09-06 00:00:00-04:00,119.77999877929688,119.97000122070312,119.36000061035156,119.75,94.786376953125,5280700,0.0,0.0
2016-09-07 00:00:00-04:00,119.83999633789062,119.94999694824219,119.44000244140625,119.61000061035156,94.67557525634766,4753800,0.0,0.0
2016-09-08 00:00:00-04:00,119.37000274658203,119.81999969482422,119.13999938964844,119.47000122070312,94.56475067138672,4833000,0.0,0.0
2016-09-09 00:00:00-04:00,119.02999877929688,119.16000366210938,118.18000030517578,118.2300033569336,93.583251953125,7957300,0.0,0.0
2016-09-12 00:00:00-04:00,117.76000213623047,119.44999694824219,117.37999725341797,119.16000366210938,94.31937408447266,7239800,0.0,0.0
2016-09-13 00:00:00-04:00,118.41999816894531,118.83000183105469,117.48999786376953,117.61000061035156,93.0925064086914,7957900,0.0,0.0
2016-09-14 00:00:00-04:00,117.8499984741211,118.33000183105469,117.45999908447266,117.86000061035156,93.29039764404297,6124900,0.0,0.0
2016-09-15 00:00:00-04:00,117.80999755859375,118.94000244140625,117.31999969482422,118.62999725341797,93.89984893798828,5812100,0.0,0.0
2016-09-16 00:00:00-04:00,118.51000213623047,119.13999938964844,118.12000274658203,118.25,93.59907531738281,12408800,0.0,0.0
2016-09-19 00:00:00-04:00,118.36000061035156,118.66000366210938,117.63999938964844,117.66000366210938,93.1320571899414,5457600,0.0,0.0
2016-09-20 00:00:00-04:00,118.16999816894531,118.23999786376953,117.69000244140625,117.94999694824219,93.36161041259766,5187700,0.0,0.0
2016-09-21 00:00:00-04:00,117.94999694824219,119.0,117.63999938964844,118.91000366210938,94.12149810791016,6337300,0.0,0.0
2016-09-22 00:00:00-04:00,119.25,119.83999633789062,119.13999938964844,119.45999908447266,94.55681610107422,5340500,0.0,0.0
2016-09-23 00:00:00-04:00,119.41000366210938,119.5999984741211,118.70999908447266,118.80999755859375,94.04234313964844,4773000,0.0,0.0
2016-09-26 00:00:00-04:00,118.62999725341797,118.63999938964844,117.55999755859375,117.77999877929688,93.22706604003906,5998900,0.0,0.0
2016-09-27 00:00:00-04:00,118.38999938964844,119.22000122070312,117.72000122070312,119.22000122070312,94.36688995361328,5349500,0.0,0.0
2016-09-28 00:00:00-04:00,119.05000305175781,119.5199966430664,118.80999755859375,119.38999938964844,94.50142669677734,5076100,0.0,0.0
2016-09-29 00:00:00-04:00,118.87999725341797,119.2699966430664,117.04000091552734,117.2699966430664,92.82337188720703,6190200,0.0,0.0
2016-09-30 00:00:00-04:00,117.77999877929688,118.62000274658203,117.38999938964844,118.12999725341797,93.50408172607422,7941100,0.0,0.0
2016-10-03 00:00:00-04:00,118.0,119.01000213623047,117.43000030517578,118.80999755859375,94.04234313964844,6098600,0.0,0.0
2016-10-04 00:00:00-04:00,118.83999633789062,119.4800033569336,118.27999877929688,118.81999969482422,94.05025482177734,5733900,0.0,0.0
2016-10-05 00:00:00-04:00,119.22000122070312,119.44000244140625,118.5999984741211,119.18000030517578,94.335205078125,5778700,0.0,0.0
2016-10-06 00:00:00-04:00,118.5,118.8499984741211,117.91999816894531,118.75,93.9948501586914,4448500,0.0,0.0
2016-10-07 00:00:00-04:00,119.16999816894531,119.56999969482422,118.69000244140625,119.23999786376953,94.3827133178711,4799300,0.0,0.0
2016-10-10 00:00:00-04:00,119.51000213623047,120.19999694824219,119.3499984741211,119.80000305175781,94.82595825195312,3657000,0.0,0.0
2016-10-11 00:00:00-04:00,119.41000366210938,119.62999725341797,117.05999755859375,117.63999938964844,93.11625671386719,6394200,0.0,0.0
2016-10-12 00:00:00-04:00,117.95999908447266,118.43000030517578,117.5,117.97000122070312,93.37747192382812,4685200,0.0,0.0
2016-10-13 00:00:00-04:00,117.54000091552734,119.19999694824219,117.27999877929688,118.26000213623047,93.60700225830078,7387400,0.0,0.0
2016-10-14 00:00:00-04:00,118.5,118.80000305175781,117.55999755859375,117.55999755859375,93.05292510986328,5640500,0.0,0.0
2016-10-17 00:00:00-04:00,117.5,118.55000305175781,117.5,118.48999786376953,93.78905487060547,6956400,0.0,0.0
2016-10-18 00:00:00-04:00,117.37999725341797,118.4800033569336,115.16000366210938,115.41000366210938,91.35112762451172,12598300,0.0,0.0
2016-10-19 00:00:00-04:00,115.56999969482422,115.88999938964844,114.45999908447266,114.58999633789062,90.7020492553711,7400900,0.0,0.0
2016-10-20 00:00:00-04:00,114.83000183105469,115.69999694824219,114.58999633789062,114.87000274658203,90.92369079589844,6973000,0.0,0.0
2016-10-21 00:00:00-04:00,114.11000061035156,114.23999786376953,112.98999786376953,113.44000244140625,89.79180908203125,8422000,0.0,0.0
2016-10-24 00:00:00-04:00,113.93000030517578,114.19000244140625,113.44000244140625,113.61000061035156,89.9263687133789,6141900,0.0,0.0
2016-10-25 00:00:00-04:00,113.63999938964844,114.16000366210938,113.08999633789062,113.95999908447266,90.20339965820312,5595000,0.0,0.0
2016-10-26 00:00:00-04:00,113.63999938964844,115.22000122070312,113.5999984741211,114.55999755859375,90.67829895019531,6429200,0.0,0.0
2016-10-27 00:00:00-04:00,114.9800033569336,116.55000305175781,114.79000091552734,115.69999694824219,91.5806655883789,7548700,0.0,0.0
2016-10-28 00:00:00-04:00,115.81999969482422,115.91000366210938,114.56999969482422,115.33000183105469,91.28778839111328,8813300,0.0,0.0
2016-10-31 00:00:00-04:00,115.27999877929688,116.2300033569336,114.5,115.98999786376953,91.81022644042969,8552500,0.0,0.0
2016-11-01 00:00:00-04:00,114.76000213623047,115.94000244140625,114.62999725341797,115.33999633789062,91.29570007324219,7591900,0.0,0.0
2016-11-02 00:00:00-04:00,115.5199966430664,115.76000213623047,114.83000183105469,114.86000061035156,90.915771484375,6591300,0.0,0.0
2016-11-03 00:00:00-04:00,114.87999725341797,115.44000244140625,114.75,115.02999877929688,91.05034637451172,6227100,0.0,0.0
2016-11-04 00:00:00-04:00,115.04000091552734,115.94000244140625,115.04000091552734,115.11000061035156,91.11367797851562,7160600,0.0,0.0
2016-11-07 00:00:00-05:00,115.88999938964844,116.72000122070312,115.83999633789062,116.66000366210938,92.34056091308594,6398200,0.0,0.0
2016-11-08 00:00:00-05:00,116.4800033569336,117.56999969482422,116.47000122070312,117.05000305175781,92.64923095703125,6675300,0.0,0.0
2016-11-09 00:00:00-05:00,120.0,122.5,118.0999984741211,120.30999755859375,95.22966003417969,16220000,0.0,0.0
2016-11-10 00:00:00-05:00,120.7699966430664,121.0999984741211,119.0199966430664,119.54000091552734,94.62016296386719,11904500,0.0,0.0
2016-11-11 00:00:00-05:00,119.48999786376953,119.48999786376953,118.12999725341797,118.47000122070312,93.7732162475586,8134800,0.0,0.0
2016-11-14 00:00:00-05:00,118.58000183105469,118.98999786376953,116.5,116.5999984741211,92.29303741455078,10054900,0.0,0.0
2016-11-15 00:00:00-05:00,116.4000015258789,116.69000244140625,115.81999969482422,116.31999969482422,92.07144165039062,7446700,0.0,0.0
2016-11-16 00:00:00-05:00,116.6500015258789,116.77999877929688,116.08000183105469,116.36000061035156,92.10308837890625,6594800,0.0,0.0
2016-11-17 00:00:00-05:00,116.68000030517578,116.68000030517578,116.12000274658203,116.56999969482422,92.26929473876953,5730300,0.0,0.0
2016-11-18 00:00:00-05:00,115.79000091552734,115.91999816894531,114.80999755859375,115.36000061035156,91.94252014160156,7717800,0.8,0.0
2016-11-21 00:00:00-05:00,115.44000244140625,115.68000030517578,114.80000305175781,115.0,91.65560150146484,5843300,0.0,0.0
2016-11-22 00:00:00-05:00,114.58999633789062,115.0,112.2699966430664,112.73999786376953,89.8543930053711,11649700,0.0,0.0
2016-11-23 00:00:00-05:00,112.25,113.43000030517578,111.55999755859375,113.06999969482422,90.11738586425781,7892600,0.0,0.0
2016-11-25 00:00:00-05:00,113.5999984741211,114.2300033569336,113.37999725341797,114.12999725341797,90.96222686767578,3433300,0.0,0.0
2016-11-28 00:00:00-05:00,113.79000091552734,114.12000274658203,113.05000305175781,113.12999725341797,90.16519165039062,9065700,0.0,0.0
2016-11-29 00:00:00-05:00,112.94999694824219,113.41000366210938,112.16999816894531,112.4800033569336,89.64714050292969,7799600,0.0,0.0
2016-11-30 00:00:00-05:00,112.19000244140625,112.5199966430664,111.30000305175781,111.30000305175781,88.70668029785156,11178500,0.0,0.0
2016-12-01 00:00:00-05:00,111.36000061035156,111.54000091552734,111.0,111.37999725341797,88.77045440673828,8143300,0.0,0.0
2016-12-02 00:00:00-05:00,111.72000122070312,112.52999877929688,111.44000244140625,111.95999908447266,89.23272705078125,6167700,0.0,0.0
2016-12-05 00:00:00-05:00,112.4000015258789,112.41999816894531,111.7300033569336,111.94000244140625,89.21676635742188,5451600,0.0,0.0
2016-12-06 00:00:00-05:00,112.23999786376953,113.19999694824219,111.8499984741211,112.05999755859375,89.31241607666016,6530400,0.0,0.0
2016-12-07 00:00:00-05:00,111.88999938964844,111.88999938964844,109.31999969482422,111.0999984741211,88.54727172851562,11761100,0.0,0.0
2016-12-08 00:00:00-05:00,110.54000091552734,111.19999694824219,109.93000030517578,110.98999786376953,88.4596176147461,7774900,0.0,0.0
2016-12-09 00:00:00-05:00,111.41000366210938,112.43000030517578,111.19999694824219,112.26000213623047,89.4718246459961,7672100,0.0,0.0
2016-12-12 00:00:00-05:00,112.69000244140625,115.4000015258789,112.58000183105469,115.36000061035156,91.94252014160156,9544600,0.0,0.0
2016-12-13 00:00:00-05:00,115.52999877929688,115.97000122070312,115.01000213623047,115.88999938964844,92.36495208740234,7051600,0.0,0.0
2016-12-14 00:00:00-05:00,116.12000274658203,117.30000305175781,114.58000183105469,114.98999786376953,91.64765930175781,9378700,0.0,0.0
2016-12-15 00:00:00-05:00,115.33000183105469,115.91999816894531,114.88999938964844,115.88999938964844,92.36495208740234,6738100,0.0,0.0
2016-12-16 00:00:00-05:00,116.41000366210938,116.45999908447266,115.45999908447266,115.87999725341797,92.35697937011719,11291100,0.0,0.0
2016-12-19 00:00:00-05:00,116.06999969482422,116.66000366210938,115.94000244140625,116.0199966430664,92.46854400634766,6310800,0.0,0.0
2016-12-20 00:00:00-05:00,115.9800033569336,116.25,114.91000366210938,115.66000366210938,92.18163299560547,5715200,0.0,0.0
2016-12-21 00:00:00-05:00,116.19999694824219,116.19999694824219,114.73999786376953,115.30999755859375,91.9026870727539,5907600,0.0,0.0
2016-12-22 00:00:00-05:00,115.0,115.52999877929688,113.87999725341797,115.44000244140625,92.00629425048828,4602300,0.0,0.0
2016-12-23 00:00:00-05:00,115.4000015258789,116.31999969482422,115.30000305175781,115.95999908447266,92.42071533203125,2992500,0.0,0.0
2016-12-27 00:00:00-05:00,115.88999938964844,116.0,115.37999725341797,115.91000366210938,92.3808822631836,3232600,0.0,0.0
2016-12-28 00:00:00-05:00,115.87999725341797,116.16000366210938,115.05000305175781,115.0999984741211,91.73530578613281,3278300,0.0,0.0
2016-12-29 00:00:00-05:00,115.2300033569336,115.87000274658203,115.01000213623047,115.48999786376953,92.046142578125,2993600,0.0,0.0
2016-12-30 00:00:00-05:00,115.80000305175781,115.98999786376953,114.9800033569336,115.20999908447266,91.82298278808594,5506700,0.0,0.0
2017-01-03 00:00:00-05:00,115.77999877929688,116.0,115.2300033569336,115.83999633789062,92.32510375976562,5953000,0.0,0.0
2017-01-04 00:00:00-05:00,115.5,116.2300033569336,115.30999755859375,115.6500015258789,92.17369079589844,5828900,0.0,0.0
2017-01-05 00:00:00-05:00,116.0,116.97000122070312,115.44000244140625,116.86000061035156,93.13804626464844,6217200,0.0,0.0
2017-01-06 00:00:00-05:00,116.66999816894531,117.0,115.76000213623047,116.30000305175781,92.69174194335938,5221400,0.0,0.0
2017-01-09 00:00:00-05:00,116.3499984741211,116.61000061035156,115.88999938964844,116.27999877929688,92.67578125,5457500,0.0,0.0
2017-01-10 00:00:00-05:00,116.02999877929688,117.0,115.87000274658203,116.16000366210938,92.58013153076172,5312800,0.0,0.0
2017-01-11 00:00:00-05:00,116.08000183105469,116.25,114.0199966430664,114.7300033569336,91.4404067993164,8887200,0.0,0.0
2017-01-12 00:00:00-05:00,114.2699966430664,114.7300033569336,113.37000274658203,114.62000274658203,91.35275268554688,6627300,0.0,0.0
2017-01-13 00:00:00-05:00,114.94000244140625,115.0199966430664,114.44000244140625,114.5999984741211,91.33678436279297,4935200,0.0,0.0
2017-01-17 00:00:00-05:00,113.94000244140625,115.05000305175781,113.66999816894531,114.87000274658203,91.55199432373047,6255400,0.0,0.0
2017-01-18 00:00:00-05:00,114.87000274658203,115.0999984741211,114.41000366210938,114.69999694824219,91.41651916503906,5014600,0.0,0.0
2017-01-19 00:00:00-05:00,114.68000030517578,114.9000015258789,113.91999816894531,114.19999694824219,91.01799774169922,5540800,0.0,0.0
2017-01-20 00:00:00-05:00,114.48999786376953,115.02999877929688,114.08000183105469,114.1500015258789,90.97815704345703,7502400,0.0,0.0
2017-01-23 00:00:00-05:00,114.51000213623047,114.7699966430664,113.80000305175781,113.91000366210938,90.78684997558594,7989800,0.0,0.0
2017-01-24 00:00:00-05:00,112.91000366210938,113.30000305175781,111.1500015258789,111.76000213623047,89.07331848144531,12450300,0.0,0.0
2017-01-25 00:00:00-05:00,111.93000030517578,112.80000305175781,110.76000213623047,112.80000305175781,89.90220642089844,9385500,0.0,0.0
2017-01-26 00:00:00-05:00,112.0,112.83999633789062,111.5999984741211,111.83999633789062,89.13707733154297,10164300,0.0,0.0
2017-01-27 00:00:00-05:00,112.0,113.54000091552734,111.9000015258789,113.37999725341797,90.36447143554688,8886100,0.0,0.0
2017-01-30 00:00:00-05:00,113.4000015258789,113.5999984741211,112.8499984741211,113.12999725341797,90.16519165039062,6969400,0.0,0.0
2017-01-31 00:00:00-05:00,112.79000091552734,113.4000015258789,112.43000030517578,113.25,90.2608642578125,8713400,0.0,0.0
2017-02-01 00:00:00-05:00,112.4800033569336,113.31999969482422,112.47000122070312,113.2300033569336,90.24491119384766,7082300,0.0,0.0
2017-02-02 00:00:00-05:00,112.81999969482422,113.62000274658203,112.7699966430664,113.56999969482422,90.51587677001953,7826300,0.0,0.0
2017-02-03 00:00:00-05:00,113.5,113.66000366210938,112.66000366210938,113.63999938964844,90.57168579101562,7267600,0.0,0.0
2017-02-06 00:00:00-05:00,113.45999908447266,113.58999633789062,112.62000274658203,113.4000015258789,90.38040161132812,6178400,0.0,0.0
2017-02-07 00:00:00-05:00,113.5999984741211,113.62000274658203,113.05000305175781,113.4800033569336,90.44416046142578,5507900,0.0,0.0
2017-02-08 00:00:00-05:00,113.30000305175781,113.69000244140625,113.1500015258789,113.4000015258789,90.38040161132812,5272000,0.0,0.0
2017-02-09 00:00:00-05:00,113.4000015258789,114.6500015258789,113.4000015258789,114.08000183105469,90.92236328125,5854600,0.0,0.0
2017-02-10 00:00:00-05:00,114.31999969482422,115.98999786376953,114.2300033569336,115.23999786376953,91.84687805175781,6438500,0.0,0.0
2017-02-13 00:00:00-05:00,115.27999877929688,116.12000274658203,115.22000122070312,115.87999725341797,92.35697937011719,5710800,0.0,0.0
2017-02-14 00:00:00-05:00,115.44000244140625,116.4000015258789,115.31999969482422,116.36000061035156,92.7395248413086,5539100,0.0,0.0
2017-02-15 00:00:00-05:00,115.9000015258789,117.45999908447266,115.58999633789062,117.19999694824219,93.40902709960938,5979700,0.0,0.0
2017-02-16 00:00:00-05:00,117.0,118.27999877929688,117.0,118.08000183105469,94.11038208007812,7119300,0.0,0.0
2017-02-17 00:00:00-05:00,118.19000244140625,118.9000015258789,118.05000305175781,118.86000061035156,94.7320556640625,8691400,0.0,0.0
2017-02-21 00:00:00-05:00,118.4000015258789,119.88999938964844,118.31999969482422,119.66000366210938,95.36967468261719,8595100,0.0,0.0
2017-02-22 00:00:00-05:00,119.27999877929688,119.7699966430664,119.25,119.5199966430664,95.25807189941406,5103900,0.0,0.0
2017-02-23 00:00:00-05:00,119.5199966430664,121.9000015258789,119.4800033569336,121.69999694824219,96.99553680419922,9980900,0.0,0.0
2017-02-24 00:00:00-05:00,121.5,122.73999786376953,120.9000015258789,122.7300033569336,98.4637222290039,10835000,0.8,0.0
2017-02-27 00:00:00-05:00,122.12999725341797,122.87999725341797,122.0999984741211,122.4000015258789,98.198974609375,5946200,0.0,0.0
2017-02-28 00:00:00-05:00,122.01000213623047,122.6500015258789,121.94000244140625,122.20999908447266,98.04652404785156,8885500,0.0,0.0
2017-03-01 00:00:00-05:00,122.48999786376953,124.44999694824219,122.41999816894531,123.86000061035156,99.37028503417969,9393900,0.0,0.0
2017-03-02 00:00:00-05:00,123.75,124.36000061035156,123.0199966430664,123.62999725341797,99.18574523925781,6950200,0.0,0.0
2017-03-03 00:00:00-05:00,123.62999725341797,123.93000030517578,123.2300033569336,123.79000091552734,99.31413269042969,5585200,0.0,0.0
2017-03-06 00:00:00-05:00,123.01000213623047,124.43000030517578,122.5999984741211,123.70999908447266,99.24995422363281,6670700,0.0,0.0
2017-03-07 00:00:00-05:00,122.58000183105469,124.45999908447266,122.38999938964844,123.83000183105469,99.34622955322266,6644000,0.0,0.0
2017-03-08 00:00:00-05:00,123.75,124.68000030517578,123.5,124.0999984741211,99.56282043457031,7909900,0.0,0.0
2017-03-09 00:00:00-05:00,124.58000183105469,126.20999908447266,124.16999816894531,125.94999694824219,101.04705047607422,8571100,0.0,0.0
2017-03-10 00:00:00-05:00,126.04000091552734,126.48999786376953,125.54000091552734,126.20999908447266,101.25566101074219,7395400,0.0,0.0
2017-03-13 00:00:00-04:00,125.83000183105469,126.94999694824219,125.79000091552734,126.68000030517578,101.63272094726562,7162500,0.0,0.0
2017-03-14 00:00:00-04:00,126.86000061035156,127.75,126.7699966430664,127.05000305175781,101.92957305908203,7679700,0.0,0.0
2017-03-15 00:00:00-04:00,127.05000305175781,129.0,126.5999984741211,128.9600067138672,103.46192932128906,8360600,0.0,0.0
2017-03-16 00:00:00-04:00,128.44000244140625,128.6999969482422,127.7699966430664,128.4600067138672,103.06078338623047,7610700,0.0,0.0
2017-03-17 00:00:00-04:00,128.4499969482422,128.94000244140625,127.94999694824219,128.05999755859375,102.73987579345703,13300800,0.0,0.0
2017-03-20 00:00:00-04:00,128.0399932861328,128.4199981689453,127.97000122070312,128.07000732421875,102.7479019165039,5827500,0.0,0.0
2017-03-21 00:00:00-04:00,128.3800048828125,128.4499969482422,127.13999938964844,127.25,102.09001922607422,7578600,0.0,0.0
2017-03-22 00:00:00-04:00,127.05000305175781,127.6500015258789,126.20999908447266,126.26000213623047,101.29576110839844,10272700,0.0,0.0
2017-03-23 00:00:00-04:00,126.0999984741211,127.0,125.66000366210938,125.9000015258789,101.00695037841797,8508100,0.0,0.0
2017-03-24 00:00:00-04:00,125.86000061035156,126.36000061035156,125.12999725341797,125.4800033569336,100.66998291015625,6490300,0.0,0.0
2017-03-27 00:00:00-04:00,125.16000366210938,126.13999938964844,125.1500015258789,125.80000305175781,100.92670440673828,5004300,0.0,0.0
2017-03-28 00:00:00-04:00,125.62000274658203,125.77999877929688,124.77999877929688,125.66000366210938,100.81439208984375,5287600,0.0,0.0
2017-03-29 00:00:00-04:00,125.05000305175781,125.33000183105469,124.36000061035156,124.91999816894531,100.220703125,3971800,0.0,0.0
2017-03-30 00:00:00-04:00,124.73999786376953,125.43000030517578,124.27999877929688,124.66000366210938,100.01212310791016,4711700,0.0,0.0
2017-03-31 00:00:00-04:00,124.11000061035156,124.83000183105469,124.02999877929688,124.55000305175781,99.92390441894531,5657600,0.0,0.0
2017-04-03 00:00:00-04:00,124.7300033569336,125.30999755859375,124.27999877929688,124.69000244140625,100.03619384765625,4956400,0.0,0.0
2017-04-04 00:00:00-04:00,124.51000213623047,124.7699966430664,124.22000122070312,124.68000030517578,100.02816009521484,5358500,0.0,0.0
2017-04-05 00:00:00-04:00,124.72000122070312,125.5999984741211,124.41000366210938,124.80000305175781,100.12443542480469,5646300,0.0,0.0
2017-04-06 00:00:00-04:00,124.8499984741211,125.45999908447266,124.5,125.05000305175781,100.32499694824219,4324200,0.0,0.0
2017-04-07 00:00:00-04:00,125.12000274658203,125.47000122070312,124.83000183105469,124.91999816894531,100.220703125,3615100,0.0,0.0
2017-04-10 00:00:00-04:00,124.87000274658203,124.94999694824219,124.2300033569336,124.33999633789062,99.75537872314453,4594200,0.0,0.0
2017-04-11 00:00:00-04:00,124.26000213623047,124.79000091552734,123.94999694824219,124.22000122070312,99.65911865234375,4161500,0.0,0.0
2017-04-12 00:00:00-04:00,124.54000091552734,125.45999908447266,124.36000061035156,125.4000015258789,100.6058120727539,5556600,0.0,0.0
2017-04-13 00:00:00-04:00,125.12999725341797,125.6500015258789,124.95999908447266,124.98999786376953,100.27687072753906,5396500,0.0,0.0
2017-04-17 00:00:00-04:00,125.0199966430664,125.80999755859375,124.93000030517578,125.72000122070312,100.86255645751953,5367500,0.0,0.0
2017-04-18 00:00:00-04:00,123.18000030517578,123.37000274658203,120.94999694824219,121.81999969482422,97.73362731933594,13485700,0.0,0.0
2017-04-19 00:00:00-04:00,122.0999984741211,122.27999877929688,121.11000061035156,121.37000274658203,97.37260437011719,6993100,0.0,0.0
2017-04-20 00:00:00-04:00,121.86000061035156,122.1500015258789,121.3499984741211,121.87000274658203,97.77375793457031,6330100,0.0,0.0
2017-04-21 00:00:00-04:00,121.77999877929688,122.04000091552734,121.54000091552734,121.76000213623047,97.68551635742188,6021700,0.0,0.0
2017-04-24 00:00:00-04:00,122.5199966430664,123.20999908447266,122.1500015258789,122.88999938964844,98.59207916259766,5679000,0.0,0.0
2017-04-25 00:00:00-04:00,123.33999633789062,123.75,123.01000213623047,123.43000030517578,99.02532196044922,5090000,0.0,0.0
2017-04-26 00:00:00-04:00,123.79000091552734,124.26000213623047,123.4800033569336,123.51000213623047,99.0894775390625,5021800,0.0,0.0
2017-04-27 00:00:00-04:00,123.58000183105469,124.30999755859375,123.4000015258789,123.73999786376953,99.27400970458984,4225200,0.0,0.0
2017-04-28 00:00:00-04:00,123.8499984741211,123.9000015258789,123.12999725341797,123.47000122070312,99.05740356445312,4381800,0.0,0.0
2017-05-01 00:00:00-04:00,123.4000015258789,123.77999877929688,123.0,123.33999633789062,98.95310974121094,4556400,0.0,0.0
2017-05-02 00:00:00-04:00,123.5199966430664,123.73999786376953,122.88999938964844,123.69999694824219,99.24193572998047,4881600,0.0,0.0
2017-05-03 00:00:00-04:00,123.58999633789062,123.69999694824219,123.04000091552734,123.33000183105469,98.9450912475586,3736500,0.0,0.0
2017-05-04 00:00:00-04:00,123.69000244140625,123.94999694824219,123.2300033569336,123.94999694824219,99.44252014160156,3753700,0.0,0.0
2017-05-05 00:00:00-04:00,123.80000305175781,123.80000305175781,122.86000061035156,123.51000213623047,99.0894775390625,4139800,0.0,0.0
2017-05-08 00:00:00-04:00,123.52999877929688,123.80000305175781,123.0199966430664,123.25,98.88088989257812,3608600,0.0,0.0
2017-05-09 00:00:00-04:00,123.2300033569336,123.47000122070312,122.87999725341797,123.20999908447266,98.84879302978516,3762500,0.0,0.0
2017-05-10 00:00:00-04:00,122.91000366210938,123.05999755859375,122.37999725341797,122.80999755859375,98.52789306640625,4237400,0.0,0.0
2017-05-11 00:00:00-04:00,122.5,123.20999908447266,122.33999633789062,123.19999694824219,98.8407974243164,4095900,0.0,0.0
2017-05-12 00:00:00-04:00,123.11000061035156,124.0999984741211,123.01000213623047,123.63999938964844,99.19379425048828,4097100,0.0,0.0
2017-05-15 00:00:00-04:00,124.41000366210938,127.36000061035156,124.33000183105469,126.98999786376953,101.8814468383789,9854600,0.0,0.0
2017-05-16 00:00:00-04:00,127.33999633789062,128.3699951171875,127.05999755859375,127.7699966430664,102.50719451904297,7233800,0.0,0.0
2017-05-17 00:00:00-04:00,127.7699966430664,127.88999938964844,126.44999694824219,126.66999816894531,101.62468719482422,6480800,0.0,0.0
2017-05-18 00:00:00-04:00,126.45999908447266,127.87000274658203,125.95999908447266,126.97000122070312,101.86537170410156,6571300,0.0,0.0
2017-05-19 00:00:00-04:00,127.02999877929688,127.38999938964844,126.44000244140625,127.0,101.88944244384766,6957200,0.0,0.0
2017-05-22 00:00:00-04:00,126.62999725341797,127.6500015258789,126.62999725341797,127.26000213623047,102.09803771972656,4858200,0.0,0.0
2017-05-23 00:00:00-04:00,127.30999755859375,128.14999389648438,127.30999755859375,127.5199966430664,102.30665588378906,3972500,0.0,0.0
2017-05-24 00:00:00-04:00,127.79000091552734,128.0,127.29000091552734,127.51000213623047,102.29862213134766,3965200,0.0,0.0
2017-05-25 00:00:00-04:00,126.73999786376953,127.62000274658203,126.33000183105469,127.52999877929688,102.99313354492188,5294300,0.84,0.0
2017-05-26 00:00:00-04:00,127.2300033569336,127.66999816894531,126.83000183105469,126.91999816894531,102.50051879882812,4005200,0.0,0.0
2017-05-30 00:00:00-04:00,126.69999694824219,127.38999938964844,126.19000244140625,127.11000061035156,102.6539535522461,3665400,0.0,0.0
2017-05-31 00:00:00-04:00,127.3499984741211,128.8000030517578,127.3499984741211,128.25,103.57463836669922,8813500,0.0,0.0
2017-06-01 00:00:00-04:00,128.32000732421875,128.77999877929688,128.1199951171875,128.77999877929688,104.00267028808594,5790900,0.0,0.0
2017-06-02 00:00:00-04:00,129.0500030517578,130.13999938964844,128.8300018310547,130.0800018310547,105.05252075195312,6562600,0.0,0.0
2017-06-05 00:00:00-04:00,129.97000122070312,130.52000427246094,129.8000030517578,130.36000061035156,105.2786636352539,4634700,0.0,0.0
2017-06-06 00:00:00-04:00,130.17999267578125,131.3300018310547,130.02999877929688,130.8300018310547,105.65821838378906,5619100,0.0,0.0
2017-06-07 00:00:00-04:00,131.0,131.47999572753906,130.5800018310547,130.75,105.59362030029297,5765200,0.0,0.0
2017-06-08 00:00:00-04:00,130.75,131.39999389648438,129.9600067138672,130.5500030517578,105.43208312988281,8101700,0.0,0.0
2017-06-09 00:00:00-04:00,130.3699951171875,131.6999969482422,130.30999755859375,131.52999877929688,106.22357177734375,5992500,0.0,0.0
2017-06-12 00:00:00-04:00,131.52999877929688,131.8300018310547,131.4199981689453,131.82000732421875,106.457763671875,8020700,0.0,0.0
2017-06-13 00:00:00-04:00,131.75,132.72999572753906,131.39999389648438,132.02000427246094,106.6192855834961,5733800,0.0,0.0
2017-06-14 00:00:00-04:00,132.50999450683594,133.55999755859375,132.50999450683594,132.77000427246094,107.22498321533203,7329400,0.0,0.0
2017-06-15 00:00:00-04:00,132.0,133.35000610351562,131.80999755859375,133.0399932861328,107.44302368164062,5265000,0.0,0.0
2017-06-16 00:00:00-04:00,133.72000122070312,134.60000610351562,133.0399932861328,134.35000610351562,108.5009765625,12639600,0.0,0.0
2017-06-19 00:00:00-04:00,134.14999389648438,134.67999267578125,133.49000549316406,134.07000732421875,108.27484893798828,7488700,0.0,0.0
2017-06-20 00:00:00-04:00,133.89999389648438,134.75999450683594,133.89999389648438,134.22000122070312,108.39600372314453,5201200,0.0,0.0
2017-06-21 00:00:00-04:00,134.2899932861328,135.11000061035156,134.02000427246094,134.91000366210938,108.95323181152344,5841100,0.0,0.0
2017-06-22 00:00:00-04:00,135.4499969482422,137.0,135.27000427246094,136.0500030517578,109.87391662597656,7311000,0.0,0.0
2017-06-23 00:00:00-04:00,135.4499969482422,136.50999450683594,135.32000732421875,136.42999267578125,110.1808090209961,9007100,0.0,0.0
2017-06-26 00:00:00-04:00,136.47999572753906,136.89999389648438,136.1999969482422,136.33999633789062,110.10809326171875,5561800,0.0,0.0
2017-06-27 00:00:00-04:00,136.5,136.72999572753906,134.99000549316406,135.00999450683594,109.03398132324219,6120500,0.0,0.0
2017-06-28 00:00:00-04:00,135.9499969482422,136.1999969482422,133.57000732421875,133.82000732421875,108.07295989990234,6557900,0.0,0.0
2017-06-29 00:00:00-04:00,133.39999389648438,133.72999572753906,132.30999755859375,132.63999938964844,107.11998748779297,5750000,0.0,0.0
2017-06-30 00:00:00-04:00,132.6999969482422,133.1999969482422,132.27999877929688,132.2899932861328,106.83731842041016,5264400,0.0,0.0
2017-07-03 00:00:00-04:00,132.7899932861328,133.32000732421875,132.64999389648438,132.89999389648438,107.3299560546875,2931000,0.0,0.0
2017-07-05 00:00:00-04:00,132.97999572753906,134.05999755859375,132.4199981689453,133.63999938964844,107.92758178710938,4302700,0.0,0.0
2017-07-06 00:00:00-04:00,133.61000061035156,133.97000122070312,132.41000366210938,132.52000427246094,107.02307891845703,4282200,0.0,0.0
2017-07-07 00:00:00-04:00,132.91000366210938,133.0,131.69000244140625,132.5399932861328,107.03921508789062,4994100,0.0,0.0
2017-07-10 00:00:00-04:00,132.74000549316406,132.8699951171875,131.22999572753906,131.5500030517578,106.23971557617188,4019600,0.0,0.0
2017-07-11 00:00:00-04:00,131.42999267578125,131.7899932861328,130.47999572753906,131.22999572753906,105.98127746582031,3733100,0.0,0.0
2017-07-12 00:00:00-04:00,132.0399932861328,132.88999938964844,131.77000427246094,132.22999572753906,106.78887176513672,5053200,0.0,0.0
2017-07-13 00:00:00-04:00,132.10000610351562,132.22000122070312,130.99000549316406,131.86000061035156,106.49004364013672,4424400,0.0,0.0
2017-07-14 00:00:00-04:00,132.0,133.0,131.74000549316406,132.60000610351562,107.08769989013672,4383100,0.0,0.0
2017-07-17 00:00:00-04:00,132.7100067138672,132.92999267578125,131.75,132.14999389648438,106.72425842285156,4939400,0.0,0.0
2017-07-18 00:00:00-04:00,131.6199951171875,134.9499969482422,131.0800018310547,134.4600067138672,108.58979797363281,10256000,0.0,0.0
2017-07-19 00:00:00-04:00,134.83999633789062,135.41000366210938,134.52000427246094,135.2100067138672,109.19551086425781,5503300,0.0,0.0
2017-07-20 00:00:00-04:00,135.72999572753906,137.0800018310547,135.6199951171875,136.57000732421875,110.2938461303711,6088600,0.0,0.0
2017-07-21 00:00:00-04:00,135.3300018310547,136.27000427246094,135.10000610351562,135.30999755859375,109.27627563476562,6773500,0.0,0.0
2017-07-24 00:00:00-04:00,134.99000549316406,135.16000366210938,132.85000610351562,133.00999450683594,107.41878509521484,8306700,0.0,0.0
2017-07-25 00:00:00-04:00,133.74000549316406,133.85000610351562,131.4499969482422,131.8800048828125,106.5062026977539,6262900,0.0,0.0
2017-07-26 00:00:00-04:00,131.66000366210938,132.24000549316406,130.75,130.9499969482422,105.7551498413086,5382200,0.0,0.0
2017-07-27 00:00:00-04:00,130.85000610351562,131.14999389648438,129.57000732421875,130.8300018310547,105.65821838378906,5838100,0.0,0.0
2017-07-28 00:00:00-04:00,131.13999938964844,131.99000549316406,130.52000427246094,131.85000610351562,106.48197937011719,4970900,0.0,0.0
2017-07-31 00:00:00-04:00,132.13999938964844,133.5800018310547,132.10000610351562,132.72000122070312,107.18460083007812,5440800,0.0,0.0
2017-08-01 00:00:00-04:00,133.1699981689453,133.35000610351562,132.27999877929688,132.50999450683594,107.01497650146484,3837600,0.0,0.0
2017-08-02 00:00:00-04:00,132.0800018310547,132.5,131.5,132.16000366210938,106.73236083984375,4032100,0.0,0.0
2017-08-03 00:00:00-04:00,131.91000366210938,133.39999389648438,131.50999450683594,133.35000610351562,107.69339752197266,4327300,0.0,0.0
2017-08-04 00:00:00-04:00,133.74000549316406,134.00999450683594,132.8000030517578,133.17999267578125,107.55608367919922,3192800,0.0,0.0
2017-08-07 00:00:00-04:00,133.08999633789062,133.47999572753906,132.50999450683594,132.86000061035156,107.29764556884766,3010800,0.0,0.0
2017-08-08 00:00:00-04:00,132.5,132.8000030517578,131.39999389648438,132.27000427246094,106.82118225097656,5535800,0.0,0.0
2017-08-09 00:00:00-04:00,132.80999755859375,133.41000366210938,132.3699951171875,133.22999572753906,107.5964584350586,6332300,0.0,0.0
2017-08-10 00:00:00-04:00,133.0399932861328,133.85000610351562,132.3699951171875,133.08999633789062,107.48339080810547,5607900,0.0,0.0
2017-08-11 00:00:00-04:00,133.63999938964844,134.49000549316406,132.75,133.10000610351562,107.49150085449219,4270600,0.0,0.0
2017-08-14 00:00:00-04:00,134.1999969482422,134.3699951171875,132.8699951171875,133.47999572753906,107.79834747314453,3041100,0.0,0.0
2017-08-15 00:00:00-04:00,133.85000610351562,133.94000244140625,133.1999969482422,133.3800048828125,107.71759796142578,3931800,0.0,0.0
2017-08-16 00:00:00-04:00,134.0800018310547,134.97000122070312,133.86000061035156,134.1699981689453,108.35562133789062,4469900,0.0,0.0
2017-08-17 00:00:00-04:00,134.17999267578125,134.74000549316406,133.02999877929688,133.0399932861328,107.44302368164062,5741400,0.0,0.0
2017-08-18 00:00:00-04:00,132.6699981689453,133.77999877929688,132.3800048828125,132.6300048828125,107.11190795898438,4792800,0.0,0.0
2017-08-21 00:00:00-04:00,132.27999877929688,133.64999389648438,132.19000244140625,133.4499969482422,107.77413940429688,4660000,0.0,0.0
2017-08-22 00:00:00-04:00,133.27000427246094,134.7899932861328,132.89999389648438,134.6999969482422,108.78364562988281,4150300,0.0,0.0
2017-08-23 00:00:00-04:00,134.42999267578125,134.49000549316406,132.64999389648438,132.8000030517578,107.24919891357422,5129900,0.0,0.0
2017-08-24 00:00:00-04:00,132.82000732421875,133.0800018310547,132.27000427246094,132.88999938964844,107.32189178466797,5398400,0.0,0.0
2017-08-25 00:00:00-04:00,131.91000366210938,132.55999755859375,131.6199951171875,131.67999267578125,107.02117156982422,4133300,0.84,0.0
2017-08-28 00:00:00-04:00,131.67999267578125,132.1199951171875,131.49000549316406,131.74000549316406,107.0699462890625,5349200,0.0,0.0
2017-08-29 00:00:00-04:00,131.57000732421875,132.4499969482422,131.3000030517578,132.2100067138672,107.45191955566406,3277900,0.0,0.0
2017-08-30 00:00:00-04:00,132.0,132.0,130.89999389648438,131.07000732421875,106.5254135131836,5430800,0.0,0.0
2017-08-31 00:00:00-04:00,131.38999938964844,132.5,131.25,132.3699951171875,107.58195495605469,7407100,0.0,0.0
2017-09-01 00:00:00-04:00,132.60000610351562,132.64999389648438,130.94000244140625,131.02999877929688,106.49287414550781,3820800,0.0,0.0
2017-09-05 00:00:00-04:00,130.72000122070312,131.17999267578125,129.72000122070312,129.89999389648438,105.57449340820312,5146600,0.0,0.0
2017-09-06 00:00:00-04:00,130.5399932861328,131.0,130.2100067138672,130.6699981689453,106.2002944946289,5601900,0.0,0.0
2017-09-07 00:00:00-04:00,130.86000061035156,132.52000427246094,130.25,132.19000244140625,107.43565368652344,3800200,0.0,0.0
2017-09-08 00:00:00-04:00,132.0,132.33999633789062,130.8699951171875,130.97999572753906,106.4522476196289,4854400,0.0,0.0
2017-09-11 00:00:00-04:00,131.3699951171875,133.33999633789062,131.02000427246094,133.2100067138672,108.26464080810547,5724200,0.0,0.0
2017-09-12 00:00:00-04:00,133.8300018310547,133.8800048828125,131.92999267578125,132.6300048828125,107.79327392578125,5465200,0.0,0.0
2017-09-13 00:00:00-04:00,132.6699981689453,133.75,131.85000610351562,132.4499969482422,107.64698028564453,4679500,0.0,0.0
2017-09-14 00:00:00-04:00,132.13999938964844,134.47000122070312,131.99000549316406,134.17999267578125,109.05298614501953,6274500,0.0,0.0
2017-09-15 00:00:00-04:00,134.7899932861328,135.4499969482422,134.17999267578125,134.4499969482422,109.27245330810547,15522000,0.0,0.0
2017-09-18 00:00:00-04:00,134.44000244140625,135.77000427246094,134.11000061035156,135.3800048828125,110.02827453613281,5260800,0.0,0.0
2017-09-19 00:00:00-04:00,135.02000427246094,135.7899932861328,134.35000610351562,135.22000122070312,109.89826202392578,4903800,0.0,0.0
2017-09-20 00:00:00-04:00,133.25,134.2899932861328,132.33999633789062,133.22000122070312,108.27278137207031,8705500,0.0,0.0
2017-09-21 00:00:00-04:00,133.30999755859375,133.82000732421875,131.3800048828125,131.75,107.07804870605469,6051800,0.0,0.0
2017-09-22 00:00:00-04:00,131.99000549316406,132.38999938964844,131.27000427246094,131.38999938964844,106.78546905517578,4334900,0.0,0.0
2017-09-25 00:00:00-04:00,131.47000122070312,131.75999450683594,130.8300018310547,131.1699981689453,106.6066665649414,6017400,0.0,0.0
2017-09-26 00:00:00-04:00,131.5,131.94000244140625,130.82000732421875,130.94000244140625,106.41974639892578,4516200,0.0,0.0
2017-09-27 00:00:00-04:00,131.0,131.08999633789062,129.42999267578125,129.75,105.45260620117188,5796100,0.0,0.0
2017-09-28 00:00:00-04:00,129.91000366210938,130.27000427246094,129.2899932861328,129.47000122070312,105.22501373291016,3992700,0.0,0.0
2017-09-29 00:00:00-04:00,129.5800018310547,130.47000122070312,129.0500030517578,130.00999450683594,105.66389465332031,5736900,0.0,0.0
2017-10-02 00:00:00-04:00,130.16000366210938,131.3300018310547,130.02000427246094,131.22000122070312,106.64730834960938,4492900,0.0,0.0
2017-10-03 00:00:00-04:00,131.64999389648438,132.39999389648438,131.36000061035156,132.10000610351562,107.36250305175781,3900800,0.0,0.0
2017-10-04 00:00:00-04:00,132.39999389648438,133.17999267578125,132.10000610351562,132.88999938964844,108.00458526611328,3589000,0.0,0.0
2017-10-05 00:00:00-04:00,132.88999938964844,133.30999755859375,132.36000061035156,133.19000244140625,108.24842071533203,3741100,0.0,0.0
2017-10-06 00:00:00-04:00,133.0,133.25,132.47999572753906,133.22000122070312,108.27278137207031,2469500,0.0,0.0
2017-10-09 00:00:00-04:00,133.66000366210938,133.82000732421875,133.1699981689453,133.4499969482422,108.45970916748047,3750500,0.0,0.0
2017-10-10 00:00:00-04:00,133.55999755859375,134.1300048828125,132.9199981689453,133.89999389648438,108.825439453125,4184600,0.0,0.0
2017-10-11 00:00:00-04:00,134.8800048828125,137.0800018310547,134.3699951171875,136.64999389648438,111.06047058105469,8269400,0.0,0.0
2017-10-12 00:00:00-04:00,136.33999633789062,137.52000427246094,136.02000427246094,136.8300018310547,111.20677185058594,5172800,0.0,0.0
2017-10-13 00:00:00-04:00,136.60000610351562,137.4199981689453,136.33999633789062,136.42999267578125,110.88167572021484,4106600,0.0,0.0
2017-10-16 00:00:00-04:00,136.4499969482422,137.25999450683594,135.5399932861328,136.1199951171875,110.62974548339844,5120100,0.0,0.0
2017-10-17 00:00:00-04:00,137.6699981689453,141.1199951171875,137.05999755859375,140.7899932861328,114.42521667480469,11717300,0.0,0.0
2017-10-18 00:00:00-04:00,140.7899932861328,141.5800018310547,140.07000732421875,140.67999267578125,114.33580017089844,6827700,0.0,0.0
2017-10-19 00:00:00-04:00,140.7100067138672,142.97999572753906,140.5399932861328,142.0399932861328,115.44110870361328,9181300,0.0,0.0
2017-10-20 00:00:00-04:00,142.3800048828125,143.6199951171875,141.8300018310547,142.39999389648438,115.73369598388672,5634500,0.0,0.0
2017-10-23 00:00:00-04:00,142.1300048828125,144.35000610351562,142.0800018310547,143.6199951171875,116.72523498535156,6686000,0.0,0.0
2017-10-24 00:00:00-04:00,143.3800048828125,143.3800048828125,140.92999267578125,141.63999938964844,115.11601257324219,6585800,0.0,0.0
2017-10-25 00:00:00-04:00,141.16000366210938,143.22999572753906,140.9600067138672,142.36000061035156,115.70120239257812,6563600,0.0,0.0
2017-10-26 00:00:00-04:00,142.50999450683594,143.75,141.3800048828125,141.80999755859375,115.25418090820312,5841100,0.0,0.0
2017-10-27 00:00:00-04:00,141.0,142.6999969482422,140.1999969482422,141.77999877929688,115.22978210449219,5140100,0.0,0.0
2017-10-30 00:00:00-04:00,141.0800018310547,141.2100067138672,139.32000732421875,140.0,113.78314971923828,6034300,0.0,0.0
2017-10-31 00:00:00-04:00,140.02000427246094,140.25999450683594,138.97999572753906,139.41000366210938,113.30362701416016,4832100,0.0,0.0
2017-11-01 00:00:00-04:00,139.8300018310547,140.58999633789062,139.33999633789062,139.97999572753906,113.76689910888672,5006800,0.0,0.0
2017-11-02 00:00:00-04:00,140.11000061035156,140.2899932861328,139.11000061035156,139.92999267578125,113.72624206542969,3494100,0.0,0.0
2017-11-03 00:00:00-04:00,139.72999572753906,140.39999389648438,139.3000030517578,140.0800018310547,113.84818267822266,2737000,0.0,0.0
2017-11-06 00:00:00-05:00,140.00999450683594,140.49000549316406,139.72000122070312,139.75999450683594,113.58808898925781,4220700,0.0,0.0
2017-11-07 00:00:00-05:00,140.0800018310547,140.14999389648438,138.91000366210938,139.77000427246094,113.5962142944336,4201900,0.0,0.0
2017-11-08 00:00:00-05:00,139.6999969482422,141.8699951171875,139.4600067138672,141.32000732421875,114.85596466064453,4440700,0.0,0.0
2017-11-09 00:00:00-05:00,140.86000061035156,141.41000366210938,139.8000030517578,140.35000610351562,114.06761932373047,3517100,0.0,0.0
2017-11-10 00:00:00-05:00,140.1300048828125,140.1300048828125,138.61000061035156,139.55999755859375,113.425537109375,4240800,0.0,0.0
2017-11-13 00:00:00-05:00,139.00999450683594,140.02000427246094,138.4199981689453,139.75999450683594,113.58808898925781,4322300,0.0,0.0
2017-11-14 00:00:00-05:00,139.57000732421875,140.27999877929688,138.9199981689453,139.49000549316406,113.3686752319336,4078200,0.0,0.0
2017-11-15 00:00:00-05:00,139.22999572753906,139.8300018310547,138.75,139.10000610351562,113.05168151855469,4811500,0.0,0.0
2017-11-16 00:00:00-05:00,139.4199981689453,139.67999267578125,138.63999938964844,138.8699951171875,112.86470794677734,4193800,0.0,0.0
2017-11-17 00:00:00-05:00,138.3000030517578,138.86000061035156,137.88999938964844,138.0,112.15767669677734,4247400,0.0,0.0
2017-11-20 00:00:00-05:00,138.14999389648438,138.55999755859375,137.74000549316406,137.92999267578125,112.10076141357422,4266300,0.0,0.0
2017-11-21 00:00:00-05:00,138.4499969482422,139.25999450683594,138.19000244140625,138.33999633789062,112.43401336669922,5660600,0.0,0.0
2017-11-22 00:00:00-05:00,138.3000030517578,138.3800048828125,136.60000610351562,137.2899932861328,111.58061981201172,3917000,0.0,0.0
2017-11-24 00:00:00-05:00,137.5,138.3800048828125,137.30999755859375,138.00999450683594,112.16580200195312,2606800,0.0,0.0
2017-11-27 00:00:00-05:00,137.50999450683594,138.30999755859375,137.47999572753906,138.10000610351562,112.9262924194336,3933100,0.84,0.0
2017-11-28 00:00:00-05:00,138.3000030517578,140.52999877929688,138.25,140.02000427246094,114.49626922607422,5052800,0.0,0.0
2017-11-29 00:00:00-05:00,140.22000122070312,140.6300048828125,138.9499969482422,139.80999755859375,114.32457733154297,5851400,0.0,0.0
2017-11-30 00:00:00-05:00,140.05999755859375,140.27999877929688,138.47999572753906,139.3300018310547,113.93204498291016,8941900,0.0,0.0
2017-12-01 00:00:00-05:00,139.57000732421875,140.52999877929688,138.60000610351562,139.97999572753906,114.46358489990234,5990500,0.0,0.0
2017-12-04 00:00:00-05:00,140.6199951171875,141.5,138.92999267578125,139.00999450683594,113.67039489746094,5916700,0.0,0.0
2017-12-05 00:00:00-05:00,139.7899932861328,140.80999755859375,139.1999969482422,139.6699981689453,114.21007537841797,6745300,0.0,0.0
2017-12-06 00:00:00-05:00,140.83999633789062,141.9600067138672,140.19000244140625,141.05999755859375,115.34671020507812,5591700,0.0,0.0
2017-12-07 00:00:00-05:00,140.00999450683594,141.5,139.25999450683594,140.00999450683594,114.48807525634766,4713100,0.0,0.0
2017-12-08 00:00:00-05:00,140.0,140.75999450683594,139.8000030517578,140.58999633789062,114.96236419677734,5101300,0.0,0.0
2017-12-11 00:00:00-05:00,140.89999389648438,141.1699981689453,139.8300018310547,141.13999938964844,115.41209411621094,4358600,0.0,0.0
2017-12-12 00:00:00-05:00,142.60000610351562,143.57000732421875,142.0399932861328,142.60000610351562,116.60597229003906,8016700,0.0,0.0
2017-12-13 00:00:00-05:00,142.5,143.42999267578125,142.2100067138672,142.88999938964844,116.84312438964844,6118400,0.0,0.0
2017-12-14 00:00:00-05:00,143.52000427246094,143.6199951171875,141.61000061035156,141.64999389648438,115.82915496826172,5337900,0.0,0.0
2017-12-15 00:00:00-05:00,142.47999572753906,143.13999938964844,141.77999877929688,142.4600067138672,116.4914779663086,12517000,0.0,0.0
2017-12-18 00:00:00-05:00,142.55999755859375,143.8000030517578,141.39999389648438,141.8000030517578,115.95179748535156,5833200,0.0,0.0
2017-12-19 00:00:00-05:00,141.88999938964844,142.3800048828125,141.36000061035156,141.77999877929688,115.9354248046875,6580100,0.0,0.0
2017-12-20 00:00:00-05:00,142.25999450683594,142.5800018310547,141.0800018310547,141.16000366210938,115.428466796875,6289800,0.0,0.0
2017-12-21 00:00:00-05:00,141.58999633789062,142.1699981689453,141.02000427246094,141.05999755859375,115.34671020507812,6284700,0.0,0.0
2017-12-22 00:00:00-05:00,141.0,141.35000610351562,140.0399932861328,140.1199951171875,114.57804870605469,4665600,0.0,0.0
2017-12-26 00:00:00-05:00,140.4600067138672,140.5399932861328,139.67999267578125,140.08999633789062,114.55352783203125,3271100,0.0,0.0
2017-12-27 00:00:00-05:00,140.4199981689453,141.14999389648438,140.1999969482422,140.57000732421875,114.94605255126953,3753600,0.0,0.0
2017-12-28 00:00:00-05:00,140.6999969482422,141.0,140.3300018310547,140.55999755859375,114.9378662109375,2485000,0.0,0.0
2017-12-29 00:00:00-05:00,140.97999572753906,141.2100067138672,139.5800018310547,139.72000122070312,114.25094604492188,4452900,0.0,0.0
2018-01-02 00:00:00-05:00,139.66000366210938,139.9499969482422,138.72000122070312,139.22999572753906,113.85025787353516,6842100,0.0,0.0
2018-01-03 00:00:00-05:00,139.36000061035156,140.67999267578125,138.89999389648438,140.55999755859375,114.9378662109375,5350500,0.0,0.0
2018-01-04 00:00:00-05:00,140.4499969482422,141.13999938964844,140.22000122070312,140.5500030517578,114.92964172363281,4837600,0.0,0.0
2018-01-05 00:00:00-05:00,140.69000244140625,141.82000732421875,140.27999877929688,141.7100067138672,115.87821197509766,6158800,0.0,0.0
2018-01-08 00:00:00-05:00,141.6999969482422,142.0,140.9199981689453,141.88999938964844,116.0254135131836,5129800,0.0,0.0
2018-01-09 00:00:00-05:00,142.3699951171875,145.67999267578125,142.25999450683594,144.13999938964844,117.86522674560547,8897000,0.0,0.0
2018-01-10 00:00:00-05:00,143.5500030517578,144.16000366210938,143.32000732421875,143.97000122070312,117.72622680664062,6558600,0.0,0.0
2018-01-11 00:00:00-05:00,144.1300048828125,144.89999389648438,143.69000244140625,144.7899932861328,118.39677429199219,4962200,0.0,0.0
2018-01-12 00:00:00-05:00,144.99000549316406,146.4199981689453,144.89999389648438,145.75999450683594,119.18991088867188,5450600,0.0,0.0
2018-01-16 00:00:00-05:00,146.4199981689453,148.05999755859375,146.02999877929688,146.86000061035156,120.08943939208984,8804000,0.0,0.0
2018-01-17 00:00:00-05:00,147.83999633789062,148.32000732421875,145.47999572753906,146.97999572753906,120.18756866455078,10619700,0.0,0.0
2018-01-18 00:00:00-05:00,146.92999267578125,147.44000244140625,145.97000122070312,146.9199981689453,120.13851928710938,5554800,0.0,0.0
2018-01-19 00:00:00-05:00,147.4600067138672,147.64999389648438,146.4199981689453,147.36000061035156,120.4983139038086,8738800,0.0,0.0
2018-01-22 00:00:00-05:00,147.00999450683594,148.13999938964844,146.72000122070312,148.13999938964844,121.13611602783203,7010400,0.0,0.0
2018-01-23 00:00:00-05:00,146.9600067138672,147.44000244140625,141.6199951171875,141.8300018310547,115.97632598876953,17473600,0.0,0.0
2018-01-24 00:00:00-05:00,143.5,143.55999755859375,141.8000030517578,142.07000732421875,116.172607421875,13034400,0.0,0.0
2018-01-25 00:00:00-05:00,142.30999755859375,144.66000366210938,142.2100067138672,144.39999389648438,118.077880859375,7938800,0.0,0.0
2018-01-26 00:00:00-05:00,144.5,145.60000610351562,144.1300048828125,145.3300018310547,118.83834075927734,8065600,0.0,0.0
2018-01-29 00:00:00-05:00,144.85000610351562,144.94000244140625,143.52999877929688,143.67999267578125,117.4891128540039,8013400,0.0,0.0
2018-01-30 00:00:00-05:00,143.39999389648438,143.82000732421875,142.42999267578125,142.42999267578125,116.46695709228516,8376100,0.0,0.0
2018-01-31 00:00:00-05:00,142.57000732421875,142.57000732421875,138.10000610351562,138.19000244140625,112.9998550415039,13137400,0.0,0.0
2018-02-01 00:00:00-05:00,137.52999877929688,140.6699981689453,137.0,140.02000427246094,114.49626922607422,9393600,0.0,0.0
2018-02-02 00:00:00-05:00,139.02000427246094,140.36000061035156,137.3800048828125,137.67999267578125,112.5827865600586,9262500,0.0,0.0
2018-02-05 00:00:00-05:00,136.5800018310547,137.0,122.1500015258789,130.38999938964844,106.6217041015625,19954100,0.0,0.0
2018-02-06 00:00:00-05:00,130.00999450683594,132.99000549316406,128.0,131.8300018310547,107.79920959472656,19193500,0.0,0.0
2018-02-07 00:00:00-05:00,131.88999938964844,133.42999267578125,131.35000610351562,131.4199981689453,107.46393585205078,10550400,0.0,0.0
2018-02-08 00:00:00-05:00,130.91000366210938,131.25,126.11000061035156,126.36000061035156,103.32630920410156,11680200,0.0,0.0
2018-02-09 00:00:00-05:00,127.5199966430664,130.9199981689453,125.44000244140625,129.52999877929688,105.91846466064453,15030900,0.0,0.0
2018-02-12 00:00:00-05:00,130.0,131.32000732421875,127.68000030517578,130.27000427246094,106.5235595703125,9963900,0.0,0.0
2018-02-13 00:00:00-05:00,129.2100067138672,130.60000610351562,128.6999969482422,129.9600067138672,106.27008819580078,6339000,0.0,0.0
2018-02-14 00:00:00-05:00,129.44000244140625,130.00999450683594,128.38999938964844,129.6699981689453,106.0329360961914,6259700,0.0,0.0
2018-02-15 00:00:00-05:00,130.10000610351562,131.27999877929688,129.39999389648438,131.22999572753906,107.3085708618164,5606400,0.0,0.0
2018-02-16 00:00:00-05:00,130.9600067138672,134.4499969482422,130.83999633789062,133.14999389648438,108.87857818603516,7970100,0.0,0.0
2018-02-20 00:00:00-05:00,132.8699951171875,133.4499969482422,130.66000366210938,130.8699951171875,107.0141830444336,6563500,0.0,0.0
2018-02-21 00:00:00-05:00,130.8000030517578,132.42999267578125,129.86000061035156,129.91000366210938,106.22918701171875,6578000,0.0,0.0
2018-02-22 00:00:00-05:00,130.10000610351562,131.02000427246094,129.47999572753906,129.91000366210938,106.22918701171875,5732200,0.0,0.0
2018-02-23 00:00:00-05:00,130.08999633789062,132.0800018310547,130.02000427246094,132.02000427246094,107.95457458496094,5126800,0.0,0.0
2018-02-26 00:00:00-05:00,131.7100067138672,133.41000366210938,131.0,132.07000732421875,108.6869888305664,6684400,0.84,0.0
2018-02-27 00:00:00-05:00,132.2100067138672,133.08999633789062,131.60000610351562,131.6699981689453,108.3578109741211,7158600,0.0,0.0
2018-02-28 00:00:00-05:00,131.9499969482422,132.3300018310547,129.8699951171875,129.8800048828125,106.88475036621094,7985900,0.0,0.0
2018-03-01 00:00:00-05:00,129.11000061035156,130.1199951171875,126.5199966430664,127.27999877929688,104.74507141113281,9424000,0.0,0.0
2018-03-02 00:00:00-05:00,126.91000366210938,129.11000061035156,126.91000366210938,128.82000732421875,106.01240539550781,6910400,0.0,0.0
2018-03-05 00:00:00-05:00,128.6300048828125,130.3000030517578,128.17999267578125,129.7899932861328,106.81065368652344,5799800,0.0,0.0
2018-03-06 00:00:00-05:00,130.0,130.1999969482422,127.91999816894531,128.22000122070312,105.51863861083984,5546500,0.0,0.0
2018-03-07 00:00:00-05:00,127.4800033569336,129.3300018310547,127.2699966430664,129.0399932861328,106.19343566894531,6391700,0.0,0.0
2018-03-08 00:00:00-05:00,129.3300018310547,132.3000030517578,129.3300018310547,132.05999755859375,108.67876434326172,6423400,0.0,0.0
2018-03-09 00:00:00-05:00,132.50999450683594,133.82000732421875,131.55999755859375,133.8000030517578,110.1106948852539,7557800,0.0,0.0
2018-03-12 00:00:00-04:00,133.8000030517578,134.22999572753906,132.32000732421875,132.6300048828125,109.1478500366211,4942000,0.0,0.0
2018-03-13 00:00:00-04:00,133.8000030517578,135.38999938964844,133.4499969482422,134.35000610351562,110.56332397460938,9152300,0.0,0.0
2018-03-14 00:00:00-04:00,135.24000549316406,135.6999969482422,131.89999389648438,132.32000732421875,108.89273071289062,6770600,0.0,0.0
2018-03-15 00:00:00-04:00,132.5500030517578,134.24000549316406,132.47000122070312,133.05999755859375,109.50172424316406,6147200,0.0,0.0
2018-03-16 00:00:00-04:00,133.16000366210938,134.39999389648438,132.10000610351562,133.67999267578125,110.01194763183594,14233500,0.0,0.0
2018-03-19 00:00:00-04:00,133.35000610351562,133.47000122070312,129.36000061035156,130.24000549316406,107.18099212646484,6017000,0.0,0.0
2018-03-20 00:00:00-04:00,130.77999877929688,131.77999877929688,129.3800048828125,131.2100067138672,107.97925567626953,6214300,0.0,0.0
2018-03-21 00:00:00-04:00,131.39999389648438,132.77999877929688,130.66000366210938,131.19000244140625,107.96281433105469,5158700,0.0,0.0
2018-03-22 00:00:00-04:00,130.47000122070312,130.67999267578125,127.0999984741211,127.37999725341797,104.82733917236328,7560100,0.0,0.0
2018-03-23 00:00:00-04:00,127.62999725341797,127.80000305175781,124.9000015258789,125.0999984741211,102.9510498046875,8452500,0.0,0.0
2018-03-26 00:00:00-04:00,126.41000366210938,127.54000091552734,125.20999908447266,127.38999938964844,104.83558654785156,8358200,0.0,0.0
2018-03-27 00:00:00-04:00,127.11000061035156,129.10000610351562,126.38999938964844,127.20999908447266,104.68744659423828,7789900,0.0,0.0
2018-03-28 00:00:00-04:00,127.62999725341797,129.02000427246094,127.20999908447266,127.44999694824219,104.88497161865234,6868500,0.0,0.0
2018-03-29 00:00:00-04:00,127.97000122070312,128.75999450683594,126.81999969482422,128.14999389648438,105.46100616455078,6119400,0.0,0.0
2018-04-02 00:00:00-04:00,127.81999969482422,127.87999725341797,123.54000091552734,124.55999755859375,102.50662231445312,8916900,0.0,0.0
2018-04-03 00:00:00-04:00,125.18000030517578,128.49000549316406,124.68000030517578,128.35000610351562,105.62562561035156,8035000,0.0,0.0
2018-04-04 00:00:00-04:00,126.9000015258789,131.1199951171875,126.38999938964844,130.41000366210938,107.32090759277344,7717100,0.0,0.0
2018-04-05 00:00:00-04:00,130.41000366210938,131.1999969482422,129.5,130.7100067138672,107.56779479980469,5621700,0.0,0.0
2018-04-06 00:00:00-04:00,130.22000122070312,130.63999938964844,126.41000366210938,128.10000610351562,105.4198989868164,6399300,0.0,0.0
2018-04-09 00:00:00-04:00,128.64999389648438,131.13999938964844,127.68000030517578,129.47999572753906,106.5555648803711,6395800,0.0,0.0
2018-04-10 00:00:00-04:00,130.25,130.91000366210938,129.2899932861328,130.25,107.1892318725586,6019300,0.0,0.0
2018-04-11 00:00:00-04:00,129.13999938964844,130.35000610351562,129.02999877929688,129.6300048828125,106.67900085449219,4575400,0.0,0.0
2018-04-12 00:00:00-04:00,130.08999633789062,131.30999755859375,129.86000061035156,130.42999267578125,107.33734893798828,4559800,0.0,0.0
2018-04-13 00:00:00-04:00,131.08999633789062,131.4199981689453,129.6300048828125,130.6199951171875,107.49372100830078,4742300,0.0,0.0
2018-04-16 00:00:00-04:00,131.41000366210938,132.8800048828125,131.27999877929688,131.75999450683594,108.431884765625,6379600,0.0,0.0
2018-04-17 00:00:00-04:00,132.11000061035156,132.1999969482422,128.80999755859375,130.5399932861328,107.42787170410156,11008700,0.0,0.0
2018-04-18 00:00:00-04:00,129.69000244140625,129.89999389648438,126.94000244140625,127.72000122070312,105.10717010498047,9383600,0.0,0.0
2018-04-19 00:00:00-04:00,127.62999725341797,128.27000427246094,126.88999938964844,127.55000305175781,104.96726989746094,5959500,0.0,0.0
2018-04-20 00:00:00-04:00,128.0,128.3000030517578,126.16999816894531,126.66000366210938,104.23482513427734,7743900,0.0,0.0
2018-04-23 00:00:00-04:00,126.87999725341797,127.30000305175781,125.77999877929688,126.83000183105469,104.37474060058594,7501900,0.0,0.0
2018-04-24 00:00:00-04:00,126.94000244140625,127.45999908447266,125.30999755859375,126.19000244140625,103.84806060791016,6577500,0.0,0.0
2018-04-25 00:00:00-04:00,125.91000366210938,126.8499984741211,125.27999877929688,126.76000213623047,104.31712341308594,5859600,0.0,0.0
2018-04-26 00:00:00-04:00,126.62000274658203,129.22000122070312,126.62000274658203,128.00999450683594,105.3458023071289,8211100,0.0,0.0
2018-04-27 00:00:00-04:00,127.7300033569336,128.7899932861328,127.5,128.27000427246094,105.55977630615234,4266800,0.0,0.0
2018-04-30 00:00:00-04:00,128.86000061035156,128.97999572753906,126.48999786376953,126.48999786376953,104.09494018554688,8219400,0.0,0.0
2018-05-01 00:00:00-04:00,126.31999969482422,126.63999938964844,124.97000122070312,126.01000213623047,103.69992065429688,5122600,0.0,0.0
2018-05-02 00:00:00-04:00,125.5199966430664,126.18000030517578,123.19999694824219,123.5,101.6343002319336,7390800,0.0,0.0
2018-05-03 00:00:00-04:00,123.30000305175781,123.69000244140625,121.27999877929688,123.02999877929688,101.24752044677734,7282900,0.0,0.0
2018-05-04 00:00:00-04:00,122.5999984741211,124.51000213623047,121.80000305175781,124.19000244140625,102.20214080810547,6127600,0.0,0.0
2018-05-07 00:00:00-04:00,124.13999938964844,125.23999786376953,123.31999969482422,123.58999633789062,101.7083740234375,6707900,0.0,0.0
2018-05-08 00:00:00-04:00,122.86000061035156,123.48999786376953,121.69000244140625,122.61000061035156,100.90187072753906,5951800,0.0,0.0
2018-05-09 00:00:00-04:00,122.98999786376953,124.05000305175781,122.52999877929688,123.51000213623047,101.64253997802734,6808600,0.0,0.0
2018-05-10 00:00:00-04:00,124.22000122070312,126.05000305175781,124.0,125.3499984741211,103.15677642822266,4948000,0.0,0.0
2018-05-11 00:00:00-04:00,125.7699966430664,127.5999984741211,125.76000213623047,127.23999786376953,104.712158203125,5716700,0.0,0.0
2018-05-14 00:00:00-04:00,127.3499984741211,127.61000061035156,125.5999984741211,126.05999755859375,103.74107360839844,6101600,0.0,0.0
2018-05-15 00:00:00-04:00,125.54000091552734,125.83000183105469,124.4000015258789,125.12999725341797,102.9757308959961,5875700,0.0,0.0
2018-05-16 00:00:00-04:00,125.44000244140625,125.9000015258789,125.0,125.3499984741211,103.15677642822266,3818100,0.0,0.0
2018-05-17 00:00:00-04:00,125.48999786376953,125.58999633789062,123.55000305175781,123.8499984741211,101.92234802246094,6473400,0.0,0.0
2018-05-18 00:00:00-04:00,123.77999877929688,124.44000244140625,123.27999877929688,124.23999786376953,102.24329376220703,5433900,0.0,0.0
2018-05-21 00:00:00-04:00,124.62000274658203,124.98999786376953,123.31999969482422,123.72000122070312,101.81535339355469,5558700,0.0,0.0
2018-05-22 00:00:00-04:00,123.80000305175781,124.23999786376953,122.76000213623047,122.91000366210938,101.14877319335938,7172700,0.0,0.0
2018-05-23 00:00:00-04:00,122.87000274658203,123.97000122070312,122.73999786376953,123.44999694824219,101.5931396484375,4940800,0.0,0.0
2018-05-24 00:00:00-04:00,123.22000122070312,123.38999938964844,121.55000305175781,122.25,100.60562133789062,6923600,0.0,0.0
2018-05-25 00:00:00-04:00,121.55999755859375,122.80000305175781,121.12999725341797,121.47000122070312,100.70509338378906,4594800,0.9,0.0
2018-05-29 00:00:00-04:00,120.5,120.80000305175781,118.62000274658203,119.4000015258789,98.98897552490234,9821900,0.0,0.0
2018-05-30 00:00:00-04:00,120.12000274658203,121.58000183105469,119.54000091552734,120.97000122070312,100.29059600830078,6423700,0.0,0.0
2018-05-31 00:00:00-04:00,120.91999816894531,121.25,119.54000091552734,119.62000274658203,99.17134857177734,10337500,0.0,0.0
2018-06-01 00:00:00-04:00,120.37999725341797,121.31999969482422,119.97000122070312,121.26000213623047,100.531005859375,5741000,0.0,0.0
2018-06-04 00:00:00-04:00,121.8499984741211,122.37000274658203,121.0199966430664,121.94999694824219,101.10305786132812,4853000,0.0,0.0
2018-06-05 00:00:00-04:00,122.05000305175781,122.55999755859375,120.9000015258789,121.4800033569336,100.71340942382812,5125400,0.0,0.0
2018-06-06 00:00:00-04:00,121.97000122070312,122.79000091552734,121.45999908447266,122.79000091552734,101.79945373535156,6799300,0.0,0.0
2018-06-07 00:00:00-04:00,123.0,123.48999786376953,122.2699966430664,123.33000183105469,102.24715423583984,7414100,0.0,0.0
2018-06-08 00:00:00-04:00,123.36000061035156,124.8499984741211,123.33000183105469,124.05999755859375,102.85237121582031,6208100,0.0,0.0
2018-06-11 00:00:00-04:00,124.2699966430664,124.33999633789062,122.55000305175781,122.66000366210938,101.69169616699219,5571400,0.0,0.0
2018-06-12 00:00:00-04:00,123.16000366210938,123.18000030517578,121.94999694824219,122.54000091552734,101.59219360351562,5227300,0.0,0.0
2018-06-13 00:00:00-04:00,123.1500015258789,124.08999633789062,122.45999908447266,122.62999725341797,101.66682434082031,5836900,0.0,0.0
2018-06-14 00:00:00-04:00,122.70999908447266,123.1500015258789,122.08999633789062,122.41000366210938,101.48442840576172,5239200,0.0,0.0
2018-06-15 00:00:00-04:00,122.0999984741211,122.7300033569336,121.23999786376953,122.61000061035156,101.65022277832031,13173500,0.0,0.0
2018-06-18 00:00:00-04:00,121.61000061035156,121.80999755859375,120.25,121.31999969482422,100.58074951171875,6787400,0.0,0.0
2018-06-19 00:00:00-04:00,120.66000366210938,123.16999816894531,120.56999969482422,122.56999969482422,101.61705780029297,8572400,0.0,0.0
2018-06-20 00:00:00-04:00,122.41999816894531,122.66000366210938,121.66000366210938,122.04000091552734,101.17767333984375,6277200,0.0,0.0
2018-06-21 00:00:00-04:00,121.83000183105469,122.23999786376953,121.11000061035156,121.44999694824219,100.68852233886719,4417200,0.0,0.0
2018-06-22 00:00:00-04:00,121.68000030517578,123.37999725341797,121.6500015258789,122.83999633789062,101.84089660644531,9501400,0.0,0.0
2018-06-25 00:00:00-04:00,122.81999969482422,123.43000030517578,121.51000213623047,122.58999633789062,101.63365173339844,8170500,0.0,0.0
2018-06-26 00:00:00-04:00,122.48999786376953,122.88999938964844,121.5999984741211,122.3499984741211,101.43466186523438,5496400,0.0,0.0
2018-06-27 00:00:00-04:00,122.12999725341797,122.97000122070312,121.44999694824219,121.61000061035156,100.8211669921875,5666000,0.0,0.0
2018-06-28 00:00:00-04:00,121.77999877929688,122.41000366210938,121.06999969482422,122.0,101.1445083618164,5296800,0.0,0.0
2018-06-29 00:00:00-04:00,122.23999786376953,123.18000030517578,121.19000244140625,121.33999633789062,100.59732818603516,7308700,0.0,0.0
2018-07-02 00:00:00-04:00,121.33999633789062,121.7300033569336,120.11000061035156,121.58000183105469,100.79631042480469,5481400,0.0,0.0
2018-07-03 00:00:00-04:00,121.6500015258789,123.45999908447266,121.26000213623047,122.70999908447266,101.7331314086914,4248100,0.0,0.0
2018-07-05 00:00:00-04:00,123.5999984741211,125.12000274658203,123.2300033569336,125.0,103.63166046142578,7319100,0.0,0.0
2018-07-06 00:00:00-04:00,125.16000366210938,125.91999816894531,124.61000061035156,125.75,104.25346374511719,7297900,0.0,0.0
2018-07-09 00:00:00-04:00,126.22000122070312,126.75,125.5999984741211,126.05000305175781,104.50218200683594,6706100,0.0,0.0
2018-07-10 00:00:00-04:00,126.37000274658203,127.5199966430664,126.11000061035156,127.37999725341797,105.60480499267578,5075600,0.0,0.0
2018-07-11 00:00:00-04:00,127.41000366210938,127.44000244140625,126.05999755859375,126.23999786376953,104.65969848632812,4827400,0.0,0.0
2018-07-12 00:00:00-04:00,127.70999908447266,128.2100067138672,127.16999816894531,127.76000213623047,105.91986083984375,6199000,0.0,0.0
2018-07-13 00:00:00-04:00,125.31999969482422,127.5,125.31999969482422,125.93000030517578,104.40267181396484,8250200,0.0,0.0
2018-07-16 00:00:00-04:00,126.0,126.0999984741211,124.16000366210938,124.69000244140625,103.37464141845703,7314400,0.0,0.0
2018-07-17 00:00:00-04:00,128.52999877929688,130.5399932861328,127.55999755859375,129.11000061035156,107.03909301757812,12858700,0.0,0.0
2018-07-18 00:00:00-04:00,128.80999755859375,129.0500030517578,127.16999816894531,127.80000305175781,105.95303344726562,7152000,0.0,0.0
2018-07-19 00:00:00-04:00,127.52999877929688,127.69999694824219,125.87000274658203,125.94000244140625,104.4109878540039,5984600,0.0,0.0
2018-07-20 00:00:00-04:00,125.30000305175781,126.13999938964844,125.12000274658203,125.8499984741211,104.33636474609375,5835500,0.0,0.0
2018-07-23 00:00:00-04:00,125.75,126.68000030517578,125.44999694824219,126.62999725341797,104.98302459716797,4631100,0.0,0.0
2018-07-24 00:00:00-04:00,127.23999786376953,129.6199951171875,127.1500015258789,129.36000061035156,107.24634552001953,7158800,0.0,0.0
2018-07-25 00:00:00-04:00,129.13999938964844,129.22999572753906,127.6500015258789,128.6199951171875,106.63282775878906,6523000,0.0,0.0
2018-07-26 00:00:00-04:00,129.89999389648438,131.22000122070312,129.85000610351562,130.27999877929688,108.00907135009766,7640600,0.0,0.0
2018-07-27 00:00:00-04:00,129.97999572753906,132.27000427246094,129.94000244140625,131.5500030517578,109.0619888305664,6620400,0.0,0.0
2018-07-30 00:00:00-04:00,131.77999877929688,132.49000549316406,131.25,132.1699981689453,109.57597351074219,11013100,0.0,0.0
2018-07-31 00:00:00-04:00,132.27999877929688,132.63999938964844,131.77000427246094,132.52000427246094,109.86616516113281,7598900,0.0,0.0
2018-08-01 00:00:00-04:00,132.38999938964844,132.9600067138672,132.0800018310547,132.63999938964844,109.96564483642578,5770400,0.0,0.0
2018-08-02 00:00:00-04:00,132.88999938964844,133.0,131.08999633789062,131.25,108.81324768066406,6563300,0.0,0.0
2018-08-03 00:00:00-04:00,131.17999267578125,132.6999969482422,130.89999389648438,131.9499969482422,109.39360046386719,6498700,0.0,0.0
2018-08-06 00:00:00-04:00,131.63999938964844,132.52999877929688,131.00999450683594,132.02000427246094,109.4516372680664,5840000,0.0,0.0
2018-08-07 00:00:00-04:00,131.8800048828125,132.1699981689453,131.3000030517578,131.4600067138672,108.98735809326172,4664600,0.0,0.0
2018-08-08 00:00:00-04:00,131.49000549316406,131.8000030517578,130.88999938964844,131.1699981689453,108.7469253540039,3721500,0.0,0.0
2018-08-09 00:00:00-04:00,131.5399932861328,131.72000122070312,130.6699981689453,131.1999969482422,108.77181243896484,4057800,0.0,0.0
2018-08-10 00:00:00-04:00,131.19000244140625,131.6300048828125,130.25999450683594,130.75,108.39873504638672,4324000,0.0,0.0
2018-08-13 00:00:00-04:00,130.72000122070312,130.89999389648438,129.85000610351562,130.22000122070312,107.95932006835938,3778000,0.0,0.0
2018-08-14 00:00:00-04:00,129.6699981689453,130.47000122070312,129.35000610351562,129.5,107.36241149902344,4542800,0.0,0.0
2018-08-15 00:00:00-04:00,129.75,130.74000549316406,128.92999267578125,130.42999267578125,108.1334228515625,5377300,0.0,0.0
2018-08-16 00:00:00-04:00,131.02000427246094,132.8800048828125,130.57000732421875,132.47999572753906,109.83299255371094,7861500,0.0,0.0
2018-08-17 00:00:00-04:00,132.4499969482422,135.0,132.19000244140625,134.47000122070312,111.48279571533203,6700900,0.0,0.0
2018-08-20 00:00:00-04:00,134.92999267578125,137.1199951171875,134.0,136.8800048828125,113.48082733154297,7935000,0.0,0.0
2018-08-21 00:00:00-04:00,137.0,137.42999267578125,135.3000030517578,135.35000610351562,112.2123794555664,5832100,0.0,0.0
2018-08-22 00:00:00-04:00,135.55999755859375,135.67999267578125,134.4199981689453,134.61000061035156,111.598876953125,4688400,0.0,0.0
2018-08-23 00:00:00-04:00,134.61000061035156,135.49000549316406,134.10000610351562,135.11000061035156,112.01341247558594,5057600,0.0,0.0
2018-08-24 00:00:00-04:00,135.11000061035156,136.14999389648438,134.8300018310547,135.9499969482422,112.70982360839844,4809400,0.0,0.0
2018-08-27 00:00:00-04:00,135.5,136.0500030517578,134.2100067138672,134.9199981689453,112.60131072998047,4325900,0.9,0.0
2018-08-28 00:00:00-04:00,134.77999877929688,134.89999389648438,133.88999938964844,134.32000732421875,112.10057067871094,6037500,0.0,0.0
2018-08-29 00:00:00-04:00,134.32000732421875,134.94000244140625,133.94000244140625,134.86000061035156,112.5512466430664,4648700,0.0,0.0
2018-08-30 00:00:00-04:00,134.6999969482422,135.60000610351562,134.60000610351562,134.9499969482422,112.62635040283203,4821900,0.0,0.0
2018-08-31 00:00:00-04:00,134.60000610351562,135.0,133.97000122070312,134.69000244140625,112.40937042236328,6139500,0.0,0.0
2018-09-04 00:00:00-04:00,134.69000244140625,134.75,133.44000244140625,133.72000122070312,111.59981536865234,4406800,0.0,0.0
2018-09-05 00:00:00-04:00,133.47999572753906,135.94000244140625,133.4600067138672,135.86000061035156,113.38578796386719,6174800,0.0,0.0
2018-09-06 00:00:00-04:00,135.5,137.30999755859375,135.17999267578125,136.8699951171875,114.22874450683594,6562000,0.0,0.0
2018-09-07 00:00:00-04:00,136.77999877929688,137.69000244140625,135.75,137.32000732421875,114.60431671142578,6375200,0.0,0.0
2018-09-10 00:00:00-04:00,137.52999877929688,138.47000122070312,137.05999755859375,137.2100067138672,114.51251220703125,4892200,0.0,0.0
2018-09-11 00:00:00-04:00,137.63999938964844,138.91000366210938,137.22000122070312,138.50999450683594,115.597412109375,7856800,0.0,0.0
2018-09-12 00:00:00-04:00,138.89999389648438,139.99000549316406,138.55999755859375,139.36000061035156,116.30682373046875,6767700,0.0,0.0
2018-09-13 00:00:00-04:00,139.88999938964844,140.47999572753906,139.02000427246094,139.88999938964844,116.7491455078125,6456100,0.0,0.0
2018-09-14 00:00:00-04:00,140.0,140.35000610351562,139.10000610351562,139.49000549316406,116.41535949707031,4534800,0.0,0.0
2018-09-17 00:00:00-04:00,139.3300018310547,140.39999389648438,139.17999267578125,139.9600067138672,116.8075942993164,5295500,0.0,0.0
2018-09-18 00:00:00-04:00,140.27000427246094,140.83999633789062,139.8300018310547,140.5399932861328,117.29166412353516,4581200,0.0,0.0
2018-09-19 00:00:00-04:00,140.75999450683594,140.99000549316406,140.0500030517578,140.4600067138672,117.2248764038086,5049900,0.0,0.0
2018-09-20 00:00:00-04:00,140.82000732421875,142.13999938964844,140.50999450683594,141.97999572753906,118.49342346191406,5019300,0.0,0.0
2018-09-21 00:00:00-04:00,142.17999267578125,143.1300048828125,141.69000244140625,142.8800048828125,119.24458312988281,13283400,0.0,0.0
2018-09-24 00:00:00-04:00,142.10000610351562,142.5,140.22999572753906,140.47000122070312,117.2332534790039,6708000,0.0,0.0
2018-09-25 00:00:00-04:00,140.52999877929688,140.9600067138672,138.39999389648438,138.63999938964844,115.70594024658203,7982800,0.0,0.0
2018-09-26 00:00:00-04:00,138.9499969482422,140.0,137.9600067138672,138.16000366210938,115.30534362792969,7133300,0.0,0.0
2018-09-27 00:00:00-04:00,138.4499969482422,139.5800018310547,137.57000732421875,138.22000122070312,115.3554458618164,6450500,0.0,0.0
2018-09-28 00:00:00-04:00,138.10000610351562,138.55999755859375,137.41000366210938,138.1699981689453,115.31368255615234,6638500,0.0,0.0
2018-10-01 00:00:00-04:00,138.25999450683594,139.85000610351562,138.0,139.69000244140625,116.58222961425781,4871800,0.0,0.0
2018-10-02 00:00:00-04:00,139.7899932861328,140.72999572753906,139.64999389648438,140.47999572753906,117.24154663085938,6439100,0.0,0.0
2018-10-03 00:00:00-04:00,140.5399932861328,141.27000427246094,138.8800048828125,139.02999877929688,116.03144073486328,5411800,0.0,0.0
2018-10-04 00:00:00-04:00,138.5500030517578,139.52999877929688,137.32000732421875,139.35000610351562,116.29849243164062,4738700,0.0,0.0
2018-10-05 00:00:00-04:00,139.8000030517578,140.25,138.55999755859375,139.10000610351562,116.08985900878906,4309300,0.0,0.0
2018-10-08 00:00:00-04:00,138.89999389648438,139.67999267578125,138.6199951171875,139.38999938964844,116.33186340332031,5174100,0.0,0.0
2018-10-09 00:00:00-04:00,138.74000549316406,139.6199951171875,137.80999755859375,139.1999969482422,116.1733169555664,4475300,0.0,0.0
2018-10-10 00:00:00-04:00,139.35000610351562,140.4600067138672,137.72999572753906,137.72999572753906,114.94648742675781,7265600,0.0,0.0
2018-10-11 00:00:00-04:00,137.91000366210938,138.66000366210938,132.8800048828125,133.83999633789062,111.69996643066406,11603200,0.0,0.0
2018-10-12 00:00:00-04:00,134.39999389648438,134.41000366210938,132.22999572753906,133.8699951171875,111.7249984741211,6998000,0.0,0.0
2018-10-15 00:00:00-04:00,133.8800048828125,135.3000030517578,133.50999450683594,133.9499969482422,111.79176330566406,6398700,0.0,0.0
2018-10-16 00:00:00-04:00,134.75,137.99000549316406,134.75,136.55999755859375,113.97000122070312,9592800,0.0,0.0
2018-10-17 00:00:00-04:00,136.22999572753906,140.0,136.2100067138672,139.4600067138672,116.3902816772461,8261100,0.0,0.0
2018-10-18 00:00:00-04:00,139.1999969482422,139.80999755859375,137.7100067138672,139.5,116.4237060546875,7583900,0.0,0.0
2018-10-19 00:00:00-04:00,138.33999633789062,140.0,137.91000366210938,139.0500030517578,116.04811096191406,5924800,0.0,0.0
2018-10-22 00:00:00-04:00,138.61000061035156,139.25999450683594,138.13999938964844,138.67999267578125,115.73934173583984,4864300,0.0,0.0
2018-10-23 00:00:00-04:00,137.7899932861328,139.49000549316406,137.4499969482422,138.92999267578125,115.94794464111328,8282700,0.0,0.0
2018-10-24 00:00:00-04:00,138.52000427246094,140.11000061035156,137.1699981689453,137.47000122070312,114.72949981689453,8279200,0.0,0.0
2018-10-25 00:00:00-04:00,137.4600067138672,139.08999633789062,135.0500030517578,138.47000122070312,115.56407928466797,9720700,0.0,0.0
2018-10-26 00:00:00-04:00,137.94000244140625,139.3000030517578,135.3300018310547,136.97000122070312,114.31219482421875,11371400,0.0,0.0
2018-10-29 00:00:00-04:00,136.99000549316406,139.10000610351562,136.22000122070312,137.5500030517578,114.7962646484375,6783000,0.0,0.0
2018-10-30 00:00:00-04:00,137.92999267578125,141.10000610351562,137.0,140.75,117.46690368652344,9646200,0.0,0.0
2018-10-31 00:00:00-04:00,141.0,141.42999267578125,139.61000061035156,139.99000549316406,116.83263397216797,9968900,0.0,0.0
2018-11-01 00:00:00-04:00,140.07000732421875,141.5800018310547,139.85000610351562,140.82000732421875,117.52533721923828,6913500,0.0,0.0
2018-11-02 00:00:00-04:00,141.97000122070312,142.0,139.66000366210938,140.67999267578125,117.40847778320312,7673200,0.0,0.0
2018-11-05 00:00:00-05:00,141.0,142.74000549316406,139.0,142.1999969482422,118.67704772949219,5601400,0.0,0.0
2018-11-06 00:00:00-05:00,141.52999877929688,142.8300018310547,141.05999755859375,142.57000732421875,118.98583221435547,5798900,0.0,0.0
2018-11-07 00:00:00-05:00,143.10000610351562,144.8699951171875,142.97000122070312,144.75,120.80522918701172,7173600,0.0,0.0
2018-11-08 00:00:00-05:00,144.30999755859375,145.7899932861328,144.0,145.3000030517578,121.26423645019531,5497100,0.0,0.0
2018-11-09 00:00:00-05:00,145.0399932861328,145.74000549316406,144.3800048828125,145.33999633789062,121.2976303100586,5343100,0.0,0.0
2018-11-12 00:00:00-05:00,144.99000549316406,146.24000549316406,144.72999572753906,145.6199951171875,121.53131103515625,7013600,0.0,0.0
2018-11-13 00:00:00-05:00,146.19000244140625,146.75,143.4199981689453,144.67999267578125,120.74678802490234,7432300,0.0,0.0
2018-11-14 00:00:00-05:00,145.02000427246094,145.30999755859375,143.55999755859375,144.25,120.38790893554688,6433100,0.0,0.0
2018-11-15 00:00:00-05:00,143.41000366210938,144.50999450683594,142.47999572753906,144.5,120.5965576171875,6657900,0.0,0.0
2018-11-16 00:00:00-05:00,144.7100067138672,146.74000549316406,144.5500030517578,145.99000549316406,121.84004211425781,8494300,0.0,0.0
2018-11-19 00:00:00-05:00,146.42999267578125,148.44000244140625,146.3699951171875,147.72999572753906,123.29229736328125,8714600,0.0,0.0
2018-11-20 00:00:00-05:00,147.5,148.75,146.35000610351562,146.4499969482422,122.22398376464844,8937700,0.0,0.0
2018-11-21 00:00:00-05:00,146.22999572753906,146.22999572753906,140.77999877929688,141.99000549316406,118.5018081665039,10275400,0.0,0.0
2018-11-23 00:00:00-05:00,141.85000610351562,142.72999572753906,141.60000610351562,142.22999572753906,118.7020492553711,3404900,0.0,0.0
2018-11-26 00:00:00-05:00,142.0,142.0500030517578,140.72000122070312,141.3699951171875,118.73567199707031,7590900,0.9,0.0
2018-11-27 00:00:00-05:00,140.57000732421875,143.35000610351562,139.66000366210938,143.22000122070312,120.28951263427734,5962100,0.0,0.0
2018-11-28 00:00:00-05:00,143.8300018310547,146.55999755859375,143.36000061035156,146.44000244140625,122.99394226074219,8411400,0.0,0.0
2018-11-29 00:00:00-05:00,145.6199951171875,147.1999969482422,144.83999633789062,145.85000610351562,122.49840545654297,6900000,0.0,0.0
2018-11-30 00:00:00-05:00,145.33999633789062,147.0,145.10000610351562,146.89999389648438,123.38028717041016,12517600,0.0,0.0
2018-12-03 00:00:00-05:00,145.57000732421875,146.6300048828125,144.94000244140625,146.2100067138672,122.80079650878906,8827200,0.0,0.0
2018-12-04 00:00:00-05:00,146.32000732421875,148.99000549316406,145.82000732421875,146.02999877929688,122.6495361328125,9803500,0.0,0.0
2018-12-06 00:00:00-05:00,144.5,146.4499969482422,142.7899932861328,145.91000366210938,122.54878234863281,11572500,0.0,0.0
2018-12-07 00:00:00-05:00,145.49000549316406,147.33999633789062,144.1199951171875,145.42999267578125,122.1456069946289,9444500,0.0,0.0
2018-12-10 00:00:00-05:00,145.38999938964844,145.8800048828125,142.3800048828125,145.25999450683594,122.00286865234375,6848100,0.0,0.0
2018-12-11 00:00:00-05:00,146.2899932861328,148.2100067138672,145.7899932861328,146.5,123.0443115234375,9857400,0.0,0.0
2018-12-12 00:00:00-05:00,147.0,148.49000549316406,147.0,147.10000610351562,123.54827880859375,8869200,0.0,0.0
2018-12-13 00:00:00-05:00,146.9600067138672,148.58999633789062,146.8000030517578,147.83999633789062,124.16975402832031,6008300,0.0,0.0
2018-12-14 00:00:00-05:00,144.33999633789062,145.3800048828125,130.1999969482422,133.0,111.70575714111328,58140200,0.0,0.0
2018-12-17 00:00:00-05:00,128.32000732421875,131.64999389648438,126.83000183105469,129.13999938964844,108.46380615234375,36933100,0.0,0.0
2018-12-18 00:00:00-05:00,132.0500030517578,132.8000030517578,129.1999969482422,130.4199981689453,109.53885650634766,24640100,0.0,0.0
2018-12-19 00:00:00-05:00,129.8699951171875,131.35000610351562,127.08999633789062,127.61000061035156,107.17875671386719,21232100,0.0,0.0
2018-12-20 00:00:00-05:00,127.72000122070312,129.75,126.76000213623047,128.27000427246094,107.73307800292969,16609600,0.0,0.0
2018-12-21 00:00:00-05:00,127.80000305175781,130.60000610351562,127.12000274658203,128.08999633789062,107.5819091796875,19732900,0.0,0.0
2018-12-24 00:00:00-05:00,127.30000305175781,128.0,121.0,122.83999633789062,103.17244720458984,7531900,0.0,0.0
2018-12-26 00:00:00-05:00,123.41999816894531,126.76000213623047,122.01000213623047,126.70999908447266,106.4228515625,9253000,0.0,0.0
2018-12-27 00:00:00-05:00,125.87000274658203,127.41000366210938,123.06999969482422,127.41000366210938,107.01079559326172,9918700,0.0,0.0
2018-12-28 00:00:00-05:00,127.91000366210938,128.75,126.75,127.2699966430664,106.89318084716797,6537200,0.0,0.0
2018-12-31 00:00:00-05:00,128.17999267578125,129.5500030517578,127.41999816894531,129.0500030517578,108.38819122314453,7409900,0.0,0.0
