Date,Open,High,Low,Close,Adj Close,Volume,Dividends,Stock Splits
2014-01-02 00:00:00-05:00,58.310001373291016,58.5,57.970001220703125,58.209999084472656,42.79932403564453,15627600,0.38,0.0
2014-01-03 00:00:00-05:00,58.290000915527344,58.95000076293945,58.209999084472656,58.65999984741211,43.130191802978516,14214100,0.0,0.0
2014-01-06 00:00:00-05:00,59.15999984741211,59.470001220703125,58.83000183105469,59.0,43.38018798828125,17550700,0.0,0.0
2014-01-07 00:00:00-05:00,59.290000915527344,59.43000030517578,58.11000061035156,58.31999969482422,42.880210876464844,17851200,0.0,0.0
2014-01-08 00:00:00-05:00,58.540000915527344,58.90999984741211,58.29999923706055,58.869998931884766,43.28459548950195,14687400,0.0,0.0
2014-01-09 00:00:00-05:00,58.97999954223633,59.0,58.33000183105469,58.7599983215332,43.20371627807617,13242500,0.0,0.0
2014-01-10 00:00:00-05:00,58.66999816894531,58.7599983215332,58.18000030517578,58.4900016784668,43.00520706176758,12694900,0.0,0.0
2014-01-13 00:00:00-05:00,58.5099983215332,58.66999816894531,57.529998779296875,57.70000076293945,42.42435836791992,20711600,0.0,0.0
2014-01-14 00:00:00-05:00,58.29999923706055,58.58000183105469,57.560001373291016,57.7400016784668,42.453765869140625,30272400,0.0,0.0
2014-01-15 00:00:00-05:00,57.72999954223633,59.650001525878906,57.72999954223633,59.4900016784668,43.74045944213867,35186600,0.0,0.0
2014-01-16 00:00:00-05:00,58.790000915527344,59.81999969482422,58.7400016784668,58.9900016784668,43.372833251953125,21689400,0.0,0.0
2014-01-17 00:00:00-05:00,59.209999084472656,59.22999954223633,58.029998779296875,58.11000061035156,42.725807189941406,20997900,0.0,0.0
2014-01-21 00:00:00-05:00,58.09000015258789,58.439998626708984,57.58000183105469,58.16999816894531,42.769920349121094,19548300,0.0,0.0
2014-01-22 00:00:00-05:00,58.33000183105469,58.33000183105469,57.41999816894531,57.59000015258789,42.34347152709961,15433500,0.0,0.0
2014-01-23 00:00:00-05:00,57.09000015258789,57.099998474121094,56.209999084472656,56.470001220703125,41.51997375488281,26234600,0.0,0.0
2014-01-24 00:00:00-05:00,56.0,56.36000061035156,55.09000015258789,55.09000015258789,40.50532150268555,26833100,0.0,0.0
2014-01-27 00:00:00-05:00,55.08000183105469,55.79999923706055,54.689998626708984,55.09000015258789,40.50532150268555,23935000,0.0,0.0
2014-01-28 00:00:00-05:00,55.38999938964844,56.34000015258789,55.2400016784668,55.7400016784668,40.983245849609375,18041000,0.0,0.0
2014-01-29 00:00:00-05:00,54.959999084472656,55.869998931884766,54.849998474121094,55.529998779296875,40.82883834838867,25459000,0.0,0.0
2014-01-30 00:00:00-05:00,56.06999969482422,56.38999938964844,55.630001068115234,56.0,41.17440414428711,17031100,0.0,0.0
2014-01-31 00:00:00-05:00,55.5,56.11000061035156,55.18000030517578,55.36000061035156,40.70386505126953,18174000,0.0,0.0
2014-02-03 00:00:00-05:00,55.5,55.91999816894531,54.20000076293945,54.310001373291016,39.93183517456055,28549900,0.0,0.0
2014-02-04 00:00:00-05:00,54.720001220703125,55.349998474121094,54.599998474121094,54.95000076293945,40.40239715576172,20709300,0.0,0.0
2014-02-05 00:00:00-05:00,55.099998474121094,55.45000076293945,54.58000183105469,55.209999084472656,40.59355545043945,19491600,0.0,0.0
2014-02-06 00:00:00-05:00,55.349998474121094,56.54999923706055,55.20000076293945,56.47999954223633,41.5273323059082,20881600,0.0,0.0
2014-02-07 00:00:00-05:00,56.650001525878906,56.93000030517578,56.2599983215332,56.619998931884766,41.63026428222656,23388500,0.0,0.0
2014-02-10 00:00:00-05:00,56.77000045776367,56.91999816894531,56.38999938964844,56.7400016784668,41.718502044677734,14715200,0.0,0.0
2014-02-11 00:00:00-05:00,56.61000061035156,57.56999969482422,56.58000183105469,57.43000030517578,42.225826263427734,18774100,0.0,0.0
2014-02-12 00:00:00-05:00,57.34000015258789,57.709999084472656,57.15999984741211,57.52000045776367,42.29199981689453,13437900,0.0,0.0
2014-02-13 00:00:00-05:00,57.06999969482422,58.099998474121094,56.959999084472656,58.029998779296875,42.66698455810547,16605500,0.0,0.0
2014-02-14 00:00:00-05:00,57.88999938964844,58.22999954223633,57.75,58.150001525878906,42.75521469116211,13067300,0.0,0.0
2014-02-18 00:00:00-05:00,58.02000045776367,58.650001525878906,57.900001525878906,58.4900016784668,43.00520706176758,14983800,0.0,0.0
2014-02-19 00:00:00-05:00,58.36000061035156,58.540000915527344,57.220001220703125,57.2599983215332,42.10083770751953,18669900,0.0,0.0
2014-02-20 00:00:00-05:00,57.529998779296875,57.970001220703125,57.27000045776367,57.58000183105469,42.33612060546875,12457000,0.0,0.0
2014-02-21 00:00:00-05:00,57.59000015258789,57.84000015258789,57.369998931884766,57.61000061035156,42.358177185058594,16790100,0.0,0.0
2014-02-24 00:00:00-05:00,57.619998931884766,58.22999954223633,57.58000183105469,58.029998779296875,42.66698455810547,16151400,0.0,0.0
2014-02-25 00:00:00-05:00,57.900001525878906,57.97999954223633,56.91999816894531,57.029998779296875,41.93172836303711,17991800,0.0,0.0
2014-02-26 00:00:00-05:00,57.369998931884766,57.380001068115234,56.220001220703125,56.75,41.72585678100586,23661700,0.0,0.0
2014-02-27 00:00:00-05:00,56.779998779296875,56.88999938964844,56.13999938964844,56.689998626708984,41.68172836303711,16277500,0.0,0.0
2014-02-28 00:00:00-05:00,56.56999969482422,57.45000076293945,56.38999938964844,56.81999969482422,41.777313232421875,18599000,0.0,0.0
2014-03-03 00:00:00-05:00,56.29999923706055,56.41999816894531,55.689998626708984,56.209999084472656,41.32883071899414,19151000,0.0,0.0
2014-03-04 00:00:00-05:00,56.95000076293945,57.36000061035156,56.63999938964844,57.2599983215332,42.10083770751953,17157000,0.0,0.0
2014-03-05 00:00:00-05:00,57.47999954223633,58.290000915527344,57.36000061035156,58.15999984741211,42.762569427490234,17761500,0.0,0.0
2014-03-06 00:00:00-05:00,58.5099983215332,59.09000015258789,58.400001525878906,58.900001525878906,43.30665969848633,19420600,0.0,0.0
2014-03-07 00:00:00-05:00,59.349998474121094,59.79999923706055,59.06999969482422,59.400001525878906,43.67429733276367,18602200,0.0,0.0
2014-03-10 00:00:00-04:00,59.13999938964844,59.47999954223633,58.869998931884766,59.20000076293945,43.52724075317383,16945200,0.0,0.0
2014-03-11 00:00:00-04:00,59.41999816894531,59.45000076293945,58.130001068115234,58.189998626708984,42.78462219238281,19420000,0.0,0.0
2014-03-12 00:00:00-04:00,57.70000076293945,57.959999084472656,57.41999816894531,57.91999816894531,42.58611297607422,17932100,0.0,0.0
2014-03-13 00:00:00-04:00,58.0,58.34000015258789,57.189998626708984,57.41999816894531,42.218475341796875,17192500,0.0,0.0
2014-03-14 00:00:00-04:00,57.11000061035156,57.529998779296875,56.619998931884766,56.79999923706055,41.76262283325195,18635800,0.0,0.0
2014-03-17 00:00:00-04:00,57.209999084472656,57.70000076293945,57.04999923706055,57.58000183105469,42.33612060546875,13581400,0.0,0.0
2014-03-18 00:00:00-04:00,57.81999969482422,58.15999984741211,57.619998931884766,58.060001373291016,42.68905258178711,12554800,0.0,0.0
2014-03-19 00:00:00-04:00,57.9900016784668,58.93000030517578,57.88999938964844,58.29999923706055,42.865509033203125,21450700,0.0,0.0
2014-03-20 00:00:00-04:00,58.36000061035156,60.4900016784668,58.130001068115234,60.11000061035156,44.19632339477539,33736500,0.0,0.0
2014-03-21 00:00:00-04:00,60.959999084472656,61.20000076293945,60.0,60.16999816894531,44.24044418334961,35144100,0.0,0.0
2014-03-24 00:00:00-04:00,60.369998931884766,61.189998626708984,60.349998474121094,61.06999969482422,44.902164459228516,25810500,0.0,0.0
2014-03-25 00:00:00-04:00,61.11000061035156,61.47999954223633,60.560001373291016,60.93000030517578,44.79922866821289,24053500,0.0,0.0
2014-03-26 00:00:00-04:00,61.2400016784668,61.400001525878906,59.88999938964844,59.900001525878906,44.04191970825195,22745200,0.0,0.0
2014-03-27 00:00:00-04:00,59.939998626708984,60.54999923706055,59.02000045776367,59.91999816894531,44.05662155151367,24632600,0.0,0.0
2014-03-28 00:00:00-04:00,60.209999084472656,60.59000015258789,59.68000030517578,60.040000915527344,44.14483642578125,14708700,0.0,0.0
2014-03-31 00:00:00-04:00,60.83000183105469,61.02000045776367,60.599998474121094,60.709999084472656,44.637481689453125,15216700,0.0,0.0
2014-04-01 00:00:00-04:00,60.95000076293945,61.290000915527344,60.369998931884766,60.66999816894531,44.60806655883789,14584400,0.0,0.0
2014-04-02 00:00:00-04:00,60.369998931884766,60.77000045776367,60.20000076293945,60.47999954223633,44.74864196777344,14012200,0.38,0.0
2014-04-03 00:00:00-04:00,60.650001525878906,60.79999923706055,60.279998779296875,60.65999984741211,44.88182830810547,11925200,0.0,0.0
2014-04-04 00:00:00-04:00,61.02000045776367,61.060001373291016,59.79999923706055,59.810001373291016,44.252933502197266,16966900,0.0,0.0
2014-04-07 00:00:00-04:00,59.689998626708984,60.0,58.84000015258789,59.0,43.653602600097656,18685700,0.0,0.0
2014-04-08 00:00:00-04:00,58.79999923706055,59.02000045776367,58.25,58.849998474121094,43.54262161254883,16956500,0.0,0.0
2014-04-09 00:00:00-04:00,59.099998474121094,59.45000076293945,58.5,59.27000045776367,43.85337829589844,15308400,0.0,0.0
2014-04-10 00:00:00-04:00,59.349998474121094,59.38999938964844,57.380001068115234,57.400001525878906,42.46977233886719,29977200,0.0,0.0
2014-04-11 00:00:00-04:00,55.18000030517578,56.04999923706055,54.54999923706055,55.29999923706055,40.91600036621094,47241300,0.0,0.0
2014-04-14 00:00:00-04:00,55.849998474121094,55.939998626708984,54.47999954223633,54.959999084472656,40.664432525634766,31081500,0.0,0.0
2014-04-15 00:00:00-04:00,55.09000015258789,55.63999938964844,54.349998474121094,54.79999923706055,40.546058654785156,26691400,0.0,0.0
2014-04-16 00:00:00-04:00,55.0,55.349998474121094,54.689998626708984,55.2599983215332,40.88640594482422,27049400,0.0,0.0
2014-04-17 00:00:00-04:00,55.34000015258789,55.56999969482422,55.0099983215332,55.220001220703125,40.85681915283203,17955400,0.0,0.0
2014-04-21 00:00:00-04:00,55.2599983215332,55.40999984741211,54.9900016784668,55.029998779296875,40.716243743896484,12384800,0.0,0.0
2014-04-22 00:00:00-04:00,55.040000915527344,56.08000183105469,54.939998626708984,55.810001373291016,41.29335021972656,16257600,0.0,0.0
2014-04-23 00:00:00-04:00,55.79999923706055,56.119998931884766,55.560001373291016,56.04999923706055,41.47093200683594,11379000,0.0,0.0
2014-04-24 00:00:00-04:00,56.06999969482422,56.2599983215332,55.61000061035156,56.189998626708984,41.574501037597656,15360600,0.0,0.0
2014-04-25 00:00:00-04:00,56.310001373291016,56.349998474121094,55.63999938964844,55.70000076293945,41.21197509765625,15937700,0.0,0.0
2014-04-28 00:00:00-04:00,55.630001068115234,55.70000076293945,54.68000030517578,55.4900016784668,41.056583404541016,21394100,0.0,0.0
2014-04-29 00:00:00-04:00,55.72999954223633,56.310001373291016,55.56999969482422,56.099998474121094,41.50792694091797,13453400,0.0,0.0
2014-04-30 00:00:00-04:00,56.2400016784668,56.349998474121094,55.720001220703125,55.97999954223633,41.419124603271484,14388100,0.0,0.0
2014-05-01 00:00:00-04:00,55.91999816894531,56.189998626708984,55.5,55.720001220703125,41.22676086425781,12744600,0.0,0.0
2014-05-02 00:00:00-04:00,55.83000183105469,56.369998931884766,55.439998626708984,55.58000183105469,41.12317657470703,15153800,0.0,0.0
2014-05-05 00:00:00-04:00,53.880001068115234,54.7400016784668,53.70000076293945,54.220001220703125,40.11691665649414,25232300,0.0,0.0
2014-05-06 00:00:00-04:00,54.040000915527344,54.060001373291016,53.31999969482422,53.34000015258789,39.46583557128906,25327400,0.0,0.0
2014-05-07 00:00:00-04:00,53.54999923706055,54.119998931884766,53.2400016784668,54.04999923706055,39.99113464355469,18502600,0.0,0.0
2014-05-08 00:00:00-04:00,54.20000076293945,54.529998779296875,54.060001373291016,54.36000061035156,40.22050094604492,16090800,0.0,0.0
2014-05-09 00:00:00-04:00,54.220001220703125,54.310001373291016,53.68000030517578,54.0099983215332,39.9615478515625,12366500,0.0,0.0
2014-05-12 00:00:00-04:00,54.27000045776367,54.70000076293945,54.029998779296875,54.650001525878906,40.435081481933594,12825500,0.0,0.0
2014-05-13 00:00:00-04:00,54.7400016784668,54.83000183105469,54.5,54.619998931884766,40.41287612915039,12310700,0.0,0.0
2014-05-14 00:00:00-04:00,54.63999938964844,54.70000076293945,54.29999923706055,54.36000061035156,40.22050094604492,10325800,0.0,0.0
2014-05-15 00:00:00-04:00,54.20000076293945,54.20000076293945,53.349998474121094,53.5099983215332,39.59158706665039,19763000,0.0,0.0
2014-05-16 00:00:00-04:00,53.41999816894531,53.5099983215332,52.970001220703125,53.310001373291016,39.44361114501953,19992400,0.0,0.0
2014-05-19 00:00:00-04:00,53.08000183105469,53.90999984741211,53.060001373291016,53.83000183105469,39.828369140625,12068900,0.0,0.0
2014-05-20 00:00:00-04:00,53.720001220703125,54.040000915527344,53.40999984741211,53.720001220703125,39.746971130371094,16888200,0.0,0.0
2014-05-21 00:00:00-04:00,54.04999923706055,54.599998474121094,53.97999954223633,54.119998931884766,40.04291915893555,13210200,0.0,0.0
2014-05-22 00:00:00-04:00,54.16999816894531,54.599998474121094,54.02000045776367,54.54999923706055,40.36107635498047,11800900,0.0,0.0
2014-05-23 00:00:00-04:00,54.54999923706055,54.59000015258789,54.15999984741211,54.529998779296875,40.34628677368164,10876500,0.0,0.0
2014-05-27 00:00:00-04:00,54.75,55.43000030517578,54.689998626708984,55.13999938964844,40.7976188659668,14503700,0.0,0.0
2014-05-28 00:00:00-04:00,55.09000015258789,55.599998474121094,55.0,55.45000076293945,41.0269889831543,11374900,0.0,0.0
2014-05-29 00:00:00-04:00,55.75,55.91999816894531,55.38999938964844,55.720001220703125,41.22676086425781,11741000,0.0,0.0
2014-05-30 00:00:00-04:00,55.58000183105469,55.880001068115234,55.310001373291016,55.56999969482422,41.11576843261719,11991900,0.0,0.0
2014-06-02 00:00:00-04:00,55.650001525878906,55.650001525878906,55.02000045776367,55.349998474121094,40.95298767089844,9440000,0.0,0.0
2014-06-03 00:00:00-04:00,55.09000015258789,55.65999984741211,55.09000015258789,55.599998474121094,41.13796615600586,9131500,0.0,0.0
2014-06-04 00:00:00-04:00,55.52000045776367,55.72999954223633,55.25,55.68000030517578,41.19716262817383,9727800,0.0,0.0
2014-06-05 00:00:00-04:00,55.90999984741211,56.65999984741211,55.4900016784668,56.630001068115234,41.90005111694336,16803400,0.0,0.0
2014-06-06 00:00:00-04:00,56.7599983215332,57.130001068115234,56.650001525878906,56.970001220703125,42.15163040161133,15399800,0.0,0.0
2014-06-09 00:00:00-04:00,56.90999984741211,57.66999816894531,56.900001525878906,57.41999816894531,42.48456573486328,11999700,0.0,0.0
2014-06-10 00:00:00-04:00,57.470001220703125,57.939998626708984,57.38999938964844,57.900001525878906,42.839717864990234,11609200,0.0,0.0
2014-06-11 00:00:00-04:00,57.47999954223633,57.790000915527344,56.97999954223633,57.27000045776367,42.373592376708984,14232200,0.0,0.0
2014-06-12 00:00:00-04:00,57.06999969482422,57.41999816894531,56.869998931884766,57.040000915527344,42.20341110229492,11670200,0.0,0.0
2014-06-13 00:00:00-04:00,57.029998779296875,57.66999816894531,56.880001068115234,57.040000915527344,42.20341110229492,12040800,0.0,0.0
2014-06-16 00:00:00-04:00,56.849998474121094,56.95000076293945,56.33000183105469,56.869998931884766,42.0776252746582,11199100,0.0,0.0
2014-06-17 00:00:00-04:00,56.790000915527344,57.59000015258789,56.68000030517578,57.41999816894531,42.48456573486328,11200500,0.0,0.0
2014-06-18 00:00:00-04:00,57.290000915527344,57.810001373291016,56.95000076293945,57.779998779296875,42.75092697143555,13729400,0.0,0.0
2014-06-19 00:00:00-04:00,57.689998626708984,57.689998626708984,57.209999084472656,57.29999923706055,42.39579391479492,11624400,0.0,0.0
2014-06-20 00:00:00-04:00,57.689998626708984,57.77000045776367,57.349998474121094,57.54999923706055,42.58076095581055,17124800,0.0,0.0
2014-06-23 00:00:00-04:00,57.540000915527344,58.220001220703125,57.2400016784668,58.189998626708984,43.05429458618164,16007700,0.0,0.0
2014-06-24 00:00:00-04:00,57.880001068115234,58.119998931884766,57.29999923706055,57.41999816894531,42.48456573486328,12322900,0.0,0.0
2014-06-25 00:00:00-04:00,57.220001220703125,57.7400016784668,56.869998931884766,57.529998779296875,42.56596755981445,14836600,0.0,0.0
2014-06-26 00:00:00-04:00,57.34000015258789,57.4900016784668,56.599998474121094,57.38999938964844,42.46237564086914,11854400,0.0,0.0
2014-06-27 00:00:00-04:00,57.33000183105469,57.70000076293945,57.2400016784668,57.529998779296875,42.56596755981445,10178600,0.0,0.0
2014-06-30 00:00:00-04:00,57.439998626708984,57.779998779296875,57.380001068115234,57.619998931884766,42.63254928588867,11549000,0.0,0.0
2014-07-01 00:00:00-04:00,57.150001525878906,57.9900016784668,57.08000183105469,57.56999969482422,42.89332962036133,14472200,0.4,0.0
2014-07-02 00:00:00-04:00,57.27000045776367,57.47999954223633,56.81999969482422,56.970001220703125,42.44630432128906,19189900,0.0,0.0
2014-07-03 00:00:00-04:00,57.22999954223633,57.650001525878906,57.0,57.04999923706055,42.50589370727539,12599800,0.0,0.0
2014-07-07 00:00:00-04:00,56.88999938964844,56.9900016784668,56.400001525878906,56.66999816894531,42.22274398803711,13916100,0.0,0.0
2014-07-08 00:00:00-04:00,56.349998474121094,56.470001220703125,55.630001068115234,55.7599983215332,41.544761657714844,18343400,0.0,0.0
2014-07-09 00:00:00-04:00,55.880001068115234,56.119998931884766,55.61000061035156,56.02000045776367,41.73847198486328,10914300,0.0,0.0
2014-07-10 00:00:00-04:00,55.060001373291016,55.810001373291016,54.959999084472656,55.560001373291016,41.395755767822266,12436600,0.0,0.0
2014-07-11 00:00:00-04:00,55.290000915527344,55.90999984741211,55.189998626708984,55.79999923706055,41.57456970214844,10230000,0.0,0.0
2014-07-14 00:00:00-04:00,56.529998779296875,56.84000015258789,56.20000076293945,56.290000915527344,41.93964385986328,14004400,0.0,0.0
2014-07-15 00:00:00-04:00,57.95000076293945,58.689998626708984,57.7599983215332,58.27000045776367,43.414859771728516,36178000,0.0,0.0
2014-07-16 00:00:00-04:00,58.5099983215332,58.97999954223633,58.310001373291016,58.709999084472656,43.74269104003906,20507500,0.0,0.0
2014-07-17 00:00:00-04:00,58.560001373291016,58.86000061035156,57.7599983215332,57.86000061035156,43.10939407348633,17013500,0.0,0.0
2014-07-18 00:00:00-04:00,58.33000183105469,58.47999954223633,57.900001525878906,58.22999954223633,43.385066986083984,12803300,0.0,0.0
2014-07-21 00:00:00-04:00,58.119998931884766,58.40999984741211,57.900001525878906,58.2400016784668,43.39253234863281,9141400,0.0,0.0
2014-07-22 00:00:00-04:00,58.41999816894531,58.79999923706055,58.369998931884766,58.66999816894531,43.71290588378906,10375200,0.0,0.0
2014-07-23 00:00:00-04:00,58.7599983215332,59.189998626708984,58.52000045776367,59.0,43.958763122558594,11122100,0.0,0.0
2014-07-24 00:00:00-04:00,59.06999969482422,59.349998474121094,58.9900016784668,59.16999816894531,44.085418701171875,9844100,0.0,0.0
2014-07-25 00:00:00-04:00,58.91999816894531,59.27000045776367,58.84000015258789,59.0099983215332,43.966224670410156,10500600,0.0,0.0
2014-07-28 00:00:00-04:00,58.939998626708984,59.2599983215332,58.66999816894531,59.189998626708984,44.10032272338867,12382800,0.0,0.0
2014-07-29 00:00:00-04:00,59.130001068115234,59.130001068115234,58.439998626708984,58.63999938964844,43.69053268432617,13498800,0.0,0.0
2014-07-30 00:00:00-04:00,59.02000045776367,59.279998779296875,58.61000061035156,58.90999984741211,43.8917121887207,11815700,0.0,0.0
2014-07-31 00:00:00-04:00,58.650001525878906,58.68000030517578,57.65999984741211,57.66999816894531,42.96782684326172,15955900,0.0,0.0
2014-08-01 00:00:00-04:00,57.38999938964844,57.4900016784668,55.970001220703125,56.47999954223633,42.08119583129883,23915400,0.0,0.0
2014-08-04 00:00:00-04:00,56.90999984741211,56.97999954223633,56.34000015258789,56.650001525878906,42.207862854003906,13543900,0.0,0.0
2014-08-05 00:00:00-04:00,56.43000030517578,56.599998474121094,55.599998474121094,56.060001373291016,41.76828384399414,16863300,0.0,0.0
2014-08-06 00:00:00-04:00,55.88999938964844,56.689998626708984,55.83000183105469,56.22999954223633,41.89493942260742,12190600,0.0,0.0
2014-08-07 00:00:00-04:00,56.630001068115234,56.689998626708984,55.68000030517578,55.90999984741211,41.656524658203125,11743800,0.0,0.0
2014-08-08 00:00:00-04:00,55.88999938964844,56.36000061035156,55.63999938964844,56.34000015258789,41.976890563964844,12213200,0.0,0.0
2014-08-11 00:00:00-04:00,56.540000915527344,56.58000183105469,56.16999816894531,56.31999969482422,41.961997985839844,9066800,0.0,0.0
2014-08-12 00:00:00-04:00,56.22999954223633,56.54999923706055,56.130001068115234,56.349998474121094,41.98435974121094,11289600,0.0,0.0
2014-08-13 00:00:00-04:00,56.689998626708984,56.84000015258789,56.5099983215332,56.720001220703125,42.26002502441406,7012600,0.0,0.0
2014-08-14 00:00:00-04:00,56.77000045776367,57.0,56.70000076293945,56.97999954223633,42.453731536865234,8275900,0.0,0.0
2014-08-15 00:00:00-04:00,57.2400016784668,57.5,56.38999938964844,56.75,42.282379150390625,12727400,0.0,0.0
2014-08-18 00:00:00-04:00,56.86000061035156,57.43000030517578,56.7599983215332,57.22999954223633,42.63999938964844,8881400,0.0,0.0
2014-08-19 00:00:00-04:00,57.599998474121094,57.720001220703125,57.34000015258789,57.560001373291016,42.88587188720703,9040500,0.0,0.0
2014-08-20 00:00:00-04:00,57.41999816894531,57.849998474121094,57.38999938964844,57.63999938964844,42.94548034667969,8121400,0.0,0.0
2014-08-21 00:00:00-04:00,57.65999984741211,58.77000045776367,57.599998474121094,58.5,43.586238861083984,12745500,0.0,0.0
2014-08-22 00:00:00-04:00,58.439998626708984,59.08000183105469,58.33000183105469,58.4900016784668,43.57877731323242,10228600,0.0,0.0
2014-08-25 00:00:00-04:00,58.97999954223633,59.83000183105469,58.86000061035156,59.34000015258789,44.21208572387695,13996800,0.0,0.0
2014-08-26 00:00:00-04:00,59.56999969482422,59.95000076293945,59.38999938964844,59.7400016784668,44.510108947753906,10281100,0.0,0.0
2014-08-27 00:00:00-04:00,59.849998474121094,59.95000076293945,59.529998779296875,59.59000015258789,44.39834976196289,11410900,0.0,0.0
2014-08-28 00:00:00-04:00,59.25,59.369998931884766,58.810001373291016,59.15999984741211,44.07798767089844,9096100,0.0,0.0
2014-08-29 00:00:00-04:00,59.34000015258789,59.650001525878906,59.22999954223633,59.45000076293945,44.29404067993164,8897900,0.0,0.0
2014-09-02 00:00:00-04:00,59.459999084472656,59.709999084472656,59.150001525878906,59.66999816894531,44.45796585083008,8671100,0.0,0.0
2014-09-03 00:00:00-04:00,60.02000045776367,60.369998931884766,59.459999084472656,59.70000076293945,44.480316162109375,11791800,0.0,0.0
2014-09-04 00:00:00-04:00,59.630001068115234,60.13999938964844,59.43000030517578,59.709999084472656,44.4877815246582,9811900,0.0,0.0
2014-09-05 00:00:00-04:00,59.619998931884766,59.90999984741211,59.220001220703125,59.90999984741211,44.63678741455078,9600900,0.0,0.0
2014-09-08 00:00:00-04:00,59.84000015258789,60.220001220703125,59.7400016784668,59.88999938964844,44.621864318847656,8090000,0.0,0.0
2014-09-09 00:00:00-04:00,59.630001068115234,59.68000030517578,58.779998779296875,59.060001373291016,44.00347900390625,14868700,0.0,0.0
2014-09-10 00:00:00-04:00,59.150001525878906,59.560001373291016,58.91999816894531,59.220001220703125,44.122676849365234,9153800,0.0,0.0
2014-09-11 00:00:00-04:00,59.18000030517578,59.84000015258789,58.970001220703125,59.7599983215332,44.52501678466797,11467000,0.0,0.0
2014-09-12 00:00:00-04:00,59.79999923706055,60.40999984741211,59.75,60.029998779296875,44.72617721557617,14359100,0.0,0.0
2014-09-15 00:00:00-04:00,59.779998779296875,59.9900016784668,59.45000076293945,59.939998626708984,44.65912628173828,10685600,0.0,0.0
2014-09-16 00:00:00-04:00,59.709999084472656,60.20000076293945,59.619998931884766,59.9900016784668,44.696380615234375,10947900,0.0,0.0
2014-09-17 00:00:00-04:00,59.95000076293945,60.59000015258789,59.81999969482422,60.310001373291016,44.934810638427734,15091800,0.0,0.0
2014-09-18 00:00:00-04:00,60.540000915527344,61.400001525878906,60.540000915527344,61.31999969482422,45.687320709228516,16973700,0.0,0.0
2014-09-19 00:00:00-04:00,61.7400016784668,61.849998474121094,60.97999954223633,61.11000061035156,45.53086853027344,18739300,0.0,0.0
2014-09-22 00:00:00-04:00,60.939998626708984,61.45000076293945,60.79999923706055,60.90999984741211,45.38185501098633,13225200,0.0,0.0
2014-09-23 00:00:00-04:00,60.81999969482422,61.400001525878906,60.77000045776367,60.939998626708984,45.40419387817383,14328800,0.0,0.0
2014-09-24 00:00:00-04:00,61.18000030517578,61.63999938964844,61.02000045776367,61.630001068115234,45.91828918457031,13728200,0.0,0.0
2014-09-25 00:00:00-04:00,61.4900016784668,61.5,60.150001525878906,60.150001525878906,44.815589904785156,16340100,0.0,0.0
2014-09-26 00:00:00-04:00,60.33000183105469,60.880001068115234,60.31999969482422,60.560001373291016,45.12107467651367,11948900,0.0,0.0
2014-09-29 00:00:00-04:00,60.029998779296875,60.5,59.72999954223633,60.33000183105469,44.949703216552734,10686500,0.0,0.0
2014-09-30 00:00:00-04:00,60.400001525878906,60.7400016784668,60.130001068115234,60.2400016784668,44.882652282714844,14384800,0.0,0.0
2014-10-01 00:00:00-04:00,60.2400016784668,60.400001525878906,59.72999954223633,59.77000045776367,44.532470703125,18995800,0.0,0.0
2014-10-02 00:00:00-04:00,59.150001525878906,59.4900016784668,58.61000061035156,58.84000015258789,44.13492202758789,24559100,0.4,0.0
2014-10-03 00:00:00-04:00,59.25,60.38999938964844,59.04999923706055,60.29999923706055,45.23004150390625,18321100,0.0,0.0
2014-10-06 00:00:00-04:00,60.779998779296875,60.79999923706055,60.0,60.18000030517578,45.14004135131836,11578000,0.0,0.0
2014-10-07 00:00:00-04:00,59.91999816894531,59.91999816894531,59.189998626708984,59.27000045776367,44.457462310791016,14542000,0.0,0.0
2014-10-08 00:00:00-04:00,59.36000061035156,60.43000030517578,59.18000030517578,60.400001525878906,45.3050537109375,15834100,0.0,0.0
2014-10-09 00:00:00-04:00,60.33000183105469,60.33000183105469,58.88999938964844,59.08000183105469,44.314937591552734,19189500,0.0,0.0
2014-10-10 00:00:00-04:00,59.029998779296875,59.81999969482422,58.5099983215332,58.52000045776367,43.89488220214844,16689400,0.0,0.0
2014-10-13 00:00:00-04:00,58.5,59.150001525878906,58.11000061035156,58.15999984741211,43.62485885620117,17169300,0.0,0.0
2014-10-14 00:00:00-04:00,56.689998626708984,58.52000045776367,56.060001373291016,57.9900016784668,43.497344970703125,29096800,0.0,0.0
2014-10-15 00:00:00-04:00,57.02000045776367,57.380001068115234,54.2599983215332,55.529998779296875,41.65215301513672,37866900,0.0,0.0
2014-10-16 00:00:00-04:00,54.75,55.97999954223633,54.279998779296875,55.08000183105469,41.314605712890625,31965100,0.0,0.0
2014-10-17 00:00:00-04:00,55.72999954223633,56.779998779296875,55.56999969482422,56.20000076293945,42.15469741821289,20183500,0.0,0.0
2014-10-20 00:00:00-04:00,56.099998474121094,56.75,56.06999969482422,56.630001068115234,42.477237701416016,10807600,0.0,0.0
2014-10-21 00:00:00-04:00,57.22999954223633,58.0099983215332,57.08000183105469,57.93000030517578,43.452354431152344,14020400,0.0,0.0
2014-10-22 00:00:00-04:00,58.040000915527344,58.2599983215332,57.439998626708984,57.45000076293945,43.092308044433594,13750700,0.0,0.0
2014-10-23 00:00:00-04:00,58.119998931884766,58.599998474121094,57.939998626708984,58.060001373291016,43.549861907958984,12641900,0.0,0.0
2014-10-24 00:00:00-04:00,58.0,58.779998779296875,58.0,58.7400016784668,44.05991744995117,13758000,0.0,0.0
2014-10-27 00:00:00-04:00,58.45000076293945,58.790000915527344,58.25,58.63999938964844,43.98490905761719,11087100,0.0,0.0
2014-10-28 00:00:00-04:00,58.869998931884766,59.689998626708984,58.810001373291016,59.630001068115234,44.72747802734375,13625000,0.0,0.0
2014-10-29 00:00:00-04:00,59.619998931884766,59.779998779296875,58.7599983215332,59.290000915527344,44.47245788574219,16712100,0.0,0.0
2014-10-30 00:00:00-04:00,58.939998626708984,59.68000030517578,58.91999816894531,59.38999938964844,44.54746627807617,14709800,0.0,0.0
2014-10-31 00:00:00-04:00,60.119998931884766,60.540000915527344,59.869998931884766,60.47999954223633,45.36506652832031,18347600,0.0,0.0
2014-11-03 00:00:00-05:00,60.790000915527344,61.150001525878906,60.36000061035156,60.880001068115234,45.66510009765625,11841200,0.0,0.0
2014-11-04 00:00:00-05:00,60.2400016784668,60.369998931884766,59.41999816894531,60.25,45.19253921508789,15295800,0.0,0.0
2014-11-05 00:00:00-05:00,60.79999923706055,61.22999954223633,60.38999938964844,61.150001525878906,45.86761474609375,14063800,0.0,0.0
2014-11-06 00:00:00-05:00,61.08000183105469,61.310001373291016,60.630001068115234,61.22999954223633,45.92762756347656,10421600,0.0,0.0
2014-11-07 00:00:00-05:00,61.06999969482422,61.54999923706055,60.86000061035156,61.470001220703125,46.107643127441406,12384600,0.0,0.0
2014-11-10 00:00:00-05:00,61.25,61.93000030517578,61.20000076293945,61.93000030517578,46.45268630981445,10801000,0.0,0.0
2014-11-11 00:00:00-05:00,61.709999084472656,61.88999938964844,61.290000915527344,61.369998931884766,46.03263473510742,12539800,0.0,0.0
2014-11-12 00:00:00-05:00,60.41999816894531,60.84000015258789,60.22999954223633,60.560001373291016,45.42507553100586,17219600,0.0,0.0
2014-11-13 00:00:00-05:00,60.5,60.630001068115234,59.9900016784668,60.22999954223633,45.17753601074219,12240400,0.0,0.0
2014-11-14 00:00:00-05:00,60.25,60.619998931884766,60.18000030517578,60.279998779296875,45.21503829956055,6803400,0.0,0.0
2014-11-17 00:00:00-05:00,60.0,60.529998779296875,59.88999938964844,60.380001068115234,45.29004669189453,9017600,0.0,0.0
2014-11-18 00:00:00-05:00,60.349998474121094,60.81999969482422,60.20000076293945,60.529998779296875,45.40257263183594,8897800,0.0,0.0
2014-11-19 00:00:00-05:00,60.45000076293945,60.790000915527344,60.150001525878906,60.599998474121094,45.45506286621094,9210100,0.0,0.0
2014-11-20 00:00:00-05:00,60.20000076293945,60.25,59.75,60.119998931884766,45.09503936767578,10917300,0.0,0.0
2014-11-21 00:00:00-05:00,61.06999969482422,61.06999969482422,60.29999923706055,60.45000076293945,45.34255599975586,12340500,0.0,0.0
2014-11-24 00:00:00-05:00,60.70000076293945,61.310001373291016,60.70000076293945,60.959999084472656,45.72509765625,8335000,0.0,0.0
2014-11-25 00:00:00-05:00,61.15999984741211,61.15999984741211,59.95000076293945,60.29999923706055,45.23004150390625,14802600,0.0,0.0
2014-11-26 00:00:00-05:00,60.56999969482422,60.56999969482422,60.20000076293945,60.34000015258789,45.26005554199219,7626600,0.0,0.0
2014-11-28 00:00:00-05:00,60.400001525878906,60.560001373291016,60.029998779296875,60.15999984741211,45.12502670288086,6759600,0.0,0.0
2014-12-01 00:00:00-05:00,59.97999954223633,60.209999084472656,59.54999923706055,60.0,45.00502395629883,12771600,0.0,0.0
2014-12-02 00:00:00-05:00,60.0099983215332,61.189998626708984,60.0,61.08000183105469,45.81511306762695,12546600,0.0,0.0
2014-12-03 00:00:00-05:00,60.959999084472656,61.619998931884766,60.810001373291016,61.540000915527344,46.16015625,12115500,0.0,0.0
2014-12-04 00:00:00-05:00,61.099998474121094,61.56999969482422,60.84000015258789,61.380001068115234,46.04014587402344,11515200,0.0,0.0
2014-12-05 00:00:00-05:00,62.0099983215332,63.060001373291016,61.880001068115234,62.70000076293945,47.03025436401367,20071100,0.0,0.0
2014-12-08 00:00:00-05:00,62.599998474121094,63.15999984741211,62.2599983215332,62.66999816894531,47.00775146484375,15528200,0.0,0.0
2014-12-09 00:00:00-05:00,61.849998474121094,62.849998474121094,61.560001373291016,62.45000076293945,46.842716217041016,19676400,0.0,0.0
2014-12-10 00:00:00-05:00,62.15999984741211,62.2400016784668,60.369998931884766,60.68000030517578,45.51508331298828,29620600,0.0,0.0
2014-12-11 00:00:00-05:00,61.16999816894531,62.060001373291016,61.11000061035156,61.13999938964844,45.86011505126953,16886200,0.0,0.0
2014-12-12 00:00:00-05:00,60.529998779296875,61.220001220703125,59.959999084472656,60.040000915527344,45.03500747680664,17405400,0.0,0.0
2014-12-15 00:00:00-05:00,60.7400016784668,60.810001373291016,58.790000915527344,59.15999984741211,44.37494659423828,19209900,0.0,0.0
2014-12-16 00:00:00-05:00,58.41999816894531,59.86000061035156,58.11000061035156,58.43000030517578,43.82738494873047,20709700,0.0,0.0
2014-12-17 00:00:00-05:00,58.56999969482422,59.83000183105469,58.34000015258789,59.77000045776367,44.83250045776367,17856400,0.0,0.0
2014-12-18 00:00:00-05:00,60.63999938964844,61.47999954223633,60.439998626708984,61.47999954223633,46.115142822265625,18173400,0.0,0.0
2014-12-19 00:00:00-05:00,61.400001525878906,62.349998474121094,61.369998931884766,61.93000030517578,46.45268630981445,22756400,0.0,0.0
2014-12-22 00:00:00-05:00,62.15999984741211,62.33000183105469,61.61000061035156,61.939998626708984,46.46018981933594,17073400,0.0,0.0
2014-12-23 00:00:00-05:00,62.04999923706055,62.970001220703125,61.93000030517578,62.47999954223633,46.86522674560547,13552600,0.0,0.0
2014-12-24 00:00:00-05:00,62.7400016784668,62.869998931884766,62.27000045776367,62.47999954223633,46.86522674560547,7412500,0.0,0.0
2014-12-26 00:00:00-05:00,62.66999816894531,62.88999938964844,62.40999984741211,62.54999923706055,46.91773223876953,6086500,0.0,0.0
2014-12-29 00:00:00-05:00,62.41999816894531,63.34000015258789,62.25,62.959999084472656,47.22528076171875,10601200,0.0,0.0
2014-12-30 00:00:00-05:00,62.720001220703125,63.279998779296875,62.56999969482422,63.150001525878906,47.36777114868164,7518100,0.0,0.0
2014-12-31 00:00:00-05:00,63.29999923706055,63.4900016784668,62.58000183105469,62.58000183105469,46.940242767333984,18529400,0.0,0.0
2015-01-02 00:00:00-05:00,62.18000030517578,62.959999084472656,62.06999969482422,62.4900016784668,47.174251556396484,12600000,0.4,0.0
2015-01-05 00:00:00-05:00,62.060001373291016,62.279998779296875,60.22999954223633,60.54999923706055,45.70973205566406,20100600,0.0,0.0
2015-01-06 00:00:00-05:00,60.63999938964844,60.75,58.349998474121094,58.97999954223633,44.52452850341797,29074100,0.0,0.0
2015-01-07 00:00:00-05:00,59.88999938964844,59.88999938964844,58.66999816894531,59.06999969482422,44.59247589111328,23843200,0.0,0.0
2015-01-08 00:00:00-05:00,59.970001220703125,60.900001525878906,59.970001220703125,60.38999938964844,45.58894348144531,16971100,0.0,0.0
2015-01-09 00:00:00-05:00,60.720001220703125,60.790000915527344,59.290000915527344,59.34000015258789,44.79629135131836,15396200,0.0,0.0
2015-01-12 00:00:00-05:00,59.279998779296875,59.400001525878906,58.27000045776367,58.83000183105469,44.411285400390625,15455200,0.0,0.0
2015-01-13 00:00:00-05:00,59.2599983215332,59.70000076293945,58.369998931884766,58.84000015258789,44.4188346862793,21644700,0.0,0.0
2015-01-14 00:00:00-05:00,58.84000015258789,58.84000015258789,55.27000045776367,56.810001373291016,42.88637924194336,49602300,0.0,0.0
2015-01-15 00:00:00-05:00,55.72999954223633,56.61000061035156,54.5,54.9900016784668,41.51243591308594,42458100,0.0,0.0
2015-01-16 00:00:00-05:00,54.65999984741211,56.0,54.63999938964844,55.93000030517578,42.22206497192383,29368900,0.0,0.0
2015-01-20 00:00:00-05:00,56.040000915527344,56.38999938964844,55.41999816894531,55.709999084472656,42.05596923828125,23477700,0.0,0.0
2015-01-21 00:00:00-05:00,55.45000076293945,56.41999816894531,55.189998626708984,55.88999938964844,42.19184875488281,21842400,0.0,0.0
2015-01-22 00:00:00-05:00,56.380001068115234,57.72999954223633,55.959999084472656,57.59000015258789,43.47520065307617,31423500,0.0,0.0
2015-01-23 00:00:00-05:00,57.720001220703125,57.869998931884766,56.65999984741211,56.68000030517578,42.78824234008789,15458300,0.0,0.0
2015-01-26 00:00:00-05:00,56.40999984741211,56.9900016784668,56.20000076293945,56.77000045776367,42.85616683959961,12577700,0.0,0.0
2015-01-27 00:00:00-05:00,56.04999923706055,56.61000061035156,55.7599983215332,56.20000076293945,42.425872802734375,15220500,0.0,0.0
2015-01-28 00:00:00-05:00,56.619998931884766,56.68000030517578,54.75,54.75,41.33125686645508,24354400,0.0,0.0
2015-01-29 00:00:00-05:00,55.27000045776367,55.88999938964844,54.68000030517578,55.66999816894531,42.02578353881836,20393300,0.0,0.0
2015-01-30 00:00:00-05:00,54.9900016784668,55.5,54.369998931884766,54.380001068115234,41.05195617675781,26943700,0.0,0.0
2015-02-02 00:00:00-05:00,54.529998779296875,55.650001525878906,54.27000045776367,55.470001220703125,41.87479782104492,20308900,0.0,0.0
2015-02-03 00:00:00-05:00,55.90999984741211,56.779998779296875,55.869998931884766,56.720001220703125,42.81843185424805,18812500,0.0,0.0
2015-02-04 00:00:00-05:00,56.31999969482422,57.06999969482422,56.279998779296875,56.380001068115234,42.5617561340332,14934100,0.0,0.0
2015-02-05 00:00:00-05:00,56.86000061035156,57.040000915527344,56.459999084472656,56.77000045776367,42.85616683959961,11293900,0.0,0.0
2015-02-06 00:00:00-05:00,57.75,58.72999954223633,57.540000915527344,57.88999938964844,43.70166015625,25214000,0.0,0.0
2015-02-09 00:00:00-05:00,57.41999816894531,58.099998474121094,57.22999954223633,57.81999969482422,43.64882278442383,14372400,0.0,0.0
2015-02-10 00:00:00-05:00,58.41999816894531,58.709999084472656,58.04999923706055,58.459999084472656,44.13197708129883,16367300,0.0,0.0
2015-02-11 00:00:00-05:00,58.060001373291016,58.65999984741211,57.84000015258789,58.369998931884766,44.06403732299805,13061900,0.0,0.0
2015-02-12 00:00:00-05:00,58.93000030517578,59.709999084472656,58.54999923706055,59.56999969482422,44.96992874145508,23211300,0.0,0.0
2015-02-13 00:00:00-05:00,59.459999084472656,60.220001220703125,59.34000015258789,59.66999816894531,45.04541778564453,16479100,0.0,0.0
2015-02-17 00:00:00-05:00,59.36000061035156,60.13999938964844,59.31999969482422,60.099998474121094,45.37001419067383,15308800,0.0,0.0
2015-02-18 00:00:00-05:00,60.099998474121094,60.099998474121094,59.119998931884766,59.369998931884766,44.81894302368164,14278100,0.0,0.0
2015-02-19 00:00:00-05:00,59.150001525878906,59.47999954223633,58.79999923706055,59.22999954223633,44.7132568359375,11256500,0.0,0.0
2015-02-20 00:00:00-05:00,58.959999084472656,59.88999938964844,58.349998474121094,59.79999923706055,45.14353561401367,15379000,0.0,0.0
2015-02-23 00:00:00-05:00,59.5,59.529998779296875,58.79999923706055,59.349998474121094,44.803855895996094,16814000,0.0,0.0
2015-02-24 00:00:00-05:00,60.25,61.25,60.08000183105469,60.81999969482422,45.91355514526367,22937700,0.0,0.0
2015-02-25 00:00:00-05:00,60.7599983215332,61.27000045776367,60.75,61.13999938964844,46.15513229370117,18307900,0.0,0.0
2015-02-26 00:00:00-05:00,61.029998779296875,61.70000076293945,60.90999984741211,61.58000183105469,46.48728942871094,15444800,0.0,0.0
2015-02-27 00:00:00-05:00,61.130001068115234,61.91999816894531,61.130001068115234,61.279998779296875,46.26082229614258,15225900,0.0,0.0
2015-03-02 00:00:00-05:00,61.279998779296875,61.83000183105469,61.029998779296875,61.77000045776367,46.63072204589844,13047300,0.0,0.0
2015-03-03 00:00:00-05:00,61.650001525878906,61.9900016784668,61.5,61.970001220703125,46.78171157836914,13706900,0.0,0.0
2015-03-04 00:00:00-05:00,61.63999938964844,62.16999816894531,61.349998474121094,62.130001068115234,46.90249252319336,16625500,0.0,0.0
2015-03-05 00:00:00-05:00,62.20000076293945,62.22999954223633,61.599998474121094,62.0,46.80434799194336,10931300,0.0,0.0
2015-03-06 00:00:00-05:00,62.15999984741211,62.869998931884766,60.79999923706055,60.88999938964844,45.966400146484375,22719200,0.0,0.0
2015-03-09 00:00:00-04:00,60.84000015258789,61.630001068115234,60.79999923706055,61.5,46.42689895629883,13001500,0.0,0.0
2015-03-10 00:00:00-04:00,60.7599983215332,61.0099983215332,59.959999084472656,59.959999084472656,45.26433181762695,16357700,0.0,0.0
2015-03-11 00:00:00-04:00,60.130001068115234,60.650001525878906,59.959999084472656,60.2400016784668,45.47571563720703,13015600,0.0,0.0
2015-03-12 00:00:00-04:00,60.650001525878906,61.45000076293945,60.650001525878906,61.369998931884766,46.328758239746094,18159600,0.0,0.0
2015-03-13 00:00:00-04:00,61.400001525878906,61.86000061035156,60.43000030517578,61.0,46.0494384765625,16506200,0.0,0.0
2015-03-16 00:00:00-04:00,61.5,61.91999816894531,61.25,61.849998474121094,46.69110870361328,15182900,0.0,0.0
2015-03-17 00:00:00-04:00,61.34000015258789,61.65999984741211,60.91999816894531,61.61000061035156,46.50993728637695,11718300,0.0,0.0
2015-03-18 00:00:00-04:00,61.38999938964844,62.04999923706055,61.09000015258789,61.75,46.615623474121094,15697900,0.0,0.0
2015-03-19 00:00:00-04:00,61.56999969482422,61.650001525878906,60.7599983215332,61.20000076293945,46.20042419433594,11523800,0.0,0.0
2015-03-20 00:00:00-04:00,61.31999969482422,62.099998474121094,61.150001525878906,61.75,46.615623474121094,18368300,0.0,0.0
2015-03-23 00:00:00-04:00,61.75,62.08000183105469,61.119998931884766,61.13999938964844,46.15513229370117,15112900,0.0,0.0
2015-03-24 00:00:00-04:00,60.970001220703125,61.2400016784668,60.45000076293945,60.459999084472656,45.64179992675781,12128700,0.0,0.0
2015-03-25 00:00:00-04:00,60.529998779296875,60.63999938964844,59.59000015258789,59.61000061035156,45.00011444091797,14950900,0.0,0.0
2015-03-26 00:00:00-04:00,59.459999084472656,59.790000915527344,58.869998931884766,59.540000915527344,44.94727325439453,14039600,0.0,0.0
2015-03-27 00:00:00-04:00,59.4900016784668,59.779998779296875,59.0,59.54999923706055,44.95481872558594,11755800,0.0,0.0
2015-03-30 00:00:00-04:00,60.880001068115234,61.459999084472656,60.61000061035156,60.959999084472656,46.019248962402344,20656500,0.0,0.0
2015-03-31 00:00:00-04:00,60.720001220703125,60.939998626708984,60.41999816894531,60.58000183105469,45.732383728027344,17346700,0.0,0.0
2015-04-01 00:00:00-04:00,60.40999984741211,60.56999969482422,59.72999954223633,59.95000076293945,45.55760192871094,18100600,0.4,0.0
2015-04-02 00:00:00-04:00,60.06999969482422,60.70000076293945,60.0,60.52000045776367,45.990760803222656,12697800,0.0,0.0
2015-04-06 00:00:00-04:00,59.91999816894531,60.75,59.650001525878906,60.470001220703125,45.9527587890625,12025200,0.0,0.0
2015-04-07 00:00:00-04:00,61.150001525878906,61.5,60.849998474121094,60.849998474121094,46.24152374267578,11505500,0.0,0.0
2015-04-08 00:00:00-04:00,61.060001373291016,61.560001373291016,60.939998626708984,61.04999923706055,46.39351272583008,11734000,0.0,0.0
2015-04-09 00:00:00-04:00,61.27000045776367,61.58000183105469,60.83000183105469,61.470001220703125,46.71268081665039,11728500,0.0,0.0
2015-04-10 00:00:00-04:00,61.349998474121094,61.779998779296875,61.20000076293945,61.70000076293945,46.88747024536133,9869700,0.0,0.0
2015-04-13 00:00:00-04:00,61.63999938964844,62.27000045776367,61.5,62.06999969482422,47.168643951416016,15468700,0.0,0.0
2015-04-14 00:00:00-04:00,62.959999084472656,63.61000061035156,62.7400016784668,63.040000915527344,47.90576934814453,33775400,0.0,0.0
2015-04-15 00:00:00-04:00,63.08000183105469,64.4800033569336,63.0099983215332,64.20999908447266,48.79488754272461,28732200,0.0,0.0
2015-04-16 00:00:00-04:00,64.08000183105469,64.2699966430664,63.65999984741211,63.810001373291016,48.49091720581055,16640500,0.0,0.0
2015-04-17 00:00:00-04:00,63.25,63.400001525878906,62.4900016784668,62.84000015258789,47.753780364990234,20221200,0.0,0.0
2015-04-20 00:00:00-04:00,63.220001220703125,63.52000045776367,63.13999938964844,63.2400016784668,48.05775451660156,12755300,0.0,0.0
2015-04-21 00:00:00-04:00,63.33000183105469,63.599998474121094,62.130001068115234,62.310001373291016,47.35102844238281,14985100,0.0,0.0
2015-04-22 00:00:00-04:00,62.650001525878906,63.150001525878906,62.029998779296875,62.939998626708984,47.82978820800781,14484700,0.0,0.0
2015-04-23 00:00:00-04:00,62.790000915527344,63.209999084472656,62.599998474121094,62.79999923706055,47.723388671875,12851300,0.0,0.0
2015-04-24 00:00:00-04:00,62.630001068115234,62.84000015258789,62.34000015258789,62.599998474121094,47.57139587402344,9597500,0.0,0.0
2015-04-27 00:00:00-04:00,62.70000076293945,63.150001525878906,62.310001373291016,62.34000015258789,47.37382888793945,11146400,0.0,0.0
2015-04-28 00:00:00-04:00,62.4900016784668,62.779998779296875,61.77000045776367,62.7599983215332,47.692989349365234,12307800,0.0,0.0
2015-04-29 00:00:00-04:00,62.560001373291016,63.88999938964844,62.459999084472656,63.599998474121094,48.33132553100586,17601200,0.0,0.0
2015-04-30 00:00:00-04:00,63.58000183105469,63.880001068115234,62.91999816894531,63.2599983215332,48.07295608520508,16840900,0.0,0.0
2015-05-01 00:00:00-04:00,63.70000076293945,63.869998931884766,63.33000183105469,63.61000061035156,48.33893585205078,11640100,0.0,0.0
2015-05-04 00:00:00-04:00,63.68000030517578,64.87000274658203,63.63999938964844,64.72000122070312,49.182456970214844,14972500,0.0,0.0
2015-05-05 00:00:00-04:00,64.51000213623047,65.31999969482422,64.29000091552734,64.4000015258789,48.939266204833984,17692400,0.0,0.0
2015-05-06 00:00:00-04:00,64.52999877929688,65.06999969482422,63.41999816894531,63.91999816894531,48.57449722290039,18087900,0.0,0.0
2015-05-07 00:00:00-04:00,63.66999816894531,64.5999984741211,63.25,64.5,49.0152587890625,15039900,0.0,0.0
2015-05-08 00:00:00-04:00,64.97000122070312,65.6500015258789,64.5999984741211,65.48999786376953,49.767581939697266,16802600,0.0,0.0
2015-05-11 00:00:00-04:00,65.26000213623047,65.63999938964844,65.08000183105469,65.44999694824219,49.7371826171875,13798800,0.0,0.0
2015-05-12 00:00:00-04:00,65.30999755859375,65.54000091552734,64.76000213623047,65.36000061035156,49.668792724609375,12762200,0.0,0.0
2015-05-13 00:00:00-04:00,65.41999816894531,65.62999725341797,65.05999755859375,65.5199966430664,49.79038619995117,11874100,0.0,0.0
2015-05-14 00:00:00-04:00,65.83000183105469,66.18000030517578,65.70999908447266,66.05000305175781,50.19315719604492,11855500,0.0,0.0
2015-05-15 00:00:00-04:00,66.12999725341797,66.16000366210938,65.44000244140625,65.87999725341797,50.063968658447266,11152100,0.0,0.0
2015-05-18 00:00:00-04:00,65.80000305175781,66.54000091552734,65.80000305175781,66.41999816894531,50.47432327270508,10510900,0.0,0.0
2015-05-19 00:00:00-04:00,66.7699966430664,67.19000244140625,66.56999969482422,67.01000213623047,50.92267608642578,14282700,0.0,0.0
2015-05-20 00:00:00-04:00,66.94999694824219,67.02999877929688,66.4000015258789,66.4800033569336,50.519935607910156,12446000,0.0,0.0
2015-05-21 00:00:00-04:00,66.13999938964844,66.68000030517578,66.01000213623047,66.6500015258789,50.64910888671875,12934500,0.0,0.0
2015-05-22 00:00:00-04:00,66.62999725341797,66.83000183105469,66.31999969482422,66.47000122070312,50.5123176574707,9296900,0.0,0.0
2015-05-26 00:00:00-04:00,66.19999694824219,66.29000091552734,65.30999755859375,65.7300033569336,49.949974060058594,15571300,0.0,0.0
2015-05-27 00:00:00-04:00,65.94999694824219,66.6500015258789,65.81999969482422,66.47000122070312,50.5123176574707,10963700,0.0,0.0
2015-05-28 00:00:00-04:00,66.36000061035156,66.4000015258789,65.73999786376953,66.19999694824219,50.307151794433594,11797400,0.0,0.0
2015-05-29 00:00:00-04:00,66.18000030517578,66.22000122070312,65.36000061035156,65.77999877929688,49.98797607421875,14310700,0.0,0.0
2015-06-01 00:00:00-04:00,65.98999786376953,66.66000366210938,65.97000122070312,66.08000183105469,50.215946197509766,11899300,0.0,0.0
2015-06-02 00:00:00-04:00,65.83000183105469,66.38999938964844,65.58000183105469,66.0199966430664,50.17034912109375,12784200,0.0,0.0
2015-06-03 00:00:00-04:00,66.43000030517578,67.12999725341797,66.2699966430664,66.69999694824219,50.687095642089844,12927300,0.0,0.0
2015-06-04 00:00:00-04:00,66.30999755859375,67.05000305175781,66.01000213623047,66.33000183105469,50.40594482421875,13863300,0.0,0.0
2015-06-05 00:00:00-04:00,67.37000274658203,67.83999633789062,67.01000213623047,67.41999816894531,51.23426055908203,20801100,0.0,0.0
2015-06-08 00:00:00-04:00,67.45999908447266,67.55000305175781,66.80999755859375,66.88999938964844,50.83149337768555,14558700,0.0,0.0
2015-06-09 00:00:00-04:00,66.94999694824219,67.2699966430664,66.47000122070312,67.18000030517578,51.051876068115234,13263500,0.0,0.0
2015-06-10 00:00:00-04:00,67.58999633789062,68.5,67.47000122070312,68.26000213623047,51.87260055541992,17478900,0.0,0.0
2015-06-11 00:00:00-04:00,68.36000061035156,68.68000030517578,68.1500015258789,68.5199966430664,52.07015609741211,13739900,0.0,0.0
2015-06-12 00:00:00-04:00,68.30999755859375,68.54000091552734,67.87000274658203,68.25,51.86497497558594,11804700,0.0,0.0
2015-06-15 00:00:00-04:00,67.58000183105469,68.20999908447266,67.30000305175781,67.98999786376953,51.667396545410156,14082300,0.0,0.0
2015-06-16 00:00:00-04:00,67.7699966430664,68.5199966430664,67.62000274658203,68.37000274658203,51.95616912841797,11692800,0.0,0.0
2015-06-17 00:00:00-04:00,68.41000366210938,68.68000030517578,68.04000091552734,68.13999938964844,51.78139114379883,14521900,0.0,0.0
2015-06-18 00:00:00-04:00,68.3499984741211,68.81999969482422,67.9000015258789,68.77999877929688,52.26774978637695,16759600,0.0,0.0
2015-06-19 00:00:00-04:00,68.45999908447266,68.66999816894531,67.91999816894531,68.08000183105469,51.735801696777344,21606400,0.0,0.0
2015-06-22 00:00:00-04:00,68.87000274658203,69.29000091552734,68.75,68.95999908447266,52.404541015625,14306700,0.0,0.0
2015-06-23 00:00:00-04:00,69.3499984741211,69.81999969482422,69.19000244140625,69.75,53.0048713684082,15736900,0.0,0.0
2015-06-24 00:00:00-04:00,69.51000213623047,69.7699966430664,68.91000366210938,69.0199966430664,52.45011901855469,16995000,0.0,0.0
2015-06-25 00:00:00-04:00,69.31999969482422,69.47000122070312,68.63999938964844,68.6500015258789,52.1689567565918,13314300,0.0,0.0
2015-06-26 00:00:00-04:00,68.94000244140625,69.29000091552734,68.7699966430664,68.94999694824219,52.396942138671875,14489200,0.0,0.0
2015-06-29 00:00:00-04:00,67.68000030517578,68.26000213623047,67.16000366210938,67.19999694824219,51.06706619262695,19934400,0.0,0.0
2015-06-30 00:00:00-04:00,67.88999938964844,68.11000061035156,67.16000366210938,67.76000213623047,51.49263381958008,20677400,0.0,0.0
2015-07-01 00:00:00-04:00,68.12000274658203,68.38999938964844,67.77999877929688,68.06999969482422,52.066287994384766,13964400,0.44,0.0
2015-07-02 00:00:00-04:00,67.94999694824219,68.12999725341797,67.19000244140625,67.5199966430664,51.64558792114258,12822900,0.0,0.0
2015-07-06 00:00:00-04:00,66.87999725341797,67.45999908447266,66.54000091552734,67.33000183105469,51.50027084350586,13527100,0.0,0.0
2015-07-07 00:00:00-04:00,67.08999633789062,67.22000122070312,65.30000305175781,66.80000305175781,51.09488296508789,22421500,0.0,0.0
2015-07-08 00:00:00-04:00,66.0,66.16000366210938,65.20999908447266,65.43000030517578,50.04698181152344,17707200,0.0,0.0
2015-07-09 00:00:00-04:00,66.48999786376953,66.69999694824219,65.98999786376953,66.11000061035156,50.56708908081055,14984700,0.0,0.0
2015-07-10 00:00:00-04:00,67.22000122070312,67.4000015258789,66.83000183105469,67.05000305175781,51.286109924316406,12356100,0.0,0.0
2015-07-13 00:00:00-04:00,67.88999938964844,68.13999938964844,67.68000030517578,68.08999633789062,52.08158493041992,16175600,0.0,0.0
2015-07-14 00:00:00-04:00,67.9800033569336,69.0999984741211,67.76000213623047,69.04000091552734,52.80824279785156,20185100,0.0,0.0
2015-07-15 00:00:00-04:00,69.2300033569336,69.43000030517578,68.8499984741211,69.19000244140625,52.92298126220703,16891600,0.0,0.0
2015-07-16 00:00:00-04:00,69.62999725341797,69.94999694824219,69.41000366210938,69.55999755859375,53.205970764160156,18035700,0.0,0.0
2015-07-17 00:00:00-04:00,69.3499984741211,69.48999786376953,68.91999816894531,69.20999908447266,52.938262939453125,14040700,0.0,0.0
2015-07-20 00:00:00-04:00,69.5,69.7699966430664,69.18000030517578,69.26000213623047,52.97653579711914,11512900,0.0,0.0
2015-07-21 00:00:00-04:00,69.16000366210938,69.54000091552734,68.87000274658203,69.0999984741211,52.8541259765625,11659900,0.0,0.0
2015-07-22 00:00:00-04:00,69.27999877929688,70.29000091552734,69.19999694824219,70.08000183105469,53.60371780395508,15493000,0.0,0.0
2015-07-23 00:00:00-04:00,70.19000244140625,70.61000061035156,69.45999908447266,69.63999938964844,53.26716613769531,14331800,0.0,0.0
2015-07-24 00:00:00-04:00,69.44000244140625,69.55999755859375,68.68000030517578,68.91000366210938,52.708797454833984,12413900,0.0,0.0
2015-07-27 00:00:00-04:00,68.1500015258789,68.22000122070312,67.56999969482422,68.01000213623047,52.02042007446289,16801600,0.0,0.0
2015-07-28 00:00:00-04:00,68.55000305175781,68.5999984741211,67.7699966430664,68.05000305175781,52.051002502441406,14932400,0.0,0.0
2015-07-29 00:00:00-04:00,68.31999969482422,69.0999984741211,68.16000366210938,68.94000244140625,52.73176193237305,13059200,0.0,0.0
2015-07-30 00:00:00-04:00,68.93000030517578,69.44999694824219,68.54000091552734,69.04000091552734,52.80824279785156,10197200,0.0,0.0
2015-07-31 00:00:00-04:00,69.01000213623047,69.04000091552734,68.4000015258789,68.52999877929688,52.41814041137695,11911800,0.0,0.0
2015-08-03 00:00:00-04:00,68.58999633789062,68.83999633789062,68.0,68.52999877929688,52.41814041137695,9980600,0.0,0.0
2015-08-04 00:00:00-04:00,68.47000122070312,68.94999694824219,68.30999755859375,68.45999908447266,52.36460494995117,10964000,0.0,0.0
2015-08-05 00:00:00-04:00,69.05000305175781,69.41999816894531,68.55999755859375,68.7300033569336,52.57113265991211,11302900,0.0,0.0
2015-08-06 00:00:00-04:00,68.75,68.94000244140625,68.0,68.25,52.2039680480957,10803400,0.0,0.0
2015-08-07 00:00:00-04:00,68.33000183105469,68.73999786376953,67.55000305175781,68.05000305175781,52.051002502441406,11453300,0.0,0.0
2015-08-10 00:00:00-04:00,68.22000122070312,69.01000213623047,68.22000122070312,68.88999938964844,52.693504333496094,12661400,0.0,0.0
2015-08-11 00:00:00-04:00,68.2300033569336,68.4000015258789,67.8499984741211,68.2300033569336,52.18867874145508,14800300,0.0,0.0
2015-08-12 00:00:00-04:00,67.41000366210938,67.55000305175781,66.06999969482422,67.23999786376953,51.43144607543945,21069000,0.0,0.0
2015-08-13 00:00:00-04:00,67.25,67.80000305175781,66.97000122070312,67.55000305175781,51.6685676574707,11930600,0.0,0.0
2015-08-14 00:00:00-04:00,67.41999816894531,67.91000366210938,67.4000015258789,67.88999938964844,51.928627014160156,11248800,0.0,0.0
2015-08-17 00:00:00-04:00,67.62000274658203,68.23999786376953,67.4000015258789,68.06999969482422,52.066287994384766,10326500,0.0,0.0
2015-08-18 00:00:00-04:00,67.9800033569336,68.36000061035156,67.83999633789062,68.20999908447266,52.173377990722656,10617500,0.0,0.0
2015-08-19 00:00:00-04:00,67.93000030517578,68.30999755859375,67.36000061035156,67.5999984741211,51.706783294677734,15198200,0.0,0.0
2015-08-20 00:00:00-04:00,66.80999755859375,67.04000091552734,65.94000244140625,65.94000244140625,50.437068939208984,20972300,0.0,0.0
2015-08-21 00:00:00-04:00,65.08999633789062,65.44000244140625,63.56999969482422,63.599998474121094,48.647220611572266,28235500,0.0,0.0
2015-08-24 00:00:00-04:00,59.290000915527344,62.91999816894531,50.06999969482422,60.25,46.0848274230957,36339100,0.0,0.0
2015-08-25 00:00:00-04:00,63.099998474121094,63.31999969482422,59.72999954223633,59.90999984741211,45.824764251708984,31772500,0.0,0.0
2015-08-26 00:00:00-04:00,61.79999923706055,62.97999954223633,60.54999923706055,62.90999984741211,48.11944580078125,33576800,0.0,0.0
2015-08-27 00:00:00-04:00,63.97999954223633,64.7300033569336,63.13999938964844,64.4800033569336,49.32032012939453,29045700,0.0,0.0
2015-08-28 00:00:00-04:00,64.29000091552734,64.45999908447266,63.599998474121094,64.12999725341797,49.052616119384766,16687300,0.0,0.0
2015-08-31 00:00:00-04:00,63.61000061035156,64.3499984741211,63.470001220703125,64.0999984741211,49.02967071533203,14223400,0.0,0.0
2015-09-01 00:00:00-04:00,62.849998474121094,62.849998474121094,60.9900016784668,61.45000076293945,47.00271224975586,23637300,0.0,0.0
2015-09-02 00:00:00-04:00,62.619998931884766,62.90999984741211,61.540000915527344,62.56999969482422,47.85936737060547,17757900,0.0,0.0
2015-09-03 00:00:00-04:00,62.880001068115234,63.65999984741211,62.45000076293945,62.68000030517578,47.943519592285156,17065400,0.0,0.0
2015-09-04 00:00:00-04:00,61.79999923706055,61.91999816894531,60.75,61.5,47.040950775146484,20189000,0.0,0.0
2015-09-08 00:00:00-04:00,62.77000045776367,63.20000076293945,62.33000183105469,63.15999984741211,48.31067657470703,13385100,0.0,0.0
2015-09-09 00:00:00-04:00,63.939998626708984,64.33999633789062,62.0,62.18000030517578,47.561065673828125,13889500,0.0,0.0
2015-09-10 00:00:00-04:00,61.86000061035156,63.0,61.45000076293945,62.65999984741211,47.92822265625,15751100,0.0,0.0
2015-09-11 00:00:00-04:00,62.380001068115234,62.65999984741211,61.9900016784668,62.560001373291016,47.85172653198242,12766700,0.0,0.0
2015-09-14 00:00:00-04:00,62.63999938964844,62.689998626708984,62.119998931884766,62.380001068115234,47.714054107666016,10202800,0.0,0.0
2015-09-15 00:00:00-04:00,62.7599983215332,63.88999938964844,62.5099983215332,63.58000183105469,48.63192367553711,14023500,0.0,0.0
2015-09-16 00:00:00-04:00,63.88999938964844,64.29000091552734,63.209999084472656,64.13999938964844,49.060264587402344,12235900,0.0,0.0
2015-09-17 00:00:00-04:00,64.13999938964844,64.63999938964844,62.38999938964844,62.650001525878906,47.92056655883789,21249200,0.0,0.0
2015-09-18 00:00:00-04:00,61.83000183105469,61.83000183105469,60.779998779296875,60.939998626708984,46.61260223388672,31008000,0.0,0.0
2015-09-21 00:00:00-04:00,61.52000045776367,61.90999984741211,61.08000183105469,61.45000076293945,47.00271224975586,13136400,0.0,0.0
2015-09-22 00:00:00-04:00,60.599998474121094,61.09000015258789,60.41999816894531,60.90999984741211,46.589656829833984,14811900,0.0,0.0
2015-09-23 00:00:00-04:00,60.79999923706055,61.150001525878906,60.31999969482422,60.63999938964844,46.38314437866211,11712200,0.0,0.0
2015-09-24 00:00:00-04:00,60.0099983215332,60.380001068115234,59.459999084472656,60.220001220703125,46.0618896484375,17293400,0.0,0.0
2015-09-25 00:00:00-04:00,61.27000045776367,61.86000061035156,60.869998931884766,61.470001220703125,47.01799774169922,18384300,0.0,0.0
2015-09-28 00:00:00-04:00,60.91999816894531,61.0099983215332,59.689998626708984,59.97999954223633,45.87830352783203,17452200,0.0,0.0
2015-09-29 00:00:00-04:00,59.97999954223633,60.130001068115234,58.72999954223633,59.84000015258789,45.77122116088867,19334900,0.0,0.0
2015-09-30 00:00:00-04:00,60.70000076293945,61.0,60.11000061035156,60.970001220703125,46.63555908203125,18743800,0.0,0.0
2015-10-01 00:00:00-04:00,61.119998931884766,61.869998931884766,60.540000915527344,61.41999816894531,46.97976303100586,16863200,0.0,0.0
2015-10-02 00:00:00-04:00,59.59000015258789,60.86000061035156,58.529998779296875,60.810001373291016,46.84878921508789,20435100,0.44,0.0
2015-10-05 00:00:00-04:00,61.2400016784668,62.2400016784668,61.220001220703125,62.02000045776367,47.780975341796875,13471100,0.0,0.0
2015-10-06 00:00:00-04:00,62.11000061035156,62.36000061035156,61.619998931884766,62.04999923706055,47.80409240722656,12134800,0.0,0.0
2015-10-07 00:00:00-04:00,62.54999923706055,63.029998779296875,61.7599983215332,62.130001068115234,47.86572265625,12773100,0.0,0.0
2015-10-08 00:00:00-04:00,61.849998474121094,62.25,61.43000030517578,62.130001068115234,47.86572265625,13964600,0.0,0.0
2015-10-09 00:00:00-04:00,62.38999938964844,62.54999923706055,61.58000183105469,61.93000030517578,47.71165466308594,12112000,0.0,0.0
2015-10-12 00:00:00-04:00,61.84000015258789,62.0099983215332,61.400001525878906,61.720001220703125,47.54984664916992,10857400,0.0,0.0
2015-10-13 00:00:00-04:00,61.38999938964844,62.15999984741211,61.310001373291016,61.54999923706055,47.41889953613281,15621900,0.0,0.0
2015-10-14 00:00:00-04:00,60.7599983215332,60.970001220703125,59.540000915527344,59.9900016784668,46.217037200927734,28989400,0.0,0.0
2015-10-15 00:00:00-04:00,60.470001220703125,61.959999084472656,60.099998474121094,61.88999938964844,47.68082809448242,18147900,0.0,0.0
2015-10-16 00:00:00-04:00,62.43000030517578,62.650001525878906,62.09000015258789,62.43000030517578,48.09685134887695,17456600,0.0,0.0
2015-10-19 00:00:00-04:00,62.0,62.77000045776367,61.90999984741211,62.220001220703125,47.93507385253906,14510400,0.0,0.0
2015-10-20 00:00:00-04:00,62.36000061035156,62.81999969482422,62.08000183105469,62.52000045776367,48.16619110107422,11545100,0.0,0.0
2015-10-21 00:00:00-04:00,62.880001068115234,62.959999084472656,62.04999923706055,62.060001373291016,47.81180191040039,12113400,0.0,0.0
2015-10-22 00:00:00-04:00,62.41999816894531,63.58000183105469,62.41999816894531,63.189998626708984,48.68235778808594,15295700,0.0,0.0
2015-10-23 00:00:00-04:00,63.630001068115234,64.19000244140625,63.5,63.869998931884766,49.20624542236328,16985200,0.0,0.0
2015-10-26 00:00:00-04:00,63.84000015258789,63.9900016784668,63.40999984741211,63.900001525878906,49.22935485839844,13880200,0.0,0.0
2015-10-27 00:00:00-04:00,63.529998779296875,63.86000061035156,63.310001373291016,63.63999938964844,49.0290412902832,8831900,0.0,0.0
2015-10-28 00:00:00-04:00,63.70000076293945,65.73999786376953,63.689998626708984,65.5,50.46200942993164,17962000,0.0,0.0
2015-10-29 00:00:00-04:00,65.26000213623047,65.83000183105469,64.87999725341797,65.20999908447266,50.238590240478516,12753700,0.0,0.0
2015-10-30 00:00:00-04:00,65.30000305175781,65.33999633789062,64.12999725341797,64.25,49.49900817871094,15731400,0.0,0.0
2015-11-02 00:00:00-05:00,64.44999694824219,65.75,64.38999938964844,65.54000091552734,50.49281692504883,15253300,0.0,0.0
2015-11-03 00:00:00-05:00,65.29000091552734,66.0999984741211,65.16999816894531,65.77999877929688,50.677730560302734,11519500,0.0,0.0
2015-11-04 00:00:00-05:00,66.01000213623047,66.1500015258789,65.62999725341797,65.8499984741211,50.73167037963867,11388400,0.0,0.0
2015-11-05 00:00:00-05:00,65.79000091552734,66.66999816894531,65.75,66.44000244140625,51.18619918823242,12715900,0.0,0.0
2015-11-06 00:00:00-05:00,68.37000274658203,69.02999877929688,68.0999984741211,68.45999908447266,52.7424430847168,23262700,0.0,0.0
2015-11-09 00:00:00-05:00,68.69999694824219,68.72000122070312,67.08000183105469,67.38999938964844,51.91810607910156,17143800,0.0,0.0
2015-11-10 00:00:00-05:00,67.19000244140625,67.8499984741211,66.93000030517578,67.68000030517578,52.141517639160156,13239700,0.0,0.0
2015-11-11 00:00:00-05:00,68.0999984741211,68.16999816894531,67.25,67.3499984741211,51.88729476928711,8513900,0.0,0.0
2015-11-12 00:00:00-05:00,66.86000061035156,66.9000015258789,65.94999694824219,66.0,50.84722900390625,13576900,0.0,0.0
2015-11-13 00:00:00-05:00,65.83999633789062,66.16999816894531,65.2300033569336,65.55999755859375,50.508243560791016,11837000,0.0,0.0
2015-11-16 00:00:00-05:00,65.45999908447266,66.58000183105469,65.16999816894531,66.51000213623047,51.24012756347656,11041100,0.0,0.0
2015-11-17 00:00:00-05:00,66.66999816894531,66.73999786376953,65.88999938964844,66.12999725341797,50.94736862182617,12354800,0.0,0.0
2015-11-18 00:00:00-05:00,66.4800033569336,67.55000305175781,66.37000274658203,67.44999694824219,51.96432113647461,12911400,0.0,0.0
2015-11-19 00:00:00-05:00,67.58000183105469,67.81999969482422,67.04000091552734,67.66000366210938,52.12611770629883,12839500,0.0,0.0
2015-11-20 00:00:00-05:00,67.98999786376953,68.11000061035156,67.37999725341797,67.54000091552734,52.03364944458008,11209600,0.0,0.0
2015-11-23 00:00:00-05:00,67.30999755859375,67.58000183105469,66.77999877929688,66.87999725341797,51.52518844604492,11339000,0.0,0.0
2015-11-24 00:00:00-05:00,66.16999816894531,67.13999938964844,66.04000091552734,66.77999877929688,51.448150634765625,10910000,0.0,0.0
2015-11-25 00:00:00-05:00,66.93000030517578,67.12000274658203,66.55000305175781,66.86000061035156,51.50977325439453,7772000,0.0,0.0
2015-11-27 00:00:00-05:00,67.0,67.33000183105469,66.63999938964844,67.16999816894531,51.748600006103516,4052500,0.0,0.0
2015-11-30 00:00:00-05:00,67.27999877929688,67.5199966430664,66.68000030517578,66.68000030517578,51.37110137939453,15147500,0.0,0.0
2015-12-01 00:00:00-05:00,67.33999633789062,67.83000183105469,66.98999786376953,67.61000061035156,52.08759307861328,12708800,0.0,0.0
2015-12-02 00:00:00-05:00,67.83000183105469,67.87999725341797,66.4800033569336,66.66000366210938,51.35569763183594,13440900,0.0,0.0
2015-12-03 00:00:00-05:00,66.83000183105469,67.02999877929688,65.58000183105469,65.80000305175781,50.693138122558594,14626900,0.0,0.0
2015-12-04 00:00:00-05:00,66.0999984741211,68.0,66.02999877929688,67.88999938964844,52.30331802368164,17786000,0.0,0.0
2015-12-07 00:00:00-05:00,67.66000366210938,67.75,66.4000015258789,67.0,51.617637634277344,11686000,0.0,0.0
2015-12-08 00:00:00-05:00,66.25,66.95999908447266,65.69999694824219,65.95999908447266,50.816402435302734,13084500,0.0,0.0
2015-12-09 00:00:00-05:00,65.61000061035156,66.58000183105469,65.04000091552734,65.45999908447266,50.43120193481445,16770200,0.0,0.0
2015-12-10 00:00:00-05:00,65.54000091552734,66.5,65.08000183105469,65.61000061035156,50.5467529296875,12839000,0.0,0.0
2015-12-11 00:00:00-05:00,64.80000305175781,65.16000366210938,63.5099983215332,64.06999969482422,49.36031723022461,17889300,0.0,0.0
2015-12-14 00:00:00-05:00,64.2300033569336,64.76000213623047,63.599998474121094,64.2699966430664,49.514404296875,17638200,0.0,0.0
2015-12-15 00:00:00-05:00,65.06999969482422,66.6500015258789,65.06999969482422,66.0999984741211,50.924251556396484,18126600,0.0,0.0
2015-12-16 00:00:00-05:00,66.91000366210938,67.73999786376953,65.91000366210938,67.52999877929688,52.02595520019531,21720000,0.0,0.0
2015-12-17 00:00:00-05:00,67.9000015258789,68.0,66.08000183105469,66.27999877929688,51.06293869018555,18122100,0.0,0.0
2015-12-18 00:00:00-05:00,65.97000122070312,65.97000122070312,64.4000015258789,64.4000015258789,49.614566802978516,23819600,0.0,0.0
2015-12-21 00:00:00-05:00,65.0199966430664,65.55999755859375,64.83000183105469,65.54000091552734,50.49281692504883,18869300,0.0,0.0
2015-12-22 00:00:00-05:00,65.91999816894531,66.0,64.9800033569336,65.68000030517578,50.6006965637207,12149500,0.0,0.0
2015-12-23 00:00:00-05:00,66.12000274658203,66.8499984741211,66.05000305175781,66.7300033569336,51.40963363647461,12524500,0.0,0.0
2015-12-24 00:00:00-05:00,66.62000274658203,66.88999938964844,66.31999969482422,66.5999984741211,51.309471130371094,4468200,0.0,0.0
2015-12-28 00:00:00-05:00,66.29000091552734,66.44999694824219,65.70999908447266,66.37999725341797,51.13998031616211,6610600,0.0,0.0
2015-12-29 00:00:00-05:00,66.83999633789062,67.30000305175781,66.73999786376953,67.06999969482422,51.67156219482422,9820800,0.0,0.0
2015-12-30 00:00:00-05:00,67.04000091552734,67.05000305175781,66.44999694824219,66.58999633789062,51.301753997802734,7190700,0.0,0.0
2015-12-31 00:00:00-05:00,66.19000244140625,66.77999877929688,66.0,66.02999877929688,50.87034606933594,14654300,0.0,0.0
2016-01-04 00:00:00-05:00,63.95000076293945,64.05999755859375,63.0099983215332,63.619998931884766,49.34243392944336,25393200,0.44,0.0
2016-01-05 00:00:00-05:00,63.70000076293945,64.12999725341797,63.040000915527344,63.72999954223633,49.42775344848633,16566700,0.0,0.0
2016-01-06 00:00:00-05:00,62.720001220703125,63.130001068115234,62.34000015258789,62.810001373291016,48.71421432495117,22961500,0.0,0.0
2016-01-07 00:00:00-05:00,61.459999084472656,62.0,60.08000183105469,60.27000045776367,46.74424743652344,27630900,0.0,0.0
2016-01-08 00:00:00-05:00,61.130001068115234,61.27000045776367,58.849998474121094,58.91999816894531,45.697208404541016,22373300,0.0,0.0
2016-01-11 00:00:00-05:00,58.83000183105469,59.220001220703125,58.040000915527344,58.83000183105469,45.627410888671875,20925500,0.0,0.0
2016-01-12 00:00:00-05:00,59.45000076293945,59.560001373291016,58.099998474121094,58.959999084472656,45.72823715209961,22971600,0.0,0.0
2016-01-13 00:00:00-05:00,59.459999084472656,59.68000030517578,56.90999984741211,57.34000015258789,44.4718017578125,28808100,0.0,0.0
2016-01-14 00:00:00-05:00,58.15999984741211,59.380001068115234,57.290000915527344,58.20000076293945,45.138790130615234,31296300,0.0,0.0
2016-01-15 00:00:00-05:00,56.45000076293945,57.56999969482422,56.220001220703125,57.040000915527344,44.23912048339844,38131700,0.0,0.0
2016-01-19 00:00:00-05:00,57.72999954223633,57.970001220703125,56.5099983215332,57.0099983215332,44.21584701538086,22818900,0.0,0.0
2016-01-20 00:00:00-05:00,55.630001068115234,56.18000030517578,54.65999984741211,55.5099983215332,43.0524787902832,34646100,0.0,0.0
2016-01-21 00:00:00-05:00,55.7400016784668,56.52000045776367,55.060001373291016,55.25,42.850826263427734,31301100,0.0,0.0
2016-01-22 00:00:00-05:00,56.439998626708984,57.15999984741211,56.29999923706055,56.95000076293945,44.1693229675293,22732200,0.0,0.0
2016-01-25 00:00:00-05:00,56.47999954223633,56.849998474121094,55.599998474121094,55.65999984741211,43.16883087158203,21114400,0.0,0.0
2016-01-26 00:00:00-05:00,55.849998474121094,57.150001525878906,55.810001373291016,57.08000183105469,44.270145416259766,17535700,0.0,0.0
2016-01-27 00:00:00-05:00,57.08000183105469,58.27000045776367,56.560001373291016,57.040000915527344,44.23912048339844,20560000,0.0,0.0
2016-01-28 00:00:00-05:00,57.52000045776367,57.970001220703125,56.630001068115234,57.279998779296875,44.425262451171875,15497900,0.0,0.0
2016-01-29 00:00:00-05:00,57.83000183105469,59.540000915527344,57.5099983215332,59.5,46.14704513549805,26992200,0.0,0.0
2016-02-01 00:00:00-05:00,59.15999984741211,59.650001525878906,58.439998626708984,58.86000061035156,45.650672912597656,16807900,0.0,0.0
2016-02-02 00:00:00-05:00,57.880001068115234,57.97999954223633,56.75,57.029998779296875,44.23135757446289,22448200,0.0,0.0
2016-02-03 00:00:00-05:00,57.369998931884766,57.79999923706055,55.02000045776367,57.40999984741211,44.52607345581055,31543200,0.0,0.0
2016-02-04 00:00:00-05:00,57.060001373291016,58.52000045776367,57.060001373291016,58.400001525878906,45.29390335083008,21651300,0.0,0.0
2016-02-05 00:00:00-05:00,58.58000183105469,59.13999938964844,57.41999816894531,57.75,44.78977584838867,22001300,0.0,0.0
2016-02-08 00:00:00-05:00,56.689998626708984,56.91999816894531,55.540000915527344,56.540000915527344,43.8513298034668,28267600,0.0,0.0
2016-02-09 00:00:00-05:00,55.290000915527344,56.689998626708984,55.130001068115234,56.20000076293945,43.58762741088867,26300000,0.0,0.0
2016-02-10 00:00:00-05:00,56.56999969482422,57.40999984741211,55.470001220703125,55.52000045776367,43.06024932861328,22389600,0.0,0.0
2016-02-11 00:00:00-05:00,53.900001525878906,53.90999984741211,52.5,53.06999969482422,41.16006088256836,44334700,0.0,0.0
2016-02-12 00:00:00-05:00,55.650001525878906,57.56999969482422,55.16999816894531,57.4900016784668,44.588134765625,37011400,0.0,0.0
2016-02-16 00:00:00-05:00,58.22999954223633,58.599998474121094,57.63999938964844,58.349998474121094,45.2551383972168,23730700,0.0,0.0
2016-02-17 00:00:00-05:00,58.849998474121094,59.25,58.38999938964844,58.77000045776367,45.58087158203125,21580100,0.0,0.0
2016-02-18 00:00:00-05:00,58.84000015258789,58.86000061035156,57.25,57.810001373291016,44.83631134033203,17037800,0.0,0.0
2016-02-19 00:00:00-05:00,57.5,58.16999816894531,57.08000183105469,57.81999969482422,44.84407424926758,15658200,0.0,0.0
2016-02-22 00:00:00-05:00,58.5099983215332,58.880001068115234,58.41999816894531,58.56999969482422,45.42575454711914,14882800,0.0,0.0
2016-02-23 00:00:00-05:00,57.900001525878906,58.09000015258789,55.959999084472656,56.119998931884766,43.52558135986328,31772500,0.0,0.0
2016-02-24 00:00:00-05:00,55.20000076293945,56.209999084472656,54.33000183105469,56.13999938964844,43.54109191894531,25560100,0.0,0.0
2016-02-25 00:00:00-05:00,56.130001068115234,57.029998779296875,56.040000915527344,57.0099983215332,44.21584701538086,14473300,0.0,0.0
2016-02-26 00:00:00-05:00,57.63999938964844,58.11000061035156,57.13999938964844,57.540000915527344,44.62691879272461,20947500,0.0,0.0
2016-02-29 00:00:00-05:00,57.40999984741211,57.61000061035156,56.290000915527344,56.29999923706055,43.66518783569336,19554100,0.0,0.0
2016-03-01 00:00:00-05:00,56.7599983215332,59.20000076293945,56.66999816894531,59.20000076293945,45.91437530517578,23958100,0.0,0.0
2016-03-02 00:00:00-05:00,59.20000076293945,59.900001525878906,58.959999084472656,59.7599983215332,46.348690032958984,20943100,0.0,0.0
2016-03-03 00:00:00-05:00,59.58000183105469,59.959999084472656,59.099998474121094,59.959999084472656,46.503814697265625,15790600,0.0,0.0
2016-03-04 00:00:00-05:00,60.099998474121094,60.54999923706055,59.529998779296875,60.04999923706055,46.57362365722656,18459000,0.0,0.0
2016-03-07 00:00:00-05:00,59.540000915527344,60.04999923706055,59.31999969482422,59.939998626708984,46.48830032348633,12832400,0.0,0.0
2016-03-08 00:00:00-05:00,59.209999084472656,59.5,58.68000030517578,58.779998779296875,45.58864212036133,14132900,0.0,0.0
2016-03-09 00:00:00-05:00,59.150001525878906,59.540000915527344,58.68000030517578,59.119998931884766,45.852333068847656,13238800,0.0,0.0
2016-03-10 00:00:00-05:00,59.59000015258789,59.66999816894531,57.810001373291016,58.61000061035156,45.456783294677734,21139200,0.0,0.0
2016-03-11 00:00:00-05:00,59.38999938964844,59.5099983215332,58.650001525878906,59.34000015258789,46.02296447753906,21055000,0.0,0.0
2016-03-14 00:00:00-04:00,59.150001525878906,59.310001373291016,58.599998474121094,59.119998931884766,45.852333068847656,13436100,0.0,0.0
2016-03-15 00:00:00-04:00,58.540000915527344,59.209999084472656,58.43000030517578,59.20000076293945,45.91437530517578,10910500,0.0,0.0
2016-03-16 00:00:00-04:00,58.97999954223633,59.75,58.470001220703125,58.91999816894531,45.697208404541016,17423900,0.0,0.0
2016-03-17 00:00:00-04:00,58.77000045776367,59.130001068115234,57.9900016784668,58.75,45.56536102294922,19405700,0.0,0.0
2016-03-18 00:00:00-04:00,60.04999923706055,60.970001220703125,59.65999984741211,60.47999954223633,46.90711975097656,29570200,0.0,0.0
2016-03-21 00:00:00-04:00,60.220001220703125,60.81999969482422,59.959999084472656,60.459999084472656,46.8916015625,12684400,0.0,0.0
2016-03-22 00:00:00-04:00,59.9900016784668,60.58000183105469,59.619998931884766,60.2400016784668,46.72098922729492,12042700,0.0,0.0
2016-03-23 00:00:00-04:00,60.34000015258789,60.5099983215332,59.86000061035156,59.939998626708984,46.48830032348633,11658700,0.0,0.0
2016-03-24 00:00:00-04:00,59.29999923706055,59.5099983215332,58.869998931884766,59.47999954223633,46.131534576416016,12921200,0.0,0.0
2016-03-28 00:00:00-04:00,59.529998779296875,59.75,59.18000030517578,59.400001525878906,46.069496154785156,11159700,0.0,0.0
2016-03-29 00:00:00-04:00,59.33000183105469,59.33000183105469,58.529998779296875,59.029998779296875,45.782527923583984,15933400,0.0,0.0
2016-03-30 00:00:00-04:00,59.459999084472656,60.22999954223633,59.380001068115234,59.709999084472656,46.30992126464844,13307100,0.0,0.0
2016-03-31 00:00:00-04:00,59.45000076293945,59.93000030517578,59.11000061035156,59.220001220703125,45.92988204956055,14904700,0.0,0.0
2016-04-01 00:00:00-04:00,59.02000045776367,60.060001373291016,58.560001373291016,59.869998931884766,46.43400573730469,15417500,0.0,0.0
2016-04-04 00:00:00-04:00,59.439998626708984,59.56999969482422,58.959999084472656,59.20000076293945,46.254310607910156,12305000,0.44,0.0
2016-04-05 00:00:00-04:00,58.59000015258789,58.83000183105469,58.209999084472656,58.36000061035156,45.597999572753906,12886600,0.0,0.0
2016-04-06 00:00:00-04:00,58.18000030517578,58.880001068115234,57.95000076293945,58.810001373291016,45.94960021972656,12167900,0.0,0.0
2016-04-07 00:00:00-04:00,58.2599983215332,58.43000030517578,57.06999969482422,57.31999969482422,44.78542709350586,19226800,0.0,0.0
2016-04-08 00:00:00-04:00,57.709999084472656,58.58000183105469,57.689998626708984,57.7400016784668,45.11356735229492,13547700,0.0,0.0
2016-04-11 00:00:00-04:00,57.90999984741211,58.880001068115234,57.90999984741211,58.20000076293945,45.47297668457031,17627800,0.0,0.0
2016-04-12 00:00:00-04:00,58.34000015258789,59.38999938964844,58.20000076293945,59.279998779296875,46.31681823730469,17779200,0.0,0.0
2016-04-13 00:00:00-04:00,60.47999954223633,62.15999984741211,60.380001068115234,61.790000915527344,48.27793502807617,37516800,0.0,0.0
2016-04-14 00:00:00-04:00,61.689998626708984,62.90999984741211,61.61000061035156,62.59000015258789,48.902992248535156,24249900,0.0,0.0
2016-04-15 00:00:00-04:00,62.880001068115234,62.900001525878906,61.45000076293945,61.869998931884766,48.3404426574707,19290700,0.0,0.0
2016-04-18 00:00:00-04:00,61.63999938964844,62.58000183105469,61.529998779296875,62.27000045776367,48.65298080444336,13813100,0.0,0.0
2016-04-19 00:00:00-04:00,62.54999923706055,63.47999954223633,62.54999923706055,63.31999969482422,49.473358154296875,19255600,0.0,0.0
2016-04-20 00:00:00-04:00,63.47999954223633,64.30999755859375,63.150001525878906,64.23999786376953,50.192176818847656,14594400,0.0,0.0
2016-04-21 00:00:00-04:00,64.26000213623047,64.66000366210938,63.34000015258789,63.599998474121094,49.6921272277832,15395800,0.0,0.0
2016-04-22 00:00:00-04:00,63.63999938964844,64.37999725341797,63.63999938964844,63.970001220703125,49.98121643066406,12444700,0.0,0.0
2016-04-25 00:00:00-04:00,63.599998474121094,63.95000076293945,63.150001525878906,63.599998474121094,49.6921272277832,10687200,0.0,0.0
2016-04-26 00:00:00-04:00,63.810001373291016,64.06999969482422,63.33000183105469,63.93000030517578,49.94996643066406,12048000,0.0,0.0
2016-04-27 00:00:00-04:00,63.86000061035156,64.63999938964844,63.599998474121094,64.11000061035156,50.090599060058594,15284100,0.0,0.0
2016-04-28 00:00:00-04:00,63.63999938964844,64.41999816894531,63.349998474121094,63.599998474121094,49.6921272277832,12852500,0.0,0.0
2016-04-29 00:00:00-04:00,63.09000015258789,63.61000061035156,62.70000076293945,63.20000076293945,49.379608154296875,16376400,0.0,0.0
2016-05-02 00:00:00-04:00,63.689998626708984,64.0,63.13999938964844,63.790000915527344,49.84058380126953,10247300,0.0,0.0
2016-05-03 00:00:00-04:00,62.900001525878906,62.90999984741211,61.79999923706055,62.560001373291016,48.879554748535156,19120300,0.0,0.0
2016-05-04 00:00:00-04:00,61.75,62.2599983215332,61.27000045776367,61.56999969482422,48.106048583984375,17030200,0.0,0.0
2016-05-05 00:00:00-04:00,61.599998474121094,62.0,61.060001373291016,61.2400016784668,47.84821319580078,14033900,0.0,0.0
2016-05-06 00:00:00-04:00,60.70000076293945,61.68000030517578,60.59000015258789,61.599998474121094,48.12948226928711,11057900,0.0,0.0
2016-05-09 00:00:00-04:00,61.369998931884766,61.88999938964844,61.04999923706055,61.209999084472656,47.824771881103516,11197100,0.0,0.0
2016-05-10 00:00:00-04:00,61.54999923706055,62.2599983215332,61.349998474121094,62.040000915527344,48.4732666015625,11897200,0.0,0.0
2016-05-11 00:00:00-04:00,61.970001220703125,62.599998474121094,61.810001373291016,61.810001373291016,48.29356384277344,11254000,0.0,0.0
2016-05-12 00:00:00-04:00,62.27000045776367,62.560001373291016,61.369998931884766,61.77000045776367,48.26231002807617,11071700,0.0,0.0
2016-05-13 00:00:00-04:00,61.70000076293945,62.400001525878906,61.02000045776367,61.20000076293945,47.816951751708984,15122300,0.0,0.0
2016-05-16 00:00:00-04:00,61.209999084472656,61.9900016784668,61.0,61.65999984741211,48.176368713378906,10951300,0.0,0.0
2016-05-17 00:00:00-04:00,61.43000030517578,62.15999984741211,61.150001525878906,61.65999984741211,48.176368713378906,12180900,0.0,0.0
2016-05-18 00:00:00-04:00,61.70000076293945,64.16999816894531,61.689998626708984,64.04000091552734,50.03590393066406,24007100,0.0,0.0
2016-05-19 00:00:00-04:00,63.529998779296875,64.22000122070312,62.900001525878906,63.38999938964844,49.528053283691406,16076200,0.0,0.0
2016-05-20 00:00:00-04:00,63.86000061035156,64.19000244140625,63.369998931884766,63.5099983215332,49.6218147277832,11862000,0.0,0.0
2016-05-23 00:00:00-04:00,63.45000076293945,63.869998931884766,63.15999984741211,63.459999084472656,49.58274459838867,9347500,0.0,0.0
2016-05-24 00:00:00-04:00,63.939998626708984,64.7699966430664,63.810001373291016,64.54000091552734,50.42656707763672,13839400,0.0,0.0
2016-05-25 00:00:00-04:00,64.94000244140625,66.19999694824219,64.91999816894531,65.5199966430664,51.1922607421875,18935200,0.0,0.0
2016-05-26 00:00:00-04:00,65.56999969482422,65.58000183105469,64.91000366210938,65.02999877929688,50.809417724609375,9428400,0.0,0.0
2016-05-27 00:00:00-04:00,65.20999908447266,65.45999908447266,65.05000305175781,65.43000030517578,51.12195587158203,10116000,0.0,0.0
2016-05-31 00:00:00-04:00,65.7300033569336,65.81999969482422,64.95999908447266,65.2699966430664,50.99693298339844,15139400,0.0,0.0
2016-06-01 00:00:00-04:00,64.76000213623047,65.91999816894531,64.26000213623047,65.69000244140625,51.32509994506836,14031000,0.0,0.0
2016-06-02 00:00:00-04:00,65.5199966430664,65.80999755859375,65.16000366210938,65.80999755859375,51.41884231567383,10637600,0.0,0.0
2016-06-03 00:00:00-04:00,64.25,64.86000061035156,63.54999923706055,64.63999938964844,50.50470733642578,20261700,0.0,0.0
2016-06-06 00:00:00-04:00,64.63999938964844,65.76000213623047,64.5999984741211,65.27999877929688,51.00474548339844,13193500,0.0,0.0
2016-06-07 00:00:00-04:00,65.44999694824219,65.73999786376953,65.04000091552734,65.05999755859375,50.83285140991211,9924100,0.0,0.0
2016-06-08 00:00:00-04:00,64.93000030517578,65.4800033569336,64.91999816894531,65.25,50.9813117980957,9428000,0.0,0.0
2016-06-09 00:00:00-04:00,64.79000091552734,64.9000015258789,64.2699966430664,64.75,50.590660095214844,10817800,0.0,0.0
2016-06-10 00:00:00-04:00,63.93000030517578,64.06999969482422,63.58000183105469,63.84000015258789,49.879642486572266,16678400,0.0,0.0
2016-06-13 00:00:00-04:00,63.47999954223633,64.33999633789062,63.2599983215332,63.27000045776367,49.43428421020508,14314900,0.0,0.0
2016-06-14 00:00:00-04:00,62.68000030517578,63.470001220703125,61.68000030517578,62.08000183105469,48.504512786865234,19509300,0.0,0.0
2016-06-15 00:00:00-04:00,62.40999984741211,62.97999954223633,61.90999984741211,61.970001220703125,48.4185676574707,16982100,0.0,0.0
2016-06-16 00:00:00-04:00,61.45000076293945,62.29999923706055,60.900001525878906,62.220001220703125,48.61391830444336,16791200,0.0,0.0
2016-06-17 00:00:00-04:00,62.29999923706055,62.709999084472656,61.93000030517578,62.279998779296875,48.66078567504883,15751500,0.0,0.0
2016-06-20 00:00:00-04:00,63.45000076293945,63.849998474121094,62.34000015258789,62.369998931884766,48.73109817504883,12213200,0.0,0.0
2016-06-21 00:00:00-04:00,62.72999954223633,63.0,62.13999938964844,62.95000076293945,49.18427276611328,11611600,0.0,0.0
2016-06-22 00:00:00-04:00,62.95000076293945,63.709999084472656,62.68000030517578,62.709999084472656,48.99674987792969,12643500,0.0,0.0
2016-06-23 00:00:00-04:00,63.70000076293945,64.1500015258789,63.529998779296875,64.05000305175781,50.043724060058594,16583600,0.0,0.0
2016-06-24 00:00:00-04:00,60.47999954223633,61.70000076293945,59.34000015258789,59.599998474121094,46.56684112548828,44108700,0.0,0.0
2016-06-27 00:00:00-04:00,58.709999084472656,58.75,57.04999923706055,57.61000061035156,45.01200485229492,37300700,0.0,0.0
2016-06-28 00:00:00-04:00,59.189998626708984,59.54999923706055,58.2599983215332,59.52000045776367,46.50433349609375,29088700,0.0,0.0
2016-06-29 00:00:00-04:00,60.36000061035156,61.209999084472656,60.0,61.20000076293945,47.816951751708984,21483000,0.0,0.0
2016-06-30 00:00:00-04:00,61.630001068115234,62.189998626708984,61.02000045776367,62.13999938964844,48.5513916015625,21343600,0.0,0.0
2016-07-01 00:00:00-04:00,61.65999984741211,62.0099983215332,61.15999984741211,61.2599983215332,48.2364387512207,14217800,0.48,0.0
2016-07-05 00:00:00-04:00,60.45000076293945,60.599998474121094,59.099998474121094,59.54999923706055,46.88998031616211,23357700,0.0,0.0
2016-07-06 00:00:00-04:00,59.0099983215332,60.290000915527344,58.7599983215332,60.189998626708984,47.393898010253906,20429800,0.0,0.0
2016-07-07 00:00:00-04:00,60.52000045776367,61.13999938964844,60.15999984741211,60.58000183105469,47.70100402832031,13771400,0.0,0.0
2016-07-08 00:00:00-04:00,61.33000183105469,62.16999816894531,61.33000183105469,61.83000183105469,48.685245513916016,16998800,0.0,0.0
2016-07-11 00:00:00-04:00,62.41999816894531,62.95000076293945,62.13999938964844,62.27000045776367,49.03171157836914,13151400,0.0,0.0
2016-07-12 00:00:00-04:00,63.029998779296875,63.560001373291016,62.88999938964844,63.20000076293945,49.76399230957031,16588100,0.0,0.0
2016-07-13 00:00:00-04:00,63.08000183105469,63.43000030517578,62.63999938964844,63.15999984741211,49.73249816894531,18526900,0.0,0.0
2016-07-14 00:00:00-04:00,64.73999786376953,64.9800033569336,64.05000305175781,64.12000274658203,50.48841094970703,28985900,0.0,0.0
2016-07-15 00:00:00-04:00,64.75,64.80000305175781,63.61000061035156,64.18000030517578,50.535648345947266,17607100,0.0,0.0
2016-07-18 00:00:00-04:00,64.12999725341797,64.4000015258789,63.900001525878906,63.959999084472656,50.36243438720703,10824400,0.0,0.0
2016-07-19 00:00:00-04:00,63.61000061035156,64.0999984741211,63.459999084472656,63.86000061035156,50.28368377685547,9737400,0.0,0.0
2016-07-20 00:00:00-04:00,64.11000061035156,64.2300033569336,63.709999084472656,63.93000030517578,50.33881378173828,10411100,0.0,0.0
2016-07-21 00:00:00-04:00,64.0,64.18000030517578,63.630001068115234,63.689998626708984,50.14982604980469,9808700,0.0,0.0
2016-07-22 00:00:00-04:00,63.900001525878906,64.08999633789062,63.599998474121094,64.04000091552734,50.425418853759766,8195700,0.0,0.0
2016-07-25 00:00:00-04:00,63.97999954223633,64.16999816894531,63.68000030517578,63.869998931884766,50.291561126708984,8168300,0.0,0.0
2016-07-26 00:00:00-04:00,63.97999954223633,64.26000213623047,63.709999084472656,64.12999725341797,50.49628448486328,8067800,0.0,0.0
2016-07-27 00:00:00-04:00,64.08000183105469,64.69000244140625,64.05999755859375,64.33000183105469,50.653770446777344,11806800,0.0,0.0
2016-07-28 00:00:00-04:00,64.0,64.19000244140625,63.720001220703125,64.0999984741211,50.47266387939453,10013400,0.0,0.0
2016-07-29 00:00:00-04:00,63.79999923706055,64.29000091552734,63.75,63.970001220703125,50.370304107666016,13210400,0.0,0.0
2016-08-01 00:00:00-04:00,64.1500015258789,64.30999755859375,63.61000061035156,63.79999923706055,50.2364387512207,11422600,0.0,0.0
2016-08-02 00:00:00-04:00,63.59000015258789,64.01000213623047,63.380001068115234,63.650001525878906,50.11833572387695,13550000,0.0,0.0
2016-08-03 00:00:00-04:00,63.689998626708984,64.66999816894531,63.650001525878906,64.66000366210938,50.913612365722656,13122300,0.0,0.0
2016-08-04 00:00:00-04:00,64.48999786376953,64.81999969482422,64.2699966430664,64.55999755859375,50.83487319946289,9873000,0.0,0.0
2016-08-05 00:00:00-04:00,65.13999938964844,66.37000274658203,65.06999969482422,66.30000305175781,52.2049674987793,20752700,0.0,0.0
2016-08-08 00:00:00-04:00,66.06999969482422,66.48999786376953,65.83999633789062,66.0999984741211,52.04746627807617,11359200,0.0,0.0
2016-08-09 00:00:00-04:00,66.18000030517578,66.27999877929688,65.69000244140625,65.87000274658203,51.86637878417969,10097000,0.0,0.0
2016-08-10 00:00:00-04:00,65.91999816894531,66.06999969482422,65.16000366210938,65.27999877929688,51.40180206298828,11556100,0.0,0.0
2016-08-11 00:00:00-04:00,65.2699966430664,65.69000244140625,65.0199966430664,65.45999908447266,51.54352951049805,9604500,0.0,0.0
2016-08-12 00:00:00-04:00,64.97000122070312,65.3499984741211,64.86000061035156,65.31999969482422,51.433292388916016,7685400,0.0,0.0
2016-08-15 00:00:00-04:00,65.55999755859375,65.83000183105469,65.45999908447266,65.72000122070312,51.748252868652344,8371600,0.0,0.0
2016-08-16 00:00:00-04:00,65.36000061035156,65.95999908447266,65.23999786376953,65.70999908447266,51.74039077758789,10128900,0.0,0.0
2016-08-17 00:00:00-04:00,65.80000305175781,65.9800033569336,65.54000091552734,65.88999938964844,51.882110595703125,11868100,0.0,0.0
2016-08-18 00:00:00-04:00,65.62000274658203,65.98999786376953,65.52999877929688,65.94999694824219,51.92935562133789,9313600,0.0,0.0
2016-08-19 00:00:00-04:00,65.72000122070312,65.91000366210938,65.22000122070312,65.86000061035156,51.858497619628906,9084900,0.0,0.0
2016-08-22 00:00:00-04:00,65.75,65.87999725341797,65.41000366210938,65.80000305175781,51.81126022338867,9055600,0.0,0.0
2016-08-23 00:00:00-04:00,66.06999969482422,66.33999633789062,65.76000213623047,65.7699966430664,51.787620544433594,8949600,0.0,0.0
2016-08-24 00:00:00-04:00,65.98999786376953,66.2300033569336,65.7699966430664,65.94999694824219,51.92935562133789,10167200,0.0,0.0
2016-08-25 00:00:00-04:00,65.91000366210938,66.13999938964844,65.79000091552734,66.06999969482422,52.02385711669922,9978700,0.0,0.0
2016-08-26 00:00:00-04:00,66.33000183105469,66.87999725341797,65.8499984741211,66.22000122070312,52.14196014404297,14038600,0.0,0.0
2016-08-29 00:00:00-04:00,66.48999786376953,67.0999984741211,66.45999908447266,66.94999694824219,52.71675491333008,14583100,0.0,0.0
2016-08-30 00:00:00-04:00,66.94999694824219,67.5999984741211,66.94999694824219,67.5,53.14984130859375,13791200,0.0,0.0
2016-08-31 00:00:00-04:00,67.45999908447266,67.7699966430664,66.86000061035156,67.5,53.14984130859375,14952300,0.0,0.0
2016-09-01 00:00:00-04:00,67.63999938964844,67.72000122070312,66.6500015258789,67.20999908447266,52.921485900878906,12226500,0.0,0.0
2016-09-02 00:00:00-04:00,67.4000015258789,67.58000183105469,66.9800033569336,67.48999786376953,53.14196014404297,13720700,0.0,0.0
2016-09-06 00:00:00-04:00,67.5,67.55000305175781,66.70999908447266,67.44000244140625,53.10260009765625,16649400,0.0,0.0
2016-09-07 00:00:00-04:00,67.16000366210938,67.58999633789062,66.95999908447266,67.16000366210938,52.88212585449219,10070400,0.0,0.0
2016-09-08 00:00:00-04:00,67.22000122070312,67.68000030517578,67.0,67.25,52.9529914855957,12253000,0.0,0.0
2016-09-09 00:00:00-04:00,67.02999877929688,67.43000030517578,66.63999938964844,66.6500015258789,52.48054885864258,19686900,0.0,0.0
2016-09-12 00:00:00-04:00,66.13999938964844,67.30000305175781,65.76000213623047,67.05999755859375,52.803382873535156,16453000,0.0,0.0
2016-09-13 00:00:00-04:00,66.11000061035156,66.86000061035156,65.81999969482422,66.52999877929688,52.38605880737305,18876100,0.0,0.0
2016-09-14 00:00:00-04:00,66.2699966430664,67.25,66.20999908447266,66.4000015258789,52.283687591552734,12648600,0.0,0.0
2016-09-15 00:00:00-04:00,66.29000091552734,66.93000030517578,66.08999633789062,66.63999938964844,52.47267532348633,12531300,0.0,0.0
2016-09-16 00:00:00-04:00,66.08999633789062,66.26000213623047,65.44000244140625,65.81999969482422,51.827003479003906,25161500,0.0,0.0
2016-09-19 00:00:00-04:00,66.1500015258789,66.63999938964844,65.8499984741211,66.19000244140625,52.118350982666016,13466900,0.0,0.0
2016-09-20 00:00:00-04:00,66.75,66.8499984741211,66.23999786376953,66.45999908447266,52.3309326171875,10092200,0.0,0.0
2016-09-21 00:00:00-04:00,66.83999633789062,67.12999725341797,66.30999755859375,66.83999633789062,52.630157470703125,14116800,0.0,0.0
2016-09-22 00:00:00-04:00,66.98999786376953,67.41999816894531,66.83999633789062,67.38999938964844,53.0632209777832,12781700,0.0,0.0
2016-09-23 00:00:00-04:00,67.38999938964844,67.9000015258789,67.18000030517578,67.25,52.9529914855957,13967400,0.0,0.0
2016-09-26 00:00:00-04:00,66.5999984741211,66.80000305175781,65.54000091552734,65.77999877929688,51.795509338378906,16408100,0.0,0.0
2016-09-27 00:00:00-04:00,65.41000366210938,66.41000366210938,65.11000061035156,66.36000061035156,52.252197265625,13711400,0.0,0.0
2016-09-28 00:00:00-04:00,66.58000183105469,66.7699966430664,65.98999786376953,66.70999908447266,52.527801513671875,11278000,0.0,0.0
2016-09-29 00:00:00-04:00,66.69999694824219,67.20999908447266,65.3499984741211,65.6500015258789,51.69314193725586,18727200,0.0,0.0
2016-09-30 00:00:00-04:00,66.08000183105469,67.05999755859375,66.08000183105469,66.58999633789062,52.433292388916016,21680100,0.0,0.0
2016-10-03 00:00:00-04:00,66.3499984741211,66.91999816894531,66.26000213623047,66.51000213623047,52.37031555175781,14901700,0.0,0.0
2016-10-04 00:00:00-04:00,66.20999908447266,67.18000030517578,66.0999984741211,66.5999984741211,52.82239532470703,17226900,0.48,0.0
2016-10-05 00:00:00-04:00,66.88999938964844,68.06999969482422,66.80000305175781,67.69000244140625,53.68689727783203,16280000,0.0,0.0
2016-10-06 00:00:00-04:00,67.7300033569336,67.97000122070312,67.05000305175781,67.87000274658203,53.82965850830078,17485000,0.0,0.0
2016-10-07 00:00:00-04:00,67.79000091552734,68.18000030517578,67.4000015258789,68.11000061035156,54.02001953125,18497000,0.0,0.0
2016-10-10 00:00:00-04:00,68.33999633789062,69.05999755859375,68.2300033569336,68.63999938964844,54.44036102294922,13027500,0.0,0.0
2016-10-11 00:00:00-04:00,68.5,68.81999969482422,67.93000030517578,68.30999755859375,54.17863464355469,15657100,0.0,0.0
2016-10-12 00:00:00-04:00,68.26000213623047,68.58999633789062,68.05000305175781,68.12999725341797,54.035888671875,11899800,0.0,0.0
2016-10-13 00:00:00-04:00,67.45999908447266,67.87000274658203,66.81999969482422,67.73999786376953,53.72655487060547,17890000,0.0,0.0
2016-10-14 00:00:00-04:00,68.80000305175781,69.02999877929688,67.30000305175781,67.5199966430664,53.55205154418945,24163800,0.0,0.0
2016-10-17 00:00:00-04:00,67.41999816894531,67.79000091552734,66.73999786376953,67.16999816894531,53.274471282958984,14963400,0.0,0.0
2016-10-18 00:00:00-04:00,67.8499984741211,68.20999908447266,67.54000091552734,67.69999694824219,53.6948356628418,11870300,0.0,0.0
2016-10-19 00:00:00-04:00,67.80999755859375,68.5,67.80999755859375,68.3499984741211,54.21036148071289,12705800,0.0,0.0
2016-10-20 00:00:00-04:00,68.08000183105469,68.68000030517578,67.94000244140625,68.26000213623047,54.138980865478516,14122000,0.0,0.0
2016-10-21 00:00:00-04:00,67.80999755859375,68.52999877929688,67.69999694824219,68.48999786376953,54.32139587402344,12175700,0.0,0.0
2016-10-24 00:00:00-04:00,68.97000122070312,69.05000305175781,68.5,68.87000274658203,54.622798919677734,10197100,0.0,0.0
2016-10-25 00:00:00-04:00,68.87999725341797,68.93000030517578,68.37999725341797,68.80000305175781,54.567283630371094,9945100,0.0,0.0
2016-10-26 00:00:00-04:00,68.37000274658203,69.25,68.37000274658203,69.12999725341797,54.82902145385742,9801300,0.0,0.0
2016-10-27 00:00:00-04:00,69.48999786376953,69.7699966430664,69.0999984741211,69.2300033569336,54.90831756591797,14210700,0.0,0.0
2016-10-28 00:00:00-04:00,69.52999877929688,69.55000305175781,68.47000122070312,69.11000061035156,54.81314468383789,12766500,0.0,0.0
2016-10-31 00:00:00-04:00,69.43000030517578,69.58000183105469,69.2300033569336,69.26000213623047,54.93212127685547,14336300,0.0,0.0
2016-11-01 00:00:00-04:00,69.4800033569336,69.77999877929688,68.33000183105469,68.97000122070312,54.70210647583008,15564500,0.0,0.0
2016-11-02 00:00:00-04:00,68.6500015258789,68.8499984741211,68.01000213623047,68.68000030517578,54.47210693359375,12449800,0.0,0.0
2016-11-03 00:00:00-04:00,68.86000061035156,69.19000244140625,68.22000122070312,68.37999725341797,54.23415756225586,10369700,0.0,0.0
2016-11-04 00:00:00-04:00,68.48999786376953,68.55999755859375,67.63999938964844,67.76000213623047,53.742427825927734,13571300,0.0,0.0
2016-11-07 00:00:00-05:00,69.08000183105469,69.97000122070312,69.0,69.87999725341797,55.42384719848633,16515100,0.0,0.0
2016-11-08 00:00:00-05:00,69.69999694824219,70.55000305175781,69.23999786376953,70.02999877929688,55.54281997680664,17531700,0.0,0.0
2016-11-09 00:00:00-05:00,71.45999908447266,74.1500015258789,71.31999969482422,73.25,58.09669876098633,50948400,0.0,0.0
2016-11-10 00:00:00-05:00,74.22000122070312,77.25,74.22000122070312,76.6500015258789,60.79334259033203,56192300,0.0,0.0
2016-11-11 00:00:00-05:00,76.30000305175781,76.72000122070312,75.7699966430664,76.69000244140625,60.825069427490234,27574300,0.0,0.0
2016-11-14 00:00:00-05:00,77.25,80.44000244140625,77.25,79.51000213623047,63.06169891357422,46130700,0.0,0.0
2016-11-15 00:00:00-05:00,78.37000274658203,79.41000366210938,77.77999877929688,79.36000061035156,62.94270324707031,28126300,0.0,0.0
2016-11-16 00:00:00-05:00,78.22000122070312,78.3499984741211,76.87999725341797,77.4000015258789,61.38817596435547,26054900,0.0,0.0
2016-11-17 00:00:00-05:00,77.93000030517578,78.45999908447266,77.5999984741211,78.0199966430664,61.87993621826172,19306700,0.0,0.0
2016-11-18 00:00:00-05:00,77.95999908447266,78.41999816894531,77.55000305175781,77.70999908447266,61.634056091308594,19770000,0.0,0.0
2016-11-21 00:00:00-05:00,78.0,78.16999816894531,77.29000091552734,78.05000305175781,61.90372085571289,11983500,0.0,0.0
2016-11-22 00:00:00-05:00,78.3499984741211,78.55999755859375,77.76000213623047,78.52999877929688,62.2844123840332,14410100,0.0,0.0
2016-11-23 00:00:00-05:00,78.87000274658203,79.23999786376953,77.88999938964844,78.86000061035156,62.546146392822266,13373700,0.0,0.0
2016-11-25 00:00:00-05:00,79.0999984741211,79.44999694824219,78.47000122070312,78.83000183105469,62.522369384765625,6185700,0.0,0.0
2016-11-28 00:00:00-05:00,78.18000030517578,78.87000274658203,78.0199966430664,78.31999969482422,62.11784744262695,13007200,0.0,0.0
2016-11-29 00:00:00-05:00,78.38999938964844,79.16000366210938,78.38999938964844,78.91999816894531,62.59375762939453,14144100,0.0,0.0
2016-11-30 00:00:00-05:00,79.91999816894531,80.52999877929688,79.69999694824219,80.16999816894531,63.585174560546875,25351900,0.0,0.0
2016-12-01 00:00:00-05:00,80.6500015258789,82.27999877929688,80.6500015258789,81.79000091552734,64.8700180053711,23823600,0.0,0.0
2016-12-02 00:00:00-05:00,81.80000305175781,81.83000183105469,80.9000015258789,81.5999984741211,64.71931457519531,16931500,0.0,0.0
2016-12-05 00:00:00-05:00,82.30000305175781,83.29000091552734,82.29000091552734,83.26000213623047,66.0359115600586,18529800,0.0,0.0
2016-12-06 00:00:00-05:00,83.5999984741211,83.80999755859375,82.43000030517578,83.69000244140625,66.37696075439453,16130000,0.0,0.0
2016-12-07 00:00:00-05:00,83.55000305175781,84.08999633789062,82.8499984741211,84.06999969482422,66.67835998535156,18996900,0.0,0.0
2016-12-08 00:00:00-05:00,84.2300033569336,85.5,83.94000244140625,85.12000274658203,67.51114654541016,20844900,0.0,0.0
2016-12-09 00:00:00-05:00,85.0199966430664,85.5,84.13999938964844,85.48999786376953,67.8045883178711,14567200,0.0,0.0
2016-12-12 00:00:00-05:00,85.36000061035156,85.79000091552734,84.29000091552734,84.7300033569336,67.20181274414062,14511300,0.0,0.0
2016-12-13 00:00:00-05:00,84.9800033569336,85.66999816894531,83.81999969482422,84.76000213623047,67.22563171386719,16669000,0.0,0.0
2016-12-14 00:00:00-05:00,83.87999725341797,86.12000274658203,83.76000213623047,84.7300033569336,67.20181274414062,22622600,0.0,0.0
2016-12-15 00:00:00-05:00,85.4000015258789,86.48999786376953,84.9000015258789,86.0,68.20909881591797,19438900,0.0,0.0
2016-12-16 00:00:00-05:00,86.29000091552734,86.29000091552734,84.88999938964844,84.94000244140625,67.36837768554688,23008500,0.0,0.0
2016-12-19 00:00:00-05:00,84.80000305175781,85.44000244140625,84.19000244140625,85.43000030517578,67.75701904296875,21685100,0.0,0.0
2016-12-20 00:00:00-05:00,85.79000091552734,86.54000091552734,85.55000305175781,86.52999877929688,68.62946319580078,14587300,0.0,0.0
2016-12-21 00:00:00-05:00,86.43000030517578,86.80999755859375,86.02999877929688,86.75,68.80393981933594,11400500,0.0,0.0
2016-12-22 00:00:00-05:00,86.44000244140625,87.16999816894531,86.20999908447266,86.88999938964844,68.91496276855469,13924200,0.0,0.0
2016-12-23 00:00:00-05:00,87.0,87.1500015258789,86.4000015258789,87.05000305175781,69.04187774658203,10759400,0.0,0.0
2016-12-27 00:00:00-05:00,87.05000305175781,87.16000366210938,86.75,87.12999725341797,69.10531616210938,6946400,0.0,0.0
2016-12-28 00:00:00-05:00,87.16000366210938,87.38999938964844,86.3499984741211,86.5,68.60565948486328,9455600,0.0,0.0
2016-12-29 00:00:00-05:00,86.58000183105469,86.66999816894531,85.04000091552734,85.88999938964844,68.12184143066406,14689000,0.0,0.0
2016-12-30 00:00:00-05:00,86.0999984741211,86.41999816894531,85.66000366210938,86.29000091552734,68.43912506103516,13617800,0.0,0.0
2017-01-03 00:00:00-05:00,87.33999633789062,87.76000213623047,85.9800033569336,87.2300033569336,69.18462371826172,20550700,0.0,0.0
2017-01-04 00:00:00-05:00,86.95999908447266,87.18000030517578,86.4000015258789,86.91000366210938,69.31226348876953,15266600,0.48,0.0
2017-01-05 00:00:00-05:00,86.80999755859375,87.11000061035156,85.26000213623047,86.11000061035156,68.67424011230469,14300800,0.0,0.0
2017-01-06 00:00:00-05:00,86.38999938964844,86.62000274658203,85.94000244140625,86.12000274658203,68.68221282958984,12893300,0.0,0.0
2017-01-09 00:00:00-05:00,85.7300033569336,86.7699966430664,85.5199966430664,86.18000030517578,68.73004913330078,12806600,0.0,0.0
2017-01-10 00:00:00-05:00,86.06999969482422,86.9000015258789,85.72000122070312,86.43000030517578,68.92942810058594,13989000,0.0,0.0
2017-01-11 00:00:00-05:00,86.43000030517578,87.08000183105469,85.91000366210938,87.08000183105469,69.44782257080078,14713100,0.0,0.0
2017-01-12 00:00:00-05:00,86.76000213623047,87.2699966430664,86.0199966430664,86.23999786376953,68.77791595458984,21337400,0.0,0.0
2017-01-13 00:00:00-05:00,87.11000061035156,88.16999816894531,86.0999984741211,86.69999694824219,69.144775390625,28296000,0.0,0.0
2017-01-17 00:00:00-05:00,84.93000030517578,85.22000122070312,83.27999877929688,83.55000305175781,66.63260650634766,30024600,0.0,0.0
2017-01-18 00:00:00-05:00,83.62999725341797,84.2300033569336,83.02999877929688,83.94000244140625,66.9436264038086,21270100,0.0,0.0
2017-01-19 00:00:00-05:00,84.05999755859375,84.66999816894531,83.12000274658203,83.30000305175781,66.4332046508789,16555600,0.0,0.0
2017-01-20 00:00:00-05:00,83.43000030517578,83.83000183105469,83.29000091552734,83.66999816894531,66.7282943725586,18436800,0.0,0.0
2017-01-23 00:00:00-05:00,83.30000305175781,84.0,83.20999908447266,83.70999908447266,66.76019287109375,12179200,0.0,0.0
2017-01-24 00:00:00-05:00,83.91999816894531,85.0,83.55999755859375,84.72000122070312,67.56568145751953,15175300,0.0,0.0
2017-01-25 00:00:00-05:00,85.83999633789062,86.16999816894531,85.16999816894531,86.02999877929688,68.61041259765625,17551000,0.0,0.0
2017-01-26 00:00:00-05:00,85.94999694824219,86.94999694824219,85.94999694824219,86.75,69.18463134765625,15962800,0.0,0.0
2017-01-27 00:00:00-05:00,86.66000366210938,86.9800033569336,86.2699966430664,86.93000030517578,69.32819366455078,12535400,0.0,0.0
2017-01-30 00:00:00-05:00,86.19000244140625,86.5,85.31999969482422,86.02999877929688,68.61041259765625,13661900,0.0,0.0
2017-01-31 00:00:00-05:00,85.5999984741211,86.1500015258789,84.08999633789062,84.62999725341797,67.49390411376953,15655100,0.0,0.0
2017-02-01 00:00:00-05:00,85.54000091552734,86.0999984741211,84.68000030517578,84.94999694824219,67.74910736083984,15430900,0.0,0.0
2017-02-02 00:00:00-05:00,84.33999633789062,84.91000366210938,84.16000366210938,84.58999633789062,67.46200561523438,11081400,0.0,0.0
2017-02-03 00:00:00-05:00,86.19000244140625,87.30999755859375,85.87000274658203,87.18000030517578,69.52758026123047,17885200,0.0,0.0
2017-02-06 00:00:00-05:00,86.79000091552734,87.44999694824219,86.61000061035156,86.7699966430664,69.2005844116211,11828400,0.0,0.0
2017-02-07 00:00:00-05:00,87.13999938964844,87.4000015258789,86.4800033569336,86.72000122070312,69.16072845458984,9392800,0.0,0.0
2017-02-08 00:00:00-05:00,86.18000030517578,86.30999755859375,85.37000274658203,85.95999908447266,68.55460357666016,13970900,0.0,0.0
2017-02-09 00:00:00-05:00,85.95999908447266,87.33000183105469,85.95999908447266,87.19999694824219,69.54353332519531,13749100,0.0,0.0
2017-02-10 00:00:00-05:00,87.4800033569336,87.4800033569336,86.88999938964844,87.0,69.38402557373047,10992500,0.0,0.0
2017-02-13 00:00:00-05:00,87.44000244140625,88.73999786376953,87.43000030517578,88.1500015258789,70.30118560791016,18739100,0.0,0.0
2017-02-14 00:00:00-05:00,88.30000305175781,89.69999694824219,88.11000061035156,89.55999755859375,71.4256591796875,17932100,0.0,0.0
2017-02-15 00:00:00-05:00,90.08000183105469,90.87000274658203,89.3499984741211,90.58999633789062,72.24711608886719,17381800,0.0,0.0
2017-02-16 00:00:00-05:00,90.4000015258789,91.04000091552734,89.7699966430664,90.52999877929688,72.19924926757812,17672700,0.0,0.0
2017-02-17 00:00:00-05:00,89.81999969482422,90.47000122070312,89.69000244140625,90.2300033569336,71.96000671386719,15776600,0.0,0.0
2017-02-21 00:00:00-05:00,90.51000213623047,91.1500015258789,90.45999908447266,91.01000213623047,72.58206939697266,14068300,0.0,0.0
2017-02-22 00:00:00-05:00,90.5199966430664,91.30000305175781,90.41999816894531,91.05999755859375,72.62195587158203,11839000,0.0,0.0
2017-02-23 00:00:00-05:00,91.18000030517578,91.33999633789062,90.5199966430664,91.12999725341797,72.67778778076172,11067000,0.0,0.0
2017-02-24 00:00:00-05:00,90.18000030517578,90.54000091552734,89.7300033569336,90.33000183105469,72.03976440429688,15062300,0.0,0.0
2017-02-27 00:00:00-05:00,90.31999969482422,90.7300033569336,90.0199966430664,90.43000030517578,72.11949157714844,12361000,0.0,0.0
2017-02-28 00:00:00-05:00,89.8499984741211,90.81999969482422,89.58999633789062,90.62000274658203,72.27103424072266,15183500,0.0,0.0
2017-03-01 00:00:00-05:00,92.79000091552734,93.9800033569336,92.61000061035156,93.5999984741211,74.64763641357422,24451400,0.0,0.0
2017-03-02 00:00:00-05:00,93.87000274658203,93.91999816894531,92.02999877929688,92.13999938964844,73.4832763671875,16862500,0.0,0.0
2017-03-03 00:00:00-05:00,92.13999938964844,93.11000061035156,92.13999938964844,92.80000305175781,74.00963592529297,12817500,0.0,0.0
2017-03-06 00:00:00-05:00,92.25,92.31999969482422,91.0999984741211,91.91999816894531,73.30779266357422,15059200,0.0,0.0
2017-03-07 00:00:00-05:00,91.63999938964844,92.08999633789062,91.20999908447266,91.41000366210938,72.90108489990234,11156800,0.0,0.0
2017-03-08 00:00:00-05:00,92.68000030517578,92.8499984741211,91.0999984741211,91.20999908447266,72.7415542602539,17378400,0.0,0.0
2017-03-09 00:00:00-05:00,91.5999984741211,92.13999938964844,91.1500015258789,91.56999969482422,73.0286636352539,13726200,0.0,0.0
2017-03-10 00:00:00-05:00,91.94999694824219,92.0,90.52999877929688,91.27999877929688,72.79739379882812,13729900,0.0,0.0
2017-03-13 00:00:00-04:00,91.30999755859375,91.77999877929688,90.93000030517578,91.36000061035156,72.86121368408203,10004300,0.0,0.0
2017-03-14 00:00:00-04:00,91.0199966430664,91.6500015258789,90.7699966430664,91.51000213623047,72.98080444335938,10237700,0.0,0.0
2017-03-15 00:00:00-04:00,91.80000305175781,92.55000305175781,91.12999725341797,91.7300033569336,73.15628814697266,16601400,0.0,0.0
2017-03-16 00:00:00-04:00,92.02999877929688,92.80999755859375,91.56999969482422,91.63999938964844,73.0844955444336,14492000,0.0,0.0
2017-03-17 00:00:00-04:00,91.83000183105469,92.04000091552734,90.6500015258789,90.68000030517578,72.31887817382812,21734700,0.0,0.0
2017-03-20 00:00:00-04:00,90.2699966430664,91.16999816894531,89.79000091552734,90.02999877929688,71.80049896240234,14623600,0.0,0.0
2017-03-21 00:00:00-04:00,90.36000061035156,90.63999938964844,87.05999755859375,87.38999938964844,69.69506072998047,33089200,0.0,0.0
2017-03-22 00:00:00-04:00,86.88999938964844,88.06999969482422,86.01000213623047,87.52999877929688,69.80669403076172,21741000,0.0,0.0
2017-03-23 00:00:00-04:00,87.20999908447266,88.5,87.08999633789062,87.38999938964844,69.69506072998047,16090100,0.0,0.0
2017-03-24 00:00:00-04:00,87.79000091552734,88.08999633789062,86.7699966430664,87.29000091552734,69.61530303955078,16093200,0.0,0.0
2017-03-27 00:00:00-04:00,85.52999877929688,87.4000015258789,85.2300033569336,87.23999786376953,69.57543182373047,16689300,0.0,0.0
2017-03-28 00:00:00-04:00,87.0199966430664,89.0199966430664,86.9800033569336,88.5999984741211,70.66004943847656,16264400,0.0,0.0
2017-03-29 00:00:00-04:00,88.5999984741211,88.81999969482422,88.08000183105469,88.2699966430664,70.39685821533203,10207600,0.0,0.0
2017-03-30 00:00:00-04:00,88.19999694824219,89.45999908447266,88.12000274658203,89.02999877929688,71.00299835205078,11631000,0.0,0.0
2017-03-31 00:00:00-04:00,88.70999908447266,88.73999786376953,87.75,87.83999633789062,70.0539321899414,16987600,0.0,0.0
2017-04-03 00:00:00-04:00,87.98999786376953,88.16999816894531,86.5999984741211,87.5199966430664,69.79873657226562,19831800,0.0,0.0
2017-04-04 00:00:00-04:00,86.88999938964844,87.66999816894531,86.72000122070312,87.30999755859375,70.0313491821289,14280800,0.5,0.0
2017-04-05 00:00:00-04:00,88.41999816894531,88.54000091552734,86.12999725341797,86.19000244140625,69.13299560546875,17635500,0.0,0.0
2017-04-06 00:00:00-04:00,85.9800033569336,86.91000366210938,85.25,86.4800033569336,69.36561584472656,14379600,0.0,0.0
2017-04-07 00:00:00-04:00,85.93000030517578,86.80999755859375,85.70999908447266,86.18000030517578,69.12495422363281,13097100,0.0,0.0
2017-04-10 00:00:00-04:00,86.08000183105469,86.69000244140625,85.4000015258789,85.87999725341797,68.88434600830078,15081600,0.0,0.0
2017-04-11 00:00:00-04:00,85.54000091552734,85.79000091552734,84.80000305175781,85.7300033569336,68.7640151977539,14690500,0.0,0.0
2017-04-12 00:00:00-04:00,85.93000030517578,85.94999694824219,85.02999877929688,85.4000015258789,68.49932098388672,14730600,0.0,0.0
2017-04-13 00:00:00-04:00,85.5,86.98999786376953,84.4000015258789,84.4000015258789,67.69720458984375,30529800,0.0,0.0
2017-04-17 00:00:00-04:00,84.44000244140625,86.08000183105469,84.37000274658203,85.86000061035156,68.8683090209961,19071700,0.0,0.0
2017-04-18 00:00:00-04:00,85.36000061035156,85.62999725341797,84.73999786376953,85.16000366210938,68.30681610107422,14127000,0.0,0.0
2017-04-19 00:00:00-04:00,85.5,85.91999816894531,84.36000061035156,84.45999908447266,67.74535369873047,17588500,0.0,0.0
2017-04-20 00:00:00-04:00,84.9800033569336,85.77999877929688,84.55000305175781,85.55000305175781,68.61963653564453,15635800,0.0,0.0
2017-04-21 00:00:00-04:00,85.5,85.68000030517578,84.51000213623047,84.5199966430664,67.7934799194336,19820600,0.0,0.0
2017-04-24 00:00:00-04:00,86.55000305175781,88.05000305175781,86.41999816894531,87.5,70.1837387084961,25468300,0.0,0.0
2017-04-25 00:00:00-04:00,88.55000305175781,89.12999725341797,88.26000213623047,88.26000213623047,70.79334259033203,18253800,0.0,0.0
2017-04-26 00:00:00-04:00,88.3499984741211,89.05000305175781,88.13999938964844,88.43000030517578,70.92967987060547,12832200,0.0,0.0
2017-04-27 00:00:00-04:00,88.37000274658203,88.37000274658203,87.01000213623047,87.61000061035156,70.27197265625,13329000,0.0,0.0
2017-04-28 00:00:00-04:00,87.5999984741211,87.8499984741211,86.94999694824219,87.0,69.78272247314453,10755600,0.0,0.0
2017-05-01 00:00:00-04:00,87.36000061035156,87.73999786376953,86.55999755859375,87.05999755859375,69.83081817626953,15712300,0.0,0.0
2017-05-02 00:00:00-04:00,86.70999908447266,86.87999725341797,86.0199966430664,86.5,69.38164520263672,14414200,0.0,0.0
2017-05-03 00:00:00-04:00,86.05999755859375,87.0999984741211,86.0199966430664,87.0,69.78272247314453,11540500,0.0,0.0
2017-05-04 00:00:00-04:00,87.69000244140625,87.7300033569336,86.56999969482422,87.0999984741211,69.86289978027344,11540100,0.0,0.0
2017-05-05 00:00:00-04:00,87.25,87.33999633789062,86.41999816894531,87.0,69.78272247314453,9436000,0.0,0.0
2017-05-08 00:00:00-04:00,87.04000091552734,87.31999969482422,86.6500015258789,87.0999984741211,69.86289978027344,8162200,0.0,0.0
2017-05-09 00:00:00-04:00,87.26000213623047,87.83999633789062,86.5,86.75,69.5821533203125,10273900,0.0,0.0
2017-05-10 00:00:00-04:00,86.52999877929688,87.4800033569336,86.47000122070312,87.43000030517578,70.12760162353516,8334900,0.0,0.0
2017-05-11 00:00:00-04:00,87.08999633789062,87.4800033569336,86.3499984741211,87.16000366210938,69.9110336303711,10907400,0.0,0.0
2017-05-12 00:00:00-04:00,86.68000030517578,87.05000305175781,86.33999633789062,86.91999816894531,69.7185287475586,8738800,0.0,0.0
2017-05-15 00:00:00-04:00,87.0999984741211,87.48999786376953,86.86000061035156,87.33999633789062,70.05540466308594,8835600,0.0,0.0
2017-05-16 00:00:00-04:00,87.36000061035156,88.08999633789062,87.33999633789062,87.61000061035156,70.27197265625,9795000,0.0,0.0
2017-05-17 00:00:00-04:00,87.61000061035156,87.61000061035156,83.97000122070312,84.2699966430664,67.59294128417969,24679700,0.0,0.0
2017-05-18 00:00:00-04:00,84.06999969482422,84.80000305175781,83.36000061035156,83.95999908447266,67.34430694580078,23350100,0.0,0.0
2017-05-19 00:00:00-04:00,84.20999908447266,85.33999633789062,84.1500015258789,84.77999877929688,68.00203704833984,13412900,0.0,0.0
2017-05-22 00:00:00-04:00,85.18000030517578,85.29000091552734,84.20999908447266,84.69999694824219,67.9378662109375,11636000,0.0,0.0
2017-05-23 00:00:00-04:00,84.75,86.06999969482422,84.51000213623047,85.76000213623047,68.78810119628906,11753000,0.0,0.0
2017-05-24 00:00:00-04:00,85.87999725341797,85.97000122070312,85.23999786376953,85.70999908447266,68.74798583984375,9833800,0.0,0.0
2017-05-25 00:00:00-04:00,85.98999786376953,86.08000183105469,85.08000183105469,85.3499984741211,68.45921325683594,12238500,0.0,0.0
2017-05-26 00:00:00-04:00,85.11000061035156,85.55999755859375,85.0199966430664,85.36000061035156,68.46724700927734,8113500,0.0,0.0
2017-05-30 00:00:00-04:00,85.12999725341797,85.1500015258789,83.77999877929688,83.9000015258789,67.29619598388672,12603200,0.0,0.0
2017-05-31 00:00:00-04:00,83.7300033569336,83.81999969482422,81.63999938964844,82.1500015258789,65.89250183105469,28327900,0.0,0.0
2017-06-01 00:00:00-04:00,82.45999908447266,83.08000183105469,81.6500015258789,83.05999755859375,66.62242126464844,17123500,0.0,0.0
2017-06-02 00:00:00-04:00,82.29000091552734,82.98999786376953,81.9800033569336,82.63999938964844,66.28553771972656,14998500,0.0,0.0
2017-06-05 00:00:00-04:00,82.63999938964844,83.51000213623047,82.58000183105469,82.79000091552734,66.40585327148438,9080200,0.0,0.0
2017-06-06 00:00:00-04:00,82.29000091552734,83.22000122070312,82.12999725341797,82.95999908447266,66.54219818115234,12196800,0.0,0.0
2017-06-07 00:00:00-04:00,83.30999755859375,84.11000061035156,83.0999984741211,83.91000366210938,67.30419921875,13711100,0.0,0.0
2017-06-08 00:00:00-04:00,83.91000366210938,85.7300033569336,83.88999938964844,84.94999694824219,68.13838195800781,17951000,0.0,0.0
2017-06-09 00:00:00-04:00,85.51000213623047,87.05000305175781,85.38999938964844,86.95999908447266,69.75060272216797,19120200,0.0,0.0
2017-06-12 00:00:00-04:00,86.95999908447266,87.73999786376953,86.88999938964844,86.9800033569336,69.76663970947266,16053400,0.0,0.0
2017-06-13 00:00:00-04:00,87.55000305175781,87.8499984741211,86.9800033569336,87.2699966430664,69.99923706054688,12557200,0.0,0.0
2017-06-14 00:00:00-04:00,86.7699966430664,87.30999755859375,85.81999969482422,87.08999633789062,69.8548812866211,16175700,0.0,0.0
2017-06-15 00:00:00-04:00,86.25,87.08000183105469,86.23999786376953,86.56999969482422,69.43777465820312,12509700,0.0,0.0
2017-06-16 00:00:00-04:00,86.8499984741211,86.95999908447266,86.0199966430664,86.18000030517578,69.12495422363281,16936600,0.0,0.0
2017-06-19 00:00:00-04:00,86.97000122070312,88.2300033569336,86.8499984741211,88.06999969482422,70.64093017578125,15972300,0.0,0.0
2017-06-20 00:00:00-04:00,87.75,87.91999816894531,87.37000274658203,87.5199966430664,70.19979095458984,11197800,0.0,0.0
2017-06-21 00:00:00-04:00,87.4800033569336,87.55000305175781,86.76000213623047,87.12000274658203,69.87893676757812,10005900,0.0,0.0
2017-06-22 00:00:00-04:00,86.93000030517578,87.36000061035156,86.6500015258789,87.0199966430664,69.79873657226562,12180600,0.0,0.0
2017-06-23 00:00:00-04:00,87.66000366210938,88.0,86.61000061035156,86.86000061035156,69.67040252685547,18812000,0.0,0.0
2017-06-26 00:00:00-04:00,87.01000213623047,87.66999816894531,86.62000274658203,87.23999786376953,69.97520446777344,10082400,0.0,0.0
2017-06-27 00:00:00-04:00,87.70999908447266,88.94000244140625,87.5,88.05000305175781,70.62490844726562,15415200,0.0,0.0
2017-06-28 00:00:00-04:00,88.5999984741211,90.06999969482422,88.5999984741211,89.81999969482422,72.04460144042969,17466200,0.0,0.0
2017-06-29 00:00:00-04:00,92.33999633789062,92.6500015258789,90.30999755859375,91.1500015258789,73.11140441894531,27697800,0.0,0.0
2017-06-30 00:00:00-04:00,91.95999908447266,92.0,91.16000366210938,91.4000015258789,73.31194305419922,16892700,0.0,0.0
2017-07-03 00:00:00-04:00,91.55999755859375,93.4800033569336,91.41000366210938,92.75,74.80396270751953,13208100,0.5,0.0
2017-07-05 00:00:00-04:00,93.12000274658203,93.79000091552734,92.61000061035156,93.68000030517578,75.55403137207031,17535400,0.0,0.0
2017-07-06 00:00:00-04:00,93.54000091552734,94.51000213623047,92.87999725341797,93.37999725341797,75.31208038330078,16596100,0.0,0.0
2017-07-07 00:00:00-04:00,93.95999908447266,94.16999816894531,93.2300033569336,93.8499984741211,75.6911392211914,12817800,0.0,0.0
2017-07-10 00:00:00-04:00,93.5,93.68000030517578,93.08999633789062,93.19000244140625,75.15885162353516,13987200,0.0,0.0
2017-07-11 00:00:00-04:00,93.33000183105469,93.33000183105469,92.27999877929688,92.83000183105469,74.86849212646484,13262300,0.0,0.0
2017-07-12 00:00:00-04:00,92.61000061035156,92.83000183105469,92.06999969482422,92.51000213623047,74.61042785644531,13540100,0.0,0.0
2017-07-13 00:00:00-04:00,92.69000244140625,93.37999725341797,92.33999633789062,93.0999984741211,75.08624267578125,12820100,0.0,0.0
2017-07-14 00:00:00-04:00,90.80999755859375,92.61000061035156,90.58000183105469,92.25,74.40071868896484,22235200,0.0,0.0
2017-07-17 00:00:00-04:00,91.81999969482422,91.98999786376953,91.25,91.38999938964844,73.7071304321289,14374200,0.0,0.0
2017-07-18 00:00:00-04:00,90.44999694824219,91.58000183105469,90.31999969482422,91.06999969482422,73.44903564453125,14719400,0.0,0.0
2017-07-19 00:00:00-04:00,91.33999633789062,91.62000274658203,91.0,91.19999694824219,73.55388641357422,11651200,0.0,0.0
2017-07-20 00:00:00-04:00,91.1500015258789,91.72000122070312,90.9000015258789,91.19999694824219,73.55388641357422,11561700,0.0,0.0
2017-07-21 00:00:00-04:00,91.05999755859375,91.36000061035156,90.5199966430664,90.88999938964844,73.3038558959961,10971300,0.0,0.0
2017-07-24 00:00:00-04:00,90.95999908447266,91.54000091552734,90.91000366210938,91.27999877929688,73.618408203125,10725100,0.0,0.0
2017-07-25 00:00:00-04:00,92.37000274658203,93.5199966430664,92.2699966430664,92.80000305175781,74.84429168701172,16447700,0.0,0.0
2017-07-26 00:00:00-04:00,93.0999984741211,93.19000244140625,91.68000030517578,91.93000030517578,74.14263916015625,11815500,0.0,0.0
2017-07-27 00:00:00-04:00,91.83000183105469,92.05999755859375,91.16000366210938,91.55000305175781,73.836181640625,12332400,0.0,0.0
2017-07-28 00:00:00-04:00,91.44999694824219,91.75,90.91000366210938,91.27999877929688,73.618408203125,9351900,0.0,0.0
2017-07-31 00:00:00-04:00,91.51000213623047,92.36000061035156,91.5,91.80000305175781,74.03779602050781,11520300,0.0,0.0
2017-08-01 00:00:00-04:00,92.48999786376953,93.13999938964844,92.27999877929688,93.02999877929688,75.02980041503906,12523700,0.0,0.0
2017-08-02 00:00:00-04:00,92.87000274658203,93.20999908447266,92.51000213623047,93.11000061035156,75.09435272216797,10165600,0.0,0.0
2017-08-03 00:00:00-04:00,92.69999694824219,93.12999725341797,92.23999786376953,92.5,74.60234832763672,11078800,0.0,0.0
2017-08-04 00:00:00-04:00,93.5,94.4000015258789,93.47000122070312,93.66000366210938,75.53790283203125,14324000,0.0,0.0
2017-08-07 00:00:00-04:00,93.88999938964844,94.19000244140625,93.70999908447266,94.0199966430664,75.82823944091797,7978300,0.0,0.0
2017-08-08 00:00:00-04:00,93.94999694824219,95.22000122070312,93.5999984741211,93.68000030517578,75.55403137207031,13745400,0.0,0.0
2017-08-09 00:00:00-04:00,92.9800033569336,93.68000030517578,92.83000183105469,93.52999877929688,75.43305206298828,11214400,0.0,0.0
2017-08-10 00:00:00-04:00,92.9000015258789,93.06999969482422,92.06999969482422,92.19000244140625,74.35233306884766,13252300,0.0,0.0
2017-08-11 00:00:00-04:00,92.12999725341797,92.66999816894531,91.23999786376953,91.41999816894531,73.73130798339844,10679500,0.0,0.0
2017-08-14 00:00:00-04:00,92.37000274658203,92.9000015258789,92.33000183105469,92.48999786376953,74.59429168701172,10994800,0.0,0.0
2017-08-15 00:00:00-04:00,93.30999755859375,93.55999755859375,92.6500015258789,92.7300033569336,74.78785705566406,8812700,0.0,0.0
2017-08-16 00:00:00-04:00,93.04000091552734,93.2300033569336,91.87999725341797,92.08999633789062,74.27166748046875,11085400,0.0,0.0
2017-08-17 00:00:00-04:00,91.76000213623047,91.95999908447266,90.5,90.6500015258789,73.11031341552734,13837500,0.0,0.0
2017-08-18 00:00:00-04:00,90.30999755859375,91.54000091552734,90.19000244140625,90.73999786376953,73.18286895751953,13040700,0.0,0.0
2017-08-21 00:00:00-04:00,90.8499984741211,90.94000244140625,90.16000366210938,90.62999725341797,73.09416961669922,11502100,0.0,0.0
2017-08-22 00:00:00-04:00,91.06999969482422,91.70999908447266,91.0,91.55999755859375,73.84420776367188,9211800,0.0,0.0
2017-08-23 00:00:00-04:00,90.87000274658203,92.33999633789062,90.83999633789062,91.66999816894531,73.93295288085938,8811300,0.0,0.0
2017-08-24 00:00:00-04:00,91.93000030517578,92.12000274658203,91.41000366210938,91.5199966430664,73.81196594238281,8623200,0.0,0.0
2017-08-25 00:00:00-04:00,91.87999725341797,92.4800033569336,91.80000305175781,91.88999938964844,74.11038970947266,11794600,0.0,0.0
2017-08-28 00:00:00-04:00,92.16000366210938,92.19000244140625,91.12999725341797,91.5999984741211,73.87649536132812,7292900,0.0,0.0
2017-08-29 00:00:00-04:00,90.44999694824219,91.30999755859375,90.30999755859375,91.0999984741211,73.47322845458984,10886100,0.0,0.0
2017-08-30 00:00:00-04:00,91.25,91.87999725341797,91.19000244140625,91.30999755859375,73.64259338378906,9165300,0.0,0.0
2017-08-31 00:00:00-04:00,91.80999755859375,91.8499984741211,90.80000305175781,90.88999938964844,73.3038558959961,13217400,0.0,0.0
2017-09-01 00:00:00-04:00,91.25,92.36000061035156,90.94999694824219,91.69999694824219,73.95713806152344,9815800,0.0,0.0
2017-09-05 00:00:00-04:00,91.0199966430664,91.11000061035156,89.0199966430664,89.51000213623047,72.19088745117188,16897300,0.0,0.0
2017-09-06 00:00:00-04:00,90.0,90.5199966430664,89.63999938964844,90.11000061035156,72.67478942871094,11845700,0.0,0.0
2017-09-07 00:00:00-04:00,90.11000061035156,90.12999725341797,88.08000183105469,88.52999877929688,71.4004898071289,14592300,0.0,0.0
2017-09-08 00:00:00-04:00,88.30999755859375,89.41999816894531,88.23999786376953,88.41999816894531,71.31178283691406,14242200,0.0,0.0
2017-09-11 00:00:00-04:00,89.38999938964844,90.25,88.94999694824219,89.79000091552734,72.41670227050781,13219000,0.0,0.0
2017-09-12 00:00:00-04:00,90.16999816894531,91.25,90.0999984741211,90.88999938964844,73.3038558959961,14003800,0.0,0.0
2017-09-13 00:00:00-04:00,90.61000061035156,91.5,90.31999969482422,91.1500015258789,73.51356506347656,12485400,0.0,0.0
2017-09-14 00:00:00-04:00,91.19999694824219,91.52999877929688,90.73999786376953,90.97000122070312,73.36837005615234,10562800,0.0,0.0
2017-09-15 00:00:00-04:00,91.08000183105469,91.70999908447266,90.76000213623047,91.62000274658203,73.89262390136719,18171800,0.0,0.0
2017-09-18 00:00:00-04:00,91.93000030517578,93.13999938964844,91.8499984741211,92.91999816894531,74.94109344482422,11318700,0.0,0.0
2017-09-19 00:00:00-04:00,92.70999908447266,94.36000061035156,92.5199966430664,93.94000244140625,75.76373291015625,12626100,0.0,0.0
2017-09-20 00:00:00-04:00,94.0999984741211,95.29000091552734,93.70999908447266,94.5999984741211,76.29601287841797,15311600,0.0,0.0
2017-09-21 00:00:00-04:00,94.45999908447266,95.37000274658203,94.19000244140625,95.02999877929688,76.64280700683594,10851500,0.0,0.0
2017-09-22 00:00:00-04:00,94.69999694824219,94.9800033569336,94.43000030517578,94.83000183105469,76.48151397705078,8358300,0.0,0.0
2017-09-25 00:00:00-04:00,94.51000213623047,94.87999725341797,93.44999694824219,94.12000274658203,75.9089126586914,10463400,0.0,0.0
2017-09-26 00:00:00-04:00,93.77999877929688,94.02999877929688,93.33999633789062,93.69999694824219,75.57015228271484,9358100,0.0,0.0
2017-09-27 00:00:00-04:00,94.97000122070312,95.72000122070312,94.58000183105469,95.18000030517578,76.7637939453125,15090200,0.0,0.0
2017-09-28 00:00:00-04:00,95.58999633789062,95.87999725341797,94.91000366210938,95.37999725341797,76.92510223388672,10270400,0.0,0.0
2017-09-29 00:00:00-04:00,95.30000305175781,95.5199966430664,95.0199966430664,95.51000213623047,77.02996063232422,11438400,0.0,0.0
2017-10-02 00:00:00-04:00,95.7699966430664,96.87999725341797,95.45999908447266,96.83999633789062,78.10259246826172,13797200,0.0,0.0
2017-10-03 00:00:00-04:00,96.83000183105469,97.43000030517578,96.7699966430664,97.3499984741211,78.51395416259766,9633500,0.0,0.0
2017-10-04 00:00:00-04:00,97.30000305175781,97.44000244140625,96.27999877929688,96.36000061035156,77.71549224853516,12166600,0.0,0.0
2017-10-05 00:00:00-04:00,96.0,97.4000015258789,95.55000305175781,97.08999633789062,78.76194763183594,14236200,0.56,0.0
2017-10-06 00:00:00-04:00,97.55000305175781,97.63999938964844,96.47000122070312,96.91999816894531,78.62406921386719,10231900,0.0,0.0
2017-10-09 00:00:00-04:00,96.95999908447266,97.06999969482422,96.13999938964844,96.41000366210938,78.2103271484375,7765100,0.0,0.0
2017-10-10 00:00:00-04:00,96.45999908447266,97.18000030517578,96.23999786376953,97.12999725341797,78.79441833496094,10631500,0.0,0.0
2017-10-11 00:00:00-04:00,96.83000183105469,97.01000213623047,96.13999938964844,96.83999633789062,78.55913543701172,14283600,0.0,0.0
2017-10-12 00:00:00-04:00,97.30000305175781,97.5,95.62000274658203,95.98999786376953,77.86959838867188,18251600,0.0,0.0
2017-10-13 00:00:00-04:00,95.4800033569336,96.70999908447266,94.95999908447266,95.86000061035156,77.76414489746094,13190600,0.0,0.0
2017-10-16 00:00:00-04:00,96.33999633789062,97.94999694824219,96.33999633789062,97.83999633789062,79.37037658691406,12434000,0.0,0.0
2017-10-17 00:00:00-04:00,98.06999969482422,98.18000030517578,97.31999969482422,97.62000274658203,79.19193267822266,10335700,0.0,0.0
2017-10-18 00:00:00-04:00,98.1500015258789,98.55000305175781,97.62999725341797,97.98999786376953,79.49207305908203,10158600,0.0,0.0
2017-10-19 00:00:00-04:00,97.19000244140625,98.19999694824219,97.08999633789062,98.11000061035156,79.58940124511719,9133900,0.0,0.0
2017-10-20 00:00:00-04:00,99.27999877929688,99.88999938964844,98.7300033569336,99.51000213623047,80.72512817382812,15326600,0.0,0.0
2017-10-23 00:00:00-04:00,99.51000213623047,99.98999786376953,99.23999786376953,99.33999633789062,80.58721923828125,9238600,0.0,0.0
2017-10-24 00:00:00-04:00,99.87999725341797,101.19000244140625,99.76000213623047,100.91999816894531,81.86895751953125,13000800,0.0,0.0
2017-10-25 00:00:00-04:00,101.25,101.44999694824219,100.19000244140625,101.0199966430664,81.95008850097656,14632700,0.0,0.0
2017-10-26 00:00:00-04:00,101.3499984741211,102.41999816894531,101.31999969482422,101.73999786376953,82.53417205810547,13054400,0.0,0.0
2017-10-27 00:00:00-04:00,101.43000030517578,102.2300033569336,101.05000305175781,101.7699966430664,82.55850219726562,10400400,0.0,0.0
2017-10-30 00:00:00-04:00,101.12999725341797,101.93000030517578,100.87000274658203,101.41000366210938,82.26646423339844,8839500,0.0,0.0
2017-10-31 00:00:00-04:00,101.37000274658203,101.69999694824219,100.56999969482422,100.61000061035156,81.61748504638672,8690200,0.0,0.0
2017-11-01 00:00:00-04:00,101.0999984741211,101.69999694824219,100.7300033569336,100.91999816894531,81.86895751953125,8418200,0.0,0.0
2017-11-02 00:00:00-04:00,100.87000274658203,101.7699966430664,100.16000366210938,101.58999633789062,82.41248321533203,8731800,0.0,0.0
2017-11-03 00:00:00-04:00,101.0999984741211,101.52999877929688,100.7300033569336,101.41000366210938,82.26646423339844,7103500,0.0,0.0
2017-11-06 00:00:00-05:00,101.33999633789062,101.69000244140625,100.66000366210938,100.77999877929688,81.75538635253906,8121500,0.0,0.0
2017-11-07 00:00:00-05:00,100.55999755859375,100.75,98.25,98.75,80.10860443115234,18822600,0.0,0.0
2017-11-08 00:00:00-05:00,98.2699966430664,98.37000274658203,97.1500015258789,97.63999938964844,79.2081298828125,18524700,0.0,0.0
2017-11-09 00:00:00-05:00,97.12000274658203,98.22000122070312,96.80999755859375,97.62999725341797,79.20000457763672,13697800,0.0,0.0
2017-11-10 00:00:00-05:00,97.80999755859375,98.33999633789062,97.5,97.51000213623047,79.10269927978516,9314000,0.0,0.0
2017-11-13 00:00:00-05:00,96.69000244140625,98.05000305175781,96.62000274658203,97.86000061035156,79.38662719726562,9303100,0.0,0.0
2017-11-14 00:00:00-05:00,97.33999633789062,97.77999877929688,96.8499984741211,97.2699966430664,78.90798950195312,11043800,0.0,0.0
2017-11-15 00:00:00-05:00,96.38999938964844,98.73999786376953,95.94999694824219,98.19000244140625,79.6543197631836,15384100,0.0,0.0
2017-11-16 00:00:00-05:00,98.52999877929688,99.05999755859375,98.30999755859375,98.47000122070312,79.88145446777344,9808000,0.0,0.0
2017-11-17 00:00:00-05:00,97.81999969482422,98.41000366210938,97.56999969482422,98.13999938964844,79.61376190185547,9017900,0.0,0.0
2017-11-20 00:00:00-05:00,98.44999694824219,99.1500015258789,97.76000213623047,99.01000213623047,80.31951141357422,9483200,0.0,0.0
2017-11-21 00:00:00-05:00,99.5,99.55000305175781,98.91000366210938,98.93000030517578,80.25460815429688,13389400,0.0,0.0
2017-11-22 00:00:00-05:00,99.02999877929688,99.5199966430664,98.58999633789062,98.63999938964844,80.01937103271484,7342200,0.0,0.0
2017-11-24 00:00:00-05:00,98.83000183105469,98.9000015258789,98.26000213623047,98.31999969482422,79.75978088378906,3680000,0.0,0.0
2017-11-27 00:00:00-05:00,98.30999755859375,99.12999725341797,97.93000030517578,97.93000030517578,79.44338989257812,13076200,0.0,0.0
2017-11-28 00:00:00-05:00,98.20999908447266,101.69999694824219,97.97000122070312,101.36000061035156,82.22591400146484,16773000,0.0,0.0
2017-11-29 00:00:00-05:00,102.41000366210938,104.22000122070312,101.95999908447266,103.7300033569336,84.14850616455078,21105500,0.0,0.0
2017-11-30 00:00:00-05:00,104.73999786376953,106.66000366210938,104.04000091552734,104.5199966430664,84.78936767578125,23945900,0.0,0.0
2017-12-01 00:00:00-05:00,104.9000015258789,105.31999969482422,102.19999694824219,104.79000091552734,85.00841522216797,19683500,0.0,0.0
2017-12-04 00:00:00-05:00,107.7300033569336,108.4000015258789,106.7699966430664,106.94999694824219,86.76065063476562,23576600,0.0,0.0
2017-12-05 00:00:00-05:00,105.58000183105469,107.41000366210938,104.12000274658203,105.72000122070312,85.76284790039062,17193900,0.0,0.0
2017-12-06 00:00:00-05:00,105.55000305175781,105.76000213623047,104.52999877929688,104.93000030517578,85.1219711303711,15476200,0.0,0.0
2017-12-07 00:00:00-05:00,103.94999694824219,105.19000244140625,103.7300033569336,104.62000274658203,84.87052154541016,13371800,0.0,0.0
2017-12-08 00:00:00-05:00,104.75,105.94000244140625,104.33999633789062,105.93000030517578,85.93321228027344,13506900,0.0,0.0
2017-12-11 00:00:00-05:00,105.72000122070312,106.05999755859375,105.30999755859375,105.62000274658203,85.6817398071289,10591200,0.0,0.0
2017-12-12 00:00:00-05:00,106.91000366210938,107.37000274658203,105.54000091552734,106.8499984741211,86.67952728271484,15508800,0.0,0.0
2017-12-13 00:00:00-05:00,106.69999694824219,107.11000061035156,105.4800033569336,105.51000213623047,85.5925064086914,15020300,0.0,0.0
2017-12-14 00:00:00-05:00,106.12000274658203,106.44999694824219,104.63999938964844,104.66000366210938,84.90294647216797,13034200,0.0,0.0
2017-12-15 00:00:00-05:00,105.79000091552734,106.5199966430664,105.19999694824219,106.13999938964844,86.10356903076172,29350600,0.0,0.0
2017-12-18 00:00:00-05:00,107.19000244140625,107.62999725341797,106.4800033569336,106.95999908447266,86.76875305175781,12713100,0.0,0.0
2017-12-19 00:00:00-05:00,107.3499984741211,107.48999786376953,106.44000244140625,106.51000213623047,86.40371704101562,12149900,0.0,0.0
2017-12-20 00:00:00-05:00,107.5999984741211,107.7300033569336,106.08999633789062,106.13999938964844,86.10356903076172,13091500,0.0,0.0
2017-12-21 00:00:00-05:00,106.58999633789062,108.06999969482422,106.55999755859375,107.83000183105469,87.47454071044922,12323700,0.0,0.0
2017-12-22 00:00:00-05:00,108.19999694824219,108.45999908447266,106.80999755859375,107.44999694824219,87.16626739501953,14573400,0.0,0.0
2017-12-26 00:00:00-05:00,107.19999694824219,107.98999786376953,106.4000015258789,107.0199966430664,86.81744384765625,7403700,0.0,0.0
2017-12-27 00:00:00-05:00,106.66999816894531,107.29000091552734,106.66999816894531,107.22000122070312,86.97968292236328,9496500,0.0,0.0
2017-12-28 00:00:00-05:00,107.4000015258789,107.83999633789062,107.16000366210938,107.79000091552734,87.44209289550781,7440600,0.0,0.0
2017-12-29 00:00:00-05:00,108.08999633789062,108.27999877929688,106.94000244140625,106.94000244140625,86.75255584716797,8925700,0.0,0.0
2018-01-02 00:00:00-05:00,107.62999725341797,108.0199966430664,106.80999755859375,107.94999694824219,87.5718765258789,13578800,0.0,0.0
2018-01-03 00:00:00-05:00,107.86000061035156,108.48999786376953,107.4800033569336,108.05999755859375,87.66114807128906,11901000,0.0,0.0
2018-01-04 00:00:00-05:00,108.36000061035156,110.02999877929688,108.19999694824219,109.04000091552734,88.91691589355469,12953700,0.56,0.0
2018-01-05 00:00:00-05:00,109.26000213623047,109.55000305175781,107.77999877929688,108.33999633789062,88.34608459472656,14155000,0.0,0.0
2018-01-08 00:00:00-05:00,108.1500015258789,108.68000030517578,107.69999694824219,108.5,88.47657775878906,12466500,0.0,0.0
2018-01-09 00:00:00-05:00,108.72000122070312,109.62999725341797,108.48999786376953,109.05000305175781,88.92505645751953,13292300,0.0,0.0
2018-01-10 00:00:00-05:00,109.47000122070312,110.69999694824219,109.38999938964844,110.25,89.90361022949219,15834500,0.0,0.0
2018-01-11 00:00:00-05:00,110.66999816894531,110.93000030517578,110.05000305175781,110.83999633789062,90.38473510742188,13676800,0.0,0.0
2018-01-12 00:00:00-05:00,111.6500015258789,112.8499984741211,110.83999633789062,112.66999816894531,91.87699890136719,18884200,0.0,0.0
2018-01-16 00:00:00-05:00,111.51000213623047,113.43000030517578,111.06999969482422,112.2699966430664,91.55081939697266,22703300,0.0,0.0
2018-01-17 00:00:00-05:00,111.88999938964844,113.30000305175781,111.30999755859375,112.98999786376953,92.13794708251953,14940300,0.0,0.0
2018-01-18 00:00:00-05:00,112.76000213623047,113.72000122070312,112.2699966430664,113.26000213623047,92.35811614990234,14572900,0.0,0.0
2018-01-19 00:00:00-05:00,113.94000244140625,114.33999633789062,112.80000305175781,113.01000213623047,92.1542739868164,18785500,0.0,0.0
2018-01-22 00:00:00-05:00,112.66000366210938,114.38999938964844,112.5,114.33000183105469,93.23065948486328,12475700,0.0,0.0
2018-01-23 00:00:00-05:00,113.66999816894531,114.63999938964844,113.3499984741211,114.20999908447266,93.1327896118164,12320800,0.0,0.0
2018-01-24 00:00:00-05:00,114.86000061035156,116.0,114.66000366210938,115.66999816894531,94.3233642578125,15904500,0.0,0.0
2018-01-25 00:00:00-05:00,116.04000091552734,116.16999816894531,115.08000183105469,115.69999694824219,94.34783172607422,13510000,0.0,0.0
2018-01-26 00:00:00-05:00,115.69999694824219,116.31999969482422,114.95999908447266,116.31999969482422,94.85340881347656,13883900,0.0,0.0
2018-01-29 00:00:00-05:00,116.0199966430664,117.3499984741211,116.0199966430664,116.19999694824219,94.75553894042969,11679900,0.0,0.0
2018-01-30 00:00:00-05:00,115.52999877929688,116.5999984741211,114.9800033569336,115.11000061035156,93.86671447753906,14279100,0.0,0.0
2018-01-31 00:00:00-05:00,115.6500015258789,116.66000366210938,115.16000366210938,115.66999816894531,94.3233642578125,13141400,0.0,0.0
2018-02-01 00:00:00-05:00,115.7699966430664,116.98999786376953,115.4800033569336,116.87000274658203,95.30191040039062,13800600,0.0,0.0
2018-02-02 00:00:00-05:00,116.48999786376953,116.91999816894531,114.08999633789062,114.27999877929688,93.18988037109375,16477300,0.0,0.0
2018-02-05 00:00:00-05:00,113.0,114.58999633789062,103.9800033569336,108.80000305175781,88.72122192382812,30097600,0.0,0.0
2018-02-06 00:00:00-05:00,106.8499984741211,112.4800033569336,106.61000061035156,112.11000061035156,91.42035675048828,33114800,0.0,0.0
2018-02-07 00:00:00-05:00,111.55000305175781,114.44999694824219,111.1500015258789,112.87000274658203,92.04010772705078,21878300,0.0,0.0
2018-02-08 00:00:00-05:00,113.11000061035156,113.11000061035156,107.83999633789062,107.87999725341797,87.97099304199219,27425800,0.0,0.0
2018-02-09 00:00:00-05:00,109.0999984741211,111.05000305175781,106.2300033569336,110.04000091552734,89.73236846923828,28188000,0.0,0.0
2018-02-12 00:00:00-05:00,111.16999816894531,112.7300033569336,110.06999969482422,111.73999786376953,91.11864471435547,18043300,0.0,0.0
2018-02-13 00:00:00-05:00,111.31999969482422,113.05000305175781,110.80000305175781,112.43000030517578,91.68130493164062,16358200,0.0,0.0
2018-02-14 00:00:00-05:00,112.62999725341797,115.2699966430664,112.52999877929688,115.02999877929688,93.80148315429688,15186900,0.0,0.0
2018-02-15 00:00:00-05:00,115.73999786376953,115.98999786376953,114.22000122070312,115.51000213623047,94.19287872314453,12130200,0.0,0.0
2018-02-16 00:00:00-05:00,114.55000305175781,116.06999969482422,114.5,114.68000030517578,93.51607513427734,13214300,0.0,0.0
2018-02-20 00:00:00-05:00,114.6500015258789,115.38999938964844,113.97000122070312,114.70999908447266,93.54052734375,13461500,0.0,0.0
2018-02-21 00:00:00-05:00,115.0,117.44999694824219,114.66999816894531,115.19000244140625,93.93196868896484,14212500,0.0,0.0
2018-02-22 00:00:00-05:00,115.5,116.43000030517578,114.76000213623047,114.9800033569336,93.7607192993164,17070400,0.0,0.0
2018-02-23 00:00:00-05:00,115.30999755859375,117.38999938964844,115.30999755859375,117.30999755859375,95.66070556640625,12162500,0.0,0.0
2018-02-26 00:00:00-05:00,118.13999938964844,118.9000015258789,117.31999969482422,118.7699966430664,96.85126495361328,16511200,0.0,0.0
2018-02-27 00:00:00-05:00,118.91000366210938,119.33000183105469,117.3499984741211,117.36000061035156,95.70147705078125,17563300,0.0,0.0
2018-02-28 00:00:00-05:00,117.81999969482422,118.48999786376953,115.33999633789062,115.5,94.18473815917969,17735600,0.0,0.0
2018-03-01 00:00:00-05:00,115.4800033569336,116.63999938964844,112.6500015258789,113.43000030517578,92.49677276611328,18690000,0.0,0.0
2018-03-02 00:00:00-05:00,112.38999938964844,113.55999755859375,111.12000274658203,113.31999969482422,92.40706634521484,18353700,0.0,0.0
2018-03-05 00:00:00-05:00,112.05000305175781,115.93000030517578,111.88999938964844,115.05999755859375,93.8259506225586,13933000,0.0,0.0
2018-03-06 00:00:00-05:00,115.63999938964844,115.81999969482422,114.31999969482422,115.16000366210938,93.90747833251953,10674400,0.0,0.0
2018-03-07 00:00:00-05:00,113.75,115.0999984741211,113.11000061035156,114.7300033569336,93.55685424804688,13006500,0.0,0.0
2018-03-08 00:00:00-05:00,115.11000061035156,115.2300033569336,113.20999908447266,114.73999786376953,93.56500244140625,11173700,0.0,0.0
2018-03-09 00:00:00-05:00,116.55000305175781,118.08000183105469,115.66999816894531,118.04000091552734,96.25596618652344,15366600,0.0,0.0
2018-03-12 00:00:00-04:00,118.0,118.75,117.25,117.66000366210938,95.94613647460938,12339300,0.0,0.0
2018-03-13 00:00:00-04:00,118.19999694824219,118.47000122070312,115.83000183105469,116.25,94.79633331298828,13312300,0.0,0.0
2018-03-14 00:00:00-04:00,116.55999755859375,116.58999633789062,114.5999984741211,114.94999694824219,93.7362289428711,12905100,0.0,0.0
2018-03-15 00:00:00-04:00,115.87000274658203,116.0,114.83000183105469,115.23999786376953,93.97273254394531,8748000,0.0,0.0
2018-03-16 00:00:00-04:00,115.33999633789062,116.5999984741211,115.33999633789062,115.44000244140625,94.13579559326172,19888900,0.0,0.0
2018-03-19 00:00:00-04:00,115.0999984741211,115.44999694824219,113.30000305175781,114.52999877929688,93.39373779296875,13214900,0.0,0.0
2018-03-20 00:00:00-04:00,114.87000274658203,115.44999694824219,114.44999694824219,114.63999938964844,93.48345184326172,9921200,0.0,0.0
2018-03-21 00:00:00-04:00,114.80999755859375,116.62999725341797,114.20999908447266,114.73999786376953,93.56500244140625,13633000,0.0,0.0
2018-03-22 00:00:00-04:00,113.19999694824219,113.5999984741211,109.54000091552734,109.94999694824219,89.65898132324219,22550400,0.0,0.0
2018-03-23 00:00:00-04:00,110.2699966430664,110.91999816894531,106.76000213623047,107.01000213623047,87.26154327392578,23081500,0.0,0.0
2018-03-26 00:00:00-04:00,109.19000244140625,111.16000366210938,108.6500015258789,110.30999755859375,89.95255279541016,20217500,0.0,0.0
2018-03-27 00:00:00-04:00,111.06999969482422,111.69000244140625,107.30000305175781,108.16999816894531,88.20745849609375,18039900,0.0,0.0
2018-03-28 00:00:00-04:00,108.27999877929688,109.16999816894531,106.6500015258789,108.0,88.06883239746094,19189300,0.0,0.0
2018-03-29 00:00:00-04:00,108.5,110.77999877929688,107.77999877929688,109.97000122070312,89.67530822753906,13274600,0.0,0.0
2018-04-02 00:00:00-04:00,109.95999908447266,110.7300033569336,106.08000183105469,107.8499984741211,87.946533203125,18822500,0.0,0.0
2018-04-03 00:00:00-04:00,108.36000061035156,109.5,107.26000213623047,109.33000183105469,89.15339660644531,14050700,0.0,0.0
2018-04-04 00:00:00-04:00,107.0999984741211,111.20999908447266,107.0199966430664,110.98999786376953,90.5070571899414,15302600,0.0,0.0
2018-04-05 00:00:00-04:00,111.62999725341797,112.83000183105469,111.38999938964844,111.87999725341797,91.69542694091797,16627000,0.56,0.0
2018-04-06 00:00:00-04:00,110.55000305175781,111.55000305175781,107.81999969482422,109.08999633789062,89.40879821777344,18906000,0.0,0.0
2018-04-09 00:00:00-04:00,110.01000213623047,112.9800033569336,109.88999938964844,110.4000015258789,90.48246002197266,15974300,0.0,0.0
2018-04-10 00:00:00-04:00,112.12999725341797,112.87000274658203,111.41999816894531,112.51000213623047,92.21178436279297,13951400,0.0,0.0
2018-04-11 00:00:00-04:00,111.66000366210938,111.80999755859375,110.5199966430664,110.62000274658203,90.66276550292969,14503300,0.0,0.0
2018-04-12 00:00:00-04:00,111.55999755859375,114.38999938964844,111.5,113.37000274658203,92.91664123535156,16435500,0.0,0.0
2018-04-13 00:00:00-04:00,115.0199966430664,115.1500015258789,109.05000305175781,110.30000305175781,90.40050506591797,39152800,0.0,0.0
2018-04-16 00:00:00-04:00,110.94000244140625,111.47000122070312,109.79000091552734,110.20999908447266,90.32673645019531,16580500,0.0,0.0
2018-04-17 00:00:00-04:00,111.37000274658203,111.91999816894531,109.98999786376953,110.20999908447266,90.32673645019531,15501400,0.0,0.0
2018-04-18 00:00:00-04:00,110.52999877929688,111.06999969482422,108.88999938964844,109.31999969482422,89.59729766845703,16081400,0.0,0.0
2018-04-19 00:00:00-04:00,109.52999877929688,111.87000274658203,109.5,111.72000122070312,91.5643081665039,17911000,0.0,0.0
2018-04-20 00:00:00-04:00,112.30000305175781,112.73999786376953,110.87999725341797,111.47000122070312,91.35943603515625,15584400,0.0,0.0
2018-04-23 00:00:00-04:00,111.56999969482422,111.94999694824219,110.62999725341797,110.93000030517578,90.9168472290039,11285800,0.0,0.0
2018-04-24 00:00:00-04:00,111.75,112.9000015258789,109.58999633789062,110.41000366210938,90.49066162109375,16453100,0.0,0.0
2018-04-25 00:00:00-04:00,110.2699966430664,110.52999877929688,108.5999984741211,109.98999786376953,90.14643096923828,13548200,0.0,0.0
2018-04-26 00:00:00-04:00,109.97000122070312,110.81999969482422,109.33999633789062,110.0999984741211,90.236572265625,10299500,0.0,0.0
2018-04-27 00:00:00-04:00,109.55000305175781,110.16000366210938,109.12999725341797,109.4000015258789,89.66287994384766,9384000,0.0,0.0
2018-04-30 00:00:00-04:00,109.75,110.30000305175781,108.75,108.77999877929688,89.15471649169922,13744900,0.0,0.0
2018-05-01 00:00:00-04:00,108.44999694824219,108.97000122070312,107.54000091552734,108.77999877929688,89.15471649169922,10503400,0.0,0.0
2018-05-02 00:00:00-04:00,108.11000061035156,109.48999786376953,107.7300033569336,107.91999816894531,88.44987487792969,12162100,0.0,0.0
2018-05-03 00:00:00-04:00,107.58999633789062,107.7699966430664,105.18000030517578,107.23999786376953,87.8925552368164,15379100,0.0,0.0
2018-05-04 00:00:00-04:00,106.43000030517578,108.73999786376953,105.9800033569336,108.43000030517578,88.86785888671875,11967900,0.0,0.0
2018-05-07 00:00:00-04:00,108.76000213623047,109.68000030517578,108.36000061035156,109.37000274658203,89.6382827758789,9356700,0.0,0.0
2018-05-08 00:00:00-04:00,109.52999877929688,111.33999633789062,109.27999877929688,110.98999786376953,90.96601867675781,12543200,0.0,0.0
2018-05-09 00:00:00-04:00,111.44000244140625,113.63999938964844,111.02999877929688,113.41000366210938,92.94940948486328,11368100,0.0,0.0
2018-05-10 00:00:00-04:00,113.19000244140625,114.44000244140625,112.75,114.29000091552734,93.67064666748047,9159700,0.0,0.0
2018-05-11 00:00:00-04:00,114.48999786376953,114.7300033569336,113.66999816894531,113.86000061035156,93.31824493408203,10253000,0.0,0.0
2018-05-14 00:00:00-04:00,114.11000061035156,114.69999694824219,113.73999786376953,113.9000015258789,93.35101318359375,8710700,0.0,0.0
2018-05-15 00:00:00-04:00,113.91000366210938,113.91000366210938,112.56999969482422,113.02999877929688,92.63798522949219,11536200,0.0,0.0
2018-05-16 00:00:00-04:00,112.88999938964844,113.69000244140625,112.62999725341797,113.33999633789062,92.89204406738281,7571100,0.0,0.0
2018-05-17 00:00:00-04:00,113.19999694824219,113.41000366210938,112.19999694824219,112.95999908447266,92.58058166503906,8617200,0.0,0.0
2018-05-18 00:00:00-04:00,112.75,112.80000305175781,110.83999633789062,111.12999725341797,91.08075714111328,11806300,0.0,0.0
2018-05-21 00:00:00-04:00,112.05000305175781,112.54000091552734,111.91999816894531,112.1500015258789,91.91673278808594,9441900,0.0,0.0
2018-05-22 00:00:00-04:00,112.3499984741211,114.29000091552734,112.29000091552734,113.01000213623047,92.62158203125,11507600,0.0,0.0
2018-05-23 00:00:00-04:00,112.51000213623047,112.7699966430664,111.12000274658203,112.48999786376953,92.19539642333984,11453900,0.0,0.0
2018-05-24 00:00:00-04:00,112.13999938964844,112.1500015258789,110.12000274658203,111.2300033569336,91.1627197265625,14084800,0.0,0.0
2018-05-25 00:00:00-04:00,110.45999908447266,111.08000183105469,110.19999694824219,110.66000366210938,90.69556427001953,8283500,0.0,0.0
2018-05-29 00:00:00-04:00,109.18000030517578,109.19999694824219,104.95999908447266,105.93000030517578,86.81889343261719,30643800,0.0,0.0
2018-05-30 00:00:00-04:00,107.63999938964844,108.5999984741211,106.6500015258789,108.3499984741211,88.80229949951172,17490800,0.0,0.0
2018-05-31 00:00:00-04:00,107.94999694824219,108.19000244140625,106.41999816894531,107.01000213623047,87.70405578613281,19808200,0.0,0.0
2018-06-01 00:00:00-04:00,108.33999633789062,108.94000244140625,107.80000305175781,108.4000015258789,88.84327697753906,13594200,0.0,0.0
2018-06-04 00:00:00-04:00,108.98999786376953,109.26000213623047,108.2699966430664,108.44999694824219,88.8842544555664,9415400,0.0,0.0
2018-06-05 00:00:00-04:00,108.23999786376953,108.30999755859375,107.06999969482422,107.83999633789062,88.38431549072266,10415200,0.0,0.0
2018-06-06 00:00:00-04:00,108.66000366210938,110.73999786376953,108.4800033569336,110.36000061035156,90.4496841430664,15453600,0.0,0.0
2018-06-07 00:00:00-04:00,111.18000030517578,111.5,110.02999877929688,110.80000305175781,90.810302734375,13444400,0.0,0.0
2018-06-08 00:00:00-04:00,110.62000274658203,111.13999938964844,110.05999755859375,111.11000061035156,91.06437683105469,10383200,0.0,0.0
2018-06-11 00:00:00-04:00,111.12000274658203,111.91000366210938,110.7699966430664,110.83000183105469,90.83487701416016,12642900,0.0,0.0
2018-06-12 00:00:00-04:00,111.13999938964844,111.52999877929688,109.5199966430664,110.19000244140625,90.31033325195312,15294100,0.0,0.0
2018-06-13 00:00:00-04:00,110.45999908447266,111.44999694824219,109.58000183105469,109.97000122070312,90.13003540039062,14979700,0.0,0.0
2018-06-14 00:00:00-04:00,110.27999877929688,110.36000061035156,107.77999877929688,108.02999877929688,88.54004669189453,20487300,0.0,0.0
2018-06-15 00:00:00-04:00,107.80000305175781,108.37999725341797,106.2699966430664,107.9000015258789,88.43350219726562,26028600,0.0,0.0
2018-06-18 00:00:00-04:00,107.26000213623047,108.4000015258789,106.69000244140625,108.18000030517578,88.66297149658203,9786800,0.0,0.0
2018-06-19 00:00:00-04:00,106.9000015258789,107.87999725341797,106.5999984741211,107.55000305175781,88.14663696289062,12707200,0.0,0.0
2018-06-20 00:00:00-04:00,108.18000030517578,108.63999938964844,107.44000244140625,107.54000091552734,88.138427734375,8876900,0.0,0.0
2018-06-21 00:00:00-04:00,107.0999984741211,108.20999908447266,106.52999877929688,107.51000213623047,88.11386108398438,11048700,0.0,0.0
2018-06-22 00:00:00-04:00,108.16000366210938,108.37000274658203,105.51000213623047,105.75,86.67137908935547,19478900,0.0,0.0
2018-06-25 00:00:00-04:00,105.66000366210938,105.69999694824219,103.95999908447266,104.79000091552734,85.88457489013672,16907600,0.0,0.0
2018-06-26 00:00:00-04:00,104.70999908447266,105.20999908447266,103.11000061035156,104.86000061035156,85.94194030761719,17086800,0.0,0.0
2018-06-27 00:00:00-04:00,104.68000030517578,105.91999816894531,103.2300033569336,103.23999786376953,84.61421966552734,16276800,0.0,0.0
2018-06-28 00:00:00-04:00,103.68000030517578,105.45999908447266,103.51000213623047,104.93000030517578,85.99930572509766,14491300,0.0,0.0
2018-06-29 00:00:00-04:00,106.68000030517578,106.9000015258789,104.1500015258789,104.19999694824219,85.40103149414062,18972400,0.0,0.0
2018-07-02 00:00:00-04:00,103.72000122070312,105.08999633789062,103.37999725341797,105.08000183105469,86.12225341796875,11130000,0.0,0.0
2018-07-03 00:00:00-04:00,105.41000366210938,105.77999877929688,103.5199966430664,103.61000061035156,84.91743469238281,8311700,0.0,0.0
2018-07-05 00:00:00-04:00,104.12999725341797,104.37999725341797,103.52999877929688,103.72000122070312,85.46958923339844,10723400,0.56,0.0
2018-07-06 00:00:00-04:00,103.12000274658203,104.5,102.19999694824219,104.05999755859375,85.74974060058594,12173700,0.0,0.0
2018-07-09 00:00:00-04:00,104.70999908447266,107.45999908447266,104.70999908447266,107.27999877929688,88.40316772460938,13900800,0.0,0.0
2018-07-10 00:00:00-04:00,108.0199966430664,108.4000015258789,106.52999877929688,106.62000274658203,87.85930633544922,14575900,0.0,0.0
2018-07-11 00:00:00-04:00,106.30999755859375,107.05999755859375,106.20999908447266,106.38999938964844,87.66975402832031,10186500,0.0,0.0
2018-07-12 00:00:00-04:00,107.41999816894531,107.55999755859375,105.97000122070312,106.8499984741211,88.04881286621094,12456800,0.0,0.0
2018-07-13 00:00:00-04:00,107.30000305175781,107.80000305175781,105.13999938964844,106.36000061035156,87.64503479003906,21289100,0.0,0.0
2018-07-16 00:00:00-04:00,107.05000305175781,110.7699966430664,106.9800033569336,110.58000183105469,91.12248992919922,24662600,0.0,0.0
2018-07-17 00:00:00-04:00,110.69000244140625,110.93000030517578,109.75,110.5,91.05657958984375,14821900,0.0,0.0
2018-07-18 00:00:00-04:00,110.41999816894531,112.12000274658203,110.19999694824219,111.52999877929688,91.90531921386719,14244900,0.0,0.0
2018-07-19 00:00:00-04:00,111.05999755859375,111.08999633789062,109.7300033569336,109.88999938964844,90.55388641357422,16775300,0.0,0.0
2018-07-20 00:00:00-04:00,110.0,111.73999786376953,109.77999877929688,111.27999877929688,91.6993179321289,13578100,0.0,0.0
2018-07-23 00:00:00-04:00,111.05999755859375,114.23999786376953,110.93000030517578,113.3499984741211,93.40509796142578,18140000,0.0,0.0
2018-07-24 00:00:00-04:00,113.55000305175781,114.77999877929688,113.41999816894531,114.1500015258789,94.0643081665039,14000400,0.0,0.0
2018-07-25 00:00:00-04:00,113.87999725341797,115.5199966430664,113.37999725341797,115.18000030517578,94.91307830810547,13329100,0.0,0.0
2018-07-26 00:00:00-04:00,115.41999816894531,115.58999633789062,114.58000183105469,114.8499984741211,94.64114379882812,11897800,0.0,0.0
2018-07-27 00:00:00-04:00,115.18000030517578,116.30000305175781,114.80999755859375,116.02999877929688,95.6135025024414,12802700,0.0,0.0
2018-07-30 00:00:00-04:00,116.27999877929688,117.61000061035156,116.05999755859375,116.7300033569336,96.19036102294922,13411600,0.0,0.0
2018-07-31 00:00:00-04:00,117.08000183105469,117.08000183105469,114.81999969482422,114.94999694824219,94.7235336303711,15843800,0.0,0.0
2018-08-01 00:00:00-04:00,115.75,116.69000244140625,115.27999877929688,115.66000366210938,95.30863189697266,13531600,0.0,0.0
2018-08-02 00:00:00-04:00,114.56999969482422,116.25,114.33000183105469,116.1500015258789,95.71239471435547,11058100,0.0,0.0
2018-08-03 00:00:00-04:00,116.0,117.12999725341797,115.94000244140625,117.08999633789062,96.48699951171875,11016100,0.0,0.0
2018-08-06 00:00:00-04:00,116.79000091552734,117.52999877929688,116.18000030517578,117.12000274658203,96.51171112060547,9857400,0.0,0.0
2018-08-07 00:00:00-04:00,117.73999786376953,118.29000091552734,117.33000183105469,117.55000305175781,96.86605834960938,10562100,0.0,0.0
2018-08-08 00:00:00-04:00,117.33000183105469,118.2699966430664,117.27999877929688,117.79000091552734,97.06383514404297,8997100,0.0,0.0
2018-08-09 00:00:00-04:00,117.51000213623047,117.72000122070312,116.69999694824219,116.87999725341797,96.3139419555664,9694200,0.0,0.0
2018-08-10 00:00:00-04:00,115.5,115.94999694824219,114.68000030517578,115.7300033569336,95.36630249023438,12630600,0.0,0.0
2018-08-13 00:00:00-04:00,115.55999755859375,115.87999725341797,113.81999969482422,113.88999938964844,93.85005187988281,10336300,0.0,0.0
2018-08-14 00:00:00-04:00,114.2699966430664,115.04000091552734,113.6500015258789,114.6500015258789,94.47634887695312,10597600,0.0,0.0
2018-08-15 00:00:00-04:00,113.81999969482422,114.33000183105469,112.97000122070312,113.69999694824219,93.69349670410156,10152100,0.0,0.0
2018-08-16 00:00:00-04:00,114.3499984741211,115.30999755859375,114.30000305175781,114.7699966430664,94.57522583007812,10118600,0.0,0.0
2018-08-17 00:00:00-04:00,114.63999938964844,115.06999969482422,114.30000305175781,114.7699966430664,94.57522583007812,8505100,0.0,0.0
2018-08-20 00:00:00-04:00,114.58999633789062,115.05000305175781,114.11000061035156,114.62000274658203,94.45162200927734,8618700,0.0,0.0
2018-08-21 00:00:00-04:00,115.37000274658203,116.38999938964844,114.87999725341797,115.31999969482422,95.02845001220703,10976700,0.0,0.0
2018-08-22 00:00:00-04:00,115.30999755859375,115.41000366210938,114.77999877929688,114.97000122070312,94.74003601074219,8314700,0.0,0.0
2018-08-23 00:00:00-04:00,114.95999908447266,115.1500015258789,114.43000030517578,114.7300033569336,94.5422592163086,9265400,0.0,0.0
2018-08-24 00:00:00-04:00,114.9800033569336,115.22000122070312,114.44999694824219,114.68000030517578,94.50106811523438,8845700,0.0,0.0
2018-08-27 00:00:00-04:00,115.22000122070312,117.27999877929688,115.16999816894531,116.70999908447266,96.17385864257812,13768000,0.0,0.0
2018-08-28 00:00:00-04:00,117.0,117.02999877929688,115.97000122070312,116.13999938964844,95.70415496826172,8302600,0.0,0.0
2018-08-29 00:00:00-04:00,116.3499984741211,116.37000274658203,115.36000061035156,115.76000213623047,95.39100646972656,7221700,0.0,0.0
2018-08-30 00:00:00-04:00,115.58999633789062,116.04000091552734,114.9800033569336,115.19000244140625,94.92132568359375,8991800,0.0,0.0
2018-08-31 00:00:00-04:00,114.83000183105469,114.83999633789062,113.81999969482422,114.58000183105469,94.41864776611328,13065700,0.0,0.0
2018-09-04 00:00:00-04:00,114.33999633789062,115.23999786376953,113.62999725341797,115.1500015258789,94.88837432861328,10174200,0.0,0.0
2018-09-05 00:00:00-04:00,115.0,115.69999694824219,114.25,114.58999633789062,94.4268798828125,11462400,0.0,0.0
2018-09-06 00:00:00-04:00,114.5,114.69999694824219,113.5,114.0999984741211,94.02312469482422,9877600,0.0,0.0
2018-09-07 00:00:00-04:00,114.5,114.7699966430664,113.62999725341797,114.31999969482422,94.20439910888672,10955600,0.0,0.0
2018-09-10 00:00:00-04:00,114.8499984741211,114.97000122070312,113.66000366210938,113.70999908447266,93.70174407958984,8276900,0.0,0.0
2018-09-11 00:00:00-04:00,113.54000091552734,114.58000183105469,113.18000030517578,114.43000030517578,94.2950439453125,9333800,0.0,0.0
2018-09-12 00:00:00-04:00,114.25,114.87999725341797,112.8499984741211,113.08000183105469,93.18260192871094,10800800,0.0,0.0
2018-09-13 00:00:00-04:00,113.37000274658203,114.12999725341797,112.66999816894531,113.5199966430664,93.54515838623047,12470800,0.0,0.0
2018-09-14 00:00:00-04:00,113.80999755859375,114.48999786376953,113.2300033569336,113.5,93.52867126464844,10337900,0.0,0.0
2018-09-17 00:00:00-04:00,113.79000091552734,114.43000030517578,113.30000305175781,113.83999633789062,93.8088607788086,9561300,0.0,0.0
2018-09-18 00:00:00-04:00,114.33000183105469,114.66000366210938,113.55999755859375,114.30000305175781,94.18793487548828,7944200,0.0,0.0
2018-09-19 00:00:00-04:00,114.44000244140625,118.05999755859375,114.44000244140625,117.62000274658203,96.92375183105469,16052800,0.0,0.0
2018-09-20 00:00:00-04:00,118.5,119.23999786376953,118.08000183105469,118.62999725341797,97.7560043334961,15590000,0.0,0.0
2018-09-21 00:00:00-04:00,119.12999725341797,119.2300033569336,117.73999786376953,117.8499984741211,97.11328125,24788200,0.0,0.0
2018-09-24 00:00:00-04:00,117.76000213623047,118.45999908447266,116.43000030517578,116.72000122070312,96.18209838867188,12492500,0.0,0.0
2018-09-25 00:00:00-04:00,117.04000091552734,117.97000122070312,116.31999969482422,116.38999938964844,95.91016387939453,9308300,0.0,0.0
2018-09-26 00:00:00-04:00,116.75,116.87000274658203,114.66000366210938,115.0199966430664,94.78121948242188,14023600,0.0,0.0
2018-09-27 00:00:00-04:00,115.41999816894531,115.76000213623047,114.16000366210938,114.5199966430664,94.36921691894531,13283000,0.0,0.0
2018-09-28 00:00:00-04:00,113.6500015258789,114.23999786376953,112.5199966430664,112.83999633789062,92.98480987548828,15815100,0.0,0.0
2018-10-01 00:00:00-04:00,113.37000274658203,114.61000061035156,113.04000091552734,113.5,93.52867126464844,10146300,0.0,0.0
2018-10-02 00:00:00-04:00,113.36000061035156,114.12000274658203,112.80999755859375,113.97000122070312,93.91600799560547,13753100,0.0,0.0
2018-10-03 00:00:00-04:00,114.94000244140625,115.66000366210938,114.4800033569336,115.04000091552734,94.79772186279297,17142000,0.0,0.0
2018-10-04 00:00:00-04:00,114.55000305175781,116.80999755859375,114.20999908447266,115.2699966430664,95.65242767333984,16357400,0.8,0.0
2018-10-05 00:00:00-04:00,115.83000183105469,116.0999984741211,114.0199966430664,114.62000274658203,95.11305236816406,13777600,0.0,0.0
2018-10-08 00:00:00-04:00,114.25,115.77999877929688,113.3499984741211,115.31999969482422,95.69390106201172,14370900,0.0,0.0
2018-10-09 00:00:00-04:00,114.66999816894531,115.02999877929688,113.66999816894531,114.5199966430664,95.03005981445312,14069500,0.0,0.0
2018-10-10 00:00:00-04:00,114.69999694824219,114.94999694824219,111.47000122070312,111.47000122070312,92.4991455078125,23086400,0.0,0.0
2018-10-11 00:00:00-04:00,110.97000122070312,111.47000122070312,107.37999725341797,108.12999725341797,89.7275619506836,33705600,0.0,0.0
2018-10-12 00:00:00-04:00,110.37000274658203,110.83000183105469,105.5999984741211,106.94999694824219,88.7483901977539,32075700,0.0,0.0
2018-10-15 00:00:00-04:00,107.19999694824219,108.8499984741211,106.31999969482422,106.33999633789062,88.2421875,18903200,0.0,0.0
2018-10-16 00:00:00-04:00,107.16000366210938,108.77999877929688,106.7300033569336,108.62000274658203,90.13416290283203,19302800,0.0,0.0
2018-10-17 00:00:00-04:00,108.37999725341797,110.80000305175781,108.2300033569336,109.83000183105469,91.13822937011719,18794500,0.0,0.0
2018-10-18 00:00:00-04:00,109.0199966430664,109.83999633789062,107.80999755859375,108.08999633789062,89.69436645507812,17582500,0.0,0.0
2018-10-19 00:00:00-04:00,107.6500015258789,109.22000122070312,107.2699966430664,107.91000366210938,89.54501342773438,15234500,0.0,0.0
2018-10-22 00:00:00-04:00,108.1500015258789,108.33999633789062,106.11000061035156,106.36000061035156,88.25879669189453,16199100,0.0,0.0
2018-10-23 00:00:00-04:00,104.19999694824219,106.16000366210938,103.69999694824219,105.25,87.33771514892578,21407500,0.0,0.0
2018-10-24 00:00:00-04:00,104.76000213623047,105.02999877929688,102.91000366210938,103.29000091552734,85.71126556396484,23168900,0.0,0.0
2018-10-25 00:00:00-04:00,104.18000030517578,105.9000015258789,103.72000122070312,104.86000061035156,87.01408386230469,17464700,0.0,0.0
2018-10-26 00:00:00-04:00,104.0,104.55999755859375,102.7300033569336,103.41999816894531,85.81915283203125,19174900,0.0,0.0
2018-10-29 00:00:00-04:00,104.45999908447266,106.62999725341797,103.69999694824219,104.8499984741211,87.00578308105469,18445200,0.0,0.0
2018-10-30 00:00:00-04:00,105.70999908447266,106.9800033569336,104.86000061035156,106.69999694824219,88.54093933105469,18019700,0.0,0.0
2018-10-31 00:00:00-04:00,108.08000183105469,110.4800033569336,107.79000091552734,109.0199966430664,90.46607971191406,20860000,0.0,0.0
2018-11-01 00:00:00-04:00,109.62000274658203,110.22000122070312,108.31999969482422,108.9800033569336,90.43291473388672,13065000,0.0,0.0
2018-11-02 00:00:00-04:00,109.9000015258789,110.80999755859375,107.48999786376953,108.37999725341797,89.93502044677734,19009200,0.0,0.0
2018-11-05 00:00:00-05:00,108.61000061035156,109.29000091552734,108.41999816894531,109.08999633789062,90.52416229248047,10276400,0.0,0.0
2018-11-06 00:00:00-05:00,108.66999816894531,109.66999816894531,107.76000213623047,109.5999984741211,90.9473876953125,10825000,0.0,0.0
2018-11-07 00:00:00-05:00,110.37000274658203,111.7300033569336,109.3499984741211,111.4800033569336,92.5074462890625,12679600,0.0,0.0
2018-11-08 00:00:00-05:00,111.01000213623047,112.93000030517578,111.0,112.37999725341797,93.25425720214844,11662500,0.0,0.0
2018-11-09 00:00:00-05:00,112.2300033569336,112.36000061035156,110.83000183105469,111.29000091552734,92.34974670410156,10432200,0.0,0.0
2018-11-12 00:00:00-05:00,111.41999816894531,111.94000244140625,108.5999984741211,108.94999694824219,90.40799713134766,13279700,0.0,0.0
2018-11-13 00:00:00-05:00,109.0999984741211,111.12000274658203,109.0999984741211,109.58999633789062,90.93907928466797,13746100,0.0,0.0
2018-11-14 00:00:00-05:00,110.2300033569336,110.70999908447266,105.9800033569336,107.33000183105469,89.06371307373047,18361400,0.0,0.0
2018-11-15 00:00:00-05:00,108.23999786376953,110.08000183105469,106.80999755859375,110.06999969482422,91.33738708496094,19100000,0.0,0.0
2018-11-16 00:00:00-05:00,109.44999694824219,110.76000213623047,108.55000305175781,109.98999786376953,91.27100372314453,13798600,0.0,0.0
2018-11-19 00:00:00-05:00,109.95999908447266,111.19999694824219,109.52999877929688,110.83000183105469,91.96804809570312,13987000,0.0,0.0
2018-11-20 00:00:00-05:00,109.77999877929688,110.48999786376953,107.9800033569336,108.44999694824219,89.99310302734375,18936200,0.0,0.0
2018-11-21 00:00:00-05:00,109.02999877929688,109.61000061035156,107.63999938964844,107.63999938964844,89.3209457397461,10619600,0.0,0.0
2018-11-23 00:00:00-05:00,106.73999786376953,107.38999938964844,106.05999755859375,106.6500015258789,88.49944305419922,6488400,0.0,0.0
2018-11-26 00:00:00-05:00,107.72000122070312,109.9800033569336,107.44999694824219,109.26000213623047,90.66525268554688,13948300,0.0,0.0
2018-11-27 00:00:00-05:00,108.76000213623047,110.02999877929688,108.62999725341797,109.72000122070312,91.04696655273438,9238200,0.0,0.0
2018-11-28 00:00:00-05:00,109.80000305175781,111.4000015258789,108.87000274658203,110.94000244140625,92.05934143066406,13977300,0.0,0.0
2018-11-29 00:00:00-05:00,110.2699966430664,110.80000305175781,109.63999938964844,110.05999755859375,91.32911682128906,11144300,0.0,0.0
2018-11-30 00:00:00-05:00,109.8499984741211,111.31999969482422,109.58000183105469,111.19000244140625,92.26678466796875,18652700,0.0,0.0
2018-12-03 00:00:00-05:00,112.37999725341797,112.88999938964844,111.73999786376953,112.23999786376953,93.1380844116211,16034500,0.0,0.0
2018-12-04 00:00:00-05:00,111.5999984741211,111.5999984741211,106.7300033569336,107.2300033569336,88.9807357788086,23555900,0.0,0.0
2018-12-06 00:00:00-05:00,105.01000213623047,105.36000061035156,102.87999725341797,105.19000244140625,87.28793334960938,27213900,0.0,0.0
2018-12-07 00:00:00-05:00,105.16000366210938,106.9800033569336,102.91000366210938,103.29000091552734,85.71126556396484,19248600,0.0,0.0
2018-12-10 00:00:00-05:00,102.87000274658203,103.48999786376953,99.27999877929688,101.36000061035156,84.10973358154297,23636400,0.0,0.0
2018-12-11 00:00:00-05:00,103.12999725341797,103.66000366210938,100.20999908447266,100.37000274658203,83.2882080078125,16860700,0.0,0.0
2018-12-12 00:00:00-05:00,101.66000366210938,102.9000015258789,100.05999755859375,101.0199966430664,83.82758331298828,22621500,0.0,0.0
2018-12-13 00:00:00-05:00,101.55000305175781,101.97000122070312,100.66999816894531,101.12000274658203,83.91056823730469,17250900,0.0,0.0
2018-12-14 00:00:00-05:00,99.98999786376953,101.94000244140625,99.86000061035156,100.29000091552734,83.22185516357422,19879500,0.0,0.0
2018-12-17 00:00:00-05:00,99.7699966430664,100.55999755859375,98.44000244140625,99.01000213623047,82.15968322753906,25113500,0.0,0.0
2018-12-18 00:00:00-05:00,99.41999816894531,100.88999938964844,98.12000274658203,98.54000091552734,81.76966094970703,20837200,0.0,0.0
2018-12-19 00:00:00-05:00,98.41000366210938,100.58000183105469,96.5999984741211,97.29000091552734,80.73239135742188,28767900,0.0,0.0
2018-12-20 00:00:00-05:00,96.61000061035156,98.27999877929688,95.69000244140625,96.44999694824219,80.03535461425781,31825200,0.0,0.0
2018-12-21 00:00:00-05:00,96.68000030517578,98.43000030517578,93.69000244140625,94.16999816894531,78.14338684082031,41313900,0.0,0.0
2018-12-24 00:00:00-05:00,92.88999938964844,94.22000122070312,92.13999938964844,92.13999938964844,76.4588851928711,17009300,0.0,0.0
2018-12-26 00:00:00-05:00,92.69000244140625,95.95999908447266,91.11000061035156,95.95999908447266,79.62873840332031,22542900,0.0,0.0
2018-12-27 00:00:00-05:00,94.81999969482422,97.1500015258789,93.55000305175781,97.04000091552734,80.52496337890625,20304700,0.0,0.0
2018-12-28 00:00:00-05:00,97.94999694824219,98.31999969482422,96.44000244140625,96.83000183105469,80.3506851196289,17963300,0.0,0.0
2018-12-31 00:00:00-05:00,97.58999633789062,98.80999755859375,96.7699966430664,97.62000274658203,81.0062484741211,13237200,0.0,0.0
