Date,Open,High,Low,Close,Adj Close,Volume,Dividends,Stock Splits
2014-01-02 00:00:00-05:00,41.119998931884766,41.22999954223633,40.5099983215332,40.65999984741211,28.51388168334961,12698600,0.0,0.0
2014-01-03 00:00:00-05:00,40.68000030517578,40.72999954223633,40.349998474121094,40.459999084472656,28.37363052368164,10403400,0.0,0.0
2014-01-06 00:00:00-05:00,40.47999954223633,40.59000015258789,40.15999984741211,40.27000045776367,28.240388870239258,11036300,0.0,0.0
2014-01-07 00:00:00-05:00,40.47999954223633,40.720001220703125,40.290000915527344,40.38999938964844,28.324533462524414,11872300,0.0,0.0
2014-01-08 00:00:00-05:00,40.439998626708984,40.439998626708984,39.83000183105469,39.939998626708984,28.00896644592285,15339600,0.0,0.0
2014-01-09 00:00:00-05:00,39.95000076293945,40.0,39.52000045776367,39.72999954223633,27.8617000579834,14070200,0.0,0.0
2014-01-10 00:00:00-05:00,39.959999084472656,40.290000915527344,39.900001525878906,40.130001068115234,28.1422061920166,13290000,0.0,0.0
2014-01-13 00:00:00-05:00,40.0,40.130001068115234,39.5,39.529998779296875,27.721450805664062,14091900,0.0,0.0
2014-01-14 00:00:00-05:00,39.63999938964844,39.91999816894531,39.58000183105469,39.689998626708984,27.833648681640625,12801100,0.0,0.0
2014-01-15 00:00:00-05:00,39.83000183105469,39.939998626708984,39.58000183105469,39.7599983215332,27.882734298706055,12844900,0.0,0.0
2014-01-16 00:00:00-05:00,39.779998779296875,39.81999969482422,39.58000183105469,39.709999084472656,27.847667694091797,11063100,0.0,0.0
2014-01-17 00:00:00-05:00,39.720001220703125,39.75,39.279998779296875,39.279998779296875,27.546123504638672,13992700,0.0,0.0
2014-01-21 00:00:00-05:00,39.63999938964844,39.91999816894531,39.529998779296875,39.91999816894531,27.99493980407715,17579000,0.0,0.0
2014-01-22 00:00:00-05:00,39.9900016784668,40.09000015258789,39.75,39.900001525878906,27.980911254882812,9841700,0.0,0.0
2014-01-23 00:00:00-05:00,39.61000061035156,39.63999938964844,39.119998931884766,39.2400016784668,27.51807403564453,14828100,0.0,0.0
2014-01-24 00:00:00-05:00,39.08000183105469,39.25,38.81999969482422,38.84000015258789,27.237560272216797,16507500,0.0,0.0
2014-01-27 00:00:00-05:00,38.81999969482422,38.97999954223633,38.709999084472656,38.72999954223633,27.16042709350586,14601900,0.0,0.0
2014-01-28 00:00:00-05:00,38.77000045776367,39.08000183105469,38.619998931884766,38.869998931884766,27.258596420288086,8915500,0.0,0.0
2014-01-29 00:00:00-05:00,38.56999969482422,38.56999969482422,37.81999969482422,37.900001525878906,26.57836151123047,23776100,0.0,0.0
2014-01-30 00:00:00-05:00,38.0,38.40999984741211,38.0,38.16999816894531,26.76770782470703,13662000,0.0,0.0
2014-01-31 00:00:00-05:00,37.95000076293945,38.15999984741211,37.720001220703125,37.81999969482422,26.522262573242188,16185000,0.0,0.0
2014-02-03 00:00:00-05:00,38.02000045776367,38.02000045776367,37.099998474121094,37.20000076293945,26.087467193603516,23164900,0.0,0.0
2014-02-04 00:00:00-05:00,37.439998626708984,37.54999923706055,37.209999084472656,37.47999954223633,26.283823013305664,17759700,0.0,0.0
2014-02-05 00:00:00-05:00,37.4900016784668,37.720001220703125,37.380001068115234,37.61000061035156,26.37499237060547,13665200,0.0,0.0
2014-02-06 00:00:00-05:00,38.7599983215332,38.939998626708984,37.91999816894531,38.029998779296875,26.66952896118164,22661500,0.0,0.0
2014-02-07 00:00:00-05:00,38.16999816894531,38.349998474121094,37.869998931884766,37.95000076293945,26.613431930541992,20389000,0.0,0.0
2014-02-10 00:00:00-05:00,38.06999969482422,38.619998931884766,37.84000015258789,38.56999969482422,27.048215866088867,20877200,0.0,0.0
2014-02-11 00:00:00-05:00,38.66999816894531,38.779998779296875,38.5099983215332,38.63999938964844,27.097318649291992,15361300,0.0,0.0
2014-02-12 00:00:00-05:00,38.849998474121094,38.91999816894531,38.400001525878906,38.5099983215332,27.006135940551758,10633400,0.0,0.0
2014-02-13 00:00:00-05:00,38.130001068115234,38.7599983215332,38.130001068115234,38.650001525878906,27.10431671142578,10435600,0.0,0.0
2014-02-14 00:00:00-05:00,38.599998474121094,39.02000045776367,38.27000045776367,38.93000030517578,27.300668716430664,16030100,0.0,0.0
2014-02-18 00:00:00-05:00,37.97999954223633,38.11000061035156,37.2599983215332,37.470001220703125,26.27681541442871,46098500,0.0,0.0
2014-02-19 00:00:00-05:00,37.5,37.599998474121094,37.04999923706055,37.099998474121094,26.017333984375,26645100,0.0,0.0
2014-02-20 00:00:00-05:00,37.060001373291016,37.52000045776367,36.88999938964844,37.29999923706055,26.157596588134766,22639900,0.0,0.0
2014-02-21 00:00:00-05:00,37.59000015258789,37.619998931884766,37.13999938964844,37.18000030517578,26.07344627380371,19419800,0.0,0.0
2014-02-24 00:00:00-05:00,37.29999923706055,37.599998474121094,37.220001220703125,37.5,26.2978572845459,24223500,0.0,0.0
2014-02-25 00:00:00-05:00,37.630001068115234,37.939998626708984,37.5,37.77000045776367,26.48719596862793,22845500,0.0,0.0
2014-02-26 00:00:00-05:00,37.900001525878906,37.939998626708984,37.720001220703125,37.869998931884766,26.557323455810547,18195100,0.0,0.0
2014-02-27 00:00:00-05:00,37.84000015258789,38.11000061035156,37.79999923706055,38.06999969482422,26.69757843017578,18423400,0.0,0.0
2014-02-28 00:00:00-05:00,38.08000183105469,38.38999938964844,38.040000915527344,38.20000076293945,26.78874397277832,15763200,0.0,0.0
2014-03-03 00:00:00-05:00,37.880001068115234,38.15999984741211,37.849998474121094,38.119998931884766,26.732633590698242,18683400,0.0,0.0
2014-03-04 00:00:00-05:00,38.34000015258789,38.38999938964844,38.22999954223633,38.310001373291016,26.86588478088379,20425200,0.0,0.0
2014-03-05 00:00:00-05:00,38.41999816894531,38.45000076293945,38.25,38.349998474121094,26.893932342529297,14367400,0.0,0.0
2014-03-06 00:00:00-05:00,38.400001525878906,38.54999923706055,38.27000045776367,38.470001220703125,26.97809410095215,14700000,0.0,0.0
2014-03-07 00:00:00-05:00,38.560001373291016,38.61000061035156,38.36000061035156,38.54999923706055,27.034183502197266,17047600,0.0,0.0
2014-03-10 00:00:00-04:00,38.54999923706055,38.650001525878906,38.439998626708984,38.650001525878906,27.10431671142578,14540800,0.0,0.0
2014-03-11 00:00:00-04:00,38.84000015258789,38.84000015258789,38.540000915527344,38.79999923706055,27.209510803222656,13812100,0.0,0.0
2014-03-12 00:00:00-04:00,38.27000045776367,38.5,38.209999084472656,38.470001220703125,27.191844940185547,15673700,0.305,0.0
2014-03-13 00:00:00-04:00,38.45000076293945,38.4900016784668,37.91999816894531,37.970001220703125,26.838430404663086,18302800,0.0,0.0
2014-03-14 00:00:00-04:00,37.95000076293945,38.31999969482422,37.880001068115234,38.16999816894531,26.97979164123535,14687200,0.0,0.0
2014-03-17 00:00:00-04:00,38.16999816894531,38.369998931884766,38.04999923706055,38.27000045776367,27.05047035217285,19203000,0.0,0.0
2014-03-18 00:00:00-04:00,38.27000045776367,38.459999084472656,38.13999938964844,38.400001525878906,27.142358779907227,16880400,0.0,0.0
2014-03-19 00:00:00-04:00,38.36000061035156,38.59000015258789,38.099998474121094,38.13999938964844,26.958589553833008,20882200,0.0,0.0
2014-03-20 00:00:00-04:00,38.11000061035156,38.470001220703125,37.95000076293945,38.45000076293945,27.177701950073242,13228000,0.0,0.0
2014-03-21 00:00:00-04:00,38.779998779296875,38.83000183105469,38.279998779296875,38.439998626708984,27.170639038085938,19189100,0.0,0.0
2014-03-24 00:00:00-04:00,38.47999954223633,38.529998779296875,38.209999084472656,38.400001525878906,27.142358779907227,15693000,0.0,0.0
2014-03-25 00:00:00-04:00,38.4900016784668,38.79999923706055,38.459999084472656,38.619998931884766,27.297863006591797,16898900,0.0,0.0
2014-03-26 00:00:00-04:00,38.689998626708984,38.939998626708984,38.61000061035156,38.61000061035156,27.290800094604492,15835500,0.0,0.0
2014-03-27 00:00:00-04:00,38.5099983215332,39.0,38.47999954223633,38.81999969482422,27.439231872558594,13031500,0.0,0.0
2014-03-28 00:00:00-04:00,38.88999938964844,39.029998779296875,38.81999969482422,38.95000076293945,27.531118392944336,11502100,0.0,0.0
2014-03-31 00:00:00-04:00,38.9900016784668,39.029998779296875,38.459999084472656,38.65999984741211,27.326141357421875,24489800,0.0,0.0
2014-04-01 00:00:00-04:00,38.529998779296875,38.88999938964844,38.310001373291016,38.40999984741211,27.149433135986328,20515700,0.0,0.0
2014-04-02 00:00:00-04:00,38.4900016784668,38.540000915527344,38.29999923706055,38.33000183105469,27.092880249023438,15709100,0.0,0.0
2014-04-03 00:00:00-04:00,38.38999938964844,38.4900016784668,38.040000915527344,38.06999969482422,26.909109115600586,18114000,0.0,0.0
2014-04-04 00:00:00-04:00,38.2400016784668,38.47999954223633,38.13999938964844,38.220001220703125,27.015127182006836,15453600,0.0,0.0
2014-04-07 00:00:00-04:00,38.27000045776367,38.88999938964844,38.2599983215332,38.619998931884766,27.297863006591797,17295700,0.0,0.0
2014-04-08 00:00:00-04:00,38.66999816894531,38.900001525878906,38.47999954223633,38.900001525878906,27.495777130126953,14769900,0.0,0.0
2014-04-09 00:00:00-04:00,38.84000015258789,38.9900016784668,38.70000076293945,38.9900016784668,27.559389114379883,12031400,0.0,0.0
2014-04-10 00:00:00-04:00,38.97999954223633,39.400001525878906,38.81999969482422,38.88999938964844,27.488718032836914,21025700,0.0,0.0
2014-04-11 00:00:00-04:00,38.83000183105469,39.220001220703125,38.56999969482422,38.630001068115234,27.304941177368164,18084200,0.0,0.0
2014-04-14 00:00:00-04:00,38.709999084472656,38.79999923706055,38.400001525878906,38.72999954223633,27.375614166259766,19389800,0.0,0.0
2014-04-15 00:00:00-04:00,39.83000183105469,40.470001220703125,39.5,40.18000030517578,28.400514602661133,47529200,0.0,0.0
2014-04-16 00:00:00-04:00,40.119998931884766,40.59000015258789,40.119998931884766,40.59000015258789,28.690324783325195,21919900,0.0,0.0
2014-04-17 00:00:00-04:00,40.43000030517578,40.720001220703125,40.25,40.720001220703125,28.782211303710938,18547100,0.0,0.0
2014-04-21 00:00:00-04:00,40.470001220703125,40.7599983215332,40.349998474121094,40.75,28.803424835205078,12630900,0.0,0.0
2014-04-22 00:00:00-04:00,40.58000183105469,40.7599983215332,40.41999816894531,40.709999084472656,28.775146484375,17404900,0.0,0.0
2014-04-23 00:00:00-04:00,40.70000076293945,40.810001373291016,40.560001373291016,40.72999954223633,28.78928565979004,12072500,0.0,0.0
2014-04-24 00:00:00-04:00,40.70000076293945,40.88999938964844,40.459999084472656,40.70000076293945,28.768081665039062,11392600,0.0,0.0
2014-04-25 00:00:00-04:00,40.459999084472656,41.0099983215332,40.439998626708984,41.0099983215332,28.987199783325195,16811400,0.0,0.0
2014-04-28 00:00:00-04:00,40.81999969482422,41.279998779296875,40.7400016784668,41.029998779296875,29.001327514648438,20736700,0.0,0.0
2014-04-29 00:00:00-04:00,40.970001220703125,41.029998779296875,40.52000045776367,40.56999969482422,28.676176071166992,18928400,0.0,0.0
2014-04-30 00:00:00-04:00,40.689998626708984,40.880001068115234,40.59000015258789,40.790000915527344,28.831693649291992,12362000,0.0,0.0
2014-05-01 00:00:00-04:00,40.790000915527344,40.79999923706055,40.2599983215332,40.779998779296875,28.824615478515625,15385800,0.0,0.0
2014-05-02 00:00:00-04:00,40.790000915527344,40.959999084472656,40.630001068115234,40.95000076293945,28.944786071777344,14197000,0.0,0.0
2014-05-05 00:00:00-04:00,40.650001525878906,40.93000030517578,40.54999923706055,40.7599983215332,28.81048011779785,10163500,0.0,0.0
2014-05-06 00:00:00-04:00,40.52000045776367,40.65999984741211,40.45000076293945,40.4900016784668,28.619647979736328,9359900,0.0,0.0
2014-05-07 00:00:00-04:00,40.70000076293945,40.970001220703125,40.630001068115234,40.90999984741211,28.9165096282959,11115600,0.0,0.0
2014-05-08 00:00:00-04:00,40.849998474121094,40.959999084472656,40.650001525878906,40.72999954223633,28.78928565979004,8538700,0.0,0.0
2014-05-09 00:00:00-04:00,40.779998779296875,40.95000076293945,40.709999084472656,40.869998931884766,28.88823890686035,8516400,0.0,0.0
2014-05-12 00:00:00-04:00,40.880001068115234,40.970001220703125,40.689998626708984,40.81999969482422,28.85289764404297,8906000,0.0,0.0
2014-05-13 00:00:00-04:00,40.83000183105469,41.220001220703125,40.81999969482422,41.11000061035156,29.05787467956543,11579600,0.0,0.0
2014-05-14 00:00:00-04:00,41.02000045776367,41.18000030517578,40.83000183105469,40.88999938964844,28.90237808227539,10036100,0.0,0.0
2014-05-15 00:00:00-04:00,40.619998931884766,40.959999084472656,40.439998626708984,40.52000045776367,28.640850067138672,12379200,0.0,0.0
2014-05-16 00:00:00-04:00,40.52000045776367,40.90999984741211,40.45000076293945,40.88999938964844,28.90237808227539,13823900,0.0,0.0
2014-05-19 00:00:00-04:00,40.599998474121094,40.72999954223633,40.41999816894531,40.709999084472656,28.775146484375,7559500,0.0,0.0
2014-05-20 00:00:00-04:00,40.79999923706055,40.93000030517578,40.56999969482422,40.58000183105469,28.683256149291992,9639500,0.0,0.0
2014-05-21 00:00:00-04:00,40.54999923706055,40.880001068115234,40.5,40.869998931884766,28.88823890686035,8607300,0.0,0.0
2014-05-22 00:00:00-04:00,40.77000045776367,40.84000015258789,40.529998779296875,40.58000183105469,28.683256149291992,8430400,0.0,0.0
2014-05-23 00:00:00-04:00,40.630001068115234,40.70000076293945,40.529998779296875,40.58000183105469,28.683256149291992,6255200,0.0,0.0
2014-05-27 00:00:00-04:00,40.560001373291016,40.81999969482422,40.47999954223633,40.77000045776367,28.817556381225586,11282900,0.0,0.0
2014-05-28 00:00:00-04:00,40.70000076293945,40.88999938964844,40.529998779296875,40.58000183105469,28.683256149291992,7536700,0.0,0.0
2014-05-29 00:00:00-04:00,40.68000030517578,40.869998931884766,40.599998474121094,40.65999984741211,28.739805221557617,9867100,0.0,0.0
2014-05-30 00:00:00-04:00,40.540000915527344,40.91999816894531,40.4900016784668,40.90999984741211,28.9165096282959,10446100,0.0,0.0
2014-06-02 00:00:00-04:00,40.75,40.88999938964844,40.68000030517578,40.86000061035156,28.881168365478516,7472100,0.0,0.0
2014-06-03 00:00:00-04:00,40.720001220703125,41.0,40.709999084472656,40.880001068115234,28.895305633544922,10493100,0.0,0.0
2014-06-04 00:00:00-04:00,40.90999984741211,40.91999816894531,40.709999084472656,40.790000915527344,28.831693649291992,7864700,0.0,0.0
2014-06-05 00:00:00-04:00,40.72999954223633,41.0,40.630001068115234,40.88999938964844,28.90237808227539,10131700,0.0,0.0
2014-06-06 00:00:00-04:00,40.939998626708984,41.060001373291016,40.84000015258789,40.9900016784668,28.973058700561523,8760600,0.0,0.0
2014-06-09 00:00:00-04:00,40.849998474121094,41.09000015258789,40.849998474121094,40.90999984741211,28.9165096282959,7316400,0.0,0.0
2014-06-10 00:00:00-04:00,40.84000015258789,41.150001525878906,40.810001373291016,41.06999969482422,29.029605865478516,9168600,0.0,0.0
2014-06-11 00:00:00-04:00,40.97999954223633,41.060001373291016,40.790000915527344,40.86000061035156,28.881168365478516,9648600,0.0,0.0
2014-06-12 00:00:00-04:00,40.40999984741211,40.68000030517578,40.369998931884766,40.41999816894531,28.785024642944336,11583600,0.305,0.0
2014-06-13 00:00:00-04:00,40.38999938964844,40.529998779296875,40.25,40.369998931884766,28.74942398071289,9194600,0.0,0.0
2014-06-16 00:00:00-04:00,40.189998626708984,40.77000045776367,40.150001525878906,40.65999984741211,28.955949783325195,12878200,0.0,0.0
2014-06-17 00:00:00-04:00,41.18000030517578,41.20000076293945,40.61000061035156,40.91999816894531,29.141098022460938,26926600,0.0,0.0
2014-06-18 00:00:00-04:00,40.790000915527344,41.56999969482422,40.75,41.560001373291016,29.59687614440918,18518200,0.0,0.0
2014-06-19 00:00:00-04:00,41.540000915527344,41.869998931884766,41.529998779296875,41.790000915527344,29.760671615600586,13275200,0.0,0.0
2014-06-20 00:00:00-04:00,41.869998931884766,41.880001068115234,41.529998779296875,41.689998626708984,29.689455032348633,23402600,0.0,0.0
2014-06-23 00:00:00-04:00,41.459999084472656,41.7400016784668,41.33000183105469,41.72999954223633,29.717933654785156,13099300,0.0,0.0
2014-06-24 00:00:00-04:00,41.52000045776367,41.88999938964844,41.470001220703125,41.849998474121094,29.80340003967285,14962800,0.0,0.0
2014-06-25 00:00:00-04:00,41.599998474121094,41.97999954223633,41.459999084472656,41.959999084472656,29.88173484802246,17621800,0.0,0.0
2014-06-26 00:00:00-04:00,41.90999984741211,42.04999923706055,41.779998779296875,42.029998779296875,29.931589126586914,16903300,0.0,0.0
2014-06-27 00:00:00-04:00,41.9900016784668,42.290000915527344,41.90999984741211,42.189998626708984,30.0455379486084,18674400,0.0,0.0
2014-06-30 00:00:00-04:00,41.97999954223633,42.4900016784668,41.81999969482422,42.36000061035156,30.166589736938477,14058700,0.0,0.0
2014-07-01 00:00:00-04:00,42.38999938964844,42.45000076293945,42.150001525878906,42.290000915527344,30.116743087768555,11497700,0.0,0.0
2014-07-02 00:00:00-04:00,42.310001373291016,42.40999984741211,42.150001525878906,42.290000915527344,30.116743087768555,6707000,0.0,0.0
2014-07-03 00:00:00-04:00,42.2599983215332,42.31999969482422,42.0099983215332,42.22999954223633,30.07400894165039,7537700,0.0,0.0
2014-07-07 00:00:00-04:00,41.959999084472656,42.20000076293945,41.93000030517578,42.13999938964844,30.009933471679688,8991900,0.0,0.0
2014-07-08 00:00:00-04:00,41.970001220703125,42.25,41.90999984741211,41.939998626708984,29.867494583129883,10090500,0.0,0.0
2014-07-09 00:00:00-04:00,41.93000030517578,42.15999984741211,41.790000915527344,41.95000076293945,29.87461280822754,9891600,0.0,0.0
2014-07-10 00:00:00-04:00,41.560001373291016,42.290000915527344,41.54999923706055,42.2599983215332,30.095382690429688,12564500,0.0,0.0
2014-07-11 00:00:00-04:00,42.119998931884766,42.25,41.880001068115234,41.970001220703125,29.888856887817383,9773000,0.0,0.0
2014-07-14 00:00:00-04:00,41.9900016784668,42.38999938964844,41.97999954223633,42.380001068115234,30.18084144592285,11857700,0.0,0.0
2014-07-15 00:00:00-04:00,42.40999984741211,42.43000030517578,41.95000076293945,42.099998474121094,29.981441497802734,10541900,0.0,0.0
2014-07-16 00:00:00-04:00,42.2599983215332,42.38999938964844,42.02000045776367,42.119998931884766,29.995683670043945,10331400,0.0,0.0
2014-07-17 00:00:00-04:00,41.93000030517578,42.150001525878906,41.83000183105469,42.02000045776367,29.924457550048828,9983500,0.0,0.0
2014-07-18 00:00:00-04:00,42.13999938964844,42.470001220703125,42.02000045776367,42.43000030517578,30.216447830200195,19272400,0.0,0.0
2014-07-21 00:00:00-04:00,42.119998931884766,42.56999969482422,42.09000015258789,42.400001525878906,30.195100784301758,17607200,0.0,0.0
2014-07-22 00:00:00-04:00,41.099998474121094,41.33000183105469,40.61000061035156,41.189998626708984,29.33338165283203,24706000,0.0,0.0
2014-07-23 00:00:00-04:00,40.97999954223633,41.04999923706055,40.630001068115234,40.810001373291016,29.062767028808594,17531700,0.0,0.0
2014-07-24 00:00:00-04:00,40.970001220703125,41.099998474121094,40.65999984741211,40.970001220703125,29.176708221435547,14856000,0.0,0.0
2014-07-25 00:00:00-04:00,40.91999816894531,41.040000915527344,40.810001373291016,41.0,29.19808006286621,10809900,0.0,0.0
2014-07-28 00:00:00-04:00,40.9900016784668,41.0,40.61000061035156,40.68000030517578,28.970186233520508,11709100,0.0,0.0
2014-07-29 00:00:00-04:00,40.75,40.779998779296875,40.349998474121094,40.349998474121094,28.735193252563477,10863600,0.0,0.0
2014-07-30 00:00:00-04:00,40.45000076293945,40.5,39.61000061035156,39.619998931884766,28.215314865112305,20346200,0.0,0.0
2014-07-31 00:00:00-04:00,39.529998779296875,39.72999954223633,39.25,39.290000915527344,27.980304718017578,15434700,0.0,0.0
2014-08-01 00:00:00-04:00,39.130001068115234,39.4900016784668,39.060001373291016,39.290000915527344,27.980304718017578,13566700,0.0,0.0
2014-08-04 00:00:00-04:00,39.40999984741211,39.459999084472656,39.119998931884766,39.400001525878906,28.058629989624023,11012900,0.0,0.0
2014-08-05 00:00:00-04:00,39.34000015258789,39.529998779296875,39.099998474121094,39.18000030517578,27.90196418762207,11639200,0.0,0.0
2014-08-06 00:00:00-04:00,39.130001068115234,39.959999084472656,39.130001068115234,39.91999816894531,28.428953170776367,17567500,0.0,0.0
2014-08-07 00:00:00-04:00,39.959999084472656,40.0099983215332,39.33000183105469,39.349998474121094,28.02302360534668,14367400,0.0,0.0
2014-08-08 00:00:00-04:00,39.34000015258789,39.58000183105469,39.2599983215332,39.45000076293945,28.094249725341797,13667000,0.0,0.0
2014-08-11 00:00:00-04:00,39.52000045776367,39.869998931884766,39.52000045776367,39.56999969482422,28.179697036743164,14102600,0.0,0.0
2014-08-12 00:00:00-04:00,39.560001373291016,39.84000015258789,39.540000915527344,39.68000030517578,28.258033752441406,13297500,0.0,0.0
2014-08-13 00:00:00-04:00,39.70000076293945,40.099998474121094,39.70000076293945,39.939998626708984,28.443193435668945,9638900,0.0,0.0
2014-08-14 00:00:00-04:00,39.93000030517578,40.189998626708984,39.93000030517578,40.18000030517578,28.614116668701172,6902000,0.0,0.0
2014-08-15 00:00:00-04:00,40.849998474121094,41.150001525878906,40.65999984741211,40.880001068115234,29.112619400024414,23221600,0.0,0.0
2014-08-18 00:00:00-04:00,40.790000915527344,41.41999816894531,40.790000915527344,41.349998474121094,29.447328567504883,14891500,0.0,0.0
2014-08-19 00:00:00-04:00,41.349998474121094,41.47999954223633,41.15999984741211,41.2599983215332,29.38323211669922,10260400,0.0,0.0
2014-08-20 00:00:00-04:00,41.150001525878906,41.34000015258789,41.09000015258789,41.25,29.376117706298828,6782500,0.0,0.0
2014-08-21 00:00:00-04:00,41.290000915527344,41.689998626708984,41.220001220703125,41.40999984741211,29.49005889892578,11951000,0.0,0.0
2014-08-22 00:00:00-04:00,41.290000915527344,41.52000045776367,41.04999923706055,41.119998931884766,29.283531188964844,11244600,0.0,0.0
2014-08-25 00:00:00-04:00,41.31999969482422,41.45000076293945,41.119998931884766,41.40999984741211,29.49005889892578,10229300,0.0,0.0
2014-08-26 00:00:00-04:00,41.40999984741211,41.70000076293945,41.40999984741211,41.599998474121094,29.62535858154297,8416500,0.0,0.0
2014-08-27 00:00:00-04:00,41.529998779296875,41.709999084472656,41.439998626708984,41.599998474121094,29.62535858154297,7693100,0.0,0.0
2014-08-28 00:00:00-04:00,41.5099983215332,41.70000076293945,41.439998626708984,41.630001068115234,29.646732330322266,9746400,0.0,0.0
2014-08-29 00:00:00-04:00,41.599998474121094,41.75,41.470001220703125,41.720001220703125,29.7108211517334,7666700,0.0,0.0
2014-09-02 00:00:00-04:00,41.52000045776367,41.84000015258789,41.310001373291016,41.63999938964844,29.65384864807129,9798100,0.0,0.0
2014-09-03 00:00:00-04:00,41.689998626708984,41.849998474121094,41.65999984741211,41.779998779296875,29.753551483154297,8635400,0.0,0.0
2014-09-04 00:00:00-04:00,41.79999923706055,42.16999816894531,41.72999954223633,41.869998931884766,29.817644119262695,16785300,0.0,0.0
2014-09-05 00:00:00-04:00,41.86000061035156,41.86000061035156,41.61000061035156,41.84000015258789,29.796279907226562,12768100,0.0,0.0
2014-09-08 00:00:00-04:00,41.66999816894531,41.939998626708984,41.630001068115234,41.779998779296875,29.753551483154297,9097700,0.0,0.0
2014-09-09 00:00:00-04:00,41.77000045776367,42.029998779296875,41.75,41.939998626708984,29.867494583129883,11892500,0.0,0.0
2014-09-10 00:00:00-04:00,41.900001525878906,42.189998626708984,41.83000183105469,42.16999816894531,30.03129005432129,17558000,0.0,0.0
2014-09-11 00:00:00-04:00,41.68000030517578,42.060001373291016,41.65999984741211,41.95000076293945,30.092262268066406,19614000,0.305,0.0
2014-09-12 00:00:00-04:00,41.900001525878906,41.91999816894531,41.36000061035156,41.459999084472656,29.740766525268555,12966800,0.0,0.0
2014-09-15 00:00:00-04:00,41.45000076293945,41.58000183105469,41.33000183105469,41.5,29.76945686340332,12259600,0.0,0.0
2014-09-16 00:00:00-04:00,41.290000915527344,41.79999923706055,41.18000030517578,41.63999938964844,29.86988639831543,15232800,0.0,0.0
2014-09-17 00:00:00-04:00,41.77000045776367,41.779998779296875,41.31999969482422,41.61000061035156,29.848365783691406,16693800,0.0,0.0
2014-09-18 00:00:00-04:00,41.75,41.880001068115234,41.54999923706055,41.790000915527344,29.97748565673828,12586400,0.0,0.0
2014-09-19 00:00:00-04:00,41.97999954223633,42.349998474121094,41.75,42.04999923706055,30.163991928100586,47559700,0.0,0.0
2014-09-22 00:00:00-04:00,41.849998474121094,42.25,41.72999954223633,42.220001220703125,30.285940170288086,11518100,0.0,0.0
2014-09-23 00:00:00-04:00,42.0,42.15999984741211,41.880001068115234,41.88999938964844,30.049222946166992,10251300,0.0,0.0
2014-09-24 00:00:00-04:00,41.849998474121094,42.34000015258789,41.849998474121094,42.27000045776367,30.321807861328125,13540900,0.0,0.0
2014-09-25 00:00:00-04:00,42.060001373291016,42.16999816894531,41.77000045776367,41.779998779296875,29.970312118530273,11076300,0.0,0.0
2014-09-26 00:00:00-04:00,42.0,42.25,41.709999084472656,42.20000076293945,30.271595001220703,9939600,0.0,0.0
2014-09-29 00:00:00-04:00,41.900001525878906,42.2599983215332,41.880001068115234,42.25,30.307458877563477,12441100,0.0,0.0
2014-09-30 00:00:00-04:00,42.099998474121094,42.810001373291016,42.08000183105469,42.65999984741211,30.60158348083496,22613700,0.0,0.0
2014-10-01 00:00:00-04:00,42.54999923706055,42.849998474121094,42.369998931884766,42.7400016784668,30.658964157104492,30409700,0.0,0.0
2014-10-02 00:00:00-04:00,42.599998474121094,42.779998779296875,42.41999816894531,42.65999984741211,30.60158348083496,16643200,0.0,0.0
2014-10-03 00:00:00-04:00,42.86000061035156,43.06999969482422,42.65999984741211,43.0,30.845468521118164,14046300,0.0,0.0
2014-10-06 00:00:00-04:00,43.029998779296875,43.68000030517578,42.970001220703125,43.599998474121094,31.275869369506836,20328100,0.0,0.0
2014-10-07 00:00:00-04:00,43.47999954223633,44.13999938964844,43.47999954223633,43.91999816894531,31.505416870117188,24936600,0.0,0.0
2014-10-08 00:00:00-04:00,43.58000183105469,44.560001373291016,43.5099983215332,44.54999923706055,31.95733642578125,26115600,0.0,0.0
2014-10-09 00:00:00-04:00,44.439998626708984,44.75,43.869998931884766,43.869998931884766,31.469541549682617,25029300,0.0,0.0
2014-10-10 00:00:00-04:00,43.880001068115234,44.869998931884766,43.849998474121094,44.470001220703125,31.899946212768555,25920800,0.0,0.0
2014-10-13 00:00:00-04:00,44.279998779296875,44.630001068115234,44.029998779296875,44.06999969482422,31.613018035888672,20175200,0.0,0.0
2014-10-14 00:00:00-04:00,44.040000915527344,44.119998931884766,43.470001220703125,43.63999938964844,31.304567337036133,21027400,0.0,0.0
2014-10-15 00:00:00-04:00,42.70000076293945,43.529998779296875,42.70000076293945,43.22999954223633,31.01045799255371,22988600,0.0,0.0
2014-10-16 00:00:00-04:00,42.650001525878906,42.939998626708984,42.380001068115234,42.560001373291016,30.52983856201172,22519200,0.0,0.0
2014-10-17 00:00:00-04:00,42.689998626708984,43.029998779296875,42.310001373291016,42.880001068115234,30.759387969970703,23236000,0.0,0.0
2014-10-20 00:00:00-04:00,42.75,43.470001220703125,42.709999084472656,43.290000915527344,31.053489685058594,17647800,0.0,0.0
2014-10-21 00:00:00-04:00,40.79999923706055,41.189998626708984,40.2599983215332,40.68000030517578,29.181245803833008,55953500,0.0,0.0
2014-10-22 00:00:00-04:00,40.189998626708984,41.11000061035156,40.099998474121094,40.619998931884766,29.138206481933594,27728200,0.0,0.0
2014-10-23 00:00:00-04:00,40.939998626708984,41.380001068115234,40.7400016784668,40.86000061035156,29.31036949157715,23346800,0.0,0.0
2014-10-24 00:00:00-04:00,40.97999954223633,41.27000045776367,40.91999816894531,41.029998779296875,29.432310104370117,13396000,0.0,0.0
2014-10-27 00:00:00-04:00,40.70000076293945,40.90999984741211,40.560001373291016,40.7599983215332,29.238632202148438,17222500,0.0,0.0
2014-10-28 00:00:00-04:00,40.7599983215332,40.86000061035156,40.5099983215332,40.560001373291016,29.095165252685547,18658700,0.0,0.0
2014-10-29 00:00:00-04:00,40.650001525878906,41.029998779296875,40.52000045776367,40.959999084472656,29.38209342956543,25761800,0.0,0.0
2014-10-30 00:00:00-04:00,41.0,41.59000015258789,40.83000183105469,41.400001525878906,29.697738647460938,18295600,0.0,0.0
2014-10-31 00:00:00-04:00,41.83000183105469,41.88999938964844,41.400001525878906,41.880001068115234,30.042043685913086,18477700,0.0,0.0
2014-11-03 00:00:00-05:00,41.790000915527344,42.279998779296875,41.59000015258789,41.810001373291016,29.991840362548828,13230600,0.0,0.0
2014-11-04 00:00:00-05:00,41.77000045776367,42.04999923706055,41.65999984741211,41.81999969482422,29.999008178710938,10105300,0.0,0.0
2014-11-05 00:00:00-05:00,42.29999923706055,42.540000915527344,41.9900016784668,42.310001373291016,30.35049819946289,20676800,0.0,0.0
2014-11-06 00:00:00-05:00,42.43000030517578,42.619998931884766,42.11000061035156,42.290000915527344,30.336158752441406,11528800,0.0,0.0
2014-11-07 00:00:00-05:00,42.45000076293945,42.459999084472656,42.13999938964844,42.31999969482422,30.35767364501953,11803800,0.0,0.0
2014-11-10 00:00:00-05:00,42.25,42.56999969482422,42.09000015258789,42.38999938964844,30.407894134521484,9088900,0.0,0.0
2014-11-11 00:00:00-05:00,42.380001068115234,42.709999084472656,42.36000061035156,42.5099983215332,30.49395179748535,8563700,0.0,0.0
2014-11-12 00:00:00-05:00,42.5099983215332,42.88999938964844,42.310001373291016,42.709999084472656,30.637441635131836,12768800,0.0,0.0
2014-11-13 00:00:00-05:00,42.650001525878906,43.08000183105469,42.630001068115234,42.790000915527344,30.694822311401367,12007700,0.0,0.0
2014-11-14 00:00:00-05:00,42.70000076293945,42.970001220703125,42.5,42.72999954223633,30.651775360107422,10939500,0.0,0.0
2014-11-17 00:00:00-05:00,42.75,42.9900016784668,42.72999954223633,42.91999816894531,30.78807258605957,10664000,0.0,0.0
2014-11-18 00:00:00-05:00,42.95000076293945,43.86000061035156,42.75,43.529998779296875,31.225650787353516,26143000,0.0,0.0
2014-11-19 00:00:00-05:00,43.66999816894531,44.43000030517578,43.560001373291016,44.220001220703125,31.72062110900879,25402300,0.0,0.0
2014-11-20 00:00:00-05:00,43.959999084472656,44.41999816894531,43.849998474121094,44.25,31.74213218688965,13465400,0.0,0.0
2014-11-21 00:00:00-05:00,44.58000183105469,44.7400016784668,44.279998779296875,44.5,31.92146873474121,14382700,0.0,0.0
2014-11-24 00:00:00-05:00,44.5099983215332,44.779998779296875,44.20000076293945,44.27000045776367,31.75648307800293,12890800,0.0,0.0
2014-11-25 00:00:00-05:00,44.27000045776367,44.59000015258789,44.119998931884766,44.43000030517578,31.87125015258789,10741700,0.0,0.0
2014-11-26 00:00:00-05:00,43.9900016784668,44.369998931884766,43.970001220703125,44.290000915527344,31.990428924560547,9199200,0.305,0.0
2014-11-28 00:00:00-05:00,44.150001525878906,45.0,44.150001525878906,44.83000183105469,32.3804817199707,10502000,0.0,0.0
2014-12-01 00:00:00-05:00,44.18000030517578,44.77000045776367,44.130001068115234,44.54999923706055,32.1782341003418,10065700,0.0,0.0
2014-12-02 00:00:00-05:00,44.369998931884766,44.66999816894531,44.22999954223633,44.540000915527344,32.17100143432617,9878100,0.0,0.0
2014-12-03 00:00:00-05:00,44.41999816894531,44.439998626708984,43.7599983215332,43.79999923706055,31.63651466369629,15246500,0.0,0.0
2014-12-04 00:00:00-05:00,43.619998931884766,43.84000015258789,43.369998931884766,43.5,31.419816970825195,13779700,0.0,0.0
2014-12-05 00:00:00-05:00,43.5,43.61000061035156,43.20000076293945,43.529998779296875,31.441484451293945,12536900,0.0,0.0
2014-12-08 00:00:00-05:00,43.5099983215332,43.630001068115234,43.09000015258789,43.13999938964844,31.1597957611084,12802300,0.0,0.0
2014-12-09 00:00:00-05:00,42.150001525878906,42.529998779296875,41.66999816894531,42.040000915527344,30.365264892578125,25714600,0.0,0.0
2014-12-10 00:00:00-05:00,42.040000915527344,42.2400016784668,41.560001373291016,41.599998474121094,30.047456741333008,18324100,0.0,0.0
2014-12-11 00:00:00-05:00,41.619998931884766,42.0099983215332,41.5,41.529998779296875,29.996912002563477,16201500,0.0,0.0
2014-12-12 00:00:00-05:00,41.38999938964844,41.61000061035156,40.869998931884766,40.90999984741211,29.54907989501953,18432400,0.0,0.0
2014-12-15 00:00:00-05:00,41.130001068115234,41.18000030517578,40.560001373291016,40.56999969482422,29.303497314453125,23378500,0.0,0.0
2014-12-16 00:00:00-05:00,40.20000076293945,41.310001373291016,39.79999923706055,40.38999938964844,29.17347526550293,23475400,0.0,0.0
2014-12-17 00:00:00-05:00,40.439998626708984,41.7599983215332,40.380001068115234,41.54999923706055,30.011354446411133,20223900,0.0,0.0
2014-12-18 00:00:00-05:00,41.86000061035156,42.38999938964844,41.75,42.38999938964844,30.618087768554688,18030700,0.0,0.0
2014-12-19 00:00:00-05:00,42.439998626708984,42.790000915527344,41.88999938964844,41.95000076293945,30.300268173217773,24009500,0.0,0.0
2014-12-22 00:00:00-05:00,42.13999938964844,42.439998626708984,42.09000015258789,42.349998474121094,30.589174270629883,11190900,0.0,0.0
2014-12-23 00:00:00-05:00,42.540000915527344,43.13999938964844,42.470001220703125,42.970001220703125,31.03700828552246,13411300,0.0,0.0
2014-12-24 00:00:00-05:00,43.099998474121094,43.22999954223633,42.91999816894531,42.939998626708984,31.01533317565918,6405900,0.0,0.0
2014-12-26 00:00:00-05:00,42.970001220703125,43.29999923706055,42.93000030517578,42.959999084472656,31.029783248901367,6466900,0.0,0.0
2014-12-29 00:00:00-05:00,42.79999923706055,43.060001373291016,42.4900016784668,42.86000061035156,30.957551956176758,8694500,0.0,0.0
2014-12-30 00:00:00-05:00,42.7400016784668,42.9900016784668,42.650001525878906,42.7599983215332,30.88532829284668,9222000,0.0,0.0
2014-12-31 00:00:00-05:00,42.91999816894531,42.939998626708984,42.220001220703125,42.220001220703125,30.495285034179688,9369500,0.0,0.0
2015-01-02 00:00:00-05:00,42.2599983215332,42.400001525878906,41.79999923706055,42.13999938964844,30.43749237060547,9921100,0.0,0.0
2015-01-05 00:00:00-05:00,42.689998626708984,42.970001220703125,42.08000183105469,42.13999938964844,30.43749237060547,26292600,0.0,0.0
2015-01-06 00:00:00-05:00,42.40999984741211,42.939998626708984,42.2400016784668,42.459999084472656,30.668628692626953,16897500,0.0,0.0
2015-01-07 00:00:00-05:00,42.79999923706055,43.11000061035156,42.58000183105469,42.9900016784668,31.05145835876465,13412300,0.0,0.0
2015-01-08 00:00:00-05:00,43.18000030517578,43.56999969482422,43.099998474121094,43.5099983215332,31.427047729492188,21743600,0.0,0.0
2015-01-09 00:00:00-05:00,43.470001220703125,43.560001373291016,42.95000076293945,43.029998779296875,31.080337524414062,12733500,0.0,0.0
2015-01-12 00:00:00-05:00,43.06999969482422,43.20000076293945,42.459999084472656,42.63999938964844,30.79865264892578,11415800,0.0,0.0
2015-01-13 00:00:00-05:00,42.83000183105469,43.2400016784668,42.45000076293945,42.630001068115234,30.791433334350586,12529500,0.0,0.0
2015-01-14 00:00:00-05:00,42.08000183105469,42.599998474121094,42.06999969482422,42.560001373291016,30.740867614746094,13447600,0.0,0.0
2015-01-15 00:00:00-05:00,42.83000183105469,42.86000061035156,42.16999816894531,42.380001068115234,30.610858917236328,11193100,0.0,0.0
2015-01-16 00:00:00-05:00,42.36000061035156,42.59000015258789,42.2400016784668,42.529998779296875,30.719196319580078,15114900,0.0,0.0
2015-01-20 00:00:00-05:00,42.70000076293945,43.33000183105469,42.61000061035156,43.15999984741211,31.174243927001953,17047300,0.0,0.0
2015-01-21 00:00:00-05:00,42.88999938964844,43.43000030517578,42.7599983215332,43.36000061035156,31.318708419799805,10720600,0.0,0.0
2015-01-22 00:00:00-05:00,43.369998931884766,43.83000183105469,43.06999969482422,43.779998779296875,31.622055053710938,14709100,0.0,0.0
2015-01-23 00:00:00-05:00,43.599998474121094,43.75,43.18000030517578,43.310001373291016,31.282588958740234,12357700,0.0,0.0
2015-01-26 00:00:00-05:00,43.18000030517578,43.22999954223633,42.83000183105469,43.0,31.058673858642578,11151900,0.0,0.0
2015-01-27 00:00:00-05:00,42.540000915527344,42.63999938964844,42.150001525878906,42.38999938964844,30.618087768554688,15274000,0.0,0.0
2015-01-28 00:00:00-05:00,42.59000015258789,42.79999923706055,41.900001525878906,41.91999816894531,30.278593063354492,14278500,0.0,0.0
2015-01-29 00:00:00-05:00,41.77000045776367,42.150001525878906,41.470001220703125,42.099998474121094,30.40860366821289,13657900,0.0,0.0
2015-01-30 00:00:00-05:00,41.83000183105469,41.93000030517578,41.11000061035156,41.16999816894531,29.736881256103516,19193700,0.0,0.0
2015-02-02 00:00:00-05:00,41.209999084472656,41.630001068115234,40.900001525878906,41.59000015258789,30.04023551940918,15197500,0.0,0.0
2015-02-03 00:00:00-05:00,41.75,41.849998474121094,41.369998931884766,41.630001068115234,30.069135665893555,13193100,0.0,0.0
2015-02-04 00:00:00-05:00,41.77000045776367,42.09000015258789,41.619998931884766,41.68000030517578,30.105241775512695,16400000,0.0,0.0
2015-02-05 00:00:00-05:00,41.79999923706055,41.81999969482422,41.5099983215332,41.790000915527344,30.184694290161133,11078500,0.0,0.0
2015-02-06 00:00:00-05:00,41.630001068115234,41.7599983215332,41.31999969482422,41.45000076293945,29.939117431640625,12366400,0.0,0.0
2015-02-09 00:00:00-05:00,41.380001068115234,41.45000076293945,41.040000915527344,41.22999954223633,29.780214309692383,13371100,0.0,0.0
2015-02-10 00:00:00-05:00,42.90999984741211,43.029998779296875,42.20000076293945,42.400001525878906,30.625303268432617,32184200,0.0,0.0
2015-02-11 00:00:00-05:00,42.099998474121094,42.4900016784668,41.70000076293945,42.369998931884766,30.60362434387207,20496300,0.0,0.0
2015-02-12 00:00:00-05:00,42.400001525878906,42.65999984741211,42.06999969482422,42.16999816894531,30.459169387817383,13818200,0.0,0.0
2015-02-13 00:00:00-05:00,42.02000045776367,42.22999954223633,41.7599983215332,41.9900016784668,30.329160690307617,10792100,0.0,0.0
2015-02-17 00:00:00-05:00,41.810001373291016,41.880001068115234,41.63999938964844,41.810001373291016,30.19915008544922,12804200,0.0,0.0
2015-02-18 00:00:00-05:00,41.75,41.79999923706055,41.470001220703125,41.72999954223633,30.141361236572266,9789800,0.0,0.0
2015-02-19 00:00:00-05:00,41.68000030517578,42.2400016784668,41.529998779296875,42.11000061035156,30.415822982788086,16578300,0.0,0.0
2015-02-20 00:00:00-05:00,42.040000915527344,42.11000061035156,41.63999938964844,41.970001220703125,30.314706802368164,15982400,0.0,0.0
2015-02-23 00:00:00-05:00,41.709999084472656,42.16999816894531,41.689998626708984,41.849998474121094,30.228031158447266,11830300,0.0,0.0
2015-02-24 00:00:00-05:00,41.849998474121094,42.33000183105469,41.77000045776367,42.130001068115234,30.430280685424805,12782700,0.0,0.0
2015-02-25 00:00:00-05:00,42.16999816894531,42.2400016784668,41.7400016784668,42.04999923706055,30.372493743896484,10323300,0.0,0.0
2015-02-26 00:00:00-05:00,42.040000915527344,42.54999923706055,41.970001220703125,42.459999084472656,30.668628692626953,14346500,0.0,0.0
2015-02-27 00:00:00-05:00,42.52000045776367,43.65999984741211,42.470001220703125,43.29999923706055,31.275362014770508,28312800,0.0,0.0
2015-03-02 00:00:00-05:00,43.29999923706055,43.29999923706055,43.08000183105469,43.20000076293945,31.203121185302734,13514600,0.0,0.0
2015-03-03 00:00:00-05:00,43.11000061035156,43.15999984741211,42.84000015258789,42.95000076293945,31.022552490234375,10036300,0.0,0.0
2015-03-04 00:00:00-05:00,42.91999816894531,42.97999954223633,42.470001220703125,42.5,30.697532653808594,16263000,0.0,0.0
2015-03-05 00:00:00-05:00,42.560001373291016,42.61000061035156,42.25,42.400001525878906,30.625303268432617,9223000,0.0,0.0
2015-03-06 00:00:00-05:00,42.119998931884766,42.20000076293945,41.33000183105469,41.52000045776367,29.98967933654785,18180500,0.0,0.0
2015-03-09 00:00:00-04:00,41.529998779296875,41.54999923706055,41.31999969482422,41.38999938964844,29.89577293395996,10123300,0.0,0.0
2015-03-10 00:00:00-04:00,41.099998474121094,41.150001525878906,40.68000030517578,40.689998626708984,29.390172958374023,14599100,0.0,0.0
2015-03-11 00:00:00-04:00,40.72999954223633,40.72999954223633,40.08000183105469,40.099998474121094,28.964021682739258,18549700,0.0,0.0
2015-03-12 00:00:00-04:00,40.099998474121094,40.56999969482422,40.02000045776367,40.56999969482422,29.546659469604492,17728700,0.33,0.0
2015-03-13 00:00:00-04:00,40.439998626708984,40.56999969482422,39.61000061035156,39.90999984741211,29.06598472595215,17438400,0.0,0.0
2015-03-16 00:00:00-04:00,40.0,40.349998474121094,39.9900016784668,40.290000915527344,29.342735290527344,15238800,0.0,0.0
2015-03-17 00:00:00-04:00,40.66999816894531,40.72999954223633,40.31999969482422,40.5099983215332,29.50295066833496,21661800,0.0,0.0
2015-03-18 00:00:00-04:00,40.47999954223633,40.790000915527344,39.79999923706055,40.599998474121094,29.56849479675293,26247500,0.0,0.0
2015-03-19 00:00:00-04:00,40.47999954223633,40.52000045776367,39.959999084472656,40.02000045776367,29.14609146118164,16057600,0.0,0.0
2015-03-20 00:00:00-04:00,40.06999969482422,40.65999984741211,40.0099983215332,40.650001525878906,29.60491371154785,31608500,0.0,0.0
2015-03-23 00:00:00-04:00,40.63999938964844,40.939998626708984,40.5,40.619998931884766,29.58306884765625,17060500,0.0,0.0
2015-03-24 00:00:00-04:00,40.90999984741211,40.9900016784668,40.470001220703125,40.470001220703125,29.47382354736328,13485700,0.0,0.0
2015-03-25 00:00:00-04:00,40.59000015258789,40.70000076293945,40.2400016784668,40.45000076293945,29.459253311157227,22811300,0.0,0.0
2015-03-26 00:00:00-04:00,40.34000015258789,40.560001373291016,40.22999954223633,40.349998474121094,29.386425018310547,17359600,0.0,0.0
2015-03-27 00:00:00-04:00,40.47999954223633,40.47999954223633,39.970001220703125,40.08000183105469,29.18979835510254,14384400,0.0,0.0
2015-03-30 00:00:00-04:00,40.11000061035156,40.61000061035156,39.939998626708984,40.5099983215332,29.50295066833496,12561400,0.0,0.0
2015-03-31 00:00:00-04:00,40.5099983215332,40.900001525878906,40.349998474121094,40.54999923706055,29.532089233398438,16604800,0.0,0.0
2015-04-01 00:00:00-04:00,40.790000915527344,40.810001373291016,40.22999954223633,40.68000030517578,29.626760482788086,14300700,0.0,0.0
2015-04-02 00:00:00-04:00,40.72999954223633,40.869998931884766,40.47999954223633,40.68000030517578,29.626760482788086,14343100,0.0,0.0
2015-04-06 00:00:00-04:00,40.77000045776367,41.61000061035156,40.59000015258789,41.16999816894531,29.983623504638672,19843400,0.0,0.0
2015-04-07 00:00:00-04:00,41.04999923706055,41.369998931884766,40.970001220703125,41.0099983215332,29.86709976196289,9773400,0.0,0.0
2015-04-08 00:00:00-04:00,40.97999954223633,41.09000015258789,40.7400016784668,40.88999938964844,29.779695510864258,8954700,0.0,0.0
2015-04-09 00:00:00-04:00,40.79999923706055,41.08000183105469,40.630001068115234,41.04999923706055,29.896217346191406,12710900,0.0,0.0
2015-04-10 00:00:00-04:00,41.09000015258789,41.15999984741211,40.849998474121094,40.880001068115234,29.772417068481445,8720000,0.0,0.0
2015-04-13 00:00:00-04:00,40.970001220703125,40.970001220703125,40.70000076293945,40.70000076293945,29.641332626342773,9616300,0.0,0.0
2015-04-14 00:00:00-04:00,40.59000015258789,40.650001525878906,40.31999969482422,40.5099983215332,29.50295066833496,11209700,0.0,0.0
2015-04-15 00:00:00-04:00,40.59000015258789,40.810001373291016,40.31999969482422,40.400001525878906,29.4228458404541,11189100,0.0,0.0
2015-04-16 00:00:00-04:00,40.40999984741211,40.86000061035156,40.29999923706055,40.599998474121094,29.56849479675293,13121000,0.0,0.0
2015-04-17 00:00:00-04:00,40.470001220703125,40.65999984741211,40.099998474121094,40.29999923706055,29.35000991821289,15330300,0.0,0.0
2015-04-20 00:00:00-04:00,40.41999816894531,40.900001525878906,40.40999984741211,40.65999984741211,29.612197875976562,13023700,0.0,0.0
2015-04-21 00:00:00-04:00,40.66999816894531,40.9900016784668,40.540000915527344,40.779998779296875,29.699596405029297,19673100,0.0,0.0
2015-04-22 00:00:00-04:00,41.560001373291016,41.56999969482422,41.06999969482422,41.310001373291016,30.085588455200195,26887200,0.0,0.0
2015-04-23 00:00:00-04:00,41.22999954223633,41.40999984741211,40.91999816894531,40.95000076293945,29.82340431213379,17408800,0.0,0.0
2015-04-24 00:00:00-04:00,41.040000915527344,41.119998931884766,40.810001373291016,40.88999938964844,29.779695510864258,11623300,0.0,0.0
2015-04-27 00:00:00-04:00,41.0,41.150001525878906,40.779998779296875,40.83000183105469,29.736003875732422,10044600,0.0,0.0
2015-04-28 00:00:00-04:00,40.95000076293945,40.970001220703125,40.599998474121094,40.77000045776367,29.692304611206055,12174800,0.0,0.0
2015-04-29 00:00:00-04:00,40.65999984741211,40.75,40.400001525878906,40.4900016784668,29.488391876220703,11371400,0.0,0.0
2015-04-30 00:00:00-04:00,40.400001525878906,40.58000183105469,40.279998779296875,40.560001373291016,29.539365768432617,12700800,0.0,0.0
2015-05-01 00:00:00-04:00,40.58000183105469,40.93000030517578,40.5,40.90999984741211,29.794273376464844,10848300,0.0,0.0
2015-05-04 00:00:00-04:00,40.880001068115234,41.099998474121094,40.77000045776367,40.959999084472656,29.830678939819336,10204800,0.0,0.0
2015-05-05 00:00:00-04:00,41.13999938964844,41.13999938964844,40.68000030517578,40.75,29.677743911743164,11721300,0.0,0.0
2015-05-06 00:00:00-04:00,41.040000915527344,41.09000015258789,40.38999938964844,40.65999984741211,29.612197875976562,11906900,0.0,0.0
2015-05-07 00:00:00-04:00,40.529998779296875,40.90999984741211,40.5099983215332,40.70000076293945,29.641332626342773,13834700,0.0,0.0
2015-05-08 00:00:00-04:00,41.0,41.16999816894531,40.849998474121094,40.97999954223633,29.845252990722656,11144400,0.0,0.0
2015-05-11 00:00:00-04:00,40.97999954223633,41.38999938964844,40.880001068115234,40.939998626708984,29.816116333007812,10113500,0.0,0.0
2015-05-12 00:00:00-04:00,40.77000045776367,40.959999084472656,40.52000045776367,40.689998626708984,29.634042739868164,12384500,0.0,0.0
2015-05-13 00:00:00-04:00,40.75,41.36000061035156,40.720001220703125,41.04999923706055,29.896217346191406,13183700,0.0,0.0
2015-05-14 00:00:00-04:00,41.29999923706055,41.599998474121094,41.2599983215332,41.5,30.223966598510742,9961000,0.0,0.0
2015-05-15 00:00:00-04:00,41.45000076293945,41.689998626708984,41.43000030517578,41.52000045776367,30.238525390625,8479000,0.0,0.0
2015-05-18 00:00:00-04:00,41.4900016784668,41.4900016784668,41.25,41.31999969482422,30.092870712280273,11511700,0.0,0.0
2015-05-19 00:00:00-04:00,41.22999954223633,41.38999938964844,41.130001068115234,41.310001373291016,30.085588455200195,9072000,0.0,0.0
2015-05-20 00:00:00-04:00,41.369998931884766,41.59000015258789,41.310001373291016,41.349998474121094,30.114715576171875,10965200,0.0,0.0
2015-05-21 00:00:00-04:00,41.2599983215332,41.31999969482422,41.06999969482422,41.22999954223633,30.02732276916504,9270900,0.0,0.0
2015-05-22 00:00:00-04:00,41.119998931884766,41.2400016784668,41.040000915527344,41.209999084472656,30.012754440307617,11909500,0.0,0.0
2015-05-26 00:00:00-04:00,41.119998931884766,41.18000030517578,40.7400016784668,40.9900016784668,29.852537155151367,15194300,0.0,0.0
2015-05-27 00:00:00-04:00,40.939998626708984,41.20000076293945,40.83000183105469,41.119998931884766,29.94719696044922,9863100,0.0,0.0
2015-05-28 00:00:00-04:00,41.20000076293945,41.29999923706055,40.880001068115234,41.13999938964844,29.961774826049805,9395200,0.0,0.0
2015-05-29 00:00:00-04:00,41.18000030517578,41.18000030517578,40.77000045776367,40.959999084472656,29.830678939819336,19628600,0.0,0.0
2015-06-01 00:00:00-04:00,41.36000061035156,41.40999984741211,40.880001068115234,40.939998626708984,29.816116333007812,12684100,0.0,0.0
2015-06-02 00:00:00-04:00,40.84000015258789,41.15999984741211,40.68000030517578,40.9900016784668,29.852537155151367,11878600,0.0,0.0
2015-06-03 00:00:00-04:00,41.099998474121094,41.209999084472656,40.779998779296875,40.869998931884766,29.765125274658203,8153800,0.0,0.0
2015-06-04 00:00:00-04:00,40.709999084472656,40.97999954223633,40.529998779296875,40.59000015258789,29.56121826171875,10145800,0.0,0.0
2015-06-05 00:00:00-04:00,40.47999954223633,40.52000045776367,40.08000183105469,40.099998474121094,29.204343795776367,15975600,0.0,0.0
2015-06-08 00:00:00-04:00,40.099998474121094,40.2599983215332,40.02000045776367,40.15999984741211,29.248050689697266,14339300,0.0,0.0
2015-06-09 00:00:00-04:00,40.16999816894531,40.41999816894531,40.11000061035156,40.20000076293945,29.277185440063477,10772700,0.0,0.0
2015-06-10 00:00:00-04:00,40.31999969482422,40.540000915527344,40.279998779296875,40.33000183105469,29.371858596801758,11979900,0.0,0.0
2015-06-11 00:00:00-04:00,40.11000061035156,40.25,40.029998779296875,40.099998474121094,29.445287704467773,11944900,0.33,0.0
2015-06-12 00:00:00-04:00,40.040000915527344,40.119998931884766,39.84000015258789,39.959999084472656,29.342487335205078,15568600,0.0,0.0
2015-06-15 00:00:00-04:00,39.83000183105469,39.86000061035156,39.56999969482422,39.59000015258789,29.070804595947266,11364800,0.0,0.0
2015-06-16 00:00:00-04:00,39.630001068115234,40.15999984741211,39.599998474121094,40.08000183105469,29.430606842041016,12517400,0.0,0.0
2015-06-17 00:00:00-04:00,40.08000183105469,40.31999969482422,40.0099983215332,40.27000045776367,29.570119857788086,13898400,0.0,0.0
2015-06-18 00:00:00-04:00,40.15999984741211,40.7400016784668,40.15999984741211,40.650001525878906,29.849143981933594,16314600,0.0,0.0
2015-06-19 00:00:00-04:00,40.59000015258789,40.650001525878906,40.400001525878906,40.400001525878906,29.665584564208984,23550600,0.0,0.0
2015-06-22 00:00:00-04:00,40.5099983215332,40.810001373291016,40.459999084472656,40.47999954223633,29.724319458007812,8775900,0.0,0.0
2015-06-23 00:00:00-04:00,40.43000030517578,40.52000045776367,40.310001373291016,40.380001068115234,29.650894165039062,11094900,0.0,0.0
2015-06-24 00:00:00-04:00,40.369998931884766,40.45000076293945,40.189998626708984,40.189998626708984,29.51138687133789,10385100,0.0,0.0
2015-06-25 00:00:00-04:00,40.279998779296875,40.34000015258789,40.02000045776367,40.02000045776367,29.386539459228516,10607600,0.0,0.0
2015-06-26 00:00:00-04:00,40.099998474121094,40.349998474121094,40.0,40.0,29.371858596801758,16215600,0.0,0.0
2015-06-29 00:00:00-04:00,39.79999923706055,39.97999954223633,39.400001525878906,39.400001525878906,28.931283950805664,15500800,0.0,0.0
2015-06-30 00:00:00-04:00,39.61000061035156,39.61000061035156,39.119998931884766,39.22999954223633,28.806459426879883,14621300,0.0,0.0
2015-07-01 00:00:00-04:00,39.380001068115234,39.599998474121094,39.279998779296875,39.5,29.004709243774414,11177400,0.0,0.0
2015-07-02 00:00:00-04:00,39.630001068115234,39.810001373291016,39.349998474121094,39.4900016784668,28.997365951538086,8975900,0.0,0.0
2015-07-06 00:00:00-04:00,39.31999969482422,39.599998474121094,39.220001220703125,39.41999816894531,28.945972442626953,10252600,0.0,0.0
2015-07-07 00:00:00-04:00,39.4900016784668,40.380001068115234,39.400001525878906,40.25,29.555431365966797,20335000,0.0,0.0
2015-07-08 00:00:00-04:00,39.9900016784668,40.22999954223633,39.84000015258789,39.86000061035156,29.269060134887695,11383700,0.0,0.0
2015-07-09 00:00:00-04:00,40.459999084472656,40.58000183105469,39.900001525878906,39.91999816894531,29.31312370300293,13392000,0.0,0.0
2015-07-10 00:00:00-04:00,40.27000045776367,40.52000045776367,40.15999984741211,40.38999938964844,29.65823745727539,13360400,0.0,0.0
2015-07-13 00:00:00-04:00,40.560001373291016,40.77000045776367,40.4900016784668,40.65999984741211,29.856491088867188,9854200,0.0,0.0
2015-07-14 00:00:00-04:00,40.900001525878906,41.2599983215332,40.84000015258789,41.16999816894531,30.230985641479492,19531000,0.0,0.0
2015-07-15 00:00:00-04:00,41.150001525878906,41.36000061035156,41.099998474121094,41.130001068115234,30.20162010192871,11252100,0.0,0.0
2015-07-16 00:00:00-04:00,41.41999816894531,41.599998474121094,41.349998474121094,41.47999954223633,30.458614349365234,10483700,0.0,0.0
2015-07-17 00:00:00-04:00,41.310001373291016,41.31999969482422,41.04999923706055,41.25,30.289730072021484,9608300,0.0,0.0
2015-07-20 00:00:00-04:00,41.349998474121094,41.540000915527344,41.220001220703125,41.380001068115234,30.38518714904785,10024200,0.0,0.0
2015-07-21 00:00:00-04:00,41.380001068115234,41.52000045776367,41.099998474121094,41.189998626708984,30.245670318603516,13653800,0.0,0.0
2015-07-22 00:00:00-04:00,40.810001373291016,41.59000015258789,40.59000015258789,40.900001525878906,30.032732009887695,15528600,0.0,0.0
2015-07-23 00:00:00-04:00,40.9900016784668,41.02000045776367,40.47999954223633,40.84000015258789,29.98866844177246,13522200,0.0,0.0
2015-07-24 00:00:00-04:00,40.7599983215332,40.83000183105469,40.40999984741211,40.439998626708984,29.694955825805664,10912500,0.0,0.0
2015-07-27 00:00:00-04:00,40.279998779296875,40.58000183105469,40.15999984741211,40.540000915527344,29.768388748168945,10945700,0.0,0.0
2015-07-28 00:00:00-04:00,40.650001525878906,40.72999954223633,40.439998626708984,40.54999923706055,29.775720596313477,11021800,0.0,0.0
2015-07-29 00:00:00-04:00,40.529998779296875,40.709999084472656,40.4900016784668,40.59000015258789,29.80509376525879,8479900,0.0,0.0
2015-07-30 00:00:00-04:00,40.54999923706055,40.75,40.38999938964844,40.560001373291016,29.783065795898438,9095500,0.0,0.0
2015-07-31 00:00:00-04:00,40.880001068115234,41.220001220703125,40.77000045776367,41.08000183105469,30.16490364074707,15309500,0.0,0.0
2015-08-03 00:00:00-04:00,40.849998474121094,41.54999923706055,40.84000015258789,41.540000915527344,30.502676010131836,14672600,0.0,0.0
2015-08-04 00:00:00-04:00,41.5099983215332,41.869998931884766,41.34000015258789,41.849998474121094,30.730302810668945,17559900,0.0,0.0
2015-08-05 00:00:00-04:00,41.91999816894531,42.220001220703125,41.81999969482422,42.119998931884766,30.928571701049805,15329200,0.0,0.0
2015-08-06 00:00:00-04:00,42.0,42.25,41.86000061035156,41.91999816894531,30.781709671020508,11378900,0.0,0.0
2015-08-07 00:00:00-04:00,41.810001373291016,41.970001220703125,41.529998779296875,41.77000045776367,30.67155647277832,10886700,0.0,0.0
2015-08-10 00:00:00-04:00,41.88999938964844,41.9900016784668,41.58000183105469,41.68000030517578,30.605484008789062,9501900,0.0,0.0
2015-08-11 00:00:00-04:00,41.400001525878906,41.56999969482422,41.16999816894531,41.47999954223633,30.458614349365234,11254900,0.0,0.0
2015-08-12 00:00:00-04:00,41.130001068115234,41.2599983215332,40.849998474121094,41.2599983215332,30.297082901000977,9602200,0.0,0.0
2015-08-13 00:00:00-04:00,41.279998779296875,41.380001068115234,41.0099983215332,41.099998474121094,30.17959213256836,10270900,0.0,0.0
2015-08-14 00:00:00-04:00,41.0099983215332,41.25,40.959999084472656,41.25,30.289730072021484,9904800,0.0,0.0
2015-08-17 00:00:00-04:00,41.029998779296875,41.45000076293945,40.970001220703125,41.349998474121094,30.363162994384766,8272800,0.0,0.0
2015-08-18 00:00:00-04:00,41.279998779296875,41.529998779296875,41.189998626708984,41.29999923706055,30.32644271850586,11199400,0.0,0.0
2015-08-19 00:00:00-04:00,41.13999938964844,41.2400016784668,40.779998779296875,40.779998779296875,29.944608688354492,15796500,0.0,0.0
2015-08-20 00:00:00-04:00,40.52000045776367,40.81999969482422,40.41999816894531,40.54999923706055,29.775720596313477,14218000,0.0,0.0
2015-08-21 00:00:00-04:00,40.15999984741211,40.470001220703125,39.5099983215332,39.529998779296875,29.02674102783203,28036200,0.0,0.0
2015-08-24 00:00:00-04:00,37.9900016784668,38.939998626708984,36.560001373291016,38.380001068115234,28.182296752929688,44065300,0.0,0.0
2015-08-25 00:00:00-04:00,39.130001068115234,39.279998779296875,37.93000030517578,37.9900016784668,27.89592742919922,31363700,0.0,0.0
2015-08-26 00:00:00-04:00,38.75,38.83000183105469,37.88999938964844,38.72999954223633,28.43929672241211,23523300,0.0,0.0
2015-08-27 00:00:00-04:00,39.060001373291016,39.380001068115234,38.599998474121094,39.27000045776367,28.835824966430664,18871600,0.0,0.0
2015-08-28 00:00:00-04:00,39.11000061035156,39.470001220703125,39.04999923706055,39.45000076293945,28.968000411987305,14503900,0.0,0.0
2015-08-31 00:00:00-04:00,39.150001525878906,39.45000076293945,39.060001373291016,39.31999969482422,28.872541427612305,12673300,0.0,0.0
2015-09-01 00:00:00-04:00,38.66999816894531,39.029998779296875,38.540000915527344,38.75,28.45400047302246,23703200,0.0,0.0
2015-09-02 00:00:00-04:00,39.029998779296875,39.06999969482422,38.560001373291016,38.900001525878906,28.564136505126953,14054800,0.0,0.0
2015-09-03 00:00:00-04:00,38.900001525878906,39.34000015258789,38.84000015258789,39.15999984741211,28.755050659179688,13311600,0.0,0.0
2015-09-04 00:00:00-04:00,38.68000030517578,38.790000915527344,38.380001068115234,38.52000045776367,28.285099029541016,15450500,0.0,0.0
2015-09-08 00:00:00-04:00,38.869998931884766,39.029998779296875,38.599998474121094,38.900001525878906,28.564136505126953,15273900,0.0,0.0
2015-09-09 00:00:00-04:00,39.119998931884766,39.209999084472656,38.20000076293945,38.29999923706055,28.123544692993164,13764600,0.0,0.0
2015-09-10 00:00:00-04:00,38.310001373291016,38.650001525878906,38.25,38.41999816894531,28.21166229248047,14952500,0.0,0.0
2015-09-11 00:00:00-04:00,38.0099983215332,38.189998626708984,37.84000015258789,38.130001068115234,28.241300582885742,11802300,0.33,0.0
2015-09-14 00:00:00-04:00,38.220001220703125,38.220001220703125,37.849998474121094,38.099998474121094,28.219070434570312,8950000,0.0,0.0
2015-09-15 00:00:00-04:00,38.06999969482422,38.630001068115234,37.91999816894531,38.5,28.51534652709961,13019800,0.0,0.0
2015-09-16 00:00:00-04:00,38.66999816894531,39.189998626708984,38.470001220703125,39.150001525878906,28.996767044067383,22233400,0.0,0.0
2015-09-17 00:00:00-04:00,39.150001525878906,39.61000061035156,39.040000915527344,39.380001068115234,29.167123794555664,21232500,0.0,0.0
2015-09-18 00:00:00-04:00,38.86000061035156,39.29999923706055,38.709999084472656,38.97999954223633,28.87086296081543,27527300,0.0,0.0
2015-09-21 00:00:00-04:00,39.04999923706055,39.310001373291016,38.939998626708984,39.189998626708984,29.026378631591797,12935800,0.0,0.0
2015-09-22 00:00:00-04:00,38.68000030517578,38.9900016784668,38.58000183105469,38.790000915527344,28.730133056640625,15021300,0.0,0.0
2015-09-23 00:00:00-04:00,38.790000915527344,38.880001068115234,38.54999923706055,38.7599983215332,28.70790672302246,8910800,0.0,0.0
2015-09-24 00:00:00-04:00,38.52000045776367,39.20000076293945,38.5099983215332,39.150001525878906,28.996767044067383,19385700,0.0,0.0
2015-09-25 00:00:00-04:00,39.43000030517578,40.08000183105469,39.33000183105469,39.619998931884766,29.344873428344727,22511300,0.0,0.0
2015-09-28 00:00:00-04:00,39.52000045776367,39.81999969482422,39.33000183105469,39.529998779296875,29.278217315673828,19323100,0.0,0.0
2015-09-29 00:00:00-04:00,39.52000045776367,39.709999084472656,39.33000183105469,39.65999984741211,29.374507904052734,14166900,0.0,0.0
2015-09-30 00:00:00-04:00,39.880001068115234,40.22999954223633,39.79999923706055,40.119998931884766,29.715211868286133,19752600,0.0,0.0
2015-10-01 00:00:00-04:00,40.220001220703125,40.470001220703125,39.599998474121094,39.79999923706055,29.478191375732422,19606600,0.0,0.0
2015-10-02 00:00:00-04:00,39.560001373291016,40.38999938964844,39.36000061035156,40.38999938964844,29.915184020996094,15537300,0.0,0.0
2015-10-05 00:00:00-04:00,40.45000076293945,41.04999923706055,40.43000030517578,41.0099983215332,30.374387741088867,15664000,0.0,0.0
2015-10-06 00:00:00-04:00,41.040000915527344,41.34000015258789,40.93000030517578,40.959999084472656,30.33736228942871,14579400,0.0,0.0
2015-10-07 00:00:00-04:00,41.13999938964844,41.61000061035156,41.099998474121094,41.52000045776367,30.75212287902832,14329700,0.0,0.0
2015-10-08 00:00:00-04:00,41.2599983215332,41.9900016784668,41.2599983215332,41.97999954223633,31.092830657958984,11960200,0.0,0.0
2015-10-09 00:00:00-04:00,41.81999969482422,42.119998931884766,41.779998779296875,42.02000045776367,31.122461318969727,13931200,0.0,0.0
2015-10-12 00:00:00-04:00,41.83000183105469,42.290000915527344,41.810001373291016,42.0,31.107656478881836,12299100,0.0,0.0
2015-10-13 00:00:00-04:00,41.79999923706055,41.90999984741211,41.540000915527344,41.650001525878906,30.848417282104492,12903600,0.0,0.0
2015-10-14 00:00:00-04:00,41.560001373291016,41.959999084472656,41.560001373291016,41.68000030517578,30.870634078979492,14180000,0.0,0.0
2015-10-15 00:00:00-04:00,41.869998931884766,42.029998779296875,41.599998474121094,41.91999816894531,31.04840850830078,11801600,0.0,0.0
2015-10-16 00:00:00-04:00,42.15999984741211,42.209999084472656,41.880001068115234,42.02000045776367,31.122461318969727,20384200,0.0,0.0
2015-10-19 00:00:00-04:00,41.900001525878906,42.060001373291016,41.79999923706055,41.9900016784668,31.100236892700195,15553800,0.0,0.0
2015-10-20 00:00:00-04:00,42.0,42.400001525878906,42.0,42.290000915527344,31.32244110107422,16199300,0.0,0.0
2015-10-21 00:00:00-04:00,41.939998626708984,42.52000045776367,41.709999084472656,42.189998626708984,31.248382568359375,19254900,0.0,0.0
2015-10-22 00:00:00-04:00,42.439998626708984,43.849998474121094,42.40999984741211,43.2400016784668,32.02605056762695,35920200,0.0,0.0
2015-10-23 00:00:00-04:00,43.310001373291016,43.310001373291016,42.75,42.790000915527344,31.69276237487793,18796100,0.0,0.0
2015-10-26 00:00:00-04:00,42.7599983215332,42.88999938964844,42.459999084472656,42.59000015258789,31.544641494750977,14788600,0.0,0.0
2015-10-27 00:00:00-04:00,42.5,42.77000045776367,42.47999954223633,42.61000061035156,31.5594482421875,30166600,0.0,0.0
2015-10-28 00:00:00-04:00,42.75,42.84000015258789,42.209999084472656,42.72999954223633,31.648332595825195,13667300,0.0,0.0
2015-10-29 00:00:00-04:00,42.65999984741211,42.900001525878906,42.34000015258789,42.790000915527344,31.69276237487793,9427400,0.0,0.0
2015-10-30 00:00:00-04:00,42.79999923706055,42.86000061035156,42.349998474121094,42.349998474121094,31.36687469482422,15356200,0.0,0.0
2015-11-02 00:00:00-05:00,42.31999969482422,42.36000061035156,41.900001525878906,42.2400016784668,31.28540802001953,16252200,0.0,0.0
2015-11-03 00:00:00-05:00,42.18000030517578,42.31999969482422,41.810001373291016,42.15999984741211,31.226154327392578,9693100,0.0,0.0
2015-11-04 00:00:00-05:00,42.27000045776367,42.38999938964844,41.88999938964844,41.970001220703125,31.085424423217773,10488500,0.0,0.0
2015-11-05 00:00:00-05:00,42.0,42.349998474121094,41.97999954223633,42.33000183105469,31.352067947387695,9625100,0.0,0.0
2015-11-06 00:00:00-05:00,41.970001220703125,42.220001220703125,41.61000061035156,41.959999084472656,31.078022003173828,11926700,0.0,0.0
2015-11-09 00:00:00-05:00,41.70000076293945,41.790000915527344,41.34000015258789,41.540000915527344,30.76694107055664,10842700,0.0,0.0
2015-11-10 00:00:00-05:00,41.439998626708984,41.810001373291016,41.43000030517578,41.77000045776367,30.937286376953125,8283100,0.0,0.0
2015-11-11 00:00:00-05:00,41.939998626708984,42.20000076293945,41.91999816894531,42.040000915527344,31.137269973754883,9101200,0.0,0.0
2015-11-12 00:00:00-05:00,42.0099983215332,42.04999923706055,41.56999969482422,41.58000183105469,30.796571731567383,10725000,0.0,0.0
2015-11-13 00:00:00-05:00,41.459999084472656,41.779998779296875,41.36000061035156,41.380001068115234,30.648433685302734,11619500,0.0,0.0
2015-11-16 00:00:00-05:00,41.43000030517578,42.0,41.38999938964844,41.959999084472656,31.078022003173828,11244900,0.0,0.0
2015-11-17 00:00:00-05:00,41.849998474121094,42.150001525878906,41.5099983215332,41.66999816894531,30.86323356628418,12739400,0.0,0.0
2015-11-18 00:00:00-05:00,41.77000045776367,42.349998474121094,41.68000030517578,42.279998779296875,31.315021514892578,12966300,0.0,0.0
2015-11-19 00:00:00-05:00,42.31999969482422,43.29999923706055,42.31999969482422,43.11000061035156,31.929777145385742,24090700,0.0,0.0
2015-11-20 00:00:00-05:00,43.310001373291016,43.58000183105469,42.400001525878906,42.43000030517578,31.426128387451172,19780800,0.0,0.0
2015-11-23 00:00:00-05:00,42.54999923706055,43.18000030517578,42.529998779296875,42.959999084472656,31.818675994873047,13338100,0.0,0.0
2015-11-24 00:00:00-05:00,42.70000076293945,43.599998474121094,42.65999984741211,43.36000061035156,32.11494827270508,15767200,0.0,0.0
2015-11-25 00:00:00-05:00,43.31999969482422,43.5,43.2400016784668,43.36000061035156,32.11494827270508,10344900,0.0,0.0
2015-11-27 00:00:00-05:00,43.040000915527344,43.2400016784668,42.79999923706055,43.150001525878906,32.204498291015625,7236700,0.33,0.0
2015-11-30 00:00:00-05:00,43.119998931884766,43.150001525878906,42.61000061035156,42.619998931884766,31.80893898010254,16063000,0.0,0.0
2015-12-01 00:00:00-05:00,42.72999954223633,43.099998474121094,42.72999954223633,42.88999938964844,32.01045608520508,11153000,0.0,0.0
2015-12-02 00:00:00-05:00,42.83000183105469,42.93000030517578,42.59000015258789,42.77000045776367,31.92089080810547,12598500,0.0,0.0
2015-12-03 00:00:00-05:00,42.72999954223633,42.88999938964844,42.31999969482422,42.459999084472656,31.689529418945312,15004400,0.0,0.0
2015-12-04 00:00:00-05:00,42.58000183105469,43.47999954223633,42.58000183105469,43.290000915527344,32.308982849121094,16488000,0.0,0.0
2015-12-07 00:00:00-05:00,43.310001373291016,43.439998626708984,43.0,43.20000076293945,32.2418098449707,12030700,0.0,0.0
2015-12-08 00:00:00-05:00,43.04999923706055,43.25,42.79999923706055,43.0099983215332,32.10000991821289,10736200,0.0,0.0
2015-12-09 00:00:00-05:00,42.779998779296875,43.27000045776367,42.5,42.65999984741211,31.838804244995117,12945500,0.0,0.0
2015-12-10 00:00:00-05:00,42.72999954223633,43.06999969482422,42.529998779296875,42.7599983215332,31.91343879699707,15483300,0.0,0.0
2015-12-11 00:00:00-05:00,42.630001068115234,42.83000183105469,42.13999938964844,42.27000045776367,31.547725677490234,17313400,0.0,0.0
2015-12-14 00:00:00-05:00,42.310001373291016,42.7599983215332,41.970001220703125,42.45000076293945,31.682058334350586,20092900,0.0,0.0
2015-12-15 00:00:00-05:00,42.84000015258789,43.2400016784668,42.7599983215332,43.06999969482422,32.14479446411133,17916400,0.0,0.0
2015-12-16 00:00:00-05:00,43.25,43.90999984741211,43.25,43.84000015258789,32.71947479248047,21868600,0.0,0.0
2015-12-17 00:00:00-05:00,43.810001373291016,43.88999938964844,43.41999816894531,43.4900016784668,32.45825958251953,14697000,0.0,0.0
2015-12-18 00:00:00-05:00,43.36000061035156,43.41999816894531,42.5,42.5,31.719385147094727,24583700,0.0,0.0
2015-12-21 00:00:00-05:00,42.81999969482422,42.939998626708984,42.459999084472656,42.779998779296875,31.928348541259766,10444400,0.0,0.0
2015-12-22 00:00:00-05:00,42.86000061035156,43.38999938964844,42.709999084472656,43.290000915527344,32.308982849121094,12280800,0.0,0.0
2015-12-23 00:00:00-05:00,43.38999938964844,43.72999954223633,43.349998474121094,43.66999816894531,32.59259796142578,9092300,0.0,0.0
2015-12-24 00:00:00-05:00,43.4900016784668,43.720001220703125,43.41999816894531,43.540000915527344,32.495574951171875,3036600,0.0,0.0
2015-12-28 00:00:00-05:00,43.439998626708984,43.52000045776367,43.310001373291016,43.4900016784668,32.45825958251953,6326100,0.0,0.0
2015-12-29 00:00:00-05:00,43.540000915527344,43.779998779296875,43.5,43.709999084472656,32.6224479675293,7739800,0.0,0.0
2015-12-30 00:00:00-05:00,43.75,43.77000045776367,43.45000076293945,43.56999969482422,32.51796340942383,5112500,0.0,0.0
2015-12-31 00:00:00-05:00,43.29999923706055,43.34000015258789,42.869998931884766,42.959999084472656,32.062686920166016,9727900,0.0,0.0
2016-01-04 00:00:00-05:00,42.34000015258789,42.5,41.970001220703125,42.400001525878906,31.644752502441406,16084100,0.0,0.0
2016-01-05 00:00:00-05:00,42.310001373291016,42.630001068115234,42.16999816894531,42.54999923706055,31.756690979003906,15781900,0.0,0.0
2016-01-06 00:00:00-05:00,42.20000076293945,42.5099983215332,42.040000915527344,42.31999969482422,31.585031509399414,16245100,0.0,0.0
2016-01-07 00:00:00-05:00,41.650001525878906,42.11000061035156,41.45000076293945,41.619998931884766,31.06260108947754,20563600,0.0,0.0
2016-01-08 00:00:00-05:00,41.650001525878906,42.119998931884766,41.40999984741211,41.5099983215332,30.98050308227539,14645900,0.0,0.0
2016-01-11 00:00:00-05:00,41.58000183105469,41.86000061035156,41.290000915527344,41.58000183105469,31.03274154663086,15815200,0.0,0.0
2016-01-12 00:00:00-05:00,42.29999923706055,42.45000076293945,41.869998931884766,42.119998931884766,31.435779571533203,21814800,0.0,0.0
2016-01-13 00:00:00-05:00,42.16999816894531,42.56999969482422,41.790000915527344,41.849998474121094,31.234254837036133,16854300,0.0,0.0
2016-01-14 00:00:00-05:00,41.9900016784668,42.16999816894531,41.63999938964844,41.880001068115234,31.256654739379883,16028000,0.0,0.0
2016-01-15 00:00:00-05:00,40.95000076293945,41.59000015258789,40.93000030517578,41.5,30.97304916381836,21153600,0.0,0.0
2016-01-19 00:00:00-05:00,41.77000045776367,42.119998931884766,41.650001525878906,41.91999816894531,31.286500930786133,15462200,0.0,0.0
2016-01-20 00:00:00-05:00,41.45000076293945,41.619998931884766,40.75,41.380001068115234,30.883487701416016,19923500,0.0,0.0
2016-01-21 00:00:00-05:00,41.45000076293945,41.5099983215332,41.09000015258789,41.38999938964844,30.89094352722168,15568900,0.0,0.0
2016-01-22 00:00:00-05:00,41.63999938964844,42.2400016784668,41.45000076293945,42.060001373291016,31.3909912109375,15209200,0.0,0.0
2016-01-25 00:00:00-05:00,42.2400016784668,42.5,41.93000030517578,42.15999984741211,31.46562957763672,12505200,0.0,0.0
2016-01-26 00:00:00-05:00,42.15999984741211,42.5,41.93000030517578,42.08000183105469,31.40591812133789,13018500,0.0,0.0
2016-01-27 00:00:00-05:00,42.18000030517578,42.459999084472656,41.810001373291016,42.09000015258789,31.41338348388672,14167000,0.0,0.0
2016-01-28 00:00:00-05:00,42.18000030517578,42.720001220703125,42.060001373291016,42.56999969482422,31.77162742614746,16622800,0.0,0.0
2016-01-29 00:00:00-05:00,42.86000061035156,43.2599983215332,42.650001525878906,42.91999816894531,32.0328369140625,20457000,0.0,0.0
2016-02-01 00:00:00-05:00,42.599998474121094,43.150001525878906,42.56999969482422,43.0,32.09254455566406,17097800,0.0,0.0
2016-02-02 00:00:00-05:00,42.70000076293945,42.790000915527344,42.40999984741211,42.439998626708984,31.674612045288086,12332900,0.0,0.0
2016-02-03 00:00:00-05:00,42.79999923706055,42.939998626708984,42.279998779296875,42.720001220703125,31.883573532104492,15958300,0.0,0.0
2016-02-04 00:00:00-05:00,42.52000045776367,42.88999938964844,42.400001525878906,42.529998779296875,31.74178123474121,14413700,0.0,0.0
2016-02-05 00:00:00-05:00,42.93000030517578,42.9900016784668,42.2599983215332,42.439998626708984,31.674612045288086,17315700,0.0,0.0
2016-02-08 00:00:00-05:00,42.16999816894531,42.70000076293945,41.900001525878906,42.650001525878906,31.831336975097656,17254400,0.0,0.0
2016-02-09 00:00:00-05:00,42.2599983215332,43.4900016784668,42.2599983215332,43.29999923706055,32.31645202636719,24853800,0.0,0.0
2016-02-10 00:00:00-05:00,43.34000015258789,43.38999938964844,42.5099983215332,42.54999923706055,31.756690979003906,16729600,0.0,0.0
2016-02-11 00:00:00-05:00,42.029998779296875,42.61000061035156,41.97999954223633,42.40999984741211,31.65221405029297,16825300,0.0,0.0
2016-02-12 00:00:00-05:00,42.720001220703125,43.13999938964844,42.560001373291016,43.11000061035156,32.17464828491211,15222400,0.0,0.0
2016-02-16 00:00:00-05:00,43.31999969482422,43.459999084472656,43.02000045776367,43.36000061035156,32.36122131347656,12675900,0.0,0.0
2016-02-17 00:00:00-05:00,43.41999816894531,43.619998931884766,43.279998779296875,43.4900016784668,32.45825958251953,12332500,0.0,0.0
2016-02-18 00:00:00-05:00,43.630001068115234,43.72999954223633,43.29999923706055,43.61000061035156,32.54781723022461,11170300,0.0,0.0
2016-02-19 00:00:00-05:00,43.58000183105469,43.77000045776367,43.279998779296875,43.77000045776367,32.66722106933594,12850000,0.0,0.0
2016-02-22 00:00:00-05:00,43.77000045776367,44.15999984741211,43.630001068115234,43.939998626708984,32.794105529785156,20716100,0.0,0.0
2016-02-23 00:00:00-05:00,43.7400016784668,44.04999923706055,43.65999984741211,43.689998626708984,32.60752487182617,11166400,0.0,0.0
2016-02-24 00:00:00-05:00,43.560001373291016,43.939998626708984,43.369998931884766,43.90999984741211,32.77171325683594,10844200,0.0,0.0
2016-02-25 00:00:00-05:00,43.959999084472656,44.18000030517578,43.869998931884766,44.15999984741211,32.95829391479492,10903300,0.0,0.0
2016-02-26 00:00:00-05:00,44.040000915527344,44.060001373291016,43.11000061035156,43.13999938964844,32.19704055786133,18421000,0.0,0.0
2016-02-29 00:00:00-05:00,43.16999816894531,43.61000061035156,42.91999816894531,43.130001068115234,32.189571380615234,15049800,0.0,0.0
2016-03-01 00:00:00-05:00,43.380001068115234,43.689998626708984,43.16999816894531,43.689998626708984,32.60752487182617,12358300,0.0,0.0
2016-03-02 00:00:00-05:00,43.470001220703125,43.77000045776367,43.41999816894531,43.77000045776367,32.66722106933594,12856300,0.0,0.0
2016-03-03 00:00:00-05:00,43.61000061035156,43.97999954223633,43.540000915527344,43.959999084472656,32.80904006958008,13134800,0.0,0.0
2016-03-04 00:00:00-05:00,43.779998779296875,44.150001525878906,43.68000030517578,44.11000061035156,32.92098617553711,13691500,0.0,0.0
2016-03-07 00:00:00-05:00,43.90999984741211,44.13999938964844,43.86000061035156,44.0099983215332,32.846351623535156,10695300,0.0,0.0
2016-03-08 00:00:00-05:00,43.91999816894531,44.470001220703125,43.810001373291016,44.31999969482422,33.07772445678711,18900200,0.0,0.0
2016-03-09 00:00:00-05:00,44.38999938964844,44.83000183105469,44.290000915527344,44.810001373291016,33.44342803955078,18466600,0.0,0.0
2016-03-10 00:00:00-05:00,44.84000015258789,45.2599983215332,44.68000030517578,45.22999954223633,33.75688552856445,28908600,0.0,0.0
2016-03-11 00:00:00-05:00,45.0,45.25,44.93000030517578,45.20000076293945,33.99757385253906,16129300,0.35,0.0
2016-03-14 00:00:00-04:00,45.040000915527344,45.41999816894531,45.040000915527344,45.290000915527344,34.06526565551758,13206700,0.0,0.0
2016-03-15 00:00:00-04:00,45.08000183105469,45.560001373291016,45.06999969482422,45.2400016784668,34.02766418457031,13686300,0.0,0.0
2016-03-16 00:00:00-04:00,45.04999923706055,45.16999816894531,44.54999923706055,45.04999923706055,33.884742736816406,15386100,0.0,0.0
2016-03-17 00:00:00-04:00,45.04999923706055,45.90999984741211,44.970001220703125,45.77000045776367,34.426300048828125,24080000,0.0,0.0
2016-03-18 00:00:00-04:00,45.84000015258789,45.869998931884766,45.38999938964844,45.599998474121094,34.298431396484375,23853400,0.0,0.0
2016-03-21 00:00:00-04:00,45.41999816894531,45.869998931884766,45.36000061035156,45.66999816894531,34.3510856628418,9740400,0.0,0.0
2016-03-22 00:00:00-04:00,45.54999923706055,45.72999954223633,45.38999938964844,45.5,34.22322463989258,13788300,0.0,0.0
2016-03-23 00:00:00-04:00,45.400001525878906,45.709999084472656,45.349998474121094,45.459999084472656,34.19313430786133,9292100,0.0,0.0
2016-03-24 00:00:00-04:00,45.45000076293945,45.599998474121094,45.189998626708984,45.58000183105469,34.28340148925781,10890200,0.0,0.0
2016-03-28 00:00:00-04:00,45.560001373291016,45.93000030517578,45.5099983215332,45.79999923706055,34.44887161254883,13306600,0.0,0.0
2016-03-29 00:00:00-04:00,45.86000061035156,46.5099983215332,45.810001373291016,46.47999954223633,34.96034240722656,25010400,0.0,0.0
2016-03-30 00:00:00-04:00,46.630001068115234,46.72999954223633,46.33000183105469,46.58000183105469,35.035560607910156,14312200,0.0,0.0
2016-03-31 00:00:00-04:00,46.54999923706055,46.880001068115234,46.31999969482422,46.38999938964844,34.892635345458984,15544500,0.0,0.0
2016-04-01 00:00:00-04:00,46.13999938964844,46.869998931884766,46.11000061035156,46.83000183105469,35.223602294921875,14922900,0.0,0.0
2016-04-04 00:00:00-04:00,46.84000015258789,46.93000030517578,46.5,46.88999938964844,35.26871871948242,10629800,0.0,0.0
2016-04-05 00:00:00-04:00,46.619998931884766,46.810001373291016,46.439998626708984,46.529998779296875,34.9979362487793,10696700,0.0,0.0
2016-04-06 00:00:00-04:00,46.56999969482422,46.72999954223633,46.380001068115234,46.709999084472656,35.133338928222656,9122700,0.0,0.0
2016-04-07 00:00:00-04:00,46.5,46.58000183105469,46.15999984741211,46.36000061035156,34.870094299316406,9292000,0.0,0.0
2016-04-08 00:00:00-04:00,46.439998626708984,46.97999954223633,46.439998626708984,46.869998931884766,35.253684997558594,11959300,0.0,0.0
2016-04-11 00:00:00-04:00,46.900001525878906,47.130001068115234,46.40999984741211,46.439998626708984,34.93024444580078,11880100,0.0,0.0
2016-04-12 00:00:00-04:00,46.40999984741211,46.7599983215332,46.349998474121094,46.650001525878906,35.088199615478516,11219100,0.0,0.0
2016-04-13 00:00:00-04:00,46.77000045776367,46.779998779296875,45.81999969482422,46.040000915527344,34.6293830871582,13234100,0.0,0.0
2016-04-14 00:00:00-04:00,46.060001373291016,46.220001220703125,45.75,45.83000183105469,34.471435546875,12982200,0.0,0.0
2016-04-15 00:00:00-04:00,45.81999969482422,46.15999984741211,45.68000030517578,46.099998474121094,34.67451858520508,13647800,0.0,0.0
2016-04-18 00:00:00-04:00,46.099998474121094,46.279998779296875,45.81999969482422,46.220001220703125,34.764766693115234,11538100,0.0,0.0
2016-04-19 00:00:00-04:00,46.310001373291016,46.619998931884766,46.150001525878906,46.599998474121094,35.050594329833984,14418300,0.0,0.0
2016-04-20 00:00:00-04:00,45.34000015258789,45.380001068115234,44.060001373291016,44.369998931884766,33.373287200927734,40360300,0.0,0.0
2016-04-21 00:00:00-04:00,44.2599983215332,44.279998779296875,42.869998931884766,43.65999984741211,32.83924865722656,37206900,0.0,0.0
2016-04-22 00:00:00-04:00,43.790000915527344,44.65999984741211,43.790000915527344,44.540000915527344,33.50115203857422,25134200,0.0,0.0
2016-04-25 00:00:00-04:00,44.5,44.720001220703125,44.380001068115234,44.709999084472656,33.62902069091797,11173800,0.0,0.0
2016-04-26 00:00:00-04:00,44.91999816894531,44.959999084472656,44.43000030517578,44.529998779296875,33.49363327026367,13935500,0.0,0.0
2016-04-27 00:00:00-04:00,44.63999938964844,44.86000061035156,44.25,44.68000030517578,33.6064567565918,11335500,0.0,0.0
2016-04-28 00:00:00-04:00,44.5,44.900001525878906,44.459999084472656,44.630001068115234,33.568851470947266,10932500,0.0,0.0
2016-04-29 00:00:00-04:00,44.529998779296875,44.86000061035156,44.5,44.79999923706055,33.696712493896484,11716000,0.0,0.0
2016-05-02 00:00:00-04:00,44.56999969482422,45.189998626708984,44.56999969482422,44.97999954223633,33.83209228515625,12577500,0.0,0.0
2016-05-03 00:00:00-04:00,44.869998931884766,45.06999969482422,44.650001525878906,44.84000015258789,33.7267951965332,10420500,0.0,0.0
2016-05-04 00:00:00-04:00,44.720001220703125,45.11000061035156,44.5099983215332,44.97999954223633,33.83209228515625,9350500,0.0,0.0
2016-05-05 00:00:00-04:00,44.93000030517578,45.4900016784668,44.869998931884766,45.060001373291016,33.89227294921875,8801100,0.0,0.0
2016-05-06 00:00:00-04:00,45.060001373291016,45.40999984741211,44.91999816894531,45.31999969482422,34.08784103393555,8564000,0.0,0.0
2016-05-09 00:00:00-04:00,45.31999969482422,45.5,45.16999816894531,45.2400016784668,34.02766418457031,8110600,0.0,0.0
2016-05-10 00:00:00-04:00,45.439998626708984,45.84000015258789,45.41999816894531,45.75,34.41127014160156,8933500,0.0,0.0
2016-05-11 00:00:00-04:00,45.72999954223633,45.880001068115234,45.45000076293945,45.459999084472656,34.19313430786133,8833100,0.0,0.0
2016-05-12 00:00:00-04:00,45.54999923706055,45.900001525878906,45.4900016784668,45.83000183105469,34.471435546875,10463400,0.0,0.0
2016-05-13 00:00:00-04:00,45.75,45.83000183105469,45.22999954223633,45.349998474121094,34.110389709472656,10341200,0.0,0.0
2016-05-16 00:00:00-04:00,45.15999984741211,45.72999954223633,45.13999938964844,45.619998931884766,34.3134880065918,9413600,0.0,0.0
2016-05-17 00:00:00-04:00,45.45000076293945,45.560001373291016,44.709999084472656,44.75,33.65910339355469,17457000,0.0,0.0
2016-05-18 00:00:00-04:00,44.560001373291016,44.83000183105469,44.22999954223633,44.47999954223633,33.456016540527344,12524300,0.0,0.0
2016-05-19 00:00:00-04:00,44.25,44.38999938964844,44.040000915527344,44.31999969482422,33.3356819152832,10659500,0.0,0.0
2016-05-20 00:00:00-04:00,44.5099983215332,44.540000915527344,43.939998626708984,43.95000076293945,33.05738067626953,12914100,0.0,0.0
2016-05-23 00:00:00-04:00,44.06999969482422,44.15999984741211,43.939998626708984,43.970001220703125,33.07241439819336,13554700,0.0,0.0
2016-05-24 00:00:00-04:00,44.099998474121094,44.41999816894531,44.0,44.369998931884766,33.373287200927734,12634200,0.0,0.0
2016-05-25 00:00:00-04:00,44.5099983215332,44.630001068115234,44.25,44.380001068115234,33.38079833984375,9218100,0.0,0.0
2016-05-26 00:00:00-04:00,44.529998779296875,44.77000045776367,44.439998626708984,44.689998626708984,33.61397933959961,8695800,0.0,0.0
2016-05-27 00:00:00-04:00,44.709999084472656,44.959999084472656,44.650001525878906,44.779998779296875,33.68167495727539,7893900,0.0,0.0
2016-05-31 00:00:00-04:00,44.97999954223633,44.97999954223633,44.2599983215332,44.599998474121094,33.5462760925293,18935200,0.0,0.0
2016-06-01 00:00:00-04:00,44.599998474121094,44.779998779296875,44.4900016784668,44.70000076293945,33.62150573730469,8916000,0.0,0.0
2016-06-02 00:00:00-04:00,44.70000076293945,44.720001220703125,44.5,44.720001220703125,33.636539459228516,6693900,0.0,0.0
2016-06-03 00:00:00-04:00,44.75,45.04999923706055,44.68000030517578,45.040000915527344,33.87723159790039,13434900,0.0,0.0
2016-06-06 00:00:00-04:00,45.09000015258789,45.47999954223633,45.08000183105469,45.369998931884766,34.12544631958008,10310600,0.0,0.0
2016-06-07 00:00:00-04:00,45.349998474121094,45.47999954223633,45.20000076293945,45.31999969482422,34.08784103393555,9812600,0.0,0.0
2016-06-08 00:00:00-04:00,45.2400016784668,45.65999984741211,45.189998626708984,45.54999923706055,34.26083755493164,7915400,0.0,0.0
2016-06-09 00:00:00-04:00,45.33000183105469,45.79999923706055,45.310001373291016,45.7599983215332,34.41878128051758,8042900,0.0,0.0
2016-06-10 00:00:00-04:00,45.619998931884766,46.0099983215332,45.560001373291016,45.9900016784668,34.5917854309082,12357000,0.0,0.0
2016-06-13 00:00:00-04:00,45.47999954223633,45.66999816894531,45.09000015258789,45.119998931884766,34.197654724121094,10613500,0.35,0.0
2016-06-14 00:00:00-04:00,44.849998474121094,45.130001068115234,44.439998626708984,45.040000915527344,34.13702392578125,11298200,0.0,0.0
2016-06-15 00:00:00-04:00,45.119998931884766,45.34000015258789,44.880001068115234,45.0099983215332,34.114288330078125,8360400,0.0,0.0
2016-06-16 00:00:00-04:00,44.869998931884766,45.34000015258789,44.720001220703125,45.310001373291016,34.34166717529297,11305400,0.0,0.0
2016-06-17 00:00:00-04:00,45.16999816894531,45.220001220703125,44.380001068115234,44.790000915527344,33.94754409790039,20805400,0.0,0.0
2016-06-20 00:00:00-04:00,45.09000015258789,45.310001373291016,44.959999084472656,44.97999954223633,34.0915412902832,10712400,0.0,0.0
2016-06-21 00:00:00-04:00,45.15999984741211,45.279998779296875,45.0,45.130001068115234,34.20523452758789,7919400,0.0,0.0
2016-06-22 00:00:00-04:00,45.25,45.33000183105469,44.810001373291016,44.86000061035156,34.00058364868164,10738900,0.0,0.0
2016-06-23 00:00:00-04:00,45.029998779296875,45.16999816894531,44.84000015258789,45.08000183105469,34.16734313964844,9655300,0.0,0.0
2016-06-24 00:00:00-04:00,44.20000076293945,44.560001373291016,43.81999969482422,43.93000030517578,33.29572296142578,26003700,0.0,0.0
2016-06-27 00:00:00-04:00,43.66999816894531,43.88999938964844,43.31999969482422,43.779998779296875,33.18203353881836,15779500,0.0,0.0
2016-06-28 00:00:00-04:00,44.060001373291016,44.189998626708984,43.66999816894531,44.18000030517578,33.485206604003906,16509800,0.0,0.0
2016-06-29 00:00:00-04:00,44.38999938964844,44.709999084472656,44.2400016784668,44.439998626708984,33.68226623535156,12250900,0.0,0.0
2016-06-30 00:00:00-04:00,44.52000045776367,45.33000183105469,44.4900016784668,45.33000183105469,34.3568229675293,16056500,0.0,0.0
2016-07-01 00:00:00-04:00,45.33000183105469,45.40999984741211,45.06999969482422,45.119998931884766,34.197654724121094,11799700,0.0,0.0
2016-07-05 00:00:00-04:00,45.15999984741211,45.66999816894531,45.150001525878906,45.43000030517578,34.432621002197266,12339100,0.0,0.0
2016-07-06 00:00:00-04:00,45.5,45.54999923706055,44.91999816894531,45.27000045776367,34.31134796142578,10902600,0.0,0.0
2016-07-07 00:00:00-04:00,45.41999816894531,45.52000045776367,44.970001220703125,45.09000015258789,34.174922943115234,9741100,0.0,0.0
2016-07-08 00:00:00-04:00,45.29999923706055,45.52000045776367,45.06999969482422,45.380001068115234,34.39472198486328,11127100,0.0,0.0
2016-07-11 00:00:00-04:00,45.349998474121094,45.77000045776367,45.11000061035156,45.56999969482422,34.53871154785156,10937800,0.0,0.0
2016-07-12 00:00:00-04:00,45.63999938964844,45.709999084472656,45.18000030517578,45.58000183105469,34.54631042480469,9739000,0.0,0.0
2016-07-13 00:00:00-04:00,45.61000061035156,45.7599983215332,45.43000030517578,45.7400016784668,34.667579650878906,8028400,0.0,0.0
2016-07-14 00:00:00-04:00,45.72999954223633,45.939998626708984,45.58000183105469,45.689998626708984,34.62967300415039,7621200,0.0,0.0
2016-07-15 00:00:00-04:00,45.880001068115234,45.900001525878906,45.439998626708984,45.630001068115234,34.584197998046875,10621000,0.0,0.0
2016-07-18 00:00:00-04:00,45.689998626708984,45.70000076293945,45.47999954223633,45.630001068115234,34.584197998046875,7958300,0.0,0.0
2016-07-19 00:00:00-04:00,45.459999084472656,45.709999084472656,45.43000030517578,45.630001068115234,34.584197998046875,7761100,0.0,0.0
2016-07-20 00:00:00-04:00,45.75,45.77000045776367,45.38999938964844,45.5099983215332,34.493247985839844,8478200,0.0,0.0
2016-07-21 00:00:00-04:00,45.34000015258789,45.5099983215332,45.2599983215332,45.45000076293945,34.447776794433594,8045100,0.0,0.0
2016-07-22 00:00:00-04:00,45.5,45.84000015258789,45.459999084472656,45.83000183105469,34.735782623291016,8836100,0.0,0.0
2016-07-25 00:00:00-04:00,45.810001373291016,45.83000183105469,45.470001220703125,45.56999969482422,34.53871154785156,9134300,0.0,0.0
2016-07-26 00:00:00-04:00,45.529998779296875,45.650001525878906,44.83000183105469,44.880001068115234,34.0157585144043,15819900,0.0,0.0
2016-07-27 00:00:00-04:00,43.900001525878906,44.060001373291016,43.099998474121094,43.400001525878906,32.89402389526367,37461100,0.0,0.0
2016-07-28 00:00:00-04:00,43.27000045776367,43.689998626708984,43.220001220703125,43.650001525878906,33.08351516723633,13077800,0.0,0.0
2016-07-29 00:00:00-04:00,43.720001220703125,43.75,43.47999954223633,43.630001068115234,33.06834030151367,16530500,0.0,0.0
2016-08-01 00:00:00-04:00,43.689998626708984,43.83000183105469,43.43000030517578,43.45000076293945,32.93191909790039,12349700,0.0,0.0
2016-08-02 00:00:00-04:00,43.349998474121094,43.58000183105469,43.310001373291016,43.529998779296875,32.9925537109375,12825200,0.0,0.0
2016-08-03 00:00:00-04:00,43.65999984741211,43.70000076293945,43.369998931884766,43.63999938964844,33.075923919677734,12119100,0.0,0.0
2016-08-04 00:00:00-04:00,43.560001373291016,43.79999923706055,43.400001525878906,43.5099983215332,32.977386474609375,11244100,0.0,0.0
2016-08-05 00:00:00-04:00,43.650001525878906,43.75,43.40999984741211,43.47999954223633,32.95465850830078,10398200,0.0,0.0
2016-08-08 00:00:00-04:00,43.43000030517578,43.52000045776367,43.220001220703125,43.439998626708984,32.92434310913086,8680300,0.0,0.0
2016-08-09 00:00:00-04:00,43.5,43.63999938964844,43.380001068115234,43.470001220703125,32.94708251953125,7281300,0.0,0.0
2016-08-10 00:00:00-04:00,43.63999938964844,43.689998626708984,43.5,43.61000061035156,33.05318832397461,8412100,0.0,0.0
2016-08-11 00:00:00-04:00,43.720001220703125,43.869998931884766,43.619998931884766,43.75,33.159297943115234,11303300,0.0,0.0
2016-08-12 00:00:00-04:00,43.90999984741211,44.189998626708984,43.790000915527344,44.029998779296875,33.37150955200195,10928900,0.0,0.0
2016-08-15 00:00:00-04:00,44.099998474121094,44.33000183105469,44.0099983215332,44.2400016784668,33.53068542480469,10390600,0.0,0.0
2016-08-16 00:00:00-04:00,44.25,44.25,43.83000183105469,43.83000183105469,33.219932556152344,9706100,0.0,0.0
2016-08-17 00:00:00-04:00,44.0099983215332,44.06999969482422,43.779998779296875,44.060001373291016,33.394256591796875,11208500,0.0,0.0
2016-08-18 00:00:00-04:00,44.0099983215332,44.2599983215332,44.0,44.099998474121094,33.42456817626953,9144300,0.0,0.0
2016-08-19 00:00:00-04:00,44.04999923706055,44.060001373291016,43.7400016784668,43.91999816894531,33.288143157958984,9385900,0.0,0.0
2016-08-22 00:00:00-04:00,43.939998626708984,43.95000076293945,43.72999954223633,43.7400016784668,33.151710510253906,8687500,0.0,0.0
2016-08-23 00:00:00-04:00,43.849998474121094,43.97999954223633,43.7400016784668,43.849998474121094,33.2350959777832,8421100,0.0,0.0
2016-08-24 00:00:00-04:00,43.81999969482422,43.939998626708984,43.65999984741211,43.849998474121094,33.2350959777832,11508900,0.0,0.0
2016-08-25 00:00:00-04:00,43.849998474121094,43.939998626708984,43.630001068115234,43.66999816894531,33.098670959472656,9815700,0.0,0.0
2016-08-26 00:00:00-04:00,43.720001220703125,43.91999816894531,43.310001373291016,43.31999969482422,32.83338928222656,11824900,0.0,0.0
2016-08-29 00:00:00-04:00,43.34000015258789,43.61000061035156,43.33000183105469,43.540000915527344,33.00013732910156,9544600,0.0,0.0
2016-08-30 00:00:00-04:00,43.459999084472656,43.529998779296875,43.119998931884766,43.2400016784668,32.772762298583984,9720100,0.0,0.0
2016-08-31 00:00:00-04:00,43.43000030517578,43.459999084472656,43.08000183105469,43.43000030517578,32.916751861572266,10217900,0.0,0.0
2016-09-01 00:00:00-04:00,43.209999084472656,43.40999984741211,43.20000076293945,43.349998474121094,32.85612106323242,8457800,0.0,0.0
2016-09-02 00:00:00-04:00,43.52000045776367,43.83000183105469,43.470001220703125,43.65999984741211,33.09107971191406,9026000,0.0,0.0
2016-09-06 00:00:00-04:00,43.7400016784668,43.79999923706055,43.400001525878906,43.790000915527344,33.18962097167969,8600400,0.0,0.0
2016-09-07 00:00:00-04:00,43.720001220703125,43.79999923706055,43.529998779296875,43.63999938964844,33.075923919677734,8656600,0.0,0.0
2016-09-08 00:00:00-04:00,43.66999816894531,43.72999954223633,43.45000076293945,43.630001068115234,33.06834030151367,10020400,0.0,0.0
2016-09-09 00:00:00-04:00,43.43000030517578,43.43000030517578,42.27000045776367,42.27000045776367,32.037567138671875,23624200,0.0,0.0
2016-09-12 00:00:00-04:00,42.36000061035156,43.22999954223633,42.34000015258789,43.189998626708984,32.7348518371582,15932300,0.0,0.0
2016-09-13 00:00:00-04:00,42.77000045776367,42.77000045776367,42.209999084472656,42.279998779296875,32.30695724487305,12962700,0.35,0.0
2016-09-14 00:00:00-04:00,42.27000045776367,42.40999984741211,41.9900016784668,42.11000061035156,32.17705535888672,9823900,0.0,0.0
2016-09-15 00:00:00-04:00,42.0099983215332,42.38999938964844,41.880001068115234,42.36000061035156,32.368080139160156,10158500,0.0,0.0
2016-09-16 00:00:00-04:00,42.16999816894531,42.2599983215332,41.970001220703125,42.13999938964844,32.199974060058594,16354000,0.0,0.0
2016-09-19 00:00:00-04:00,42.15999984741211,42.369998931884766,42.08000183105469,42.099998474121094,32.16939926147461,7659900,0.0,0.0
2016-09-20 00:00:00-04:00,42.310001373291016,42.529998779296875,42.2400016784668,42.34000015258789,32.35279846191406,8407200,0.0,0.0
2016-09-21 00:00:00-04:00,42.279998779296875,42.61000061035156,42.099998474121094,42.529998779296875,32.49798583984375,13654700,0.0,0.0
2016-09-22 00:00:00-04:00,42.709999084472656,43.0099983215332,42.689998626708984,42.959999084472656,32.8265495300293,9288300,0.0,0.0
2016-09-23 00:00:00-04:00,42.810001373291016,42.939998626708984,42.650001525878906,42.7400016784668,32.658451080322266,8852700,0.0,0.0
2016-09-26 00:00:00-04:00,42.709999084472656,42.720001220703125,42.0099983215332,42.04999923706055,32.1312141418457,15036000,0.0,0.0
2016-09-27 00:00:00-04:00,42.189998626708984,42.630001068115234,42.0,42.59000015258789,32.5438232421875,11920400,0.0,0.0
2016-09-28 00:00:00-04:00,42.630001068115234,42.7599983215332,42.029998779296875,42.150001525878906,32.207618713378906,15523800,0.0,0.0
2016-09-29 00:00:00-04:00,42.02000045776367,42.38999938964844,41.849998474121094,42.029998779296875,32.115928649902344,12671700,0.0,0.0
2016-09-30 00:00:00-04:00,42.209999084472656,42.5,42.060001373291016,42.31999969482422,32.33750915527344,14375700,0.0,0.0
2016-10-03 00:00:00-04:00,42.310001373291016,42.310001373291016,41.88999938964844,42.029998779296875,32.115928649902344,11152800,0.0,0.0
2016-10-04 00:00:00-04:00,42.34000015258789,42.34000015258789,41.779998779296875,41.84000015258789,31.970741271972656,13682700,0.0,0.0
2016-10-05 00:00:00-04:00,41.93000030517578,42.06999969482422,41.66999816894531,41.810001373291016,31.947816848754883,9607300,0.0,0.0
2016-10-06 00:00:00-04:00,41.68000030517578,41.939998626708984,41.58000183105469,41.709999084472656,31.871397018432617,9722900,0.0,0.0
2016-10-07 00:00:00-04:00,41.83000183105469,41.939998626708984,41.56999969482422,41.72999954223633,31.886688232421875,8122800,0.0,0.0
2016-10-10 00:00:00-04:00,41.91999816894531,41.9900016784668,41.599998474121094,41.72999954223633,31.886688232421875,8983600,0.0,0.0
2016-10-11 00:00:00-04:00,41.65999984741211,41.70000076293945,41.400001525878906,41.540000915527344,31.741504669189453,12249100,0.0,0.0
2016-10-12 00:00:00-04:00,41.630001068115234,41.84000015258789,41.5,41.779998779296875,31.92488670349121,12216300,0.0,0.0
2016-10-13 00:00:00-04:00,41.650001525878906,41.88999938964844,41.5099983215332,41.7599983215332,31.90960121154785,17655600,0.0,0.0
2016-10-14 00:00:00-04:00,41.849998474121094,41.90999984741211,41.619998931884766,41.66999816894531,31.840837478637695,9893800,0.0,0.0
2016-10-17 00:00:00-04:00,41.72999954223633,41.86000061035156,41.56999969482422,41.599998474121094,31.787349700927734,10792500,0.0,0.0
2016-10-18 00:00:00-04:00,41.810001373291016,42.0,41.72999954223633,41.970001220703125,32.070072174072266,11297300,0.0,0.0
2016-10-19 00:00:00-04:00,41.93000030517578,42.119998931884766,41.810001373291016,42.04999923706055,32.1312141418457,16367400,0.0,0.0
2016-10-20 00:00:00-04:00,41.970001220703125,42.11000061035156,41.88999938964844,41.93000030517578,32.03950500488281,10620500,0.0,0.0
2016-10-21 00:00:00-04:00,41.849998474121094,42.16999816894531,41.68000030517578,42.130001068115234,32.19233703613281,14401500,0.0,0.0
2016-10-24 00:00:00-04:00,42.31999969482422,42.77000045776367,42.25,42.560001373291016,32.52090835571289,13439200,0.0,0.0
2016-10-25 00:00:00-04:00,42.63999938964844,42.880001068115234,42.43000030517578,42.540000915527344,32.505619049072266,16484700,0.0,0.0
2016-10-26 00:00:00-04:00,43.0,43.029998779296875,42.40999984741211,42.439998626708984,32.42921829223633,16886200,0.0,0.0
2016-10-27 00:00:00-04:00,42.630001068115234,42.650001525878906,41.900001525878906,42.119998931884766,32.1847038269043,14537000,0.0,0.0
2016-10-28 00:00:00-04:00,42.2599983215332,42.470001220703125,42.099998474121094,42.22999954223633,32.26875686645508,13398400,0.0,0.0
2016-10-31 00:00:00-04:00,42.119998931884766,42.40999984741211,42.119998931884766,42.400001525878906,32.398651123046875,13327500,0.0,0.0
2016-11-01 00:00:00-04:00,42.400001525878906,42.43000030517578,41.90999984741211,42.119998931884766,32.1847038269043,12223400,0.0,0.0
2016-11-02 00:00:00-04:00,42.099998474121094,42.34000015258789,42.0099983215332,42.04999923706055,32.1312141418457,12034300,0.0,0.0
2016-11-03 00:00:00-04:00,42.220001220703125,42.220001220703125,41.959999084472656,42.029998779296875,32.115928649902344,11258000,0.0,0.0
2016-11-04 00:00:00-04:00,41.849998474121094,42.040000915527344,41.689998626708984,41.689998626708984,31.856124877929688,14464200,0.0,0.0
2016-11-07 00:00:00-05:00,42.040000915527344,42.5,42.040000915527344,42.459999084472656,32.444496154785156,14038500,0.0,0.0
2016-11-08 00:00:00-05:00,42.369998931884766,42.97999954223633,42.369998931884766,42.880001068115234,32.76541519165039,12036600,0.0,0.0
2016-11-09 00:00:00-05:00,41.7599983215332,42.31999969482422,41.70000076293945,42.27000045776367,32.299312591552734,21351000,0.0,0.0
2016-11-10 00:00:00-05:00,41.86000061035156,42.2599983215332,40.849998474121094,40.939998626708984,31.283035278320312,33245500,0.0,0.0
2016-11-11 00:00:00-05:00,40.95000076293945,41.130001068115234,40.630001068115234,41.029998779296875,31.351804733276367,13421000,0.0,0.0
2016-11-14 00:00:00-05:00,41.130001068115234,41.41999816894531,40.849998474121094,41.16999816894531,31.458776473999023,19514200,0.0,0.0
2016-11-15 00:00:00-05:00,41.18000030517578,41.52000045776367,41.16999816894531,41.439998626708984,31.66510009765625,16554000,0.0,0.0
2016-11-16 00:00:00-05:00,41.400001525878906,41.650001525878906,41.15999984741211,41.2599983215332,31.527551651000977,12681400,0.0,0.0
2016-11-17 00:00:00-05:00,41.279998779296875,41.29999923706055,41.0,41.119998931884766,31.420576095581055,12398800,0.0,0.0
2016-11-18 00:00:00-05:00,41.029998779296875,41.20000076293945,40.900001525878906,40.90999984741211,31.260112762451172,16345300,0.0,0.0
2016-11-21 00:00:00-05:00,40.90999984741211,41.36000061035156,40.72999954223633,41.36000061035156,31.603961944580078,12307000,0.0,0.0
2016-11-22 00:00:00-05:00,41.45000076293945,41.70000076293945,41.2400016784668,41.369998931884766,31.611604690551758,12743500,0.0,0.0
2016-11-23 00:00:00-05:00,41.220001220703125,41.310001373291016,41.029998779296875,41.119998931884766,31.420576095581055,9281300,0.0,0.0
2016-11-25 00:00:00-05:00,41.38999938964844,41.58000183105469,41.2400016784668,41.529998779296875,31.73386001586914,7402300,0.0,0.0
2016-11-28 00:00:00-05:00,41.5099983215332,41.790000915527344,41.27000045776367,41.75,31.901973724365234,19424400,0.0,0.0
2016-11-29 00:00:00-05:00,41.52000045776367,41.52000045776367,41.13999938964844,41.150001525878906,31.709327697753906,11421900,0.35,0.0
2016-11-30 00:00:00-05:00,41.0,41.20000076293945,40.349998474121094,40.349998474121094,31.092857360839844,22410400,0.0,0.0
2016-12-01 00:00:00-05:00,40.310001373291016,40.38999938964844,39.880001068115234,40.16999816894531,30.95414924621582,20409900,0.0,0.0
2016-12-02 00:00:00-05:00,40.29999923706055,40.4900016784668,40.189998626708984,40.36000061035156,31.100563049316406,11176300,0.0,0.0
2016-12-05 00:00:00-05:00,40.34000015258789,40.689998626708984,40.310001373291016,40.619998931884766,31.300920486450195,15977800,0.0,0.0
2016-12-06 00:00:00-05:00,40.75,40.77000045776367,40.41999816894531,40.56999969482422,31.262380599975586,11303500,0.0,0.0
2016-12-07 00:00:00-05:00,40.540000915527344,41.290000915527344,40.5099983215332,41.290000915527344,31.81720542907715,13726500,0.0,0.0
2016-12-08 00:00:00-05:00,41.06999969482422,41.209999084472656,40.849998474121094,40.97999954223633,31.578317642211914,13077100,0.0,0.0
2016-12-09 00:00:00-05:00,41.5,42.220001220703125,41.290000915527344,42.0,32.364315032958984,28125800,0.0,0.0
2016-12-12 00:00:00-05:00,42.0,42.0099983215332,41.720001220703125,41.900001525878906,32.287254333496094,17561900,0.0,0.0
2016-12-13 00:00:00-05:00,41.720001220703125,41.959999084472656,41.540000915527344,41.7599983215332,32.17938232421875,18986000,0.0,0.0
2016-12-14 00:00:00-05:00,41.88999938964844,41.9900016784668,41.060001373291016,41.209999084472656,31.75555992126465,17937900,0.0,0.0
2016-12-15 00:00:00-05:00,41.099998474121094,41.810001373291016,41.099998474121094,41.54999923706055,32.01755905151367,14265300,0.0,0.0
2016-12-16 00:00:00-05:00,41.61000061035156,41.7599983215332,41.47999954223633,41.7400016784668,32.16396713256836,19675200,0.0,0.0
2016-12-19 00:00:00-05:00,41.689998626708984,41.79999923706055,41.58000183105469,41.66999816894531,32.11003112792969,8687300,0.0,0.0
2016-12-20 00:00:00-05:00,41.70000076293945,41.720001220703125,41.439998626708984,41.65999984741211,32.10232162475586,10603500,0.0,0.0
2016-12-21 00:00:00-05:00,41.599998474121094,41.83000183105469,41.52000045776367,41.56999969482422,32.0329704284668,9693600,0.0,0.0
2016-12-22 00:00:00-05:00,41.56999969482422,41.619998931884766,41.08000183105469,41.54999923706055,32.01755905151367,11894100,0.0,0.0
2016-12-23 00:00:00-05:00,41.619998931884766,41.689998626708984,41.349998474121094,41.599998474121094,32.05608367919922,6436600,0.0,0.0
2016-12-27 00:00:00-05:00,41.560001373291016,41.7599983215332,41.540000915527344,41.61000061035156,32.06378936767578,6999200,0.0,0.0
2016-12-28 00:00:00-05:00,41.4900016784668,41.66999816894531,41.38999938964844,41.38999938964844,31.894264221191406,8988000,0.0,0.0
2016-12-29 00:00:00-05:00,41.380001068115234,41.689998626708984,41.380001068115234,41.599998474121094,32.05608367919922,6875300,0.0,0.0
2016-12-30 00:00:00-05:00,41.689998626708984,41.84000015258789,41.349998474121094,41.459999084472656,31.948198318481445,11470200,0.0,0.0
2017-01-03 00:00:00-05:00,41.5,41.810001373291016,41.279998779296875,41.79999923706055,32.210208892822266,14711000,0.0,0.0
2017-01-04 00:00:00-05:00,41.880001068115234,41.970001220703125,41.59000015258789,41.650001525878906,32.0946159362793,9959400,0.0,0.0
2017-01-05 00:00:00-05:00,41.65999984741211,41.86000061035156,41.529998779296875,41.75,32.17167282104492,8968300,0.0,0.0
2017-01-06 00:00:00-05:00,41.70000076293945,41.810001373291016,41.540000915527344,41.7400016784668,32.16396713256836,10246600,0.0,0.0
2017-01-09 00:00:00-05:00,41.22999954223633,41.58000183105469,41.209999084472656,41.31999969482422,31.8403263092041,14822500,0.0,0.0
2017-01-10 00:00:00-05:00,41.439998626708984,41.439998626708984,40.86000061035156,41.040000915527344,31.624561309814453,19706800,0.0,0.0
2017-01-11 00:00:00-05:00,40.849998474121094,41.119998931884766,40.83000183105469,41.04999923706055,31.632261276245117,9266200,0.0,0.0
2017-01-12 00:00:00-05:00,41.0099983215332,41.040000915527344,40.79999923706055,40.95000076293945,31.55519676208496,8541200,0.0,0.0
2017-01-13 00:00:00-05:00,41.0,41.040000915527344,40.689998626708984,40.880001068115234,31.501266479492188,8123500,0.0,0.0
2017-01-17 00:00:00-05:00,40.84000015258789,41.29999923706055,40.79999923706055,41.220001220703125,31.763263702392578,12469400,0.0,0.0
2017-01-18 00:00:00-05:00,41.25,41.380001068115234,41.13999938964844,41.290000915527344,31.81720542907715,10390500,0.0,0.0
2017-01-19 00:00:00-05:00,41.13999938964844,41.290000915527344,41.029998779296875,41.13999938964844,31.701627731323242,10987100,0.0,0.0
2017-01-20 00:00:00-05:00,41.27000045776367,41.439998626708984,41.130001068115234,41.31999969482422,31.8403263092041,14695400,0.0,0.0
2017-01-23 00:00:00-05:00,41.310001373291016,41.5,41.209999084472656,41.43000030517578,31.925090789794922,11628900,0.0,0.0
2017-01-24 00:00:00-05:00,41.470001220703125,41.970001220703125,41.470001220703125,41.900001525878906,32.287254333496094,17040100,0.0,0.0
2017-01-25 00:00:00-05:00,41.939998626708984,42.25,41.900001525878906,42.119998931884766,32.456790924072266,12538200,0.0,0.0
2017-01-26 00:00:00-05:00,42.029998779296875,42.11000061035156,41.790000915527344,41.810001373291016,32.217899322509766,8976800,0.0,0.0
2017-01-27 00:00:00-05:00,41.90999984741211,41.95000076293945,41.41999816894531,41.45000076293945,31.940494537353516,12967400,0.0,0.0
2017-01-30 00:00:00-05:00,41.29999923706055,41.47999954223633,41.209999084472656,41.380001068115234,31.886560440063477,11626200,0.0,0.0
2017-01-31 00:00:00-05:00,41.38999938964844,41.689998626708984,41.36000061035156,41.56999969482422,32.0329704284668,12678000,0.0,0.0
2017-02-01 00:00:00-05:00,41.52000045776367,41.65999984741211,41.25,41.2599983215332,31.794086456298828,11136100,0.0,0.0
2017-02-02 00:00:00-05:00,41.40999984741211,41.4900016784668,41.25,41.400001525878906,31.901962280273438,9459700,0.0,0.0
2017-02-03 00:00:00-05:00,41.58000183105469,41.790000915527344,41.459999084472656,41.540000915527344,32.009849548339844,11882400,0.0,0.0
2017-02-06 00:00:00-05:00,41.529998779296875,41.66999816894531,41.400001525878906,41.560001373291016,32.0252571105957,15742800,0.0,0.0
2017-02-07 00:00:00-05:00,41.70000076293945,41.97999954223633,41.66999816894531,41.900001525878906,32.287254333496094,13315200,0.0,0.0
2017-02-08 00:00:00-05:00,41.90999984741211,42.150001525878906,41.84000015258789,42.02000045776367,32.379730224609375,14219700,0.0,0.0
2017-02-09 00:00:00-05:00,42.02000045776367,42.02000045776367,40.720001220703125,41.25,31.78638458251953,27240300,0.0,0.0
2017-02-10 00:00:00-05:00,41.02000045776367,41.20000076293945,40.54999923706055,40.58000183105469,31.270099639892578,28847300,0.0,0.0
2017-02-13 00:00:00-05:00,40.77000045776367,40.83000183105469,40.5,40.619998931884766,31.300920486450195,23617100,0.0,0.0
2017-02-14 00:00:00-05:00,40.380001068115234,40.599998474121094,40.220001220703125,40.529998779296875,31.231565475463867,32177800,0.0,0.0
2017-02-15 00:00:00-05:00,40.41999816894531,40.630001068115234,40.400001525878906,40.439998626708984,31.162202835083008,26600800,0.0,0.0
2017-02-16 00:00:00-05:00,40.54999923706055,41.279998779296875,40.5,41.20000076293945,31.747848510742188,22214800,0.0,0.0
2017-02-17 00:00:00-05:00,41.130001068115234,41.36000061035156,41.04999923706055,41.22999954223633,31.770977020263672,15065100,0.0,0.0
2017-02-21 00:00:00-05:00,41.20000076293945,41.5,41.20000076293945,41.459999084472656,31.948198318481445,17072600,0.0,0.0
2017-02-22 00:00:00-05:00,41.5099983215332,41.68000030517578,41.400001525878906,41.599998474121094,32.05608367919922,11186800,0.0,0.0
2017-02-23 00:00:00-05:00,41.66999816894531,42.0,41.619998931884766,41.65999984741211,32.10232162475586,12856800,0.0,0.0
2017-02-24 00:00:00-05:00,41.70000076293945,41.90999984741211,41.599998474121094,41.779998779296875,32.19478225708008,13215300,0.0,0.0
2017-02-27 00:00:00-05:00,41.75,41.75,41.59000015258789,41.66999816894531,32.11003112792969,12186400,0.0,0.0
2017-02-28 00:00:00-05:00,41.68000030517578,42.06999969482422,41.63999938964844,41.959999084472656,32.33349609375,15946800,0.0,0.0
2017-03-01 00:00:00-05:00,42.0099983215332,42.349998474121094,41.880001068115234,42.15999984741211,32.487606048583984,14662000,0.0,0.0
2017-03-02 00:00:00-05:00,42.08000183105469,42.560001373291016,42.06999969482422,42.470001220703125,32.72648620605469,15507600,0.0,0.0
2017-03-03 00:00:00-05:00,42.470001220703125,42.4900016784668,42.25,42.47999954223633,32.734195709228516,11740000,0.0,0.0
2017-03-06 00:00:00-05:00,42.34000015258789,42.43000030517578,42.119998931884766,42.18000030517578,32.50301742553711,16307800,0.0,0.0
2017-03-07 00:00:00-05:00,42.0,42.2400016784668,41.95000076293945,41.9900016784668,32.35661315917969,11273700,0.0,0.0
2017-03-08 00:00:00-05:00,42.0,42.029998779296875,41.7400016784668,41.9900016784668,32.35661315917969,14636000,0.0,0.0
2017-03-09 00:00:00-05:00,42.09000015258789,42.11000061035156,41.91999816894531,42.029998779296875,32.38744354248047,14496400,0.0,0.0
2017-03-10 00:00:00-05:00,42.22999954223633,42.400001525878906,42.150001525878906,42.290000915527344,32.58778762817383,16369700,0.0,0.0
2017-03-13 00:00:00-04:00,41.91999816894531,42.119998931884766,41.84000015258789,42.029998779296875,32.67329788208008,12831500,0.37,0.0
2017-03-14 00:00:00-04:00,41.97999954223633,42.099998474121094,41.83000183105469,41.970001220703125,32.62665557861328,9844500,0.0,0.0
2017-03-15 00:00:00-04:00,41.97999954223633,42.279998779296875,41.970001220703125,42.119998931884766,32.74327087402344,22757800,0.0,0.0
2017-03-16 00:00:00-04:00,42.029998779296875,42.38999938964844,41.900001525878906,42.25,32.84432601928711,16004200,0.0,0.0
2017-03-17 00:00:00-04:00,42.279998779296875,42.349998474121094,42.0099983215332,42.029998779296875,32.67329788208008,37526500,0.0,0.0
2017-03-20 00:00:00-04:00,42.099998474121094,42.34000015258789,42.06999969482422,42.18000030517578,32.78990173339844,11484200,0.0,0.0
2017-03-21 00:00:00-04:00,42.310001373291016,42.630001068115234,42.209999084472656,42.5,33.038665771484375,17187300,0.0,0.0
2017-03-22 00:00:00-04:00,42.560001373291016,42.70000076293945,42.25,42.380001068115234,32.94537353515625,11605500,0.0,0.0
2017-03-23 00:00:00-04:00,42.209999084472656,42.38999938964844,42.060001373291016,42.16999816894531,32.782127380371094,11503300,0.0,0.0
2017-03-24 00:00:00-04:00,42.22999954223633,42.25,41.90999984741211,42.119998931884766,32.74327087402344,13804400,0.0,0.0
2017-03-27 00:00:00-04:00,42.11000061035156,42.34000015258789,42.04999923706055,42.31999969482422,32.89873123168945,12387400,0.0,0.0
2017-03-28 00:00:00-04:00,42.2400016784668,42.560001373291016,42.2400016784668,42.43000030517578,32.9842414855957,14123800,0.0,0.0
2017-03-29 00:00:00-04:00,42.5099983215332,42.529998779296875,42.290000915527344,42.41999816894531,32.976470947265625,9580100,0.0,0.0
2017-03-30 00:00:00-04:00,42.349998474121094,42.619998931884766,42.2599983215332,42.599998474121094,33.11640548706055,11999900,0.0,0.0
2017-03-31 00:00:00-04:00,42.54999923706055,42.650001525878906,42.43000030517578,42.439998626708984,32.99201965332031,11551800,0.0,0.0
2017-04-03 00:00:00-04:00,42.58000183105469,42.630001068115234,42.27000045776367,42.40999984741211,32.96870040893555,11240000,0.0,0.0
2017-04-04 00:00:00-04:00,42.5099983215332,42.689998626708984,42.369998931884766,42.68000030517578,33.178592681884766,10946200,0.0,0.0
2017-04-05 00:00:00-04:00,42.650001525878906,42.86000061035156,42.529998779296875,42.56999969482422,33.093082427978516,10142800,0.0,0.0
2017-04-06 00:00:00-04:00,42.58000183105469,42.7599983215332,42.470001220703125,42.66999816894531,33.17081832885742,14597800,0.0,0.0
2017-04-07 00:00:00-04:00,42.63999938964844,42.7400016784668,42.5099983215332,42.61000061035156,33.124176025390625,11028800,0.0,0.0
2017-04-10 00:00:00-04:00,42.72999954223633,42.79999923706055,42.560001373291016,42.689998626708984,33.186370849609375,9426900,0.0,0.0
2017-04-11 00:00:00-04:00,42.68000030517578,42.75,42.52000045776367,42.65999984741211,33.163055419921875,8909400,0.0,0.0
2017-04-12 00:00:00-04:00,42.540000915527344,42.9900016784668,42.5099983215332,42.939998626708984,33.380699157714844,13417200,0.0,0.0
2017-04-13 00:00:00-04:00,42.869998931884766,43.08000183105469,42.779998779296875,42.790000915527344,33.26410675048828,9891900,0.0,0.0
2017-04-17 00:00:00-04:00,42.790000915527344,43.06999969482422,42.779998779296875,43.06999969482422,33.48176193237305,11318100,0.0,0.0
2017-04-18 00:00:00-04:00,43.11000061035156,43.59000015258789,43.09000015258789,43.47999954223633,33.80050277709961,13181600,0.0,0.0
2017-04-19 00:00:00-04:00,43.7400016784668,43.790000915527344,43.189998626708984,43.22999954223633,33.60615158081055,13893100,0.0,0.0
2017-04-20 00:00:00-04:00,43.20000076293945,43.29999923706055,43.04999923706055,43.09000015258789,33.4973258972168,10838300,0.0,0.0
2017-04-21 00:00:00-04:00,42.97999954223633,43.099998474121094,42.88999938964844,43.06999969482422,33.48176193237305,13833800,0.0,0.0
2017-04-24 00:00:00-04:00,43.2400016784668,43.43000030517578,43.150001525878906,43.279998779296875,33.645023345947266,16703800,0.0,0.0
2017-04-25 00:00:00-04:00,42.849998474121094,43.43000030517578,42.81999969482422,43.11000061035156,33.51286697387695,18745100,0.0,0.0
2017-04-26 00:00:00-04:00,43.060001373291016,43.43000030517578,42.97999954223633,43.2400016784668,33.613929748535156,13626600,0.0,0.0
2017-04-27 00:00:00-04:00,43.16999816894531,43.279998779296875,42.91999816894531,43.0099983215332,33.43512725830078,10386200,0.0,0.0
2017-04-28 00:00:00-04:00,42.959999084472656,43.20000076293945,42.849998474121094,43.150001525878906,33.54396438598633,10337800,0.0,0.0
2017-05-01 00:00:00-04:00,43.150001525878906,43.5,43.099998474121094,43.220001220703125,33.59838104248047,13208200,0.0,0.0
2017-05-02 00:00:00-04:00,43.220001220703125,43.439998626708984,43.15999984741211,43.38999938964844,33.73052978515625,11823900,0.0,0.0
2017-05-03 00:00:00-04:00,43.33000183105469,43.4900016784668,43.150001525878906,43.31999969482422,33.676109313964844,10389000,0.0,0.0
2017-05-04 00:00:00-04:00,43.41999816894531,43.810001373291016,43.400001525878906,43.65999984741211,33.9404296875,10193100,0.0,0.0
2017-05-05 00:00:00-04:00,43.790000915527344,43.84000015258789,43.560001373291016,43.689998626708984,33.963748931884766,8133000,0.0,0.0
2017-05-08 00:00:00-04:00,43.59000015258789,43.90999984741211,43.540000915527344,43.88999938964844,34.11922073364258,14284300,0.0,0.0
2017-05-09 00:00:00-04:00,43.88999938964844,43.88999938964844,43.380001068115234,43.5099983215332,33.82381057739258,8694400,0.0,0.0
2017-05-10 00:00:00-04:00,43.47999954223633,43.619998931884766,43.36000061035156,43.56999969482422,33.870460510253906,7597700,0.0,0.0
2017-05-11 00:00:00-04:00,43.4900016784668,43.68000030517578,43.43000030517578,43.66999816894531,33.948204040527344,6860100,0.0,0.0
2017-05-12 00:00:00-04:00,43.63999938964844,43.68000030517578,43.459999084472656,43.59000015258789,33.88600158691406,7275800,0.0,0.0
2017-05-15 00:00:00-04:00,43.459999084472656,43.7599983215332,43.459999084472656,43.72999954223633,33.99484634399414,8493000,0.0,0.0
2017-05-16 00:00:00-04:00,43.869998931884766,44.11000061035156,43.77000045776367,43.849998474121094,34.088130950927734,10454100,0.0,0.0
2017-05-17 00:00:00-04:00,43.849998474121094,44.16999816894531,43.709999084472656,43.93000030517578,34.15032196044922,14538800,0.0,0.0
2017-05-18 00:00:00-04:00,43.869998931884766,43.959999084472656,43.63999938964844,43.79999923706055,34.04926300048828,13832200,0.0,0.0
2017-05-19 00:00:00-04:00,43.849998474121094,44.0,43.7599983215332,43.900001525878906,34.12699508666992,11796800,0.0,0.0
2017-05-22 00:00:00-04:00,43.88999938964844,44.220001220703125,43.810001373291016,44.18000030517578,34.34465789794922,12857900,0.0,0.0
2017-05-23 00:00:00-04:00,44.25,44.599998474121094,44.209999084472656,44.38999938964844,34.50790786743164,11996100,0.0,0.0
2017-05-24 00:00:00-04:00,44.5099983215332,45.09000015258789,44.5099983215332,45.029998779296875,35.00543975830078,12738300,0.0,0.0
2017-05-25 00:00:00-04:00,45.0,45.47999954223633,44.970001220703125,45.40999984741211,35.30084228515625,16704200,0.0,0.0
2017-05-26 00:00:00-04:00,45.349998474121094,45.560001373291016,45.33000183105469,45.38999938964844,35.28529739379883,11341400,0.0,0.0
2017-05-30 00:00:00-04:00,45.15999984741211,45.459999084472656,45.11000061035156,45.43000030517578,35.31638717651367,13093500,0.0,0.0
2017-05-31 00:00:00-04:00,45.43000030517578,45.70000076293945,45.369998931884766,45.470001220703125,35.34748458862305,14148000,0.0,0.0
2017-06-01 00:00:00-04:00,45.45000076293945,45.790000915527344,45.22999954223633,45.790000915527344,35.59625244140625,11049300,0.0,0.0
2017-06-02 00:00:00-04:00,45.83000183105469,45.88999938964844,45.61000061035156,45.88999938964844,35.673980712890625,9923700,0.0,0.0
2017-06-05 00:00:00-04:00,45.779998779296875,45.9900016784668,45.689998626708984,45.9900016784668,35.75172424316406,10015200,0.0,0.0
2017-06-06 00:00:00-04:00,45.900001525878906,46.060001373291016,45.779998779296875,45.97999954223633,35.74394607543945,9836700,0.0,0.0
2017-06-07 00:00:00-04:00,45.5,45.70000076293945,45.349998474121094,45.5099983215332,35.378570556640625,12776300,0.0,0.0
2017-06-08 00:00:00-04:00,45.5099983215332,45.5099983215332,45.029998779296875,45.130001068115234,35.08317947387695,12879000,0.0,0.0
2017-06-09 00:00:00-04:00,45.060001373291016,45.349998474121094,44.970001220703125,45.31999969482422,35.23089599609375,9358800,0.0,0.0
2017-06-12 00:00:00-04:00,45.31999969482422,45.47999954223633,45.20000076293945,45.33000183105469,35.2386589050293,11228500,0.0,0.0
2017-06-13 00:00:00-04:00,45.0,45.11000061035156,44.79999923706055,45.029998779296875,35.293521881103516,10023400,0.37,0.0
2017-06-14 00:00:00-04:00,45.18000030517578,45.470001220703125,45.15999984741211,45.29999923706055,35.50513458251953,11497500,0.0,0.0
2017-06-15 00:00:00-04:00,45.18000030517578,45.34000015258789,45.040000915527344,45.25,35.465946197509766,9908700,0.0,0.0
2017-06-16 00:00:00-04:00,45.310001373291016,45.349998474121094,45.0099983215332,45.310001373291016,35.51298522949219,27025300,0.0,0.0
2017-06-19 00:00:00-04:00,45.349998474121094,45.380001068115234,45.099998474121094,45.380001068115234,35.56784439086914,7624700,0.0,0.0
2017-06-20 00:00:00-04:00,45.349998474121094,45.869998931884766,45.31999969482422,45.61000061035156,35.74810791015625,14920900,0.0,0.0
2017-06-21 00:00:00-04:00,45.619998931884766,45.68000030517578,45.16999816894531,45.220001220703125,35.442440032958984,9515800,0.0,0.0
2017-06-22 00:00:00-04:00,45.16999816894531,45.279998779296875,45.029998779296875,45.06999969482422,35.324859619140625,7446300,0.0,0.0
2017-06-23 00:00:00-04:00,45.04999923706055,45.380001068115234,45.029998779296875,45.25,35.465946197509766,9544800,0.0,0.0
2017-06-26 00:00:00-04:00,45.31999969482422,45.5099983215332,45.29999923706055,45.43000030517578,35.607025146484375,7747100,0.0,0.0
2017-06-27 00:00:00-04:00,45.34000015258789,45.400001525878906,45.0,45.04999923706055,35.30918884277344,11432200,0.0,0.0
2017-06-28 00:00:00-04:00,45.25,45.5,45.22999954223633,45.31999969482422,35.52082824707031,9218800,0.0,0.0
2017-06-29 00:00:00-04:00,45.130001068115234,45.2400016784668,44.650001525878906,44.83000183105469,35.13676834106445,9283500,0.0,0.0
2017-06-30 00:00:00-04:00,44.88999938964844,45.119998931884766,44.849998474121094,44.849998474121094,35.15243148803711,9352800,0.0,0.0
2017-07-03 00:00:00-04:00,45.11000061035156,45.27000045776367,44.7599983215332,44.7599983215332,35.08189392089844,6434500,0.0,0.0
2017-07-05 00:00:00-04:00,44.790000915527344,44.9900016784668,44.72999954223633,44.81999969482422,35.128936767578125,6853600,0.0,0.0
2017-07-06 00:00:00-04:00,44.720001220703125,44.849998474121094,44.290000915527344,44.400001525878906,34.799739837646484,13113000,0.0,0.0
2017-07-07 00:00:00-04:00,44.470001220703125,44.52000045776367,44.2400016784668,44.38999938964844,34.79188919067383,9566000,0.0,0.0
2017-07-10 00:00:00-04:00,44.45000076293945,44.58000183105469,44.22999954223633,44.380001068115234,34.7840576171875,9672000,0.0,0.0
2017-07-11 00:00:00-04:00,44.31999969482422,44.47999954223633,44.150001525878906,44.33000183105469,34.744876861572266,10300700,0.0,0.0
2017-07-12 00:00:00-04:00,44.59000015258789,44.77000045776367,44.439998626708984,44.5099983215332,34.88595199584961,7737400,0.0,0.0
2017-07-13 00:00:00-04:00,44.4900016784668,44.529998779296875,44.369998931884766,44.43000030517578,34.8232536315918,6371900,0.0,0.0
2017-07-14 00:00:00-04:00,44.52000045776367,44.720001220703125,44.5,44.68000030517578,35.019195556640625,8558700,0.0,0.0
2017-07-17 00:00:00-04:00,44.65999984741211,44.790000915527344,44.61000061035156,44.72999954223633,35.05838394165039,7189200,0.0,0.0
2017-07-18 00:00:00-04:00,44.779998779296875,44.849998474121094,44.619998931884766,44.66999816894531,35.011356353759766,9037200,0.0,0.0
2017-07-19 00:00:00-04:00,44.66999816894531,44.84000015258789,44.54999923706055,44.83000183105469,35.13676834106445,6986900,0.0,0.0
2017-07-20 00:00:00-04:00,44.900001525878906,44.97999954223633,44.75,44.81999969482422,35.128936767578125,7430300,0.0,0.0
2017-07-21 00:00:00-04:00,44.779998779296875,45.06999969482422,44.66999816894531,45.029998779296875,35.293521881103516,8545600,0.0,0.0
2017-07-24 00:00:00-04:00,45.040000915527344,45.04999923706055,44.83000183105469,44.84000015258789,35.14459991455078,9103600,0.0,0.0
2017-07-25 00:00:00-04:00,45.02000045776367,45.290000915527344,44.939998626708984,45.2400016784668,35.45810317993164,14096300,0.0,0.0
2017-07-26 00:00:00-04:00,44.54999923706055,45.790000915527344,44.310001373291016,45.7400016784668,35.849998474121094,13608900,0.0,0.0
2017-07-27 00:00:00-04:00,45.79999923706055,46.43000030517578,45.70000076293945,46.119998931884766,36.147830963134766,15195200,0.0,0.0
2017-07-28 00:00:00-04:00,46.0,46.119998931884766,45.72999954223633,46.0099983215332,36.061622619628906,11945300,0.0,0.0
2017-07-31 00:00:00-04:00,46.0,46.08000183105469,45.790000915527344,45.84000015258789,35.928367614746094,13622900,0.0,0.0
2017-08-01 00:00:00-04:00,45.970001220703125,46.060001373291016,45.650001525878906,45.70000076293945,35.81864547729492,10306800,0.0,0.0
2017-08-02 00:00:00-04:00,45.599998474121094,46.0,45.380001068115234,45.59000015258789,35.73244094848633,10187900,0.0,0.0
2017-08-03 00:00:00-04:00,45.650001525878906,45.95000076293945,45.630001068115234,45.66999816894531,35.79512405395508,14261400,0.0,0.0
2017-08-04 00:00:00-04:00,45.66999816894531,45.7599983215332,45.470001220703125,45.5,35.66188430786133,9523600,0.0,0.0
2017-08-07 00:00:00-04:00,45.52000045776367,45.7599983215332,45.5,45.63999938964844,35.7716178894043,6226300,0.0,0.0
2017-08-08 00:00:00-04:00,45.63999938964844,45.81999969482422,45.54999923706055,45.599998474121094,35.740272521972656,5747900,0.0,0.0
2017-08-09 00:00:00-04:00,45.560001373291016,45.65999984741211,45.33000183105469,45.59000015258789,35.73244094848633,9635300,0.0,0.0
2017-08-10 00:00:00-04:00,45.560001373291016,45.84000015258789,45.459999084472656,45.7400016784668,35.849998474121094,8901600,0.0,0.0
2017-08-11 00:00:00-04:00,45.86000061035156,45.900001525878906,45.56999969482422,45.59000015258789,35.73244094848633,8357600,0.0,0.0
2017-08-14 00:00:00-04:00,45.66999816894531,45.939998626708984,45.619998931884766,45.79999923706055,35.897029876708984,8421200,0.0,0.0
2017-08-15 00:00:00-04:00,45.79999923706055,46.25,45.79999923706055,46.189998626708984,36.202701568603516,9638100,0.0,0.0
2017-08-16 00:00:00-04:00,46.150001525878906,46.34000015258789,46.119998931884766,46.20000076293945,36.210540771484375,8087300,0.0,0.0
2017-08-17 00:00:00-04:00,46.119998931884766,46.33000183105469,45.849998474121094,45.86000061035156,35.94404602050781,8477000,0.0,0.0
2017-08-18 00:00:00-04:00,45.79999923706055,45.900001525878906,45.630001068115234,45.66999816894531,35.79512405395508,10879800,0.0,0.0
2017-08-21 00:00:00-04:00,45.66999816894531,45.79999923706055,45.560001373291016,45.68000030517578,35.802974700927734,9429700,0.0,0.0
2017-08-22 00:00:00-04:00,45.70000076293945,45.75,45.540000915527344,45.599998474121094,35.740272521972656,10536700,0.0,0.0
2017-08-23 00:00:00-04:00,45.630001068115234,45.65999984741211,45.439998626708984,45.540000915527344,35.69324493408203,6528400,0.0,0.0
2017-08-24 00:00:00-04:00,45.540000915527344,45.61000061035156,45.310001373291016,45.40999984741211,35.59135437011719,7534400,0.0,0.0
2017-08-25 00:00:00-04:00,45.599998474121094,45.7599983215332,45.560001373291016,45.56999969482422,35.71674728393555,8807100,0.0,0.0
2017-08-28 00:00:00-04:00,45.630001068115234,45.689998626708984,45.380001068115234,45.41999816894531,35.599178314208984,8024000,0.0,0.0
2017-08-29 00:00:00-04:00,45.400001525878906,45.56999969482422,45.25,45.45000076293945,35.62270736694336,7762200,0.0,0.0
2017-08-30 00:00:00-04:00,45.36000061035156,45.540000915527344,45.290000915527344,45.38999938964844,35.575679779052734,7134900,0.0,0.0
2017-08-31 00:00:00-04:00,45.400001525878906,45.650001525878906,45.34000015258789,45.54999923706055,35.70108413696289,14264600,0.0,0.0
2017-09-01 00:00:00-04:00,45.63999938964844,45.79999923706055,45.540000915527344,45.779998779296875,35.8813591003418,7391200,0.0,0.0
2017-09-05 00:00:00-04:00,45.75,45.93000030517578,45.650001525878906,45.91999816894531,35.99107360839844,9916700,0.0,0.0
2017-09-06 00:00:00-04:00,45.97999954223633,46.040000915527344,45.790000915527344,45.959999084472656,36.02243423461914,9238900,0.0,0.0
2017-09-07 00:00:00-04:00,46.0099983215332,46.31999969482422,45.959999084472656,46.279998779296875,36.27323913574219,9418400,0.0,0.0
2017-09-08 00:00:00-04:00,46.189998626708984,46.369998931884766,46.02000045776367,46.29999923706055,36.28892135620117,10534900,0.0,0.0
2017-09-11 00:00:00-04:00,46.349998474121094,46.59000015258789,46.220001220703125,46.52000045776367,36.461334228515625,10430300,0.0,0.0
2017-09-12 00:00:00-04:00,46.5,46.75,46.45000076293945,46.720001220703125,36.61809539794922,8567600,0.0,0.0
2017-09-13 00:00:00-04:00,46.68000030517578,46.97999954223633,46.650001525878906,46.869998931884766,36.735660552978516,10218000,0.0,0.0
2017-09-14 00:00:00-04:00,46.400001525878906,46.470001220703125,45.939998626708984,46.11000061035156,36.42756271362305,13768800,0.37,0.0
2017-09-15 00:00:00-04:00,46.29999923706055,46.36000061035156,46.0,46.18000030517578,36.482872009277344,16141400,0.0,0.0
2017-09-18 00:00:00-04:00,46.150001525878906,46.2400016784668,45.90999984741211,46.11000061035156,36.42756271362305,8535300,0.0,0.0
2017-09-19 00:00:00-04:00,46.13999938964844,46.189998626708984,45.88999938964844,45.97999954223633,36.32485580444336,7297900,0.0,0.0
2017-09-20 00:00:00-04:00,45.7599983215332,46.150001525878906,45.54999923706055,45.779998779296875,36.16686248779297,11026600,0.0,0.0
2017-09-21 00:00:00-04:00,45.709999084472656,45.790000915527344,45.36000061035156,45.400001525878906,35.86664581298828,7555300,0.0,0.0
2017-09-22 00:00:00-04:00,45.45000076293945,45.630001068115234,45.369998931884766,45.4900016784668,35.9377555847168,8024800,0.0,0.0
2017-09-25 00:00:00-04:00,45.5,45.7599983215332,45.349998474121094,45.689998626708984,36.09575653076172,9215300,0.0,0.0
2017-09-26 00:00:00-04:00,45.689998626708984,45.869998931884766,45.560001373291016,45.56999969482422,36.00096130371094,6480100,0.0,0.0
2017-09-27 00:00:00-04:00,45.470001220703125,45.5,44.380001068115234,44.63999938964844,35.2662467956543,14816200,0.0,0.0
2017-09-28 00:00:00-04:00,44.66999816894531,45.0,44.650001525878906,44.90999984741211,35.47954177856445,8789500,0.0,0.0
2017-09-29 00:00:00-04:00,44.86000061035156,45.11000061035156,44.790000915527344,45.0099983215332,35.55854797363281,10082200,0.0,0.0
2017-10-02 00:00:00-04:00,45.04999923706055,45.27000045776367,44.75,44.79999923706055,35.392642974853516,10707800,0.0,0.0
2017-10-03 00:00:00-04:00,44.86000061035156,45.2599983215332,44.7599983215332,45.189998626708984,35.700748443603516,12038100,0.0,0.0
2017-10-04 00:00:00-04:00,45.11000061035156,45.560001373291016,44.939998626708984,45.5,35.945655822753906,14060300,0.0,0.0
2017-10-05 00:00:00-04:00,45.5099983215332,45.75,45.5,45.52000045776367,35.961456298828125,10215300,0.0,0.0
2017-10-06 00:00:00-04:00,45.38999938964844,45.52000045776367,45.279998779296875,45.4900016784668,35.9377555847168,5437900,0.0,0.0
2017-10-09 00:00:00-04:00,45.54999923706055,45.650001525878906,45.34000015258789,45.40999984741211,35.874542236328125,5268300,0.0,0.0
2017-10-10 00:00:00-04:00,45.599998474121094,45.900001525878906,45.529998779296875,45.869998931884766,36.237953186035156,6310400,0.0,0.0
2017-10-11 00:00:00-04:00,45.880001068115234,46.099998474121094,45.869998931884766,46.099998474121094,36.419654846191406,6638200,0.0,0.0
2017-10-12 00:00:00-04:00,45.97999954223633,46.13999938964844,45.939998626708984,46.11000061035156,36.42756271362305,7710200,0.0,0.0
2017-10-13 00:00:00-04:00,46.25,46.380001068115234,46.150001525878906,46.18000030517578,36.482872009277344,7126000,0.0,0.0
2017-10-16 00:00:00-04:00,46.119998931884766,46.75,46.099998474121094,46.619998931884766,36.830467224121094,12708600,0.0,0.0
2017-10-17 00:00:00-04:00,46.529998779296875,46.630001068115234,46.310001373291016,46.52000045776367,36.751468658447266,7699400,0.0,0.0
2017-10-18 00:00:00-04:00,46.40999984741211,46.540000915527344,46.2400016784668,46.400001525878906,36.65666580200195,6272200,0.0,0.0
2017-10-19 00:00:00-04:00,46.369998931884766,46.790000915527344,46.31999969482422,46.59000015258789,36.8067626953125,7515500,0.0,0.0
2017-10-20 00:00:00-04:00,46.58000183105469,46.59000015258789,46.279998779296875,46.380001068115234,36.6408576965332,9646800,0.0,0.0
2017-10-23 00:00:00-04:00,46.380001068115234,46.650001525878906,46.22999954223633,46.31999969482422,36.59346008300781,7153600,0.0,0.0
2017-10-24 00:00:00-04:00,46.2599983215332,46.290000915527344,45.95000076293945,46.18000030517578,36.482872009277344,9539500,0.0,0.0
2017-10-25 00:00:00-04:00,46.369998931884766,46.7599983215332,45.93000030517578,46.04999923706055,36.380157470703125,11994200,0.0,0.0
2017-10-26 00:00:00-04:00,46.31999969482422,46.75,46.220001220703125,46.22999954223633,36.522361755371094,10569100,0.0,0.0
2017-10-27 00:00:00-04:00,46.130001068115234,46.33000183105469,45.90999984741211,46.06999969482422,36.395957946777344,9988000,0.0,0.0
2017-10-30 00:00:00-04:00,46.0,46.06999969482422,45.81999969482422,45.86000061035156,36.23005294799805,7201900,0.0,0.0
2017-10-31 00:00:00-04:00,45.91999816894531,46.16999816894531,45.84000015258789,45.97999954223633,36.32485580444336,6560500,0.0,0.0
2017-11-01 00:00:00-04:00,45.75,46.09000015258789,45.630001068115234,45.79999923706055,36.18266296386719,7067600,0.0,0.0
2017-11-02 00:00:00-04:00,45.810001373291016,45.95000076293945,45.75,45.880001068115234,36.24585723876953,8317800,0.0,0.0
2017-11-03 00:00:00-04:00,45.970001220703125,46.15999984741211,45.91999816894531,45.970001220703125,36.31696701049805,4730400,0.0,0.0
2017-11-06 00:00:00-05:00,45.90999984741211,45.91999816894531,45.41999816894531,45.470001220703125,35.92194366455078,7451300,0.0,0.0
2017-11-07 00:00:00-05:00,45.40999984741211,45.95000076293945,45.310001373291016,45.939998626708984,36.29326629638672,9868000,0.0,0.0
2017-11-08 00:00:00-05:00,45.97999954223633,46.189998626708984,45.869998931884766,46.18000030517578,36.482872009277344,7586900,0.0,0.0
2017-11-09 00:00:00-05:00,46.119998931884766,46.38999938964844,46.02000045776367,46.22999954223633,36.522361755371094,6532400,0.0,0.0
2017-11-10 00:00:00-05:00,46.20000076293945,46.63999938964844,46.13999938964844,46.540000915527344,36.76727294921875,8022900,0.0,0.0
2017-11-13 00:00:00-05:00,46.599998474121094,46.81999969482422,46.540000915527344,46.720001220703125,36.90946578979492,7653600,0.0,0.0
2017-11-14 00:00:00-05:00,46.709999084472656,47.47999954223633,46.619998931884766,47.43000030517578,37.47037887573242,17200700,0.0,0.0
2017-11-15 00:00:00-05:00,47.31999969482422,47.459999084472656,46.779998779296875,46.810001373291016,36.98057556152344,12419100,0.0,0.0
2017-11-16 00:00:00-05:00,46.95000076293945,46.97999954223633,46.5099983215332,46.54999923706055,36.775177001953125,12506400,0.0,0.0
2017-11-17 00:00:00-05:00,46.34000015258789,46.380001068115234,45.25,45.709999084472656,36.11155319213867,19720700,0.0,0.0
2017-11-20 00:00:00-05:00,45.650001525878906,45.880001068115234,45.41999816894531,45.459999084472656,35.91404342651367,19160900,0.0,0.0
2017-11-21 00:00:00-05:00,45.560001373291016,45.95000076293945,45.540000915527344,45.779998779296875,36.16686248779297,10280800,0.0,0.0
2017-11-22 00:00:00-05:00,45.88999938964844,45.93000030517578,45.540000915527344,45.84000015258789,36.21425247192383,8434400,0.0,0.0
2017-11-24 00:00:00-05:00,45.88999938964844,46.04999923706055,45.86000061035156,45.880001068115234,36.24585723876953,2996300,0.0,0.0
2017-11-27 00:00:00-05:00,45.880001068115234,45.9900016784668,45.810001373291016,45.900001525878906,36.26165771484375,5649200,0.0,0.0
2017-11-28 00:00:00-05:00,45.9900016784668,46.150001525878906,45.779998779296875,45.83000183105469,36.206363677978516,8432800,0.0,0.0
2017-11-29 00:00:00-05:00,45.77000045776367,45.81999969482422,45.209999084472656,45.5,35.945655822753906,16502100,0.0,0.0
2017-11-30 00:00:00-05:00,45.13999938964844,45.84000015258789,45.029998779296875,45.77000045776367,36.455406188964844,17147600,0.37,0.0
2017-12-01 00:00:00-05:00,45.79999923706055,46.02000045776367,45.209999084472656,45.970001220703125,36.61471176147461,12468800,0.0,0.0
2017-12-04 00:00:00-05:00,45.9900016784668,46.380001068115234,45.77000045776367,46.22999954223633,36.82179260253906,17523600,0.0,0.0
2017-12-05 00:00:00-05:00,46.25,46.439998626708984,46.060001373291016,46.2599983215332,36.845680236816406,13670800,0.0,0.0
2017-12-06 00:00:00-05:00,46.36000061035156,46.47999954223633,46.2599983215332,46.45000076293945,36.99702453613281,8154000,0.0,0.0
2017-12-07 00:00:00-05:00,46.290000915527344,46.31999969482422,45.720001220703125,45.779998779296875,36.463382720947266,9106500,0.0,0.0
2017-12-08 00:00:00-05:00,45.70000076293945,45.72999954223633,45.04999923706055,45.310001373291016,36.08902359008789,13238600,0.0,0.0
2017-12-11 00:00:00-05:00,45.310001373291016,45.40999984741211,44.91999816894531,45.33000183105469,36.10495376586914,9698700,0.0,0.0
2017-12-12 00:00:00-05:00,45.25,45.52000045776367,45.060001373291016,45.290000915527344,36.073097229003906,13999300,0.0,0.0
2017-12-13 00:00:00-05:00,45.45000076293945,46.04999923706055,45.400001525878906,45.900001525878906,36.5589485168457,12418700,0.0,0.0
2017-12-14 00:00:00-05:00,45.810001373291016,46.16999816894531,45.79999923706055,46.029998779296875,36.66249465942383,9029000,0.0,0.0
2017-12-15 00:00:00-05:00,46.290000915527344,46.41999816894531,46.040000915527344,46.189998626708984,36.78993225097656,21181600,0.0,0.0
2017-12-18 00:00:00-05:00,46.20000076293945,46.380001068115234,45.90999984741211,45.93000030517578,36.58284378051758,10156800,0.0,0.0
2017-12-19 00:00:00-05:00,46.040000915527344,46.380001068115234,45.90999984741211,46.130001068115234,36.74214553833008,8253200,0.0,0.0
2017-12-20 00:00:00-05:00,46.209999084472656,46.29999923706055,45.959999084472656,46.08000183105469,36.70232009887695,7311000,0.0,0.0
2017-12-21 00:00:00-05:00,46.13999938964844,46.220001220703125,45.560001373291016,45.599998474121094,36.320003509521484,9657100,0.0,0.0
2017-12-22 00:00:00-05:00,45.689998626708984,45.72999954223633,45.54999923706055,45.59000015258789,36.312034606933594,5406300,0.0,0.0
2017-12-26 00:00:00-05:00,45.70000076293945,45.86000061035156,45.61000061035156,45.810001373291016,36.487266540527344,6100400,0.0,0.0
2017-12-27 00:00:00-05:00,45.900001525878906,45.939998626708984,45.720001220703125,45.93000030517578,36.58284378051758,5660600,0.0,0.0
2017-12-28 00:00:00-05:00,45.90999984741211,45.9900016784668,45.63999938964844,45.720001220703125,36.41558074951172,6538900,0.0,0.0
2017-12-29 00:00:00-05:00,45.70000076293945,46.18000030517578,45.689998626708984,45.880001068115234,36.54301834106445,8371500,0.0,0.0
2018-01-02 00:00:00-05:00,45.90999984741211,45.939998626708984,45.5099983215332,45.540000915527344,36.27220916748047,10872200,0.0,0.0
2018-01-03 00:00:00-05:00,45.4900016784668,45.689998626708984,45.34000015258789,45.439998626708984,36.192569732666016,12635600,0.0,0.0
2018-01-04 00:00:00-05:00,45.560001373291016,46.220001220703125,45.45000076293945,46.08000183105469,36.70232009887695,12709400,0.0,0.0
2018-01-05 00:00:00-05:00,46.02000045776367,46.20000076293945,45.790000915527344,46.06999969482422,36.6943473815918,13113100,0.0,0.0
2018-01-08 00:00:00-05:00,45.95000076293945,46.099998474121094,45.880001068115234,46.0,36.63859939575195,7068600,0.0,0.0
2018-01-09 00:00:00-05:00,46.0,46.36000061035156,45.939998626708984,46.22999954223633,36.82179260253906,9962400,0.0,0.0
2018-01-10 00:00:00-05:00,46.22999954223633,46.2599983215332,45.93000030517578,46.06999969482422,36.6943473815918,10700700,0.0,0.0
2018-01-11 00:00:00-05:00,46.22999954223633,46.22999954223633,45.86000061035156,46.040000915527344,36.67045593261719,7583200,0.0,0.0
2018-01-12 00:00:00-05:00,46.279998779296875,46.38999938964844,46.029998779296875,46.150001525878906,36.758079528808594,14570100,0.0,0.0
2018-01-16 00:00:00-05:00,46.150001525878906,46.619998931884766,46.13999938964844,46.529998779296875,37.06074523925781,16459300,0.0,0.0
2018-01-17 00:00:00-05:00,46.58000183105469,47.0,46.54999923706055,46.81999969482422,37.291725158691406,12143100,0.0,0.0
2018-01-18 00:00:00-05:00,46.75,47.06999969482422,46.61000061035156,46.880001068115234,37.33951187133789,11952900,0.0,0.0
2018-01-19 00:00:00-05:00,46.9900016784668,47.25,46.869998931884766,47.15999984741211,37.562530517578125,16187400,0.0,0.0
2018-01-22 00:00:00-05:00,47.13999938964844,47.5,47.09000015258789,47.380001068115234,37.73776626586914,9577400,0.0,0.0
2018-01-23 00:00:00-05:00,47.209999084472656,47.70000076293945,47.130001068115234,47.45000076293945,37.79350662231445,11463700,0.0,0.0
2018-01-24 00:00:00-05:00,47.529998779296875,47.95000076293945,47.47999954223633,47.83000183105469,38.09618377685547,15964500,0.0,0.0
2018-01-25 00:00:00-05:00,47.70000076293945,48.0,47.70000076293945,47.84000015258789,38.10415267944336,11755000,0.0,0.0
2018-01-26 00:00:00-05:00,47.779998779296875,48.619998931884766,47.7400016784668,48.529998779296875,38.653717041015625,16671200,0.0,0.0
2018-01-29 00:00:00-05:00,48.209999084472656,48.459999084472656,47.58000183105469,47.70000076293945,37.99264907836914,11662600,0.0,0.0
2018-01-30 00:00:00-05:00,47.72999954223633,48.15999984741211,47.400001525878906,47.40999984741211,37.76165008544922,12404800,0.0,0.0
2018-01-31 00:00:00-05:00,47.45000076293945,47.900001525878906,47.369998931884766,47.59000015258789,37.90501022338867,10960100,0.0,0.0
2018-02-01 00:00:00-05:00,47.40999984741211,47.72999954223633,47.11000061035156,47.45000076293945,37.79350662231445,10279400,0.0,0.0
2018-02-02 00:00:00-05:00,47.349998474121094,47.40999984741211,46.630001068115234,46.72999954223633,37.22003936767578,12912300,0.0,0.0
2018-02-05 00:00:00-05:00,46.650001525878906,46.91999816894531,44.40999984741211,44.88999938964844,35.754493713378906,23261500,0.0,0.0
2018-02-06 00:00:00-05:00,43.869998931884766,44.7400016784668,43.439998626708984,44.66999816894531,35.57925796508789,25184300,0.0,0.0
2018-02-07 00:00:00-05:00,44.58000183105469,45.5,44.279998779296875,44.560001373291016,35.491661071777344,18041600,0.0,0.0
2018-02-08 00:00:00-05:00,44.619998931884766,44.619998931884766,43.06999969482422,43.099998474121094,34.32876205444336,23295300,0.0,0.0
2018-02-09 00:00:00-05:00,43.36000061035156,43.459999084472656,42.189998626708984,43.130001068115234,34.352664947509766,22853100,0.0,0.0
2018-02-12 00:00:00-05:00,43.560001373291016,44.22999954223633,43.369998931884766,43.970001220703125,35.021724700927734,14689000,0.0,0.0
2018-02-13 00:00:00-05:00,43.91999816894531,44.40999984741211,43.689998626708984,44.189998626708984,35.19695281982422,13163200,0.0,0.0
2018-02-14 00:00:00-05:00,44.02000045776367,44.189998626708984,43.630001068115234,44.099998474121094,35.125267028808594,13457900,0.0,0.0
2018-02-15 00:00:00-05:00,44.25,44.83000183105469,44.119998931884766,44.779998779296875,35.66687774658203,13467300,0.0,0.0
2018-02-16 00:00:00-05:00,45.56999969482422,45.63999938964844,44.720001220703125,44.97999954223633,35.826171875,17202300,0.0,0.0
2018-02-20 00:00:00-05:00,44.75,44.83000183105469,43.939998626708984,43.9900016784668,35.037662506103516,14137300,0.0,0.0
2018-02-21 00:00:00-05:00,44.11000061035156,44.2599983215332,43.33000183105469,43.34000015258789,34.519935607910156,12792900,0.0,0.0
2018-02-22 00:00:00-05:00,43.43000030517578,43.81999969482422,43.220001220703125,43.52000045776367,34.66330337524414,12377800,0.0,0.0
2018-02-23 00:00:00-05:00,43.58000183105469,44.060001373291016,43.41999816894531,44.040000915527344,35.077484130859375,8277200,0.0,0.0
2018-02-26 00:00:00-05:00,44.22999954223633,44.38999938964844,43.810001373291016,44.029998779296875,35.06950759887695,12713300,0.0,0.0
2018-02-27 00:00:00-05:00,44.150001525878906,44.310001373291016,43.619998931884766,43.619998931884766,34.742942810058594,12774400,0.0,0.0
2018-02-28 00:00:00-05:00,43.83000183105469,43.90999984741211,43.220001220703125,43.220001220703125,34.42435836791992,11929400,0.0,0.0
2018-03-01 00:00:00-05:00,43.099998474121094,43.63999938964844,42.81999969482422,43.43000030517578,34.591617584228516,17746800,0.0,0.0
2018-03-02 00:00:00-05:00,43.25,43.79999923706055,43.2400016784668,43.720001220703125,34.82261276245117,14050100,0.0,0.0
2018-03-05 00:00:00-05:00,43.56999969482422,43.939998626708984,43.5,43.88999938964844,34.9579963684082,11992700,0.0,0.0
2018-03-06 00:00:00-05:00,43.95000076293945,44.04999923706055,43.59000015258789,43.93000030517578,34.98986053466797,10010500,0.0,0.0
2018-03-07 00:00:00-05:00,43.59000015258789,43.91999816894531,43.470001220703125,43.81999969482422,34.90224838256836,10881700,0.0,0.0
2018-03-08 00:00:00-05:00,43.900001525878906,44.459999084472656,43.79999923706055,44.45000076293945,35.4040412902832,12361100,0.0,0.0
2018-03-09 00:00:00-05:00,44.56999969482422,44.81999969482422,44.38999938964844,44.81999969482422,35.69874572753906,9778600,0.0,0.0
2018-03-12 00:00:00-04:00,44.95000076293945,45.09000015258789,44.33000183105469,44.529998779296875,35.4677619934082,11857700,0.0,0.0
2018-03-13 00:00:00-04:00,44.66999816894531,44.83000183105469,44.400001525878906,44.56999969482422,35.49961471557617,11342100,0.0,0.0
2018-03-14 00:00:00-04:00,44.380001068115234,44.43000030517578,43.72999954223633,43.779998779296875,35.17819595336914,15321200,0.39,0.0
2018-03-15 00:00:00-04:00,43.880001068115234,44.0,43.54999923706055,43.66999816894531,35.08981704711914,12456700,0.0,0.0
2018-03-16 00:00:00-04:00,43.70000076293945,44.02000045776367,43.45000076293945,43.459999084472656,34.921085357666016,26603300,0.0,0.0
2018-03-19 00:00:00-04:00,43.459999084472656,43.709999084472656,43.18000030517578,43.2599983215332,34.760379791259766,12380300,0.0,0.0
2018-03-20 00:00:00-04:00,43.31999969482422,43.47999954223633,43.0099983215332,43.15999984741211,34.680023193359375,13559800,0.0,0.0
2018-03-21 00:00:00-04:00,43.130001068115234,43.45000076293945,42.790000915527344,43.0,34.55146408081055,13054000,0.0,0.0
2018-03-22 00:00:00-04:00,42.880001068115234,43.369998931884766,42.70000076293945,42.7599983215332,34.358612060546875,12274100,0.0,0.0
2018-03-23 00:00:00-04:00,42.81999969482422,43.15999984741211,42.290000915527344,42.33000183105469,34.01310348510742,13475200,0.0,0.0
2018-03-26 00:00:00-04:00,42.61000061035156,42.810001373291016,42.25,42.689998626708984,34.3023681640625,11276100,0.0,0.0
2018-03-27 00:00:00-04:00,42.70000076293945,43.310001373291016,42.529998779296875,42.88999938964844,34.46307373046875,11627000,0.0,0.0
2018-03-28 00:00:00-04:00,43.0,43.70000076293945,43.0,43.31999969482422,34.80857849121094,16277400,0.0,0.0
2018-03-29 00:00:00-04:00,43.540000915527344,43.91999816894531,43.290000915527344,43.43000030517578,34.896976470947266,10450500,0.0,0.0
2018-04-02 00:00:00-04:00,43.439998626708984,43.5,42.470001220703125,42.66999816894531,34.28629684448242,14207900,0.0,0.0
2018-04-03 00:00:00-04:00,42.97999954223633,43.540000915527344,42.84000015258789,43.380001068115234,34.85679626464844,15484600,0.0,0.0
2018-04-04 00:00:00-04:00,43.13999938964844,44.400001525878906,43.11000061035156,44.2400016784668,35.547828674316406,13563300,0.0,0.0
2018-04-05 00:00:00-04:00,44.279998779296875,44.61000061035156,43.939998626708984,44.400001525878906,35.676387786865234,11707800,0.0,0.0
2018-04-06 00:00:00-04:00,44.279998779296875,44.52000045776367,43.709999084472656,43.91999816894531,35.29069519042969,11495100,0.0,0.0
2018-04-09 00:00:00-04:00,44.029998779296875,44.310001373291016,43.779998779296875,43.83000183105469,35.218387603759766,11913400,0.0,0.0
2018-04-10 00:00:00-04:00,44.06999969482422,44.18000030517578,43.720001220703125,43.9900016784668,35.34693908691406,10379500,0.0,0.0
2018-04-11 00:00:00-04:00,43.810001373291016,44.13999938964844,43.7599983215332,43.9900016784668,35.34693908691406,8424300,0.0,0.0
2018-04-12 00:00:00-04:00,44.08000183105469,44.40999984741211,43.95000076293945,44.029998779296875,35.37907791137695,8476400,0.0,0.0
2018-04-13 00:00:00-04:00,44.189998626708984,44.689998626708984,44.13999938964844,44.5099983215332,35.7647819519043,10774200,0.0,0.0
2018-04-16 00:00:00-04:00,44.650001525878906,44.88999938964844,44.400001525878906,44.68000030517578,35.90137481689453,8962100,0.0,0.0
2018-04-17 00:00:00-04:00,44.95000076293945,45.029998779296875,44.650001525878906,44.880001068115234,36.06208801269531,8406400,0.0,0.0
2018-04-18 00:00:00-04:00,44.900001525878906,44.970001220703125,44.33000183105469,44.5099983215332,35.7647819519043,7429000,0.0,0.0
2018-04-19 00:00:00-04:00,44.34000015258789,44.470001220703125,44.02000045776367,44.310001373291016,35.60407257080078,10370400,0.0,0.0
2018-04-20 00:00:00-04:00,44.310001373291016,44.40999984741211,43.58000183105469,43.7400016784668,35.14607238769531,14690700,0.0,0.0
2018-04-23 00:00:00-04:00,43.7400016784668,43.9900016784668,43.560001373291016,43.97999954223633,35.33891677856445,11878500,0.0,0.0
2018-04-24 00:00:00-04:00,43.97999954223633,44.099998474121094,42.72999954223633,43.06999969482422,34.607704162597656,18523900,0.0,0.0
2018-04-25 00:00:00-04:00,42.7400016784668,42.88999938964844,41.90999984741211,42.43000030517578,34.093441009521484,20774700,0.0,0.0
2018-04-26 00:00:00-04:00,42.400001525878906,43.099998474121094,42.2599983215332,42.75,34.3505859375,13561000,0.0,0.0
2018-04-27 00:00:00-04:00,42.72999954223633,43.34000015258789,42.709999084472656,43.310001373291016,34.80055236816406,9777900,0.0,0.0
2018-04-30 00:00:00-04:00,43.5,43.689998626708984,42.970001220703125,43.209999084472656,34.72019577026367,16037700,0.0,0.0
2018-05-01 00:00:00-04:00,42.959999084472656,42.9900016784668,42.18000030517578,42.59000015258789,34.222023010253906,11514200,0.0,0.0
2018-05-02 00:00:00-04:00,42.400001525878906,42.59000015258789,41.939998626708984,42.060001373291016,33.79615020751953,13736400,0.0,0.0
2018-05-03 00:00:00-04:00,42.220001220703125,42.400001525878906,41.52000045776367,41.88999938964844,33.65955352783203,18352200,0.0,0.0
2018-05-04 00:00:00-04:00,41.790000915527344,42.5,41.77000045776367,42.36000061035156,34.03721237182617,10946200,0.0,0.0
2018-05-07 00:00:00-04:00,42.34000015258789,42.4900016784668,41.959999084472656,42.13999938964844,33.86042785644531,9336000,0.0,0.0
2018-05-08 00:00:00-04:00,41.970001220703125,42.09000015258789,41.689998626708984,41.810001373291016,33.59526443481445,15062200,0.0,0.0
2018-05-09 00:00:00-04:00,41.970001220703125,42.22999954223633,41.66999816894531,41.779998779296875,33.57115936279297,9295200,0.0,0.0
2018-05-10 00:00:00-04:00,41.9900016784668,42.36000061035156,41.939998626708984,42.18000030517578,33.8925666809082,7924200,0.0,0.0
2018-05-11 00:00:00-04:00,42.2400016784668,42.470001220703125,42.040000915527344,42.13999938964844,33.86042785644531,6331900,0.0,0.0
2018-05-14 00:00:00-04:00,42.25,42.31999969482422,41.900001525878906,42.040000915527344,33.78007888793945,10715500,0.0,0.0
2018-05-15 00:00:00-04:00,41.779998779296875,41.91999816894531,41.45000076293945,41.720001220703125,33.522953033447266,16449700,0.0,0.0
2018-05-16 00:00:00-04:00,41.7400016784668,41.939998626708984,41.540000915527344,41.54999923706055,33.386348724365234,11590500,0.0,0.0
2018-05-17 00:00:00-04:00,42.0099983215332,42.349998474121094,41.869998931884766,42.29999923706055,33.988983154296875,14857400,0.0,0.0
2018-05-18 00:00:00-04:00,42.29999923706055,42.380001068115234,42.08000183105469,42.18000030517578,33.8925666809082,11950200,0.0,0.0
2018-05-21 00:00:00-04:00,42.310001373291016,42.52000045776367,42.27000045776367,42.40999984741211,34.07738494873047,9110200,0.0,0.0
2018-05-22 00:00:00-04:00,42.5,42.599998474121094,42.209999084472656,42.25,33.94881820678711,8222900,0.0,0.0
2018-05-23 00:00:00-04:00,42.25,42.45000076293945,41.93000030517578,42.400001525878906,34.06934356689453,8971400,0.0,0.0
2018-05-24 00:00:00-04:00,42.400001525878906,42.470001220703125,42.189998626708984,42.31999969482422,34.00506591796875,9269600,0.0,0.0
2018-05-25 00:00:00-04:00,42.34000015258789,42.58000183105469,42.20000076293945,42.400001525878906,34.06934356689453,8806500,0.0,0.0
2018-05-29 00:00:00-04:00,42.119998931884766,42.849998474121094,42.099998474121094,42.68000030517578,34.29433059692383,14826900,0.0,0.0
2018-05-30 00:00:00-04:00,42.77000045776367,43.279998779296875,42.70000076293945,43.130001068115234,34.65591812133789,10114200,0.0,0.0
2018-05-31 00:00:00-04:00,43.20000076293945,43.209999084472656,42.68000030517578,43.0,34.55146408081055,15571300,0.0,0.0
2018-06-01 00:00:00-04:00,43.099998474121094,43.31999969482422,43.040000915527344,43.119998931884766,34.64788055419922,10664700,0.0,0.0
2018-06-04 00:00:00-04:00,43.36000061035156,43.59000015258789,43.290000915527344,43.4900016784668,34.94518280029297,11727600,0.0,0.0
2018-06-05 00:00:00-04:00,43.5,43.540000915527344,43.099998474121094,43.11000061035156,34.63984680175781,9975900,0.0,0.0
2018-06-06 00:00:00-04:00,43.060001373291016,43.459999084472656,43.040000915527344,43.459999084472656,34.921085357666016,9202900,0.0,0.0
2018-06-07 00:00:00-04:00,43.33000183105469,43.72999954223633,43.33000183105469,43.439998626708984,34.90501022338867,11948100,0.0,0.0
2018-06-08 00:00:00-04:00,43.56999969482422,44.0,43.560001373291016,43.95000076293945,35.31479263305664,12078800,0.0,0.0
2018-06-11 00:00:00-04:00,43.95000076293945,44.25,43.88999938964844,44.130001068115234,35.459442138671875,7526100,0.0,0.0
2018-06-12 00:00:00-04:00,44.130001068115234,44.41999816894531,44.08000183105469,44.40999984741211,35.68442916870117,8243300,0.0,0.0
2018-06-13 00:00:00-04:00,44.349998474121094,44.52000045776367,44.150001525878906,44.18000030517578,35.49961853027344,16745000,0.0,0.0
2018-06-14 00:00:00-04:00,43.75,43.849998474121094,43.52000045776367,43.58000183105469,35.329368591308594,12696200,0.39,0.0
2018-06-15 00:00:00-04:00,43.560001373291016,44.150001525878906,43.45000076293945,44.119998931884766,35.76713180541992,21562500,0.0,0.0
2018-06-18 00:00:00-04:00,43.880001068115234,43.959999084472656,43.400001525878906,43.54999923706055,35.3050537109375,12161900,0.0,0.0
2018-06-19 00:00:00-04:00,43.29999923706055,43.75,43.20000076293945,43.599998474121094,35.345584869384766,12936400,0.0,0.0
2018-06-20 00:00:00-04:00,43.619998931884766,43.779998779296875,43.22999954223633,43.2599983215332,35.0699577331543,10893700,0.0,0.0
2018-06-21 00:00:00-04:00,43.27000045776367,43.29999923706055,42.959999084472656,43.09000015258789,34.93214797973633,10465200,0.0,0.0
2018-06-22 00:00:00-04:00,43.150001525878906,43.40999984741211,43.08000183105469,43.25,35.061851501464844,14924400,0.0,0.0
2018-06-25 00:00:00-04:00,43.15999984741211,43.75,43.15999984741211,43.58000183105469,35.329368591308594,12092400,0.0,0.0
2018-06-26 00:00:00-04:00,43.560001373291016,43.84000015258789,43.279998779296875,43.33000183105469,35.126705169677734,13974700,0.0,0.0
2018-06-27 00:00:00-04:00,43.33000183105469,43.61000061035156,42.9900016784668,43.06999969482422,34.915924072265625,15332600,0.0,0.0
2018-06-28 00:00:00-04:00,43.2400016784668,43.68000030517578,43.16999816894531,43.470001220703125,35.240203857421875,12668900,0.0,0.0
2018-06-29 00:00:00-04:00,43.56999969482422,44.099998474121094,43.310001373291016,43.86000061035156,35.556373596191406,11485600,0.0,0.0
2018-07-02 00:00:00-04:00,43.779998779296875,44.15999984741211,43.58000183105469,43.75,35.46718978881836,9232500,0.0,0.0
2018-07-03 00:00:00-04:00,44.060001373291016,44.33000183105469,43.9900016784668,43.9900016784668,35.661746978759766,8214300,0.0,0.0
2018-07-05 00:00:00-04:00,44.15999984741211,44.66999816894531,44.130001068115234,44.65999984741211,36.20491027832031,11653000,0.0,0.0
2018-07-06 00:00:00-04:00,44.66999816894531,44.939998626708984,44.58000183105469,44.63999938964844,36.188697814941406,8733900,0.0,0.0
2018-07-09 00:00:00-04:00,44.540000915527344,44.72999954223633,44.34000015258789,44.400001525878906,35.9941291809082,7373100,0.0,0.0
2018-07-10 00:00:00-04:00,44.5099983215332,45.0,44.5,44.970001220703125,36.45621871948242,10606100,0.0,0.0
2018-07-11 00:00:00-04:00,44.9900016784668,45.0,44.63999938964844,44.790000915527344,36.31029510498047,7715600,0.0,0.0
2018-07-12 00:00:00-04:00,44.83000183105469,44.959999084472656,44.4900016784668,44.66999816894531,36.213016510009766,6331600,0.0,0.0
2018-07-13 00:00:00-04:00,44.70000076293945,44.779998779296875,44.470001220703125,44.7400016784668,36.2697639465332,5585900,0.0,0.0
2018-07-16 00:00:00-04:00,44.72999954223633,44.79999923706055,44.529998779296875,44.72999954223633,36.261653900146484,5831400,0.0,0.0
2018-07-17 00:00:00-04:00,44.75,45.38999938964844,44.68000030517578,45.25,36.68321228027344,11592200,0.0,0.0
2018-07-18 00:00:00-04:00,45.189998626708984,45.290000915527344,44.84000015258789,45.119998931884766,36.57781219482422,7351600,0.0,0.0
2018-07-19 00:00:00-04:00,44.9900016784668,45.43000030517578,44.91999816894531,45.11000061035156,36.5697135925293,10097500,0.0,0.0
2018-07-20 00:00:00-04:00,45.02000045776367,45.279998779296875,44.900001525878906,45.279998779296875,36.70752716064453,8588400,0.0,0.0
2018-07-23 00:00:00-04:00,45.279998779296875,45.36000061035156,44.77000045776367,44.95000076293945,36.44001007080078,9055700,0.0,0.0
2018-07-24 00:00:00-04:00,44.779998779296875,45.27000045776367,44.61000061035156,45.2599983215332,36.69131088256836,13786100,0.0,0.0
2018-07-25 00:00:00-04:00,46.0,46.58000183105469,45.75,46.09000015258789,37.36418151855469,21330600,0.0,0.0
2018-07-26 00:00:00-04:00,46.36000061035156,46.59000015258789,46.20000076293945,46.2400016784668,37.48577117919922,12673100,0.0,0.0
2018-07-27 00:00:00-04:00,46.31999969482422,46.5,46.060001373291016,46.209999084472656,37.461456298828125,10516900,0.0,0.0
2018-07-30 00:00:00-04:00,46.099998474121094,46.439998626708984,46.04999923706055,46.22999954223633,37.4776725769043,8967900,0.0,0.0
2018-07-31 00:00:00-04:00,46.400001525878906,46.66999816894531,46.310001373291016,46.630001068115234,37.801944732666016,12438800,0.0,0.0
2018-08-01 00:00:00-04:00,46.45000076293945,46.4900016784668,46.16999816894531,46.38999938964844,37.60738754272461,9904100,0.0,0.0
2018-08-02 00:00:00-04:00,46.47999954223633,46.630001068115234,46.18000030517578,46.18000030517578,37.437137603759766,12009700,0.0,0.0
2018-08-03 00:00:00-04:00,46.22999954223633,46.7599983215332,46.13999938964844,46.619998931884766,37.79383850097656,11462800,0.0,0.0
2018-08-06 00:00:00-04:00,46.599998474121094,46.869998931884766,46.54999923706055,46.650001525878906,37.81815719604492,10056100,0.0,0.0
2018-08-07 00:00:00-04:00,46.52000045776367,46.61000061035156,46.130001068115234,46.5,37.69654846191406,8632900,0.0,0.0
2018-08-08 00:00:00-04:00,46.4900016784668,46.560001373291016,46.119998931884766,46.150001525878906,37.412811279296875,6810000,0.0,0.0
2018-08-09 00:00:00-04:00,46.25,46.41999816894531,46.08000183105469,46.349998474121094,37.574951171875,8924100,0.0,0.0
2018-08-10 00:00:00-04:00,46.209999084472656,46.41999816894531,45.970001220703125,46.08000183105469,37.35607147216797,7535400,0.0,0.0
2018-08-13 00:00:00-04:00,46.04999923706055,46.130001068115234,45.70000076293945,45.83000183105469,37.15339660644531,8143400,0.0,0.0
2018-08-14 00:00:00-04:00,45.90999984741211,46.099998474121094,45.869998931884766,45.88999938964844,37.2020378112793,6846100,0.0,0.0
2018-08-15 00:00:00-04:00,45.77000045776367,46.150001525878906,45.650001525878906,46.08000183105469,37.35607147216797,9686400,0.0,0.0
2018-08-16 00:00:00-04:00,46.11000061035156,46.380001068115234,45.970001220703125,46.220001220703125,37.46956253051758,10600700,0.0,0.0
2018-08-17 00:00:00-04:00,46.290000915527344,46.72999954223633,46.2400016784668,46.599998474121094,37.777618408203125,8885700,0.0,0.0
2018-08-20 00:00:00-04:00,46.68000030517578,46.869998931884766,46.59000015258789,46.72999954223633,37.88301086425781,6392000,0.0,0.0
2018-08-21 00:00:00-04:00,46.72999954223633,46.75,46.209999084472656,46.220001220703125,37.46956253051758,13986300,0.0,0.0
2018-08-22 00:00:00-04:00,46.34000015258789,46.380001068115234,45.91999816894531,45.93000030517578,37.234466552734375,7159100,0.0,0.0
2018-08-23 00:00:00-04:00,45.88999938964844,46.08000183105469,45.689998626708984,45.70000076293945,37.04801559448242,13144900,0.0,0.0
2018-08-24 00:00:00-04:00,45.650001525878906,45.79999923706055,45.58000183105469,45.630001068115234,36.99127197265625,10952900,0.0,0.0
2018-08-27 00:00:00-04:00,46.04999923706055,46.04999923706055,45.560001373291016,45.689998626708984,37.0399055480957,9581200,0.0,0.0
2018-08-28 00:00:00-04:00,45.650001525878906,45.72999954223633,45.279998779296875,45.369998931884766,36.78049850463867,8476800,0.0,0.0
2018-08-29 00:00:00-04:00,45.25,45.41999816894531,45.220001220703125,45.33000183105469,36.748069763183594,12410900,0.0,0.0
2018-08-30 00:00:00-04:00,45.279998779296875,45.31999969482422,44.88999938964844,44.95000076293945,36.44001007080078,9716500,0.0,0.0
2018-08-31 00:00:00-04:00,45.0,45.06999969482422,44.38999938964844,44.56999969482422,36.131935119628906,19834100,0.0,0.0
2018-09-04 00:00:00-04:00,44.599998474121094,44.900001525878906,44.5099983215332,44.7599983215332,36.28596878051758,11138500,0.0,0.0
2018-09-05 00:00:00-04:00,44.65999984741211,45.41999816894531,44.65999984741211,45.380001068115234,36.788597106933594,10554900,0.0,0.0
2018-09-06 00:00:00-04:00,45.400001525878906,46.0,45.29999923706055,45.77000045776367,37.104759216308594,11439400,0.0,0.0
2018-09-07 00:00:00-04:00,45.599998474121094,45.81999969482422,45.279998779296875,45.720001220703125,37.064231872558594,10208100,0.0,0.0
2018-09-10 00:00:00-04:00,45.90999984741211,46.310001373291016,45.79999923706055,46.060001373291016,37.33985137939453,8568900,0.0,0.0
2018-09-11 00:00:00-04:00,46.099998474121094,46.150001525878906,45.880001068115234,46.02000045776367,37.307430267333984,9278300,0.0,0.0
2018-09-12 00:00:00-04:00,46.15999984741211,46.29999923706055,46.02000045776367,46.2400016784668,37.48577117919922,13216400,0.0,0.0
2018-09-13 00:00:00-04:00,46.0099983215332,46.119998931884766,45.709999084472656,45.83000183105469,37.46942901611328,8294800,0.39,0.0
2018-09-14 00:00:00-04:00,45.91999816894531,46.029998779296875,45.61000061035156,45.9900016784668,37.600242614746094,7612900,0.0,0.0
2018-09-17 00:00:00-04:00,46.0,46.33000183105469,45.90999984741211,46.31999969482422,37.87003707885742,8527300,0.0,0.0
2018-09-18 00:00:00-04:00,46.38999938964844,46.529998779296875,45.93000030517578,45.93000030517578,37.551185607910156,9847400,0.0,0.0
2018-09-19 00:00:00-04:00,46.0,46.11000061035156,45.869998931884766,45.959999084472656,37.57571029663086,7119000,0.0,0.0
2018-09-20 00:00:00-04:00,46.220001220703125,46.68000030517578,46.150001525878906,46.63999938964844,38.13166427612305,9736700,0.0,0.0
2018-09-21 00:00:00-04:00,46.63999938964844,46.689998626708984,46.380001068115234,46.58000183105469,38.08261489868164,19240300,0.0,0.0
2018-09-24 00:00:00-04:00,46.4900016784668,46.529998779296875,45.84000015258789,46.06999969482422,37.6656379699707,10778900,0.0,0.0
2018-09-25 00:00:00-04:00,46.060001373291016,46.18000030517578,45.61000061035156,45.68000030517578,37.346778869628906,7919100,0.0,0.0
2018-09-26 00:00:00-04:00,45.77000045776367,46.06999969482422,45.56999969482422,45.849998474121094,37.48577117919922,10162600,0.0,0.0
2018-09-27 00:00:00-04:00,45.72999954223633,46.18000030517578,45.68000030517578,46.0099983215332,37.61659622192383,10826900,0.0,0.0
2018-09-28 00:00:00-04:00,46.0,46.189998626708984,45.970001220703125,46.189998626708984,37.763755798339844,9071900,0.0,0.0
2018-10-01 00:00:00-04:00,46.16999816894531,46.349998474121094,46.04999923706055,46.22999954223633,37.79646301269531,9364700,0.0,0.0
2018-10-02 00:00:00-04:00,46.279998779296875,46.560001373291016,46.060001373291016,46.5099983215332,38.0253791809082,7462700,0.0,0.0
2018-10-03 00:00:00-04:00,46.459999084472656,46.54999923706055,45.79999923706055,45.869998931884766,37.50212097167969,10542300,0.0,0.0
2018-10-04 00:00:00-04:00,45.65999984741211,45.900001525878906,45.43000030517578,45.849998474121094,37.48577117919922,9582300,0.0,0.0
2018-10-05 00:00:00-04:00,45.939998626708984,46.15999984741211,45.689998626708984,45.880001068115234,37.51030731201172,8734100,0.0,0.0
2018-10-08 00:00:00-04:00,45.9900016784668,46.58000183105469,45.970001220703125,46.47999954223633,38.0008430480957,9808100,0.0,0.0
2018-10-09 00:00:00-04:00,46.380001068115234,46.54999923706055,46.220001220703125,46.38999938964844,37.92725372314453,10824500,0.0,0.0
2018-10-10 00:00:00-04:00,46.29999923706055,46.70000076293945,45.66999816894531,45.68000030517578,37.346778869628906,13917000,0.0,0.0
2018-10-11 00:00:00-04:00,45.79999923706055,45.970001220703125,44.5,44.63999938964844,36.49651336669922,17677900,0.0,0.0
2018-10-12 00:00:00-04:00,44.47999954223633,44.880001068115234,44.25,44.68000030517578,36.529212951660156,12420100,0.0,0.0
2018-10-15 00:00:00-04:00,44.63999938964844,45.27000045776367,44.59000015258789,44.90999984741211,36.717254638671875,11608500,0.0,0.0
2018-10-16 00:00:00-04:00,45.02000045776367,45.599998474121094,44.86000061035156,45.4900016784668,37.19145202636719,10442500,0.0,0.0
2018-10-17 00:00:00-04:00,45.40999984741211,45.9900016784668,45.36000061035156,45.86000061035156,37.493961334228516,11055800,0.0,0.0
2018-10-18 00:00:00-04:00,45.900001525878906,46.08000183105469,45.459999084472656,45.61000061035156,37.28956604003906,12716900,0.0,0.0
2018-10-19 00:00:00-04:00,45.83000183105469,46.4900016784668,45.83000183105469,46.33000183105469,37.87820816040039,13989200,0.0,0.0
2018-10-22 00:00:00-04:00,46.369998931884766,46.459999084472656,45.810001373291016,45.970001220703125,37.583892822265625,14283600,0.0,0.0
2018-10-23 00:00:00-04:00,45.619998931884766,46.459999084472656,45.45000076293945,46.36000061035156,37.90275573730469,17483900,0.0,0.0
2018-10-24 00:00:00-04:00,46.33000183105469,47.38999938964844,46.2400016784668,46.72999954223633,38.20524215698242,21626000,0.0,0.0
2018-10-25 00:00:00-04:00,46.650001525878906,46.7400016784668,46.119998931884766,46.5099983215332,38.0253791809082,14220200,0.0,0.0
2018-10-26 00:00:00-04:00,46.369998931884766,46.47999954223633,45.43000030517578,45.91999816894531,37.543006896972656,21458000,0.0,0.0
2018-10-29 00:00:00-04:00,46.150001525878906,46.560001373291016,46.04999923706055,46.459999084472656,37.98448944091797,20932200,0.0,0.0
2018-10-30 00:00:00-04:00,46.619998931884766,47.7400016784668,46.040000915527344,47.630001068115234,38.94105529785156,20895400,0.0,0.0
2018-10-31 00:00:00-04:00,47.5,48.08000183105469,47.220001220703125,47.880001068115234,39.145450592041016,25309400,0.0,0.0
2018-11-01 00:00:00-04:00,47.810001373291016,48.150001525878906,47.29999923706055,47.7400016784668,39.03099822998047,16494500,0.0,0.0
2018-11-02 00:00:00-04:00,47.81999969482422,48.0,47.439998626708984,48.0,39.243560791015625,17584900,0.0,0.0
2018-11-05 00:00:00-05:00,48.0,48.779998779296875,47.91999816894531,48.689998626708984,39.80768966674805,16543500,0.0,0.0
2018-11-06 00:00:00-05:00,48.650001525878906,49.130001068115234,48.599998474121094,49.11000061035156,40.15105438232422,14373400,0.0,0.0
2018-11-07 00:00:00-05:00,49.38999938964844,49.54999923706055,49.029998779296875,49.369998931884766,40.36363983154297,12239700,0.0,0.0
2018-11-08 00:00:00-05:00,49.119998931884766,49.369998931884766,49.099998474121094,49.33000183105469,40.330928802490234,9762800,0.0,0.0
2018-11-09 00:00:00-05:00,49.38999938964844,49.88999938964844,49.36000061035156,49.68000030517578,40.617095947265625,12398100,0.0,0.0
2018-11-12 00:00:00-05:00,49.61000061035156,50.2400016784668,49.540000915527344,49.869998931884766,40.772430419921875,13918300,0.0,0.0
2018-11-13 00:00:00-05:00,49.810001373291016,50.0,49.58000183105469,49.86000061035156,40.76425552368164,13872900,0.0,0.0
2018-11-14 00:00:00-05:00,49.849998474121094,49.939998626708984,49.59000015258789,49.7599983215332,40.682498931884766,12106800,0.0,0.0
2018-11-15 00:00:00-05:00,49.65999984741211,49.75,49.27000045776367,49.7400016784668,40.666141510009766,12080100,0.0,0.0
2018-11-16 00:00:00-05:00,49.65999984741211,50.25,49.630001068115234,50.16999816894531,41.017696380615234,13405800,0.0,0.0
2018-11-19 00:00:00-05:00,50.310001373291016,50.7599983215332,50.25,50.5099983215332,41.29568099975586,13575800,0.0,0.0
2018-11-20 00:00:00-05:00,50.81999969482422,50.84000015258789,49.209999084472656,49.380001068115234,40.37181091308594,16255300,0.0,0.0
2018-11-21 00:00:00-05:00,49.22999954223633,49.439998626708984,48.59000015258789,48.72999954223633,39.840389251708984,13559200,0.0,0.0
2018-11-23 00:00:00-05:00,48.75,49.22999954223633,48.54999923706055,49.02000045776367,40.07748794555664,4792500,0.0,0.0
2018-11-26 00:00:00-05:00,49.0099983215332,49.22999954223633,48.66999816894531,48.869998931884766,39.95485305786133,9341900,0.0,0.0
2018-11-27 00:00:00-05:00,48.880001068115234,49.40999984741211,48.72999954223633,49.369998931884766,40.36363983154297,9180700,0.0,0.0
2018-11-28 00:00:00-05:00,49.209999084472656,49.720001220703125,49.209999084472656,49.709999084472656,40.6416015625,11368700,0.0,0.0
2018-11-29 00:00:00-05:00,49.279998779296875,49.43000030517578,48.970001220703125,48.97999954223633,40.36144256591797,11564300,0.39,0.0
2018-11-30 00:00:00-05:00,49.0,50.4900016784668,48.9900016784668,50.400001525878906,41.53158950805664,25538200,0.0,0.0
2018-12-03 00:00:00-05:00,49.869998931884766,49.959999084472656,48.88999938964844,49.689998626708984,40.946510314941406,14877200,0.0,0.0
2018-12-04 00:00:00-05:00,49.970001220703125,50.5099983215332,49.5,49.58000183105469,40.85586929321289,19059900,0.0,0.0
2018-12-06 00:00:00-05:00,49.5099983215332,49.630001068115234,48.65999984741211,49.380001068115234,40.69105529785156,17674900,0.0,0.0
2018-12-07 00:00:00-05:00,49.56999969482422,49.68000030517578,48.880001068115234,49.09000015258789,40.45207977294922,15565700,0.0,0.0
2018-12-10 00:00:00-05:00,49.45000076293945,49.45000076293945,48.470001220703125,49.2400016784668,40.57569885253906,12331100,0.0,0.0
2018-12-11 00:00:00-05:00,49.59000015258789,50.0099983215332,49.18000030517578,49.540000915527344,40.82289505004883,18083600,0.0,0.0
2018-12-12 00:00:00-05:00,49.95000076293945,50.02000045776367,49.189998626708984,49.220001220703125,40.55921173095703,12316900,0.0,0.0
2018-12-13 00:00:00-05:00,48.720001220703125,49.61000061035156,48.56999969482422,49.470001220703125,40.765220642089844,13766200,0.0,0.0
2018-12-14 00:00:00-05:00,49.22999954223633,49.52000045776367,49.02000045776367,49.34000015258789,40.65810012817383,13835900,0.0,0.0
2018-12-17 00:00:00-05:00,49.34000015258789,49.529998779296875,48.02000045776367,48.33000183105469,39.8258171081543,18482700,0.0,0.0
2018-12-18 00:00:00-05:00,48.61000061035156,48.83000183105469,47.849998474121094,48.31999969482422,39.817569732666016,14765700,0.0,0.0
2018-12-19 00:00:00-05:00,48.2400016784668,48.7599983215332,47.619998931884766,47.900001525878906,39.47147750854492,17903800,0.0,0.0
2018-12-20 00:00:00-05:00,47.810001373291016,48.130001068115234,47.099998474121094,47.540000915527344,39.17483139038086,21130000,0.0,0.0
2018-12-21 00:00:00-05:00,47.2599983215332,48.75,47.22999954223633,47.56999969482422,39.199546813964844,32477700,0.0,0.0
2018-12-24 00:00:00-05:00,47.619998931884766,47.869998931884766,45.83000183105469,45.959999084472656,37.872840881347656,10733700,0.0,0.0
2018-12-26 00:00:00-05:00,45.880001068115234,46.959999084472656,45.65999984741211,46.939998626708984,38.68040466308594,14342600,0.0,0.0
2018-12-27 00:00:00-05:00,46.7400016784668,47.54999923706055,46.029998779296875,47.529998779296875,39.16659164428711,16966500,0.0,0.0
2018-12-28 00:00:00-05:00,47.88999938964844,48.0099983215332,47.029998779296875,47.20000076293945,38.894649505615234,13218200,0.0,0.0
2018-12-31 00:00:00-05:00,47.4900016784668,47.540000915527344,46.959999084472656,47.349998474121094,39.01826477050781,10576300,0.0,0.0
