Date,Open,High,Low,Close,Adj Close,Volume,Dividends,Stock Splits
2014-01-02 00:00:00-05:00,37.349998474121094,37.400001525878906,37.099998474121094,37.15999984741211,30.99641227722168,30632200,0.0,0.0
2014-01-03 00:00:00-05:00,37.20000076293945,37.220001220703125,36.599998474121094,36.90999984741211,30.787887573242188,31134800,0.0,0.0
2014-01-06 00:00:00-05:00,36.849998474121094,36.88999938964844,36.11000061035156,36.130001068115234,30.13726043701172,43603700,0.0,0.0
2014-01-07 00:00:00-05:00,36.33000183105469,36.4900016784668,36.209999084472656,36.40999984741211,30.370805740356445,35802800,0.0,0.0
2014-01-08 00:00:00-05:00,36.0,36.13999938964844,35.58000183105469,35.7599983215332,29.82862663269043,59971700,0.0,0.0
2014-01-09 00:00:00-05:00,35.880001068115234,35.90999984741211,35.400001525878906,35.529998779296875,29.636775970458984,36516300,0.0,0.0
2014-01-10 00:00:00-05:00,35.900001525878906,36.150001525878906,35.75,36.040000915527344,30.06218910217285,40548800,0.0,0.0
2014-01-13 00:00:00-05:00,35.9900016784668,36.02000045776367,34.83000183105469,34.97999954223633,29.177997589111328,45901900,0.0,0.0
2014-01-14 00:00:00-05:00,34.72999954223633,35.880001068115234,34.630001068115234,35.779998779296875,29.845317840576172,41623300,0.0,0.0
2014-01-15 00:00:00-05:00,35.900001525878906,36.790000915527344,35.849998474121094,36.7599983215332,30.662765502929688,44812600,0.0,0.0
2014-01-16 00:00:00-05:00,36.689998626708984,37.0,36.310001373291016,36.88999938964844,30.771203994750977,38018700,0.0,0.0
2014-01-17 00:00:00-05:00,36.83000183105469,36.83000183105469,36.150001525878906,36.380001068115234,30.34580421447754,46267500,0.0,0.0
2014-01-21 00:00:00-05:00,36.81999969482422,36.81999969482422,36.060001373291016,36.16999816894531,30.170623779296875,31567300,0.0,0.0
2014-01-22 00:00:00-05:00,36.2599983215332,36.31999969482422,35.75,35.93000030517578,29.97041893005371,21904300,0.0,0.0
2014-01-23 00:00:00-05:00,36.09000015258789,36.130001068115234,35.52000045776367,36.060001373291016,30.07886505126953,43954000,0.0,0.0
2014-01-24 00:00:00-05:00,37.45000076293945,37.54999923706055,36.529998779296875,36.810001373291016,30.7044734954834,76395500,0.0,0.0
2014-01-27 00:00:00-05:00,36.869998931884766,36.88999938964844,35.97999954223633,36.029998779296875,30.05384635925293,44420800,0.0,0.0
2014-01-28 00:00:00-05:00,36.119998931884766,36.38999938964844,35.75,36.27000045776367,30.254039764404297,36205500,0.0,0.0
2014-01-29 00:00:00-05:00,35.97999954223633,36.880001068115234,35.900001525878906,36.65999984741211,30.579349517822266,52745900,0.0,0.0
2014-01-30 00:00:00-05:00,36.790000915527344,36.880001068115234,36.22999954223633,36.86000061035156,30.746166229248047,35036300,0.0,0.0
2014-01-31 00:00:00-05:00,36.95000076293945,37.88999938964844,36.560001373291016,37.84000015258789,31.563629150390625,93162300,0.0,0.0
2014-02-03 00:00:00-05:00,37.7400016784668,37.9900016784668,36.43000030517578,36.47999954223633,30.42920684814453,64063100,0.0,0.0
2014-02-04 00:00:00-05:00,36.970001220703125,37.189998626708984,36.25,36.349998474121094,30.320764541625977,54697900,0.0,0.0
2014-02-05 00:00:00-05:00,36.290000915527344,36.470001220703125,35.79999923706055,35.81999969482422,29.878677368164062,55814400,0.0,0.0
2014-02-06 00:00:00-05:00,35.79999923706055,36.25,35.689998626708984,36.18000030517578,30.178964614868164,35351800,0.0,0.0
2014-02-07 00:00:00-05:00,36.31999969482422,36.59000015258789,36.0099983215332,36.560001373291016,30.495939254760742,33260500,0.0,0.0
2014-02-10 00:00:00-05:00,36.630001068115234,36.79999923706055,36.290000915527344,36.79999923706055,30.696134567260742,26767000,0.0,0.0
2014-02-11 00:00:00-05:00,36.880001068115234,37.2599983215332,36.86000061035156,37.16999816894531,31.004756927490234,32141400,0.0,0.0
2014-02-12 00:00:00-05:00,37.349998474121094,37.599998474121094,37.29999923706055,37.470001220703125,31.254995346069336,27051800,0.0,0.0
2014-02-13 00:00:00-05:00,37.33000183105469,37.86000061035156,37.33000183105469,37.61000061035156,31.371768951416016,37635500,0.0,0.0
2014-02-14 00:00:00-05:00,37.38999938964844,37.779998779296875,37.33000183105469,37.619998931884766,31.3801212310791,31407500,0.0,0.0
2014-02-18 00:00:00-05:00,37.630001068115234,37.779998779296875,37.40999984741211,37.41999816894531,31.447355270385742,32834000,0.28,0.0
2014-02-19 00:00:00-05:00,37.220001220703125,37.75,37.209999084472656,37.5099983215332,31.52297592163086,29750400,0.0,0.0
2014-02-20 00:00:00-05:00,37.56999969482422,37.869998931884766,37.400001525878906,37.75,31.72467041015625,27526100,0.0,0.0
2014-02-21 00:00:00-05:00,37.939998626708984,38.349998474121094,37.86000061035156,37.97999954223633,31.917978286743164,38021300,0.0,0.0
2014-02-24 00:00:00-05:00,37.689998626708984,37.97999954223633,37.540000915527344,37.689998626708984,31.674253463745117,32085100,0.0,0.0
2014-02-25 00:00:00-05:00,37.61000061035156,37.849998474121094,37.349998474121094,37.540000915527344,31.54820442199707,30736500,0.0,0.0
2014-02-26 00:00:00-05:00,37.58000183105469,37.7400016784668,37.189998626708984,37.470001220703125,31.48936653137207,41041800,0.0,0.0
2014-02-27 00:00:00-05:00,37.45000076293945,37.88999938964844,37.22999954223633,37.86000061035156,31.817129135131836,33903400,0.0,0.0
2014-02-28 00:00:00-05:00,37.97999954223633,38.459999084472656,37.81999969482422,38.310001373291016,32.19530487060547,41215000,0.0,0.0
2014-03-03 00:00:00-05:00,37.91999816894531,38.130001068115234,37.4900016784668,37.779998779296875,31.749897003173828,29717500,0.0,0.0
2014-03-04 00:00:00-05:00,38.20000076293945,38.47999954223633,38.06999969482422,38.40999984741211,32.27933120727539,26802400,0.0,0.0
2014-03-05 00:00:00-05:00,38.25,38.27000045776367,37.93000030517578,38.11000061035156,32.027217864990234,20520100,0.0,0.0
2014-03-06 00:00:00-05:00,38.13999938964844,38.2400016784668,37.88999938964844,38.150001525878906,32.06082534790039,23582200,0.0,0.0
2014-03-07 00:00:00-05:00,38.279998779296875,38.36000061035156,37.689998626708984,37.900001525878906,31.850732803344727,26591600,0.0,0.0
2014-03-10 00:00:00-04:00,37.9900016784668,38.0099983215332,37.720001220703125,37.81999969482422,31.783493041992188,19006600,0.0,0.0
2014-03-11 00:00:00-04:00,37.869998931884766,38.22999954223633,37.720001220703125,38.02000045776367,31.95157814025879,25216400,0.0,0.0
2014-03-12 00:00:00-04:00,37.79999923706055,38.43000030517578,37.790000915527344,38.27000045776367,32.161678314208984,30494100,0.0,0.0
2014-03-13 00:00:00-04:00,38.41999816894531,38.45000076293945,37.63999938964844,37.88999938964844,31.84231948852539,32169700,0.0,0.0
2014-03-14 00:00:00-04:00,37.650001525878906,38.13999938964844,37.5099983215332,37.70000076293945,31.68266487121582,27195600,0.0,0.0
2014-03-17 00:00:00-04:00,37.900001525878906,38.40999984741211,37.790000915527344,38.04999923706055,31.976789474487305,20479600,0.0,0.0
2014-03-18 00:00:00-04:00,38.2599983215332,39.900001525878906,38.220001220703125,39.54999923706055,33.23738098144531,64063900,0.0,0.0
2014-03-19 00:00:00-04:00,39.470001220703125,39.54999923706055,38.90999984741211,39.27000045776367,33.00205993652344,35597200,0.0,0.0
2014-03-20 00:00:00-04:00,39.25,40.650001525878906,39.2400016784668,40.33000183105469,33.89288330078125,59269800,0.0,0.0
2014-03-21 00:00:00-04:00,40.720001220703125,40.939998626708984,40.0099983215332,40.15999984741211,33.75001525878906,80721800,0.0,0.0
2014-03-24 00:00:00-04:00,40.34000015258789,40.63999938964844,39.86000061035156,40.5,34.03573226928711,46098400,0.0,0.0
2014-03-25 00:00:00-04:00,40.65999984741211,40.9900016784668,39.959999084472656,40.34000015258789,33.901283264160156,43193100,0.0,0.0
2014-03-26 00:00:00-04:00,40.47999954223633,40.709999084472656,39.599998474121094,39.790000915527344,33.43907165527344,41977500,0.0,0.0
2014-03-27 00:00:00-04:00,39.7400016784668,39.970001220703125,39.34000015258789,39.36000061035156,33.07769775390625,35369200,0.0,0.0
2014-03-28 00:00:00-04:00,39.790000915527344,40.63999938964844,39.68000030517578,40.29999923706055,33.86766052246094,43472700,0.0,0.0
2014-03-31 00:00:00-04:00,40.43000030517578,41.5,40.400001525878906,40.9900016784668,34.447532653808594,46886300,0.0,0.0
2014-04-01 00:00:00-04:00,41.150001525878906,41.59000015258789,41.06999969482422,41.41999816894531,34.80891036987305,32605000,0.0,0.0
2014-04-02 00:00:00-04:00,41.439998626708984,41.65999984741211,41.16999816894531,41.349998474121094,34.750083923339844,28666700,0.0,0.0
2014-04-03 00:00:00-04:00,41.290000915527344,41.290000915527344,40.709999084472656,41.0099983215332,34.46434783935547,30139600,0.0,0.0
2014-04-04 00:00:00-04:00,41.25,41.38999938964844,39.63999938964844,39.869998931884766,33.50630187988281,51409600,0.0,0.0
2014-04-07 00:00:00-04:00,39.959999084472656,40.27000045776367,39.7400016784668,39.79999923706055,33.44746017456055,37559600,0.0,0.0
2014-04-08 00:00:00-04:00,39.75,39.93000030517578,39.20000076293945,39.81999969482422,33.46426773071289,35918600,0.0,0.0
2014-04-09 00:00:00-04:00,39.93000030517578,40.54999923706055,39.880001068115234,40.470001220703125,34.010536193847656,27398700,0.0,0.0
2014-04-10 00:00:00-04:00,40.439998626708984,40.689998626708984,39.09000015258789,39.36000061035156,33.07769775390625,45960800,0.0,0.0
2014-04-11 00:00:00-04:00,39.0,39.790000915527344,39.0,39.209999084472656,32.95164489746094,34330200,0.0,0.0
2014-04-14 00:00:00-04:00,39.11000061035156,39.40999984741211,38.900001525878906,39.18000030517578,32.926422119140625,32006600,0.0,0.0
2014-04-15 00:00:00-04:00,39.34000015258789,39.959999084472656,39.04999923706055,39.75,33.40546798706055,33968700,0.0,0.0
2014-04-16 00:00:00-04:00,40.060001373291016,40.41999816894531,39.90999984741211,40.400001525878906,33.951717376708984,30615800,0.0,0.0
2014-04-17 00:00:00-04:00,40.0099983215332,40.20000076293945,39.5099983215332,40.0099983215332,33.62395477294922,36688400,0.0,0.0
2014-04-21 00:00:00-04:00,40.130001068115234,40.150001525878906,39.790000915527344,39.939998626708984,33.565120697021484,22221200,0.0,0.0
2014-04-22 00:00:00-04:00,39.959999084472656,40.13999938964844,39.83000183105469,39.9900016784668,33.60715103149414,27056700,0.0,0.0
2014-04-23 00:00:00-04:00,39.9900016784668,39.9900016784668,39.470001220703125,39.689998626708984,33.355018615722656,24602800,0.0,0.0
2014-04-24 00:00:00-04:00,39.7400016784668,39.970001220703125,39.29999923706055,39.86000061035156,33.49789810180664,42381600,0.0,0.0
2014-04-25 00:00:00-04:00,40.290000915527344,40.68000030517578,39.75,39.90999984741211,33.539913177490234,56876800,0.0,0.0
2014-04-28 00:00:00-04:00,40.13999938964844,41.290000915527344,40.09000015258789,40.869998931884766,34.3466911315918,50610200,0.0,0.0
2014-04-29 00:00:00-04:00,41.099998474121094,41.189998626708984,40.38999938964844,40.5099983215332,34.04413986206055,29636200,0.0,0.0
2014-04-30 00:00:00-04:00,40.400001525878906,40.5,40.16999816894531,40.400001525878906,33.951717376708984,35458700,0.0,0.0
2014-05-01 00:00:00-04:00,40.2400016784668,40.36000061035156,39.95000076293945,40.0,33.61555099487305,28787400,0.0,0.0
2014-05-02 00:00:00-04:00,40.310001373291016,40.34000015258789,39.65999984741211,39.689998626708984,33.355018615722656,43416600,0.0,0.0
2014-05-05 00:00:00-04:00,39.52000045776367,39.63999938964844,39.29999923706055,39.43000030517578,33.136531829833984,22460900,0.0,0.0
2014-05-06 00:00:00-04:00,39.290000915527344,39.349998474121094,38.95000076293945,39.060001373291016,32.82557678222656,27112400,0.0,0.0
2014-05-07 00:00:00-04:00,39.220001220703125,39.5099983215332,38.5099983215332,39.41999816894531,33.12811279296875,41744500,0.0,0.0
2014-05-08 00:00:00-04:00,39.34000015258789,39.900001525878906,38.970001220703125,39.63999938964844,33.313011169433594,32120400,0.0,0.0
2014-05-09 00:00:00-04:00,39.540000915527344,39.849998474121094,39.369998931884766,39.540000915527344,33.228973388671875,29647600,0.0,0.0
2014-05-12 00:00:00-04:00,39.7400016784668,40.02000045776367,39.650001525878906,39.970001220703125,33.59033966064453,22782600,0.0,0.0
2014-05-13 00:00:00-04:00,39.91999816894531,40.5,39.849998474121094,40.41999816894531,34.208168029785156,27004800,0.28,0.0
2014-05-14 00:00:00-04:00,40.29999923706055,40.45000076293945,40.04999923706055,40.2400016784668,34.05581283569336,18818700,0.0,0.0
2014-05-15 00:00:00-04:00,40.09000015258789,40.400001525878906,39.5099983215332,39.599998474121094,33.51417541503906,37793200,0.0,0.0
2014-05-16 00:00:00-04:00,39.66999816894531,39.84000015258789,39.27000045776367,39.83000183105469,33.708824157714844,29867100,0.0,0.0
2014-05-19 00:00:00-04:00,39.61000061035156,39.81999969482422,39.459999084472656,39.75,33.64113998413086,24537400,0.0,0.0
2014-05-20 00:00:00-04:00,39.68000030517578,39.939998626708984,39.459999084472656,39.68000030517578,33.58188247680664,21320900,0.0,0.0
2014-05-21 00:00:00-04:00,39.79999923706055,40.349998474121094,39.7400016784668,40.349998474121094,34.14891052246094,22398700,0.0,0.0
2014-05-22 00:00:00-04:00,40.290000915527344,40.349998474121094,39.849998474121094,40.099998474121094,33.93733596801758,20201800,0.0,0.0
2014-05-23 00:00:00-04:00,40.369998931884766,40.369998931884766,40.0,40.119998931884766,33.954261779785156,18020000,0.0,0.0
2014-05-27 00:00:00-04:00,40.2599983215332,40.2599983215332,39.810001373291016,40.189998626708984,34.01350402832031,26160600,0.0,0.0
2014-05-28 00:00:00-04:00,40.13999938964844,40.189998626708984,39.81999969482422,40.0099983215332,33.86116027832031,25711500,0.0,0.0
2014-05-29 00:00:00-04:00,40.150001525878906,40.349998474121094,39.90999984741211,40.34000015258789,34.14044189453125,19888200,0.0,0.0
2014-05-30 00:00:00-04:00,40.45000076293945,40.970001220703125,40.25,40.939998626708984,34.64824295043945,34567600,0.0,0.0
2014-06-02 00:00:00-04:00,40.95000076293945,41.09000015258789,40.68000030517578,40.790000915527344,34.52127456665039,18504300,0.0,0.0
2014-06-03 00:00:00-04:00,40.599998474121094,40.68000030517578,40.25,40.290000915527344,34.09813690185547,18068900,0.0,0.0
2014-06-04 00:00:00-04:00,40.209999084472656,40.369998931884766,39.86000061035156,40.31999969482422,34.12351608276367,23209000,0.0,0.0
2014-06-05 00:00:00-04:00,40.59000015258789,41.25,40.400001525878906,41.209999084472656,34.87675476074219,31865200,0.0,0.0
2014-06-06 00:00:00-04:00,41.47999954223633,41.65999984741211,41.2400016784668,41.47999954223633,35.105247497558594,24060500,0.0,0.0
2014-06-09 00:00:00-04:00,41.38999938964844,41.47999954223633,41.02000045776367,41.27000045776367,34.927520751953125,15019200,0.0,0.0
2014-06-10 00:00:00-04:00,41.029998779296875,41.15999984741211,40.86000061035156,41.11000061035156,34.792110443115234,15117700,0.0,0.0
2014-06-11 00:00:00-04:00,40.93000030517578,41.06999969482422,40.77000045776367,40.86000061035156,34.58052062988281,18040000,0.0,0.0
2014-06-12 00:00:00-04:00,40.810001373291016,40.880001068115234,40.290000915527344,40.58000183105469,34.34355545043945,29818900,0.0,0.0
2014-06-13 00:00:00-04:00,41.099998474121094,41.56999969482422,40.86000061035156,41.22999954223633,34.89366149902344,26310000,0.0,0.0
2014-06-16 00:00:00-04:00,41.040000915527344,41.61000061035156,41.040000915527344,41.5,35.12216567993164,24205300,0.0,0.0
2014-06-17 00:00:00-04:00,41.290000915527344,41.90999984741211,40.34000015258789,41.68000030517578,35.27452087402344,22518600,0.0,0.0
2014-06-18 00:00:00-04:00,41.61000061035156,41.7400016784668,41.18000030517578,41.650001525878906,35.24911880493164,27097000,0.0,0.0
2014-06-19 00:00:00-04:00,41.56999969482422,41.77000045776367,41.33000183105469,41.5099983215332,35.13063049316406,19828200,0.0,0.0
2014-06-20 00:00:00-04:00,41.45000076293945,41.83000183105469,41.380001068115234,41.68000030517578,35.27452087402344,47764900,0.0,0.0
2014-06-23 00:00:00-04:00,41.72999954223633,42.0,41.689998626708984,41.9900016784668,35.536865234375,18743900,0.0,0.0
2014-06-24 00:00:00-04:00,41.83000183105469,41.939998626708984,41.560001373291016,41.75,35.3337516784668,26509100,0.0,0.0
2014-06-25 00:00:00-04:00,41.70000076293945,42.04999923706055,41.459999084472656,42.029998779296875,35.57072067260742,20049100,0.0,0.0
2014-06-26 00:00:00-04:00,41.93000030517578,41.939998626708984,41.43000030517578,41.720001220703125,35.3083610534668,23604400,0.0,0.0
2014-06-27 00:00:00-04:00,41.61000061035156,42.290000915527344,41.5099983215332,42.25,35.75691223144531,74640000,0.0,0.0
2014-06-30 00:00:00-04:00,42.16999816894531,42.209999084472656,41.70000076293945,41.70000076293945,35.29145050048828,30793100,0.0,0.0
2014-07-01 00:00:00-04:00,41.86000061035156,42.150001525878906,41.689998626708984,41.869998931884766,35.4353141784668,26917000,0.0,0.0
2014-07-02 00:00:00-04:00,41.72999954223633,41.900001525878906,41.529998779296875,41.900001525878906,35.46070861816406,20208100,0.0,0.0
2014-07-03 00:00:00-04:00,41.90999984741211,41.9900016784668,41.560001373291016,41.79999923706055,35.37607192993164,15969300,0.0,0.0
2014-07-07 00:00:00-04:00,41.75,42.119998931884766,41.709999084472656,41.9900016784668,35.536865234375,21952400,0.0,0.0
2014-07-08 00:00:00-04:00,41.869998931884766,42.0,41.61000061035156,41.779998779296875,35.35913848876953,31218200,0.0,0.0
2014-07-09 00:00:00-04:00,41.97999954223633,41.9900016784668,41.529998779296875,41.66999816894531,35.266048431396484,18445900,0.0,0.0
2014-07-10 00:00:00-04:00,41.369998931884766,42.0,41.04999923706055,41.689998626708984,35.28298568725586,21854700,0.0,0.0
2014-07-11 00:00:00-04:00,41.70000076293945,42.09000015258789,41.47999954223633,42.09000015258789,35.62149429321289,24083000,0.0,0.0
2014-07-14 00:00:00-04:00,42.220001220703125,42.45000076293945,42.040000915527344,42.13999938964844,35.663822174072266,21881100,0.0,0.0
2014-07-15 00:00:00-04:00,42.33000183105469,42.470001220703125,42.029998779296875,42.45000076293945,35.92618179321289,28748700,0.0,0.0
2014-07-16 00:00:00-04:00,42.5099983215332,44.310001373291016,42.47999954223633,44.08000183105469,37.30567932128906,63318000,0.0,0.0
2014-07-17 00:00:00-04:00,45.45000076293945,45.709999084472656,44.25,44.529998779296875,37.68651580810547,82180300,0.0,0.0
2014-07-18 00:00:00-04:00,44.650001525878906,44.84000015258789,44.25,44.689998626708984,37.82192611694336,43407500,0.0,0.0
2014-07-21 00:00:00-04:00,44.560001373291016,45.15999984741211,44.220001220703125,44.84000015258789,37.948875427246094,37604400,0.0,0.0
2014-07-22 00:00:00-04:00,45.0,45.150001525878906,44.59000015258789,44.83000183105469,37.940406799316406,43095800,0.0,0.0
2014-07-23 00:00:00-04:00,45.45000076293945,45.45000076293945,44.619998931884766,44.869998931884766,37.97426223754883,52362900,0.0,0.0
2014-07-24 00:00:00-04:00,44.93000030517578,45.0,44.31999969482422,44.400001525878906,37.576507568359375,30725300,0.0,0.0
2014-07-25 00:00:00-04:00,44.29999923706055,44.65999984741211,44.29999923706055,44.5,37.661128997802734,26737700,0.0,0.0
2014-07-28 00:00:00-04:00,44.36000061035156,44.5099983215332,43.93000030517578,43.970001220703125,37.21257781982422,29684200,0.0,0.0
2014-07-29 00:00:00-04:00,43.90999984741211,44.09000015258789,43.63999938964844,43.88999938964844,37.14487075805664,27763100,0.0,0.0
2014-07-30 00:00:00-04:00,44.06999969482422,44.099998474121094,43.290000915527344,43.58000183105469,36.88252639770508,31921400,0.0,0.0
2014-07-31 00:00:00-04:00,43.380001068115234,43.689998626708984,43.08000183105469,43.15999984741211,36.52705764770508,31537500,0.0,0.0
2014-08-01 00:00:00-04:00,43.209999084472656,43.25,42.599998474121094,42.86000061035156,36.27315902709961,31170300,0.0,0.0
2014-08-04 00:00:00-04:00,42.970001220703125,43.470001220703125,42.810001373291016,43.369998931884766,36.70479202270508,34277400,0.0,0.0
2014-08-05 00:00:00-04:00,43.310001373291016,43.459999084472656,42.83000183105469,43.08000183105469,36.459354400634766,26266400,0.0,0.0
2014-08-06 00:00:00-04:00,42.7400016784668,43.16999816894531,42.209999084472656,42.7400016784668,36.17161178588867,24634000,0.0,0.0
2014-08-07 00:00:00-04:00,42.84000015258789,43.45000076293945,42.650001525878906,43.22999954223633,36.5863037109375,30314900,0.0,0.0
2014-08-08 00:00:00-04:00,43.22999954223633,43.31999969482422,42.90999984741211,43.20000076293945,36.560916900634766,28942700,0.0,0.0
2014-08-11 00:00:00-04:00,43.2599983215332,43.45000076293945,43.02000045776367,43.20000076293945,36.560916900634766,20351600,0.0,0.0
2014-08-12 00:00:00-04:00,43.040000915527344,43.59000015258789,43.0,43.52000045776367,36.83174133300781,21431100,0.0,0.0
2014-08-13 00:00:00-04:00,43.68000030517578,44.18000030517578,43.52000045776367,44.08000183105469,37.30567932128906,22889500,0.0,0.0
2014-08-14 00:00:00-04:00,44.08000183105469,44.41999816894531,44.0099983215332,44.27000045776367,37.46647262573242,19313200,0.0,0.0
2014-08-15 00:00:00-04:00,44.58000183105469,44.900001525878906,44.400001525878906,44.790000915527344,37.90655517578125,41611300,0.0,0.0
2014-08-18 00:00:00-04:00,44.939998626708984,45.11000061035156,44.68000030517578,45.11000061035156,38.17737579345703,26891100,0.0,0.0
2014-08-19 00:00:00-04:00,44.970001220703125,45.34000015258789,44.83000183105469,45.33000183105469,38.60319519042969,28139500,0.28,0.0
2014-08-20 00:00:00-04:00,45.34000015258789,45.400001525878906,44.900001525878906,44.95000076293945,38.279571533203125,24770500,0.0,0.0
2014-08-21 00:00:00-04:00,44.84000015258789,45.25,44.83000183105469,45.220001220703125,38.50950622558594,22285500,0.0,0.0
2014-08-22 00:00:00-04:00,45.349998474121094,45.470001220703125,45.06999969482422,45.150001525878906,38.44989013671875,18294500,0.0,0.0
2014-08-25 00:00:00-04:00,45.400001525878906,45.439998626708984,45.040000915527344,45.16999816894531,38.46691131591797,16910000,0.0,0.0
2014-08-26 00:00:00-04:00,45.310001373291016,45.400001525878906,44.939998626708984,45.0099983215332,38.33066940307617,14873100,0.0,0.0
2014-08-27 00:00:00-04:00,44.900001525878906,45.0,44.7599983215332,44.869998931884766,38.21143341064453,21287900,0.0,0.0
2014-08-28 00:00:00-04:00,44.75,44.97999954223633,44.61000061035156,44.880001068115234,38.21995544433594,17657600,0.0,0.0
2014-08-29 00:00:00-04:00,45.09000015258789,45.439998626708984,44.86000061035156,45.43000030517578,38.68834686279297,21607600,0.0,0.0
2014-09-02 00:00:00-04:00,45.43000030517578,45.459999084472656,44.849998474121094,45.09000015258789,38.3987922668457,22976800,0.0,0.0
2014-09-03 00:00:00-04:00,44.529998779296875,45.11000061035156,44.529998779296875,44.959999084472656,38.288089752197266,33684500,0.0,0.0
2014-09-04 00:00:00-04:00,44.7400016784668,45.27000045776367,44.720001220703125,45.2599983215332,38.54356002807617,26475500,0.0,0.0
2014-09-05 00:00:00-04:00,45.11000061035156,45.93000030517578,45.11000061035156,45.90999984741211,39.097110748291016,36939400,0.0,0.0
2014-09-08 00:00:00-04:00,46.02000045776367,46.79999923706055,45.9900016784668,46.470001220703125,39.57401657104492,45736700,0.0,0.0
2014-09-09 00:00:00-04:00,46.470001220703125,46.970001220703125,46.41999816894531,46.7599983215332,39.82097244262695,40302400,0.0,0.0
2014-09-10 00:00:00-04:00,46.81999969482422,46.939998626708984,46.279998779296875,46.84000015258789,39.88911437988281,27302400,0.0,0.0
2014-09-11 00:00:00-04:00,46.7400016784668,47.0,46.470001220703125,47.0,40.02535629272461,29216400,0.0,0.0
2014-09-12 00:00:00-04:00,46.90999984741211,47.02000045776367,46.599998474121094,46.70000076293945,39.76987075805664,38244700,0.0,0.0
2014-09-15 00:00:00-04:00,46.540000915527344,46.709999084472656,46.099998474121094,46.2400016784668,39.378150939941406,37667600,0.0,0.0
2014-09-16 00:00:00-04:00,46.38999938964844,46.849998474121094,46.290000915527344,46.7599983215332,39.82097244262695,27910600,0.0,0.0
2014-09-17 00:00:00-04:00,46.2599983215332,46.689998626708984,46.22999954223633,46.52000045776367,39.616580963134766,38311900,0.0,0.0
2014-09-18 00:00:00-04:00,46.59000015258789,46.83000183105469,46.459999084472656,46.68000030517578,39.752845764160156,35556600,0.0,0.0
2014-09-19 00:00:00-04:00,46.810001373291016,47.56999969482422,46.599998474121094,47.52000045776367,40.468196868896484,202522400,0.0,0.0
2014-09-22 00:00:00-04:00,47.29999923706055,47.380001068115234,46.97999954223633,47.060001373291016,40.07646179199219,38686100,0.0,0.0
2014-09-23 00:00:00-04:00,46.849998474121094,46.97999954223633,46.470001220703125,46.560001373291016,39.65065383911133,33430300,0.0,0.0
2014-09-24 00:00:00-04:00,46.630001068115234,47.11000061035156,46.34000015258789,47.08000183105469,40.09348678588867,26582700,0.0,0.0
2014-09-25 00:00:00-04:00,46.880001068115234,47.09000015258789,46.029998779296875,46.040000915527344,39.20782470703125,33077400,0.0,0.0
2014-09-26 00:00:00-04:00,45.93000030517578,46.619998931884766,45.7599983215332,46.40999984741211,39.52292251586914,27078800,0.0,0.0
2014-09-29 00:00:00-04:00,45.97999954223633,46.560001373291016,45.7599983215332,46.439998626708984,39.548458099365234,26091000,0.0,0.0
2014-09-30 00:00:00-04:00,46.369998931884766,46.47999954223633,46.0099983215332,46.36000061035156,39.4803352355957,33033100,0.0,0.0
2014-10-01 00:00:00-04:00,46.27000045776367,46.529998779296875,45.849998474121094,45.900001525878906,39.08858871459961,38088400,0.0,0.0
2014-10-02 00:00:00-04:00,45.83000183105469,46.099998474121094,45.63999938964844,45.7599983215332,38.96936798095703,25119400,0.0,0.0
2014-10-03 00:00:00-04:00,45.97999954223633,46.29999923706055,45.61000061035156,46.09000015258789,39.25040817260742,32453200,0.0,0.0
2014-10-06 00:00:00-04:00,46.119998931884766,46.29999923706055,45.91999816894531,46.09000015258789,39.25040817260742,20604000,0.0,0.0
2014-10-07 00:00:00-04:00,45.86000061035156,45.93000030517578,45.41999816894531,45.529998779296875,38.77349853515625,25723700,0.0,0.0
2014-10-08 00:00:00-04:00,45.47999954223633,46.88999938964844,45.34000015258789,46.779998779296875,39.838008880615234,33031000,0.0,0.0
2014-10-09 00:00:00-04:00,46.5,46.79999923706055,45.7400016784668,45.849998474121094,39.04600524902344,34422800,0.0,0.0
2014-10-10 00:00:00-04:00,45.599998474121094,46.119998931884766,43.95000076293945,44.029998779296875,37.4960823059082,51978100,0.0,0.0
2014-10-13 00:00:00-04:00,43.81999969482422,44.560001373291016,43.4900016784668,43.650001525878906,37.1724853515625,37100200,0.0,0.0
2014-10-14 00:00:00-04:00,43.869998931884766,44.380001068115234,43.560001373291016,43.72999954223633,37.2406120300293,38115700,0.0,0.0
2014-10-15 00:00:00-04:00,43.0,43.38999938964844,42.099998474121094,43.220001220703125,36.806297302246094,60218700,0.0,0.0
2014-10-16 00:00:00-04:00,42.529998779296875,43.08000183105469,42.220001220703125,42.7400016784668,36.39752960205078,49040400,0.0,0.0
2014-10-17 00:00:00-04:00,43.20000076293945,43.939998626708984,42.790000915527344,43.630001068115234,37.15546417236328,40683300,0.0,0.0
2014-10-20 00:00:00-04:00,43.060001373291016,44.13999938964844,42.810001373291016,44.08000183105469,37.53867721557617,34527900,0.0,0.0
2014-10-21 00:00:00-04:00,44.36000061035156,44.97999954223633,44.189998626708984,44.880001068115234,38.21995544433594,36433800,0.0,0.0
2014-10-22 00:00:00-04:00,45.0,45.06999969482422,44.22999954223633,44.380001068115234,37.79417037963867,33570900,0.0,0.0
2014-10-23 00:00:00-04:00,44.619998931884766,45.45000076293945,44.529998779296875,45.02000045776367,38.33918762207031,45451900,0.0,0.0
2014-10-24 00:00:00-04:00,46.83000183105469,46.900001525878906,45.18000030517578,46.130001068115234,39.284461975097656,61076700,0.0,0.0
2014-10-27 00:00:00-04:00,45.709999084472656,46.099998474121094,45.709999084472656,45.90999984741211,39.097110748291016,30371300,0.0,0.0
2014-10-28 00:00:00-04:00,45.86000061035156,46.5,45.77000045776367,46.4900016784668,39.591026306152344,29049800,0.0,0.0
2014-10-29 00:00:00-04:00,46.439998626708984,46.70000076293945,46.34000015258789,46.619998931884766,39.701744079589844,30276100,0.0,0.0
2014-10-30 00:00:00-04:00,46.31999969482422,46.31999969482422,45.77000045776367,46.04999923706055,39.216339111328125,30073900,0.0,0.0
2014-10-31 00:00:00-04:00,46.939998626708984,46.970001220703125,46.47999954223633,46.95000076293945,39.98276901245117,35849700,0.0,0.0
2014-11-03 00:00:00-05:00,46.88999938964844,47.459999084472656,46.72999954223633,47.439998626708984,40.40007019042969,23130400,0.0,0.0
2014-11-04 00:00:00-05:00,47.29999923706055,47.72999954223633,47.25,47.56999969482422,40.510772705078125,21530800,0.0,0.0
2014-11-05 00:00:00-05:00,47.79999923706055,47.900001525878906,47.2599983215332,47.86000061035156,40.75773239135742,22449600,0.0,0.0
2014-11-06 00:00:00-05:00,47.86000061035156,48.86000061035156,47.790000915527344,48.70000076293945,41.473087310791016,33037800,0.0,0.0
2014-11-07 00:00:00-05:00,48.91999816894531,48.91999816894531,48.290000915527344,48.68000030517578,41.4560432434082,28000600,0.0,0.0
2014-11-10 00:00:00-05:00,48.650001525878906,49.150001525878906,48.54999923706055,48.88999938964844,41.63489532470703,36370100,0.0,0.0
2014-11-11 00:00:00-05:00,48.849998474121094,48.95000076293945,48.650001525878906,48.869998931884766,41.617862701416016,23445200,0.0,0.0
2014-11-12 00:00:00-05:00,48.560001373291016,48.91999816894531,48.52000045776367,48.779998779296875,41.54120635986328,22722100,0.0,0.0
2014-11-13 00:00:00-05:00,48.810001373291016,49.650001525878906,48.709999084472656,49.61000061035156,42.248046875,26210400,0.0,0.0
2014-11-14 00:00:00-05:00,49.7400016784668,50.04999923706055,49.38999938964844,49.58000183105469,42.22248458862305,29081700,0.0,0.0
2014-11-17 00:00:00-05:00,49.40999984741211,49.709999084472656,49.13999938964844,49.459999084472656,42.120304107666016,30318600,0.0,0.0
2014-11-18 00:00:00-05:00,49.130001068115234,49.33000183105469,48.70000076293945,48.7400016784668,41.768943786621094,23995500,0.31,0.0
2014-11-19 00:00:00-05:00,48.65999984741211,48.75,47.93000030517578,48.220001220703125,41.32332229614258,26177500,0.0,0.0
2014-11-20 00:00:00-05:00,48.0,48.70000076293945,47.869998931884766,48.70000076293945,41.73466110229492,21510600,0.0,0.0
2014-11-21 00:00:00-05:00,49.02000045776367,49.04999923706055,47.56999969482422,47.97999954223633,41.117637634277344,42884800,0.0,0.0
2014-11-24 00:00:00-05:00,47.9900016784668,48.0,47.38999938964844,47.59000015258789,40.78341293334961,35434200,0.0,0.0
2014-11-25 00:00:00-05:00,47.65999984741211,47.970001220703125,47.45000076293945,47.470001220703125,40.680580139160156,28008000,0.0,0.0
2014-11-26 00:00:00-05:00,47.4900016784668,47.9900016784668,47.279998779296875,47.75,40.9205436706543,27163600,0.0,0.0
2014-11-28 00:00:00-05:00,47.95000076293945,48.20000076293945,47.61000061035156,47.810001373291016,40.971954345703125,21534400,0.0,0.0
2014-12-01 00:00:00-05:00,47.880001068115234,48.779998779296875,47.709999084472656,48.619998931884766,41.66609573364258,31191600,0.0,0.0
2014-12-02 00:00:00-05:00,48.84000015258789,49.04999923706055,48.20000076293945,48.459999084472656,41.528995513916016,25773500,0.0,0.0
2014-12-03 00:00:00-05:00,48.439998626708984,48.5,47.810001373291016,48.08000183105469,41.203338623046875,23534800,0.0,0.0
2014-12-04 00:00:00-05:00,48.38999938964844,49.060001373291016,48.20000076293945,48.84000015258789,41.854644775390625,30320400,0.0,0.0
2014-12-05 00:00:00-05:00,48.81999969482422,48.970001220703125,48.380001068115234,48.41999816894531,41.494712829589844,27313400,0.0,0.0
2014-12-08 00:00:00-05:00,48.2599983215332,48.349998474121094,47.45000076293945,47.70000076293945,40.87770462036133,26663100,0.0,0.0
2014-12-09 00:00:00-05:00,47.11000061035156,47.91999816894531,47.04999923706055,47.59000015258789,40.78341293334961,24330500,0.0,0.0
2014-12-10 00:00:00-05:00,47.58000183105469,47.65999984741211,46.70000076293945,46.900001525878906,40.19211196899414,30431800,0.0,0.0
2014-12-11 00:00:00-05:00,47.08000183105469,47.7400016784668,46.68000030517578,47.16999816894531,40.423484802246094,29060400,0.0,0.0
2014-12-12 00:00:00-05:00,46.779998779296875,47.72999954223633,46.66999816894531,46.95000076293945,40.23495101928711,34248400,0.0,0.0
2014-12-15 00:00:00-05:00,47.20000076293945,47.66999816894531,46.54999923706055,46.66999816894531,39.99501037597656,29247800,0.0,0.0
2014-12-16 00:00:00-05:00,45.900001525878906,46.34000015258789,45.130001068115234,45.15999984741211,38.700965881347656,47801400,0.0,0.0
2014-12-17 00:00:00-05:00,45.04999923706055,45.95000076293945,44.900001525878906,45.7400016784668,39.19803237915039,34970900,0.0,0.0
2014-12-18 00:00:00-05:00,46.58000183105469,47.52000045776367,46.34000015258789,47.52000045776367,40.72344207763672,40105600,0.0,0.0
2014-12-19 00:00:00-05:00,47.630001068115234,48.099998474121094,47.16999816894531,47.65999984741211,40.84341812133789,64551200,0.0,0.0
2014-12-22 00:00:00-05:00,47.779998779296875,48.119998931884766,47.709999084472656,47.97999954223633,41.117637634277344,26566000,0.0,0.0
2014-12-23 00:00:00-05:00,48.369998931884766,48.79999923706055,48.130001068115234,48.45000076293945,41.52042770385742,23648100,0.0,0.0
2014-12-24 00:00:00-05:00,48.63999938964844,48.63999938964844,48.08000183105469,48.13999938964844,41.254756927490234,11437800,0.0,0.0
2014-12-26 00:00:00-05:00,48.40999984741211,48.40999984741211,47.81999969482422,47.880001068115234,41.03194808959961,13197800,0.0,0.0
2014-12-29 00:00:00-05:00,47.70000076293945,47.779998779296875,47.2599983215332,47.45000076293945,40.663448333740234,14439500,0.0,0.0
2014-12-30 00:00:00-05:00,47.439998626708984,47.619998931884766,46.84000015258789,47.02000045776367,40.294944763183594,16384700,0.0,0.0
2014-12-31 00:00:00-05:00,46.72999954223633,47.439998626708984,46.45000076293945,46.45000076293945,39.80647277832031,21552500,0.0,0.0
2015-01-02 00:00:00-05:00,46.65999984741211,47.41999816894531,46.540000915527344,46.7599983215332,40.0721321105957,27913900,0.0,0.0
2015-01-05 00:00:00-05:00,46.369998931884766,46.72999954223633,46.25,46.33000183105469,39.703636169433594,39673900,0.0,0.0
2015-01-06 00:00:00-05:00,46.380001068115234,46.75,45.540000915527344,45.650001525878906,39.12088394165039,36447900,0.0,0.0
2015-01-07 00:00:00-05:00,45.97999954223633,46.459999084472656,45.4900016784668,46.22999954223633,39.61793518066406,29114100,0.0,0.0
2015-01-08 00:00:00-05:00,46.75,47.75,46.720001220703125,47.59000015258789,40.78341293334961,29645200,0.0,0.0
2015-01-09 00:00:00-05:00,47.61000061035156,47.81999969482422,46.900001525878906,47.189998626708984,40.44063949584961,23944200,0.0,0.0
2015-01-12 00:00:00-05:00,47.41999816894531,47.540000915527344,46.36000061035156,46.599998474121094,39.93501663208008,23651900,0.0,0.0
2015-01-13 00:00:00-05:00,46.970001220703125,47.90999984741211,46.060001373291016,46.36000061035156,39.729347229003906,35270600,0.0,0.0
2015-01-14 00:00:00-05:00,45.959999084472656,46.2400016784668,45.619998931884766,45.959999084472656,39.38655471801758,29719600,0.0,0.0
2015-01-15 00:00:00-05:00,46.220001220703125,46.380001068115234,45.40999984741211,45.47999954223633,38.97521209716797,32750800,0.0,0.0
2015-01-16 00:00:00-05:00,45.310001373291016,46.279998779296875,45.16999816894531,46.2400016784668,39.62651062011719,35695300,0.0,0.0
2015-01-20 00:00:00-05:00,46.29999923706055,46.650001525878906,45.56999969482422,46.38999938964844,39.75505828857422,36161900,0.0,0.0
2015-01-21 00:00:00-05:00,45.939998626708984,46.13999938964844,45.47999954223633,45.91999816894531,39.352272033691406,39081100,0.0,0.0
2015-01-22 00:00:00-05:00,46.380001068115234,47.13999938964844,46.08000183105469,47.130001068115234,40.38921356201172,35898000,0.0,0.0
2015-01-23 00:00:00-05:00,47.36000061035156,47.38999938964844,46.79999923706055,47.18000030517578,40.432064056396484,26211600,0.0,0.0
2015-01-26 00:00:00-05:00,47.0,47.130001068115234,46.2400016784668,47.0099983215332,40.286373138427734,42525500,0.0,0.0
2015-01-27 00:00:00-05:00,42.95000076293945,43.20000076293945,42.11000061035156,42.65999984741211,36.55853271484375,169164000,0.0,0.0
2015-01-28 00:00:00-05:00,42.7400016784668,42.790000915527344,41.15999984741211,41.189998626708984,35.298789978027344,84507100,0.0,0.0
2015-01-29 00:00:00-05:00,40.93000030517578,42.119998931884766,40.790000915527344,42.0099983215332,36.00149917602539,63585300,0.0,0.0
2015-01-30 00:00:00-05:00,41.54999923706055,41.58000183105469,40.349998474121094,40.400001525878906,34.62176513671875,78004900,0.0,0.0
2015-02-02 00:00:00-05:00,40.59000015258789,41.369998931884766,40.22999954223633,41.279998779296875,35.37590789794922,50352500,0.0,0.0
2015-02-03 00:00:00-05:00,41.630001068115234,41.93000030517578,41.04999923706055,41.599998474121094,35.650146484375,52082400,0.0,0.0
2015-02-04 00:00:00-05:00,41.939998626708984,42.209999084472656,41.36000061035156,41.84000015258789,35.85582733154297,41614800,0.0,0.0
2015-02-05 00:00:00-05:00,42.220001220703125,42.63999938964844,41.86000061035156,42.45000076293945,36.378578186035156,36548200,0.0,0.0
2015-02-06 00:00:00-05:00,42.68000030517578,42.790000915527344,42.150001525878906,42.40999984741211,36.34429168701172,34616600,0.0,0.0
2015-02-09 00:00:00-05:00,42.2400016784668,42.7400016784668,42.209999084472656,42.36000061035156,36.30144500732422,31381100,0.0,0.0
2015-02-10 00:00:00-05:00,42.7400016784668,42.77000045776367,42.18000030517578,42.599998474121094,36.50712203979492,29670700,0.0,0.0
2015-02-11 00:00:00-05:00,42.650001525878906,42.650001525878906,42.209999084472656,42.380001068115234,36.31858825683594,38262500,0.0,0.0
2015-02-12 00:00:00-05:00,42.65999984741211,43.09000015258789,42.5099983215332,43.09000015258789,36.92703628540039,33268800,0.0,0.0
2015-02-13 00:00:00-05:00,43.380001068115234,43.869998931884766,43.150001525878906,43.869998931884766,37.59547424316406,40264900,0.0,0.0
2015-02-17 00:00:00-05:00,43.970001220703125,44.0,43.189998626708984,43.58000183105469,37.61273956298828,33695700,0.31,0.0
2015-02-18 00:00:00-05:00,43.630001068115234,43.70000076293945,43.38999938964844,43.529998779296875,37.56958770751953,27111700,0.0,0.0
2015-02-19 00:00:00-05:00,43.18000030517578,43.529998779296875,43.04999923706055,43.5,37.543701171875,27603400,0.0,0.0
2015-02-20 00:00:00-05:00,43.5099983215332,43.880001068115234,43.290000915527344,43.86000061035156,37.85439682006836,29721100,0.0,0.0
2015-02-23 00:00:00-05:00,43.70000076293945,44.189998626708984,43.650001525878906,44.150001525878906,38.10469436645508,32518800,0.0,0.0
2015-02-24 00:00:00-05:00,44.150001525878906,44.29999923706055,43.91999816894531,44.09000015258789,38.05289077758789,25271700,0.0,0.0
2015-02-25 00:00:00-05:00,43.95000076293945,44.09000015258789,43.79999923706055,43.9900016784668,37.96659851074219,29759800,0.0,0.0
2015-02-26 00:00:00-05:00,43.9900016784668,44.22999954223633,43.88999938964844,44.060001373291016,38.02701187133789,28957300,0.0,0.0
2015-02-27 00:00:00-05:00,44.130001068115234,44.20000076293945,43.65999984741211,43.849998474121094,37.84577178955078,33807700,0.0,0.0
2015-03-02 00:00:00-05:00,43.66999816894531,44.189998626708984,43.54999923706055,43.880001068115234,37.87165832519531,31924000,0.0,0.0
2015-03-03 00:00:00-05:00,43.560001373291016,43.83000183105469,43.09000015258789,43.279998779296875,37.35380935668945,31748600,0.0,0.0
2015-03-04 00:00:00-05:00,43.0099983215332,43.209999084472656,42.880001068115234,43.060001373291016,37.1639404296875,25748700,0.0,0.0
2015-03-05 00:00:00-05:00,43.06999969482422,43.2400016784668,42.81999969482422,43.11000061035156,37.20709991455078,23193500,0.0,0.0
2015-03-06 00:00:00-05:00,43.0,43.11000061035156,42.150001525878906,42.36000061035156,36.55978775024414,36248800,0.0,0.0
2015-03-09 00:00:00-04:00,42.189998626708984,43.130001068115234,42.189998626708984,42.849998474121094,36.98269271850586,32108000,0.0,0.0
2015-03-10 00:00:00-04:00,42.349998474121094,42.709999084472656,42.029998779296875,42.029998779296875,36.27496337890625,39159700,0.0,0.0
2015-03-11 00:00:00-04:00,42.310001373291016,42.369998931884766,41.84000015258789,41.97999954223633,36.23182678222656,32215300,0.0,0.0
2015-03-12 00:00:00-04:00,41.33000183105469,41.650001525878906,40.86000061035156,41.02000045776367,35.40327453613281,59992500,0.0,0.0
2015-03-13 00:00:00-04:00,40.70000076293945,41.470001220703125,40.61000061035156,41.380001068115234,35.7139778137207,58007700,0.0,0.0
2015-03-16 00:00:00-04:00,41.470001220703125,41.63999938964844,41.279998779296875,41.560001373291016,35.869327545166016,35273500,0.0,0.0
2015-03-17 00:00:00-04:00,41.369998931884766,41.83000183105469,41.150001525878906,41.70000076293945,35.99016189575195,31673400,0.0,0.0
2015-03-18 00:00:00-04:00,41.43000030517578,42.83000183105469,41.33000183105469,42.5,36.680625915527344,44194800,0.0,0.0
2015-03-19 00:00:00-04:00,42.2599983215332,42.59000015258789,42.220001220703125,42.290000915527344,36.49937438964844,33879100,0.0,0.0
2015-03-20 00:00:00-04:00,42.560001373291016,42.97999954223633,42.4900016784668,42.880001068115234,37.00859069824219,71904500,0.0,0.0
2015-03-23 00:00:00-04:00,42.880001068115234,43.130001068115234,42.779998779296875,42.86000061035156,36.99131774902344,26246100,0.0,0.0
2015-03-24 00:00:00-04:00,42.779998779296875,43.16999816894531,42.75,42.900001525878906,37.025848388671875,25513300,0.0,0.0
2015-03-25 00:00:00-04:00,42.91999816894531,42.93000030517578,41.439998626708984,41.459999084472656,35.78302764892578,43469900,0.0,0.0
2015-03-26 00:00:00-04:00,41.220001220703125,41.61000061035156,40.91999816894531,41.209999084472656,35.567256927490234,37495600,0.0,0.0
2015-03-27 00:00:00-04:00,41.119998931884766,41.43000030517578,40.83000183105469,40.970001220703125,35.360111236572266,34401400,0.0,0.0
2015-03-30 00:00:00-04:00,41.099998474121094,41.540000915527344,40.90999984741211,40.959999084472656,35.351478576660156,35049700,0.0,0.0
2015-03-31 00:00:00-04:00,40.779998779296875,41.029998779296875,40.540000915527344,40.65999984741211,35.09256362915039,34887200,0.0,0.0
2015-04-01 00:00:00-04:00,40.599998474121094,40.7599983215332,40.310001373291016,40.720001220703125,35.144344329833984,36865300,0.0,0.0
2015-04-02 00:00:00-04:00,40.65999984741211,40.7400016784668,40.119998931884766,40.290000915527344,34.77323913574219,37487500,0.0,0.0
2015-04-06 00:00:00-04:00,40.34000015258789,41.779998779296875,40.18000030517578,41.54999923706055,35.86070251464844,39223700,0.0,0.0
2015-04-07 00:00:00-04:00,41.61000061035156,41.90999984741211,41.310001373291016,41.529998779296875,35.843441009521484,28809400,0.0,0.0
2015-04-08 00:00:00-04:00,41.459999084472656,41.689998626708984,41.040000915527344,41.41999816894531,35.74850082397461,24753400,0.0,0.0
2015-04-09 00:00:00-04:00,41.25,41.619998931884766,41.25,41.47999954223633,35.80027770996094,25723900,0.0,0.0
2015-04-10 00:00:00-04:00,41.630001068115234,41.95000076293945,41.40999984741211,41.720001220703125,36.007415771484375,28022000,0.0,0.0
2015-04-13 00:00:00-04:00,41.400001525878906,42.060001373291016,41.38999938964844,41.7599983215332,36.04194259643555,30276700,0.0,0.0
2015-04-14 00:00:00-04:00,41.79999923706055,42.029998779296875,41.38999938964844,41.650001525878906,35.946998596191406,24244400,0.0,0.0
2015-04-15 00:00:00-04:00,41.7599983215332,42.459999084472656,41.68000030517578,42.2599983215332,36.473480224609375,27343600,0.0,0.0
2015-04-16 00:00:00-04:00,41.95000076293945,42.34000015258789,41.81999969482422,42.15999984741211,36.38718032836914,22509700,0.0,0.0
2015-04-17 00:00:00-04:00,41.66999816894531,41.7400016784668,41.15999984741211,41.619998931884766,35.921104431152344,42387600,0.0,0.0
2015-04-20 00:00:00-04:00,41.72999954223633,43.16999816894531,41.68000030517578,42.90999984741211,37.03447723388672,46057700,0.0,0.0
2015-04-21 00:00:00-04:00,43.0,43.150001525878906,42.529998779296875,42.63999938964844,36.80144500732422,26013800,0.0,0.0
2015-04-22 00:00:00-04:00,42.66999816894531,43.130001068115234,42.54999923706055,42.9900016784668,37.10353469848633,25064300,0.0,0.0
2015-04-23 00:00:00-04:00,42.88999938964844,43.61000061035156,42.79999923706055,43.34000015258789,37.40559768676758,46309500,0.0,0.0
2015-04-24 00:00:00-04:00,45.65999984741211,48.13999938964844,45.650001525878906,47.869998931884766,41.31532287597656,130933700,0.0,0.0
2015-04-27 00:00:00-04:00,47.22999954223633,48.130001068115234,47.220001220703125,48.029998779296875,41.45341873168945,59248200,0.0,0.0
2015-04-28 00:00:00-04:00,47.779998779296875,49.209999084472656,47.70000076293945,49.15999984741211,42.42869186401367,60730800,0.0,0.0
2015-04-29 00:00:00-04:00,48.720001220703125,49.310001373291016,48.5,49.060001373291016,42.34237289428711,47804600,0.0,0.0
2015-04-30 00:00:00-04:00,48.70000076293945,49.540000915527344,48.599998474121094,48.63999938964844,41.979888916015625,64725500,0.0,0.0
2015-05-01 00:00:00-04:00,48.58000183105469,48.880001068115234,48.400001525878906,48.65999984741211,41.997154235839844,38937300,0.0,0.0
2015-05-04 00:00:00-04:00,48.369998931884766,48.869998931884766,48.18000030517578,48.2400016784668,41.63465118408203,34039500,0.0,0.0
2015-05-05 00:00:00-04:00,47.81999969482422,48.15999984741211,47.310001373291016,47.599998474121094,41.08229446411133,50369200,0.0,0.0
2015-05-06 00:00:00-04:00,47.56999969482422,47.77000045776367,46.02000045776367,46.279998779296875,39.94302749633789,52433000,0.0,0.0
2015-05-07 00:00:00-04:00,46.27000045776367,47.09000015258789,46.15999984741211,46.70000076293945,40.30552291870117,32971700,0.0,0.0
2015-05-08 00:00:00-04:00,47.54999923706055,47.97999954223633,47.52000045776367,47.75,41.211761474609375,35364900,0.0,0.0
2015-05-11 00:00:00-04:00,47.54999923706055,47.90999984741211,47.369998931884766,47.369998931884766,40.88378143310547,24609400,0.0,0.0
2015-05-12 00:00:00-04:00,46.849998474121094,47.68000030517578,46.41999816894531,47.349998474121094,40.866519927978516,29928300,0.0,0.0
2015-05-13 00:00:00-04:00,48.189998626708984,48.31999969482422,47.56999969482422,47.630001068115234,41.10818099975586,34184600,0.0,0.0
2015-05-14 00:00:00-04:00,48.029998779296875,48.81999969482422,48.029998779296875,48.720001220703125,42.048927307128906,32980900,0.0,0.0
2015-05-15 00:00:00-04:00,48.869998931884766,48.90999984741211,48.04999923706055,48.29999923706055,41.686431884765625,28642700,0.0,0.0
2015-05-18 00:00:00-04:00,47.97999954223633,48.220001220703125,47.61000061035156,48.0099983215332,41.4361572265625,24136500,0.0,0.0
2015-05-19 00:00:00-04:00,47.560001373291016,47.810001373291016,47.18000030517578,47.58000183105469,41.33190155029297,28574800,0.31,0.0
2015-05-20 00:00:00-04:00,47.38999938964844,47.93000030517578,47.27000045776367,47.58000183105469,41.33190155029297,25047900,0.0,0.0
2015-05-21 00:00:00-04:00,47.279998779296875,47.599998474121094,47.0099983215332,47.41999816894531,41.19291687011719,22410700,0.0,0.0
2015-05-22 00:00:00-04:00,47.29999923706055,47.349998474121094,46.81999969482422,46.900001525878906,40.7412109375,25720600,0.0,0.0
2015-05-26 00:00:00-04:00,46.83000183105469,46.880001068115234,46.189998626708984,46.59000015258789,40.4719123840332,29581900,0.0,0.0
2015-05-27 00:00:00-04:00,46.81999969482422,47.77000045776367,46.619998931884766,47.61000061035156,41.357975006103516,27335600,0.0,0.0
2015-05-28 00:00:00-04:00,47.5,48.02000045776367,47.38999938964844,47.45000076293945,41.218971252441406,19283700,0.0,0.0
2015-05-29 00:00:00-04:00,47.43000030517578,47.56999969482422,46.59000015258789,46.86000061035156,40.70647048950195,36519600,0.0,0.0
2015-06-01 00:00:00-04:00,47.060001373291016,47.77000045776367,46.619998931884766,47.22999954223633,41.02786636352539,28837300,0.0,0.0
2015-06-02 00:00:00-04:00,46.93000030517578,47.349998474121094,46.619998931884766,46.91999816894531,40.758575439453125,21498300,0.0,0.0
2015-06-03 00:00:00-04:00,47.369998931884766,47.7400016784668,46.81999969482422,46.849998474121094,40.697757720947266,28002200,0.0,0.0
2015-06-04 00:00:00-04:00,46.790000915527344,47.15999984741211,46.20000076293945,46.36000061035156,40.272117614746094,27745500,0.0,0.0
2015-06-05 00:00:00-04:00,46.310001373291016,46.52000045776367,45.84000015258789,46.13999938964844,40.08100891113281,25438100,0.0,0.0
2015-06-08 00:00:00-04:00,46.29999923706055,46.43000030517578,45.66999816894531,45.72999954223633,39.724853515625,22121600,0.0,0.0
2015-06-09 00:00:00-04:00,45.7599983215332,45.939998626708984,45.459999084472656,45.650001525878906,39.655357360839844,24406100,0.0,0.0
2015-06-10 00:00:00-04:00,45.790000915527344,46.83000183105469,45.689998626708984,46.61000061035156,40.489288330078125,28417400,0.0,0.0
2015-06-11 00:00:00-04:00,46.65999984741211,46.91999816894531,46.130001068115234,46.439998626708984,40.34160614013672,27347800,0.0,0.0
2015-06-12 00:00:00-04:00,46.220001220703125,46.470001220703125,45.900001525878906,45.970001220703125,39.9333381652832,23931000,0.0,0.0
2015-06-15 00:00:00-04:00,45.45000076293945,45.650001525878906,45.02000045776367,45.47999954223633,39.50767517089844,33254500,0.0,0.0
2015-06-16 00:00:00-04:00,45.349998474121094,46.2400016784668,45.29999923706055,45.83000183105469,39.81172180175781,27070300,0.0,0.0
2015-06-17 00:00:00-04:00,45.72999954223633,46.06999969482422,45.36000061035156,45.970001220703125,39.9333381652832,28704100,0.0,0.0
2015-06-18 00:00:00-04:00,46.220001220703125,46.79999923706055,46.16999816894531,46.720001220703125,40.584842681884766,32658300,0.0,0.0
2015-06-19 00:00:00-04:00,46.790000915527344,46.83000183105469,45.9900016784668,46.099998474121094,40.04624938964844,63837000,0.0,0.0
2015-06-22 00:00:00-04:00,46.33000183105469,46.720001220703125,46.15999984741211,46.22999954223633,40.15918731689453,20318100,0.0,0.0
2015-06-23 00:00:00-04:00,46.130001068115234,46.279998779296875,45.619998931884766,45.90999984741211,39.88121795654297,25896500,0.0,0.0
2015-06-24 00:00:00-04:00,45.66999816894531,46.25,45.54999923706055,45.63999938964844,39.646663665771484,34890900,0.0,0.0
2015-06-25 00:00:00-04:00,46.029998779296875,46.060001373291016,45.5,45.650001525878906,39.655357360839844,20616000,0.0,0.0
2015-06-26 00:00:00-04:00,45.650001525878906,46.279998779296875,45.029998779296875,45.2599983215332,39.31656265258789,49835300,0.0,0.0
2015-06-29 00:00:00-04:00,45.040000915527344,45.22999954223633,44.36000061035156,44.369998931884766,38.54343795776367,34081700,0.0,0.0
2015-06-30 00:00:00-04:00,44.709999084472656,44.720001220703125,43.939998626708984,44.150001525878906,38.35232162475586,35945400,0.0,0.0
2015-07-01 00:00:00-04:00,44.459999084472656,45.22999954223633,44.099998474121094,44.45000076293945,38.61293411254883,28343900,0.0,0.0
2015-07-02 00:00:00-04:00,44.47999954223633,44.75,44.060001373291016,44.400001525878906,38.56950378417969,21752000,0.0,0.0
2015-07-06 00:00:00-04:00,43.959999084472656,44.47999954223633,43.95000076293945,44.38999938964844,38.56081008911133,23034000,0.0,0.0
2015-07-07 00:00:00-04:00,44.34000015258789,44.4900016784668,43.31999969482422,44.29999923706055,38.48263931274414,36435800,0.0,0.0
2015-07-08 00:00:00-04:00,44.439998626708984,44.900001525878906,44.029998779296875,44.2400016784668,38.43051528930664,39785900,0.0,0.0
2015-07-09 00:00:00-04:00,44.75,45.220001220703125,44.5,44.52000045776367,38.673736572265625,32424700,0.0,0.0
2015-07-10 00:00:00-04:00,45.0099983215332,45.13999938964844,44.56999969482422,44.61000061035156,38.75192642211914,25465800,0.0,0.0
2015-07-13 00:00:00-04:00,44.97999954223633,45.619998931884766,44.95000076293945,45.540000915527344,39.55979537963867,28178300,0.0,0.0
2015-07-14 00:00:00-04:00,45.45000076293945,45.959999084472656,45.310001373291016,45.619998931884766,39.6292839050293,22880300,0.0,0.0
2015-07-15 00:00:00-04:00,45.68000030517578,45.88999938964844,45.43000030517578,45.7599983215332,39.75090408325195,26629600,0.0,0.0
2015-07-16 00:00:00-04:00,46.0099983215332,46.689998626708984,45.970001220703125,46.65999984741211,40.53271484375,26271700,0.0,0.0
2015-07-17 00:00:00-04:00,46.54999923706055,46.779998779296875,46.2599983215332,46.619998931884766,40.49797821044922,29467100,0.0,0.0
2015-07-20 00:00:00-04:00,46.650001525878906,47.130001068115234,46.439998626708984,46.91999816894531,40.758575439453125,30631900,0.0,0.0
2015-07-21 00:00:00-04:00,46.779998779296875,47.33000183105469,46.47999954223633,47.279998779296875,41.07130432128906,42781900,0.0,0.0
2015-07-22 00:00:00-04:00,45.439998626708984,46.93000030517578,45.20000076293945,45.540000915527344,39.55979537963867,59152400,0.0,0.0
2015-07-23 00:00:00-04:00,45.27000045776367,46.22999954223633,45.099998474121094,46.11000061035156,40.05494689941406,33934000,0.0,0.0
2015-07-24 00:00:00-04:00,45.90999984741211,46.31999969482422,45.79999923706055,45.939998626708984,39.90727233886719,32333200,0.0,0.0
2015-07-27 00:00:00-04:00,45.939998626708984,46.0099983215332,45.25,45.349998474121094,39.394752502441406,39701400,0.0,0.0
2015-07-28 00:00:00-04:00,45.58000183105469,45.63999938964844,44.790000915527344,45.34000015258789,39.38605880737305,34328900,0.0,0.0
2015-07-29 00:00:00-04:00,45.400001525878906,46.779998779296875,45.2599983215332,46.290000915527344,40.21132278442383,40945900,0.0,0.0
2015-07-30 00:00:00-04:00,46.2599983215332,47.400001525878906,45.93000030517578,46.880001068115234,40.723846435546875,39777900,0.0,0.0
2015-07-31 00:00:00-04:00,47.290000915527344,47.369998931884766,46.5,46.70000076293945,40.567466735839844,31201500,0.0,0.0
2015-08-03 00:00:00-04:00,46.97999954223633,47.0,46.45000076293945,46.810001373291016,40.66303634643555,24125900,0.0,0.0
2015-08-04 00:00:00-04:00,46.75,47.709999084472656,46.68000030517578,47.540000915527344,41.29716491699219,33403900,0.0,0.0
2015-08-05 00:00:00-04:00,47.97999954223633,48.40999984741211,47.540000915527344,47.58000183105469,41.33190155029297,26959700,0.0,0.0
2015-08-06 00:00:00-04:00,47.709999084472656,47.77000045776367,46.33000183105469,46.619998931884766,40.49797821044922,27368000,0.0,0.0
2015-08-07 00:00:00-04:00,46.38999938964844,46.779998779296875,46.2599983215332,46.7400016784668,40.602210998535156,19163000,0.0,0.0
2015-08-10 00:00:00-04:00,46.95000076293945,47.4900016784668,46.84000015258789,47.33000183105469,41.11473846435547,23079900,0.0,0.0
2015-08-11 00:00:00-04:00,46.81999969482422,46.939998626708984,45.900001525878906,46.40999984741211,40.3155632019043,29237400,0.0,0.0
2015-08-12 00:00:00-04:00,46.189998626708984,46.900001525878906,45.709999084472656,46.7400016784668,40.602210998535156,30181400,0.0,0.0
2015-08-13 00:00:00-04:00,47.060001373291016,47.099998474121094,46.4900016784668,46.72999954223633,40.593528747558594,22627200,0.0,0.0
2015-08-14 00:00:00-04:00,46.529998779296875,47.099998474121094,46.52000045776367,47.0,40.82807540893555,21473400,0.0,0.0
2015-08-17 00:00:00-04:00,46.810001373291016,47.45000076293945,46.56999969482422,47.31999969482422,41.106048583984375,21099700,0.0,0.0
2015-08-18 00:00:00-04:00,46.84000015258789,47.43000030517578,46.70000076293945,47.27000045776367,41.333404541015625,23574100,0.31,0.0
2015-08-19 00:00:00-04:00,46.779998779296875,47.08000183105469,46.29999923706055,46.61000061035156,40.756290435791016,31485500,0.0,0.0
2015-08-20 00:00:00-04:00,46.06999969482422,46.470001220703125,45.65999984741211,45.65999984741211,39.92560577392578,36238200,0.0,0.0
2015-08-21 00:00:00-04:00,45.29999923706055,45.47999954223633,43.06999969482422,43.06999969482422,37.660865783691406,70053100,0.0,0.0
2015-08-24 00:00:00-04:00,40.45000076293945,42.689998626708984,39.720001220703125,41.68000030517578,36.4454460144043,88753700,0.0,0.0
2015-08-25 00:00:00-04:00,42.56999969482422,43.2400016784668,40.38999938964844,40.470001220703125,35.387413024902344,70616600,0.0,0.0
2015-08-26 00:00:00-04:00,42.0099983215332,42.84000015258789,41.060001373291016,42.709999084472656,37.34607696533203,63408000,0.0,0.0
2015-08-27 00:00:00-04:00,43.22999954223633,43.95000076293945,42.93000030517578,43.900001525878906,38.386634826660156,50943200,0.0,0.0
2015-08-28 00:00:00-04:00,43.400001525878906,44.150001525878906,43.38999938964844,43.93000030517578,38.41286849975586,28246700,0.0,0.0
2015-08-31 00:00:00-04:00,43.560001373291016,43.93000030517578,43.099998474121094,43.52000045776367,38.054359436035156,34441700,0.0,0.0
2015-09-01 00:00:00-04:00,42.16999816894531,42.59000015258789,41.65999984741211,41.81999969482422,36.56786346435547,49688900,0.0,0.0
2015-09-02 00:00:00-04:00,42.36000061035156,43.380001068115234,41.880001068115234,43.36000061035156,37.914451599121094,37671500,0.0,0.0
2015-09-03 00:00:00-04:00,43.40999984741211,43.97999954223633,43.279998779296875,43.5,38.036869049072266,28285200,0.0,0.0
2015-09-04 00:00:00-04:00,42.810001373291016,43.040000915527344,42.20000076293945,42.61000061035156,37.2586555480957,37138800,0.0,0.0
2015-09-08 00:00:00-04:00,43.29999923706055,44.0,43.20000076293945,43.88999938964844,38.37789535522461,32469800,0.0,0.0
2015-09-09 00:00:00-04:00,44.209999084472656,44.400001525878906,42.90999984741211,43.06999969482422,37.660865783691406,33469500,0.0,0.0
2015-09-10 00:00:00-04:00,43.119998931884766,43.790000915527344,42.75,43.290000915527344,37.85324478149414,31366600,0.0,0.0
2015-09-11 00:00:00-04:00,43.13999938964844,43.59000015258789,42.939998626708984,43.47999954223633,38.019378662109375,27132500,0.0,0.0
2015-09-14 00:00:00-04:00,43.43000030517578,43.439998626708984,42.86000061035156,43.040000915527344,37.63462448120117,23656000,0.0,0.0
2015-09-15 00:00:00-04:00,43.189998626708984,44.290000915527344,43.08000183105469,43.97999954223633,38.45658874511719,28882200,0.0,0.0
2015-09-16 00:00:00-04:00,43.970001220703125,44.380001068115234,43.84000015258789,44.29999923706055,38.73640823364258,23372200,0.0,0.0
2015-09-17 00:00:00-04:00,44.290000915527344,45.0,44.08000183105469,44.25,38.69267654418945,32768200,0.0,0.0
2015-09-18 00:00:00-04:00,43.5,43.9900016784668,43.33000183105469,43.47999954223633,38.019378662109375,63143700,0.0,0.0
2015-09-21 00:00:00-04:00,43.619998931884766,44.470001220703125,43.599998474121094,44.11000061035156,38.57026290893555,26177200,0.0,0.0
2015-09-22 00:00:00-04:00,43.380001068115234,44.04999923706055,43.310001373291016,43.900001525878906,38.386634826660156,28085900,0.0,0.0
2015-09-23 00:00:00-04:00,43.93000030517578,44.16999816894531,43.5099983215332,43.869998931884766,38.360408782958984,17145200,0.0,0.0
2015-09-24 00:00:00-04:00,43.45000076293945,44.130001068115234,43.27000045776367,43.90999984741211,38.39537811279297,27905600,0.0,0.0
2015-09-25 00:00:00-04:00,44.47999954223633,44.72999954223633,43.7599983215332,43.939998626708984,38.42161178588867,29384600,0.0,0.0
2015-09-28 00:00:00-04:00,43.83000183105469,44.09000015258789,43.209999084472656,43.290000915527344,37.85324478149414,27613800,0.0,0.0
2015-09-29 00:00:00-04:00,43.369998931884766,43.56999969482422,43.04999923706055,43.439998626708984,37.984397888183594,32763600,0.0,0.0
2015-09-30 00:00:00-04:00,43.880001068115234,44.29999923706055,43.65999984741211,44.2599983215332,38.701416015625,34958900,0.0,0.0
2015-10-01 00:00:00-04:00,44.75,44.75,43.75,44.61000061035156,39.007469177246094,28657900,0.0,0.0
2015-10-02 00:00:00-04:00,44.27000045776367,45.56999969482422,43.91999816894531,45.56999969482422,39.846900939941406,41839000,0.0,0.0
2015-10-05 00:00:00-04:00,45.75,46.88999938964844,45.70000076293945,46.630001068115234,40.773780822753906,34369300,0.0,0.0
2015-10-06 00:00:00-04:00,46.33000183105469,47.18000030517578,46.220001220703125,46.75,40.87870788574219,27017200,0.0,0.0
2015-10-07 00:00:00-04:00,47.099998474121094,47.349998474121094,45.95000076293945,46.79999923706055,40.92242431640625,27711500,0.0,0.0
2015-10-08 00:00:00-04:00,46.560001373291016,47.52000045776367,46.5,47.45000076293945,41.49078369140625,33772700,0.0,0.0
2015-10-09 00:00:00-04:00,47.45000076293945,47.540000915527344,46.91999816894531,47.11000061035156,41.19349670410156,28600600,0.0,0.0
2015-10-12 00:00:00-04:00,46.97999954223633,47.06999969482422,46.5,47.0,41.09730911254883,19769100,0.0,0.0
2015-10-13 00:00:00-04:00,46.560001373291016,47.130001068115234,46.560001373291016,46.88999938964844,41.00113296508789,19987800,0.0,0.0
2015-10-14 00:00:00-04:00,46.650001525878906,47.099998474121094,46.529998779296875,46.68000030517578,40.817501068115234,24697800,0.0,0.0
2015-10-15 00:00:00-04:00,47.0099983215332,47.029998779296875,46.529998779296875,47.0099983215332,41.106056213378906,27189400,0.0,0.0
2015-10-16 00:00:00-04:00,47.02000045776367,47.540000915527344,46.900001525878906,47.5099983215332,41.54325485229492,26450300,0.0,0.0
2015-10-19 00:00:00-04:00,47.41999816894531,47.880001068115234,47.02000045776367,47.619998931884766,41.63945770263672,29387600,0.0,0.0
2015-10-20 00:00:00-04:00,47.439998626708984,47.810001373291016,47.02000045776367,47.77000045776367,41.77059555053711,30802200,0.0,0.0
2015-10-21 00:00:00-04:00,47.91999816894531,47.9900016784668,47.11000061035156,47.20000076293945,41.27219009399414,25144300,0.0,0.0
2015-10-22 00:00:00-04:00,47.529998779296875,48.95000076293945,47.09000015258789,48.029998779296875,41.99795150756836,56637100,0.0,0.0
2015-10-23 00:00:00-04:00,52.29999923706055,54.06999969482422,52.25,52.869998931884766,46.23009490966797,135227100,0.0,0.0
2015-10-26 00:00:00-04:00,52.529998779296875,54.31999969482422,52.5,54.25,47.43678283691406,64633300,0.0,0.0
2015-10-27 00:00:00-04:00,53.9900016784668,54.369998931884766,53.58000183105469,53.689998626708984,46.947120666503906,50999900,0.0,0.0
2015-10-28 00:00:00-04:00,53.540000915527344,53.97999954223633,52.86000061035156,53.97999954223633,47.2006950378418,47000800,0.0,0.0
2015-10-29 00:00:00-04:00,53.540000915527344,53.83000183105469,53.220001220703125,53.36000061035156,46.65856170654297,30202100,0.0,0.0
2015-10-30 00:00:00-04:00,53.31999969482422,53.9900016784668,52.619998931884766,52.63999938964844,46.02898406982422,46619800,0.0,0.0
2015-11-02 00:00:00-05:00,52.849998474121094,53.36000061035156,52.619998931884766,53.2400016784668,46.553627014160156,30285000,0.0,0.0
2015-11-03 00:00:00-05:00,52.93000030517578,54.38999938964844,52.900001525878906,54.150001525878906,47.34932327270508,36596900,0.0,0.0
2015-11-04 00:00:00-05:00,54.18000030517578,54.880001068115234,54.060001373291016,54.400001525878906,47.56794738769531,37087800,0.0,0.0
2015-11-05 00:00:00-05:00,54.4900016784668,54.70000076293945,54.0,54.380001068115234,47.55046463012695,31468500,0.0,0.0
2015-11-06 00:00:00-05:00,54.09000015258789,54.97999954223633,53.959999084472656,54.91999816894531,48.02263641357422,32851200,0.0,0.0
2015-11-09 00:00:00-05:00,54.54999923706055,54.869998931884766,53.560001373291016,54.15999984741211,47.35809326171875,32513100,0.0,0.0
2015-11-10 00:00:00-05:00,54.06999969482422,54.130001068115234,53.27000045776367,53.5099983215332,46.78972625732422,55283700,0.0,0.0
2015-11-11 00:00:00-05:00,53.70000076293945,54.20000076293945,53.459999084472656,53.650001525878906,46.91214370727539,36516300,0.0,0.0
2015-11-12 00:00:00-05:00,53.47999954223633,53.97999954223633,53.189998626708984,53.31999969482422,46.62358474731445,35361100,0.0,0.0
2015-11-13 00:00:00-05:00,53.06999969482422,53.290000915527344,52.529998779296875,52.84000015258789,46.203861236572266,36848200,0.0,0.0
2015-11-16 00:00:00-05:00,53.08000183105469,53.88999938964844,52.849998474121094,53.77000045776367,47.0170783996582,32165200,0.0,0.0
2015-11-17 00:00:00-05:00,53.16999816894531,53.529998779296875,52.849998474121094,52.970001220703125,46.629737854003906,31551300,0.36,0.0
2015-11-18 00:00:00-05:00,53.0,53.97999954223633,52.97999954223633,53.849998474121094,47.40439987182617,29710000,0.0,0.0
2015-11-19 00:00:00-05:00,53.9900016784668,54.65999984741211,53.779998779296875,53.939998626708984,47.483638763427734,28149200,0.0,0.0
2015-11-20 00:00:00-05:00,54.25,54.29999923706055,53.27000045776367,54.189998626708984,47.703712463378906,37147600,0.0,0.0
2015-11-23 00:00:00-05:00,54.25,54.459999084472656,53.75,54.189998626708984,47.703712463378906,28235900,0.0,0.0
2015-11-24 00:00:00-05:00,53.91999816894531,54.439998626708984,53.58000183105469,54.25,47.756526947021484,24600000,0.0,0.0
2015-11-25 00:00:00-05:00,54.09000015258789,54.22999954223633,53.689998626708984,53.689998626708984,47.2635612487793,21005100,0.0,0.0
2015-11-27 00:00:00-05:00,53.79999923706055,54.08000183105469,53.790000915527344,53.93000030517578,47.474830627441406,9009100,0.0,0.0
2015-11-30 00:00:00-05:00,54.540000915527344,54.959999084472656,54.0,54.349998474121094,47.84456253051758,56241400,0.0,0.0
2015-12-01 00:00:00-05:00,54.40999984741211,55.22999954223633,54.29999923706055,55.220001220703125,48.61042785644531,39952800,0.0,0.0
2015-12-02 00:00:00-05:00,55.31999969482422,55.959999084472656,55.060001373291016,55.209999084472656,48.60163116455078,47274900,0.0,0.0
2015-12-03 00:00:00-05:00,55.4900016784668,55.77000045776367,53.93000030517578,54.20000076293945,47.7125129699707,38627800,0.0,0.0
2015-12-04 00:00:00-05:00,54.119998931884766,56.22999954223633,54.099998474121094,55.90999984741211,49.21783447265625,43963700,0.0,0.0
2015-12-07 00:00:00-05:00,55.790000915527344,55.970001220703125,55.290000915527344,55.810001373291016,49.129791259765625,30709800,0.0,0.0
2015-12-08 00:00:00-05:00,55.470001220703125,56.099998474121094,54.9900016784668,55.790000915527344,49.11220932006836,32878000,0.0,0.0
2015-12-09 00:00:00-05:00,55.369998931884766,55.869998931884766,54.5099983215332,54.97999954223633,48.39915084838867,36373200,0.0,0.0
2015-12-10 00:00:00-05:00,55.38999938964844,55.65999984741211,55.0099983215332,55.27000045776367,48.654441833496094,31775800,0.0,0.0
2015-12-11 00:00:00-05:00,54.709999084472656,55.099998474121094,54.0099983215332,54.060001373291016,47.58927917480469,39549500,0.0,0.0
2015-12-14 00:00:00-05:00,54.33000183105469,55.209999084472656,53.68000030517578,55.13999938964844,48.53999710083008,46768900,0.0,0.0
2015-12-15 00:00:00-05:00,55.65999984741211,55.900001525878906,55.09000015258789,55.20000076293945,48.59281921386719,39843000,0.0,0.0
2015-12-16 00:00:00-05:00,55.540000915527344,56.25,54.7599983215332,56.130001068115234,49.41150665283203,37503300,0.0,0.0
2015-12-17 00:00:00-05:00,56.36000061035156,56.790000915527344,55.529998779296875,55.70000076293945,49.032962799072266,41280900,0.0,0.0
2015-12-18 00:00:00-05:00,55.77000045776367,56.0,54.029998779296875,54.130001068115234,47.65089797973633,84684200,0.0,0.0
2015-12-21 00:00:00-05:00,54.880001068115234,55.349998474121094,54.22999954223633,54.83000183105469,48.26711654663086,37246300,0.0,0.0
2015-12-22 00:00:00-05:00,54.9900016784668,55.47999954223633,54.5,55.349998474121094,48.72484588623047,28322200,0.0,0.0
2015-12-23 00:00:00-05:00,55.70000076293945,55.880001068115234,55.439998626708984,55.81999969482422,49.138607025146484,27279800,0.0,0.0
2015-12-24 00:00:00-05:00,55.86000061035156,55.959999084472656,55.43000030517578,55.66999816894531,49.006553649902344,9558500,0.0,0.0
2015-12-28 00:00:00-05:00,55.349998474121094,55.95000076293945,54.97999954223633,55.95000076293945,49.25304412841797,22458300,0.0,0.0
2015-12-29 00:00:00-05:00,56.290000915527344,56.849998474121094,56.060001373291016,56.54999923706055,49.78123474121094,27731400,0.0,0.0
2015-12-30 00:00:00-05:00,56.470001220703125,56.779998779296875,56.290000915527344,56.310001373291016,49.569950103759766,21704500,0.0,0.0
2015-12-31 00:00:00-05:00,56.040000915527344,56.189998626708984,55.41999816894531,55.47999954223633,48.83929443359375,27334100,0.0,0.0
2016-01-04 00:00:00-05:00,54.31999969482422,54.79999923706055,53.38999938964844,54.79999923706055,48.24069595336914,53778000,0.0,0.0
2016-01-05 00:00:00-05:00,54.93000030517578,55.38999938964844,54.540000915527344,55.04999923706055,48.460777282714844,34079700,0.0,0.0
2016-01-06 00:00:00-05:00,54.31999969482422,54.400001525878906,53.63999938964844,54.04999923706055,47.58047103881836,39518900,0.0,0.0
2016-01-07 00:00:00-05:00,52.70000076293945,53.4900016784668,52.06999969482422,52.16999816894531,45.92548751831055,56564900,0.0,0.0
2016-01-08 00:00:00-05:00,52.369998931884766,53.279998779296875,52.150001525878906,52.33000183105469,46.06632995605469,48754000,0.0,0.0
2016-01-11 00:00:00-05:00,52.5099983215332,52.849998474121094,51.459999084472656,52.29999923706055,46.039939880371094,36943800,0.0,0.0
2016-01-12 00:00:00-05:00,52.7599983215332,53.099998474121094,52.060001373291016,52.779998779296875,46.46247863769531,36095500,0.0,0.0
2016-01-13 00:00:00-05:00,53.79999923706055,54.06999969482422,51.29999923706055,51.63999938964844,45.45893478393555,66883600,0.0,0.0
2016-01-14 00:00:00-05:00,52.0,53.41999816894531,51.56999969482422,53.11000061035156,46.75297546386719,52381900,0.0,0.0
2016-01-15 00:00:00-05:00,51.310001373291016,51.970001220703125,50.34000015258789,50.9900016784668,44.886741638183594,71820700,0.0,0.0
2016-01-19 00:00:00-05:00,51.47999954223633,51.68000030517578,50.060001373291016,50.560001373291016,44.508201599121094,43564500,0.0,0.0
2016-01-20 00:00:00-05:00,49.97999954223633,51.380001068115234,49.099998474121094,50.790000915527344,44.710670471191406,63273000,0.0,0.0
2016-01-21 00:00:00-05:00,51.0,51.58000183105469,50.29999923706055,50.47999954223633,44.437782287597656,40191200,0.0,0.0
2016-01-22 00:00:00-05:00,51.40999984741211,52.33000183105469,51.2599983215332,52.290000915527344,46.0311164855957,37555800,0.0,0.0
2016-01-25 00:00:00-05:00,51.939998626708984,52.650001525878906,51.650001525878906,51.790000915527344,45.59097671508789,34707700,0.0,0.0
2016-01-26 00:00:00-05:00,51.790000915527344,52.439998626708984,51.54999923706055,52.16999816894531,45.92548751831055,28900800,0.0,0.0
2016-01-27 00:00:00-05:00,52.0099983215332,52.20000076293945,51.02000045776367,51.220001220703125,45.08921813964844,36775200,0.0,0.0
2016-01-28 00:00:00-05:00,51.86000061035156,52.209999084472656,51.25,52.060001373291016,45.828670501708984,62513800,0.0,0.0
2016-01-29 00:00:00-05:00,54.72999954223633,55.09000015258789,54.0,55.09000015258789,48.4959716796875,83611700,0.0,0.0
2016-02-01 00:00:00-05:00,54.880001068115234,55.09000015258789,54.5,54.709999084472656,48.161468505859375,44208500,0.0,0.0
2016-02-02 00:00:00-05:00,54.16999816894531,54.2599983215332,52.650001525878906,53.0,46.65615463256836,56313800,0.0,0.0
2016-02-03 00:00:00-05:00,53.25,53.38999938964844,51.2599983215332,52.15999984741211,45.91669464111328,57559800,0.0,0.0
2016-02-04 00:00:00-05:00,52.099998474121094,52.810001373291016,51.369998931884766,52.0,45.77583694458008,46987100,0.0,0.0
2016-02-05 00:00:00-05:00,51.939998626708984,52.0,49.560001373291016,50.15999984741211,44.15608215332031,62009000,0.0,0.0
2016-02-08 00:00:00-05:00,49.54999923706055,49.56999969482422,48.189998626708984,49.40999984741211,43.4958381652832,59290500,0.0,0.0
2016-02-09 00:00:00-05:00,49.02000045776367,50.2400016784668,48.66999816894531,49.279998779296875,43.38142013549805,46740500,0.0,0.0
2016-02-10 00:00:00-05:00,49.88999938964844,50.38999938964844,49.52000045776367,49.709999084472656,43.75993728637695,38237000,0.0,0.0
2016-02-11 00:00:00-05:00,48.68000030517578,50.11000061035156,48.5099983215332,49.689998626708984,43.74234390258789,48878600,0.0,0.0
2016-02-12 00:00:00-05:00,50.25,50.68000030517578,49.75,50.5,44.455379486083984,34243300,0.0,0.0
2016-02-16 00:00:00-05:00,50.900001525878906,51.09000015258789,50.130001068115234,51.09000015258789,45.29767608642578,37291200,0.36,0.0
2016-02-17 00:00:00-05:00,51.4900016784668,52.77000045776367,51.45000076293945,52.41999816894531,46.47688293457031,40789000,0.0,0.0
2016-02-18 00:00:00-05:00,52.33000183105469,52.95000076293945,52.099998474121094,52.189998626708984,46.27296829223633,27176000,0.0,0.0
2016-02-19 00:00:00-05:00,51.970001220703125,52.279998779296875,51.529998779296875,51.81999969482422,45.94491195678711,33559100,0.0,0.0
2016-02-22 00:00:00-05:00,52.279998779296875,53.0,52.279998779296875,52.650001525878906,46.68082046508789,25008300,0.0,0.0
2016-02-23 00:00:00-05:00,52.34000015258789,52.369998931884766,50.97999954223633,51.18000030517578,45.377471923828125,28895300,0.0,0.0
2016-02-24 00:00:00-05:00,50.689998626708984,51.5,50.20000076293945,51.36000061035156,45.53705978393555,33014500,0.0,0.0
2016-02-25 00:00:00-05:00,51.72999954223633,52.099998474121094,50.61000061035156,52.099998474121094,46.19315719604492,26939500,0.0,0.0
2016-02-26 00:00:00-05:00,52.599998474121094,52.68000030517578,51.099998474121094,51.29999923706055,45.4838752746582,35975900,0.0,0.0
2016-02-29 00:00:00-05:00,51.349998474121094,51.650001525878906,50.65999984741211,50.880001068115234,45.111488342285156,31654000,0.0,0.0
2016-03-01 00:00:00-05:00,50.970001220703125,52.59000015258789,50.91999816894531,52.58000183105469,46.61875534057617,33024500,0.0,0.0
2016-03-02 00:00:00-05:00,52.40999984741211,52.959999084472656,52.15999984741211,52.95000076293945,46.94679260253906,29289900,0.0,0.0
2016-03-03 00:00:00-05:00,52.970001220703125,52.970001220703125,51.779998779296875,52.349998474121094,46.41483688354492,24427800,0.0,0.0
2016-03-04 00:00:00-05:00,52.400001525878906,52.45000076293945,51.709999084472656,52.029998779296875,46.13111114501953,33034200,0.0,0.0
2016-03-07 00:00:00-05:00,51.560001373291016,51.79999923706055,50.58000183105469,51.029998779296875,45.24448776245117,38407800,0.0,0.0
2016-03-08 00:00:00-05:00,50.79999923706055,52.130001068115234,50.599998474121094,51.650001525878906,45.794189453125,33835100,0.0,0.0
2016-03-09 00:00:00-05:00,51.88999938964844,52.849998474121094,51.86000061035156,52.84000015258789,46.84926223754883,28251600,0.0,0.0
2016-03-10 00:00:00-05:00,52.93000030517578,52.939998626708984,51.15999984741211,52.04999923706055,46.148841857910156,38387800,0.0,0.0
2016-03-11 00:00:00-05:00,53.0,53.06999969482422,52.380001068115234,53.06999969482422,47.053192138671875,32275700,0.0,0.0
2016-03-14 00:00:00-04:00,52.709999084472656,53.59000015258789,52.630001068115234,53.16999816894531,47.14186096191406,24083600,0.0,0.0
2016-03-15 00:00:00-04:00,52.75,53.59000015258789,52.7400016784668,53.59000015258789,47.51423645019531,21104800,0.0,0.0
2016-03-16 00:00:00-04:00,53.45000076293945,54.599998474121094,53.400001525878906,54.349998474121094,48.188072204589844,31691700,0.0,0.0
2016-03-17 00:00:00-04:00,54.209999084472656,55.0,54.0,54.65999984741211,48.462921142578125,28223900,0.0,0.0
2016-03-18 00:00:00-04:00,54.91999816894531,54.970001220703125,53.45000076293945,53.4900016784668,47.42558288574219,67625500,0.0,0.0
2016-03-21 00:00:00-04:00,53.25,53.93000030517578,52.93000030517578,53.86000061035156,47.75362777709961,23925700,0.0,0.0
2016-03-22 00:00:00-04:00,53.61000061035156,54.25,53.459999084472656,54.06999969482422,47.939823150634766,23124100,0.0,0.0
2016-03-23 00:00:00-04:00,54.11000061035156,54.2400016784668,53.7400016784668,53.970001220703125,47.851158142089844,20129000,0.0,0.0
2016-03-24 00:00:00-04:00,53.84000015258789,54.33000183105469,53.72999954223633,54.209999084472656,48.06394958496094,19950000,0.0,0.0
2016-03-28 00:00:00-04:00,54.209999084472656,54.290000915527344,53.33000183105469,53.540000915527344,47.46992111206055,17025100,0.0,0.0
2016-03-29 00:00:00-04:00,53.65999984741211,54.86000061035156,53.45000076293945,54.709999084472656,48.507259368896484,23924300,0.0,0.0
2016-03-30 00:00:00-04:00,54.93000030517578,55.63999938964844,54.900001525878906,55.04999923706055,48.80872344970703,23008300,0.0,0.0
2016-03-31 00:00:00-04:00,54.95000076293945,55.59000015258789,54.86000061035156,55.22999954223633,48.968299865722656,26360500,0.0,0.0
2016-04-01 00:00:00-04:00,55.04999923706055,55.61000061035156,54.56999969482422,55.56999969482422,49.2697639465332,24399200,0.0,0.0
2016-04-04 00:00:00-04:00,55.43000030517578,55.65999984741211,55.0,55.43000030517578,49.14562225341797,18928800,0.0,0.0
2016-04-05 00:00:00-04:00,55.189998626708984,55.29999923706055,54.459999084472656,54.560001373291016,48.374271392822266,19272300,0.0,0.0
2016-04-06 00:00:00-04:00,54.36000061035156,55.20000076293945,54.209999084472656,55.119998931884766,48.87078094482422,21188700,0.0,0.0
2016-04-07 00:00:00-04:00,54.869998931884766,54.90999984741211,54.22999954223633,54.459999084472656,48.28559112548828,19225100,0.0,0.0
2016-04-08 00:00:00-04:00,54.66999816894531,55.279998779296875,54.31999969482422,54.41999816894531,48.25013732910156,22167200,0.0,0.0
2016-04-11 00:00:00-04:00,54.4900016784668,55.150001525878906,54.29999923706055,54.310001373291016,48.15260696411133,21414200,0.0,0.0
2016-04-12 00:00:00-04:00,54.369998931884766,54.779998779296875,53.7599983215332,54.650001525878906,48.45406723022461,24944300,0.0,0.0
2016-04-13 00:00:00-04:00,55.119998931884766,55.439998626708984,54.88999938964844,55.349998474121094,49.074703216552734,20818000,0.0,0.0
2016-04-14 00:00:00-04:00,55.220001220703125,55.58000183105469,55.06999969482422,55.36000061035156,49.08356857299805,20877100,0.0,0.0
2016-04-15 00:00:00-04:00,55.29999923706055,55.91999816894531,55.11000061035156,55.650001525878906,49.34068298339844,28793800,0.0,0.0
2016-04-18 00:00:00-04:00,55.4900016784668,56.59000015258789,55.209999084472656,56.459999084472656,50.058860778808594,23786000,0.0,0.0
2016-04-19 00:00:00-04:00,56.630001068115234,56.77000045776367,55.68000030517578,56.38999938964844,49.99678421020508,29596800,0.0,0.0
2016-04-20 00:00:00-04:00,56.290000915527344,56.5,55.4900016784668,55.59000015258789,49.28749084472656,36195700,0.0,0.0
2016-04-21 00:00:00-04:00,55.79999923706055,56.22999954223633,55.41999816894531,55.779998779296875,49.45595169067383,38909100,0.0,0.0
2016-04-22 00:00:00-04:00,51.90999984741211,52.43000030517578,50.77000045776367,51.779998779296875,45.909446716308594,126834100,0.0,0.0
2016-04-25 00:00:00-04:00,51.779998779296875,52.130001068115234,51.630001068115234,52.11000061035156,46.2020263671875,33226900,0.0,0.0
2016-04-26 00:00:00-04:00,52.2599983215332,52.349998474121094,51.09000015258789,51.439998626708984,45.60799789428711,33532600,0.0,0.0
2016-04-27 00:00:00-04:00,51.47999954223633,51.5,50.54999923706055,50.939998626708984,45.16469192504883,43369300,0.0,0.0
2016-04-28 00:00:00-04:00,50.619998931884766,50.77000045776367,49.560001373291016,49.900001525878906,44.24258804321289,43134800,0.0,0.0
2016-04-29 00:00:00-04:00,49.349998474121094,50.25,49.349998474121094,49.869998931884766,44.21598815917969,48411700,0.0,0.0
2016-05-02 00:00:00-04:00,50.0,50.75,49.779998779296875,50.61000061035156,44.87209701538086,33114500,0.0,0.0
2016-05-03 00:00:00-04:00,50.34000015258789,50.40999984741211,49.599998474121094,49.779998779296875,44.136207580566406,26460200,0.0,0.0
2016-05-04 00:00:00-04:00,49.84000015258789,50.060001373291016,49.459999084472656,49.869998931884766,44.21598815917969,24257600,0.0,0.0
2016-05-05 00:00:00-04:00,49.869998931884766,50.29999923706055,49.72999954223633,49.939998626708984,44.27806854248047,25390700,0.0,0.0
2016-05-06 00:00:00-04:00,49.91999816894531,50.38999938964844,49.65999984741211,50.38999938964844,44.67704391479492,24787300,0.0,0.0
2016-05-09 00:00:00-04:00,50.4900016784668,50.59000015258789,50.0,50.06999969482422,44.3933219909668,17951600,0.0,0.0
2016-05-10 00:00:00-04:00,50.33000183105469,51.099998474121094,50.189998626708984,51.02000045776367,45.23562240600586,22891000,0.0,0.0
2016-05-11 00:00:00-04:00,51.130001068115234,51.779998779296875,51.0,51.04999923706055,45.262203216552734,24039100,0.0,0.0
2016-05-12 00:00:00-04:00,51.20000076293945,51.810001373291016,50.91999816894531,51.5099983215332,45.67006301879883,24102800,0.0,0.0
2016-05-13 00:00:00-04:00,51.439998626708984,51.900001525878906,51.040000915527344,51.08000183105469,45.288814544677734,22592300,0.0,0.0
2016-05-16 00:00:00-04:00,50.79999923706055,51.959999084472656,50.75,51.83000183105469,45.953773498535156,20032000,0.0,0.0
2016-05-17 00:00:00-04:00,51.720001220703125,51.72999954223633,50.36000061035156,50.5099983215332,45.0966682434082,27803500,0.36,0.0
2016-05-18 00:00:00-04:00,50.47999954223633,51.13999938964844,50.29999923706055,50.810001373291016,45.3645133972168,24907500,0.0,0.0
2016-05-19 00:00:00-04:00,50.470001220703125,50.619998931884766,49.81999969482422,50.31999969482422,44.92702865600586,23842400,0.0,0.0
2016-05-20 00:00:00-04:00,50.47999954223633,51.220001220703125,50.400001525878906,50.619998931884766,45.194881439208984,23905800,0.0,0.0
2016-05-23 00:00:00-04:00,50.599998474121094,50.68000030517578,49.97999954223633,50.029998779296875,44.668121337890625,26118700,0.0,0.0
2016-05-24 00:00:00-04:00,50.70000076293945,51.709999084472656,50.400001525878906,51.59000015258789,46.06092834472656,34757900,0.0,0.0
2016-05-25 00:00:00-04:00,51.91999816894531,52.4900016784668,51.790000915527344,52.119998931884766,46.53410720825195,24040200,0.0,0.0
2016-05-26 00:00:00-04:00,51.93000030517578,51.97999954223633,51.36000061035156,51.88999938964844,46.328773498535156,24335200,0.0,0.0
2016-05-27 00:00:00-04:00,51.91999816894531,52.31999969482422,51.77000045776367,52.31999969482422,46.712677001953125,17721400,0.0,0.0
2016-05-31 00:00:00-04:00,52.2599983215332,53.0,52.08000183105469,53.0,47.319801330566406,37653100,0.0,0.0
2016-06-01 00:00:00-04:00,52.439998626708984,52.95000076293945,52.439998626708984,52.849998474121094,47.185882568359375,25324800,0.0,0.0
2016-06-02 00:00:00-04:00,52.63999938964844,52.7400016784668,51.84000015258789,52.47999954223633,46.855533599853516,22840800,0.0,0.0
2016-06-03 00:00:00-04:00,52.380001068115234,52.41999816894531,51.599998474121094,51.790000915527344,46.23948287963867,23368300,0.0,0.0
2016-06-06 00:00:00-04:00,51.9900016784668,52.349998474121094,51.88999938964844,52.130001068115234,46.54304885864258,18243300,0.0,0.0
2016-06-07 00:00:00-04:00,52.2400016784668,52.72999954223633,52.099998474121094,52.099998474121094,46.51625442504883,20866800,0.0,0.0
2016-06-08 00:00:00-04:00,52.02000045776367,52.439998626708984,51.869998931884766,52.040000915527344,46.46268081665039,21149400,0.0,0.0
2016-06-09 00:00:00-04:00,52.0,52.0,51.4900016784668,51.619998931884766,46.087711334228516,20305700,0.0,0.0
2016-06-10 00:00:00-04:00,51.04999923706055,52.04999923706055,51.040000915527344,51.47999954223633,45.96270751953125,25833200,0.0,0.0
2016-06-13 00:00:00-04:00,49.58000183105469,50.720001220703125,49.060001373291016,50.13999938964844,44.76633071899414,83217800,0.0,0.0
2016-06-14 00:00:00-04:00,49.900001525878906,50.099998474121094,49.56999969482422,49.83000183105469,44.48953628540039,42577100,0.0,0.0
2016-06-15 00:00:00-04:00,49.779998779296875,50.119998931884766,49.689998626708984,49.689998626708984,44.36455154418945,33757600,0.0,0.0
2016-06-16 00:00:00-04:00,49.52000045776367,50.470001220703125,49.5099983215332,50.38999938964844,44.98952865600586,31188600,0.0,0.0
2016-06-17 00:00:00-04:00,50.40999984741211,50.43000030517578,49.81999969482422,50.130001068115234,44.75739669799805,45710500,0.0,0.0
2016-06-20 00:00:00-04:00,50.63999938964844,50.83000183105469,50.029998779296875,50.06999969482422,44.703819274902344,35607900,0.0,0.0
2016-06-21 00:00:00-04:00,50.20000076293945,51.43000030517578,50.15999984741211,51.189998626708984,45.70378112792969,34097800,0.0,0.0
2016-06-22 00:00:00-04:00,51.08000183105469,51.459999084472656,50.95000076293945,50.9900016784668,45.525230407714844,28816800,0.0,0.0
2016-06-23 00:00:00-04:00,51.279998779296875,52.060001373291016,51.150001525878906,51.90999984741211,46.34661102294922,29028800,0.0,0.0
2016-06-24 00:00:00-04:00,49.810001373291016,50.939998626708984,49.52000045776367,49.83000183105469,44.48953628540039,133503000,0.0,0.0
2016-06-27 00:00:00-04:00,49.099998474121094,49.150001525878906,48.040000915527344,48.43000030517578,43.23958969116211,50216300,0.0,0.0
2016-06-28 00:00:00-04:00,48.91999816894531,49.470001220703125,48.66999816894531,49.439998626708984,44.1413459777832,38140700,0.0,0.0
2016-06-29 00:00:00-04:00,49.90999984741211,50.720001220703125,49.79999923706055,50.540000915527344,45.12344741821289,31304000,0.0,0.0
2016-06-30 00:00:00-04:00,50.720001220703125,51.29999923706055,50.5,51.16999816894531,45.68593215942383,28527800,0.0,0.0
2016-07-01 00:00:00-04:00,51.130001068115234,51.720001220703125,51.06999969482422,51.15999984741211,45.677005767822266,21400400,0.0,0.0
2016-07-05 00:00:00-04:00,50.83000183105469,51.279998779296875,50.7400016784668,51.16999816894531,45.68593215942383,24806400,0.0,0.0
2016-07-06 00:00:00-04:00,50.779998779296875,51.540000915527344,50.38999938964844,51.380001068115234,45.87342834472656,28167500,0.0,0.0
2016-07-07 00:00:00-04:00,51.41999816894531,51.61000061035156,51.06999969482422,51.380001068115234,45.87342834472656,19585200,0.0,0.0
2016-07-08 00:00:00-04:00,51.72999954223633,52.36000061035156,51.54999923706055,52.29999923706055,46.694828033447266,28391000,0.0,0.0
2016-07-11 00:00:00-04:00,52.5,52.83000183105469,52.470001220703125,52.59000015258789,46.953739166259766,22269200,0.0,0.0
2016-07-12 00:00:00-04:00,52.939998626708984,53.400001525878906,52.790000915527344,53.209999084472656,47.50728988647461,27317600,0.0,0.0
2016-07-13 00:00:00-04:00,53.560001373291016,53.86000061035156,53.18000030517578,53.5099983215332,47.775142669677734,25356800,0.0,0.0
2016-07-14 00:00:00-04:00,53.84000015258789,53.9900016784668,53.58000183105469,53.7400016784668,47.98050308227539,24545500,0.0,0.0
2016-07-15 00:00:00-04:00,53.95000076293945,54.0,53.209999084472656,53.70000076293945,47.944786071777344,32024400,0.0,0.0
2016-07-18 00:00:00-04:00,53.70000076293945,54.34000015258789,53.54999923706055,53.959999084472656,48.17691421508789,31433900,0.0,0.0
2016-07-19 00:00:00-04:00,53.709999084472656,53.900001525878906,52.93000030517578,53.09000015258789,47.40016174316406,53336500,0.0,0.0
2016-07-20 00:00:00-04:00,56.150001525878906,56.84000015258789,55.529998779296875,55.90999984741211,49.917930603027344,89893300,0.0,0.0
2016-07-21 00:00:00-04:00,55.97999954223633,56.22999954223633,55.7599983215332,55.79999923706055,49.819725036621094,32776700,0.0,0.0
2016-07-22 00:00:00-04:00,56.08000183105469,56.630001068115234,55.779998779296875,56.56999969482422,50.5072021484375,32157200,0.0,0.0
2016-07-25 00:00:00-04:00,56.470001220703125,56.7400016784668,56.2599983215332,56.72999954223633,50.65005111694336,25610600,0.0,0.0
2016-07-26 00:00:00-04:00,56.52000045776367,57.290000915527344,56.5099983215332,56.7599983215332,50.67683029174805,28079000,0.0,0.0
2016-07-27 00:00:00-04:00,56.61000061035156,56.79999923706055,56.11000061035156,56.189998626708984,50.16791534423828,32327500,0.0,0.0
2016-07-28 00:00:00-04:00,56.0,56.369998931884766,55.720001220703125,56.209999084472656,50.18578338623047,37550400,0.0,0.0
2016-07-29 00:00:00-04:00,56.2599983215332,56.7599983215332,56.04999923706055,56.68000030517578,50.605403900146484,30558700,0.0,0.0
2016-08-01 00:00:00-04:00,56.599998474121094,56.75,56.13999938964844,56.58000183105469,50.51612854003906,26003400,0.0,0.0
2016-08-02 00:00:00-04:00,56.849998474121094,56.900001525878906,56.310001373291016,56.58000183105469,50.51612854003906,35122000,0.0,0.0
2016-08-03 00:00:00-04:00,56.68000030517578,57.11000061035156,56.4900016784668,56.970001220703125,50.864322662353516,22075600,0.0,0.0
2016-08-04 00:00:00-04:00,56.79999923706055,57.52000045776367,56.66999816894531,57.38999938964844,51.23931884765625,26587700,0.0,0.0
2016-08-05 00:00:00-04:00,57.650001525878906,58.209999084472656,57.45000076293945,57.959999084472656,51.74821853637695,29335200,0.0,0.0
2016-08-08 00:00:00-04:00,58.060001373291016,58.09000015258789,57.779998779296875,58.060001373291016,51.83750534057617,19473500,0.0,0.0
2016-08-09 00:00:00-04:00,58.16999816894531,58.5,58.02000045776367,58.20000076293945,51.96250534057617,16920700,0.0,0.0
2016-08-10 00:00:00-04:00,58.15999984741211,58.31999969482422,57.81999969482422,58.02000045776367,51.80179214477539,15756900,0.0,0.0
2016-08-11 00:00:00-04:00,58.029998779296875,58.45000076293945,58.029998779296875,58.29999923706055,52.05178451538086,18162300,0.0,0.0
2016-08-12 00:00:00-04:00,58.029998779296875,58.189998626708984,57.619998931884766,57.939998626708984,51.730377197265625,21655200,0.0,0.0
2016-08-15 00:00:00-04:00,58.0099983215332,58.5,57.959999084472656,58.119998931884766,51.891082763671875,19283900,0.0,0.0
2016-08-16 00:00:00-04:00,57.61000061035156,57.619998931884766,57.27000045776367,57.439998626708984,51.60359573364258,20523500,0.36,0.0
2016-08-17 00:00:00-04:00,57.540000915527344,57.68000030517578,57.22999954223633,57.560001373291016,51.711402893066406,18856400,0.0,0.0
2016-08-18 00:00:00-04:00,57.41999816894531,57.70000076293945,57.27000045776367,57.599998474121094,51.7473258972168,14214300,0.0,0.0
2016-08-19 00:00:00-04:00,57.43000030517578,57.72999954223633,57.20000076293945,57.619998931884766,51.76530075073242,17271000,0.0,0.0
2016-08-22 00:00:00-04:00,57.599998474121094,57.75,57.2599983215332,57.66999816894531,51.810218811035156,15221900,0.0,0.0
2016-08-23 00:00:00-04:00,57.900001525878906,58.18000030517578,57.849998474121094,57.88999938964844,52.00787353515625,18732400,0.0,0.0
2016-08-24 00:00:00-04:00,57.79999923706055,58.040000915527344,57.720001220703125,57.95000076293945,52.061763763427734,18151500,0.0,0.0
2016-08-25 00:00:00-04:00,57.880001068115234,58.290000915527344,57.779998779296875,58.16999816894531,52.25942611694336,18552600,0.0,0.0
2016-08-26 00:00:00-04:00,58.279998779296875,58.70000076293945,57.689998626708984,58.029998779296875,52.13364028930664,20971200,0.0,0.0
2016-08-29 00:00:00-04:00,58.18000030517578,58.599998474121094,58.099998474121094,58.099998474121094,52.196533203125,16417200,0.0,0.0
2016-08-30 00:00:00-04:00,57.97999954223633,58.189998626708984,57.61000061035156,57.88999938964844,52.00787353515625,16930200,0.0,0.0
2016-08-31 00:00:00-04:00,57.650001525878906,57.79999923706055,57.29999923706055,57.459999084472656,51.621559143066406,20860300,0.0,0.0
2016-09-01 00:00:00-04:00,57.0099983215332,57.81999969482422,57.0099983215332,57.59000015258789,51.738346099853516,26075400,0.0,0.0
2016-09-02 00:00:00-04:00,57.66999816894531,58.189998626708984,57.41999816894531,57.66999816894531,51.810218811035156,18900500,0.0,0.0
2016-09-06 00:00:00-04:00,57.779998779296875,57.79999923706055,57.209999084472656,57.61000061035156,51.75632095336914,16278400,0.0,0.0
2016-09-07 00:00:00-04:00,57.470001220703125,57.84000015258789,57.40999984741211,57.65999984741211,51.801231384277344,17493400,0.0,0.0
2016-09-08 00:00:00-04:00,57.630001068115234,57.790000915527344,57.18000030517578,57.43000030517578,51.594608306884766,20146100,0.0,0.0
2016-09-09 00:00:00-04:00,56.790000915527344,57.52000045776367,56.209999084472656,56.209999084472656,50.498565673828125,35113900,0.0,0.0
2016-09-12 00:00:00-04:00,56.0,57.209999084472656,55.61000061035156,57.04999923706055,51.25321960449219,29303000,0.0,0.0
2016-09-13 00:00:00-04:00,56.5,56.650001525878906,56.04999923706055,56.529998779296875,50.78607177734375,30130200,0.0,0.0
2016-09-14 00:00:00-04:00,56.38999938964844,56.630001068115234,56.029998779296875,56.2599983215332,50.54349136352539,24062500,0.0,0.0
2016-09-15 00:00:00-04:00,56.150001525878906,57.349998474121094,55.97999954223633,57.189998626708984,51.37899398803711,26847000,0.0,0.0
2016-09-16 00:00:00-04:00,57.630001068115234,57.630001068115234,56.75,57.25,51.43290328979492,44607000,0.0,0.0
2016-09-19 00:00:00-04:00,57.27000045776367,57.75,56.849998474121094,56.93000030517578,51.14542007446289,20937100,0.0,0.0
2016-09-20 00:00:00-04:00,57.349998474121094,57.349998474121094,56.75,56.810001373291016,51.0376091003418,17384000,0.0,0.0
2016-09-21 00:00:00-04:00,57.5099983215332,57.849998474121094,57.08000183105469,57.7599983215332,51.89107894897461,33707300,0.0,0.0
2016-09-22 00:00:00-04:00,57.91999816894531,58.0,57.630001068115234,57.81999969482422,51.94497299194336,19822200,0.0,0.0
2016-09-23 00:00:00-04:00,57.869998931884766,57.90999984741211,57.380001068115234,57.43000030517578,51.594608306884766,19955300,0.0,0.0
2016-09-26 00:00:00-04:00,57.08000183105469,57.13999938964844,56.83000183105469,56.900001525878906,51.11846160888672,21688700,0.0,0.0
2016-09-27 00:00:00-04:00,56.93000030517578,58.060001373291016,56.68000030517578,57.95000076293945,52.061763763427734,28065100,0.0,0.0
2016-09-28 00:00:00-04:00,57.880001068115234,58.060001373291016,57.66999816894531,58.029998779296875,52.13364028930664,20536400,0.0,0.0
2016-09-29 00:00:00-04:00,57.810001373291016,58.16999816894531,57.209999084472656,57.400001525878906,51.567657470703125,25463500,0.0,0.0
2016-09-30 00:00:00-04:00,57.56999969482422,57.77000045776367,57.34000015258789,57.599998474121094,51.7473258972168,29910800,0.0,0.0
2016-10-03 00:00:00-04:00,57.40999984741211,57.54999923706055,57.060001373291016,57.41999816894531,51.58561706542969,19189500,0.0,0.0
2016-10-04 00:00:00-04:00,57.27000045776367,57.599998474121094,56.970001220703125,57.2400016784668,51.42392349243164,20085900,0.0,0.0
2016-10-05 00:00:00-04:00,57.290000915527344,57.959999084472656,57.2599983215332,57.63999938964844,51.78327178955078,16726400,0.0,0.0
2016-10-06 00:00:00-04:00,57.7400016784668,57.86000061035156,57.279998779296875,57.7400016784668,51.87311553955078,16212600,0.0,0.0
2016-10-07 00:00:00-04:00,57.849998474121094,57.97999954223633,57.41999816894531,57.79999923706055,51.92700958251953,20089000,0.0,0.0
2016-10-10 00:00:00-04:00,57.90999984741211,58.38999938964844,57.869998931884766,58.040000915527344,52.14263916015625,18196500,0.0,0.0
2016-10-11 00:00:00-04:00,57.88999938964844,58.02000045776367,56.88999938964844,57.189998626708984,51.37899398803711,26497400,0.0,0.0
2016-10-12 00:00:00-04:00,57.11000061035156,57.27000045776367,56.400001525878906,57.11000061035156,51.307125091552734,22177500,0.0,0.0
2016-10-13 00:00:00-04:00,56.70000076293945,57.29999923706055,56.31999969482422,56.91999816894531,51.13642883300781,25313700,0.0,0.0
2016-10-14 00:00:00-04:00,57.119998931884766,57.7400016784668,57.119998931884766,57.41999816894531,51.58561706542969,27402500,0.0,0.0
2016-10-17 00:00:00-04:00,57.36000061035156,57.459999084472656,56.869998931884766,57.220001220703125,51.405948638916016,23830000,0.0,0.0
2016-10-18 00:00:00-04:00,57.529998779296875,57.95000076293945,57.40999984741211,57.65999984741211,51.801231384277344,19149500,0.0,0.0
2016-10-19 00:00:00-04:00,57.470001220703125,57.84000015258789,57.400001525878906,57.529998779296875,51.6844482421875,22878400,0.0,0.0
2016-10-20 00:00:00-04:00,57.5,57.52000045776367,56.65999984741211,57.25,51.43290328979492,49455600,0.0,0.0
2016-10-21 00:00:00-04:00,60.279998779296875,60.45000076293945,59.4900016784668,59.65999984741211,53.59801483154297,80032200,0.0,0.0
2016-10-24 00:00:00-04:00,59.939998626708984,61.0,59.93000030517578,61.0,54.801856994628906,54067000,0.0,0.0
2016-10-25 00:00:00-04:00,60.849998474121094,61.369998931884766,60.79999923706055,60.9900016784668,54.79288101196289,35137200,0.0,0.0
2016-10-26 00:00:00-04:00,60.810001373291016,61.20000076293945,60.470001220703125,60.630001068115234,54.469459533691406,29911600,0.0,0.0
2016-10-27 00:00:00-04:00,60.61000061035156,60.83000183105469,60.09000015258789,60.099998474121094,53.99331283569336,28479900,0.0,0.0
2016-10-28 00:00:00-04:00,60.0099983215332,60.52000045776367,59.58000183105469,59.869998931884766,53.78667449951172,33574700,0.0,0.0
2016-10-31 00:00:00-04:00,60.15999984741211,60.41999816894531,59.91999816894531,59.91999816894531,53.831600189208984,26434700,0.0,0.0
2016-11-01 00:00:00-04:00,59.970001220703125,60.02000045776367,59.25,59.79999923706055,53.72379684448242,24533000,0.0,0.0
2016-11-02 00:00:00-04:00,59.81999969482422,59.93000030517578,59.29999923706055,59.43000030517578,53.39139938354492,22147000,0.0,0.0
2016-11-03 00:00:00-04:00,59.529998779296875,59.63999938964844,59.11000061035156,59.209999084472656,53.19374465942383,21600400,0.0,0.0
2016-11-04 00:00:00-04:00,58.650001525878906,59.279998779296875,58.52000045776367,58.709999084472656,52.74455642700195,28697000,0.0,0.0
2016-11-07 00:00:00-05:00,59.779998779296875,60.52000045776367,59.779998779296875,60.41999816894531,54.280799865722656,31664800,0.0,0.0
2016-11-08 00:00:00-05:00,60.54999923706055,60.779998779296875,60.150001525878906,60.470001220703125,54.32573699951172,22935400,0.0,0.0
2016-11-09 00:00:00-05:00,60.0,60.59000015258789,59.20000076293945,60.16999816894531,54.05620193481445,49632500,0.0,0.0
2016-11-10 00:00:00-05:00,60.47999954223633,60.4900016784668,57.630001068115234,58.70000076293945,52.73556137084961,57822400,0.0,0.0
2016-11-11 00:00:00-05:00,58.22999954223633,59.119998931884766,58.0099983215332,59.02000045776367,53.02305603027344,38767800,0.0,0.0
2016-11-14 00:00:00-05:00,59.02000045776367,59.08000183105469,57.279998779296875,58.119998931884766,52.21450424194336,41328400,0.0,0.0
2016-11-15 00:00:00-05:00,58.33000183105469,59.4900016784668,58.31999969482422,58.869998931884766,53.24557876586914,35904100,0.39,0.0
2016-11-16 00:00:00-05:00,58.939998626708984,59.65999984741211,58.810001373291016,59.650001525878906,53.95105743408203,27332500,0.0,0.0
2016-11-17 00:00:00-05:00,60.40999984741211,60.95000076293945,59.970001220703125,60.63999938964844,54.84646987915039,32132700,0.0,0.0
2016-11-18 00:00:00-05:00,60.779998779296875,61.13999938964844,60.29999923706055,60.349998474121094,54.58418273925781,27686300,0.0,0.0
2016-11-21 00:00:00-05:00,60.5,60.970001220703125,60.41999816894531,60.86000061035156,55.04545211791992,19652600,0.0,0.0
2016-11-22 00:00:00-05:00,60.97999954223633,61.2599983215332,60.810001373291016,61.119998931884766,55.280616760253906,23206700,0.0,0.0
2016-11-23 00:00:00-05:00,61.0099983215332,61.099998474121094,60.25,60.400001525878906,54.629417419433594,21848900,0.0,0.0
2016-11-25 00:00:00-05:00,60.29999923706055,60.529998779296875,60.130001068115234,60.529998779296875,54.746986389160156,8409600,0.0,0.0
2016-11-28 00:00:00-05:00,60.34000015258789,61.02000045776367,60.209999084472656,60.61000061035156,54.819339752197266,20732600,0.0,0.0
2016-11-29 00:00:00-05:00,60.650001525878906,61.40999984741211,60.52000045776367,61.09000015258789,55.253482818603516,22366700,0.0,0.0
2016-11-30 00:00:00-05:00,60.86000061035156,61.18000030517578,60.220001220703125,60.2599983215332,54.502769470214844,34655400,0.0,0.0
2016-12-01 00:00:00-05:00,60.11000061035156,60.150001525878906,58.939998626708984,59.20000076293945,53.54404830932617,34542100,0.0,0.0
2016-12-02 00:00:00-05:00,59.08000183105469,59.470001220703125,58.79999923706055,59.25,53.58927536010742,25515700,0.0,0.0
2016-12-05 00:00:00-05:00,59.70000076293945,60.59000015258789,59.560001373291016,60.220001220703125,54.466590881347656,23552700,0.0,0.0
2016-12-06 00:00:00-05:00,60.43000030517578,60.459999084472656,59.79999923706055,59.95000076293945,54.22240447998047,19907000,0.0,0.0
2016-12-07 00:00:00-05:00,60.0099983215332,61.380001068115234,59.79999923706055,61.369998931884766,55.506710052490234,30809000,0.0,0.0
2016-12-08 00:00:00-05:00,61.29999923706055,61.58000183105469,60.84000015258789,61.0099983215332,55.18111801147461,21220800,0.0,0.0
2016-12-09 00:00:00-05:00,61.18000030517578,61.9900016784668,61.130001068115234,61.970001220703125,56.049415588378906,27349400,0.0,0.0
2016-12-12 00:00:00-05:00,61.81999969482422,62.29999923706055,61.720001220703125,62.16999816894531,56.23028564453125,20198100,0.0,0.0
2016-12-13 00:00:00-05:00,62.5,63.41999816894531,62.2400016784668,62.97999954223633,56.96290969848633,35718900,0.0,0.0
2016-12-14 00:00:00-05:00,63.0,63.45000076293945,62.529998779296875,62.68000030517578,56.69157409667969,30352700,0.0,0.0
2016-12-15 00:00:00-05:00,62.70000076293945,63.150001525878906,62.29999923706055,62.58000183105469,56.60113525390625,27669900,0.0,0.0
2016-12-16 00:00:00-05:00,62.95000076293945,62.95000076293945,62.119998931884766,62.29999923706055,56.34788513183594,42453100,0.0,0.0
2016-12-19 00:00:00-05:00,62.560001373291016,63.77000045776367,62.41999816894531,63.619998931884766,57.541778564453125,34338200,0.0,0.0
2016-12-20 00:00:00-05:00,63.689998626708984,63.79999923706055,63.029998779296875,63.540000915527344,57.46941375732422,26028400,0.0,0.0
2016-12-21 00:00:00-05:00,63.43000030517578,63.70000076293945,63.119998931884766,63.540000915527344,57.46941375732422,17096300,0.0,0.0
2016-12-22 00:00:00-05:00,63.84000015258789,64.0999984741211,63.40999984741211,63.54999923706055,57.47844696044922,22176600,0.0,0.0
2016-12-23 00:00:00-05:00,63.45000076293945,63.540000915527344,62.79999923706055,63.2400016784668,57.19807815551758,12403800,0.0,0.0
2016-12-27 00:00:00-05:00,63.209999084472656,64.06999969482422,63.209999084472656,63.279998779296875,57.2342529296875,11763200,0.0,0.0
2016-12-28 00:00:00-05:00,63.400001525878906,63.400001525878906,62.83000183105469,62.9900016784668,56.971961975097656,14653300,0.0,0.0
2016-12-29 00:00:00-05:00,62.86000061035156,63.20000076293945,62.72999954223633,62.900001525878906,56.89055633544922,10250600,0.0,0.0
2016-12-30 00:00:00-05:00,62.959999084472656,62.9900016784668,62.029998779296875,62.13999938964844,56.203163146972656,25579900,0.0,0.0
2017-01-03 00:00:00-05:00,62.790000915527344,62.84000015258789,62.130001068115234,62.58000183105469,56.60113525390625,20694100,0.0,0.0
2017-01-04 00:00:00-05:00,62.47999954223633,62.75,62.119998931884766,62.29999923706055,56.34788513183594,21340000,0.0,0.0
2017-01-05 00:00:00-05:00,62.189998626708984,62.65999984741211,62.029998779296875,62.29999923706055,56.34788513183594,24876000,0.0,0.0
2017-01-06 00:00:00-05:00,62.29999923706055,63.150001525878906,62.040000915527344,62.84000015258789,56.8362922668457,19922900,0.0,0.0
2017-01-09 00:00:00-05:00,62.7599983215332,63.08000183105469,62.540000915527344,62.63999938964844,56.65541076660156,20382700,0.0,0.0
2017-01-10 00:00:00-05:00,62.72999954223633,63.06999969482422,62.279998779296875,62.619998931884766,56.637306213378906,18593000,0.0,0.0
2017-01-11 00:00:00-05:00,62.61000061035156,63.22999954223633,62.43000030517578,63.189998626708984,57.15284729003906,21517300,0.0,0.0
2017-01-12 00:00:00-05:00,63.060001373291016,63.400001525878906,61.95000076293945,62.61000061035156,56.628257751464844,20968200,0.0,0.0
2017-01-13 00:00:00-05:00,62.619998931884766,62.869998931884766,62.349998474121094,62.70000076293945,56.70966339111328,19422300,0.0,0.0
2017-01-17 00:00:00-05:00,62.68000030517578,62.70000076293945,62.029998779296875,62.529998779296875,56.55589294433594,20664000,0.0,0.0
2017-01-18 00:00:00-05:00,62.66999816894531,62.70000076293945,62.119998931884766,62.5,56.52878189086914,19670100,0.0,0.0
2017-01-19 00:00:00-05:00,62.2400016784668,62.97999954223633,62.20000076293945,62.29999923706055,56.34788513183594,18451700,0.0,0.0
2017-01-20 00:00:00-05:00,62.66999816894531,62.81999969482422,62.369998931884766,62.7400016784668,56.745845794677734,30213500,0.0,0.0
2017-01-23 00:00:00-05:00,62.70000076293945,63.119998931884766,62.56999969482422,62.959999084472656,56.944820404052734,23097600,0.0,0.0
2017-01-24 00:00:00-05:00,63.20000076293945,63.7400016784668,62.939998626708984,63.52000045776367,57.451332092285156,24672900,0.0,0.0
2017-01-25 00:00:00-05:00,63.95000076293945,64.0999984741211,63.45000076293945,63.68000030517578,57.59603500366211,23672700,0.0,0.0
2017-01-26 00:00:00-05:00,64.12000274658203,64.54000091552734,63.54999923706055,64.2699966430664,58.129661560058594,43554600,0.0,0.0
2017-01-27 00:00:00-05:00,65.38999938964844,65.91000366210938,64.88999938964844,65.77999877929688,59.49540710449219,44818000,0.0,0.0
2017-01-30 00:00:00-05:00,65.69000244140625,65.79000091552734,64.80000305175781,65.12999725341797,58.90749740600586,31651400,0.0,0.0
2017-01-31 00:00:00-05:00,64.86000061035156,65.1500015258789,64.26000213623047,64.6500015258789,58.47336959838867,25270500,0.0,0.0
2017-02-01 00:00:00-05:00,64.36000061035156,64.62000274658203,63.470001220703125,63.58000183105469,57.50559616088867,39671500,0.0,0.0
2017-02-02 00:00:00-05:00,63.25,63.40999984741211,62.75,63.16999816894531,57.134769439697266,45827000,0.0,0.0
2017-02-03 00:00:00-05:00,63.5,63.70000076293945,63.06999969482422,63.68000030517578,57.59603500366211,30301800,0.0,0.0
2017-02-06 00:00:00-05:00,63.5,63.650001525878906,63.13999938964844,63.63999938964844,57.55985641479492,19796400,0.0,0.0
2017-02-07 00:00:00-05:00,63.7400016784668,63.779998779296875,63.22999954223633,63.43000030517578,57.36991500854492,20277200,0.0,0.0
2017-02-08 00:00:00-05:00,63.56999969482422,63.810001373291016,63.220001220703125,63.34000015258789,57.288516998291016,18096400,0.0,0.0
2017-02-09 00:00:00-05:00,63.52000045776367,64.44000244140625,63.31999969482422,64.05999755859375,57.939727783203125,22644400,0.0,0.0
2017-02-10 00:00:00-05:00,64.25,64.30000305175781,63.97999954223633,64.0,57.88546371459961,18170700,0.0,0.0
2017-02-13 00:00:00-05:00,64.23999786376953,64.86000061035156,64.12999725341797,64.72000122070312,58.53667449951172,22920100,0.0,0.0
2017-02-14 00:00:00-05:00,64.41000366210938,64.72000122070312,64.0199966430664,64.56999969482422,58.75505828857422,23108400,0.39,0.0
2017-02-15 00:00:00-05:00,64.5,64.56999969482422,64.16000366210938,64.52999877929688,58.71865463256836,17005200,0.0,0.0
2017-02-16 00:00:00-05:00,64.73999786376953,65.23999786376953,64.44000244140625,64.5199966430664,58.70954895019531,20546300,0.0,0.0
2017-02-17 00:00:00-05:00,64.47000122070312,64.69000244140625,64.30000305175781,64.62000274658203,58.80056381225586,21248800,0.0,0.0
2017-02-21 00:00:00-05:00,64.61000061035156,64.94999694824219,64.44999694824219,64.48999786376953,58.6822624206543,20655900,0.0,0.0
2017-02-22 00:00:00-05:00,64.33000183105469,64.38999938964844,64.05000305175781,64.36000061035156,58.563968658447266,19292700,0.0,0.0
2017-02-23 00:00:00-05:00,64.41999816894531,64.7300033569336,64.19000244140625,64.62000274658203,58.80056381225586,20273100,0.0,0.0
2017-02-24 00:00:00-05:00,64.52999877929688,64.80000305175781,64.13999938964844,64.62000274658203,58.80056381225586,21796800,0.0,0.0
2017-02-27 00:00:00-05:00,64.54000091552734,64.54000091552734,64.05000305175781,64.2300033569336,58.4456787109375,15871500,0.0,0.0
2017-02-28 00:00:00-05:00,64.08000183105469,64.19999694824219,63.7599983215332,63.97999954223633,58.21818542480469,23239800,0.0,0.0
2017-03-01 00:00:00-05:00,64.12999725341797,64.98999786376953,64.0199966430664,64.94000244140625,59.091732025146484,26937500,0.0,0.0
2017-03-02 00:00:00-05:00,64.69000244140625,64.75,63.880001068115234,64.01000213623047,58.2454833984375,24539600,0.0,0.0
2017-03-03 00:00:00-05:00,63.9900016784668,64.27999877929688,63.619998931884766,64.25,58.46388244628906,18135900,0.0,0.0
2017-03-06 00:00:00-05:00,63.970001220703125,64.55999755859375,63.810001373291016,64.2699966430664,58.4820671081543,18750300,0.0,0.0
2017-03-07 00:00:00-05:00,64.19000244140625,64.77999877929688,64.19000244140625,64.4000015258789,58.600364685058594,18521000,0.0,0.0
2017-03-08 00:00:00-05:00,64.26000213623047,65.08000183105469,64.25,64.98999786376953,59.13724136352539,21510900,0.0,0.0
2017-03-09 00:00:00-05:00,65.19000244140625,65.19999694824219,64.4800033569336,64.7300033569336,58.90065383911133,19846800,0.0,0.0
2017-03-10 00:00:00-05:00,65.11000061035156,65.26000213623047,64.75,64.93000030517578,59.08264923095703,19538200,0.0,0.0
2017-03-13 00:00:00-04:00,65.01000213623047,65.19000244140625,64.56999969482422,64.70999908447266,58.88245391845703,20100000,0.0,0.0
2017-03-14 00:00:00-04:00,64.52999877929688,64.55000305175781,64.1500015258789,64.41000366210938,58.60947036743164,14280200,0.0,0.0
2017-03-15 00:00:00-04:00,64.55000305175781,64.91999816894531,64.25,64.75,58.918861389160156,24833800,0.0,0.0
2017-03-16 00:00:00-04:00,64.75,64.76000213623047,64.30000305175781,64.63999938964844,58.818756103515625,20674300,0.0,0.0
2017-03-17 00:00:00-04:00,64.91000366210938,65.23999786376953,64.68000030517578,64.87000274658203,59.028053283691406,49219700,0.0,0.0
2017-03-20 00:00:00-04:00,64.91000366210938,65.18000030517578,64.72000122070312,64.93000030517578,59.08264923095703,14598100,0.0,0.0
2017-03-21 00:00:00-04:00,65.19000244140625,65.5,64.12999725341797,64.20999908447266,58.427486419677734,26640500,0.0,0.0
2017-03-22 00:00:00-04:00,64.12000274658203,65.13999938964844,64.12000274658203,65.02999877929688,59.17363357543945,20680000,0.0,0.0
2017-03-23 00:00:00-04:00,64.94000244140625,65.23999786376953,64.7699966430664,64.87000274658203,59.028053283691406,19269200,0.0,0.0
2017-03-24 00:00:00-04:00,65.36000061035156,65.44999694824219,64.76000213623047,64.9800033569336,59.128135681152344,22617100,0.0,0.0
2017-03-27 00:00:00-04:00,64.62999725341797,65.22000122070312,64.3499984741211,65.0999984741211,59.23733139038086,18614700,0.0,0.0
2017-03-28 00:00:00-04:00,64.95999908447266,65.47000122070312,64.6500015258789,65.29000091552734,59.41021728515625,20080400,0.0,0.0
2017-03-29 00:00:00-04:00,65.12000274658203,65.5,64.94999694824219,65.47000122070312,59.574012756347656,13618400,0.0,0.0
2017-03-30 00:00:00-04:00,65.41999816894531,65.9800033569336,65.36000061035156,65.70999908447266,59.79239273071289,15122800,0.0,0.0
2017-03-31 00:00:00-04:00,65.6500015258789,66.19000244140625,65.44999694824219,65.86000061035156,59.92890167236328,21040300,0.0,0.0
2017-04-03 00:00:00-04:00,65.80999755859375,65.94000244140625,65.19000244140625,65.55000305175781,59.64681625366211,20400900,0.0,0.0
2017-04-04 00:00:00-04:00,65.38999938964844,65.80999755859375,65.27999877929688,65.7300033569336,59.81060791015625,12997400,0.0,0.0
2017-04-05 00:00:00-04:00,66.30000305175781,66.3499984741211,65.44000244140625,65.55999755859375,59.6558952331543,21448600,0.0,0.0
2017-04-06 00:00:00-04:00,65.5999984741211,66.05999755859375,65.4800033569336,65.7300033569336,59.81060791015625,18103500,0.0,0.0
2017-04-07 00:00:00-04:00,65.8499984741211,65.95999908447266,65.44000244140625,65.68000030517578,59.765106201171875,14108500,0.0,0.0
2017-04-10 00:00:00-04:00,65.61000061035156,65.81999969482422,65.36000061035156,65.52999877929688,59.62861251831055,17952700,0.0,0.0
2017-04-11 00:00:00-04:00,65.5999984741211,65.61000061035156,64.8499984741211,65.4800033569336,59.58311080932617,18791500,0.0,0.0
2017-04-12 00:00:00-04:00,65.41999816894531,65.51000213623047,65.11000061035156,65.2300033569336,59.35563659667969,17108500,0.0,0.0
2017-04-13 00:00:00-04:00,65.29000091552734,65.86000061035156,64.94999694824219,64.94999694824219,59.10083770751953,17896500,0.0,0.0
2017-04-17 00:00:00-04:00,65.04000091552734,65.48999786376953,65.01000213623047,65.4800033569336,59.58311080932617,16689300,0.0,0.0
2017-04-18 00:00:00-04:00,65.33000183105469,65.70999908447266,65.16000366210938,65.38999938964844,59.50120162963867,15155600,0.0,0.0
2017-04-19 00:00:00-04:00,65.6500015258789,65.75,64.88999938964844,65.04000091552734,59.18273162841797,26992800,0.0,0.0
2017-04-20 00:00:00-04:00,65.45999908447266,65.75,65.13999938964844,65.5,59.601314544677734,22299500,0.0,0.0
2017-04-21 00:00:00-04:00,65.66999816894531,66.69999694824219,65.44999694824219,66.4000015258789,60.420257568359375,32522600,0.0,0.0
2017-04-24 00:00:00-04:00,67.4800033569336,67.66000366210938,67.0999984741211,67.52999877929688,61.448486328125,29770000,0.0,0.0
2017-04-25 00:00:00-04:00,67.9000015258789,68.04000091552734,67.5999984741211,67.91999816894531,61.803367614746094,30242700,0.0,0.0
2017-04-26 00:00:00-04:00,68.08000183105469,68.30999755859375,67.62000274658203,67.83000183105469,61.721473693847656,26190800,0.0,0.0
2017-04-27 00:00:00-04:00,68.1500015258789,68.37999725341797,67.58000183105469,68.2699966430664,62.121849060058594,34971000,0.0,0.0
2017-04-28 00:00:00-04:00,68.91000366210938,69.13999938964844,67.69000244140625,68.45999908447266,62.29476547241211,39548800,0.0,0.0
2017-05-01 00:00:00-04:00,68.68000030517578,69.55000305175781,68.5,69.41000366210938,63.159202575683594,31954400,0.0,0.0
2017-05-02 00:00:00-04:00,69.70999908447266,69.70999908447266,69.12999725341797,69.30000305175781,63.05910110473633,23906100,0.0,0.0
2017-05-03 00:00:00-04:00,69.37999725341797,69.37999725341797,68.70999908447266,69.08000183105469,62.85890579223633,28928000,0.0,0.0
2017-05-04 00:00:00-04:00,69.02999877929688,69.08000183105469,68.63999938964844,68.80999755859375,62.61322784423828,21749400,0.0,0.0
2017-05-05 00:00:00-04:00,68.9000015258789,69.02999877929688,68.48999786376953,69.0,62.78609848022461,19128800,0.0,0.0
2017-05-08 00:00:00-04:00,68.97000122070312,69.05000305175781,68.41999816894531,68.94000244140625,62.73152542114258,18566100,0.0,0.0
2017-05-09 00:00:00-04:00,68.86000061035156,69.27999877929688,68.68000030517578,69.04000091552734,62.8224983215332,22858400,0.0,0.0
2017-05-10 00:00:00-04:00,68.98999786376953,69.55999755859375,68.91999816894531,69.30999755859375,63.06819152832031,17977800,0.0,0.0
2017-05-11 00:00:00-04:00,68.36000061035156,68.7300033569336,68.12000274658203,68.45999908447266,62.29476547241211,28789400,0.0,0.0
2017-05-12 00:00:00-04:00,68.61000061035156,68.61000061035156,68.04000091552734,68.37999725341797,62.221946716308594,18714100,0.0,0.0
2017-05-15 00:00:00-04:00,68.13999938964844,68.4800033569336,67.56999969482422,68.43000030517578,62.26742935180664,31530300,0.0,0.0
2017-05-16 00:00:00-04:00,68.2300033569336,69.44000244140625,68.16000366210938,69.41000366210938,63.52122497558594,34956000,0.39,0.0
2017-05-17 00:00:00-04:00,68.88999938964844,69.0999984741211,67.43000030517578,67.4800033569336,61.75495910644531,30548800,0.0,0.0
2017-05-18 00:00:00-04:00,67.4000015258789,68.12999725341797,67.13999938964844,67.70999908447266,61.96544647216797,25201300,0.0,0.0
2017-05-19 00:00:00-04:00,67.5,68.0999984741211,67.43000030517578,67.69000244140625,61.94713592529297,26961100,0.0,0.0
2017-05-22 00:00:00-04:00,67.88999938964844,68.5,67.5,68.44999694824219,62.642662048339844,16237600,0.0,0.0
2017-05-23 00:00:00-04:00,68.72000122070312,68.75,68.37999725341797,68.68000030517578,62.8531494140625,15425800,0.0,0.0
2017-05-24 00:00:00-04:00,68.87000274658203,68.87999725341797,68.44999694824219,68.7699966430664,62.935516357421875,14593900,0.0,0.0
2017-05-25 00:00:00-04:00,68.97000122070312,69.87999725341797,68.91000366210938,69.62000274658203,63.71340560913086,21854100,0.0,0.0
2017-05-26 00:00:00-04:00,69.80000305175781,70.22000122070312,69.5199966430664,69.95999908447266,64.02455139160156,19827900,0.0,0.0
2017-05-30 00:00:00-04:00,69.79000091552734,70.41000366210938,69.7699966430664,70.41000366210938,64.4363784790039,17072800,0.0,0.0
2017-05-31 00:00:00-04:00,70.52999877929688,70.73999786376953,69.80999755859375,69.83999633789062,63.91474151611328,30436400,0.0,0.0
2017-06-01 00:00:00-04:00,70.23999786376953,70.61000061035156,69.44999694824219,70.0999984741211,64.15269470214844,21603600,0.0,0.0
2017-06-02 00:00:00-04:00,70.44000244140625,71.86000061035156,70.23999786376953,71.76000213623047,65.67184448242188,34770300,0.0,0.0
2017-06-05 00:00:00-04:00,71.97000122070312,72.88999938964844,71.80999755859375,72.27999877929688,66.147705078125,33316800,0.0,0.0
2017-06-06 00:00:00-04:00,72.30000305175781,72.62000274658203,72.2699966430664,72.5199966430664,66.36736297607422,31511100,0.0,0.0
2017-06-07 00:00:00-04:00,72.63999938964844,72.7699966430664,71.94999694824219,72.38999938964844,66.2483901977539,22301800,0.0,0.0
2017-06-08 00:00:00-04:00,72.51000213623047,72.5199966430664,71.5,71.94999694824219,65.8457260131836,24588300,0.0,0.0
2017-06-09 00:00:00-04:00,72.04000091552734,72.08000183105469,68.58999633789062,70.31999969482422,64.35400390625,49187400,0.0,0.0
2017-06-12 00:00:00-04:00,69.25,69.94000244140625,68.12999725341797,69.77999877929688,63.85981369018555,47761700,0.0,0.0
2017-06-13 00:00:00-04:00,70.0199966430664,70.81999969482422,69.95999908447266,70.6500015258789,64.65599822998047,25258600,0.0,0.0
2017-06-14 00:00:00-04:00,70.91000366210938,71.0999984741211,69.43000030517578,70.2699966430664,64.30824279785156,25510700,0.0,0.0
2017-06-15 00:00:00-04:00,69.2699966430664,70.20999908447266,68.80000305175781,69.9000015258789,63.969627380371094,26068700,0.0,0.0
2017-06-16 00:00:00-04:00,69.7300033569336,70.02999877929688,69.22000122070312,70.0,64.0611572265625,48345100,0.0,0.0
2017-06-19 00:00:00-04:00,70.5,70.94000244140625,70.3499984741211,70.87000274658203,64.85735321044922,23798300,0.0,0.0
2017-06-20 00:00:00-04:00,70.81999969482422,70.87000274658203,69.87000274658203,69.91000366210938,63.978797912597656,21512200,0.0,0.0
2017-06-21 00:00:00-04:00,70.20999908447266,70.62000274658203,69.94000244140625,70.2699966430664,64.30824279785156,19891100,0.0,0.0
2017-06-22 00:00:00-04:00,70.54000091552734,70.58999633789062,69.70999908447266,70.26000213623047,64.29907989501953,22965700,0.0,0.0
2017-06-23 00:00:00-04:00,70.08999633789062,71.25,69.91999816894531,71.20999908447266,65.1684799194336,27617300,0.0,0.0
2017-06-26 00:00:00-04:00,71.4000015258789,71.70999908447266,70.44000244140625,70.52999877929688,64.54617309570312,19607000,0.0,0.0
2017-06-27 00:00:00-04:00,70.11000061035156,70.18000030517578,69.18000030517578,69.20999908447266,63.338191986083984,25215100,0.0,0.0
2017-06-28 00:00:00-04:00,69.20999908447266,69.83999633789062,68.79000091552734,69.80000305175781,63.87813949584961,25806200,0.0,0.0
2017-06-29 00:00:00-04:00,69.37999725341797,69.48999786376953,68.08999633789062,68.48999786376953,62.67924499511719,28918700,0.0,0.0
2017-06-30 00:00:00-04:00,68.77999877929688,69.37999725341797,68.73999786376953,68.93000030517578,63.08195114135742,24161100,0.0,0.0
2017-07-03 00:00:00-04:00,69.33000183105469,69.5999984741211,68.0199966430664,68.16999816894531,62.38641357421875,16165500,0.0,0.0
2017-07-05 00:00:00-04:00,68.26000213623047,69.44000244140625,68.22000122070312,69.08000183105469,63.21924591064453,21176300,0.0,0.0
2017-07-06 00:00:00-04:00,68.2699966430664,68.77999877929688,68.12000274658203,68.56999969482422,62.752479553222656,21117600,0.0,0.0
2017-07-07 00:00:00-04:00,68.69999694824219,69.83999633789062,68.69999694824219,69.45999908447266,63.56696319580078,16878300,0.0,0.0
2017-07-10 00:00:00-04:00,69.45999908447266,70.25,69.19999694824219,69.9800033569336,64.0428695678711,15014500,0.0,0.0
2017-07-11 00:00:00-04:00,70.0,70.68000030517578,69.75,69.98999786376953,64.05199432373047,17460000,0.0,0.0
2017-07-12 00:00:00-04:00,70.69000244140625,71.27999877929688,70.55000305175781,71.1500015258789,65.11360168457031,17750900,0.0,0.0
2017-07-13 00:00:00-04:00,71.5,72.04000091552734,71.30999755859375,71.7699966430664,65.68099212646484,20269800,0.0,0.0
2017-07-14 00:00:00-04:00,72.23999786376953,73.2699966430664,71.95999908447266,72.77999877929688,66.60530090332031,25868100,0.0,0.0
2017-07-17 00:00:00-04:00,72.80000305175781,73.44999694824219,72.72000122070312,73.3499984741211,67.12692260742188,21803900,0.0,0.0
2017-07-18 00:00:00-04:00,73.08999633789062,73.38999938964844,72.66000366210938,73.30000305175781,67.0811767578125,26435300,0.0,0.0
2017-07-19 00:00:00-04:00,73.5,74.04000091552734,73.44999694824219,73.86000061035156,67.59368133544922,22416200,0.0,0.0
2017-07-20 00:00:00-04:00,74.18000030517578,74.30000305175781,73.27999877929688,74.22000122070312,67.9231185913086,42361000,0.0,0.0
2017-07-21 00:00:00-04:00,73.44999694824219,74.29000091552734,73.16999816894531,73.79000091552734,67.52961730957031,46717100,0.0,0.0
2017-07-24 00:00:00-04:00,73.52999877929688,73.75,73.12999725341797,73.5999984741211,67.35574340820312,21394800,0.0,0.0
2017-07-25 00:00:00-04:00,73.80000305175781,74.30999755859375,73.5,74.19000244140625,67.89567565917969,22018700,0.0,0.0
2017-07-26 00:00:00-04:00,74.33999633789062,74.37999725341797,73.80999755859375,74.05000305175781,67.76754760742188,16252200,0.0,0.0
2017-07-27 00:00:00-04:00,73.76000213623047,74.41999816894531,72.31999969482422,73.16000366210938,66.95306396484375,36844200,0.0,0.0
2017-07-28 00:00:00-04:00,72.66999816894531,73.30999755859375,72.54000091552734,73.04000091552734,66.8432388305664,18306700,0.0,0.0
2017-07-31 00:00:00-04:00,73.30000305175781,73.44000244140625,72.41000366210938,72.69999694824219,66.53208923339844,23600100,0.0,0.0
2017-08-01 00:00:00-04:00,73.0999984741211,73.41999816894531,72.48999786376953,72.58000183105469,66.4222640991211,22132300,0.0,0.0
2017-08-02 00:00:00-04:00,72.55000305175781,72.55999755859375,71.44000244140625,72.26000213623047,66.12943267822266,26499200,0.0,0.0
2017-08-03 00:00:00-04:00,72.19000244140625,72.44000244140625,71.8499984741211,72.1500015258789,66.02874755859375,18214400,0.0,0.0
2017-08-04 00:00:00-04:00,72.4000015258789,73.04000091552734,72.23999786376953,72.68000030517578,66.51376342773438,22579000,0.0,0.0
2017-08-07 00:00:00-04:00,72.80000305175781,72.9000015258789,72.26000213623047,72.4000015258789,66.25753021240234,18705700,0.0,0.0
2017-08-08 00:00:00-04:00,72.08999633789062,73.12999725341797,71.75,72.79000091552734,66.61444091796875,22044600,0.0,0.0
2017-08-09 00:00:00-04:00,72.25,72.51000213623047,72.05000305175781,72.47000122070312,66.32161712646484,22213400,0.0,0.0
2017-08-10 00:00:00-04:00,71.9000015258789,72.19000244140625,71.3499984741211,71.41000366210938,65.35154724121094,24734500,0.0,0.0
2017-08-11 00:00:00-04:00,71.61000061035156,72.69999694824219,71.27999877929688,72.5,66.34904479980469,21443700,0.0,0.0
2017-08-14 00:00:00-04:00,73.05999755859375,73.72000122070312,72.94999694824219,73.58999633789062,67.34656524658203,20096600,0.0,0.0
2017-08-15 00:00:00-04:00,73.58999633789062,73.58999633789062,73.04000091552734,73.22000122070312,67.36497497558594,19181400,0.39,0.0
2017-08-16 00:00:00-04:00,73.33999633789062,74.0999984741211,73.16999816894531,73.6500015258789,67.7605972290039,18150400,0.0,0.0
2017-08-17 00:00:00-04:00,73.58000183105469,73.87000274658203,72.4000015258789,72.4000015258789,66.61054229736328,22977500,0.0,0.0
2017-08-18 00:00:00-04:00,72.2699966430664,72.83999633789062,71.93000030517578,72.48999786376953,66.693359375,18761500,0.0,0.0
2017-08-21 00:00:00-04:00,72.47000122070312,72.4800033569336,71.69999694824219,72.1500015258789,66.38056182861328,17734800,0.0,0.0
2017-08-22 00:00:00-04:00,72.3499984741211,73.23999786376953,72.3499984741211,73.16000366210938,67.30978393554688,14343700,0.0,0.0
2017-08-23 00:00:00-04:00,72.95999908447266,73.1500015258789,72.52999877929688,72.72000122070312,66.90495300292969,13766500,0.0,0.0
2017-08-24 00:00:00-04:00,72.73999786376953,72.86000061035156,72.06999969482422,72.69000244140625,66.87737274169922,17098300,0.0,0.0
2017-08-25 00:00:00-04:00,72.86000061035156,73.3499984741211,72.4800033569336,72.81999969482422,66.99697875976562,12794300,0.0,0.0
2017-08-28 00:00:00-04:00,73.05999755859375,73.08999633789062,72.55000305175781,72.83000183105469,67.00615692138672,14569700,0.0,0.0
2017-08-29 00:00:00-04:00,72.25,73.16000366210938,72.05000305175781,73.05000305175781,67.20856475830078,11478400,0.0,0.0
2017-08-30 00:00:00-04:00,73.01000213623047,74.20999908447266,72.83000183105469,74.01000213623047,68.09181213378906,16897800,0.0,0.0
2017-08-31 00:00:00-04:00,74.02999877929688,74.95999908447266,73.80000305175781,74.7699966430664,68.79103088378906,27652800,0.0,0.0
2017-09-01 00:00:00-04:00,74.70999908447266,74.73999786376953,73.63999938964844,73.94000244140625,68.02739715576172,21736200,0.0,0.0
2017-09-05 00:00:00-04:00,73.33999633789062,73.88999938964844,72.9800033569336,73.61000061035156,67.72378540039062,21556000,0.0,0.0
2017-09-06 00:00:00-04:00,73.73999786376953,74.04000091552734,73.3499984741211,73.4000015258789,67.53058624267578,16535800,0.0,0.0
2017-09-07 00:00:00-04:00,73.68000030517578,74.5999984741211,73.5999984741211,74.33999633789062,68.39541625976562,17471200,0.0,0.0
2017-09-08 00:00:00-04:00,74.33000183105469,74.44000244140625,73.83999633789062,73.9800033569336,68.06420135498047,14703800,0.0,0.0
2017-09-11 00:00:00-04:00,74.30999755859375,74.94000244140625,74.30999755859375,74.76000213623047,68.7818374633789,17910400,0.0,0.0
2017-09-12 00:00:00-04:00,74.76000213623047,75.23999786376953,74.37000274658203,74.68000030517578,68.70823669433594,14394900,0.0,0.0
2017-09-13 00:00:00-04:00,74.93000030517578,75.2300033569336,74.55000305175781,75.20999908447266,69.19583892822266,13380800,0.0,0.0
2017-09-14 00:00:00-04:00,75.0,75.48999786376953,74.5199966430664,74.7699966430664,68.79103088378906,15733900,0.0,0.0
2017-09-15 00:00:00-04:00,74.83000183105469,75.38999938964844,74.06999969482422,75.30999755859375,69.28787231445312,38578400,0.0,0.0
2017-09-18 00:00:00-04:00,75.2300033569336,75.97000122070312,75.04000091552734,75.16000366210938,69.14986419677734,23307000,0.0,0.0
2017-09-19 00:00:00-04:00,75.20999908447266,75.70999908447266,75.01000213623047,75.44000244140625,69.40745544433594,16093300,0.0,0.0
2017-09-20 00:00:00-04:00,75.3499984741211,75.55000305175781,74.30999755859375,74.94000244140625,68.94745635986328,21587900,0.0,0.0
2017-09-21 00:00:00-04:00,75.11000061035156,75.23999786376953,74.11000061035156,74.20999908447266,68.27581787109375,19186100,0.0,0.0
2017-09-22 00:00:00-04:00,73.98999786376953,74.51000213623047,73.8499984741211,74.41000366210938,68.45980834960938,14111400,0.0,0.0
2017-09-25 00:00:00-04:00,74.08999633789062,74.25,72.91999816894531,73.26000213623047,67.40177154541016,24149200,0.0,0.0
2017-09-26 00:00:00-04:00,73.66999816894531,73.80999755859375,72.98999786376953,73.26000213623047,67.40177154541016,18019600,0.0,0.0
2017-09-27 00:00:00-04:00,73.55000305175781,74.16999816894531,73.16999816894531,73.8499984741211,67.94458770751953,19565100,0.0,0.0
2017-09-28 00:00:00-04:00,73.54000091552734,73.97000122070312,73.30999755859375,73.87000274658203,67.96300506591797,10883800,0.0,0.0
2017-09-29 00:00:00-04:00,73.94000244140625,74.54000091552734,73.87999725341797,74.48999786376953,68.53343200683594,17079100,0.0,0.0
2017-10-02 00:00:00-04:00,74.70999908447266,75.01000213623047,74.30000305175781,74.61000061035156,68.64384460449219,15304800,0.0,0.0
2017-10-03 00:00:00-04:00,74.66999816894531,74.87999725341797,74.19000244140625,74.26000213623047,68.32181549072266,12190400,0.0,0.0
2017-10-04 00:00:00-04:00,74.08999633789062,74.72000122070312,73.70999908447266,74.69000244140625,68.71743774414062,13317700,0.0,0.0
2017-10-05 00:00:00-04:00,75.22000122070312,76.12000274658203,74.95999908447266,75.97000122070312,69.89505767822266,21195300,0.0,0.0
2017-10-06 00:00:00-04:00,75.66999816894531,76.02999877929688,75.54000091552734,76.0,69.92268371582031,13959800,0.0,0.0
2017-10-09 00:00:00-04:00,75.97000122070312,76.55000305175781,75.86000061035156,76.29000091552734,70.18949127197266,11386500,0.0,0.0
2017-10-10 00:00:00-04:00,76.33000183105469,76.62999725341797,76.13999938964844,76.29000091552734,70.18949127197266,13944500,0.0,0.0
2017-10-11 00:00:00-04:00,76.36000061035156,76.45999908447266,75.94999694824219,76.41999816894531,70.30908966064453,15388900,0.0,0.0
2017-10-12 00:00:00-04:00,76.48999786376953,77.29000091552734,76.37000274658203,77.12000274658203,70.95311737060547,16876500,0.0,0.0
2017-10-13 00:00:00-04:00,77.58999633789062,77.87000274658203,77.29000091552734,77.48999786376953,71.29353332519531,15335700,0.0,0.0
2017-10-16 00:00:00-04:00,77.41999816894531,77.80999755859375,77.3499984741211,77.6500015258789,71.44075012207031,12380100,0.0,0.0
2017-10-17 00:00:00-04:00,77.47000122070312,77.62000274658203,77.25,77.58999633789062,71.38553619384766,16824000,0.0,0.0
2017-10-18 00:00:00-04:00,77.66999816894531,77.8499984741211,77.37000274658203,77.61000061035156,71.40393829345703,13300700,0.0,0.0
2017-10-19 00:00:00-04:00,77.56999969482422,77.93000030517578,77.3499984741211,77.91000366210938,71.679931640625,15092800,0.0,0.0
2017-10-20 00:00:00-04:00,78.31999969482422,78.97000122070312,78.22000122070312,78.80999755859375,72.50798034667969,22866400,0.0,0.0
2017-10-23 00:00:00-04:00,78.98999786376953,79.33999633789062,78.76000213623047,78.83000183105469,72.52638244628906,20627200,0.0,0.0
2017-10-24 00:00:00-04:00,78.9000015258789,79.19999694824219,78.45999908447266,78.86000061035156,72.553955078125,17517200,0.0,0.0
2017-10-25 00:00:00-04:00,78.58000183105469,79.0999984741211,78.01000213623047,78.62999725341797,72.34236907958984,20410800,0.0,0.0
2017-10-26 00:00:00-04:00,79.19999694824219,79.41999816894531,78.75,78.76000213623047,72.46197509765625,32120700,0.0,0.0
2017-10-27 00:00:00-04:00,84.37000274658203,86.19999694824219,83.61000061035156,83.80999755859375,77.108154296875,71066700,0.0,0.0
2017-10-30 00:00:00-04:00,83.69999694824219,84.33000183105469,83.11000061035156,83.88999938964844,77.18177032470703,31756700,0.0,0.0
2017-10-31 00:00:00-04:00,84.36000061035156,84.36000061035156,83.11000061035156,83.18000030517578,76.52852630615234,27086600,0.0,0.0
2017-11-01 00:00:00-04:00,83.68000030517578,83.76000213623047,82.87999725341797,83.18000030517578,76.52852630615234,22307400,0.0,0.0
2017-11-02 00:00:00-04:00,83.3499984741211,84.45999908447266,83.12000274658203,84.05000305175781,77.32897186279297,23992900,0.0,0.0
2017-11-03 00:00:00-04:00,84.08000183105469,84.54000091552734,83.4000015258789,84.13999938964844,77.41177368164062,17633500,0.0,0.0
2017-11-06 00:00:00-05:00,84.19999694824219,84.69999694824219,84.08000183105469,84.47000122070312,77.71539306640625,19860900,0.0,0.0
2017-11-07 00:00:00-05:00,84.7699966430664,84.9000015258789,83.93000030517578,84.2699966430664,77.53137969970703,17939700,0.0,0.0
2017-11-08 00:00:00-05:00,84.13999938964844,84.61000061035156,83.83000183105469,84.55999755859375,77.79817962646484,18034200,0.0,0.0
2017-11-09 00:00:00-05:00,84.11000061035156,84.2699966430664,82.9000015258789,84.08999633789062,77.36576843261719,21178400,0.0,0.0
2017-11-10 00:00:00-05:00,83.79000091552734,84.0999984741211,83.2300033569336,83.87000274658203,77.16336059570312,19397800,0.0,0.0
2017-11-13 00:00:00-05:00,83.66000366210938,83.94000244140625,83.45999908447266,83.93000030517578,77.21855163574219,14196900,0.0,0.0
2017-11-14 00:00:00-05:00,83.5,84.0999984741211,82.9800033569336,84.05000305175781,77.32897186279297,18801300,0.0,0.0
2017-11-15 00:00:00-05:00,83.47000122070312,83.69000244140625,82.69000244140625,82.9800033569336,76.72795867919922,19383100,0.42,0.0
2017-11-16 00:00:00-05:00,83.0999984741211,83.41999816894531,82.94000244140625,83.19999694824219,76.93135070800781,20962800,0.0,0.0
2017-11-17 00:00:00-05:00,83.12000274658203,83.12000274658203,82.23999786376953,82.4000015258789,76.191650390625,22079000,0.0,0.0
2017-11-20 00:00:00-05:00,82.4000015258789,82.58999633789062,82.25,82.52999877929688,76.31182861328125,16315000,0.0,0.0
2017-11-21 00:00:00-05:00,82.73999786376953,83.83999633789062,82.73999786376953,83.72000122070312,77.41218566894531,21237500,0.0,0.0
2017-11-22 00:00:00-05:00,83.83000183105469,83.9000015258789,83.04000091552734,83.11000061035156,76.84815216064453,20553100,0.0,0.0
2017-11-24 00:00:00-05:00,83.01000213623047,83.43000030517578,82.77999877929688,83.26000213623047,76.9868392944336,7425600,0.0,0.0
2017-11-27 00:00:00-05:00,83.30999755859375,83.9800033569336,83.30000305175781,83.87000274658203,77.55088806152344,18265200,0.0,0.0
2017-11-28 00:00:00-05:00,84.06999969482422,85.05999755859375,84.0199966430664,84.87999725341797,78.48477935791016,21926000,0.0,0.0
2017-11-29 00:00:00-05:00,84.70999908447266,84.91999816894531,83.18000030517578,83.33999633789062,77.0608139038086,27381100,0.0,0.0
2017-11-30 00:00:00-05:00,83.51000213623047,84.5199966430664,83.33999633789062,84.16999816894531,77.82826232910156,33054600,0.0,0.0
2017-12-01 00:00:00-05:00,83.5999984741211,84.80999755859375,83.22000122070312,84.26000213623047,77.9114990234375,29532100,0.0,0.0
2017-12-04 00:00:00-05:00,84.41999816894531,84.43000030517578,80.69999694824219,81.08000183105469,74.9710922241211,39094900,0.0,0.0
2017-12-05 00:00:00-05:00,81.33999633789062,82.68000030517578,80.9800033569336,81.58999633789062,75.44266510009766,26152300,0.0,0.0
2017-12-06 00:00:00-05:00,81.55000305175781,83.13999938964844,81.43000030517578,82.77999877929688,76.54299926757812,26162100,0.0,0.0
2017-12-07 00:00:00-05:00,82.54000091552734,82.80000305175781,82.0,82.48999786376953,76.27484130859375,23184500,0.0,0.0
2017-12-08 00:00:00-05:00,83.62999725341797,84.58000183105469,83.33000183105469,84.16000366210938,77.81902313232422,24489100,0.0,0.0
2017-12-11 00:00:00-05:00,84.29000091552734,85.37000274658203,84.12000274658203,85.2300033569336,78.80841827392578,22857900,0.0,0.0
2017-12-12 00:00:00-05:00,85.30999755859375,86.05000305175781,85.08000183105469,85.58000183105469,79.1320571899414,23924100,0.0,0.0
2017-12-13 00:00:00-05:00,85.73999786376953,86.0,85.16999816894531,85.3499984741211,78.91935729980469,22062700,0.0,0.0
2017-12-14 00:00:00-05:00,85.43000030517578,85.87000274658203,84.52999877929688,84.69000244140625,78.30909729003906,19306000,0.0,0.0
2017-12-15 00:00:00-05:00,85.26000213623047,87.08999633789062,84.87999725341797,86.8499984741211,80.30635833740234,53936700,0.0,0.0
2017-12-18 00:00:00-05:00,87.12000274658203,87.5,86.2300033569336,86.37999725341797,79.87179565429688,22283800,0.0,0.0
2017-12-19 00:00:00-05:00,86.3499984741211,86.3499984741211,85.2699966430664,85.83000183105469,79.36321258544922,23524800,0.0,0.0
2017-12-20 00:00:00-05:00,86.19999694824219,86.30000305175781,84.70999908447266,85.5199966430664,79.07657623291016,23674900,0.0,0.0
2017-12-21 00:00:00-05:00,86.05000305175781,86.0999984741211,85.4000015258789,85.5,79.05807495117188,17990700,0.0,0.0
2017-12-22 00:00:00-05:00,85.4000015258789,85.62999725341797,84.91999816894531,85.51000213623047,79.06729888916016,14145800,0.0,0.0
2017-12-26 00:00:00-05:00,85.30999755859375,85.52999877929688,85.02999877929688,85.4000015258789,78.96560668945312,9891200,0.0,0.0
2017-12-27 00:00:00-05:00,85.6500015258789,85.9800033569336,85.22000122070312,85.70999908447266,79.25225067138672,14678000,0.0,0.0
2017-12-28 00:00:00-05:00,85.9000015258789,85.93000030517578,85.55000305175781,85.72000122070312,79.26145935058594,10594300,0.0,0.0
2017-12-29 00:00:00-05:00,85.62999725341797,86.05000305175781,85.5,85.54000091552734,79.0950698852539,18717400,0.0,0.0
2018-01-02 00:00:00-05:00,86.12999725341797,86.30999755859375,85.5,85.94999694824219,79.47416687011719,22483800,0.0,0.0
2018-01-03 00:00:00-05:00,86.05999755859375,86.51000213623047,85.97000122070312,86.3499984741211,79.84400939941406,26061400,0.0,0.0
2018-01-04 00:00:00-05:00,86.58999633789062,87.66000366210938,86.56999969482422,87.11000061035156,80.5467529296875,21912000,0.0,0.0
2018-01-05 00:00:00-05:00,87.66000366210938,88.41000366210938,87.43000030517578,88.19000244140625,81.54541015625,23407100,0.0,0.0
2018-01-08 00:00:00-05:00,88.19999694824219,88.58000183105469,87.5999984741211,88.27999877929688,81.62861633300781,22113000,0.0,0.0
2018-01-09 00:00:00-05:00,88.6500015258789,88.7300033569336,87.86000061035156,88.22000122070312,81.57312774658203,19484300,0.0,0.0
2018-01-10 00:00:00-05:00,87.86000061035156,88.19000244140625,87.41000366210938,87.81999969482422,81.2032699584961,18652200,0.0,0.0
2018-01-11 00:00:00-05:00,88.12999725341797,88.12999725341797,87.23999786376953,88.08000183105469,81.44367980957031,17808900,0.0,0.0
2018-01-12 00:00:00-05:00,88.66999816894531,89.77999877929688,88.44999694824219,89.5999984741211,82.84915161132812,24271500,0.0,0.0
2018-01-16 00:00:00-05:00,90.0999984741211,90.79000091552734,88.01000213623047,88.3499984741211,81.69332885742188,36599700,0.0,0.0
2018-01-17 00:00:00-05:00,89.08000183105469,90.27999877929688,88.75,90.13999938964844,83.34849548339844,25621200,0.0,0.0
2018-01-18 00:00:00-05:00,89.80000305175781,90.66999816894531,89.66000366210938,90.0999984741211,83.3115005493164,24159700,0.0,0.0
2018-01-19 00:00:00-05:00,90.13999938964844,90.61000061035156,89.66000366210938,90.0,83.2190170288086,36875000,0.0,0.0
2018-01-22 00:00:00-05:00,90.0,91.62000274658203,89.73999786376953,91.61000061035156,84.70771026611328,23601600,0.0,0.0
2018-01-23 00:00:00-05:00,91.9000015258789,92.30000305175781,91.54000091552734,91.9000015258789,84.9758529663086,23412800,0.0,0.0
2018-01-24 00:00:00-05:00,92.55000305175781,93.43000030517578,91.58000183105469,91.81999969482422,84.9018783569336,33277500,0.0,0.0
2018-01-25 00:00:00-05:00,92.47000122070312,93.23999786376953,91.93000030517578,92.33000183105469,85.37347412109375,26383200,0.0,0.0
2018-01-26 00:00:00-05:00,93.12000274658203,94.05999755859375,92.58000183105469,94.05999755859375,86.97311401367188,29172200,0.0,0.0
2018-01-29 00:00:00-05:00,95.13999938964844,95.44999694824219,93.72000122070312,93.91999816894531,86.84366607666016,31569900,0.0,0.0
2018-01-30 00:00:00-05:00,93.30000305175781,93.66000366210938,92.0999984741211,92.73999786376953,85.7525634765625,38635100,0.0,0.0
2018-01-31 00:00:00-05:00,93.75,95.4000015258789,93.51000213623047,95.01000213623047,87.85154724121094,48756300,0.0,0.0
2018-02-01 00:00:00-05:00,94.79000091552734,96.06999969482422,93.58000183105469,94.26000213623047,87.15806579589844,47227900,0.0,0.0
2018-02-02 00:00:00-05:00,93.63999938964844,93.97000122070312,91.5,91.77999877929688,84.86489868164062,47867800,0.0,0.0
2018-02-05 00:00:00-05:00,90.55999755859375,93.23999786376953,88.0,88.0,81.36972045898438,51031500,0.0,0.0
2018-02-06 00:00:00-05:00,86.88999938964844,91.4800033569336,85.25,91.33000183105469,84.44880676269531,67998600,0.0,0.0
2018-02-07 00:00:00-05:00,90.48999786376953,91.7699966430664,89.19999694824219,89.61000061035156,82.85843658447266,41107600,0.0,0.0
2018-02-08 00:00:00-05:00,89.70999908447266,89.87999725341797,84.76000213623047,85.01000213623047,78.60497283935547,55628700,0.0,0.0
2018-02-09 00:00:00-05:00,86.30000305175781,88.93000030517578,83.83000183105469,88.18000030517578,81.5361328125,63499100,0.0,0.0
2018-02-12 00:00:00-05:00,88.73999786376953,89.77999877929688,87.93000030517578,89.12999725341797,82.4145736694336,35720300,0.0,0.0
2018-02-13 00:00:00-05:00,88.93000030517578,90.0,87.80000305175781,89.83000183105469,83.06182098388672,26407700,0.0,0.0
2018-02-14 00:00:00-05:00,88.51000213623047,90.98999786376953,88.41000366210938,90.80999755859375,84.36241912841797,34960900,0.42,0.0
2018-02-15 00:00:00-05:00,91.20999908447266,92.72000122070312,90.62000274658203,92.66000366210938,86.08108520507812,27823900,0.0,0.0
2018-02-16 00:00:00-05:00,92.44999694824219,93.5,91.80000305175781,92.0,85.46792602539062,30596900,0.0,0.0
2018-02-20 00:00:00-05:00,91.4800033569336,93.05999755859375,91.01000213623047,92.72000122070312,86.13681030273438,30911700,0.0,0.0
2018-02-21 00:00:00-05:00,92.9800033569336,93.36000061035156,91.48999786376953,91.48999786376953,84.99413299560547,26922500,0.0,0.0
2018-02-22 00:00:00-05:00,92.05000305175781,92.7300033569336,91.36000061035156,91.7300033569336,85.21710205078125,24392800,0.0,0.0
2018-02-23 00:00:00-05:00,93.5999984741211,94.06999969482422,92.36000061035156,94.05999755859375,87.38166809082031,26329200,0.0,0.0
2018-02-26 00:00:00-05:00,94.4000015258789,95.44999694824219,94.25,95.41999816894531,88.64509582519531,30199800,0.0,0.0
2018-02-27 00:00:00-05:00,95.73999786376953,95.83999633789062,94.19999694824219,94.19999694824219,87.5117416381836,25869100,0.0,0.0
2018-02-28 00:00:00-05:00,94.83999633789062,95.70999908447266,93.62999725341797,93.7699966430664,87.11225128173828,31167300,0.0,0.0
2018-03-01 00:00:00-05:00,93.98999786376953,94.56999969482422,91.83999633789062,92.8499984741211,86.25759887695312,37135600,0.0,0.0
2018-03-02 00:00:00-05:00,91.58000183105469,93.1500015258789,90.86000061035156,93.05000305175781,86.4433822631836,32830400,0.0,0.0
2018-03-05 00:00:00-05:00,92.33999633789062,94.2699966430664,92.26000213623047,93.63999938964844,86.99150085449219,23901600,0.0,0.0
2018-03-06 00:00:00-05:00,94.33999633789062,94.48999786376953,92.94000244140625,93.31999969482422,86.69422149658203,22175800,0.0,0.0
2018-03-07 00:00:00-05:00,93.16000366210938,93.94000244140625,92.43000030517578,93.86000061035156,87.19586944580078,26716100,0.0,0.0
2018-03-08 00:00:00-05:00,94.2699966430664,95.0999984741211,93.7699966430664,94.43000030517578,87.72538757324219,25887800,0.0,0.0
2018-03-09 00:00:00-05:00,95.29000091552734,96.54000091552734,95.0,96.54000091552734,89.68558502197266,36937300,0.0,0.0
2018-03-12 00:00:00-04:00,96.5,97.20999908447266,96.04000091552734,96.7699966430664,89.89926147460938,26073700,0.0,0.0
2018-03-13 00:00:00-04:00,97.0,97.23999786376953,93.97000122070312,94.41000366210938,87.7068099975586,35387800,0.0,0.0
2018-03-14 00:00:00-04:00,95.12000274658203,95.41000366210938,93.5,93.8499984741211,87.18658447265625,32132000,0.0,0.0
2018-03-15 00:00:00-04:00,93.52999877929688,94.58000183105469,92.83000183105469,94.18000030517578,87.49317169189453,27611000,0.0,0.0
2018-03-16 00:00:00-04:00,94.68000030517578,95.37999725341797,93.91999816894531,94.5999984741211,87.88333892822266,49081300,0.0,0.0
2018-03-19 00:00:00-04:00,93.73999786376953,93.9000015258789,92.11000061035156,92.88999938964844,86.29474639892578,33344100,0.0,0.0
2018-03-20 00:00:00-04:00,93.05000305175781,93.7699966430664,93.0,93.12999725341797,86.51770782470703,23075200,0.0,0.0
2018-03-21 00:00:00-04:00,92.93000030517578,94.05000305175781,92.20999908447266,92.4800033569336,85.91385650634766,24457100,0.0,0.0
2018-03-22 00:00:00-04:00,91.2699966430664,91.75,89.66000366210938,89.79000091552734,83.41484069824219,38604700,0.0,0.0
2018-03-23 00:00:00-04:00,89.5,90.45999908447266,87.08000183105469,87.18000030517578,80.99015045166016,44068900,0.0,0.0
2018-03-26 00:00:00-04:00,90.61000061035156,94.0,90.4000015258789,93.77999877929688,87.12154388427734,56396800,0.0,0.0
2018-03-27 00:00:00-04:00,94.94000244140625,95.13999938964844,88.51000213623047,89.47000122070312,83.1175765991211,56569000,0.0,0.0
2018-03-28 00:00:00-04:00,89.81999969482422,91.2300033569336,88.87000274658203,89.38999938964844,83.0432357788086,52501100,0.0,0.0
2018-03-29 00:00:00-04:00,90.18000030517578,92.29000091552734,88.4000015258789,91.2699966430664,84.78977966308594,45867500,0.0,0.0
2018-04-02 00:00:00-04:00,90.47000122070312,90.87999725341797,87.51000213623047,88.5199966430664,82.23501586914062,48515400,0.0,0.0
2018-04-03 00:00:00-04:00,89.58000183105469,90.05000305175781,87.88999938964844,89.70999908447266,83.34051513671875,37213800,0.0,0.0
2018-04-04 00:00:00-04:00,87.8499984741211,92.76000213623047,87.7300033569336,92.33000183105469,85.7745132446289,35560000,0.0,0.0
2018-04-05 00:00:00-04:00,92.44000244140625,93.06999969482422,91.4000015258789,92.37999725341797,85.82095336914062,29771900,0.0,0.0
2018-04-06 00:00:00-04:00,91.48999786376953,92.45999908447266,89.4800033569336,90.2300033569336,83.82360076904297,38026000,0.0,0.0
2018-04-09 00:00:00-04:00,91.04000091552734,93.16999816894531,90.62000274658203,90.7699966430664,84.32527160644531,31533900,0.0,0.0
2018-04-10 00:00:00-04:00,92.38999938964844,93.27999877929688,91.63999938964844,92.87999725341797,86.28544616699219,26812000,0.0,0.0
2018-04-11 00:00:00-04:00,92.01000213623047,93.29000091552734,91.4800033569336,91.86000061035156,85.33787536621094,24872100,0.0,0.0
2018-04-12 00:00:00-04:00,92.43000030517578,94.16000366210938,92.43000030517578,93.58000183105469,86.93576049804688,26758900,0.0,0.0
2018-04-13 00:00:00-04:00,94.05000305175781,94.18000030517578,92.44000244140625,93.08000183105469,86.47126007080078,23346100,0.0,0.0
2018-04-16 00:00:00-04:00,94.06999969482422,94.66000366210938,93.41999816894531,94.16999816894531,87.48387145996094,20288100,0.0,0.0
2018-04-17 00:00:00-04:00,95.0,96.54000091552734,94.87999725341797,96.06999969482422,89.24895477294922,26771000,0.0,0.0
2018-04-18 00:00:00-04:00,96.22000122070312,96.72000122070312,95.5199966430664,96.44000244140625,89.59268951416016,21043300,0.0,0.0
2018-04-19 00:00:00-04:00,96.44000244140625,97.06999969482422,95.33999633789062,96.11000061035156,89.28609466552734,23552500,0.0,0.0
2018-04-20 00:00:00-04:00,95.91000366210938,96.11000061035156,94.05000305175781,95.0,88.25492095947266,31154400,0.0,0.0
2018-04-23 00:00:00-04:00,95.73999786376953,96.29000091552734,94.62999725341797,95.3499984741211,88.58008575439453,22331800,0.0,0.0
2018-04-24 00:00:00-04:00,96.23999786376953,96.47000122070312,92.41000366210938,93.12000274658203,86.50841522216797,34524800,0.0,0.0
2018-04-25 00:00:00-04:00,93.30000305175781,93.30000305175781,90.27999877929688,92.30999755859375,85.75592041015625,33729300,0.0,0.0
2018-04-26 00:00:00-04:00,93.55000305175781,95.1500015258789,93.0999984741211,94.26000213623047,87.5674819946289,42529000,0.0,0.0
2018-04-27 00:00:00-04:00,97.5999984741211,97.9000015258789,93.91000366210938,95.81999969482422,89.0167007446289,48272800,0.0,0.0
2018-04-30 00:00:00-04:00,96.33000183105469,96.4000015258789,93.1500015258789,93.5199966430664,86.88001251220703,41523600,0.0,0.0
2018-05-01 00:00:00-04:00,93.20999908447266,95.29000091552734,92.79000091552734,95.0,88.25492095947266,31408900,0.0,0.0
2018-05-02 00:00:00-04:00,94.98999786376953,95.16999816894531,93.19000244140625,93.51000213623047,86.87073516845703,27471000,0.0,0.0
2018-05-03 00:00:00-04:00,92.95999908447266,94.93000030517578,92.44999694824219,94.06999969482422,87.3909683227539,31142500,0.0,0.0
2018-05-04 00:00:00-04:00,93.31999969482422,95.37000274658203,92.91999816894531,95.16000366210938,88.40357208251953,22531300,0.0,0.0
2018-05-07 00:00:00-04:00,95.16999816894531,96.70999908447266,95.0999984741211,96.22000122070312,89.38831329345703,24242000,0.0,0.0
2018-05-08 00:00:00-04:00,95.8499984741211,96.16000366210938,95.05999755859375,95.80999755859375,89.00740814208984,23484600,0.0,0.0
2018-05-09 00:00:00-04:00,96.01000213623047,96.97000122070312,95.05000305175781,96.94000244140625,90.05719757080078,27327400,0.0,0.0
2018-05-10 00:00:00-04:00,97.45999908447266,97.94999694824219,97.05000305175781,97.91000366210938,90.95833587646484,22388100,0.0,0.0
2018-05-11 00:00:00-04:00,97.80000305175781,97.87000274658203,97.04000091552734,97.69999694824219,90.76322937011719,16778300,0.0,0.0
2018-05-14 00:00:00-04:00,97.91999816894531,98.69000244140625,97.30999755859375,98.02999877929688,91.06980895996094,19454100,0.0,0.0
2018-05-15 00:00:00-04:00,97.23999786376953,97.8499984741211,96.33999633789062,97.31999969482422,90.41020202636719,24594000,0.0,0.0
2018-05-16 00:00:00-04:00,97.36000061035156,97.4000015258789,96.62000274658203,97.1500015258789,90.64347076416016,17384700,0.42,0.0
2018-05-17 00:00:00-04:00,96.76000213623047,97.54000091552734,95.83000183105469,96.18000030517578,89.7384262084961,17246700,0.0,0.0
2018-05-18 00:00:00-04:00,96.01000213623047,96.93000030517578,96.01000213623047,96.36000061035156,89.90637969970703,17865800,0.0,0.0
2018-05-21 00:00:00-04:00,97.0,98.01000213623047,96.80000305175781,97.5999984741211,91.06330871582031,19422500,0.0,0.0
2018-05-22 00:00:00-04:00,97.68000030517578,98.16999816894531,97.19999694824219,97.5,90.97004699707031,15441200,0.0,0.0
2018-05-23 00:00:00-04:00,96.70999908447266,98.7300033569336,96.31999969482422,98.66000366210938,92.05233764648438,21251200,0.0,0.0
2018-05-24 00:00:00-04:00,98.7300033569336,98.94000244140625,96.80999755859375,98.30999755859375,91.72576141357422,26649300,0.0,0.0
2018-05-25 00:00:00-04:00,98.30000305175781,98.9800033569336,97.86000061035156,98.36000061035156,91.77244567871094,18363900,0.0,0.0
2018-05-29 00:00:00-04:00,97.83999633789062,98.87999725341797,97.2300033569336,98.01000213623047,91.44587707519531,28671000,0.0,0.0
2018-05-30 00:00:00-04:00,98.30999755859375,99.25,97.91000366210938,98.94999694824219,92.3228988647461,22158500,0.0,0.0
2018-05-31 00:00:00-04:00,99.29000091552734,99.98999786376953,98.61000061035156,98.83999633789062,92.22030639648438,34140900,0.0,0.0
2018-06-01 00:00:00-04:00,99.27999877929688,100.86000061035156,99.16999816894531,100.79000091552734,94.0396957397461,28655600,0.0,0.0
2018-06-04 00:00:00-04:00,101.26000213623047,101.86000061035156,100.8499984741211,101.66999816894531,94.8607406616211,27281600,0.0,0.0
2018-06-05 00:00:00-04:00,102.0,102.33000183105469,101.52999877929688,102.19000244140625,95.34593963623047,23514400,0.0,0.0
2018-06-06 00:00:00-04:00,102.4800033569336,102.5999984741211,101.9000015258789,102.48999786376953,95.62581634521484,21122900,0.0,0.0
2018-06-07 00:00:00-04:00,102.6500015258789,102.69000244140625,100.37999725341797,100.87999725341797,94.12367248535156,28232200,0.0,0.0
2018-06-08 00:00:00-04:00,101.08999633789062,101.94999694824219,100.54000091552734,101.62999725341797,94.82341766357422,22165100,0.0,0.0
2018-06-11 00:00:00-04:00,101.01000213623047,101.58999633789062,100.66999816894531,101.05000305175781,94.28227233886719,23490900,0.0,0.0
2018-06-12 00:00:00-04:00,101.0999984741211,101.44999694824219,100.75,101.30999755859375,94.52484893798828,18325200,0.0,0.0
2018-06-13 00:00:00-04:00,101.72000122070312,102.01000213623047,100.55999755859375,100.8499984741211,94.0956802368164,29492900,0.0,0.0
2018-06-14 00:00:00-04:00,101.6500015258789,102.02999877929688,101.0,101.41999816894531,94.62748718261719,25691800,0.0,0.0
2018-06-15 00:00:00-04:00,101.51000213623047,101.52999877929688,100.06999969482422,100.12999725341797,93.42388916015625,65738600,0.0,0.0
2018-06-18 00:00:00-04:00,100.01000213623047,101.11000061035156,99.41999816894531,100.86000061035156,94.10499572753906,23586000,0.0,0.0
2018-06-19 00:00:00-04:00,99.6500015258789,101.0,99.5,100.86000061035156,94.10499572753906,28653100,0.0,0.0
2018-06-20 00:00:00-04:00,101.37000274658203,102.5199966430664,101.12000274658203,101.87000274658203,95.04737854003906,26180800,0.0,0.0
2018-06-21 00:00:00-04:00,102.08000183105469,102.45999908447266,100.87999725341797,101.13999938964844,94.36621856689453,23198200,0.0,0.0
2018-06-22 00:00:00-04:00,100.41000366210938,100.7699966430664,99.62999725341797,100.41000366210938,93.68514251708984,38923100,0.0,0.0
2018-06-25 00:00:00-04:00,100.0,100.11000061035156,97.30000305175781,98.38999938964844,91.80042266845703,35433300,0.0,0.0
2018-06-26 00:00:00-04:00,98.81999969482422,100.08000183105469,98.75,99.08000183105469,92.4442138671875,26897200,0.0,0.0
2018-06-27 00:00:00-04:00,99.58000183105469,100.0199966430664,97.4000015258789,97.54000091552734,91.0073471069336,31298400,0.0,0.0
2018-06-28 00:00:00-04:00,97.37999725341797,99.11000061035156,97.26000213623047,98.62999725341797,92.02434539794922,26650700,0.0,0.0
2018-06-29 00:00:00-04:00,98.93000030517578,99.91000366210938,98.33000183105469,98.61000061035156,92.00572204589844,28053200,0.0,0.0
2018-07-02 00:00:00-04:00,98.0999984741211,100.05999755859375,98.0,100.01000213623047,93.31193542480469,19564500,0.0,0.0
2018-07-03 00:00:00-04:00,100.4800033569336,100.62999725341797,98.94000244140625,99.05000305175781,92.41622161865234,14670300,0.0,0.0
2018-07-05 00:00:00-04:00,99.5,99.91999816894531,99.02999877929688,99.76000213623047,93.07865905761719,18977400,0.0,0.0
2018-07-06 00:00:00-04:00,99.88999938964844,101.43000030517578,99.66999816894531,101.16000366210938,94.38491821289062,19234600,0.0,0.0
2018-07-09 00:00:00-04:00,101.6500015258789,102.25,101.25,101.8499984741211,95.02867889404297,18212000,0.0,0.0
2018-07-10 00:00:00-04:00,102.0,102.51000213623047,101.86000061035156,102.12000274658203,95.28060913085938,19293100,0.0,0.0
2018-07-11 00:00:00-04:00,101.1500015258789,102.33999633789062,101.0999984741211,101.9800033569336,95.14998626708984,19644600,0.0,0.0
2018-07-12 00:00:00-04:00,102.7699966430664,104.41000366210938,102.7300033569336,104.19000244140625,97.21196746826172,24335900,0.0,0.0
2018-07-13 00:00:00-04:00,104.37000274658203,105.5999984741211,104.08999633789062,105.43000030517578,98.3689193725586,24635200,0.0,0.0
2018-07-16 00:00:00-04:00,105.4000015258789,105.81999969482422,104.5199966430664,104.91000366210938,97.88375854492188,21786900,0.0,0.0
2018-07-17 00:00:00-04:00,104.61000061035156,106.5,104.31999969482422,105.94999694824219,98.85411071777344,25901700,0.0,0.0
2018-07-18 00:00:00-04:00,105.94000244140625,106.05000305175781,104.72000122070312,105.12000274658203,98.0796890258789,29493900,0.0,0.0
2018-07-19 00:00:00-04:00,104.93000030517578,105.30999755859375,103.88999938964844,104.4000015258789,97.40789794921875,40171600,0.0,0.0
2018-07-20 00:00:00-04:00,108.08000183105469,108.19999694824219,106.08000183105469,106.2699966430664,99.15267944335938,56004000,0.0,0.0
2018-07-23 00:00:00-04:00,106.30000305175781,108.13999938964844,106.12999725341797,107.97000122070312,100.7387924194336,29707000,0.0,0.0
2018-07-24 00:00:00-04:00,108.56999969482422,108.81999969482422,107.26000213623047,107.66000366210938,100.44955444335938,26316600,0.0,0.0
2018-07-25 00:00:00-04:00,107.95999908447266,111.1500015258789,107.5999984741211,110.83000183105469,103.40724182128906,30702100,0.0,0.0
2018-07-26 00:00:00-04:00,110.73999786376953,111.0,109.5,109.62000274658203,102.2782974243164,31372100,0.0,0.0
2018-07-27 00:00:00-04:00,110.18000030517578,110.18000030517578,106.13999938964844,107.68000030517578,100.4682388305664,37005300,0.0,0.0
2018-07-30 00:00:00-04:00,107.19000244140625,107.52999877929688,104.76000213623047,105.37000274658203,98.31295013427734,34668300,0.0,0.0
2018-07-31 00:00:00-04:00,106.48999786376953,106.72000122070312,105.37999725341797,106.08000183105469,98.97538757324219,27655200,0.0,0.0
2018-08-01 00:00:00-04:00,106.02999877929688,106.44999694824219,105.41999816894531,106.27999877929688,99.16199493408203,23628700,0.0,0.0
2018-08-02 00:00:00-04:00,105.4000015258789,108.08999633789062,104.83999633789062,107.56999969482422,100.3656005859375,26104300,0.0,0.0
2018-08-03 00:00:00-04:00,107.80000305175781,108.05000305175781,106.81999969482422,108.04000091552734,100.80410766601562,18659600,0.0,0.0
2018-08-06 00:00:00-04:00,108.12000274658203,108.41999816894531,107.55999755859375,108.12999725341797,100.8880844116211,20265900,0.0,0.0
2018-08-07 00:00:00-04:00,108.55999755859375,109.0999984741211,108.16999816894531,108.87999725341797,101.58786010742188,16080200,0.0,0.0
2018-08-08 00:00:00-04:00,109.33000183105469,109.75,108.76000213623047,109.48999786376953,102.1570053100586,15487500,0.0,0.0
2018-08-09 00:00:00-04:00,109.70999908447266,110.16000366210938,109.5999984741211,109.66999816894531,102.32495880126953,13677200,0.0,0.0
2018-08-10 00:00:00-04:00,109.41999816894531,109.69000244140625,108.37999725341797,109.0,101.6998291015625,18183700,0.0,0.0
2018-08-13 00:00:00-04:00,109.23999786376953,109.58000183105469,108.0999984741211,108.20999908447266,100.96273803710938,18472500,0.0,0.0
2018-08-14 00:00:00-04:00,108.55999755859375,109.75,108.04000091552734,109.55999755859375,102.22232055664062,16788300,0.0,0.0
2018-08-15 00:00:00-04:00,108.48999786376953,108.98999786376953,106.81999969482422,107.66000366210938,100.83612060546875,29982800,0.42,0.0
2018-08-16 00:00:00-04:00,108.30000305175781,108.86000061035156,107.30000305175781,107.63999938964844,100.8174057006836,21384300,0.0,0.0
2018-08-17 00:00:00-04:00,107.36000061035156,107.9000015258789,106.69000244140625,107.58000183105469,100.76119995117188,18061500,0.0,0.0
2018-08-20 00:00:00-04:00,107.51000213623047,107.9000015258789,106.4800033569336,106.87000274658203,100.09619140625,17914200,0.0,0.0
2018-08-21 00:00:00-04:00,106.91999816894531,107.3499984741211,105.8499984741211,105.9800033569336,99.26261901855469,22881900,0.0,0.0
2018-08-22 00:00:00-04:00,105.8499984741211,107.33999633789062,105.77999877929688,107.05999755859375,100.274169921875,18000600,0.0,0.0
2018-08-23 00:00:00-04:00,107.1500015258789,108.18000030517578,106.87000274658203,107.55999755859375,100.74247741699219,18167700,0.0,0.0
2018-08-24 00:00:00-04:00,107.66999816894531,108.55999755859375,107.55999755859375,108.4000015258789,101.52922821044922,17234000,0.0,0.0
2018-08-27 00:00:00-04:00,109.2699966430664,109.63999938964844,108.51000213623047,109.5999984741211,102.65316772460938,19662300,0.0,0.0
2018-08-28 00:00:00-04:00,109.94000244140625,110.5,109.79000091552734,110.26000213623047,103.27133178710938,19151500,0.0,0.0
2018-08-29 00:00:00-04:00,110.44999694824219,112.02999877929688,110.2699966430664,112.0199966430664,104.91976928710938,20818000,0.0,0.0
2018-08-30 00:00:00-04:00,111.66999816894531,112.61000061035156,111.44000244140625,111.94999694824219,104.85424041748047,22798700,0.0,0.0
2018-08-31 00:00:00-04:00,111.69000244140625,112.77999877929688,111.5199966430664,112.33000183105469,105.21012878417969,23222700,0.0,0.0
2018-09-04 00:00:00-04:00,110.8499984741211,111.95999908447266,110.22000122070312,111.70999908447266,104.6294174194336,22634600,0.0,0.0
2018-09-05 00:00:00-04:00,111.01000213623047,111.41999816894531,108.0999984741211,108.48999786376953,101.61351013183594,32872400,0.0,0.0
2018-09-06 00:00:00-04:00,108.25,108.98999786376953,107.51000213623047,108.73999786376953,101.84767150878906,23477600,0.0,0.0
2018-09-07 00:00:00-04:00,108.2300033569336,108.72000122070312,107.2300033569336,108.20999908447266,101.35126495361328,22498600,0.0,0.0
2018-09-10 00:00:00-04:00,108.83999633789062,109.63999938964844,108.36000061035156,109.37999725341797,102.44711303710938,20727900,0.0,0.0
2018-09-11 00:00:00-04:00,108.9000015258789,111.58999633789062,108.88999938964844,111.23999786376953,104.18920135498047,24301800,0.0,0.0
2018-09-12 00:00:00-04:00,111.43000030517578,111.8499984741211,110.51000213623047,111.70999908447266,104.6294174194336,18891100,0.0,0.0
2018-09-13 00:00:00-04:00,112.12000274658203,113.7300033569336,112.12000274658203,112.91000366210938,105.75336456298828,26055600,0.0,0.0
2018-09-14 00:00:00-04:00,113.36000061035156,113.7300033569336,112.44000244140625,113.37000274658203,106.18421936035156,19122300,0.0,0.0
2018-09-17 00:00:00-04:00,113.69000244140625,113.69999694824219,111.86000061035156,112.13999938964844,105.03217315673828,20736500,0.0,0.0
2018-09-18 00:00:00-04:00,112.19000244140625,113.69999694824219,111.72000122070312,113.20999908447266,106.03434753417969,22170900,0.0,0.0
2018-09-19 00:00:00-04:00,113.05000305175781,113.31999969482422,111.04000091552734,111.69999694824219,104.62005615234375,21728400,0.0,0.0
2018-09-20 00:00:00-04:00,112.27999877929688,113.80000305175781,111.93000030517578,113.56999969482422,106.37152862548828,23714500,0.0,0.0
2018-09-21 00:00:00-04:00,114.0,115.29000091552734,113.51000213623047,114.26000213623047,107.01780700683594,71229700,0.0,0.0
2018-09-24 00:00:00-04:00,113.02999877929688,114.9000015258789,112.22000122070312,114.66999816894531,107.40182495117188,27334500,0.0,0.0
2018-09-25 00:00:00-04:00,114.80000305175781,115.0999984741211,113.75,114.44999694824219,107.19573974609375,22668000,0.0,0.0
2018-09-26 00:00:00-04:00,114.47000122070312,115.05999755859375,113.73999786376953,113.9800033569336,106.75553894042969,19352000,0.0,0.0
2018-09-27 00:00:00-04:00,114.77999877929688,114.91000366210938,114.19999694824219,114.41000366210938,107.15827178955078,19091300,0.0,0.0
2018-09-28 00:00:00-04:00,114.19000244140625,114.56999969482422,113.68000030517578,114.37000274658203,107.1208267211914,21647800,0.0,0.0
2018-10-01 00:00:00-04:00,114.75,115.68000030517578,114.7300033569336,115.61000061035156,108.28223419189453,18883100,0.0,0.0
2018-10-02 00:00:00-04:00,115.30000305175781,115.83999633789062,114.44000244140625,115.1500015258789,107.85138702392578,20787200,0.0,0.0
2018-10-03 00:00:00-04:00,115.41999816894531,116.18000030517578,114.93000030517578,115.16999816894531,107.87012481689453,16648000,0.0,0.0
2018-10-04 00:00:00-04:00,114.61000061035156,114.76000213623047,111.62999725341797,112.79000091552734,105.64097595214844,34821700,0.0,0.0
2018-10-05 00:00:00-04:00,112.62999725341797,113.16999816894531,110.63999938964844,112.12999725341797,105.02281951904297,29068900,0.0,0.0
2018-10-08 00:00:00-04:00,111.66000366210938,112.02999877929688,109.33999633789062,110.8499984741211,103.82392883300781,29640600,0.0,0.0
2018-10-09 00:00:00-04:00,111.13999938964844,113.08000183105469,110.80000305175781,112.26000213623047,105.14456939697266,26198600,0.0,0.0
2018-10-10 00:00:00-04:00,111.23999786376953,111.5,105.79000091552734,106.16000366210938,99.43122100830078,61376300,0.0,0.0
2018-10-11 00:00:00-04:00,105.3499984741211,108.93000030517578,104.19999694824219,105.91000366210938,99.19706726074219,63904300,0.0,0.0
2018-10-12 00:00:00-04:00,109.01000213623047,111.23999786376953,107.12000274658203,109.56999969482422,102.62505340576172,47742100,0.0,0.0
2018-10-15 00:00:00-04:00,108.91000366210938,109.4800033569336,106.94999694824219,107.5999984741211,100.77993774414062,32068100,0.0,0.0
2018-10-16 00:00:00-04:00,109.54000091552734,111.41000366210938,108.94999694824219,111.0,103.96443176269531,31610200,0.0,0.0
2018-10-17 00:00:00-04:00,111.68000030517578,111.80999755859375,109.55000305175781,110.70999908447266,103.69279479980469,26548200,0.0,0.0
2018-10-18 00:00:00-04:00,110.0999984741211,110.52999877929688,107.83000183105469,108.5,101.62290954589844,32506200,0.0,0.0
2018-10-19 00:00:00-04:00,108.93000030517578,110.86000061035156,108.20999908447266,108.66000366210938,101.77275848388672,32785500,0.0,0.0
2018-10-22 00:00:00-04:00,109.31999969482422,110.54000091552734,108.23999786376953,109.62999725341797,102.68128204345703,26545600,0.0,0.0
2018-10-23 00:00:00-04:00,107.7699966430664,108.97000122070312,105.11000061035156,108.0999984741211,101.24824523925781,43770400,0.0,0.0
2018-10-24 00:00:00-04:00,108.41000366210938,108.48999786376953,101.58999633789062,102.31999969482422,95.83460998535156,63897800,0.0,0.0
2018-10-25 00:00:00-04:00,106.55000305175781,109.2699966430664,106.1500015258789,108.30000305175781,101.43556213378906,61646800,0.0,0.0
2018-10-26 00:00:00-04:00,105.69000244140625,108.75,104.76000213623047,106.95999908447266,100.18049621582031,55523100,0.0,0.0
2018-10-29 00:00:00-04:00,108.11000061035156,108.69999694824219,101.62999725341797,103.8499984741211,97.26763153076172,55162000,0.0,0.0
2018-10-30 00:00:00-04:00,103.66000366210938,104.37999725341797,100.11000061035156,103.7300033569336,97.15523529052734,65350900,0.0,0.0
2018-10-31 00:00:00-04:00,105.44000244140625,108.13999938964844,105.38999938964844,106.80999755859375,100.04003143310547,51062400,0.0,0.0
2018-11-01 00:00:00-04:00,107.05000305175781,107.31999969482422,105.52999877929688,105.91999816894531,99.20640563964844,33384200,0.0,0.0
2018-11-02 00:00:00-04:00,106.4800033569336,107.31999969482422,104.9800033569336,106.16000366210938,99.43122100830078,37680200,0.0,0.0
2018-11-05 00:00:00-05:00,106.37000274658203,107.73999786376953,105.9000015258789,107.51000213623047,100.6956558227539,27922100,0.0,0.0
2018-11-06 00:00:00-05:00,107.37999725341797,108.83999633789062,106.27999877929688,107.72000122070312,100.89232635498047,24340200,0.0,0.0
2018-11-07 00:00:00-05:00,109.44000244140625,112.23999786376953,109.4000015258789,111.95999908447266,104.86357116699219,37901700,0.0,0.0
2018-11-08 00:00:00-05:00,111.80000305175781,112.20999908447266,110.91000366210938,111.75,104.6668930053711,25644100,0.0,0.0
2018-11-09 00:00:00-05:00,110.8499984741211,111.44999694824219,108.76000213623047,109.56999969482422,102.62505340576172,32039200,0.0,0.0
2018-11-12 00:00:00-05:00,109.41999816894531,109.95999908447266,106.0999984741211,106.87000274658203,100.09619140625,33621800,0.0,0.0
2018-11-13 00:00:00-05:00,107.55000305175781,108.73999786376953,106.63999938964844,106.94000244140625,100.16178894042969,35374600,0.0,0.0
2018-11-14 00:00:00-05:00,108.0999984741211,108.26000213623047,104.47000122070312,104.97000122070312,98.74137878417969,39495100,0.46,0.0
2018-11-15 00:00:00-05:00,104.98999786376953,107.80000305175781,103.91000366210938,107.27999877929688,100.91429138183594,38505200,0.0,0.0
2018-11-16 00:00:00-05:00,107.08000183105469,108.87999725341797,106.80000305175781,108.29000091552734,101.8643569946289,33502100,0.0,0.0
2018-11-19 00:00:00-05:00,108.2699966430664,108.55999755859375,103.55000305175781,104.62000274658203,98.41214752197266,44773900,0.0,0.0
2018-11-20 00:00:00-05:00,101.80000305175781,102.97000122070312,99.3499984741211,101.70999908447266,95.67481231689453,64052500,0.0,0.0
2018-11-21 00:00:00-05:00,103.5999984741211,104.43000030517578,102.23999786376953,103.11000061035156,96.99173736572266,28130600,0.0,0.0
2018-11-23 00:00:00-05:00,102.16999816894531,103.80999755859375,102.0,103.06999969482422,96.95410919189453,13823100,0.0,0.0
2018-11-26 00:00:00-05:00,104.79000091552734,106.62999725341797,104.58000183105469,106.47000122070312,100.15235900878906,32336200,0.0,0.0
2018-11-27 00:00:00-05:00,106.2699966430664,107.33000183105469,105.36000061035156,107.13999938964844,100.78260040283203,29124500,0.0,0.0
2018-11-28 00:00:00-05:00,107.88999938964844,111.33000183105469,107.86000061035156,111.12000274658203,104.52645874023438,46788500,0.0,0.0
2018-11-29 00:00:00-05:00,110.33000183105469,111.12000274658203,109.02999877929688,110.19000244140625,103.6516342163086,28123200,0.0,0.0
2018-11-30 00:00:00-05:00,110.69999694824219,110.97000122070312,109.36000061035156,110.88999938964844,104.31010437011719,33665600,0.0,0.0
2018-12-03 00:00:00-05:00,113.0,113.41999816894531,110.7300033569336,112.08999633789062,105.4388656616211,34732800,0.0,0.0
2018-12-04 00:00:00-05:00,111.94000244140625,112.63999938964844,108.20999908447266,108.5199966430664,102.08071899414062,45197000,0.0,0.0
2018-12-06 00:00:00-05:00,105.81999969482422,109.23999786376953,105.0,109.19000244140625,102.71096801757812,49107400,0.0,0.0
2018-12-07 00:00:00-05:00,108.37999725341797,109.44999694824219,104.30000305175781,104.81999969482422,98.60025787353516,45044900,0.0,0.0
2018-12-10 00:00:00-05:00,104.80000305175781,107.9800033569336,103.88999938964844,107.58999633789062,101.2059097290039,40801500,0.0,0.0
2018-12-11 00:00:00-05:00,109.80000305175781,110.94999694824219,107.44000244140625,108.58999633789062,102.14655303955078,42381900,0.0,0.0
2018-12-12 00:00:00-05:00,110.88999938964844,111.2699966430664,109.04000091552734,109.08000183105469,102.60749816894531,36183000,0.0,0.0
2018-12-13 00:00:00-05:00,109.58000183105469,110.87000274658203,108.62999725341797,109.44999694824219,102.95553588867188,31333400,0.0,0.0
2018-12-14 00:00:00-05:00,108.25,109.26000213623047,105.5,106.02999877929688,99.73846435546875,47043100,0.0,0.0
2018-12-17 00:00:00-05:00,105.41000366210938,105.80000305175781,101.70999908447266,102.88999938964844,96.78479766845703,56957300,0.0,0.0
2018-12-18 00:00:00-05:00,103.75,104.51000213623047,102.5199966430664,103.97000122070312,97.80071258544922,49319200,0.0,0.0
2018-12-19 00:00:00-05:00,103.6500015258789,106.87999725341797,101.3499984741211,103.69000244140625,97.53730773925781,68198200,0.0,0.0
2018-12-20 00:00:00-05:00,103.05000305175781,104.30999755859375,98.77999877929688,101.51000213623047,95.48668670654297,70334200,0.0,0.0
2018-12-21 00:00:00-05:00,101.62999725341797,103.0,97.45999908447266,98.2300033569336,92.40129852294922,111242100,0.0,0.0
2018-12-24 00:00:00-05:00,97.68000030517578,97.97000122070312,93.9800033569336,94.12999725341797,88.54459381103516,43935200,0.0,0.0
2018-12-26 00:00:00-05:00,95.13999938964844,100.69000244140625,93.95999908447266,100.55999755859375,94.5930404663086,51634800,0.0,0.0
2018-12-27 00:00:00-05:00,99.30000305175781,101.19000244140625,96.4000015258789,101.18000030517578,95.17626190185547,49498500,0.0,0.0
2018-12-28 00:00:00-05:00,102.08999633789062,102.41000366210938,99.5199966430664,100.38999938964844,94.43312072753906,38196300,0.0,0.0
2018-12-31 00:00:00-05:00,101.29000091552734,102.4000015258789,100.44000244140625,101.56999969482422,95.54309844970703,33173800,0.0,0.0
