Date,Open,High,Low,Close,Adj Close,Volume,Dividends,Stock Splits
2014-01-02 00:00:00-05:00,0.39800000190734863,0.3995000123977661,0.3930000066757202,0.39649999141693115,0.37393179535865784,260092000,0.0,0.0
2014-01-03 00:00:00-05:00,0.3972499966621399,0.39800000190734863,0.390500009059906,0.3917500078678131,0.36945217847824097,259332000,0.0,0.0
2014-01-06 00:00:00-05:00,0.3957499861717224,0.4000000059604645,0.3919999897480011,0.3970000147819519,0.37440335750579834,409492000,0.0,0.0
2014-01-07 00:00:00-05:00,0.4009999930858612,0.4050000011920929,0.398250013589859,0.4034999907016754,0.3805334270000458,333288000,0.0,0.0
2014-01-08 00:00:00-05:00,0.4050000011920929,0.41100001335144043,0.4034999907016754,0.4090000092983246,0.3857203722000122,308192000,0.0,0.0
2014-01-09 00:00:00-05:00,0.4027499854564667,0.4034999907016754,0.39250001311302185,0.39375001192092896,0.3713383674621582,292172000,0.0,0.0
2014-01-10 00:00:00-05:00,0.39500001072883606,0.39774999022483826,0.38975000381469727,0.3932499885559082,0.3708667755126953,218492000,0.0,0.0
2014-01-13 00:00:00-05:00,0.3932499885559082,0.3957499861717224,0.38324999809265137,0.3840000033378601,0.3621433973312378,243332000,0.0,0.0
2014-01-14 00:00:00-05:00,0.38600000739097595,0.39675000309944153,0.3842499852180481,0.3959999978542328,0.37346023321151733,241828000,0.0,0.0
2014-01-15 00:00:00-05:00,0.39774999022483826,0.40174999833106995,0.3959999978542328,0.40024998784065247,0.3774683177471161,175044000,0.0,0.0
2014-01-16 00:00:00-05:00,0.40024998784065247,0.4022499918937683,0.398499995470047,0.40149998664855957,0.3786470592021942,220652000,0.0,0.0
2014-01-17 00:00:00-05:00,0.40149998664855957,0.40625,0.3972499966621399,0.3997499942779541,0.37699684500694275,340400000,0.0,0.0
2014-01-21 00:00:00-05:00,0.40024998784065247,0.4037500023841858,0.3970000147819519,0.4012500047683716,0.37841156125068665,246076000,0.0,0.0
2014-01-22 00:00:00-05:00,0.4020000100135803,0.4025000035762787,0.3959999978542328,0.4007500112056732,0.37793979048728943,337940000,0.0,0.0
2014-01-23 00:00:00-05:00,0.3995000123977661,0.4037500023841858,0.39625000953674316,0.39925000071525574,0.37652528285980225,185028000,0.0,0.0
2014-01-24 00:00:00-05:00,0.3959999978542328,0.39750000834465027,0.3889999985694885,0.3889999985694885,0.3668587803840637,246696000,0.0,0.0
2014-01-27 00:00:00-05:00,0.3889999985694885,0.3944999873638153,0.3842499852180481,0.3865000009536743,0.36450108885765076,233812000,0.0,0.0
2014-01-28 00:00:00-05:00,0.3857499957084656,0.390500009059906,0.3842499852180481,0.39024999737739563,0.3680375814437866,167996000,0.0,0.0
2014-01-29 00:00:00-05:00,0.38874998688697815,0.39100000262260437,0.38624998927116394,0.3865000009536743,0.36450108885765076,162944000,0.0,0.0
2014-01-30 00:00:00-05:00,0.38874998688697815,0.39375001192092896,0.38749998807907104,0.3930000066757202,0.3706310987472534,202896000,0.0,0.0
2014-01-31 00:00:00-05:00,0.38749998807907104,0.3947499990463257,0.38725000619888306,0.39250001311302185,0.3701595067977905,335348000,0.0,0.0
2014-02-03 00:00:00-05:00,0.39524999260902405,0.3957499861717224,0.3857499957084656,0.38725000619888306,0.36520829796791077,431728000,0.0,0.0
2014-02-04 00:00:00-05:00,0.3869999945163727,0.39024999737739563,0.38499999046325684,0.3894999921321869,0.36733031272888184,280692000,0.0,0.0
2014-02-05 00:00:00-05:00,0.3867500126361847,0.3880000114440918,0.382999986410141,0.38600000739097595,0.3640294373035431,214676000,0.0,0.0
2014-02-06 00:00:00-05:00,0.3865000009536743,0.3919999897480011,0.38600000739097595,0.39100000262260437,0.36874493956565857,168380000,0.0,0.0
2014-02-07 00:00:00-05:00,0.3919999897480011,0.3972499966621399,0.38850000500679016,0.39675000309944153,0.3741675913333893,157248000,0.0,0.0
2014-02-10 00:00:00-05:00,0.39625000953674316,0.4032500088214874,0.3959999978542328,0.39800000190734863,0.37534645199775696,324372000,0.0,0.0
2014-02-11 00:00:00-05:00,0.40024998784065247,0.40724998712539673,0.398250013589859,0.40625,0.3831268846988678,235384000,0.0,0.0
2014-02-12 00:00:00-05:00,0.4074999988079071,0.42375001311302185,0.4074999988079071,0.4207499921321869,0.39680150151252747,744528000,0.0,0.0
2014-02-13 00:00:00-05:00,0.4312500059604645,0.43650001287460327,0.42375001311302185,0.4339999854564667,0.409297376871109,902836000,0.0,0.0
2014-02-14 00:00:00-05:00,0.4300000071525574,0.44874998927116394,0.429749995470047,0.4477500021457672,0.4222646653652191,817536000,0.0,0.0
2014-02-18 00:00:00-05:00,0.4480000138282776,0.4494999945163727,0.4437499940395355,0.44749999046325684,0.42202916741371155,428988000,0.0,0.0
2014-02-19 00:00:00-05:00,0.44749999046325684,0.45750001072883606,0.445499986410141,0.45350000262260437,0.42768752574920654,450340000,0.0,0.0
2014-02-20 00:00:00-05:00,0.4544999897480011,0.47049999237060547,0.45375001430511475,0.46950000524520874,0.44277676939964294,398088000,0.0,0.0
2014-02-21 00:00:00-05:00,0.46875,0.47475001215934753,0.46299999952316284,0.4659999907016754,0.43947598338127136,451052000,0.0,0.0
2014-02-24 00:00:00-05:00,0.4650000035762787,0.4762499928474426,0.460750013589859,0.4727500081062317,0.44584187865257263,403112000,0.0,0.0
2014-02-25 00:00:00-05:00,0.4699999988079071,0.47200000286102295,0.4634999930858612,0.4684999883174896,0.4438287317752838,242184000,0.002125,0.0
2014-02-26 00:00:00-05:00,0.4675000011920929,0.47450000047683716,0.4662500023841858,0.46775001287460327,0.4431181252002716,360884000,0.0,0.0
2014-02-27 00:00:00-05:00,0.46775001287460327,0.4724999964237213,0.4612500071525574,0.4625000059604645,0.43814459443092346,388848000,0.0,0.0
2014-02-28 00:00:00-05:00,0.46000000834465027,0.4645000100135803,0.45274999737739563,0.4595000147819519,0.4353025257587433,321692000,0.0,0.0
2014-03-03 00:00:00-05:00,0.4492500126361847,0.4572499990463257,0.445250004529953,0.4572499990463257,0.4331711530685425,375948000,0.0,0.0
2014-03-04 00:00:00-05:00,0.4595000147819519,0.4650000035762787,0.45875000953674316,0.4620000123977661,0.4376709759235382,260344000,0.0,0.0
2014-03-05 00:00:00-05:00,0.46149998903274536,0.4662500023841858,0.4595000147819519,0.4659999907016754,0.4414602816104889,241472000,0.0,0.0
2014-03-06 00:00:00-05:00,0.46674999594688416,0.46924999356269836,0.45875000953674316,0.4595000147819519,0.4353025257587433,290144000,0.0,0.0
2014-03-07 00:00:00-05:00,0.46149998903274536,0.4622499942779541,0.4555000066757202,0.45899999141693115,0.4348289966583252,268452000,0.0,0.0
2014-03-10 00:00:00-04:00,0.45750001072883606,0.4595000147819519,0.4502499997615814,0.45225000381469727,0.42843443155288696,300888000,0.0,0.0
2014-03-11 00:00:00-04:00,0.4544999897480011,0.460750013589859,0.453000009059906,0.4567500054836273,0.4326973855495453,297220000,0.0,0.0
2014-03-12 00:00:00-04:00,0.4544999897480011,0.460750013589859,0.45274999737739563,0.4580000042915344,0.43388164043426514,239428000,0.0,0.0
2014-03-13 00:00:00-04:00,0.45899999141693115,0.460750013589859,0.4412499964237213,0.44350001215934753,0.4201452434062958,385172000,0.0,0.0
2014-03-14 00:00:00-04:00,0.4390000104904175,0.4494999945163727,0.4390000104904175,0.445499986410141,0.42203980684280396,460048000,0.0,0.0
2014-03-17 00:00:00-04:00,0.4467499852180481,0.44999998807907104,0.4449999928474426,0.445499986410141,0.42203980684280396,299656000,0.0,0.0
2014-03-18 00:00:00-04:00,0.44725000858306885,0.45899999141693115,0.445250004529953,0.4560000002384186,0.4319870173931122,293904000,0.0,0.0
2014-03-19 00:00:00-04:00,0.4595000147819519,0.4727500081062317,0.4582499861717224,0.46399998664855957,0.43956565856933594,366168000,0.0,0.0
2014-03-20 00:00:00-04:00,0.46149998903274536,0.46825000643730164,0.4595000147819519,0.46424999833106995,0.4398025870323181,191800000,0.0,0.0
2014-03-21 00:00:00-04:00,0.46825000643730164,0.47200000286102295,0.460999995470047,0.4634999930858612,0.4390920102596283,566116000,0.0,0.0
2014-03-24 00:00:00-04:00,0.4637500047683716,0.4675000011920929,0.4544999897480011,0.4612500071525574,0.4369603991508484,306096000,0.0,0.0
2014-03-25 00:00:00-04:00,0.4662500023841858,0.46674999594688416,0.45774999260902405,0.4612500071525574,0.4369603991508484,304424000,0.0,0.0
2014-03-26 00:00:00-04:00,0.46549999713897705,0.4742499887943268,0.4467499852180481,0.4507499933242798,0.4270135164260864,557756000,0.0,0.0
2014-03-27 00:00:00-04:00,0.44975000619888306,0.45350000262260437,0.43974998593330383,0.44475001096725464,0.4213294982910156,540728000,0.0,0.0
2014-03-28 00:00:00-04:00,0.4440000057220459,0.4502499997615814,0.4427500069141388,0.44749999046325684,0.42393457889556885,398820000,0.0,0.0
2014-03-31 00:00:00-04:00,0.4482499957084656,0.45225000381469727,0.445250004529953,0.4477500021457672,0.42417144775390625,273404000,0.0,0.0
2014-04-01 00:00:00-04:00,0.4620000123977661,0.4717499911785126,0.45649999380111694,0.4662500023841858,0.4416971802711487,656272000,0.0,0.0
2014-04-02 00:00:00-04:00,0.4662500023841858,0.4672499895095825,0.4612500071525574,0.4632500112056732,0.4388551712036133,239948000,0.0,0.0
2014-04-03 00:00:00-04:00,0.46424999833106995,0.4794999957084656,0.46399998664855957,0.46825000643730164,0.4435918927192688,599548000,0.0,0.0
2014-04-04 00:00:00-04:00,0.47075000405311584,0.47350001335144043,0.4517500102519989,0.45375001430511475,0.42985546588897705,368032000,0.0,0.0
2014-04-07 00:00:00-04:00,0.45399999618530273,0.46399998664855957,0.4514999985694885,0.45524999499320984,0.43127650022506714,428576000,0.0,0.0
2014-04-08 00:00:00-04:00,0.45524999499320984,0.4727500081062317,0.4544999897480011,0.4715000092983246,0.4466707408428192,470692000,0.0,0.0
2014-04-09 00:00:00-04:00,0.4737499952316284,0.4777500033378601,0.4672499895095825,0.47099998593330383,0.4461970627307892,421968000,0.0,0.0
2014-04-10 00:00:00-04:00,0.4690000116825104,0.4754999876022339,0.4580000042915344,0.4595000147819519,0.4353025257587433,372748000,0.0,0.0
2014-04-11 00:00:00-04:00,0.4560000002384186,0.46299999952316284,0.44699999690055847,0.453000009059906,0.42914503812789917,353112000,0.0,0.0
2014-04-14 00:00:00-04:00,0.4560000002384186,0.4597499966621399,0.453000009059906,0.4580000042915344,0.43388164043426514,290184000,0.0,0.0
2014-04-15 00:00:00-04:00,0.4584999978542328,0.4637500047683716,0.45399999618530273,0.4612500071525574,0.4369603991508484,304636000,0.0,0.0
2014-04-16 00:00:00-04:00,0.4634999930858612,0.46399998664855957,0.45649999380111694,0.4622499942779541,0.4379079341888428,235136000,0.0,0.0
2014-04-17 00:00:00-04:00,0.46050000190734863,0.46825000643730164,0.4595000147819519,0.46399998664855957,0.43956565856933594,153532000,0.0,0.0
2014-04-21 00:00:00-04:00,0.46424999833106995,0.4690000116825104,0.4612500071525574,0.46775001287460327,0.4431181252002716,117004000,0.0,0.0
2014-04-22 00:00:00-04:00,0.4684999883174896,0.47475001215934753,0.4659999907016754,0.4717499911785126,0.44690752029418945,255120000,0.0,0.0
2014-04-23 00:00:00-04:00,0.4724999964237213,0.47850000858306885,0.4717499911785126,0.47725000977516174,0.4521179795265198,261580000,0.0,0.0
2014-04-24 00:00:00-04:00,0.4805000126361847,0.48649999499320984,0.4805000126361847,0.4814999997615814,0.4561441242694855,391492000,0.0,0.0
2014-04-25 00:00:00-04:00,0.4805000126361847,0.48500001430511475,0.4672499895095825,0.46825000643730164,0.4435918927192688,313600000,0.0,0.0
2014-04-28 00:00:00-04:00,0.47200000286102295,0.47450000047683716,0.46050000190734863,0.4662500023841858,0.4416971802711487,226788000,0.0,0.0
2014-04-29 00:00:00-04:00,0.46799999475479126,0.4690000116825104,0.4620000123977661,0.4672499895095825,0.44264450669288635,171300000,0.0,0.0
2014-04-30 00:00:00-04:00,0.46650001406669617,0.46700000762939453,0.460750013589859,0.46175000071525574,0.4374341666698456,305740000,0.0,0.0
2014-05-01 00:00:00-04:00,0.46875,0.46974998712539673,0.46050000190734863,0.46424999833106995,0.4398025870323181,198104000,0.0,0.0
2014-05-02 00:00:00-04:00,0.46650001406669617,0.46650001406669617,0.4580000042915344,0.460750013589859,0.4364868104457855,156376000,0.0,0.0
2014-05-05 00:00:00-04:00,0.46024999022483826,0.46924999356269836,0.4597499966621399,0.4657500088214874,0.44122347235679626,239260000,0.0,0.0
2014-05-06 00:00:00-04:00,0.4702500104904175,0.4742499887943268,0.45500001311302185,0.45625001192092896,0.4322238564491272,416188000,0.0,0.0
2014-05-07 00:00:00-04:00,0.45625001192092896,0.46050000190734863,0.4517500102519989,0.4567500054836273,0.4326973855495453,293900000,0.0,0.0
2014-05-08 00:00:00-04:00,0.45500001311302185,0.46974998712539673,0.45274999737739563,0.4625000059604645,0.43814459443092346,432728000,0.0,0.0
2014-05-09 00:00:00-04:00,0.44850000739097595,0.45274999737739563,0.4427500069141388,0.45124998688697815,0.42748716473579407,539532000,0.0,0.0
2014-05-12 00:00:00-04:00,0.45225000381469727,0.46549999713897705,0.4519999921321869,0.4645000100135803,0.44003936648368835,299856000,0.0,0.0
2014-05-13 00:00:00-04:00,0.4582499861717224,0.4657500088214874,0.4555000066757202,0.4569999873638153,0.43293431401252747,221104000,0.0,0.0
2014-05-14 00:00:00-04:00,0.4572499990463257,0.45899999141693115,0.45225000381469727,0.45249998569488525,0.428671270608902,214320000,0.0,0.0
2014-05-15 00:00:00-04:00,0.4514999985694885,0.45399999618530273,0.445499986410141,0.44999998807907104,0.42630285024642944,325896000,0.0,0.0
2014-05-16 00:00:00-04:00,0.4465000033378601,0.45225000381469727,0.4465000033378601,0.4490000009536743,0.4253556430339813,283960000,0.0,0.0
2014-05-19 00:00:00-04:00,0.45375001430511475,0.4659999907016754,0.4517500102519989,0.4634999930858612,0.4390920102596283,360076000,0.0,0.0
2014-05-20 00:00:00-04:00,0.46149998903274536,0.46274998784065247,0.45375001430511475,0.4560000002384186,0.4339766502380371,256200000,0.002125,0.0
2014-05-21 00:00:00-04:00,0.45774999260902405,0.46175000071525574,0.453249990940094,0.4560000002384186,0.4339766502380371,216712000,0.0,0.0
2014-05-22 00:00:00-04:00,0.45500001311302185,0.46050000190734863,0.45500001311302185,0.4580000042915344,0.43587997555732727,130364000,0.0,0.0
2014-05-23 00:00:00-04:00,0.46050000190734863,0.4645000100135803,0.45774999260902405,0.4622499942779541,0.43992480635643005,182656000,0.0,0.0
2014-05-27 00:00:00-04:00,0.4650000035762787,0.47049999237060547,0.4634999930858612,0.47049999237060547,0.4477764368057251,209680000,0.0,0.0
2014-05-28 00:00:00-04:00,0.4722500145435333,0.47749999165534973,0.46775001287460327,0.47450000047683716,0.4515831172466278,224676000,0.0,0.0
2014-05-29 00:00:00-04:00,0.4742499887943268,0.47824999690055847,0.4727500081062317,0.4737499952316284,0.4508693814277649,171884000,0.0,0.0
2014-05-30 00:00:00-04:00,0.4737499952316284,0.4762499928474426,0.4712499976158142,0.4749999940395355,0.4520590007305145,239128000,0.0,0.0
2014-06-02 00:00:00-04:00,0.476500004529953,0.4794999957084656,0.46950000524520874,0.47350001335144043,0.45063138008117676,181500000,0.0,0.0
2014-06-03 00:00:00-04:00,0.47450000047683716,0.4749999940395355,0.4652499854564667,0.4715000092983246,0.4487280547618866,243212000,0.0,0.0
2014-06-04 00:00:00-04:00,0.4702500104904175,0.4754999876022339,0.4699999988079071,0.47200000286102295,0.4492037892341614,161236000,0.0,0.0
2014-06-05 00:00:00-04:00,0.4727500081062317,0.4754999876022339,0.4699999988079071,0.4740000069141388,0.45110732316970825,188696000,0.0,0.0
2014-06-06 00:00:00-04:00,0.4762499928474426,0.47999998927116394,0.47450000047683716,0.47574999928474426,0.4527727961540222,161052000,0.0,0.0
2014-06-09 00:00:00-04:00,0.4752500057220459,0.4807499945163727,0.47200000286102295,0.4762499928474426,0.4532485604286194,247456000,0.0,0.0
2014-06-10 00:00:00-04:00,0.47450000047683716,0.48100000619888306,0.4724999964237213,0.47874999046325684,0.45562776923179626,217608000,0.0,0.0
2014-06-11 00:00:00-04:00,0.47699999809265137,0.48625001311302185,0.47699999809265137,0.48500001430511475,0.46157601475715637,266228000,0.0,0.0
2014-06-12 00:00:00-04:00,0.48500001430511475,0.49024999141693115,0.4807499945163727,0.4880000054836273,0.46443110704421997,337148000,0.0,0.0
2014-06-13 00:00:00-04:00,0.49300000071525574,0.4932500123977661,0.48374998569488525,0.4884999990463257,0.4649070203304291,227852000,0.0,0.0
2014-06-16 00:00:00-04:00,0.48625001311302185,0.49024999141693115,0.4827499985694885,0.4869999885559082,0.4634793996810913,198620000,0.0,0.0
2014-06-17 00:00:00-04:00,0.48750001192092896,0.492249995470047,0.48500001430511475,0.49024999141693115,0.46657249331474304,157608000,0.0,0.0
2014-06-18 00:00:00-04:00,0.48899999260902405,0.492000013589859,0.484499990940094,0.4897499978542328,0.4660964608192444,215536000,0.0,0.0
2014-06-19 00:00:00-04:00,0.4807499945163727,0.4832499921321869,0.4749999940395355,0.47850000858306885,0.45538994669914246,474592000,0.0,0.0
2014-06-20 00:00:00-04:00,0.47975000739097595,0.4814999997615814,0.46950000524520874,0.47325000166893005,0.45039352774620056,353148000,0.0,0.0
2014-06-23 00:00:00-04:00,0.46700000762939453,0.46799999475479126,0.46149998903274536,0.46775001287460327,0.44515907764434814,414200000,0.0,0.0
2014-06-24 00:00:00-04:00,0.46700000762939453,0.47075000405311584,0.4584999978542328,0.46050000190734863,0.43825921416282654,275780000,0.0,0.0
2014-06-25 00:00:00-04:00,0.46175000071525574,0.46549999713897705,0.45750001072883606,0.4652499854564667,0.44277986884117126,215420000,0.0,0.0
2014-06-26 00:00:00-04:00,0.4652499854564667,0.46549999713897705,0.45750001072883606,0.45899999141693115,0.4368317425251007,256908000,0.0,0.0
2014-06-27 00:00:00-04:00,0.4584999978542328,0.4622499942779541,0.4557499885559082,0.4595000147819519,0.4373074769973755,302820000,0.0,0.0
2014-06-30 00:00:00-04:00,0.45774999260902405,0.4647499918937683,0.45774999260902405,0.4634999930858612,0.4411143660545349,180512000,0.0,0.0
2014-07-01 00:00:00-04:00,0.46299999952316284,0.4715000092983246,0.46149998903274536,0.46875,0.44611090421676636,321180000,0.0,0.0
2014-07-02 00:00:00-04:00,0.46700000762939453,0.4690000116825104,0.46424999833106995,0.46700000762939453,0.44444540143013,179284000,0.0,0.0
2014-07-03 00:00:00-04:00,0.46274998784065247,0.4724999964237213,0.46274998784065247,0.4712499976158142,0.4484899938106537,136892000,0.0,0.0
2014-07-07 00:00:00-04:00,0.47200000286102295,0.4722500145435333,0.46674999594688416,0.4675000011920929,0.4449211657047272,127496000,0.0,0.0
2014-07-08 00:00:00-04:00,0.4662500023841858,0.46825000643730164,0.45925000309944153,0.4637500047683716,0.44135230779647827,221940000,0.0,0.0
2014-07-09 00:00:00-04:00,0.46775001287460327,0.47975000739097595,0.46424999833106995,0.4777500033378601,0.4546761214733124,387668000,0.0,0.0
2014-07-10 00:00:00-04:00,0.46875,0.47725000977516174,0.4650000035762787,0.4752500057220459,0.4522968530654907,266308000,0.0,0.0
2014-07-11 00:00:00-04:00,0.47574999928474426,0.4777500033378601,0.4740000069141388,0.4762499928474426,0.4532485604286194,191188000,0.0,0.0
2014-07-14 00:00:00-04:00,0.47824999690055847,0.48350000381469727,0.476500004529953,0.48225000500679016,0.45895883440971375,272636000,0.0,0.0
2014-07-15 00:00:00-04:00,0.4830000102519989,0.4855000078678131,0.47975000739097595,0.484250009059906,0.4608621895313263,395440000,0.0,0.0
2014-07-16 00:00:00-04:00,0.48625001311302185,0.49000000953674316,0.48100000619888306,0.48374998569488525,0.46038636565208435,319728000,0.0,0.0
2014-07-17 00:00:00-04:00,0.47824999690055847,0.48750001192092896,0.47824999690055847,0.48249998688697815,0.4591967463493347,324832000,0.0,0.0
2014-07-18 00:00:00-04:00,0.4724999964237213,0.4762499928474426,0.46024999022483826,0.460999995470047,0.43873509764671326,567816000,0.0,0.0
2014-07-21 00:00:00-04:00,0.45925000309944153,0.46700000762939453,0.45925000309944153,0.4637500047683716,0.44135230779647827,243364000,0.0,0.0
2014-07-22 00:00:00-04:00,0.4672499895095825,0.46974998712539673,0.460750013589859,0.46175000071525574,0.43944889307022095,298816000,0.0,0.0
2014-07-23 00:00:00-04:00,0.4620000123977661,0.4622499942779541,0.4514999985694885,0.4519999921321869,0.43016982078552246,297352000,0.0,0.0
2014-07-24 00:00:00-04:00,0.4544999897480011,0.4557499885559082,0.4494999945163727,0.45274999737739563,0.43088358640670776,254576000,0.0,0.0
2014-07-25 00:00:00-04:00,0.45124998688697815,0.45225000381469727,0.4440000057220459,0.44475001096725464,0.4232700765132904,266132000,0.0,0.0
2014-07-28 00:00:00-04:00,0.4467499852180481,0.4467499852180481,0.43549999594688416,0.4429999887943268,0.4216044545173645,330352000,0.0,0.0
2014-07-29 00:00:00-04:00,0.44325000047683716,0.4505000114440918,0.4429999887943268,0.44449999928474426,0.4230320155620575,217972000,0.0,0.0
2014-07-30 00:00:00-04:00,0.44725000858306885,0.453249990940094,0.44600000977516174,0.4519999921321869,0.43016982078552246,246184000,0.0,0.0
2014-07-31 00:00:00-04:00,0.4465000033378601,0.44999998807907104,0.43674999475479126,0.4375,0.41637012362480164,401880000,0.0,0.0
2014-08-01 00:00:00-04:00,0.4375,0.44475001096725464,0.4359999895095825,0.44225001335144043,0.4208906888961792,219884000,0.0,0.0
2014-08-04 00:00:00-04:00,0.4417499899864197,0.445499986410141,0.4390000104904175,0.4412499964237213,0.4199390411376953,241724000,0.0,0.0
2014-08-05 00:00:00-04:00,0.4399999976158142,0.4480000138282776,0.4362500011920929,0.4415000081062317,0.4201769232749939,298136000,0.0,0.0
2014-08-06 00:00:00-04:00,0.43849998712539673,0.4465000033378601,0.43525001406669617,0.4410000145435333,0.41970106959342957,223456000,0.0,0.0
2014-08-07 00:00:00-04:00,0.44475001096725464,0.44874998927116394,0.4334999918937683,0.43650001287460327,0.4154183268547058,407696000,0.0,0.0
2014-08-08 00:00:00-04:00,0.4555000066757202,0.47749999165534973,0.4555000066757202,0.4749999940395355,0.4520590007305145,894348000,0.0,0.0
2014-08-11 00:00:00-04:00,0.4754999876022339,0.47749999165534973,0.4712499976158142,0.4724999964237213,0.44967973232269287,344624000,0.0,0.0
2014-08-12 00:00:00-04:00,0.4722500145435333,0.4749999940395355,0.4672499895095825,0.4724999964237213,0.44967973232269287,296152000,0.0,0.0
2014-08-13 00:00:00-04:00,0.47325000166893005,0.4792500138282776,0.4702500104904175,0.4752500057220459,0.4522968530654907,256596000,0.0,0.0
2014-08-14 00:00:00-04:00,0.47699999809265137,0.47699999809265137,0.46799999475479126,0.4699999988079071,0.447300523519516,255992000,0.0,0.0
2014-08-15 00:00:00-04:00,0.4715000092983246,0.47874999046325684,0.46700000762939453,0.47600001096725464,0.45301052927970886,369796000,0.0,0.0
2014-08-18 00:00:00-04:00,0.4779999852180481,0.4830000102519989,0.47325000166893005,0.48249998688697815,0.4591967463493347,284076000,0.0,0.0
2014-08-19 00:00:00-04:00,0.4805000126361847,0.4867500066757202,0.47874999046325684,0.484250009059906,0.4629008173942566,248260000,0.002125,0.0
2014-08-20 00:00:00-04:00,0.48249998688697815,0.48475000262260437,0.47999998927116394,0.48124998807907104,0.4600330591201782,221468000,0.0,0.0
2014-08-21 00:00:00-04:00,0.47999998927116394,0.48249998688697815,0.47600001096725464,0.476749986410141,0.455731600522995,272796000,0.0,0.0
2014-08-22 00:00:00-04:00,0.4762499928474426,0.48100000619888306,0.47325000166893005,0.47699999809265137,0.45597055554389954,251224000,0.0,0.0
2014-08-25 00:00:00-04:00,0.4790000021457672,0.48225000500679016,0.476749986410141,0.4777500033378601,0.45668742060661316,153380000,0.0,0.0
2014-08-26 00:00:00-04:00,0.4790000021457672,0.4872500002384186,0.47725000977516174,0.48625001311302185,0.4648127853870392,269636000,0.0,0.0
2014-08-27 00:00:00-04:00,0.4832499921321869,0.4869999885559082,0.47999998927116394,0.4807499945163727,0.45955517888069153,182972000,0.0,0.0
2014-08-28 00:00:00-04:00,0.47975000739097595,0.4857499897480011,0.47824999690055847,0.48475000262260437,0.4633788764476776,179704000,0.0,0.0
2014-08-29 00:00:00-04:00,0.48649999499320984,0.4872500002384186,0.48124998807907104,0.48625001311302185,0.4648127853870392,207932000,0.0,0.0
2014-09-02 00:00:00-04:00,0.48750001192092896,0.48750001192092896,0.4830000102519989,0.48750001192092896,0.4660075008869171,192636000,0.0,0.0
2014-09-03 00:00:00-04:00,0.49000000953674316,0.4937500059604645,0.4867500066757202,0.492000013589859,0.47030919790267944,259456000,0.0,0.0
2014-09-04 00:00:00-04:00,0.49125000834465027,0.5037500262260437,0.4909999966621399,0.5007500052452087,0.4786734879016876,491832000,0.0,0.0
2014-09-05 00:00:00-04:00,0.500249981880188,0.5024999976158142,0.4959999918937683,0.49924999475479126,0.4772394895553589,253792000,0.0,0.0
2014-09-08 00:00:00-04:00,0.4987500011920929,0.4997499883174896,0.49274998903274536,0.4947499930858612,0.4729379713535309,319288000,0.0,0.0
2014-09-09 00:00:00-04:00,0.4925000071525574,0.4957500100135803,0.4880000054836273,0.4884999990463257,0.4669635593891144,198588000,0.0,0.0
2014-09-10 00:00:00-04:00,0.49125000834465027,0.492000013589859,0.4857499897480011,0.49024999141693115,0.4686363637447357,172376000,0.0,0.0
2014-09-11 00:00:00-04:00,0.4867500066757202,0.4884999990463257,0.47999998927116394,0.48524999618530273,0.4638567566871643,250720000,0.0,0.0
2014-09-12 00:00:00-04:00,0.4882499873638153,0.4882499873638153,0.47749999165534973,0.4779999852180481,0.45692646503448486,262536000,0.0,0.0
2014-09-15 00:00:00-04:00,0.4794999957084656,0.4802500009536743,0.46950000524520874,0.4715000092983246,0.45071297883987427,294152000,0.0,0.0
2014-09-16 00:00:00-04:00,0.4702500104904175,0.48100000619888306,0.46875,0.47850000858306885,0.45740437507629395,219936000,0.0,0.0
2014-09-17 00:00:00-04:00,0.47725000977516174,0.4832499921321869,0.4749999940395355,0.47874999046325684,0.4576433300971985,173584000,0.0,0.0
2014-09-18 00:00:00-04:00,0.4817500114440918,0.48649999499320984,0.4802500009536743,0.4860000014305115,0.4645737409591675,219604000,0.0,0.0
2014-09-19 00:00:00-04:00,0.48750001192092896,0.4880000054836273,0.4762499928474426,0.47699999809265137,0.45597055554389954,601316000,0.0,0.0
2014-09-22 00:00:00-04:00,0.4867500066757202,0.4867500066757202,0.4717499911785126,0.4722500145435333,0.45142999291419983,221464000,0.0,0.0
2014-09-23 00:00:00-04:00,0.46974998712539673,0.4754999876022339,0.46799999475479126,0.4702500104904175,0.449518084526062,196144000,0.0,0.0
2014-09-24 00:00:00-04:00,0.4699999988079071,0.47450000047683716,0.46950000524520874,0.4729999899864197,0.45214688777923584,159592000,0.0,0.0
2014-09-25 00:00:00-04:00,0.4724999964237213,0.4737499952316284,0.46175000071525574,0.46274998784065247,0.4423486888408661,298440000,0.0,0.0
2014-09-26 00:00:00-04:00,0.46424999833106995,0.4672499895095825,0.4622499942779541,0.4637500047683716,0.4433046281337738,241188000,0.0,0.0
2014-09-29 00:00:00-04:00,0.46000000834465027,0.4662500023841858,0.4555000066757202,0.46299999952316284,0.4425877332687378,208540000,0.0,0.0
2014-09-30 00:00:00-04:00,0.460999995470047,0.4645000100135803,0.4557499885559082,0.4612500071525574,0.4409147799015045,277204000,0.0,0.0
2014-10-01 00:00:00-04:00,0.4620000123977661,0.4652499854564667,0.4555000066757202,0.4567500054836273,0.43661314249038696,350976000,0.0,0.0
2014-10-02 00:00:00-04:00,0.4560000002384186,0.4582499861717224,0.4442499876022339,0.4547500014305115,0.43470150232315063,288996000,0.0,0.0
2014-10-03 00:00:00-04:00,0.45750001072883606,0.4637500047683716,0.4557499885559082,0.4557499885559082,0.43565741181373596,239140000,0.0,0.0
2014-10-06 00:00:00-04:00,0.45750001072883606,0.4612500071525574,0.44999998807907104,0.453000009059906,0.4330286979675293,199032000,0.0,0.0
2014-10-07 00:00:00-04:00,0.45100000500679016,0.4555000066757202,0.4477500021457672,0.4482499957084656,0.4284879267215729,301896000,0.0,0.0
2014-10-08 00:00:00-04:00,0.4477500021457672,0.45875000953674316,0.4442499876022339,0.45649999380111694,0.4363742768764496,260172000,0.0,0.0
2014-10-09 00:00:00-04:00,0.4544999897480011,0.45500001311302185,0.4440000057220459,0.4477500021457672,0.42801007628440857,306956000,0.0,0.0
2014-10-10 00:00:00-04:00,0.4442499876022339,0.44574999809265137,0.42100000381469727,0.42124998569488525,0.4026782512664795,691376000,0.0,0.0
2014-10-13 00:00:00-04:00,0.42399999499320984,0.4325000047683716,0.4192500114440918,0.41975000500679016,0.4012446105480194,397628000,0.0,0.0
2014-10-14 00:00:00-04:00,0.4255000054836273,0.4412499964237213,0.4230000078678131,0.429500013589859,0.4105646014213562,376620000,0.0,0.0
2014-10-15 00:00:00-04:00,0.4232499897480011,0.43825000524520874,0.4205000102519989,0.4359999895095825,0.4167781174182892,404428000,0.0,0.0
2014-10-16 00:00:00-04:00,0.4282500147819519,0.4412499964237213,0.4272499978542328,0.4362500011920929,0.4170171618461609,351116000,0.0,0.0
2014-10-17 00:00:00-04:00,0.4415000081062317,0.4465000033378601,0.4337500035762787,0.43549999594688416,0.4163001477718353,290716000,0.0,0.0
2014-10-20 00:00:00-04:00,0.43549999594688416,0.44325000047683716,0.4325000047683716,0.43924999237060547,0.41988474130630493,200336000,0.0,0.0
2014-10-21 00:00:00-04:00,0.4424999952316284,0.4584999978542328,0.4412499964237213,0.4580000042915344,0.4378081262111664,351092000,0.0,0.0
2014-10-22 00:00:00-04:00,0.4572499990463257,0.45875000953674316,0.44725000858306885,0.44725000858306885,0.4275320768356323,239512000,0.0,0.0
2014-10-23 00:00:00-04:00,0.45500001311302185,0.46050000190734863,0.4517500102519989,0.4572499990463257,0.43709129095077515,214476000,0.0,0.0
2014-10-24 00:00:00-04:00,0.46000000834465027,0.4647499918937683,0.4572499990463257,0.4620000123977661,0.44163182377815247,210156000,0.0,0.0
2014-10-27 00:00:00-04:00,0.46175000071525574,0.46399998664855957,0.4567500054836273,0.4622499942779541,0.4418708086013794,145092000,0.0,0.0
2014-10-28 00:00:00-04:00,0.460999995470047,0.4737499952316284,0.46050000190734863,0.47325000166893005,0.4523858428001404,192580000,0.0,0.0
2014-10-29 00:00:00-04:00,0.4712499976158142,0.4740000069141388,0.4659999907016754,0.4702500104904175,0.449518084526062,168340000,0.0,0.0
2014-10-30 00:00:00-04:00,0.4690000116825104,0.47099998593330383,0.4612500071525574,0.4672499895095825,0.44665035605430603,170260000,0.0,0.0
2014-10-31 00:00:00-04:00,0.4779999852180481,0.48875001072883606,0.4754999876022339,0.4884999990463257,0.4669635593891144,256316000,0.0,0.0
2014-11-03 00:00:00-05:00,0.4997499883174896,0.5015000104904175,0.49424999952316284,0.49674999713897705,0.4748498499393463,308732000,0.0,0.0
2014-11-04 00:00:00-05:00,0.5,0.5049999952316284,0.49175000190734863,0.503250002861023,0.48106318712234497,360196000,0.0,0.0
2014-11-05 00:00:00-05:00,0.5062500238418579,0.5065000057220459,0.49950000643730164,0.503250002861023,0.48106318712234497,335652000,0.0,0.0
2014-11-06 00:00:00-05:00,0.5042499899864197,0.5062500238418579,0.4964999854564667,0.5055000185966492,0.48321399092674255,394088000,0.0,0.0
2014-11-07 00:00:00-05:00,0.5112500190734863,0.5172500014305115,0.4897499978542328,0.4947499930858612,0.4729379713535309,450800000,0.0,0.0
2014-11-10 00:00:00-05:00,0.49424999952316284,0.5037500262260437,0.49300000071525574,0.5005000233650208,0.4784344434738159,293388000,0.0,0.0
2014-11-11 00:00:00-05:00,0.4975000023841858,0.500249981880188,0.49024999141693115,0.4945000112056732,0.47269895672798157,212992000,0.0,0.0
2014-11-12 00:00:00-05:00,0.49274998903274536,0.49399998784065247,0.484499990940094,0.49125000834465027,0.46959230303764343,204584000,0.0,0.0
2014-11-13 00:00:00-05:00,0.49300000071525574,0.4937500059604645,0.48475000262260437,0.48875001072883606,0.46720245480537415,225328000,0.0,0.0
2014-11-14 00:00:00-05:00,0.4892500042915344,0.4947499930858612,0.484499990940094,0.4947499930858612,0.4729379713535309,160248000,0.0,0.0
2014-11-17 00:00:00-05:00,0.4925000071525574,0.49775001406669617,0.4892500042915344,0.4925000071525574,0.4707871079444885,158732000,0.0,0.0
2014-11-18 00:00:00-05:00,0.49274998903274536,0.5055000185966492,0.49149999022483826,0.5042499899864197,0.4820191264152527,207772000,0.0,0.0
2014-11-19 00:00:00-05:00,0.5024999976158142,0.5040000081062317,0.4950000047683716,0.500249981880188,0.4802192449569702,240300000,0.002125,0.0
2014-11-20 00:00:00-05:00,0.49674999713897705,0.5090000033378601,0.49524998664855957,0.5084999799728394,0.4881387948989868,220968000,0.0,0.0
2014-11-21 00:00:00-05:00,0.5130000114440918,0.5137500166893005,0.5070000290870667,0.5112500190734863,0.49077868461608887,198976000,0.0,0.0
2014-11-24 00:00:00-05:00,0.512499988079071,0.5167499780654907,0.5105000138282776,0.5145000219345093,0.4938986301422119,136004000,0.0,0.0
2014-11-25 00:00:00-05:00,0.5134999752044678,0.5180000066757202,0.512499988079071,0.5142499804496765,0.4936586320400238,190240000,0.0,0.0
2014-11-26 00:00:00-05:00,0.5112500190734863,0.5235000252723694,0.5109999775886536,0.5230000019073486,0.5020582675933838,219264000,0.0,0.0
2014-11-28 00:00:00-05:00,0.5247499942779541,0.5272499918937683,0.5199999809265137,0.5242499709129333,0.5032580494880676,124832000,0.0,0.0
2014-12-01 00:00:00-05:00,0.5220000147819519,0.5249999761581421,0.5137500166893005,0.5145000219345093,0.4938986301422119,190060000,0.0,0.0
2014-12-02 00:00:00-05:00,0.5139999985694885,0.5174999833106995,0.5092499852180481,0.515250027179718,0.49461862444877625,245952000,0.0,0.0
2014-12-03 00:00:00-05:00,0.5177500247955322,0.5287500023841858,0.5162500143051147,0.5285000205039978,0.5073379874229431,284424000,0.0,0.0
2014-12-04 00:00:00-05:00,0.5277500152587891,0.5297499895095825,0.5202500224113464,0.5237500071525574,0.5027782917022705,185332000,0.0,0.0
2014-12-05 00:00:00-05:00,0.5239999890327454,0.5295000076293945,0.5237500071525574,0.5267500281333923,0.5056580305099487,165680000,0.0,0.0
2014-12-08 00:00:00-05:00,0.5260000228881836,0.53125,0.515749990940094,0.5199999809265137,0.4991784989833832,226944000,0.0,0.0
2014-12-09 00:00:00-05:00,0.5167499780654907,0.5195000171661377,0.5090000033378601,0.5182499885559082,0.4974985420703888,239448000,0.0,0.0
2014-12-10 00:00:00-05:00,0.5167499780654907,0.518750011920929,0.5062500238418579,0.5067499876022339,0.48645904660224915,204364000,0.0,0.0
2014-12-11 00:00:00-05:00,0.5097500085830688,0.5132499933242798,0.5055000185966492,0.5065000057220459,0.48621898889541626,135652000,0.0,0.0
2014-12-12 00:00:00-05:00,0.4997499883174896,0.5042499899864197,0.49024999141693115,0.4907500147819519,0.47109952569007874,323964000,0.0,0.0
2014-12-15 00:00:00-05:00,0.4964999854564667,0.5055000185966492,0.48774999380111694,0.4892500042915344,0.46965962648391724,254696000,0.0,0.0
2014-12-16 00:00:00-05:00,0.48875001072883606,0.4964999854564667,0.48350000381469727,0.48374998569488525,0.4643799662590027,185308000,0.0,0.0
2014-12-17 00:00:00-05:00,0.4934999942779541,0.5042499899864197,0.47749999165534973,0.5034999847412109,0.4833391606807709,345596000,0.0,0.0
2014-12-18 00:00:00-05:00,0.5097500085830688,0.515749990940094,0.5007500052452087,0.5055000185966492,0.48525893688201904,226156000,0.0,0.0
2014-12-19 00:00:00-05:00,0.5090000033378601,0.512499988079071,0.5042499899864197,0.5105000138282776,0.4900588393211365,325528000,0.0,0.0
2014-12-22 00:00:00-05:00,0.5099999904632568,0.5195000171661377,0.5082499980926514,0.5195000171661377,0.49869850277900696,148976000,0.0,0.0
2014-12-23 00:00:00-05:00,0.5235000252723694,0.5260000228881836,0.515749990940094,0.5162500143051147,0.4955785572528839,109280000,0.0,0.0
2014-12-24 00:00:00-05:00,0.5174999833106995,0.5182499885559082,0.5137500166893005,0.5142499804496765,0.4936586320400238,45644000,0.0,0.0
2014-12-26 00:00:00-05:00,0.5142499804496765,0.5174999833106995,0.5130000114440918,0.5147500038146973,0.4941386580467224,52636000,0.0,0.0
2014-12-29 00:00:00-05:00,0.5132499933242798,0.5174999833106995,0.5107499957084656,0.5139999985694885,0.49341869354248047,82944000,0.0,0.0
2014-12-30 00:00:00-05:00,0.5105000138282776,0.5130000114440918,0.5084999799728394,0.5092499852180481,0.4888589084148407,112120000,0.0,0.0
2014-12-31 00:00:00-05:00,0.5099999904632568,0.5127500295639038,0.4997499883174896,0.5012500286102295,0.48117923736572266,166300000,0.0,0.0
2015-01-02 00:00:00-05:00,0.503250002861023,0.5070000290870667,0.49524998664855957,0.503250002861023,0.483099102973938,113680000,0.0,0.0
2015-01-05 00:00:00-05:00,0.503250002861023,0.5047500133514404,0.4925000071525574,0.4947499930858612,0.4749395549297333,197952000,0.0,0.0
2015-01-06 00:00:00-05:00,0.49549999833106995,0.4959999918937683,0.4792500138282776,0.47975000739097595,0.46054011583328247,197764000,0.0,0.0
2015-01-07 00:00:00-05:00,0.4832499921321869,0.48750001192092896,0.47699999809265137,0.47850000858306885,0.4593401253223419,321808000,0.0,0.0
2015-01-08 00:00:00-05:00,0.48399999737739563,0.49950000643730164,0.48374998569488525,0.4964999854564667,0.4766194224357605,283780000,0.0,0.0
2015-01-09 00:00:00-05:00,0.49825000762939453,0.5022500157356262,0.49149999022483826,0.4984999895095825,0.47853919863700867,209540000,0.0,0.0
2015-01-12 00:00:00-05:00,0.4997499883174896,0.5,0.48774999380111694,0.492249995470047,0.4725395739078522,190732000,0.0,0.0
2015-01-13 00:00:00-05:00,0.4959999918937683,0.5059999823570251,0.4880000054836273,0.49149999022483826,0.47181954979896545,236720000,0.0,0.0
2015-01-14 00:00:00-05:00,0.48625001311302185,0.4950000047683716,0.48500001430511475,0.4934999942779541,0.47373953461647034,155260000,0.0,0.0
2015-01-15 00:00:00-05:00,0.4970000088214874,0.5,0.4897499978542328,0.49000000953674316,0.4703795909881592,188932000,0.0,0.0
2015-01-16 00:00:00-05:00,0.4892500042915344,0.49950000643730164,0.48774999380111694,0.49900001287460327,0.4790193438529968,181512000,0.0,0.0
2015-01-20 00:00:00-05:00,0.5024999976158142,0.5052499771118164,0.49424999952316284,0.5005000233650208,0.48045921325683594,140308000,0.0,0.0
2015-01-21 00:00:00-05:00,0.49775001406669617,0.5087500214576721,0.49424999952316284,0.5074999928474426,0.4871789813041687,144780000,0.0,0.0
2015-01-22 00:00:00-05:00,0.5084999799728394,0.5177500247955322,0.503250002861023,0.5162500143051147,0.4955785572528839,159712000,0.0,0.0
2015-01-23 00:00:00-05:00,0.5167499780654907,0.518750011920929,0.512499988079071,0.5177500247955322,0.49701863527297974,120416000,0.0,0.0
2015-01-26 00:00:00-05:00,0.515500009059906,0.5180000066757202,0.5122500061988831,0.515500009059906,0.4948585331439972,133240000,0.0,0.0
2015-01-27 00:00:00-05:00,0.5074999928474426,0.5080000162124634,0.4897499978542328,0.4907500147819519,0.47109952569007874,357948000,0.0,0.0
2015-01-28 00:00:00-05:00,0.49674999713897705,0.4987500011920929,0.48249998688697815,0.4827499985694885,0.46341997385025024,272728000,0.0,0.0
2015-01-29 00:00:00-05:00,0.4830000102519989,0.4972499907016754,0.4807499945163727,0.4945000112056732,0.4746994972229004,235340000,0.0,0.0
2015-01-30 00:00:00-05:00,0.4909999966621399,0.49674999713897705,0.4792500138282776,0.47999998927116394,0.46077996492385864,298200000,0.0,0.0
2015-02-02 00:00:00-05:00,0.4830000102519989,0.4925000071525574,0.47350001335144043,0.49050000309944153,0.4708596467971802,259604000,0.0,0.0
2015-02-03 00:00:00-05:00,0.49399998784065247,0.503250002861023,0.49149999022483826,0.5027499794960022,0.482619047164917,183468000,0.0,0.0
2015-02-04 00:00:00-05:00,0.5012500286102295,0.5097500085830688,0.4997499883174896,0.5040000081062317,0.4838190972805023,181516000,0.0,0.0
2015-02-05 00:00:00-05:00,0.5044999718666077,0.512499988079071,0.5040000081062317,0.5122500061988831,0.49173879623413086,140448000,0.0,0.0
2015-02-06 00:00:00-05:00,0.5117499828338623,0.5177500247955322,0.5077499747276306,0.5099999904632568,0.4895787239074707,210524000,0.0,0.0
2015-02-09 00:00:00-05:00,0.5070000290870667,0.5109999775886536,0.5037500262260437,0.5095000267028809,0.48909878730773926,273944000,0.0,0.0
2015-02-10 00:00:00-05:00,0.5099999904632568,0.5239999890327454,0.5077499747276306,0.5237500071525574,0.5027782917022705,226204000,0.0,0.0
2015-02-11 00:00:00-05:00,0.5249999761581421,0.5249999761581421,0.5167499780654907,0.5202500224113464,0.4994184374809265,320832000,0.0,0.0
2015-02-12 00:00:00-05:00,0.550000011920929,0.5625,0.546750009059906,0.5575000047683716,0.5351768732070923,676904000,0.0,0.0
2015-02-13 00:00:00-05:00,0.5562499761581421,0.5584999918937683,0.5477499961853027,0.5577499866485596,0.5354169011116028,310084000,0.0,0.0
2015-02-17 00:00:00-05:00,0.5567499995231628,0.562250018119812,0.5532500147819519,0.559499979019165,0.5370966196060181,203340000,0.0,0.0
2015-02-18 00:00:00-05:00,0.5587499737739563,0.5597500205039978,0.5519999861717224,0.5529999732971191,0.5308569669723511,170948000,0.0,0.0
2015-02-19 00:00:00-05:00,0.5600000023841858,0.5609999895095825,0.5519999861717224,0.5544999837875366,0.5322970151901245,169432000,0.0,0.0
2015-02-20 00:00:00-05:00,0.5540000200271606,0.5587499737739563,0.550000011920929,0.5584999918937683,0.536137044429779,157752000,0.0,0.0
2015-02-23 00:00:00-05:00,0.5582500100135803,0.5582500100135803,0.5512499809265137,0.5540000200271606,0.5318169593811035,125008000,0.0,0.0
2015-02-24 00:00:00-05:00,0.5540000200271606,0.5577499866485596,0.5490000247955322,0.5577499866485596,0.537478506565094,149356000,0.002125,0.0
2015-02-25 00:00:00-05:00,0.5554999709129333,0.5580000281333923,0.5509999990463257,0.5534999966621399,0.5333830118179321,123820000,0.0,0.0
2015-02-26 00:00:00-05:00,0.5540000200271606,0.5582500100135803,0.5504999756813049,0.5550000071525574,0.5348283648490906,152864000,0.0,0.0
2015-02-27 00:00:00-05:00,0.5534999966621399,0.5547500252723694,0.5494999885559082,0.5515000224113464,0.5314556956291199,157492000,0.0,0.0
2015-03-02 00:00:00-05:00,0.550000011920929,0.5680000185966492,0.5492500066757202,0.5649999976158142,0.5444649457931519,301512000,0.0,0.0
2015-03-03 00:00:00-05:00,0.5607500076293945,0.5634999871253967,0.5527499914169312,0.5544999837875366,0.5343466401100159,160344000,0.0,0.0
2015-03-04 00:00:00-05:00,0.5525000095367432,0.5619999766349792,0.5502499938011169,0.5607500076293945,0.54036945104599,226840000,0.0,0.0
2015-03-05 00:00:00-05:00,0.5607500076293945,0.5724999904632568,0.559249997138977,0.5715000033378601,0.5507287979125977,323056000,0.0,0.0
2015-03-06 00:00:00-05:00,0.5682500004768372,0.5709999799728394,0.5632500052452087,0.5637500286102295,0.5432604551315308,257392000,0.0,0.0
2015-03-09 00:00:00-04:00,0.5640000104904175,0.5695000290870667,0.562749981880188,0.5652499794960022,0.544705867767334,222388000,0.0,0.0
2015-03-10 00:00:00-04:00,0.5677499771118164,0.5787500143051147,0.5667499899864197,0.574999988079071,0.5541016459465027,527212000,0.0,0.0
2015-03-11 00:00:00-04:00,0.574999988079071,0.5824999809265137,0.5705000162124634,0.5720000267028809,0.5512104630470276,262120000,0.0,0.0
2015-03-12 00:00:00-04:00,0.5665000081062317,0.5707499980926514,0.5559999942779541,0.5667499899864197,0.5461514592170715,406972000,0.0,0.0
2015-03-13 00:00:00-04:00,0.5640000104904175,0.5690000057220459,0.5562499761581421,0.5674999952316284,0.5468738675117493,359288000,0.0,0.0
2015-03-16 00:00:00-04:00,0.5720000267028809,0.577750027179718,0.5682500004768372,0.5742499828338623,0.5533788800239563,236956000,0.0,0.0
2015-03-17 00:00:00-04:00,0.5730000138282776,0.5814999938011169,0.5690000057220459,0.581250011920929,0.5601242184638977,299900000,0.0,0.0
2015-03-18 00:00:00-04:00,0.581250011920929,0.5842499732971191,0.5665000081062317,0.5717499852180481,0.550969660282135,413844000,0.0,0.0
2015-03-19 00:00:00-04:00,0.5737500190734863,0.5824999809265137,0.5695000290870667,0.5805000066757202,0.5594016313552856,310756000,0.0,0.0
2015-03-20 00:00:00-04:00,0.5852500200271606,0.5902500152587891,0.5797500014305115,0.5867499709129333,0.5654245615005493,462084000,0.0,0.0
2015-03-23 00:00:00-04:00,0.5692499876022339,0.5767499804496765,0.5674999952316284,0.5677499771118164,0.5471149682998657,426012000,0.0,0.0
2015-03-24 00:00:00-04:00,0.5659999847412109,0.5699999928474426,0.5575000047683716,0.5600000023841858,0.5396466851234436,330480000,0.0,0.0
2015-03-25 00:00:00-04:00,0.5597500205039978,0.5597500205039978,0.5242499709129333,0.5260000228881836,0.5068823099136353,542552000,0.0,0.0
2015-03-26 00:00:00-04:00,0.515250027179718,0.5264999866485596,0.5115000009536743,0.5242499709129333,0.5051959753036499,311920000,0.0,0.0
2015-03-27 00:00:00-04:00,0.5272499918937683,0.5364999771118164,0.518750011920929,0.534500002861023,0.5150735378265381,318288000,0.0,0.0
2015-03-30 00:00:00-04:00,0.5370000004768372,0.5394999980926514,0.5299999713897705,0.5367500185966492,0.5172416567802429,253252000,0.0,0.0
2015-03-31 00:00:00-04:00,0.5352500081062317,0.5357499718666077,0.5227500200271606,0.5232499837875366,0.5042324066162109,357276000,0.0,0.0
2015-04-01 00:00:00-04:00,0.5252500176429749,0.5270000100135803,0.5162500143051147,0.5252500176429749,0.5061596035957336,330768000,0.0,0.0
2015-04-02 00:00:00-04:00,0.528249979019165,0.5297499895095825,0.5220000147819519,0.5264999866485596,0.5073643326759338,192204000,0.0,0.0
2015-04-06 00:00:00-04:00,0.5242499709129333,0.5435000061988831,0.518750011920929,0.5417500138282776,0.522059977054596,515864000,0.0,0.0
2015-04-07 00:00:00-04:00,0.5417500138282776,0.5525000095367432,0.5387499928474426,0.546500027179718,0.5266373753547668,413964000,0.0,0.0
2015-04-08 00:00:00-04:00,0.546999990940094,0.5525000095367432,0.5417500138282776,0.5504999756813049,0.5304920077323914,366432000,0.0,0.0
2015-04-09 00:00:00-04:00,0.5462499856948853,0.5649999976158142,0.5460000038146973,0.5632500052452087,0.5427785515785217,379432000,0.0,0.0
2015-04-10 00:00:00-04:00,0.5637500286102295,0.5692499876022339,0.5617499947547913,0.5690000057220459,0.5483196377754211,258728000,0.0,0.0
2015-04-13 00:00:00-04:00,0.5677499771118164,0.5709999799728394,0.5612499713897705,0.5637500286102295,0.5432604551315308,236724000,0.0,0.0
2015-04-14 00:00:00-04:00,0.5615000128746033,0.5637500286102295,0.5534999966621399,0.5590000152587891,0.5386832356452942,220276000,0.0,0.0
2015-04-15 00:00:00-04:00,0.5605000257492065,0.5699999928474426,0.5577499866485596,0.565750002861023,0.5451875329017639,243560000,0.0,0.0
2015-04-16 00:00:00-04:00,0.5625,0.5672500133514404,0.5582500100135803,0.562250018119812,0.541814923286438,155284000,0.0,0.0
2015-04-17 00:00:00-04:00,0.5504999756813049,0.5605000257492065,0.5502499938011169,0.5550000071525574,0.5348283648490906,293636000,0.0,0.0
2015-04-20 00:00:00-04:00,0.5575000047683716,0.5609999895095825,0.5512499809265137,0.5522500276565552,0.532178521156311,231624000,0.0,0.0
2015-04-21 00:00:00-04:00,0.5590000152587891,0.5590000152587891,0.5487499833106995,0.5515000224113464,0.5314556956291199,230456000,0.0,0.0
2015-04-22 00:00:00-04:00,0.5547500252723694,0.5584999918937683,0.5462499856948853,0.5577499866485596,0.537478506565094,207420000,0.0,0.0
2015-04-23 00:00:00-04:00,0.5475000143051147,0.5607500076293945,0.5412499904632568,0.5554999709129333,0.5353100895881653,259380000,0.0,0.0
2015-04-24 00:00:00-04:00,0.5552499890327454,0.5554999709129333,0.5444999933242798,0.5507500171661377,0.5307329893112183,240960000,0.0,0.0
2015-04-27 00:00:00-04:00,0.5525000095367432,0.5647500157356262,0.5477499961853027,0.5550000071525574,0.5348283648490906,248456000,0.0,0.0
2015-04-28 00:00:00-04:00,0.5540000200271606,0.5597500205039978,0.5487499833106995,0.5577499866485596,0.537478506565094,234484000,0.0,0.0
2015-04-29 00:00:00-04:00,0.5537499785423279,0.559249997138977,0.5512499809265137,0.5534999966621399,0.5333830118179321,195156000,0.0,0.0
2015-04-30 00:00:00-04:00,0.5507500171661377,0.5577499866485596,0.5494999885559082,0.5550000071525574,0.5348283648490906,218844000,0.0,0.0
2015-05-01 00:00:00-04:00,0.559499979019165,0.5705000162124634,0.5569999814033508,0.5687500238418579,0.548078715801239,256968000,0.0,0.0
2015-05-04 00:00:00-04:00,0.5682500004768372,0.5720000267028809,0.5634999871253967,0.5652499794960022,0.544705867767334,200720000,0.0,0.0
2015-05-05 00:00:00-04:00,0.5632500052452087,0.5640000104904175,0.5482500195503235,0.5507500171661377,0.5307329893112183,292928000,0.0,0.0
2015-05-06 00:00:00-04:00,0.5537499785423279,0.5590000152587891,0.5452499985694885,0.5525000095367432,0.5324193239212036,316484000,0.0,0.0
2015-05-07 00:00:00-04:00,0.5502499938011169,0.5640000104904175,0.5485000014305115,0.562250018119812,0.541814923286438,534564000,0.0,0.0
2015-05-08 00:00:00-04:00,0.5252500176429749,0.5460000038146973,0.5122500061988831,0.5207499861717224,0.501823365688324,1146552000,0.0,0.0
2015-05-11 00:00:00-04:00,0.5134999752044678,0.5210000276565552,0.5095000267028809,0.515749990940094,0.49700498580932617,544144000,0.0,0.0
2015-05-12 00:00:00-04:00,0.5120000243186951,0.5249999761581421,0.5117499828338623,0.5207499861717224,0.501823365688324,388800000,0.0,0.0
2015-05-13 00:00:00-04:00,0.5245000123977661,0.5285000205039978,0.518750011920929,0.5237500071525574,0.50471431016922,308524000,0.0,0.0
2015-05-14 00:00:00-04:00,0.5252500176429749,0.5350000262260437,0.5239999890327454,0.5322499871253967,0.512905478477478,293052000,0.0,0.0
2015-05-15 00:00:00-04:00,0.534500002861023,0.5370000004768372,0.5292500257492065,0.5325000286102295,0.5131464004516602,215824000,0.0,0.0
2015-05-18 00:00:00-04:00,0.53125,0.5350000262260437,0.5287500023841858,0.5317500233650208,0.5124235153198242,324972000,0.0,0.0
2015-05-19 00:00:00-04:00,0.5299999713897705,0.5317500233650208,0.5249999761581421,0.5260000228881836,0.509228527545929,253808000,0.00245,0.0
2015-05-20 00:00:00-04:00,0.5262500047683716,0.5325000286102295,0.5254999995231628,0.5260000228881836,0.509228527545929,196824000,0.0,0.0
2015-05-21 00:00:00-04:00,0.5262500047683716,0.5285000205039978,0.5217499732971191,0.5222499966621399,0.505598247051239,239692000,0.0,0.0
2015-05-22 00:00:00-04:00,0.5235000252723694,0.5254999995231628,0.5202500224113464,0.5214999914169312,0.5048721432685852,212592000,0.0,0.0
2015-05-26 00:00:00-04:00,0.5189999938011169,0.5224999785423279,0.5142499804496765,0.5182499885559082,0.5017258524894714,259732000,0.0,0.0
2015-05-27 00:00:00-04:00,0.5217499732971191,0.5485000014305115,0.5199999809265137,0.5460000038146973,0.528590977191925,432332000,0.0,0.0
2015-05-28 00:00:00-04:00,0.5460000038146973,0.5552499890327454,0.5450000166893005,0.5534999966621399,0.5358519554138184,327656000,0.0,0.0
2015-05-29 00:00:00-04:00,0.5534999966621399,0.5569999814033508,0.5525000095367432,0.5532500147819519,0.5356099009513855,335168000,0.0,0.0
2015-06-01 00:00:00-04:00,0.5567499995231628,0.5649999976158142,0.5532500147819519,0.559499979019165,0.5416604280471802,372660000,0.0,0.0
2015-06-02 00:00:00-04:00,0.5559999942779541,0.5590000152587891,0.5479999780654907,0.5485000014305115,0.5310110449790955,224304000,0.0,0.0
2015-06-03 00:00:00-04:00,0.550000011920929,0.5542500019073486,0.5414999723434448,0.5425000190734863,0.5252024531364441,250788000,0.0,0.0
2015-06-04 00:00:00-04:00,0.5392500162124634,0.5540000200271606,0.5392500162124634,0.5522500276565552,0.5346418619155884,323712000,0.0,0.0
2015-06-05 00:00:00-04:00,0.5504999756813049,0.5590000152587891,0.5447499752044678,0.5565000176429749,0.5387561321258545,313320000,0.0,0.0
2015-06-08 00:00:00-04:00,0.5547500252723694,0.5584999918937683,0.5375000238418579,0.543749988079071,0.5264126062393188,342812000,0.0,0.0
2015-06-09 00:00:00-04:00,0.5442500114440918,0.5504999756813049,0.5432500243186951,0.546500027179718,0.5290750861167908,256888000,0.0,0.0
2015-06-10 00:00:00-04:00,0.5400000214576721,0.5435000061988831,0.5337499976158142,0.5367500185966492,0.5196358561515808,529460000,0.0,0.0
2015-06-11 00:00:00-04:00,0.5367500185966492,0.5462499856948853,0.5367500185966492,0.5425000190734863,0.5252024531364441,283052000,0.0,0.0
2015-06-12 00:00:00-04:00,0.5389999747276306,0.5422499775886536,0.5264999866485596,0.5277500152587891,0.5109228491783142,323728000,0.0,0.0
2015-06-15 00:00:00-04:00,0.5249999761581421,0.5292500257492065,0.5210000276565552,0.5267500281333923,0.5099548101425171,306548000,0.0,0.0
2015-06-16 00:00:00-04:00,0.5257499814033508,0.5339999794960022,0.5205000042915344,0.5332499742507935,0.5162473917007446,256892000,0.0,0.0
2015-06-17 00:00:00-04:00,0.5329999923706055,0.5425000190734863,0.5317500233650208,0.5394999980926514,0.5222982168197632,233544000,0.0,0.0
2015-06-18 00:00:00-04:00,0.5440000295639038,0.5519999861717224,0.5425000190734863,0.5485000014305115,0.5310110449790955,299404000,0.0,0.0
2015-06-19 00:00:00-04:00,0.5485000014305115,0.5529999732971191,0.5417500138282776,0.546750009059906,0.5293168425559998,355656000,0.0,0.0
2015-06-22 00:00:00-04:00,0.5477499961853027,0.5507500171661377,0.5362499952316284,0.5444999933242798,0.5271387100219727,514236000,0.0,0.0
2015-06-23 00:00:00-04:00,0.5454999804496765,0.5497499704360962,0.5262500047683716,0.5304999947547913,0.5135849118232727,414064000,0.0,0.0
2015-06-24 00:00:00-04:00,0.5297499895095825,0.5325000286102295,0.5227500200271606,0.5252500176429749,0.5085024237632751,253368000,0.0,0.0
2015-06-25 00:00:00-04:00,0.5252500176429749,0.5325000286102295,0.5252500176429749,0.5292500257492065,0.5123748779296875,350460000,0.0,0.0
2015-06-26 00:00:00-04:00,0.5249999761581421,0.5254999995231628,0.5162500143051147,0.5184999704360962,0.5019678473472595,421296000,0.0,0.0
2015-06-29 00:00:00-04:00,0.512499988079071,0.5177500247955322,0.5022500157356262,0.503000020980835,0.4869619607925415,391724000,0.0,0.0
2015-06-30 00:00:00-04:00,0.5059999823570251,0.5082499980926514,0.49924999475479126,0.5027499794960022,0.48671987652778625,315916000,0.0,0.0
2015-07-01 00:00:00-04:00,0.515250027179718,0.5224999785423279,0.5055000185966492,0.5099999904632568,0.49373874068260193,302892000,0.0,0.0
2015-07-02 00:00:00-04:00,0.5097500085830688,0.5137500166893005,0.5072500109672546,0.5105000138282776,0.4942229390144348,145764000,0.0,0.0
2015-07-06 00:00:00-04:00,0.5062500238418579,0.5132499933242798,0.5005000233650208,0.5042499899864197,0.48817208409309387,214776000,0.0,0.0
2015-07-07 00:00:00-04:00,0.5012500286102295,0.503250002861023,0.4790000021457672,0.4947499930858612,0.4789751172065735,594252000,0.0,0.0
2015-07-08 00:00:00-04:00,0.492000013589859,0.4950000047683716,0.4872500002384186,0.49125000834465027,0.4755866825580597,332492000,0.0,0.0
2015-07-09 00:00:00-04:00,0.49900001287460327,0.5012500286102295,0.48225000500679016,0.48524999618530273,0.4697778820991516,357588000,0.0,0.0
2015-07-10 00:00:00-04:00,0.49149999022483826,0.49825000762939453,0.49024999141693115,0.4937500059604645,0.4780069589614868,216708000,0.0,0.0
2015-07-13 00:00:00-04:00,0.4987500011920929,0.4997499883174896,0.4937500059604645,0.4970000088214874,0.481153279542923,212472000,0.0,0.0
2015-07-14 00:00:00-04:00,0.49775001406669617,0.49825000762939453,0.4907500147819519,0.4972499907016754,0.48139533400535583,249216000,0.0,0.0
2015-07-15 00:00:00-04:00,0.4959999918937683,0.49924999475479126,0.4892500042915344,0.4937500059604645,0.4780069589614868,265732000,0.0,0.0
2015-07-16 00:00:00-04:00,0.49674999713897705,0.5047500133514404,0.4950000047683716,0.5047500133514404,0.488656222820282,282848000,0.0,0.0
2015-07-17 00:00:00-04:00,0.503000020980835,0.5034999847412109,0.49524998664855957,0.5017499923706055,0.4857518672943115,220372000,0.0,0.0
2015-07-20 00:00:00-04:00,0.5017499923706055,0.5037500262260437,0.49125000834465027,0.4925000071525574,0.47679686546325684,188412000,0.0,0.0
2015-07-21 00:00:00-04:00,0.49149999022483826,0.5017499923706055,0.49149999022483826,0.4947499930858612,0.4789751172065735,149720000,0.0,0.0
2015-07-22 00:00:00-04:00,0.49125000834465027,0.49125000834465027,0.4792500138282776,0.48524999618530273,0.4697778820991516,356472000,0.0,0.0
2015-07-23 00:00:00-04:00,0.48625001311302185,0.4984999895095825,0.48524999618530273,0.49125000834465027,0.4755866825580597,169916000,0.0,0.0
2015-07-24 00:00:00-04:00,0.4947499930858612,0.49524998664855957,0.48350000381469727,0.4855000078678131,0.470020055770874,188844000,0.0,0.0
2015-07-27 00:00:00-04:00,0.48124998807907104,0.4882499873638153,0.47725000977516174,0.4827499985694885,0.46735769510269165,192420000,0.0,0.0
2015-07-28 00:00:00-04:00,0.48399999737739563,0.4964999854564667,0.4790000021457672,0.4932500123977661,0.47752290964126587,198308000,0.0,0.0
2015-07-29 00:00:00-04:00,0.492249995470047,0.503250002861023,0.49024999141693115,0.49924999475479126,0.4833315312862396,232680000,0.0,0.0
2015-07-30 00:00:00-04:00,0.49799999594688416,0.5055000185966492,0.49799999594688416,0.5005000233650208,0.48454174399375916,190180000,0.0,0.0
2015-07-31 00:00:00-04:00,0.5024999976158142,0.5027499794960022,0.4957500100135803,0.4987500011920929,0.48284754157066345,218340000,0.0,0.0
2015-08-03 00:00:00-04:00,0.5027499794960022,0.5077499747276306,0.4962500035762787,0.5072500109672546,0.49107658863067627,397132000,0.0,0.0
2015-08-04 00:00:00-04:00,0.5055000185966492,0.5107499957084656,0.5034999847412109,0.5092499852180481,0.49301281571388245,260100000,0.0,0.0
2015-08-05 00:00:00-04:00,0.5217499732971191,0.5222499966621399,0.5134999752044678,0.5145000219345093,0.49809539318084717,234628000,0.0,0.0
2015-08-06 00:00:00-04:00,0.5132499933242798,0.5170000195503235,0.5027499794960022,0.5112500190734863,0.49494898319244385,655676000,0.0,0.0
2015-08-07 00:00:00-04:00,0.5615000128746033,0.5842499732971191,0.546999990940094,0.5745000243186951,0.556182324886322,1405248000,0.0,0.0
2015-08-10 00:00:00-04:00,0.5705000162124634,0.5987499952316284,0.5669999718666077,0.5945000052452087,0.5755445957183838,662304000,0.0,0.0
2015-08-11 00:00:00-04:00,0.5857499837875366,0.5972499847412109,0.5857499837875366,0.5914999842643738,0.5726399421691895,435008000,0.0,0.0
2015-08-12 00:00:00-04:00,0.5820000171661377,0.5972499847412109,0.5820000171661377,0.5929999947547913,0.5740922093391418,384048000,0.0,0.0
2015-08-13 00:00:00-04:00,0.59375,0.5950000286102295,0.5864999890327454,0.5879999995231628,0.5692515969276428,276884000,0.0,0.0
2015-08-14 00:00:00-04:00,0.5874999761581421,0.5920000076293945,0.5839999914169312,0.5885000228881836,0.5697359442710876,214652000,0.0,0.0
2015-08-17 00:00:00-04:00,0.5874999761581421,0.5874999761581421,0.5774999856948853,0.5847499966621399,0.566105306148529,273880000,0.0,0.0
2015-08-18 00:00:00-04:00,0.5805000066757202,0.5845000147819519,0.5724999904632568,0.5770000219345093,0.5609528422355652,287084000,0.00245,0.0
2015-08-19 00:00:00-04:00,0.5762500166893005,0.5827500224113464,0.5684999823570251,0.5747500061988831,0.5587652325630188,249248000,0.0,0.0
2015-08-20 00:00:00-04:00,0.5682500004768372,0.5709999799728394,0.5512499809265137,0.5540000200271606,0.5385925769805908,426932000,0.0,0.0
2015-08-21 00:00:00-04:00,0.550000011920929,0.559249997138977,0.5362499952316284,0.5367500185966492,0.5218222737312317,382664000,0.0,0.0
2015-08-24 00:00:00-04:00,0.5067499876022339,0.5457500219345093,0.5,0.5177500247955322,0.5033507943153381,682284000,0.0,0.0
2015-08-25 00:00:00-04:00,0.5404999852180481,0.5425000190734863,0.5070000290870667,0.5070000290870667,0.4928995668888092,622684000,0.0,0.0
2015-08-26 00:00:00-04:00,0.5235000252723694,0.5457500219345093,0.5195000171661377,0.5452499985694885,0.5300859212875366,614976000,0.0,0.0
2015-08-27 00:00:00-04:00,0.5509999990463257,0.5659999847412109,0.5477499961853027,0.565750002861023,0.5500156283378601,463764000,0.0,0.0
2015-08-28 00:00:00-04:00,0.565750002861023,0.5717499852180481,0.5617499947547913,0.5682500004768372,0.5524461269378662,320944000,0.0,0.0
2015-08-31 00:00:00-04:00,0.565500020980835,0.5695000290870667,0.5597500205039978,0.5619999766349792,0.5463698506355286,219352000,0.0,0.0
2015-09-01 00:00:00-04:00,0.5457500219345093,0.5550000071525574,0.5350000262260437,0.5389999747276306,0.5240095257759094,353408000,0.0,0.0
2015-09-02 00:00:00-04:00,0.5537499785423279,0.5554999709129333,0.5444999933242798,0.5552499890327454,0.5398075580596924,344044000,0.0,0.0
2015-09-03 00:00:00-04:00,0.5634999871253967,0.5662500262260437,0.5557500123977661,0.5567499995231628,0.5412660837173462,262556000,0.0,0.0
2015-09-04 00:00:00-04:00,0.547249972820282,0.5559999942779541,0.5435000061988831,0.543749988079071,0.5286276340484619,287972000,0.0,0.0
2015-09-08 00:00:00-04:00,0.5569999814033508,0.5692499876022339,0.5547500252723694,0.5669999718666077,0.5512309074401855,238448000,0.0,0.0
2015-09-09 00:00:00-04:00,0.5687500238418579,0.5734999775886536,0.5544999837875366,0.5557500123977661,0.5402939319610596,289392000,0.0,0.0
2015-09-10 00:00:00-04:00,0.5525000095367432,0.5715000033378601,0.550000011920929,0.5644999742507935,0.5488005876541138,357076000,0.0,0.0
2015-09-11 00:00:00-04:00,0.5582500100135803,0.5699999928474426,0.5559999942779541,0.5662500262260437,0.5505017638206482,301584000,0.0,0.0
2015-09-14 00:00:00-04:00,0.5690000057220459,0.5707499980926514,0.5642499923706055,0.5672500133514404,0.5514739751815796,192460000,0.0,0.0
2015-09-15 00:00:00-04:00,0.5674999952316284,0.5764999985694885,0.565750002861023,0.5734999775886536,0.5575501918792725,327976000,0.0,0.0
2015-09-16 00:00:00-04:00,0.5724999904632568,0.5807499885559082,0.5682500004768372,0.5774999856948853,0.5614388585090637,173508000,0.0,0.0
2015-09-17 00:00:00-04:00,0.5874999761581421,0.5927500128746033,0.5814999938011169,0.5827500224113464,0.5665427446365356,268712000,0.0,0.0
2015-09-18 00:00:00-04:00,0.5747500061988831,0.5872499942779541,0.5712500214576721,0.5822499990463257,0.5660569667816162,326412000,0.0,0.0
2015-09-21 00:00:00-04:00,0.5830000042915344,0.5895000100135803,0.5799999833106995,0.5882499814033508,0.5718899965286255,281840000,0.0,0.0
2015-09-22 00:00:00-04:00,0.5755000114440918,0.5795000195503235,0.5692499876022339,0.5722500085830688,0.556334912776947,228356000,0.0,0.0
2015-09-23 00:00:00-04:00,0.5727499723434448,0.578499972820282,0.5705000162124634,0.574999988079071,0.5590085387229919,161632000,0.0,0.0
2015-09-24 00:00:00-04:00,0.5715000033378601,0.5920000076293945,0.5625,0.5860000252723694,0.5697025656700134,382440000,0.0,0.0
2015-09-25 00:00:00-04:00,0.5932499766349792,0.6017500162124634,0.5845000147819519,0.5902500152587891,0.5738343000411987,369692000,0.0,0.0
2015-09-28 00:00:00-04:00,0.5902500152587891,0.593999981880188,0.5787500143051147,0.5824999809265137,0.5662997961044312,395584000,0.0,0.0
2015-09-29 00:00:00-04:00,0.5887500047683716,0.59375,0.5805000066757202,0.5927500128746033,0.5762647390365601,380736000,0.0,0.0
2015-09-30 00:00:00-04:00,0.5982499718666077,0.6169999837875366,0.5947499871253967,0.6162499785423279,0.5991113781929016,556380000,0.0,0.0
2015-10-01 00:00:00-04:00,0.6162499785423279,0.6179999709129333,0.5867499709129333,0.6042500138282776,0.5874449014663696,489296000,0.0,0.0
2015-10-02 00:00:00-04:00,0.6010000109672546,0.6200000047683716,0.5947499871253967,0.6200000047683716,0.602756917476654,386144000,0.0,0.0
2015-10-05 00:00:00-04:00,0.6240000128746033,0.6432499885559082,0.6207500100135803,0.6355000138282776,0.6178258657455444,482024000,0.0,0.0
2015-10-06 00:00:00-04:00,0.6287500262260437,0.6464999914169312,0.6262500286102295,0.643750011920929,0.6258464455604553,453216000,0.0,0.0
2015-10-07 00:00:00-04:00,0.6452500224113464,0.6570000052452087,0.6347500085830688,0.6504999995231628,0.6324086785316467,310152000,0.0,0.0
2015-10-08 00:00:00-04:00,0.6477500200271606,0.656000018119812,0.6367499828338623,0.6542500257492065,0.6360544562339783,460068000,0.0,0.0
2015-10-09 00:00:00-04:00,0.6507499814033508,0.6570000052452087,0.6395000219345093,0.6517500281333923,0.6336237788200378,423248000,0.0,0.0
2015-10-12 00:00:00-04:00,0.6524999737739563,0.6625000238418579,0.6477500200271606,0.6587499976158142,0.6404293179512024,227588000,0.0,0.0
2015-10-13 00:00:00-04:00,0.6535000205039978,0.6639999747276306,0.6512500047683716,0.6600000262260437,0.6416444182395935,298444000,0.0,0.0
2015-10-14 00:00:00-04:00,0.6607499718666077,0.6947500109672546,0.6600000262260437,0.6840000152587891,0.6649771928787231,612148000,0.0,0.0
2015-10-15 00:00:00-04:00,0.6852499842643738,0.6997500061988831,0.6782500147819519,0.6857500076293945,0.6666784882545471,526048000,0.0,0.0
2015-10-16 00:00:00-04:00,0.6880000233650208,0.703000009059906,0.6862499713897705,0.6965000033378601,0.6771294474601746,448396000,0.0,0.0
2015-10-19 00:00:00-04:00,0.6987500190734863,0.7020000219345093,0.687250018119812,0.6952499747276306,0.6759141087532043,294712000,0.0,0.0
2015-10-20 00:00:00-04:00,0.6922500133514404,0.6974999904632568,0.6869999766349792,0.6942499876022339,0.6749417781829834,264824000,0.0,0.0
2015-10-21 00:00:00-04:00,0.6984999775886536,0.702750027179718,0.6840000152587891,0.6852499842643738,0.6661921739578247,386280000,0.0,0.0
2015-10-22 00:00:00-04:00,0.6932500004768372,0.7122499942779541,0.6922500133514404,0.7099999785423279,0.690253734588623,306884000,0.0,0.0
2015-10-23 00:00:00-04:00,0.7162500023841858,0.7195000052452087,0.7055000066757202,0.7147499918937683,0.6948718428611755,381776000,0.0,0.0
2015-10-26 00:00:00-04:00,0.7152500152587891,0.7170000076293945,0.7049999833106995,0.7114999890327454,0.6917120814323425,247436000,0.0,0.0
2015-10-27 00:00:00-04:00,0.7080000042915344,0.715499997138977,0.7074999809265137,0.7110000252723694,0.6912262439727783,208268000,0.0,0.0
2015-10-28 00:00:00-04:00,0.715499997138977,0.7167500257492065,0.7049999833106995,0.7167500257492065,0.6968163251876831,217036000,0.0,0.0
2015-10-29 00:00:00-04:00,0.7052500247955322,0.7124999761581421,0.690750002861023,0.6919999718666077,0.6727545857429504,327168000,0.0,0.0
2015-10-30 00:00:00-04:00,0.6995000243186951,0.7142500281333923,0.6942499876022339,0.7092499732971191,0.6895249485969543,301160000,0.0,0.0
2015-11-02 00:00:00-05:00,0.7114999890327454,0.7182499766349792,0.7072499990463257,0.7174999713897705,0.6975452303886414,190088000,0.0,0.0
2015-11-03 00:00:00-05:00,0.7132499814033508,0.7172499895095825,0.7045000195503235,0.7124999761581421,0.6926843523979187,376768000,0.0,0.0
2015-11-04 00:00:00-05:00,0.7105000019073486,0.715749979019165,0.6974999904632568,0.7007499933242798,0.6812613606452942,442264000,0.0,0.0
2015-11-05 00:00:00-05:00,0.7042499780654907,0.706250011920929,0.690750002861023,0.6927499771118164,0.673483669757843,478800000,0.0,0.0
2015-11-06 00:00:00-05:00,0.7612500190734863,0.7985000014305115,0.7455000281333923,0.7887499928474426,0.7668138146400452,1172272000,0.0,0.0
2015-11-09 00:00:00-05:00,0.781000018119812,0.7875000238418579,0.7742499709129333,0.7852500081062317,0.7634111642837524,492568000,0.0,0.0
2015-11-10 00:00:00-05:00,0.7749999761581421,0.7792500257492065,0.7537500262260437,0.7702500224113464,0.7488282918930054,552260000,0.0,0.0
2015-11-11 00:00:00-05:00,0.7707499861717224,0.7762500047683716,0.7599999904632568,0.7627500295639038,0.7415367364883423,619896000,0.0,0.0
2015-11-12 00:00:00-05:00,0.7609999775886536,0.7680000066757202,0.7567499876022339,0.7599999904632568,0.7388632297515869,291080000,0.0,0.0
2015-11-13 00:00:00-05:00,0.7607499957084656,0.7639999985694885,0.7412499785423279,0.7450000047683716,0.7242805361747742,292940000,0.0,0.0
2015-11-16 00:00:00-05:00,0.7547500133514404,0.7605000138282776,0.7487499713897705,0.7599999904632568,0.7388632297515869,344280000,0.0,0.0
2015-11-17 00:00:00-05:00,0.7620000243186951,0.7664999961853027,0.7567499876022339,0.7599999904632568,0.7388632297515869,257048000,0.0,0.0
2015-11-18 00:00:00-05:00,0.7602499723434448,0.7767500281333923,0.7519999742507935,0.7757499814033508,0.7570392489433289,350216000,0.002875,0.0
2015-11-19 00:00:00-05:00,0.7785000205039978,0.7857499718666077,0.7722499966621399,0.777999997138977,0.7592350840568542,254072000,0.0,0.0
2015-11-20 00:00:00-05:00,0.7837499976158142,0.7892500162124634,0.7789999842643738,0.7847499847412109,0.7658218741416931,239744000,0.0,0.0
2015-11-23 00:00:00-05:00,0.7912499904632568,0.7912499904632568,0.7702500224113464,0.7730000019073486,0.7543553113937378,242552000,0.0,0.0
2015-11-24 00:00:00-05:00,0.7730000019073486,0.7860000133514404,0.7695000171661377,0.7792500257492065,0.7604545950889587,195428000,0.0,0.0
2015-11-25 00:00:00-05:00,0.7777500152587891,0.7870000004768372,0.7754999995231628,0.778249979019165,0.7594788670539856,138300000,0.0,0.0
2015-11-27 00:00:00-05:00,0.7797499895095825,0.7872499823570251,0.7757499814033508,0.7847499847412109,0.7658218741416931,86996000,0.0,0.0
2015-11-30 00:00:00-05:00,0.7854999899864197,0.796500027179718,0.7847499847412109,0.7929999828338623,0.7738731503486633,327244000,0.0,0.0
2015-12-01 00:00:00-05:00,0.800000011920929,0.8195000290870667,0.7992500066757202,0.8187500238418579,0.7990018725395203,409496000,0.0,0.0
2015-12-02 00:00:00-05:00,0.8199999928474426,0.828499972820282,0.8107500076293945,0.8125,0.7929028272628784,294240000,0.0,0.0
2015-12-03 00:00:00-05:00,0.8190000057220459,0.8274999856948853,0.8067499995231628,0.8107500076293945,0.7911950349807739,246656000,0.0,0.0
2015-12-04 00:00:00-05:00,0.8107500076293945,0.8452500104904175,0.8107500076293945,0.84375,0.8233989477157593,458756000,0.0,0.0
2015-12-07 00:00:00-05:00,0.843500018119812,0.843500018119812,0.8252500295639038,0.827750027179718,0.8077848553657532,333588000,0.0,0.0
2015-12-08 00:00:00-05:00,0.8174999952316284,0.8424999713897705,0.812250018119812,0.8389999866485596,0.8187634944915771,314488000,0.0,0.0
2015-12-09 00:00:00-05:00,0.8387500047683716,0.84375,0.809249997138977,0.8177499771118164,0.7980260252952576,372676000,0.0,0.0
2015-12-10 00:00:00-05:00,0.8202499747276306,0.8289999961853027,0.8174999952316284,0.8245000243186951,0.8046129941940308,236596000,0.0,0.0
2015-12-11 00:00:00-05:00,0.8162500262260437,0.8220000267028809,0.8105000257492065,0.812250018119812,0.7926587462425232,227320000,0.0,0.0
2015-12-14 00:00:00-05:00,0.8130000233650208,0.8187500238418579,0.8044999837875366,0.8142499923706055,0.7946105599403381,275892000,0.0,0.0
2015-12-15 00:00:00-05:00,0.8234999775886536,0.8299999833106995,0.8190000057220459,0.8242499828338623,0.8043693900108337,307296000,0.0,0.0
2015-12-16 00:00:00-05:00,0.8259999752044678,0.8320000171661377,0.8187500238418579,0.8292499780654907,0.809248685836792,236356000,0.0,0.0
2015-12-17 00:00:00-05:00,0.8305000066757202,0.8389999866485596,0.8162500262260437,0.8167499899864197,0.7970501780509949,254160000,0.0,0.0
2015-12-18 00:00:00-05:00,0.8109999895095825,0.8192499876022339,0.8025000095367432,0.8034999966621399,0.7841197848320007,395896000,0.0,0.0
2015-12-21 00:00:00-05:00,0.812250018119812,0.8232499957084656,0.8050000071525574,0.8224999904632568,0.8026615381240845,284216000,0.0,0.0
2015-12-22 00:00:00-05:00,0.824999988079071,0.8314999938011169,0.8182500004768372,0.8232499957084656,0.8033934831619263,130012000,0.0,0.0
2015-12-23 00:00:00-05:00,0.8245000243186951,0.8297500014305115,0.8230000138282776,0.8264999985694885,0.8065651655197144,122524000,0.0,0.0
2015-12-24 00:00:00-05:00,0.8240000009536743,0.831250011920929,0.8227499723434448,0.8292499780654907,0.809248685836792,52448000,0.0,0.0
2015-12-28 00:00:00-05:00,0.8205000162124634,0.828499972820282,0.8090000152587891,0.828499972820282,0.8085166811943054,142024000,0.0,0.0
2015-12-29 00:00:00-05:00,0.8289999961853027,0.8445000052452087,0.8267499804496765,0.8420000076293945,0.8216912150382996,203660000,0.0,0.0
2015-12-30 00:00:00-05:00,0.8412500023841858,0.8485000133514404,0.8345000147819519,0.8347499966621399,0.8146160244941711,180344000,0.0,0.0
2015-12-31 00:00:00-05:00,0.8335000276565552,0.8372499942779541,0.8240000009536743,0.8240000009536743,0.8041253685951233,148528000,0.0,0.0
2016-01-04 00:00:00-05:00,0.8072500228881836,0.8144999742507935,0.8009999990463257,0.809249997138977,0.7897312641143799,358076000,0.0,0.0
2016-01-05 00:00:00-05:00,0.8245000243186951,0.8360000252723694,0.8125,0.8222500085830688,0.8024174571037292,490272000,0.0,0.0
2016-01-06 00:00:00-05:00,0.8087499737739563,0.8125,0.7789999842643738,0.7882500290870667,0.7692375779151917,449344000,0.0,0.0
2016-01-07 00:00:00-05:00,0.7684999704360962,0.7737500071525574,0.746999979019165,0.7570000290870667,0.7387413382530212,645304000,0.0,0.0
2016-01-08 00:00:00-05:00,0.7667499780654907,0.7674999833106995,0.7392500042915344,0.7407500147819519,0.7228833436965942,398472000,0.0,0.0
2016-01-11 00:00:00-05:00,0.7415000200271606,0.7472500205039978,0.7287499904632568,0.7419999837875366,0.7241032719612122,409372000,0.0,0.0
2016-01-12 00:00:00-05:00,0.7552499771118164,0.765500009059906,0.7492499947547913,0.7544999718666077,0.736301600933075,469356000,0.0,0.0
2016-01-13 00:00:00-05:00,0.7602499723434448,0.765250027179718,0.7307500243186951,0.7315000295639038,0.7138563394546509,481672000,0.0,0.0
2016-01-14 00:00:00-05:00,0.7164999842643738,0.7250000238418579,0.6955000162124634,0.7167500257492065,0.6994622349739075,600236000,0.0,0.0
2016-01-15 00:00:00-05:00,0.6880000233650208,0.6962500214576721,0.6660000085830688,0.6777499914169312,0.6614028215408325,841452000,0.0,0.0
2016-01-19 00:00:00-05:00,0.6917499899864197,0.7112500071525574,0.6804999709129333,0.6832500100135803,0.6667702794075012,457140000,0.0,0.0
2016-01-20 00:00:00-05:00,0.6702499985694885,0.6957499980926514,0.6612499952316284,0.6869999766349792,0.6704297065734863,481180000,0.0,0.0
2016-01-21 00:00:00-05:00,0.6945000290870667,0.7057499885559082,0.6802499890327454,0.6949999928474426,0.6782369017601013,481456000,0.0,0.0
2016-01-22 00:00:00-05:00,0.7082499861717224,0.7160000205039978,0.7067499756813049,0.7112500071525574,0.6940949559211731,257996000,0.0,0.0
2016-01-25 00:00:00-05:00,0.7110000252723694,0.7192500233650208,0.7089999914169312,0.7105000019073486,0.6933630108833313,270728000,0.0,0.0
2016-01-26 00:00:00-05:00,0.7120000123977661,0.7204999923706055,0.7047500014305115,0.7174999713897705,0.7001939415931702,227944000,0.0,0.0
2016-01-27 00:00:00-05:00,0.7164999842643738,0.71875,0.6955000162124634,0.7089999914169312,0.6918991804122925,231700000,0.0,0.0
2016-01-28 00:00:00-05:00,0.7147499918937683,0.7172499895095825,0.6875,0.7012500166893005,0.6843360662460327,276776000,0.0,0.0
2016-01-29 00:00:00-05:00,0.7072499990463257,0.7337499856948853,0.7045000195503235,0.7322499752044678,0.7145883440971375,310504000,0.0,0.0
2016-02-01 00:00:00-05:00,0.7315000295639038,0.7362499833106995,0.7252500057220459,0.7325000166893005,0.7148321866989136,289884000,0.0,0.0
2016-02-02 00:00:00-05:00,0.7250000238418579,0.7287499904632568,0.6965000033378601,0.7014999985694885,0.6845800876617432,341908000,0.0,0.0
2016-02-03 00:00:00-05:00,0.7070000171661377,0.7112500071525574,0.6887500286102295,0.7049999833106995,0.6879956722259521,326772000,0.0,0.0
2016-02-04 00:00:00-05:00,0.7059999704360962,0.7212499976158142,0.6982499957084656,0.7052500247955322,0.6882396936416626,348140000,0.0,0.0
2016-02-05 00:00:00-05:00,0.7005000114440918,0.7082499861717224,0.6587499976158142,0.6607499718666077,0.6448127031326294,600428000,0.0,0.0
2016-02-08 00:00:00-05:00,0.6507499814033508,0.6539999842643738,0.6212499737739563,0.6305000185966492,0.615292489528656,608852000,0.0,0.0
2016-02-09 00:00:00-05:00,0.6230000257492065,0.6637499928474426,0.6200000047683716,0.6372500061988831,0.6218796968460083,425372000,0.0,0.0
2016-02-10 00:00:00-05:00,0.6412500143051147,0.6597499847412109,0.6322500109672546,0.6357499957084656,0.6204158663749695,335800000,0.0,0.0
2016-02-11 00:00:00-05:00,0.6194999814033508,0.6389999985694885,0.6194999814033508,0.6324999928474426,0.617244303226471,340144000,0.0,0.0
2016-02-12 00:00:00-05:00,0.6424999833106995,0.6445000171661377,0.6187499761581421,0.6432499885559082,0.627734899520874,340816000,0.0,0.0
2016-02-16 00:00:00-05:00,0.6524999737739563,0.6757500171661377,0.6504999995231628,0.6747499704360962,0.6584751605987549,485352000,0.0,0.0
2016-02-17 00:00:00-05:00,0.6832500100135803,0.6980000138282776,0.6804999709129333,0.6915000081062317,0.6748212575912476,771468000,0.0,0.0
2016-02-18 00:00:00-05:00,0.7482500076293945,0.7745000123977661,0.7475000023841858,0.7509999871253967,0.7328860759735107,1068660000,0.0,0.0
2016-02-19 00:00:00-05:00,0.746999979019165,0.7677500247955322,0.7412499785423279,0.7609999775886536,0.7426448464393616,525628000,0.0,0.0
2016-02-22 00:00:00-05:00,0.7720000147819519,0.796750009059906,0.7705000042915344,0.7879999876022339,0.7689934968948364,449668000,0.0,0.0
2016-02-23 00:00:00-05:00,0.7817500233650208,0.7975000143051147,0.777999997138977,0.7900000214576721,0.7709452509880066,369380000,0.0,0.0
2016-02-24 00:00:00-05:00,0.7867500185966492,0.796750009059906,0.7649999856948853,0.7954999804496765,0.7763127088546753,336852000,0.0,0.0
2016-02-25 00:00:00-05:00,0.7985000014305115,0.8012499809265137,0.7829999923706055,0.797249972820282,0.778020441532135,349616000,0.0,0.0
2016-02-26 00:00:00-05:00,0.8009999990463257,0.8029999732971191,0.7839999794960022,0.7919999957084656,0.772896945476532,361964000,0.0,0.0
2016-02-29 00:00:00-05:00,0.7902500033378601,0.8004999756813049,0.7835000157356262,0.7839999794960022,0.7678775787353516,323344000,0.002875,0.0
2016-03-01 00:00:00-05:00,0.7860000133514404,0.8187500238418579,0.7847499847412109,0.8187500238418579,0.8019129037857056,348700000,0.0,0.0
2016-03-02 00:00:00-05:00,0.8142499923706055,0.8264999985694885,0.812749981880188,0.8234999775886536,0.8065654039382935,233812000,0.0,0.0
2016-03-03 00:00:00-05:00,0.8224999904632568,0.8259999752044678,0.8052499890327454,0.8162500262260437,0.7994645237922668,302004000,0.0,0.0
2016-03-04 00:00:00-05:00,0.8224999904632568,0.8232499957084656,0.8075000047683716,0.8137500286102295,0.7970157265663147,175304000,0.0,0.0
2016-03-07 00:00:00-05:00,0.809249997138977,0.8147500157356262,0.7979999780654907,0.8084999918937683,0.7918738722801208,239968000,0.0,0.0
2016-03-08 00:00:00-05:00,0.8002499938011169,0.8050000071525574,0.7912499904632568,0.793749988079071,0.7774270176887512,274940000,0.0,0.0
2016-03-09 00:00:00-05:00,0.8007500171661377,0.8019999861717224,0.7829999923706055,0.7932500243186951,0.7769373059272766,222788000,0.0,0.0
2016-03-10 00:00:00-05:00,0.7979999780654907,0.8025000095367432,0.7760000228881836,0.7919999957084656,0.7757128477096558,286084000,0.0,0.0
2016-03-11 00:00:00-05:00,0.8037499785423279,0.8057500123977661,0.7942500114440918,0.8054999709129333,0.7889355421066284,277400000,0.0,0.0
2016-03-14 00:00:00-04:00,0.8017500042915344,0.8107500076293945,0.7979999780654907,0.8075000047683716,0.7908942103385925,190312000,0.0,0.0
2016-03-15 00:00:00-04:00,0.8032500147819519,0.8084999918937683,0.7892500162124634,0.8034999966621399,0.7869764566421509,226216000,0.0,0.0
2016-03-16 00:00:00-04:00,0.7975000143051147,0.8302500247955322,0.793749988079071,0.8274999856948853,0.8104830384254456,363644000,0.0,0.0
2016-03-17 00:00:00-04:00,0.8245000243186951,0.828499972820282,0.809249997138977,0.8205000162124634,0.8036269545555115,353680000,0.0,0.0
2016-03-18 00:00:00-04:00,0.8302500247955322,0.856249988079071,0.824999988079071,0.8452500104904175,0.8278679847717285,545512000,0.0,0.0
2016-03-21 00:00:00-04:00,0.8377500176429749,0.8479999899864197,0.8287500143051147,0.8477500081062317,0.8303165435791016,337780000,0.0,0.0
2016-03-22 00:00:00-04:00,0.8450000286102295,0.8522499799728394,0.8357499837875366,0.8462499976158142,0.8288474678993225,242012000,0.0,0.0
2016-03-23 00:00:00-04:00,0.8500000238418579,0.8669999837875366,0.8462499976158142,0.8607500195503235,0.8430492877960205,429008000,0.0,0.0
2016-03-24 00:00:00-04:00,0.8529999852180481,0.8634999990463257,0.8502500057220459,0.8619999885559082,0.8442735075950623,244956000,0.0,0.0
2016-03-28 00:00:00-04:00,0.8604999780654907,0.8744999766349792,0.859499990940094,0.8707500100135803,0.852843701839447,265388000,0.0,0.0
2016-03-29 00:00:00-04:00,0.8669999837875366,0.8867499828338623,0.8650000095367432,0.8847500085830688,0.8665558099746704,261812000,0.0,0.0
2016-03-30 00:00:00-04:00,0.8880000114440918,0.90625,0.887499988079071,0.8939999938011169,0.8756152391433716,376700000,0.0,0.0
2016-03-31 00:00:00-04:00,0.8980000019073486,0.8999999761581421,0.8837500214576721,0.890749990940094,0.8724323511123657,379884000,0.0,0.0
2016-04-01 00:00:00-04:00,0.8852499723434448,0.9042500257492065,0.8784999847412109,0.9037500023841858,0.8851647973060608,348292000,0.0,0.0
2016-04-04 00:00:00-04:00,0.9112499952316284,0.9160000085830688,0.8914999961853027,0.8949999809265137,0.8765949606895447,393940000,0.0,0.0
2016-04-05 00:00:00-04:00,0.8870000243186951,0.9020000100135803,0.8834999799728394,0.893750011920929,0.8753707408905029,339568000,0.0,0.0
2016-04-06 00:00:00-04:00,0.8824999928474426,0.8955000042915344,0.8657500147819519,0.8949999809265137,0.8765949606895447,453376000,0.0,0.0
2016-04-07 00:00:00-04:00,0.8892499804496765,0.8972499966621399,0.8820000290870667,0.8857499957084656,0.8675351142883301,378104000,0.0,0.0
2016-04-08 00:00:00-04:00,0.8930000066757202,0.8987500071525574,0.8827499747276306,0.8914999961853027,0.8731667995452881,255936000,0.0,0.0
2016-04-11 00:00:00-04:00,0.8967499732971191,0.9117500185966492,0.8939999938011169,0.8970000147819519,0.8785536289215088,387524000,0.0,0.0
2016-04-12 00:00:00-04:00,0.8999999761581421,0.9012500047683716,0.8784999847412109,0.8960000276565552,0.8775743246078491,292764000,0.0,0.0
2016-04-13 00:00:00-04:00,0.8999999761581421,0.918749988079071,0.8999999761581421,0.9185000061988831,0.8996118903160095,350716000,0.0,0.0
2016-04-14 00:00:00-04:00,0.9160000085830688,0.925000011920929,0.9122499823570251,0.9210000038146973,0.9020602703094482,416564000,0.0,0.0
2016-04-15 00:00:00-04:00,0.9207500219345093,0.9365000128746033,0.9177500009536743,0.9282500147819519,0.9091612100601196,436972000,0.0,0.0
2016-04-18 00:00:00-04:00,0.9265000224113464,0.9265000224113464,0.9152500033378601,0.9242500066757202,0.9052435159683228,307320000,0.0,0.0
2016-04-19 00:00:00-04:00,0.9277499914169312,0.9294999837875366,0.9020000100135803,0.9077500104904175,0.8890827894210815,309152000,0.0,0.0
2016-04-20 00:00:00-04:00,0.90625,0.9167500138282776,0.9052500128746033,0.9112499952316284,0.8925107717514038,200172000,0.0,0.0
2016-04-21 00:00:00-04:00,0.9114999771118164,0.9157500267028809,0.90625,0.9102500081062317,0.8915312886238098,178280000,0.0,0.0
2016-04-22 00:00:00-04:00,0.9132500290870667,0.9194999933242798,0.9037500023841858,0.9067500233650208,0.8881033658981323,223540000,0.0,0.0
2016-04-25 00:00:00-04:00,0.9070000052452087,0.9162499904632568,0.9045000076293945,0.9112499952316284,0.8925107717514038,191972000,0.0,0.0
2016-04-26 00:00:00-04:00,0.9167500138282776,0.9272500276565552,0.9079999923706055,0.9120000004768372,0.8932453989982605,214536000,0.0,0.0
2016-04-27 00:00:00-04:00,0.9097499847412109,0.9332500100135803,0.9079999923706055,0.9327499866485596,0.9135686755180359,352396000,0.0,0.0
2016-04-28 00:00:00-04:00,0.9269999861717224,0.9325000047683716,0.9027500152587891,0.9049999713897705,0.8863890767097473,381224000,0.0,0.0
2016-04-29 00:00:00-04:00,0.9012500047683716,0.903249979019165,0.8784999847412109,0.8882499933242798,0.8699837327003479,321904000,0.0,0.0
2016-05-02 00:00:00-04:00,0.8967499732971191,0.9054999947547913,0.8924999833106995,0.8999999761581421,0.8814921379089355,256076000,0.0,0.0
2016-05-03 00:00:00-04:00,0.8897500038146973,0.8934999704360962,0.8815000057220459,0.8892499804496765,0.8709630966186523,224024000,0.0,0.0
2016-05-04 00:00:00-04:00,0.8784999847412109,0.8792499899864197,0.8600000143051147,0.8690000176429749,0.8511295914649963,525764000,0.0,0.0
2016-05-05 00:00:00-04:00,0.8762500286102295,0.8845000267028809,0.8677499890327454,0.8742499947547913,0.8562716245651245,246884000,0.0,0.0
2016-05-06 00:00:00-04:00,0.8727499842643738,0.8855000138282776,0.8709999918937683,0.8832499980926514,0.8650866150856018,183240000,0.0,0.0
2016-05-09 00:00:00-04:00,0.8855000138282776,0.8892499804496765,0.874750018119812,0.8820000290870667,0.8638622164726257,333336000,0.0,0.0
2016-05-10 00:00:00-04:00,0.887499988079071,0.9004999995231628,0.8790000081062317,0.8989999890327454,0.8805126547813416,269676000,0.0,0.0
2016-05-11 00:00:00-04:00,0.9017500281333923,0.9114999771118164,0.8967499732971191,0.9014999866485596,0.8829612731933594,328176000,0.0,0.0
2016-05-12 00:00:00-04:00,0.9079999923706055,0.9120000004768372,0.8732500076293945,0.8892499804496765,0.8709630966186523,670540000,0.0,0.0
2016-05-13 00:00:00-04:00,0.9797499775886536,1.024999976158142,0.9750000238418579,1.0245000123977661,1.0034315586090088,2110256000,0.0,0.0
2016-05-16 00:00:00-04:00,1.0167499780654907,1.0700000524520874,1.0134999752044678,1.0547499656677246,1.03305983543396,973032000,0.0,0.0
2016-05-17 00:00:00-04:00,1.0499999523162842,1.0644999742507935,1.0364999771118164,1.0570000410079956,1.0352636575698853,628392000,0.0,0.0
2016-05-18 00:00:00-04:00,1.0499999523162842,1.096250057220459,1.0499999523162842,1.0839999914169312,1.0617079734802246,541072000,0.0,0.0
2016-05-19 00:00:00-04:00,1.0797499418258667,1.096500039100647,1.0782500505447388,1.0887500047683716,1.0663608312606812,398880000,0.0,0.0
2016-05-20 00:00:00-04:00,1.0954999923706055,1.1127500534057617,1.09375,1.1082500219345093,1.085459589958191,391084000,0.0,0.0
2016-05-23 00:00:00-04:00,1.1130000352859497,1.1172499656677246,1.1032500267028809,1.1100000143051147,1.087173342704773,413636000,0.0,0.0
2016-05-24 00:00:00-04:00,1.1104999780654907,1.1375000476837158,1.1074999570846558,1.1339999437332153,1.113564372062683,415788000,0.002875,0.0
2016-05-25 00:00:00-04:00,1.1375000476837158,1.1422499418258667,1.1202499866485596,1.1292500495910645,1.1088999509811401,458076000,0.0,0.0
2016-05-26 00:00:00-04:00,1.131250023841858,1.1495000123977661,1.128000020980835,1.1412500143051147,1.1206836700439453,309964000,0.0,0.0
2016-05-27 00:00:00-04:00,1.1425000429153442,1.1492500305175781,1.1387499570846558,1.1475000381469727,1.1268211603164673,277416000,0.0,0.0
2016-05-31 00:00:00-04:00,1.152500033378601,1.1705000400543213,1.1517499685287476,1.1679999828338623,1.1469515562057495,412524000,0.0,0.0
2016-06-01 00:00:00-04:00,1.162500023841858,1.18149995803833,1.159000039100647,1.1702500581741333,1.1491608619689941,387132000,0.0,0.0
2016-06-02 00:00:00-04:00,1.1764999628067017,1.1885000467300415,1.1649999618530273,1.1785000562667847,1.1572620868682861,329208000,0.0,0.0
2016-06-03 00:00:00-04:00,1.1670000553131104,1.1684999465942383,1.1414999961853027,1.1619999408721924,1.1410595178604126,461076000,0.0,0.0
2016-06-06 00:00:00-04:00,1.1649999618530273,1.1740000247955322,1.149999976158142,1.156000018119812,1.135168194770813,322512000,0.0,0.0
2016-06-07 00:00:00-04:00,1.1629999876022339,1.1694999933242798,1.1577500104904175,1.1582499742507935,1.137377142906189,193400000,0.0,0.0
2016-06-08 00:00:00-04:00,1.1584999561309814,1.162750005722046,1.1449999809265137,1.1545000076293945,1.133695125579834,234616000,0.0,0.0
2016-06-09 00:00:00-04:00,1.1505000591278076,1.1862499713897705,1.1480000019073486,1.184499979019165,1.1631544828414917,472168000,0.0,0.0
2016-06-10 00:00:00-04:00,1.1705000400543213,1.180999994277954,1.153499960899353,1.1549999713897705,1.1341856718063354,400024000,0.0,0.0
2016-06-13 00:00:00-04:00,1.15625,1.1924999952316284,1.15625,1.1697499752044678,1.1486703157424927,475588000,0.0,0.0
2016-06-14 00:00:00-04:00,1.1670000553131104,1.1775000095367432,1.1540000438690186,1.1720000505447388,1.1508796215057373,298344000,0.0,0.0
2016-06-15 00:00:00-04:00,1.1817500591278076,1.1942499876022339,1.1687500476837158,1.184000015258789,1.162663459777832,301036000,0.0,0.0
2016-06-16 00:00:00-04:00,1.1752500534057617,1.190750002861023,1.1637500524520874,1.1887500286102295,1.1673277616500854,246456000,0.0,0.0
2016-06-17 00:00:00-04:00,1.190250039100647,1.190500020980835,1.1632499694824219,1.1679999828338623,1.1469515562057495,471000000,0.0,0.0
2016-06-20 00:00:00-04:00,1.186750054359436,1.2042499780654907,1.1859999895095825,1.1890000104904175,1.1675732135772705,293768000,0.0,0.0
2016-06-21 00:00:00-04:00,1.194000005722046,1.1972500085830688,1.1799999475479126,1.1817500591278076,1.1604536771774292,212508000,0.0,0.0
2016-06-22 00:00:00-04:00,1.184249997138977,1.1920000314712524,1.1787500381469727,1.1807500123977661,1.1594716310501099,202620000,0.0,0.0
2016-06-23 00:00:00-04:00,1.1920000314712524,1.2135000228881836,1.191249966621399,1.212249994277954,1.1904038190841675,297880000,0.0,0.0
2016-06-24 00:00:00-04:00,1.162500023841858,1.184000015258789,1.1325000524520874,1.1432499885559082,1.1226474046707153,1017684000,0.0,0.0
2016-06-27 00:00:00-04:00,1.1337499618530273,1.1425000429153442,1.1142499446868896,1.13100004196167,1.1106187105178833,449088000,0.0,0.0
2016-06-28 00:00:00-04:00,1.152500033378601,1.153749942779541,1.1317499876022339,1.1475000381469727,1.1268211603164673,381920000,0.0,0.0
2016-06-29 00:00:00-04:00,1.1575000286102295,1.1752500534057617,1.1545000076293945,1.1662499904632568,1.1452335119247437,318932000,0.0,0.0
2016-06-30 00:00:00-04:00,1.1682499647140503,1.1825000047683716,1.158750057220459,1.1752500534057617,1.1540709733963013,430940000,0.0,0.0
2016-07-01 00:00:00-04:00,1.1687500476837158,1.184000015258789,1.162500023841858,1.1664999723434448,1.1454781293869019,218488000,0.0,0.0
2016-07-05 00:00:00-04:00,1.159999966621399,1.1857500076293945,1.1507500410079956,1.183750033378601,1.1624181270599365,371084000,0.0,0.0
2016-07-06 00:00:00-04:00,1.1755000352859497,1.1982500553131104,1.1694999933242798,1.191249966621399,1.1697824001312256,273104000,0.0,0.0
2016-07-07 00:00:00-04:00,1.1992499828338623,1.2265000343322754,1.193750023841858,1.222249984741211,1.2002238035202026,395400000,0.0,0.0
2016-07-08 00:00:00-04:00,1.2352499961853027,1.277250051498413,1.2304999828338623,1.2712500095367432,1.2483410835266113,481932000,0.0,0.0
2016-07-11 00:00:00-04:00,1.2894999980926514,1.309999942779541,1.2879999876022339,1.3005000352859497,1.2770639657974243,448776000,0.0,0.0
2016-07-12 00:00:00-04:00,1.315000057220459,1.3320000171661377,1.2984999418258667,1.3200000524520874,1.2962124347686768,436760000,0.0,0.0
2016-07-13 00:00:00-04:00,1.3224999904632568,1.3300000429153442,1.3174999952316284,1.3194999694824219,1.295721411705017,324604000,0.0,0.0
2016-07-14 00:00:00-04:00,1.3265000581741333,1.3450000286102295,1.315500020980835,1.3329999446868896,1.3089781999588013,316892000,0.0,0.0
2016-07-15 00:00:00-04:00,1.315999984741211,1.3235000371932983,1.2960000038146973,1.3174999952316284,1.2937569618225098,428616000,0.0,0.0
2016-07-18 00:00:00-04:00,1.3337500095367432,1.3357499837875366,1.3192499876022339,1.3242499828338623,1.3003857135772705,252992000,0.0,0.0
2016-07-19 00:00:00-04:00,1.3235000371932983,1.343250036239624,1.3209999799728394,1.3380000591278076,1.3138878345489502,382652000,0.0,0.0
2016-07-20 00:00:00-04:00,1.3424999713897705,1.3627500534057617,1.3370000123977661,1.3554999828338623,1.3310725688934326,296460000,0.0,0.0
2016-07-21 00:00:00-04:00,1.3524999618530273,1.3567500114440918,1.3259999752044678,1.3305000066757202,1.3065229654312134,361308000,0.0,0.0
2016-07-22 00:00:00-04:00,1.3352500200271606,1.3667500019073486,1.3255000114440918,1.3667500019073486,1.3421201705932617,315768000,0.0,0.0
2016-07-25 00:00:00-04:00,1.375,1.3952499628067017,1.36899995803833,1.3919999599456787,1.3669147491455078,312528000,0.0,0.0
2016-07-26 00:00:00-04:00,1.4042500257492065,1.4229999780654907,1.402250051498413,1.4157500267028809,1.3902369737625122,514508000,0.0,0.0
2016-07-27 00:00:00-04:00,1.4279999732971191,1.4305000305175781,1.3930000066757202,1.4014999866485596,1.3762435913085938,446676000,0.0,0.0
2016-07-28 00:00:00-04:00,1.4047499895095825,1.4149999618530273,1.40024995803833,1.4045000076293945,1.3791896104812622,221916000,0.0,0.0
2016-07-29 00:00:00-04:00,1.409749984741211,1.431249976158142,1.3845000267028809,1.4275000095367432,1.4017752408981323,409588000,0.0,0.0
2016-08-01 00:00:00-04:00,1.433500051498413,1.4387500286102295,1.409000039100647,1.4182499647140503,1.3926914930343628,301120000,0.0,0.0
2016-08-02 00:00:00-04:00,1.4249999523162842,1.4257500171661377,1.3875000476837158,1.4010000228881836,1.3757526874542236,282748000,0.0,0.0
2016-08-03 00:00:00-04:00,1.3992500305175781,1.4075000286102295,1.3914999961853027,1.4047499895095825,1.3794349431991577,299828000,0.0,0.0
2016-08-04 00:00:00-04:00,1.4114999771118164,1.437250018119812,1.408750057220459,1.4307500123977661,1.4049667119979858,272712000,0.0,0.0
2016-08-05 00:00:00-04:00,1.4472500085830688,1.4557499885559082,1.440250039100647,1.4550000429153442,1.4287794828414917,371588000,0.0,0.0
2016-08-08 00:00:00-04:00,1.475000023841858,1.4785000085830688,1.4529999494552612,1.468500018119812,1.4420361518859863,305064000,0.0,0.0
2016-08-09 00:00:00-04:00,1.4757499694824219,1.4865000247955322,1.468500018119812,1.472249984741211,1.44571852684021,372344000,0.0,0.0
2016-08-10 00:00:00-04:00,1.4852499961853027,1.4874999523162842,1.4579999446868896,1.46274995803833,1.4363898038864136,375740000,0.0,0.0
2016-08-11 00:00:00-04:00,1.4704999923706055,1.4987499713897705,1.4674999713897705,1.4924999475479126,1.4656037092208862,681064000,0.0,0.0
2016-08-12 00:00:00-04:00,1.5475000143051147,1.5844999551773071,1.5157500505447388,1.5759999752044678,1.5475988388061523,1425744000,0.0,0.0
2016-08-15 00:00:00-04:00,1.5777499675750732,1.587499976158142,1.5532499551773071,1.5744999647140503,1.5461257696151733,573304000,0.0,0.0
2016-08-16 00:00:00-04:00,1.5722500085830688,1.5747499465942383,1.5602500438690186,1.565000057220459,1.5367974042892456,287652000,0.0,0.0
2016-08-17 00:00:00-04:00,1.565000057220459,1.56850004196167,1.5164999961853027,1.528749942779541,1.5012004375457764,595212000,0.0,0.0
2016-08-18 00:00:00-04:00,1.5264999866485596,1.5549999475479126,1.5204999446868896,1.5525000095367432,1.5245224237442017,331684000,0.0,0.0
2016-08-19 00:00:00-04:00,1.5517499446868896,1.5682499408721924,1.5449999570846558,1.55649995803833,1.5284504890441895,291560000,0.0,0.0
2016-08-22 00:00:00-04:00,1.5612499713897705,1.565250039100647,1.5427500009536743,1.562999963760376,1.534833312034607,244748000,0.0,0.0
2016-08-23 00:00:00-04:00,1.5759999752044678,1.5829999446868896,1.5682499408721924,1.5727499723434448,1.5472534894943237,339764000,0.002875,0.0
2016-08-24 00:00:00-04:00,1.5782500505447388,1.5789999961853027,1.5412499904632568,1.5484999418258667,1.523396611213684,298448000,0.0,0.0
2016-08-25 00:00:00-04:00,1.5490000247955322,1.5497499704360962,1.5190000534057617,1.5382499694824219,1.513312816619873,406032000,0.0,0.0
2016-08-26 00:00:00-04:00,1.5422500371932983,1.559499979019165,1.5299999713897705,1.5507500171661377,1.5256104469299316,300024000,0.0,0.0
2016-08-29 00:00:00-04:00,1.5570000410079956,1.563249945640564,1.5472500324249268,1.5497499704360962,1.5246261358261108,274652000,0.0,0.0
2016-08-30 00:00:00-04:00,1.5477499961853027,1.555999994277954,1.5364999771118164,1.5407500267028809,1.5157719850540161,285544000,0.0,0.0
2016-08-31 00:00:00-04:00,1.5437500476837158,1.5479999780654907,1.5290000438690186,1.5334999561309814,1.5086396932601929,388544000,0.0,0.0
2016-09-01 00:00:00-04:00,1.534749984741211,1.5844999551773071,1.5334999561309814,1.5787500143051147,1.5531564950942993,428492000,0.0,0.0
2016-09-02 00:00:00-04:00,1.5820000171661377,1.5837500095367432,1.5455000400543213,1.563249945640564,1.537907361984253,323148000,0.0,0.0
2016-09-06 00:00:00-04:00,1.568750023841858,1.5779999494552612,1.5607500076293945,1.5779999494552612,1.5524183511734009,306812000,0.0,0.0
2016-09-07 00:00:00-04:00,1.5729999542236328,1.5807499885559082,1.5457500219345093,1.5547499656677246,1.529545545578003,397988000,0.0,0.0
2016-09-08 00:00:00-04:00,1.5532499551773071,1.56850004196167,1.5355000495910645,1.565999984741211,1.5406129360198975,315808000,0.0,0.0
2016-09-09 00:00:00-04:00,1.5487500429153442,1.5575000047683716,1.475000023841858,1.4880000352859497,1.4638776779174805,697760000,0.0,0.0
2016-09-12 00:00:00-04:00,1.468250036239624,1.5217499732971191,1.4329999685287476,1.5187499523162842,1.4941288232803345,598260000,0.0,0.0
2016-09-13 00:00:00-04:00,1.5149999856948853,1.5325000286102295,1.4882500171661377,1.496749997138977,1.472485899925232,471768000,0.0,0.0
2016-09-14 00:00:00-04:00,1.500249981880188,1.5149999856948853,1.4877500534057617,1.5099999904632568,1.4855209589004517,319048000,0.0,0.0
2016-09-15 00:00:00-04:00,1.5125000476837158,1.569000005722046,1.5089999437332153,1.5672500133514404,1.5418428182601929,515212000,0.0,0.0
2016-09-16 00:00:00-04:00,1.5727499723434448,1.5812499523162842,1.5529999732971191,1.5709999799728394,1.5455323457717896,902444000,0.0,0.0
2016-09-19 00:00:00-04:00,1.587499976158142,1.631500005722046,1.5802500247955322,1.5917500257492065,1.5659455060958862,417128000,0.0,0.0
2016-09-20 00:00:00-04:00,1.6100000143051147,1.6100000143051147,1.56850004196167,1.5772500038146973,1.551680564880371,331112000,0.0,0.0
2016-09-21 00:00:00-04:00,1.5820000171661377,1.624500036239624,1.5817500352859497,1.621500015258789,1.595213532447815,336212000,0.0,0.0
2016-09-22 00:00:00-04:00,1.63100004196167,1.6360000371932983,1.6162500381469727,1.625499963760376,1.5991485118865967,308732000,0.0,0.0
2016-09-23 00:00:00-04:00,1.627500057220459,1.6322499513626099,1.6165000200271606,1.6237499713897705,1.5974270105361938,276132000,0.0,0.0
2016-09-26 00:00:00-04:00,1.6052500009536743,1.6150000095367432,1.5882500410079956,1.6085000038146973,1.5824241638183594,230040000,0.0,0.0
2016-09-27 00:00:00-04:00,1.6022499799728394,1.6660000085830688,1.6015000343322754,1.6634999513626099,1.636532187461853,402752000,0.0,0.0
2016-09-28 00:00:00-04:00,1.6660000085830688,1.6707500219345093,1.6482499837875366,1.6694999933242798,1.642435073852539,319788000,0.0,0.0
2016-09-29 00:00:00-04:00,1.6667499542236328,1.690250039100647,1.6512500047683716,1.684999942779541,1.6576837301254272,336684000,0.0,0.0
2016-09-30 00:00:00-04:00,1.6942499876022339,1.7297500371932983,1.684249997138977,1.7130000591278076,1.685229778289795,429932000,0.0,0.0
2016-10-03 00:00:00-04:00,1.7130000591278076,1.7377500534057617,1.7082500457763672,1.7112499475479126,1.683508276939392,242596000,0.0,0.0
2016-10-04 00:00:00-04:00,1.7137500047683716,1.7424999475479126,1.6947499513626099,1.7074999809265137,1.6798192262649536,281624000,0.0,0.0
2016-10-05 00:00:00-04:00,1.722000002861023,1.7395000457763672,1.7005000114440918,1.7057499885559082,1.6780974864959717,305440000,0.0,0.0
2016-10-06 00:00:00-04:00,1.6852500438690186,1.6957499980926514,1.656499981880188,1.683500051498413,1.6562083959579468,360212000,0.0,0.0
2016-10-07 00:00:00-04:00,1.6947499513626099,1.6992499828338623,1.6664999723434448,1.6712499856948853,1.6441566944122314,286260000,0.0,0.0
2016-10-10 00:00:00-04:00,1.6799999475479126,1.6890000104904175,1.6617499589920044,1.6775000095367432,1.6503055095672607,287876000,0.0,0.0
2016-10-11 00:00:00-04:00,1.6720000505447388,1.6744999885559082,1.6404999494552612,1.653249979019165,1.6264482736587524,388540000,0.0,0.0
2016-10-12 00:00:00-04:00,1.6464999914169312,1.6694999933242798,1.6327500343322754,1.6607500314712524,1.6338268518447876,419920000,0.0,0.0
2016-10-13 00:00:00-04:00,1.6412500143051147,1.6449999809265137,1.5924999713897705,1.6337499618530273,1.6072646379470825,390116000,0.0,0.0
2016-10-14 00:00:00-04:00,1.653749942779541,1.6649999618530273,1.6399999856948853,1.649749994277954,1.6230052709579468,330636000,0.0,0.0
2016-10-17 00:00:00-04:00,1.6495000123977661,1.6649999618530273,1.6380000114440918,1.6402499675750732,1.613659381866455,195328000,0.0,0.0
2016-10-18 00:00:00-04:00,1.6629999876022339,1.6747499704360962,1.65625,1.6652499437332153,1.6382538080215454,269372000,0.0,0.0
2016-10-19 00:00:00-04:00,1.6540000438690186,1.6694999933242798,1.6454999446868896,1.6617499589920044,1.6348108053207397,199060000,0.0,0.0
2016-10-20 00:00:00-04:00,1.681249976158142,1.6987500190734863,1.6575000286102295,1.6932499408721924,1.6657999753952026,312084000,0.0,0.0
2016-10-21 00:00:00-04:00,1.687250018119812,1.691499948501587,1.6725000143051147,1.6885000467300415,1.6611272096633911,279508000,0.0,0.0
2016-10-24 00:00:00-04:00,1.7000000476837158,1.7697499990463257,1.6997499465942383,1.7677500247955322,1.7390923500061035,339836000,0.0,0.0
2016-10-25 00:00:00-04:00,1.7647500038146973,1.8075000047683716,1.756250023841858,1.7967499494552612,1.7676223516464233,397460000,0.0,0.0
2016-10-26 00:00:00-04:00,1.781749963760376,1.8237500190734863,1.7799999713897705,1.8040000200271606,1.774754524230957,333792000,0.0,0.0
2016-10-27 00:00:00-04:00,1.8177499771118164,1.8212499618530273,1.7597500085830688,1.7669999599456787,1.7383546829223633,388664000,0.0,0.0
2016-10-28 00:00:00-04:00,1.7755000591278076,1.8025000095367432,1.7607500553131104,1.7640000581741333,1.7354028224945068,290856000,0.0,0.0
2016-10-31 00:00:00-04:00,1.7697499990463257,1.7907500267028809,1.7687499523162842,1.7790000438690186,1.7501600980758667,252388000,0.0,0.0
2016-11-01 00:00:00-04:00,1.7855000495910645,1.7952500581741333,1.7072499990463257,1.7262500524520874,1.6982649564743042,473224000,0.0,0.0
2016-11-02 00:00:00-04:00,1.7395000457763672,1.7630000114440918,1.715999960899353,1.718999981880188,1.691132664680481,295848000,0.0,0.0
2016-11-03 00:00:00-04:00,1.7269999980926514,1.7285000085830688,1.6660000085830688,1.6990000009536743,1.6714568138122559,309664000,0.0,0.0
2016-11-04 00:00:00-04:00,1.687749981880188,1.718250036239624,1.6644999980926514,1.6892499923706055,1.6618646383285522,328780000,0.0,0.0
2016-11-07 00:00:00-05:00,1.7387499809265137,1.7929999828338623,1.7374999523162842,1.781749963760376,1.7528654336929321,487580000,0.0,0.0
2016-11-08 00:00:00-05:00,1.7884999513626099,1.7942500114440918,1.7625000476837158,1.7790000438690186,1.7501600980758667,429884000,0.0,0.0
2016-11-09 00:00:00-05:00,1.7307499647140503,1.7725000381469727,1.718000054359436,1.7489999532699585,1.7206465005874634,456532000,0.0,0.0
2016-11-10 00:00:00-05:00,1.78725004196167,1.787500023841858,1.6690000295639038,1.6942499876022339,1.6667836904525757,869280000,0.0,0.0
2016-11-11 00:00:00-05:00,1.9877500534057617,2.219249963760376,1.962499976158142,2.1992499828338623,2.163597583770752,2175344000,0.0,0.0
2016-11-14 00:00:00-05:00,2.2022500038146973,2.2047500610351562,2.0905001163482666,2.0910000801086426,2.0571022033691406,1348796000,0.0,0.0
2016-11-15 00:00:00-05:00,2.1072499752044678,2.1862499713897705,2.098249912261963,2.154750108718872,2.119818925857544,626092000,0.0,0.0
2016-11-16 00:00:00-05:00,2.183500051498413,2.313999891281128,2.158750057220459,2.290750026702881,2.2536139488220215,987984000,0.0,0.0
2016-11-17 00:00:00-05:00,2.3077499866485596,2.3697500228881836,2.266249895095825,2.3097500801086426,2.272305727005005,832988000,0.0,0.0
2016-11-18 00:00:00-05:00,2.3097500801086426,2.3582499027252197,2.2950000762939453,2.3340001106262207,2.2961628437042236,576060000,0.0,0.0
2016-11-21 00:00:00-05:00,2.352250099182129,2.358750104904175,2.309999942779541,2.32450008392334,2.2868165969848633,436436000,0.0,0.0
2016-11-22 00:00:00-05:00,2.3324999809265137,2.3434998989105225,2.309499979019165,2.341249942779541,2.303295373916626,330368000,0.0,0.0
2016-11-23 00:00:00-05:00,2.3429999351501465,2.3812499046325684,2.3192501068115234,2.349250078201294,2.3146255016326904,443236000,0.0035,0.0
2016-11-25 00:00:00-05:00,2.3605000972747803,2.377500057220459,2.335249900817871,2.3540000915527344,2.319305658340454,195564000,0.0,0.0
2016-11-28 00:00:00-05:00,2.346750020980835,2.368499994277954,2.3399999141693115,2.352750062942505,2.3180739879608154,278736000,0.0,0.0
2016-11-29 00:00:00-05:00,2.3499999046325684,2.3610000610351562,2.3132500648498535,2.331249952316284,2.296891450881958,444568000,0.0,0.0
2016-11-30 00:00:00-05:00,2.3399999141693115,2.3540000915527344,2.302500009536743,2.305000066757202,2.2710282802581787,440500000,0.0,0.0
2016-12-01 00:00:00-05:00,2.302500009536743,2.3042500019073486,2.1192500591278076,2.190999984741211,2.158707857131958,1035524000,0.0,0.0
2016-12-02 00:00:00-05:00,2.15625,2.2200000286102295,2.128000020980835,2.211250066757202,2.178659439086914,478292000,0.0,0.0
2016-12-05 00:00:00-05:00,2.2497498989105225,2.3152499198913574,2.2249999046325684,2.296999931335449,2.2631454467773438,602284000,0.0,0.0
2016-12-06 00:00:00-05:00,2.3052499294281006,2.343250036239624,2.289249897003174,2.334749937057495,2.300339698791504,498796000,0.0,0.0
2016-12-07 00:00:00-05:00,2.321000099182129,2.382499933242798,2.302500009536743,2.3767499923706055,2.3417203426361084,480804000,0.0,0.0
2016-12-08 00:00:00-05:00,2.3797500133514404,2.4154999256134033,2.3262500762939453,2.3369998931884766,2.3025567531585693,381544000,0.0,0.0
2016-12-09 00:00:00-05:00,2.3550000190734863,2.356750011444092,2.2677500247955322,2.2955000400543213,2.2616686820983887,382312000,0.0,0.0
2016-12-12 00:00:00-05:00,2.2462499141693115,2.2487499713897705,2.188499927520752,2.2397499084472656,2.206739902496338,601332000,0.0,0.0
2016-12-13 00:00:00-05:00,2.2522499561309814,2.3072500228881836,2.2512500286102295,2.279249906539917,2.245657205581665,387796000,0.0,0.0
2016-12-14 00:00:00-05:00,2.313499927520752,2.4277501106262207,2.289249897003174,2.411250114440918,2.3757123947143555,983980000,0.0,0.0
2016-12-15 00:00:00-05:00,2.422499895095825,2.498500108718872,2.4149999618530273,2.467750072479248,2.431379556655884,746548000,0.0,0.0
2016-12-16 00:00:00-05:00,2.4957499504089355,2.5174999237060547,2.4432499408721924,2.5102500915527344,2.473252534866333,1089528000,0.0,0.0
2016-12-19 00:00:00-05:00,2.492500066757202,2.5612499713897705,2.4749999046325684,2.540750026702881,2.5033035278320312,744656000,0.0,0.0
2016-12-20 00:00:00-05:00,2.614500045776367,2.653249979019165,2.6029999256134033,2.6292500495910645,2.590498208999634,848056000,0.0,0.0
2016-12-21 00:00:00-05:00,2.6410000324249268,2.648750066757202,2.592750072479248,2.645750045776367,2.606755495071411,576136000,0.0,0.0
2016-12-22 00:00:00-05:00,2.6705000400543213,2.721750020980835,2.663249969482422,2.6777501106262207,2.63828444480896,718612000,0.0,0.0
2016-12-23 00:00:00-05:00,2.6594998836517334,2.746000051498413,2.656749963760376,2.744499921798706,2.704050302505493,647692000,0.0,0.0
2016-12-27 00:00:00-05:00,2.801500082015991,2.934000015258789,2.7804999351501465,2.933000087738037,2.8897716999053955,1194272000,0.0,0.0
2016-12-28 00:00:00-05:00,2.990000009536743,2.9982500076293945,2.717250108718872,2.731250047683716,2.690995693206787,2295764000,0.0,0.0
2016-12-29 00:00:00-05:00,2.622499942779541,2.78725004196167,2.569999933242798,2.785749912261963,2.744691848754883,2175368000,0.0,0.0
2016-12-30 00:00:00-05:00,2.783750057220459,2.7980000972747803,2.6575000286102295,2.6684999465942383,2.6291701793670654,1212932000,0.0,0.0
2017-01-03 00:00:00-05:00,2.609999895095825,2.659250020980835,2.484499931335449,2.5502500534057617,2.5126631259918213,1501996000,0.0,0.0
2017-01-04 00:00:00-05:00,2.5850000381469727,2.637500047683716,2.538249969482422,2.6097500324249268,2.5712859630584717,1199220000,0.0,0.0
2017-01-05 00:00:00-05:00,2.6132500171661377,2.6454999446868896,2.526249885559082,2.5434999465942383,2.5060126781463623,984296000,0.0,0.0
2017-01-06 00:00:00-05:00,2.5712499618530273,2.606250047683716,2.5299999713897705,2.577500104904175,2.5395114421844482,822856000,0.0,0.0
2017-01-09 00:00:00-05:00,2.5875000953674316,2.700000047683716,2.5875000953674316,2.681999921798706,2.6424713134765625,916248000,0.0,0.0
2017-01-10 00:00:00-05:00,2.6952500343322754,2.729749917984009,2.640749931335449,2.661750078201294,2.6225194931030273,880920000,0.0,0.0
2017-01-11 00:00:00-05:00,2.6500000953674316,2.6549999713897705,2.603749990463257,2.628999948501587,2.59025239944458,525664000,0.0,0.0
2017-01-12 00:00:00-05:00,2.60575008392334,2.617500066757202,2.5404999256134033,2.5859999656677246,2.547886610031128,625616000,0.0,0.0
2017-01-13 00:00:00-05:00,2.5899999141693115,2.625,2.5764999389648438,2.585750102996826,2.547640085220337,457820000,0.0,0.0
2017-01-17 00:00:00-05:00,2.575000047683716,2.5799999237060547,2.5142500400543213,2.527750015258789,2.490495204925537,580612000,0.0,0.0
2017-01-18 00:00:00-05:00,2.50600004196167,2.580749988555908,2.477750062942505,2.5737500190734863,2.5358164310455322,654424000,0.0,0.0
2017-01-19 00:00:00-05:00,2.5767500400543213,2.6614999771118164,2.57450008392334,2.628999948501587,2.59025239944458,644872000,0.0,0.0
2017-01-20 00:00:00-05:00,2.6519999504089355,2.6700000762939453,2.578000068664551,2.600250005722046,2.5619266033172607,492024000,0.0,0.0
2017-01-23 00:00:00-05:00,2.5950000286102295,2.6475000381469727,2.5924999713897705,2.6272499561309814,2.588528633117676,369904000,0.0,0.0
2017-01-24 00:00:00-05:00,2.637500047683716,2.689500093460083,2.622499942779541,2.6832499504089355,2.6437034606933594,428052000,0.0,0.0
2017-01-25 00:00:00-05:00,2.726249933242798,2.7325000762939453,2.658250093460083,2.6947500705718994,2.6550333499908447,522760000,0.0,0.0
2017-01-26 00:00:00-05:00,2.697499990463257,2.7487499713897705,2.6675000190734863,2.7412500381469727,2.7008485794067383,458800000,0.0,0.0
2017-01-27 00:00:00-05:00,2.7482500076293945,2.7972500324249268,2.721250057220459,2.794250011444092,2.7530670166015625,471996000,0.0,0.0
2017-01-30 00:00:00-05:00,2.7730000019073486,2.77524995803833,2.6977500915527344,2.750499963760376,2.709961414337158,496004000,0.0,0.0
2017-01-31 00:00:00-05:00,2.723750114440918,2.7512500286102295,2.7049999237060547,2.7295000553131104,2.6892709732055664,362756000,0.0,0.0
2017-02-01 00:00:00-05:00,2.7644999027252197,2.8529999256134033,2.746500015258789,2.848750114440918,2.8067636489868164,590004000,0.0,0.0
2017-02-02 00:00:00-05:00,2.8324999809265137,2.8935000896453857,2.801500082015991,2.8847498893737793,2.842233419418335,483240000,0.0,0.0
2017-02-03 00:00:00-05:00,2.8862500190734863,2.8975000381469727,2.8475000858306885,2.859499931335449,2.8173561096191406,372744000,0.0,0.0
2017-02-06 00:00:00-05:00,2.8499999046325684,2.9332499504089355,2.8499999046325684,2.9327499866485596,2.8895256519317627,506768000,0.0,0.0
2017-02-07 00:00:00-05:00,2.9674999713897705,3.0230000019073486,2.947499990463257,2.978250026702881,2.934354782104492,746224000,0.0,0.0
2017-02-08 00:00:00-05:00,2.9600000381469727,2.9827499389648438,2.9094998836517334,2.965250015258789,2.921546459197998,449580000,0.0,0.0
2017-02-09 00:00:00-05:00,2.9714999198913574,2.9765000343322754,2.890000104904175,2.9094998836517334,2.8666179180145264,842568000,0.0,0.0
2017-02-10 00:00:00-05:00,2.9982500076293945,3.0174999237060547,2.815000057220459,2.8405001163482666,2.798635244369507,1651092000,0.0,0.0
2017-02-13 00:00:00-05:00,2.834749937057495,2.8494999408721924,2.7049999237060547,2.7095000743865967,2.6695659160614014,1180724000,0.0,0.0
2017-02-14 00:00:00-05:00,2.6997499465942383,2.7537500858306885,2.657249927520752,2.7195000648498535,2.6794188022613525,850632000,0.0,0.0
2017-02-15 00:00:00-05:00,2.7225000858306885,2.744999885559082,2.694000005722046,2.7249999046325684,2.684837579727173,373020000,0.0,0.0
2017-02-16 00:00:00-05:00,2.7347500324249268,2.7360000610351562,2.6414999961853027,2.6812500953674316,2.641732692718506,647176000,0.0,0.0
2017-02-17 00:00:00-05:00,2.6675000190734863,2.6852500438690186,2.6197500228881836,2.6807498931884766,2.641239643096924,563740000,0.0,0.0
2017-02-21 00:00:00-05:00,2.705749988555908,2.780750036239624,2.7054998874664307,2.776750087738037,2.7358245849609375,551952000,0.0,0.0
2017-02-22 00:00:00-05:00,2.7855000495910645,2.7950000762939453,2.7497498989105225,2.7690000534057617,2.731632709503174,433772000,0.0035,0.0
2017-02-23 00:00:00-05:00,2.637500047683716,2.659749984741211,2.492000102996826,2.5122499465942383,2.478346586227417,1592888000,0.0,0.0
2017-02-24 00:00:00-05:00,2.4267499446868896,2.549999952316284,2.3924999237060547,2.5364999771118164,2.502269744873047,1029904000,0.0,0.0
2017-02-27 00:00:00-05:00,2.555000066757202,2.625499963760376,2.5390000343322754,2.6102499961853027,2.5750250816345215,715400000,0.0,0.0
2017-02-28 00:00:00-05:00,2.619999885559082,2.630000114440918,2.5195000171661377,2.5369999408721924,2.502763032913208,625360000,0.0,0.0
2017-03-01 00:00:00-05:00,2.594749927520752,2.609250068664551,2.527750015258789,2.5697500705718994,2.5350725650787354,504804000,0.0,0.0
2017-03-02 00:00:00-05:00,2.5567500591278076,2.571000099182129,2.472249984741211,2.4749999046325684,2.441599130630493,754332000,0.0,0.0
2017-03-03 00:00:00-05:00,2.464250087738037,2.469249963760376,2.4054999351501465,2.460750102996826,2.427541732788086,864692000,0.0,0.0
2017-03-06 00:00:00-05:00,2.4240000247955322,2.452500104904175,2.3792500495910645,2.4417500495910645,2.408799171447754,883568000,0.0,0.0
2017-03-07 00:00:00-05:00,2.4417500495910645,2.4882500171661377,2.4287500381469727,2.4684998989105225,2.435187578201294,603400000,0.0,0.0
2017-03-08 00:00:00-05:00,2.5174999237060547,2.5325000286102295,2.461750030517578,2.4639999866485596,2.430748224258423,638712000,0.0,0.0
2017-03-09 00:00:00-05:00,2.4477500915527344,2.4862499237060547,2.434999942779541,2.4635000228881836,2.430255174636841,478060000,0.0,0.0
2017-03-10 00:00:00-05:00,2.4902501106262207,2.5022499561309814,2.4595000743865967,2.4779999256134033,2.444559335708618,499740000,0.0,0.0
2017-03-13 00:00:00-04:00,2.4885001182556152,2.5562500953674316,2.4877500534057617,2.546250104904175,2.5118885040283203,774136000,0.0,0.0
2017-03-14 00:00:00-04:00,2.5592501163482666,2.5687499046325684,2.5117499828338623,2.5445001125335693,2.510161876678467,522016000,0.0,0.0
2017-03-15 00:00:00-04:00,2.5562500953674316,2.5747499465942383,2.507999897003174,2.5637500286102295,2.5291521549224854,615036000,0.0,0.0
2017-03-16 00:00:00-04:00,2.57450008392334,2.595750093460083,2.5602500438690186,2.595249891281128,2.5602269172668457,523100000,0.0,0.0
2017-03-17 00:00:00-04:00,2.61299991607666,2.6530001163482666,2.595249891281128,2.651750087738037,2.615964889526367,1119688000,0.0,0.0
2017-03-20 00:00:00-04:00,2.6695001125335693,2.7402501106262207,2.653249979019165,2.7362499237060547,2.6993236541748047,748568000,0.0,0.0
2017-03-21 00:00:00-04:00,2.71875,2.749000072479248,2.6397500038146973,2.647749900817871,2.612018585205078,913484000,0.0,0.0
2017-03-22 00:00:00-04:00,2.6364998817443848,2.7065000534057617,2.632499933242798,2.7017500400543213,2.665290594100952,616764000,0.0,0.0
2017-03-23 00:00:00-04:00,2.6937499046325684,2.7139999866485596,2.6675000190734863,2.6772499084472656,2.641120433807373,533940000,0.0,0.0
2017-03-24 00:00:00-04:00,2.724250078201294,2.7322499752044678,2.6605000495910645,2.6867499351501465,2.6504921913146973,439500000,0.0,0.0
2017-03-27 00:00:00-04:00,2.6394999027252197,2.710249900817871,2.5894999504089355,2.706249952316284,2.669729471206665,506644000,0.0,0.0
2017-03-28 00:00:00-04:00,2.7074999809265137,2.722249984741211,2.6817500591278076,2.6922500133514404,2.6559183597564697,432444000,0.0,0.0
2017-03-29 00:00:00-04:00,2.6997499465942383,2.712249994277954,2.6812500953674316,2.683500051498413,2.6472861766815186,349992000,0.0,0.0
2017-03-30 00:00:00-04:00,2.6907498836517334,2.75,2.684999942779541,2.734999895095825,2.6980907917022705,525532000,0.0,0.0
2017-03-31 00:00:00-04:00,2.725250005722046,2.7472500801086426,2.7100000381469727,2.723249912261963,2.686499834060669,440808000,0.0,0.0
2017-04-03 00:00:00-04:00,2.723750114440918,2.7412500381469727,2.685499906539917,2.7095000743865967,2.6729352474212646,445232000,0.0,0.0
2017-04-04 00:00:00-04:00,2.5850000381469727,2.6105000972747803,2.508500099182129,2.5195000171661377,2.485499143600464,1271280000,0.0,0.0
2017-04-05 00:00:00-04:00,2.500499963760376,2.5592501163482666,2.487499952316284,2.5007500648498535,2.4670019149780273,747048000,0.0,0.0
2017-04-06 00:00:00-04:00,2.50600004196167,2.53125,2.460249900817871,2.5190000534057617,2.485006093978882,635120000,0.0,0.0
2017-04-07 00:00:00-04:00,2.5255000591278076,2.54325008392334,2.493000030517578,2.5082499980926514,2.4744017124176025,429068000,0.0,0.0
2017-04-10 00:00:00-04:00,2.509000062942505,2.515749931335449,2.440000057220459,2.4442501068115234,2.4112656116485596,756332000,0.0,0.0
2017-04-11 00:00:00-04:00,2.413749933242798,2.4725000858306885,2.408750057220459,2.453000068664551,2.4198973178863525,618148000,0.0,0.0
2017-04-12 00:00:00-04:00,2.453000068664551,2.4674999713897705,2.427500009536743,2.4327499866485596,2.3999199867248535,414092000,0.0,0.0
2017-04-13 00:00:00-04:00,2.408250093460083,2.4302499294281006,2.3872499465942383,2.3872499465942383,2.355034112930298,506892000,0.0,0.0
2017-04-17 00:00:00-04:00,2.40024995803833,2.4809999465942383,2.3949999809265137,2.48075008392334,2.4472718238830566,497292000,0.0,0.0
2017-04-18 00:00:00-04:00,2.466249942779541,2.4885001182556152,2.440000057220459,2.4822499752044678,2.448751449584961,370116000,0.0,0.0
2017-04-19 00:00:00-04:00,2.5,2.5244998931884766,2.4852499961853027,2.492000102996826,2.4583706855773926,380828000,0.0,0.0
2017-04-20 00:00:00-04:00,2.5067501068115234,2.536250114440918,2.4852499961853027,2.5315001010894775,2.497337818145752,404016000,0.0,0.0
2017-04-21 00:00:00-04:00,2.5209999084472656,2.5447499752044678,2.509000062942505,2.5420000553131104,2.507695198059082,341896000,0.0,0.0
2017-04-24 00:00:00-04:00,2.5739998817443848,2.5869998931884766,2.5527501106262207,2.5737500190734863,2.5390167236328125,371820000,0.0,0.0
2017-04-25 00:00:00-04:00,2.5885000228881836,2.6332499980926514,2.5667500495910645,2.618499994277954,2.5831634998321533,388440000,0.0,0.0
2017-04-26 00:00:00-04:00,2.6322500705718994,2.6347498893737793,2.5985000133514404,2.6005001068115234,2.565406560897827,327004000,0.0,0.0
2017-04-27 00:00:00-04:00,2.6080000400543213,2.6494998931884766,2.589750051498413,2.6410000324249268,2.6053597927093506,319700000,0.0,0.0
2017-04-28 00:00:00-04:00,2.634000062942505,2.6410000324249268,2.601749897003174,2.6075000762939453,2.5723118782043457,348248000,0.0,0.0
2017-05-01 00:00:00-04:00,2.618499994277954,2.671250104904175,2.6112499237060547,2.6659998893737793,2.6300230026245117,307732000,0.0,0.0
2017-05-02 00:00:00-04:00,2.6387500762939453,2.640000104904175,2.563999891281128,2.5869998931884766,2.5520882606506348,629972000,0.0,0.0
2017-05-03 00:00:00-04:00,2.5799999237060547,2.615999937057495,2.565000057220459,2.606250047683716,2.5710792541503906,336904000,0.0,0.0
2017-05-04 00:00:00-04:00,2.612499952316284,2.6237499713897705,2.588249921798706,2.596250057220459,2.561213970184326,209788000,0.0,0.0
2017-05-05 00:00:00-04:00,2.5845000743865967,2.603749990463257,2.5687499046325684,2.5964999198913574,2.56145977973938,228428000,0.0,0.0
2017-05-08 00:00:00-04:00,2.6085000038146973,2.609999895095825,2.5577499866485596,2.5692501068115234,2.5345780849456787,365240000,0.0,0.0
2017-05-09 00:00:00-04:00,2.575000047683716,2.6232500076293945,2.566499948501587,2.573499917984009,2.5387704372406006,847672000,0.0,0.0
2017-05-10 00:00:00-04:00,2.8572499752044678,3.0455000400543213,2.8505001068115234,3.032249927520752,2.9913299083709717,2129096000,0.0,0.0
2017-05-11 00:00:00-04:00,3.0012500286102295,3.2607500553131104,2.9977500438690186,3.1624999046325684,3.119821548461914,1939792000,0.0,0.0
2017-05-12 00:00:00-04:00,3.165750026702881,3.240000009536743,3.1445000171661377,3.1972498893737793,3.1541032791137695,962620000,0.0,0.0
2017-05-15 00:00:00-04:00,3.239000082015991,3.3602499961853027,3.234499931335449,3.3577499389648438,3.3124372959136963,1087540000,0.0,0.0
2017-05-16 00:00:00-04:00,3.4094998836517334,3.436000108718872,3.3340001106262207,3.4202499389648438,3.3740932941436768,1120700000,0.0,0.0
2017-05-17 00:00:00-04:00,3.3524999618530273,3.371500015258789,3.1887500286102295,3.193000078201294,3.1499104499816895,1271368000,0.0,0.0
2017-05-18 00:00:00-04:00,3.237499952316284,3.335750102996826,3.1762499809265137,3.3267500400543213,3.281855583190918,1156032000,0.0,0.0
2017-05-19 00:00:00-04:00,3.4257500171661377,3.4554998874664307,3.380500078201294,3.4000000953674316,3.3576500415802,1018372000,0.0035,0.0
2017-05-22 00:00:00-04:00,3.4442501068115234,3.486999988555908,3.4332499504089355,3.4725000858306885,3.429246187210083,836608000,0.0,0.0
2017-05-23 00:00:00-04:00,3.492500066757202,3.4947500228881836,3.3927500247955322,3.4257500171661377,3.3830785751342773,681248000,0.0,0.0
2017-05-24 00:00:00-04:00,3.5239999294281006,3.526750087738037,3.4519999027252197,3.464250087738037,3.4210991859436035,815996000,0.0,0.0
2017-05-25 00:00:00-04:00,3.5,3.5007500648498535,3.4110000133514404,3.4565000534057617,3.4134459495544434,608228000,0.0,0.0
2017-05-26 00:00:00-04:00,3.4482500553131104,3.631999969482422,3.4277501106262207,3.5460000038146973,3.501830577850342,779140000,0.0,0.0
2017-05-30 00:00:00-04:00,3.5924999713897705,3.657249927520752,3.5762500762939453,3.6217501163482666,3.5766372680664062,989652000,0.0,0.0
2017-05-31 00:00:00-04:00,3.667249917984009,3.674999952316284,3.5512499809265137,3.608750104904175,3.5637996196746826,887316000,0.0,0.0
2017-06-01 00:00:00-04:00,3.6247498989105225,3.6257500648498535,3.562999963760376,3.6089999675750732,3.5640461444854736,503340000,0.0,0.0
2017-06-02 00:00:00-04:00,3.6059999465942383,3.632499933242798,3.5850000381469727,3.5910000801086426,3.5462710857391357,487456000,0.0,0.0
2017-06-05 00:00:00-04:00,3.57450008392334,3.713249921798706,3.5627501010894775,3.7002499103546143,3.654158592224121,817376000,0.0,0.0
2017-06-06 00:00:00-04:00,3.695499897003174,3.7422499656677246,3.6700000762939453,3.683500051498413,3.637617588043213,758728000,0.0,0.0
2017-06-07 00:00:00-04:00,3.708250045776367,3.746999979019165,3.692500114440918,3.7279999256134033,3.6815638542175293,612612000,0.0,0.0
2017-06-08 00:00:00-04:00,3.8364999294281006,4.0,3.7947499752044678,3.998500108718872,3.948694944381714,1161744000,0.0,0.0
2017-06-09 00:00:00-04:00,4.118500232696533,4.212500095367432,3.5687499046325684,3.740000009536743,3.6934142112731934,3692928000,0.0,0.0
2017-06-12 00:00:00-04:00,3.6470000743865967,3.7925000190734863,3.5527501106262207,3.7492499351501465,3.702549457550049,1697532000,0.0,0.0
2017-06-13 00:00:00-04:00,3.859999895095825,3.8692500591278076,3.641249895095825,3.7850000858306885,3.737854242324829,1672504000,0.0,0.0
2017-06-14 00:00:00-04:00,3.7880001068115234,3.8515000343322754,3.7125000953674316,3.7929999828338623,3.7457542419433594,1184640000,0.0,0.0
2017-06-15 00:00:00-04:00,3.6740000247955322,3.8399999141693115,3.6624999046325684,3.8092501163482666,3.7618019580841064,963824000,0.0,0.0
2017-06-16 00:00:00-04:00,3.819000005722046,3.867500066757202,3.75600004196167,3.7904999256134033,3.7432854175567627,924960000,0.0,0.0
2017-06-19 00:00:00-04:00,3.835249900817871,3.9382500648498535,3.8315000534057617,3.933000087738037,3.8840107917785645,778176000,0.0,0.0
2017-06-20 00:00:00-04:00,3.975749969482422,4.043499946594238,3.9230000972747803,3.9272499084472656,3.8783321380615234,1095444000,0.0,0.0
2017-06-21 00:00:00-04:00,3.9552500247955322,3.990499973297119,3.8924999237060547,3.9867498874664307,3.9370908737182617,682652000,0.0,0.0
2017-06-22 00:00:00-04:00,3.994999885559082,4.008500099182129,3.934999942779541,3.959249973297119,3.909933567047119,469132000,0.0,0.0
2017-06-23 00:00:00-04:00,3.9670000076293945,3.9830000400543213,3.8304998874664307,3.845750093460083,3.797847270965576,1088588000,0.0,0.0
2017-06-26 00:00:00-04:00,3.878999948501587,3.9149999618530273,3.708250045776367,3.8037500381469727,3.756371021270752,1063960000,0.0,0.0
2017-06-27 00:00:00-04:00,3.7860000133514404,3.7947499752044678,3.658750057220459,3.6644999980926514,3.6188547611236572,999492000,0.0,0.0
2017-06-28 00:00:00-04:00,3.7330000400543213,3.7985000610351562,3.643749952316284,3.793750047683716,3.7464945316314697,994948000,0.0,0.0
2017-06-29 00:00:00-04:00,3.765000104904175,3.7679998874664307,3.6019999980926514,3.6670000553131104,3.621323823928833,1064424000,0.0,0.0
2017-06-30 00:00:00-04:00,3.684499979019165,3.6982500553131104,3.5875000953674316,3.614000082015991,3.568983793258667,731060000,0.0,0.0
2017-07-03 00:00:00-04:00,3.6262500286102295,3.641249895095825,3.4644999504089355,3.4832499027252197,3.439862012863159,709072000,0.0,0.0
2017-07-05 00:00:00-04:00,3.547499895095825,3.6054999828338623,3.528249979019165,3.5762500762939453,3.531703472137451,820188000,0.0,0.0
2017-07-06 00:00:00-04:00,3.546750068664551,3.634500026702881,3.49399995803833,3.5869998931884766,3.5423200130462646,746284000,0.0,0.0
2017-07-07 00:00:00-04:00,3.6445000171661377,3.6875,3.6212499141693115,3.6689999103546143,3.6232988834381104,654972000,0.0,0.0
2017-07-10 00:00:00-04:00,3.743499994277954,3.8499999046325684,3.7170000076293945,3.8424999713897705,3.79463791847229,958492000,0.0,0.0
2017-07-11 00:00:00-04:00,3.846250057220459,3.904750108718872,3.8037500381469727,3.8970000743865967,3.848458766937256,757956000,0.0,0.0
2017-07-12 00:00:00-04:00,3.9574999809265137,4.074999809265137,3.9140000343322754,4.062749862670898,4.012144088745117,1145208000,0.0,0.0
2017-07-13 00:00:00-04:00,4.074999809265137,4.15749979019165,3.96875,4.015749931335449,3.9657297134399414,1369132000,0.0,0.0
2017-07-14 00:00:00-04:00,4.032249927520752,4.125249862670898,4.02524995803833,4.12375020980835,4.072384834289551,941948000,0.0,0.0
2017-07-17 00:00:00-04:00,4.158249855041504,4.1875,4.043749809265137,4.106249809265137,4.055102825164795,930792000,0.0,0.0
2017-07-18 00:00:00-04:00,4.04449987411499,4.163750171661377,4.03249979019165,4.14900016784668,4.097320556640625,776640000,0.0,0.0
2017-07-19 00:00:00-04:00,4.158249855041504,4.184999942779541,4.115250110626221,4.127500057220459,4.07608699798584,687044000,0.0,0.0
2017-07-20 00:00:00-04:00,4.148250102996826,4.187749862670898,4.097750186920166,4.1875,4.135339260101318,699596000,0.0,0.0
2017-07-21 00:00:00-04:00,4.166749954223633,4.232500076293945,4.152249813079834,4.202499866485596,4.150153160095215,648332000,0.0,0.0
2017-07-24 00:00:00-04:00,4.209750175476074,4.2195000648498535,4.14300012588501,4.153749942779541,4.102010250091553,652524000,0.0,0.0
2017-07-25 00:00:00-04:00,4.130499839782715,4.148250102996826,4.0894999504089355,4.133749961853027,4.0822601318359375,496556000,0.0,0.0
2017-07-26 00:00:00-04:00,4.191999912261963,4.2482500076293945,4.146249771118164,4.18149995803833,4.129415035247803,640404000,0.0,0.0
2017-07-27 00:00:00-04:00,4.20674991607666,4.218500137329102,3.938999891281128,4.043499946594238,3.9931325912475586,782856000,0.0,0.0
2017-07-28 00:00:00-04:00,4.00724983215332,4.134500026702881,3.9820001125335693,4.109749794006348,4.058558464050293,513348000,0.0,0.0
2017-07-31 00:00:00-04:00,4.123499870300293,4.159999847412109,4.015500068664551,4.062749862670898,4.012144088745117,559672000,0.0,0.0
2017-08-01 00:00:00-04:00,4.053249835968018,4.113999843597412,4.025000095367432,4.112249851226807,4.061028003692627,431384000,0.0,0.0
2017-08-02 00:00:00-04:00,4.143750190734863,4.147749900817871,4.031750202178955,4.109749794006348,4.058558464050293,478444000,0.0,0.0
2017-08-03 00:00:00-04:00,4.109250068664551,4.165750026702881,4.0920000076293945,4.1620001792907715,4.110158443450928,442420000,0.0,0.0
2017-08-04 00:00:00-04:00,4.184999942779541,4.2517499923706055,4.1620001792907715,4.18025016784668,4.128180027008057,589096000,0.0,0.0
2017-08-07 00:00:00-04:00,4.209750175476074,4.3092498779296875,4.199999809265137,4.308750152587891,4.255080223083496,717412000,0.0,0.0
2017-08-08 00:00:00-04:00,4.347249984741211,4.363999843597412,4.217750072479248,4.257500171661377,4.204468727111816,755336000,0.0,0.0
2017-08-09 00:00:00-04:00,4.210750102996826,4.30525016784668,4.1917500495910645,4.302750110626221,4.249154567718506,530784000,0.0,0.0
2017-08-10 00:00:00-04:00,4.303999900817871,4.316500186920166,4.108250141143799,4.118500232696533,4.067200183868408,1328088000,0.0,0.0
2017-08-11 00:00:00-04:00,3.928499937057495,3.9749999046325684,3.8227500915527344,3.8989999294281006,3.850433588027954,1497196000,0.0,0.0
2017-08-14 00:00:00-04:00,3.9917500019073486,4.213749885559082,3.9800000190734863,4.210000038146973,4.157559871673584,1279020000,0.0,0.0
2017-08-15 00:00:00-04:00,4.215250015258789,4.2417497634887695,4.139750003814697,4.174499988555908,4.122502326965332,764532000,0.0,0.0
2017-08-16 00:00:00-04:00,4.1897501945495605,4.213500022888184,4.0960001945495605,4.128749847412109,4.077322483062744,596632000,0.0,0.0
2017-08-17 00:00:00-04:00,4.120250225067139,4.137499809265137,4.0345001220703125,4.036749839782715,3.9864683151245117,525444000,0.0,0.0
2017-08-18 00:00:00-04:00,4.091750144958496,4.109000205993652,3.990999937057495,4.037499904632568,3.987208843231201,601204000,0.0,0.0
2017-08-21 00:00:00-04:00,4.062250137329102,4.073750019073486,3.9342501163482666,3.978749990463257,3.9291906356811523,623672000,0.0,0.0
2017-08-22 00:00:00-04:00,4.012249946594238,4.06974983215332,3.9927499294281006,4.06374979019165,4.016664981842041,450456000,0.0035,0.0
2017-08-23 00:00:00-04:00,4.03000020980835,4.15625,4.021249771118164,4.144999980926514,4.096972942352295,579520000,0.0,0.0
2017-08-24 00:00:00-04:00,4.177499771118164,4.182000160217285,4.103000164031982,4.129749774932861,4.081900119781494,469700000,0.0,0.0
2017-08-25 00:00:00-04:00,4.154250144958496,4.1645002365112305,4.088749885559082,4.095250129699707,4.047799587249756,357200000,0.0,0.0
2017-08-28 00:00:00-04:00,4.114500045776367,4.127500057220459,4.0582499504089355,4.1242499351501465,4.0764641761779785,389496000,0.0,0.0
2017-08-29 00:00:00-04:00,4.0647501945495605,4.139500141143799,4.05649995803833,4.117499828338623,4.069789886474609,324096000,0.0,0.0
2017-08-30 00:00:00-04:00,4.137499809265137,4.153250217437744,4.106750011444092,4.142000198364258,4.094007968902588,384400000,0.0,0.0
2017-08-31 00:00:00-04:00,4.162499904632568,4.239999771118164,4.15500020980835,4.236000061035156,4.186920642852783,612684000,0.0,0.0
2017-09-01 00:00:00-04:00,4.24875020980835,4.297500133514404,4.239999771118164,4.261499881744385,4.212122440338135,445432000,0.0,0.0
2017-09-05 00:00:00-04:00,4.209499835968018,4.2144999504089355,4.089000225067139,4.147749900817871,4.099692344665527,695364000,0.0,0.0
2017-09-06 00:00:00-04:00,4.181000232696533,4.195000171661377,4.110000133514404,4.145249843597412,4.097219944000244,397672000,0.0,0.0
2017-09-07 00:00:00-04:00,4.16225004196167,4.197249889373779,4.12375020980835,4.1645002365112305,4.11624813079834,352868000,0.0,0.0
2017-09-08 00:00:00-04:00,4.152750015258789,4.167749881744385,4.067749977111816,4.092249870300293,4.044833660125732,498856000,0.0,0.0
2017-09-11 00:00:00-04:00,4.138500213623047,4.235750198364258,4.132999897003174,4.224999904632568,4.176046848297119,567444000,0.0,0.0
2017-09-12 00:00:00-04:00,4.25,4.25,4.17425012588501,4.240250110626221,4.191122055053711,411488000,0.0,0.0
2017-09-13 00:00:00-04:00,4.214749813079834,4.28849983215332,4.182000160217285,4.259250164031982,4.20989990234375,580960000,0.0,0.0
2017-09-14 00:00:00-04:00,4.219749927520752,4.314000129699707,4.195000171661377,4.235000133514404,4.18593168258667,513712000,0.0,0.0
2017-09-15 00:00:00-04:00,4.321499824523926,4.502749919891357,4.316249847412109,4.502749919891357,4.4505791664123535,1364792000,0.0,0.0
2017-09-18 00:00:00-04:00,4.628499984741211,4.78000020980835,4.621500015258789,4.68874979019165,4.634424209594727,1684460000,0.0,0.0
2017-09-19 00:00:00-04:00,4.637750148773193,4.746250152587891,4.615499973297119,4.683750152587891,4.629481315612793,874280000,0.0,0.0
2017-09-20 00:00:00-04:00,4.6875,4.735499858856201,4.605249881744385,4.645999908447266,4.592167854309082,724920000,0.0,0.0
2017-09-21 00:00:00-04:00,4.540999889373779,4.567500114440918,4.440249919891357,4.519000053405762,4.466640472412109,1075600000,0.0,0.0
2017-09-22 00:00:00-04:00,4.507500171661377,4.557750225067139,4.465000152587891,4.474999904632568,4.423150539398193,491232000,0.0,0.0
2017-09-25 00:00:00-04:00,4.443749904632568,4.445000171661377,4.254000186920166,4.275000095367432,4.225465774536133,874580000,0.0,0.0
2017-09-26 00:00:00-04:00,4.411250114440918,4.4670000076293945,4.258749961853027,4.298999786376953,4.249189376831055,1125620000,0.0,0.0
2017-09-27 00:00:00-04:00,4.390500068664551,4.406750202178955,4.318749904632568,4.393249988555908,4.342348098754883,713720000,0.0,0.0
2017-09-28 00:00:00-04:00,4.4004998207092285,4.4045000076293945,4.343999862670898,4.392000198364258,4.34111213684082,435244000,0.0,0.0
2017-09-29 00:00:00-04:00,4.4770002365112305,4.493249893188477,4.431250095367432,4.469250202178955,4.417466640472412,619092000,0.0,0.0
2017-10-02 00:00:00-04:00,4.519999980926514,4.549499988555908,4.425000190734863,4.474999904632568,4.423150539398193,503480000,0.0,0.0
2017-10-03 00:00:00-04:00,4.481249809265137,4.514500141143799,4.439499855041504,4.484250068664551,4.4322943687438965,390332000,0.0,0.0
2017-10-04 00:00:00-04:00,4.490499973297119,4.544250011444092,4.453499794006348,4.521749973297119,4.469358921051025,427848000,0.0,0.0
2017-10-05 00:00:00-04:00,4.546500205993652,4.550000190734863,4.488999843597412,4.51924991607666,4.4668869972229,437364000,0.0,0.0
2017-10-06 00:00:00-04:00,4.491250038146973,4.546000003814697,4.474999904632568,4.53249979019165,4.479984283447266,318800000,0.0,0.0
2017-10-09 00:00:00-04:00,4.56974983215332,4.66825008392334,4.550749778747559,4.634749889373779,4.581047534942627,563492000,0.0,0.0
2017-10-10 00:00:00-04:00,4.785749912261963,4.823750019073486,4.68149995803833,4.723249912261963,4.668522834777832,974876000,0.0,0.0
2017-10-11 00:00:00-04:00,4.739999771118164,4.775000095367432,4.69350004196167,4.773499965667725,4.718191146850586,529508000,0.0,0.0
2017-10-12 00:00:00-04:00,4.7769999504089355,4.827250003814697,4.7482500076293945,4.775750160217285,4.7204155921936035,528292000,0.0,0.0
2017-10-13 00:00:00-04:00,4.838749885559082,4.875,4.791250228881836,4.864749908447266,4.808384895324707,628728000,0.0,0.0
2017-10-16 00:00:00-04:00,4.894999980926514,4.951250076293945,4.830999851226807,4.948249816894531,4.890915870666504,576640000,0.0,0.0
2017-10-17 00:00:00-04:00,4.927249908447266,4.972499847412109,4.908750057220459,4.943749904632568,4.886467933654785,478596000,0.0,0.0
2017-10-18 00:00:00-04:00,4.952750205993652,4.953499794006348,4.833000183105469,4.939499855041504,4.88226842880249,567316000,0.0,0.0
2017-10-19 00:00:00-04:00,4.861000061035156,4.949999809265137,4.81125020980835,4.945000171661377,4.887704849243164,570772000,0.0,0.0
2017-10-20 00:00:00-04:00,4.962250232696533,4.989749908447266,4.91349983215332,4.922500133514404,4.86546516418457,451620000,0.0,0.0
2017-10-23 00:00:00-04:00,4.944499969482422,4.971250057220459,4.894999980926514,4.915500164031982,4.858546257019043,428696000,0.0,0.0
2017-10-24 00:00:00-04:00,4.924749851226807,4.96875,4.898499965667725,4.9670000076293945,4.909449577331543,407244000,0.0,0.0
2017-10-25 00:00:00-04:00,4.927000045776367,4.980500221252441,4.779250144958496,4.8414998054504395,4.785402774810791,828160000,0.0,0.0
2017-10-26 00:00:00-04:00,4.869500160217285,4.9039998054504395,4.845250129699707,4.892250061035156,4.835565567016602,322744000,0.0,0.0
2017-10-27 00:00:00-04:00,4.945000171661377,5.046750068664551,4.918749809265137,5.046500205993652,4.988029956817627,572192000,0.0,0.0
2017-10-30 00:00:00-04:00,5.046500205993652,5.152249813079834,5.0304999351501465,5.0960001945495605,5.036953926086426,504056000,0.0,0.0
2017-10-31 00:00:00-04:00,5.1282501220703125,5.197249889373779,5.122499942779541,5.170249938964844,5.1103434562683105,411908000,0.0,0.0
2017-11-01 00:00:00-04:00,5.233749866485596,5.2492499351501465,5.114999771118164,5.179999828338623,5.119980812072754,502576000,0.0,0.0
2017-11-02 00:00:00-04:00,5.150000095367432,5.195250034332275,5.091249942779541,5.148499965667725,5.088846206665039,342308000,0.0,0.0
2017-11-03 00:00:00-04:00,5.179999828338623,5.217249870300293,5.133500099182129,5.217249870300293,5.156799793243408,353640000,0.0,0.0
2017-11-06 00:00:00-05:00,5.179999828338623,5.249499797821045,5.167500019073486,5.240749835968018,5.180027008056641,389944000,0.0,0.0
2017-11-07 00:00:00-05:00,5.263750076293945,5.322500228881836,5.251500129699707,5.300749778747559,5.23933219909668,427700000,0.0,0.0
2017-11-08 00:00:00-05:00,5.296249866485596,5.300000190734863,5.181000232696533,5.229000091552734,5.1684136390686035,522988000,0.0,0.0
2017-11-09 00:00:00-05:00,5.131750106811523,5.158249855041504,5.009250164031982,5.132999897003174,5.073526859283447,978564000,0.0,0.0
2017-11-10 00:00:00-05:00,5.327000141143799,5.466750144958496,5.290750026702881,5.403500080108643,5.340892314910889,1253256000,0.0,0.0
2017-11-13 00:00:00-05:00,5.403500080108643,5.4292497634887695,5.300250053405762,5.3157501220703125,5.254158020019531,582376000,0.0,0.0
2017-11-14 00:00:00-05:00,5.324999809265137,5.369999885559082,5.280749797821045,5.354499816894531,5.292459487915039,529292000,0.0,0.0
2017-11-15 00:00:00-05:00,5.298749923706055,5.300000190734863,5.195000171661377,5.249499797821045,5.188676357269287,501948000,0.0,0.0
2017-11-16 00:00:00-05:00,5.32450008392334,5.355000019073486,5.28125,5.290249824523926,5.228952884674072,441768000,0.0,0.0
2017-11-17 00:00:00-05:00,5.3480000495910645,5.383749961853027,5.268750190734863,5.283999919891357,5.222777366638184,515664000,0.0,0.0
2017-11-20 00:00:00-05:00,5.299749851226807,5.364250183105469,5.262499809265137,5.3520002365112305,5.289988040924072,396100000,0.0,0.0
2017-11-21 00:00:00-05:00,5.392250061035156,5.413000106811523,5.360000133514404,5.401249885559082,5.338667392730713,399176000,0.0,0.0
2017-11-22 00:00:00-05:00,5.425000190734863,5.425000190734863,5.340250015258789,5.3732500076293945,5.314683437347412,356640000,0.00375,0.0
2017-11-24 00:00:00-05:00,5.389750003814697,5.425000190734863,5.364999771118164,5.423999786376953,5.364877700805664,180752000,0.0,0.0
2017-11-27 00:00:00-05:00,5.432750225067139,5.434000015258789,5.350249767303467,5.353499889373779,5.295147895812988,422896000,0.0,0.0
2017-11-28 00:00:00-05:00,5.358749866485596,5.368249893188477,5.205999851226807,5.267749786376953,5.210332870483398,512752000,0.0,0.0
2017-11-29 00:00:00-05:00,5.250249862670898,5.252999782562256,4.780749797821045,4.9105000495910645,4.856975555419922,1396788000,0.0,0.0
2017-11-30 00:00:00-05:00,4.980000019073486,5.066999912261963,4.916250228881836,5.017749786376953,4.963057994842529,823768000,0.0,0.0
2017-12-01 00:00:00-05:00,4.982749938964844,5.0032501220703125,4.8117499351501465,4.941999912261963,4.8881330490112305,811548000,0.0,0.0
2017-12-04 00:00:00-05:00,5.00124979019165,5.007500171661377,4.612500190734863,4.666500091552734,4.615635395050049,1240844000,0.0,0.0
2017-12-05 00:00:00-05:00,4.559999942779541,4.817500114440918,4.514500141143799,4.69350004196167,4.642342567443848,981488000,0.0,0.0
2017-12-06 00:00:00-05:00,4.642499923706055,4.753499984741211,4.620999813079834,4.731500148773193,4.679927349090576,467032000,0.0,0.0
2017-12-07 00:00:00-05:00,4.798999786376953,4.840000152587891,4.752999782562256,4.799749851226807,4.747434139251709,542600000,0.0,0.0
2017-12-08 00:00:00-05:00,4.850249767303467,4.869500160217285,4.778749942779541,4.78725004196167,4.735069274902344,466876000,0.0,0.0
2017-12-11 00:00:00-05:00,4.801499843597412,4.869500160217285,4.7855000495910645,4.866499900817871,4.813455104827881,372748000,0.0,0.0
2017-12-12 00:00:00-05:00,4.822500228881836,4.8460001945495605,4.747250080108643,4.770999908447266,4.718996047973633,455016000,0.0,0.0
2017-12-13 00:00:00-05:00,4.8125,4.81374979019165,4.646999835968018,4.6545000076293945,4.603765964508057,554280000,0.0,0.0
2017-12-14 00:00:00-05:00,4.6479997634887695,4.733500003814697,4.614999771118164,4.661749839782715,4.61093807220459,438164000,0.0,0.0
2017-12-15 00:00:00-05:00,4.706250190734863,4.809500217437744,4.640500068664551,4.789000034332275,4.736800670623779,670036000,0.0,0.0
2017-12-18 00:00:00-05:00,4.829999923706055,4.950500011444092,4.800000190734863,4.947500228881836,4.893573760986328,477704000,0.0,0.0
2017-12-19 00:00:00-05:00,4.938000202178955,4.9432501792907715,4.874000072479248,4.902750015258789,4.849310398101807,373100000,0.0,0.0
2017-12-20 00:00:00-05:00,4.942500114440918,4.951749801635742,4.863749980926514,4.920000076293945,4.866373538970947,288820000,0.0,0.0
2017-12-21 00:00:00-05:00,4.923500061035156,4.948750019073486,4.888750076293945,4.897250175476074,4.843871116638184,300904000,0.0,0.0
2017-12-22 00:00:00-05:00,4.860000133514404,4.891250133514404,4.78125,4.881750106811523,4.828538417816162,466276000,0.0,0.0
2017-12-26 00:00:00-05:00,4.82574987411499,4.943749904632568,4.795499801635742,4.935999870300293,4.882197856903076,355080000,0.0,0.0
2017-12-27 00:00:00-05:00,4.922500133514404,4.9992499351501465,4.907750129699707,4.9292497634887695,4.8755202293396,329488000,0.0,0.0
2017-12-28 00:00:00-05:00,4.953249931335449,4.984499931335449,4.928750038146973,4.934999942779541,4.881208896636963,240248000,0.0,0.0
2017-12-29 00:00:00-05:00,4.96150016784668,4.96150016784668,4.837500095367432,4.837500095367432,4.784772872924805,279964000,0.0,0.0
2018-01-02 00:00:00-05:00,4.894499778747559,4.987500190734863,4.862500190734863,4.983749866485596,4.929427146911621,355616000,0.0,0.0
2018-01-03 00:00:00-05:00,5.102499961853027,5.34250020980835,5.09375,5.3117499351501465,5.253852844238281,914704000,0.0,0.0
2018-01-04 00:00:00-05:00,5.394000053405762,5.451250076293945,5.317249774932861,5.339749813079834,5.2815470695495605,583268000,0.0,0.0
2018-01-05 00:00:00-05:00,5.354750156402588,5.422749996185303,5.2769999504089355,5.385000228881836,5.326303005218506,580124000,0.0,0.0
2018-01-08 00:00:00-05:00,5.510000228881836,5.625,5.4644999504089355,5.550000190734863,5.489505767822266,881216000,0.0,0.0
2018-01-09 00:00:00-05:00,5.555500030517578,5.5954999923706055,5.466000080108643,5.548500061035156,5.488022804260254,497000000,0.0,0.0
2018-01-10 00:00:00-05:00,5.454999923706055,5.5954999923706055,5.400000095367432,5.5920000076293945,5.531047821044922,582664000,0.0,0.0
2018-01-11 00:00:00-05:00,5.625,5.656750202178955,5.580249786376953,5.6020002365112305,5.540939807891846,406032000,0.0,0.0
2018-01-12 00:00:00-05:00,5.590000152587891,5.624750137329102,5.5335001945495605,5.57450008392334,5.513739585876465,359916000,0.0,0.0
2018-01-16 00:00:00-05:00,5.601250171661377,5.687749862670898,5.417250156402588,5.502749919891357,5.442770957946777,702348000,0.0,0.0
2018-01-17 00:00:00-05:00,5.517499923706055,5.627999782562256,5.422500133514404,5.618000030517578,5.556765079498291,538408000,0.0,0.0
2018-01-18 00:00:00-05:00,5.598499774932861,5.665999889373779,5.566999912261963,5.611000061035156,5.549840450286865,408632000,0.0,0.0
2018-01-19 00:00:00-05:00,5.702250003814697,5.777249813079834,5.675000190734863,5.752749919891357,5.690045356750488,609380000,0.0,0.0
2018-01-22 00:00:00-05:00,5.760749816894531,5.843999862670898,5.702499866485596,5.842249870300293,5.778570652008057,550944000,0.0,0.0
2018-01-23 00:00:00-05:00,5.896249771118164,5.9957499504089355,5.877500057220459,5.972750186920166,5.90764856338501,475228000,0.0,0.0
2018-01-24 00:00:00-05:00,5.97599983215332,6.012249946594238,5.838749885559082,5.894999980926514,5.830745220184326,579972000,0.0,0.0
2018-01-25 00:00:00-05:00,5.949999809265137,5.993750095367432,5.893750190734863,5.908750057220459,5.844346046447754,409884000,0.0,0.0
2018-01-26 00:00:00-05:00,5.953000068664551,6.083499908447266,5.940000057220459,6.083250045776367,6.016943454742432,516356000,0.0,0.0
2018-01-29 00:00:00-05:00,6.06850004196167,6.202750205993652,6.015250205993652,6.171249866485596,6.103985786437988,455116000,0.0,0.0
2018-01-30 00:00:00-05:00,6.027750015258789,6.1605000495910645,5.960249900817871,6.067999839782715,6.001858711242676,570832000,0.0,0.0
2018-01-31 00:00:00-05:00,6.14424991607666,6.231750011444092,6.111249923706055,6.144999980926514,6.07802152633667,478576000,0.0,0.0
2018-02-01 00:00:00-05:00,5.9629998207092285,6.172500133514404,5.951499938964844,6.012499809265137,5.946963310241699,519224000,0.0,0.0
2018-02-02 00:00:00-05:00,5.925000190734863,5.949250221252441,5.779250144958496,5.8379998207092285,5.774367332458496,718464000,0.0,0.0
2018-02-05 00:00:00-05:00,5.675000190734863,5.830749988555908,5.125,5.34250020980835,5.284267425537109,1165204000,0.0,0.0
2018-02-06 00:00:00-05:00,5.110000133514404,5.642499923706055,5.099999904632568,5.639500141143799,5.578030586242676,1114800000,0.0,0.0
2018-02-07 00:00:00-05:00,5.739500045776367,5.8742499351501465,5.667500019073486,5.71999979019165,5.657652378082275,802932000,0.0,0.0
2018-02-08 00:00:00-05:00,5.8470001220703125,5.880499839782715,5.437749862670898,5.438000202178955,5.378726005554199,1144000000,0.0,0.0
2018-02-09 00:00:00-05:00,5.956250190734863,5.972249984741211,5.438000202178955,5.802000045776367,5.738759517669678,1674604000,0.0,0.0
2018-02-12 00:00:00-05:00,5.883999824523926,5.88700008392334,5.6257500648498535,5.70074987411499,5.638612270355225,1093172000,0.0,0.0
2018-02-13 00:00:00-05:00,5.664000034332275,5.862500190734863,5.631249904632568,5.8157501220703125,5.7523603439331055,625524000,0.0,0.0
2018-02-14 00:00:00-05:00,5.775000095367432,6.0647501945495605,5.763750076293945,6.0355000495910645,5.9697136878967285,744988000,0.0,0.0
2018-02-15 00:00:00-05:00,6.119750022888184,6.209249973297119,6.038000106811523,6.162499904632568,6.095329284667969,698900000,0.0,0.0
2018-02-16 00:00:00-05:00,6.135000228881836,6.25,6.086750030517578,6.0960001945495605,6.0295538902282715,637656000,0.0,0.0
2018-02-20 00:00:00-05:00,6.118750095367432,6.296750068664551,6.114999771118164,6.2270002365112305,6.159125804901123,686240000,0.0,0.0
2018-02-21 00:00:00-05:00,6.292250156402588,6.29925012588501,6.033999919891357,6.037749767303467,5.971938610076904,892292000,0.0,0.0
2018-02-22 00:00:00-05:00,6.0682501792907715,6.140749931335449,5.987500190734863,6.053750038146973,5.991486072540283,534364000,0.00375,0.0
2018-02-23 00:00:00-05:00,6.114250183105469,6.148250102996826,6.063000202178955,6.148250102996826,6.085013389587402,415300000,0.0,0.0
2018-02-26 00:00:00-05:00,6.195000171661377,6.19950008392334,6.101500034332275,6.1645002365112305,6.101096153259277,469312000,0.0,0.0
2018-02-27 00:00:00-05:00,6.137499809265137,6.222750186920166,6.1282501220703125,6.151500225067139,6.088230133056641,455436000,0.0,0.0
2018-02-28 00:00:00-05:00,6.162499904632568,6.202499866485596,6.038249969482422,6.050000190734863,5.987773895263672,523116000,0.0,0.0
2018-03-01 00:00:00-05:00,6.047749996185303,6.102250099182129,5.703000068664551,5.80525016784668,5.745542049407959,1040120000,0.0,0.0
2018-03-02 00:00:00-05:00,5.696499824523926,5.920000076293945,5.546249866485596,5.91349983215332,5.852678298950195,913428000,0.0,0.0
2018-03-05 00:00:00-05:00,5.862750053405762,5.931250095367432,5.73799991607666,5.891250133514404,5.83065938949585,620776000,0.0,0.0
2018-03-06 00:00:00-05:00,5.977499961853027,6.073500156402588,5.934000015258789,6.053999900817871,5.991732120513916,636808000,0.0,0.0
2018-03-07 00:00:00-05:00,5.949999809265137,6.098750114440918,5.948750019073486,6.046000003814697,5.983816623687744,581208000,0.0,0.0
2018-03-08 00:00:00-05:00,6.073750019073486,6.073750019073486,5.984749794006348,6.0295000076293945,5.967486381530762,411912000,0.0,0.0
2018-03-09 00:00:00-05:00,6.077499866485596,6.146249771118164,6.06125020980835,6.1332502365112305,6.070169448852539,505524000,0.0,0.0
2018-03-12 00:00:00-04:00,6.175000190734863,6.324999809265137,6.166749954223633,6.24399995803833,6.179779529571533,605060000,0.0,0.0
2018-03-13 00:00:00-04:00,6.28725004196167,6.362500190734863,6.151000022888184,6.192749977111816,6.129056453704834,619772000,0.0,0.0
2018-03-14 00:00:00-04:00,6.236249923706055,6.263750076293945,6.1554999351501465,6.218500137329102,6.154542446136475,505496000,0.0,0.0
2018-03-15 00:00:00-04:00,6.232250213623047,6.315499782562256,6.190999984741211,6.233500003814697,6.169386863708496,401952000,0.0,0.0
2018-03-16 00:00:00-04:00,6.25,6.28125,6.211999893188477,6.26200008392334,6.197594165802002,399456000,0.0,0.0
2018-03-19 00:00:00-04:00,6.204500198364258,6.233749866485596,5.925000190734863,6.025000095367432,5.96303129196167,713772000,0.0,0.0
2018-03-20 00:00:00-04:00,6.0279998779296875,6.278749942779541,6.0279998779296875,6.239500045776367,6.1753249168396,554696000,0.0,0.0
2018-03-21 00:00:00-04:00,6.232999801635742,6.300000190734863,6.1832499504089355,6.214000225067139,6.150087833404541,438688000,0.0,0.0
2018-03-22 00:00:00-04:00,6.150000095367432,6.197000026702881,6.008500099182129,6.046249866485596,5.984063625335693,551196000,0.0,0.0
2018-03-23 00:00:00-04:00,6.059999942779541,6.0625,5.813000202178955,5.824250221252441,5.764346122741699,735620000,0.0,0.0
2018-03-26 00:00:00-04:00,5.949999809265137,6.113249778747559,5.897500038146973,6.111999988555908,6.049137115478516,611424000,0.0,0.0
2018-03-27 00:00:00-04:00,6.193749904632568,6.25,5.496250152587891,5.638000011444092,5.580012798309326,1409000000,0.0,0.0
2018-03-28 00:00:00-04:00,5.603250026702881,5.734749794006348,5.425000190734863,5.533750057220459,5.476835250854492,945904000,0.0,0.0
2018-03-29 00:00:00-04:00,5.602749824523926,5.887499809265137,5.517499923706055,5.789750099182129,5.730201721191406,916628000,0.0,0.0
2018-04-02 00:00:00-04:00,5.718500137329102,5.866250038146973,5.4375,5.526249885559082,5.469411373138428,922092000,0.0,0.0
2018-04-03 00:00:00-04:00,5.695000171661377,5.758749961853027,5.533750057220459,5.633749961853027,5.575805187225342,667432000,0.0,0.0
2018-04-04 00:00:00-04:00,5.375249862670898,5.666500091552734,5.349999904632568,5.656000137329102,5.597827911376953,789168000,0.0,0.0
2018-04-05 00:00:00-04:00,5.715000152587891,5.728250026702881,5.462250232696533,5.5345001220703125,5.477576732635498,701240000,0.0,0.0
2018-04-06 00:00:00-04:00,5.430749893188477,5.539999961853027,5.326749801635742,5.356249809265137,5.301158905029297,662988000,0.0,0.0
2018-04-09 00:00:00-04:00,5.420000076293945,5.54925012588501,5.364999771118164,5.385250091552734,5.329860687255859,499524000,0.0,0.0
2018-04-10 00:00:00-04:00,5.618000030517578,5.724999904632568,5.5602498054504395,5.697750091552734,5.6391472816467285,761676000,0.0,0.0
2018-04-11 00:00:00-04:00,5.682750225067139,5.7245001792907715,5.623000144958496,5.656000137329102,5.597827911376953,460244000,0.0,0.0
2018-04-12 00:00:00-04:00,5.75,5.882999897003174,5.705249786376953,5.864999771118164,5.804677486419678,593920000,0.0,0.0
2018-04-13 00:00:00-04:00,5.9292497634887695,5.937749862670898,5.738749980926514,5.787499904632568,5.727975368499756,503036000,0.0,0.0
2018-04-16 00:00:00-04:00,5.794250011444092,5.821000099182129,5.691999912261963,5.78725004196167,5.727727890014648,350792000,0.0,0.0
2018-04-17 00:00:00-04:00,5.840000152587891,5.960000038146973,5.783750057220459,5.938499927520752,5.877420902252197,447224000,0.0,0.0
2018-04-18 00:00:00-04:00,5.887499809265137,5.981249809265137,5.819250106811523,5.909249782562256,5.8484721183776855,391364000,0.0,0.0
2018-04-19 00:00:00-04:00,5.793749809265137,5.827499866485596,5.670000076293945,5.72599983215332,5.667107582092285,471996000,0.0,0.0
2018-04-20 00:00:00-04:00,5.717249870300293,5.802499771118164,5.68625020980835,5.717750072479248,5.658941268920898,386200000,0.0,0.0
2018-04-23 00:00:00-04:00,5.735750198364258,5.787499904632568,5.5707502365112305,5.5970001220703125,5.539433479309082,427508000,0.0,0.0
2018-04-24 00:00:00-04:00,5.623000144958496,5.71999979019165,5.464000225067139,5.53000020980835,5.4731221199035645,414596000,0.0,0.0
2018-04-25 00:00:00-04:00,5.5,5.5395002365112305,5.257500171661377,5.416500091552734,5.360789775848389,588492000,0.0,0.0
2018-04-26 00:00:00-04:00,5.579999923706055,5.638750076293945,5.51324987411499,5.630499839782715,5.572587966918945,375824000,0.0,0.0
2018-04-27 00:00:00-04:00,5.737500190734863,5.757500171661377,5.615499973297119,5.658249855041504,5.600053310394287,400848000,0.0,0.0
2018-04-30 00:00:00-04:00,5.674749851226807,5.724999904632568,5.603000164031982,5.622499942779541,5.564671993255615,327844000,0.0,0.0
2018-05-01 00:00:00-04:00,5.614250183105469,5.681250095367432,5.554999828338623,5.678500175476074,5.620095729827881,253788000,0.0,0.0
2018-05-02 00:00:00-04:00,5.675000190734863,5.71999979019165,5.631249904632568,5.657750129699707,5.599557876586914,268248000,0.0,0.0
2018-05-03 00:00:00-04:00,5.690000057220459,5.851250171661377,5.64424991607666,5.824749946594238,5.764842987060547,443144000,0.0,0.0
2018-05-04 00:00:00-04:00,5.795750141143799,5.979750156402588,5.778250217437744,5.976500034332275,5.915030479431152,400660000,0.0,0.0
2018-05-07 00:00:00-04:00,6.082250118255615,6.274750232696533,6.072249889373779,6.2170000076293945,6.153057098388672,687616000,0.0,0.0
2018-05-08 00:00:00-04:00,6.217249870300293,6.262750148773193,6.167749881744385,6.260000228881836,6.195615291595459,506616000,0.0,0.0
2018-05-09 00:00:00-04:00,6.280250072479248,6.396749973297119,6.252749919891357,6.394499778747559,6.328731060028076,596760000,0.0,0.0
2018-05-10 00:00:00-04:00,6.447999954223633,6.512499809265137,6.429999828338623,6.5032501220703125,6.436363220214844,994080000,0.0,0.0
2018-05-11 00:00:00-04:00,6.319499969482422,6.494750022888184,6.263500213623047,6.363249778747559,6.297802448272705,1214456000,0.0,0.0
2018-05-14 00:00:00-04:00,6.401750087738037,6.462250232696533,6.360000133514404,6.383999824523926,6.318340301513672,523140000,0.0,0.0
2018-05-15 00:00:00-04:00,6.31974983215332,6.322500228881836,6.037499904632568,6.138999938964844,6.075859069824219,963528000,0.0,0.0
2018-05-16 00:00:00-04:00,6.099999904632568,6.2129998207092285,6.062749862670898,6.15024995803833,6.086993217468262,553828000,0.0,0.0
2018-05-17 00:00:00-04:00,6.1519999504089355,6.287499904632568,6.135749816894531,6.192749977111816,6.129056453704834,519784000,0.0,0.0
2018-05-18 00:00:00-04:00,6.245250225067139,6.3092498779296875,6.143499851226807,6.148499965667725,6.085260391235352,483716000,0.0,0.0
2018-05-21 00:00:00-04:00,6.247000217437744,6.2507500648498535,6.012249946594238,6.105999946594238,6.043200492858887,640624000,0.0,0.0
2018-05-22 00:00:00-04:00,6.119500160217285,6.144999980926514,6.006249904632568,6.067500114440918,6.005094051361084,518264000,0.0,0.0
2018-05-23 00:00:00-04:00,6.006999969482422,6.1897501945495605,6.006249904632568,6.188499927520752,6.128639221191406,442956000,0.00375,0.0
2018-05-24 00:00:00-04:00,6.184750080108643,6.235000133514404,6.13100004196167,6.192249774932861,6.132351398468018,437372000,0.0,0.0
2018-05-25 00:00:00-04:00,6.204999923706055,6.248499870300293,6.169000148773193,6.23199987411499,6.171716690063477,292112000,0.0,0.0
2018-05-29 00:00:00-04:00,6.213749885559082,6.2835001945495605,6.167500019073486,6.214749813079834,6.154633045196533,352684000,0.0,0.0
2018-05-30 00:00:00-04:00,6.24875020980835,6.333499908447266,6.223750114440918,6.324749946594238,6.263570785522461,390996000,0.0,0.0
2018-05-31 00:00:00-04:00,6.292500019073486,6.380000114440918,6.281750202178955,6.304749965667725,6.243762969970703,493868000,0.0,0.0
2018-06-01 00:00:00-04:00,6.349999904632568,6.446750164031982,6.341249942779541,6.440499782562256,6.378200531005859,421968000,0.0,0.0
2018-06-04 00:00:00-04:00,6.474999904632568,6.643499851226807,6.442500114440918,6.621250152587891,6.557201862335205,642024000,0.0,0.0
2018-06-05 00:00:00-04:00,6.624499797821045,6.664750099182129,6.579249858856201,6.6267499923706055,6.562648296356201,391712000,0.0,0.0
2018-06-06 00:00:00-04:00,6.535749912261963,6.631999969482422,6.51924991607666,6.628749847412109,6.564629554748535,371356000,0.0,0.0
2018-06-07 00:00:00-04:00,6.625,6.63700008392334,6.481249809265137,6.572500228881836,6.508923530578613,369448000,0.0,0.0
2018-06-08 00:00:00-04:00,6.499000072479248,6.599999904632568,6.480000019073486,6.557000160217285,6.493573188781738,360456000,0.0,0.0
2018-06-11 00:00:00-04:00,6.544250011444092,6.586249828338623,6.502500057220459,6.515500068664551,6.4524760246276855,265372000,0.0,0.0
2018-06-12 00:00:00-04:00,6.542250156402588,6.576749801635742,6.491499900817871,6.564499855041504,6.501000881195068,319160000,0.0,0.0
2018-06-13 00:00:00-04:00,6.565999984741211,6.641749858856201,6.550749778747559,6.559999942779541,6.496543884277344,338208000,0.0,0.0
2018-06-14 00:00:00-04:00,6.605500221252441,6.730000019073486,6.5904998779296875,6.672749996185303,6.608203411102295,430016000,0.0,0.0
2018-06-15 00:00:00-04:00,6.614999771118164,6.686999797821045,6.583749771118164,6.631499767303467,6.567351818084717,432260000,0.0,0.0
2018-06-18 00:00:00-04:00,6.586999893188477,6.644999980926514,6.559500217437744,6.6272501945495605,6.563143253326416,356268000,0.0,0.0
2018-06-19 00:00:00-04:00,6.5229997634887695,6.591000080108643,6.375500202178955,6.5042500495910645,6.441334247589111,594932000,0.0,0.0
2018-06-20 00:00:00-04:00,6.545750141143799,6.611249923706055,6.506999969482422,6.557750225067139,6.494315147399902,369780000,0.0,0.0
2018-06-21 00:00:00-04:00,6.590000152587891,6.608500003814697,6.420000076293945,6.427750110626221,6.365572452545166,359516000,0.0,0.0
2018-06-22 00:00:00-04:00,6.448750019073486,6.462250232696533,6.2582502365112305,6.273749828338623,6.213062763214111,434160000,0.0,0.0
2018-06-25 00:00:00-04:00,6.166250228881836,6.170000076293945,5.888500213623047,5.978000164031982,5.920174598693848,665816000,0.0,0.0
2018-06-26 00:00:00-04:00,6.09250020980835,6.141250133514404,5.9977498054504395,6.049749851226807,5.9912285804748535,478884000,0.0,0.0
2018-06-27 00:00:00-04:00,6.09375,6.160749912261963,5.887499809265137,5.89300012588501,5.835995674133301,453892000,0.0,0.0
2018-06-28 00:00:00-04:00,5.882999897003174,6.0335001945495605,5.875249862670898,6.021500110626221,5.963253498077393,338012000,0.0,0.0
2018-06-29 00:00:00-04:00,6.087250232696533,6.099999904632568,5.921249866485596,5.922500133514404,5.865211486816406,392300000,0.0,0.0
2018-07-02 00:00:00-04:00,5.852250099182129,6.059750080108643,5.831500053405762,6.056000232696533,5.997419357299805,357572000,0.0,0.0
2018-07-03 00:00:00-04:00,6.091000080108643,6.0970001220703125,5.912499904632568,5.921000003814697,5.863726615905762,222732000,0.0,0.0
2018-07-05 00:00:00-04:00,5.976749897003174,6.073249816894531,5.9375,6.0682501792907715,6.009552001953125,306216000,0.0,0.0
2018-07-06 00:00:00-04:00,6.043499946594238,6.1917500495910645,6.021999835968018,6.1832499504089355,6.123438358306885,296352000,0.0,0.0
2018-07-09 00:00:00-04:00,6.2582502365112305,6.26800012588501,6.151750087738037,6.231249809265137,6.170974254608154,303880000,0.0,0.0
2018-07-10 00:00:00-04:00,6.243750095367432,6.353499889373779,6.203000068664551,6.331250190734863,6.27000617980957,360016000,0.0,0.0
2018-07-11 00:00:00-04:00,6.237500190734863,6.272500038146973,6.177499771118164,6.1882500648498535,6.128390312194824,367508000,0.0,0.0
2018-07-12 00:00:00-04:00,6.234000205993652,6.329249858856201,6.223999977111816,6.280749797821045,6.219996452331543,345508000,0.0,0.0
2018-07-13 00:00:00-04:00,6.299499988555908,6.299499988555908,6.190499782562256,6.232999801635742,6.172707557678223,246988000,0.0,0.0
2018-07-16 00:00:00-04:00,6.204999923706055,6.258500099182129,6.192500114440918,6.204999923706055,6.144978046417236,197036000,0.0,0.0
2018-07-17 00:00:00-04:00,6.155250072479248,6.357500076293945,6.129499912261963,6.342249870300293,6.2809014320373535,362136000,0.0,0.0
2018-07-18 00:00:00-04:00,6.334750175476074,6.348750114440918,6.241000175476074,6.292500019073486,6.231632232666016,277640000,0.0,0.0
2018-07-19 00:00:00-04:00,6.273499965667725,6.334750175476074,6.2582502365112305,6.300749778747559,6.23980188369751,235752000,0.0,0.0
2018-07-20 00:00:00-04:00,6.298250198364258,6.337500095367432,6.261250019073486,6.272250175476074,6.211577892303467,222352000,0.0,0.0
2018-07-23 00:00:00-04:00,6.245500087738037,6.247250080108643,6.081999778747559,6.235249996185303,6.1749348640441895,301584000,0.0,0.0
2018-07-24 00:00:00-04:00,6.283750057220459,6.371250152587891,6.199999809265137,6.217750072479248,6.1576056480407715,354620000,0.0,0.0
2018-07-25 00:00:00-04:00,6.227250099182129,6.309500217437744,6.168749809265137,6.296750068664551,6.235841751098633,319112000,0.0,0.0
2018-07-26 00:00:00-04:00,6.276500225067139,6.408249855041504,6.259500026702881,6.370999813079834,6.309372425079346,325124000,0.0,0.0
2018-07-27 00:00:00-04:00,6.4079999923706055,6.414999961853027,6.245999813079834,6.30049991607666,6.239554405212402,295420000,0.0,0.0
2018-07-30 00:00:00-04:00,6.3147501945495605,6.3207502365112305,6.067999839782715,6.103250026702881,6.044212341308594,340340000,0.0,0.0
2018-07-31 00:00:00-04:00,6.092750072479248,6.197000026702881,6.053500175476074,6.121500015258789,6.062284469604492,283988000,0.0,0.0
2018-08-01 00:00:00-04:00,6.153250217437744,6.209000110626221,6.097249984741211,6.161749839782715,6.102146625518799,283556000,0.0,0.0
2018-08-02 00:00:00-04:00,6.089749813079834,6.269499778747559,6.030250072479248,6.265500068664551,6.204893112182617,269668000,0.0,0.0
2018-08-03 00:00:00-04:00,6.290249824523926,6.326499938964844,6.273250102996826,6.302499771118164,6.24153470993042,214288000,0.0,0.0
2018-08-06 00:00:00-04:00,6.289750099182129,6.354249954223633,6.24275016784668,6.350749969482422,6.289319038391113,207508000,0.0,0.0
2018-08-07 00:00:00-04:00,6.400000095367432,6.442500114440918,6.373000144958496,6.423749923706055,6.3616108894348145,258132000,0.0,0.0
2018-08-08 00:00:00-04:00,6.425000190734863,6.50600004196167,6.389750003814697,6.4604997634887695,6.398005485534668,262100000,0.0,0.0
2018-08-09 00:00:00-04:00,6.478499889373779,6.481249809265137,6.403749942779541,6.411499977111816,6.349481105804443,204280000,0.0,0.0
2018-08-10 00:00:00-04:00,6.328750133514404,6.402500152587891,6.317500114440918,6.369750022888184,6.30813455581665,256396000,0.0,0.0
2018-08-13 00:00:00-04:00,6.378499984741211,6.525000095367432,6.3767499923706055,6.4029998779296875,6.341063976287842,375208000,0.0,0.0
2018-08-14 00:00:00-04:00,6.509500026702881,6.550000190734863,6.42549991607666,6.535749912261963,6.472528457641602,466220000,0.0,0.0
2018-08-15 00:00:00-04:00,6.5567498207092285,6.591000080108643,6.397500038146973,6.4770002365112305,6.4143476486206055,591136000,0.0,0.0
2018-08-16 00:00:00-04:00,6.547500133514404,6.550000190734863,6.375249862670898,6.435999870300293,6.373743534088135,801260000,0.0,0.0
2018-08-17 00:00:00-04:00,6.323500156402588,6.324250221252441,6.093249797821045,6.120500087738037,6.061296463012695,1143188000,0.0,0.0
2018-08-20 00:00:00-04:00,6.079500198364258,6.329999923706055,5.9679999351501465,6.196000099182129,6.136065483093262,854388000,0.0,0.0
2018-08-21 00:00:00-04:00,6.212500095367432,6.337500095367432,6.192500114440918,6.333000183105469,6.2717413902282715,673988000,0.0,0.0
2018-08-22 00:00:00-04:00,6.300000190734863,6.575500011444092,6.296500205993652,6.570499897003174,6.506942272186279,749856000,0.0,0.0
2018-08-23 00:00:00-04:00,6.531499862670898,6.736999988555908,6.517499923706055,6.671000003814697,6.606470584869385,720684000,0.0,0.0
2018-08-24 00:00:00-04:00,6.679500102996826,6.820250034332275,6.675000190734863,6.805500030517578,6.739668846130371,531512000,0.0,0.0
2018-08-27 00:00:00-04:00,6.8354997634887695,6.972499847412109,6.803750038146973,6.897500038146973,6.830780029296875,505776000,0.0,0.0
2018-08-28 00:00:00-04:00,6.891499996185303,6.9145002365112305,6.738249778747559,6.859499931335449,6.793147087097168,475384000,0.0,0.0
2018-08-29 00:00:00-04:00,6.8480000495910645,6.987500190734863,6.827000141143799,6.962250232696533,6.898674964904785,420108000,0.00375,0.0
2018-08-30 00:00:00-04:00,6.930749893188477,7.043000221252441,6.9079999923706055,6.945250034332275,6.881828784942627,346608000,0.0,0.0
2018-08-31 00:00:00-04:00,6.925000190734863,7.03000020980835,6.914999961853027,7.017000198364258,6.952924728393555,306592000,0.0,0.0
2018-09-04 00:00:00-04:00,7.003749847412109,7.130499839782715,6.974999904632568,7.09250020980835,7.027734756469727,391720000,0.0,0.0
2018-09-05 00:00:00-04:00,7.074749946594238,7.110499858856201,6.878749847412109,6.9604997634887695,6.896940231323242,393156000,0.0,0.0
2018-09-06 00:00:00-04:00,6.943999767303467,6.946499824523926,6.784749984741211,6.817999839782715,6.755741596221924,322796000,0.0,0.0
2018-09-07 00:00:00-04:00,6.724999904632568,6.923250198364258,6.679749965667725,6.796500205993652,6.734438419342041,295420000,0.0,0.0
2018-09-10 00:00:00-04:00,6.819250106811523,6.898250102996826,6.775000095367432,6.868249893188477,6.805532932281494,220140000,0.0,0.0
2018-09-11 00:00:00-04:00,6.821499824523926,6.909999847412109,6.80049991607666,6.820000171661377,6.757724761962891,243112000,0.0,0.0
2018-09-12 00:00:00-04:00,6.779749870300293,6.799499988555908,6.547999858856201,6.704999923706055,6.643773078918457,419092000,0.0,0.0
2018-09-13 00:00:00-04:00,6.771500110626221,6.875,6.754000186920166,6.7835001945495605,6.721557140350342,305536000,0.0,0.0
2018-09-14 00:00:00-04:00,6.874750137329102,6.977499961853027,6.837500095367432,6.910749912261963,6.847644329071045,386936000,0.0,0.0
2018-09-17 00:00:00-04:00,6.885000228881836,6.934500217437744,6.828750133514404,6.848249912261963,6.785715579986572,205528000,0.0,0.0
2018-09-18 00:00:00-04:00,6.852250099182129,6.955999851226807,6.768750190734863,6.7754998207092285,6.713630199432373,299520000,0.0,0.0
2018-09-19 00:00:00-04:00,6.756750106811523,6.817500114440918,6.706250190734863,6.799499988555908,6.737411975860596,224860000,0.0,0.0
2018-09-20 00:00:00-04:00,6.676249980926514,6.718999862670898,6.602499961853027,6.6570000648498535,6.596213340759277,430584000,0.0,0.0
2018-09-21 00:00:00-04:00,6.669000148773193,6.715000152587891,6.552750110626221,6.586249828338623,6.526108741760254,435128000,0.0,0.0
2018-09-24 00:00:00-04:00,6.554999828338623,6.645999908447266,6.4670000076293945,6.642499923706055,6.581845283508301,293912000,0.0,0.0
2018-09-25 00:00:00-04:00,6.709249973297119,6.735499858856201,6.6227498054504395,6.710249900817871,6.6489763259887695,280388000,0.0,0.0
2018-09-26 00:00:00-04:00,6.715250015258789,6.75600004196167,6.6570000648498535,6.672999858856201,6.61206579208374,268548000,0.0,0.0
2018-09-27 00:00:00-04:00,6.708499908447266,6.730000019073486,6.653250217437744,6.684999942779541,6.623956680297852,214428000,0.0,0.0
2018-09-28 00:00:00-04:00,6.8182501792907715,7.047999858856201,6.789999961853027,7.0254998207092285,6.961347579956055,709396000,0.0,0.0
2018-10-01 00:00:00-04:00,7.104000091552734,7.301499843597412,7.065000057220459,7.234000205993652,7.167942523956299,622060000,0.0,0.0
2018-10-02 00:00:00-04:00,7.206250190734863,7.318999767303467,7.139500141143799,7.1620001792907715,7.096601963043213,383964000,0.0,0.0
2018-10-03 00:00:00-04:00,7.232999801635742,7.240499973297119,7.0632500648498535,7.16825008392334,7.102794170379639,320552000,0.0,0.0
2018-10-04 00:00:00-04:00,7.131750106811523,7.15625,6.9045000076293945,6.982250213623047,6.918492794036865,391220000,0.0,0.0
2018-10-05 00:00:00-04:00,6.957250118255615,7.019999980926514,6.688499927520752,6.746500015258789,6.684895038604736,426636000,0.0,0.0
2018-10-08 00:00:00-04:00,6.662499904632568,6.7789998054504395,6.501999855041504,6.64424991607666,6.583578586578369,408612000,0.0,0.0
2018-10-09 00:00:00-04:00,6.623499870300293,6.718999862670898,6.570000171661377,6.638500213623047,6.577880859375,273500000,0.0,0.0
2018-10-10 00:00:00-04:00,6.531499862670898,6.577750205993652,6.139999866485596,6.142250061035156,6.086161136627197,684940000,0.0,0.0
2018-10-11 00:00:00-04:00,6.0542497634887695,6.189000129699707,5.856500148773193,5.8782501220703125,5.824573040008545,725436000,0.0,0.0
2018-10-12 00:00:00-04:00,6.137750148773193,6.238500118255615,5.991250038146973,6.16349983215332,6.107219696044922,608236000,0.0,0.0
2018-10-15 00:00:00-04:00,6.150000095367432,6.150000095367432,5.883500099182129,5.884500026702881,5.830766201019287,449760000,0.0,0.0
2018-10-16 00:00:00-04:00,5.9982500076293945,6.1570000648498535,5.948500156402588,6.145750045776367,6.089630603790283,408712000,0.0,0.0
2018-10-17 00:00:00-04:00,6.208499908447266,6.247000217437744,6.0269999504089355,6.076499938964844,6.021013259887695,329668000,0.0,0.0
2018-10-18 00:00:00-04:00,6.146500110626221,6.1852498054504395,5.927249908447266,5.988249778747559,5.933568000793457,524020000,0.0,0.0
2018-10-19 00:00:00-04:00,6.044000148773193,6.06374979019165,5.692500114440918,5.729249954223633,5.676934719085693,613608000,0.0,0.0
2018-10-22 00:00:00-04:00,5.7820000648498535,5.882999897003174,5.676750183105469,5.7804999351501465,5.72771692276001,368844000,0.0,0.0
2018-10-23 00:00:00-04:00,5.510749816894531,5.604750156402588,5.417749881744385,5.526500225067139,5.476035118103027,626436000,0.0,0.0
2018-10-24 00:00:00-04:00,5.487750053405762,5.534749984741211,4.971250057220459,4.985249996185303,4.93972635269165,884288000,0.0,0.0
2018-10-25 00:00:00-04:00,4.886750221252441,5.243750095367432,4.8420000076293945,5.196000099182129,5.148553371429443,951720000,0.0,0.0
2018-10-26 00:00:00-04:00,4.957749843597412,5.120999813079834,4.828000068664551,4.957250118255615,4.911982536315918,664784000,0.0,0.0
2018-10-29 00:00:00-04:00,5.09975004196167,5.103250026702881,4.40024995803833,4.640500068664551,4.59812593460083,758016000,0.0,0.0
2018-10-30 00:00:00-04:00,4.663750171661377,5.085000038146973,4.640500068664551,5.074999809265137,5.02865743637085,807192000,0.0,0.0
2018-10-31 00:00:00-04:00,5.241250038146973,5.3147501945495605,5.100249767303467,5.270750045776367,5.222620964050293,745772000,0.0,0.0
2018-11-01 00:00:00-04:00,5.307499885559082,5.462250232696533,5.179749965667725,5.452750205993652,5.402958393096924,566528000,0.0,0.0
2018-11-02 00:00:00-04:00,5.4432501792907715,5.550000190734863,5.255249977111816,5.373000144958496,5.3239359855651855,452960000,0.0,0.0
2018-11-05 00:00:00-05:00,5.359749794006348,5.3832502365112305,5.131999969482422,5.294250011444092,5.24590539932251,379332000,0.0,0.0
2018-11-06 00:00:00-05:00,5.286250114440918,5.371250152587891,5.238999843597412,5.276500225067139,5.228318214416504,299012000,0.0,0.0
2018-11-07 00:00:00-05:00,5.34375,5.4352498054504395,5.2795000076293945,5.344749927520752,5.2959442138671875,483812000,0.0,0.0
2018-11-08 00:00:00-05:00,5.284999847412109,5.285749912261963,5.095749855041504,5.149750232696533,5.102725028991699,511352000,0.0,0.0
2018-11-09 00:00:00-05:00,5.059999942779541,5.232999801635742,5.026000022888184,5.141749858856201,5.0947980880737305,413240000,0.0,0.0
2018-11-12 00:00:00-05:00,5.049499988555908,5.071750164031982,4.7164998054504395,4.738500118255615,4.695230960845947,617116000,0.0,0.0
2018-11-13 00:00:00-05:00,4.837250232696533,5.105249881744385,4.830999851226807,4.982749938964844,4.937250137329102,644712000,0.0,0.0
2018-11-14 00:00:00-05:00,5.15749979019165,5.171999931335449,4.8207502365112305,4.929749965667725,4.884735107421875,526580000,0.0,0.0
2018-11-15 00:00:00-05:00,4.923749923706055,5.132500171661377,4.887499809265137,5.059750080108643,5.013546943664551,840708000,0.0,0.0
2018-11-16 00:00:00-05:00,4.083000183105469,4.266499996185303,4.040249824523926,4.110750198364258,4.073212623596191,1963520000,0.0,0.0
2018-11-19 00:00:00-05:00,4.044750213623047,4.045499801635742,3.6157500743865967,3.617500066757202,3.5844674110412598,1697820000,0.0,0.0
2018-11-20 00:00:00-05:00,3.3515000343322754,3.8564999103546143,3.332750082015991,3.7269999980926514,3.692967414855957,1692032000,0.0,0.0
2018-11-21 00:00:00-05:00,3.865499973297119,3.882499933242798,3.590250015258789,3.6177499294281006,3.58471417427063,1025496000,0.0,0.0
2018-11-23 00:00:00-05:00,3.582750082015991,3.7397499084472656,3.5697500705718994,3.625,3.5918989181518555,411968000,0.0,0.0
2018-11-26 00:00:00-05:00,3.7472500801086426,3.836750030517578,3.6640000343322754,3.8262500762939453,3.7913107872009277,814832000,0.0,0.0
2018-11-27 00:00:00-05:00,3.799999952316284,3.9252500534057617,3.7637500762939453,3.843250036239624,3.8081555366516113,738060000,0.0,0.0
2018-11-28 00:00:00-05:00,3.9619998931884766,4.006999969482422,3.828249931335449,4.0017499923706055,3.965207815170288,804524000,0.0,0.0
2018-11-29 00:00:00-05:00,4.0,4.037499904632568,3.9035000801086426,3.934000015258789,3.901977300643921,549172000,0.004,0.0
2018-11-30 00:00:00-05:00,3.9437499046325684,4.096499919891357,3.8929998874664307,4.085750102996826,4.052491664886475,729564000,0.0,0.0
2018-12-03 00:00:00-05:00,4.315000057220459,4.367000102996826,4.183499813079834,4.250999927520752,4.216397285461426,890804000,0.0,0.0
2018-12-04 00:00:00-05:00,4.205999851226807,4.210999965667725,3.9124999046325684,3.9277501106262207,3.8957786560058594,812112000,0.0,0.0
2018-12-06 00:00:00-05:00,3.7860000133514404,3.962249994277954,3.770250082015991,3.9572501182556152,3.925037384033203,692308000,0.0,0.0
2018-12-07 00:00:00-05:00,3.9614999294281006,3.971750020980835,3.640500068664551,3.6902499198913574,3.6602110862731934,681676000,0.0,0.0
2018-12-10 00:00:00-05:00,3.6449999809265137,3.821500062942505,3.641249895095825,3.7964999675750732,3.765596628189087,629472000,0.0,0.0
2018-12-11 00:00:00-05:00,3.8889999389648438,3.897249937057495,3.625,3.7047500610351562,3.674593210220337,671912000,0.0,0.0
2018-12-12 00:00:00-05:00,3.7105000019073486,3.819499969482422,3.620500087738037,3.7225000858306885,3.6921989917755127,654136000,0.0,0.0
2018-12-13 00:00:00-05:00,3.7697501182556152,3.8345000743865967,3.686000108718872,3.722249984741211,3.691951036453247,471384000,0.0,0.0
2018-12-14 00:00:00-05:00,3.6802499294281006,3.7647500038146973,3.637500047683716,3.661250114440918,3.6314468383789062,471820000,0.0,0.0
2018-12-17 00:00:00-05:00,3.63100004196167,3.703749895095825,3.5309998989105225,3.5894999504089355,3.56028151512146,662868000,0.0,0.0
2018-12-18 00:00:00-05:00,3.6337499618530273,3.7582499980926514,3.606250047683716,3.6735000610351562,3.6435980796813965,564372000,0.0,0.0
2018-12-19 00:00:00-05:00,3.6394999027252197,3.69350004196167,3.410749912261963,3.46274995803833,3.434562921524048,745364000,0.0,0.0
2018-12-20 00:00:00-05:00,3.4542500972747803,3.5450000762939453,3.3172500133514404,3.377500057220459,3.3500070571899414,749588000,0.0,0.0
2018-12-21 00:00:00-05:00,3.404249906539917,3.4375,3.2114999294281006,3.2392499446868896,3.2128825187683105,863740000,0.0,0.0
2018-12-24 00:00:00-05:00,3.16225004196167,3.249500036239624,3.112499952316284,3.177000045776367,3.151139259338379,463840000,0.0,0.0
2018-12-26 00:00:00-05:00,3.2235000133514404,3.3285000324249268,3.1115000247955322,3.327500104904175,3.3004138469696045,695100000,0.0,0.0
2018-12-27 00:00:00-05:00,3.274749994277954,3.309499979019165,3.129499912261963,3.279249906539917,3.2525572776794434,637044000,0.0,0.0
2018-12-28 00:00:00-05:00,3.299999952316284,3.4347500801086426,3.2577500343322754,3.341249942779541,3.3140523433685303,628728000,0.0,0.0
2018-12-31 00:00:00-05:00,3.384999990463257,3.4177498817443848,3.30649995803833,3.3375000953674316,3.310333251953125,465140000,0.0,0.0
