Date,Open,High,Low,Close,Adj Close,Volume,Dividends,Stock Splits
2014-01-02 00:00:00-05:00,28.908918380737305,29.032257080078125,28.776090621948242,28.899431228637695,18.516170501708984,18366266,0.0,0.0
2014-01-03 00:00:00-05:00,28.833017349243164,29.25047492980957,28.823528289794922,28.956356048583984,18.552642822265625,15847312,0.0,0.0
2014-01-06 00:00:00-05:00,29.19354820251465,29.36432647705078,28.965843200683594,28.984819412231445,18.570884704589844,25255421,0.0,0.0
2014-01-07 00:00:00-05:00,29.2789363861084,29.430740356445312,29.165084838867188,29.165084838867188,18.686376571655273,23423042,0.0,0.0
2014-01-08 00:00:00-05:00,29.203035354614258,29.40227699279785,29.079696655273438,29.36432647705078,18.814029693603516,24161053,0.0,0.0
2014-01-09 00:00:00-05:00,29.4876651763916,29.525617599487305,29.041746139526367,29.34535026550293,18.8018741607666,21692901,0.0,0.0
2014-01-10 00:00:00-05:00,29.25996208190918,29.36432647705078,28.937381744384766,29.117647171020508,18.655986785888672,22890877,0.0,0.0
2014-01-13 00:00:00-05:00,29.2789363861084,29.440227508544922,28.880455017089844,28.975332260131836,18.56479835510254,25276396,0.0,0.0
2014-01-14 00:00:00-05:00,29.013282775878906,29.459203720092773,28.984819412231445,29.41176414489746,18.84442710876465,34757336,0.0,0.0
2014-01-15 00:00:00-05:00,29.459203720092773,29.705881118774414,29.26944923400879,29.582542419433594,18.953847885131836,30372907,0.0,0.0
2014-01-16 00:00:00-05:00,29.582542419433594,29.81024742126465,29.497154235839844,29.573055267333984,18.9477596282959,19576047,0.0,0.0
2014-01-17 00:00:00-05:00,29.648956298828125,29.686906814575195,29.36432647705078,29.497154235839844,18.89913558959961,22790853,0.0,0.0
2014-01-21 00:00:00-05:00,29.715370178222656,29.800758361816406,29.36432647705078,29.629980087280273,18.98423957824707,25355656,0.0,0.0
2014-01-22 00:00:00-05:00,29.705881118774414,29.734344482421875,29.497154235839844,29.667932510375977,19.008556365966797,23554265,0.0,0.0
2014-01-23 00:00:00-05:00,29.430740356445312,29.629980087280273,29.32637596130371,29.42125129699707,18.850500106811523,26367391,0.0,0.0
2014-01-24 00:00:00-05:00,29.2789363861084,29.37381362915039,28.51992416381836,28.54838752746582,18.291248321533203,38059518,0.0,0.0
2014-01-27 00:00:00-05:00,28.50094985961914,28.7001895904541,28.140417098999023,28.140417098999023,18.02985954284668,34880233,0.0,0.0
2014-01-28 00:00:00-05:00,28.880455017089844,29.17457389831543,28.58633804321289,28.861480712890625,18.491851806640625,35917158,0.0,0.0
2014-01-29 00:00:00-05:00,28.690702438354492,28.899431228637695,28.462997436523438,28.56736183166504,18.303415298461914,30796615,0.0,0.0
2014-01-30 00:00:00-05:00,28.842504501342773,29.26944923400879,28.66223907470703,29.24098777770996,18.73501205444336,33832873,0.0,0.0
2014-01-31 00:00:00-05:00,28.994306564331055,29.089183807373047,28.66223907470703,28.842504501342773,18.47969627380371,43648037,0.0,0.0
2014-02-03 00:00:00-05:00,29.440227508544922,30.06641387939453,29.003795623779297,29.032257080078125,18.601276397705078,64621372,0.0,0.0
2014-02-04 00:00:00-05:00,30.01897430419922,30.360530853271484,29.032257080078125,29.829221725463867,19.111894607543945,49779050,0.0,0.0
2014-02-05 00:00:00-05:00,29.40227699279785,29.582542419433594,29.013282775878906,29.079696655273438,18.787031173706055,39166429,0.246679,0.0
2014-02-06 00:00:00-05:00,29.136621475219727,29.32637596130371,29.032257080078125,29.25996208190918,18.903493881225586,24839618,0.0,0.0
2014-02-07 00:00:00-05:00,29.25996208190918,29.677419662475586,29.041746139526367,29.620492935180664,19.136417388916016,29310791,0.0,0.0
2014-02-10 00:00:00-05:00,29.658443450927734,29.857685089111328,29.535104751586914,29.857685089111328,19.289649963378906,23811336,0.0,0.0
2014-02-11 00:00:00-05:00,30.16128921508789,30.341556549072266,29.819734573364258,30.246679306030273,19.540964126586914,26076382,0.0,0.0
2014-02-12 00:00:00-05:00,30.237192153930664,30.360530853271484,29.93358612060547,29.99051284790039,19.375469207763672,22406459,0.0,0.0
2014-02-13 00:00:00-05:00,29.88614845275879,30.218215942382812,29.791271209716797,30.07590103149414,19.430633544921875,19886556,0.0,0.0
2014-02-14 00:00:00-05:00,30.246679306030273,30.360530853271484,30.07590103149414,30.303604125976562,19.57773780822754,19915962,0.0,0.0
2014-02-18 00:00:00-05:00,30.180265426635742,30.445920944213867,30.16128921508789,30.246679306030273,19.540964126586914,20750730,0.0,0.0
2014-02-19 00:00:00-05:00,30.284629821777344,30.322580337524414,29.829221725463867,29.867172241210938,19.2957763671875,29245233,0.0,0.0
2014-02-20 00:00:00-05:00,29.734344482421875,30.08538818359375,29.658443450927734,29.93358612060547,19.33868980407715,23668624,0.0,0.0
2014-02-21 00:00:00-05:00,30.056926727294922,30.142314910888672,29.829221725463867,29.84819793701172,19.283527374267578,19468856,0.0,0.0
2014-02-24 00:00:00-05:00,30.351043701171875,30.436433792114258,29.91461181640625,30.351043701171875,19.60839080810547,40868850,0.0,0.0
2014-02-25 00:00:00-05:00,29.93358612060547,30.351043701171875,29.92409896850586,30.256166458129883,19.547096252441406,28665216,0.0,0.0
2014-02-26 00:00:00-05:00,30.11385154724121,30.360530853271484,30.094877243041992,30.351043701171875,19.60839080810547,26374664,0.0,0.0
2014-02-27 00:00:00-05:00,30.237192153930664,30.58823585510254,30.199241638183594,30.57874870300293,19.755491256713867,23981978,0.0,0.0
2014-02-28 00:00:00-05:00,30.474382400512695,30.74952507019043,30.218215942382812,30.464895248413086,19.681943893432617,29003550,0.0,0.0
2014-03-03 00:00:00-05:00,29.905122756958008,30.493358612060547,29.905122756958008,30.341556549072266,19.602262496948242,25076663,0.0,0.0
2014-03-04 00:00:00-05:00,30.6831111907959,31.062618255615234,30.6831111907959,31.015180587768555,20.03745460510254,27746655,0.0,0.0
2014-03-05 00:00:00-05:00,30.977230072021484,31.261859893798828,30.929790496826172,31.072105407714844,20.074234008789062,23663776,0.0,0.0
2014-03-06 00:00:00-05:00,31.119544982910156,31.271347045898438,30.74952507019043,30.796964645385742,19.896480560302734,21629029,0.0,0.0
2014-03-07 00:00:00-05:00,30.844402313232422,30.986717224121094,30.531309127807617,30.76850128173828,19.878089904785156,18561783,0.0,0.0
2014-03-10 00:00:00-04:00,30.75901222229004,30.882352828979492,30.63567352294922,30.73055076599121,19.85357093811035,16819100,0.0,0.0
2014-03-11 00:00:00-04:00,30.69260025024414,30.948766708374023,30.58823585510254,30.75901222229004,19.871959686279297,25470648,0.0,0.0
2014-03-12 00:00:00-04:00,30.502845764160156,30.90132713317871,30.294118881225586,30.341556549072266,19.602262496948242,34273445,0.0,0.0
2014-03-13 00:00:00-04:00,30.351043701171875,30.379507064819336,29.32637596130371,29.525617599487305,19.075117111206055,48374068,0.0,0.0
2014-03-14 00:00:00-04:00,29.554079055786133,29.829221725463867,29.25047492980957,29.629980087280273,19.14255142211914,28576680,0.0,0.0
2014-03-17 00:00:00-04:00,29.800758361816406,29.91461181640625,29.658443450927734,29.81024742126465,19.25900650024414,22412467,0.0,0.0
2014-03-18 00:00:00-04:00,29.857685089111328,30.417457580566406,29.81024742126465,30.294118881225586,19.571609497070312,24326742,0.0,0.0
2014-03-19 00:00:00-04:00,30.294118881225586,30.436433792114258,29.781784057617188,30.08538818359375,19.43675994873047,24329482,0.0,0.0
2014-03-20 00:00:00-04:00,30.474382400512695,30.474382400512695,30.08538818359375,30.275142669677734,19.559349060058594,23921373,0.0,0.0
2014-03-21 00:00:00-04:00,30.67362403869629,30.82542610168457,29.84819793701172,30.531309127807617,19.724853515625,65473215,0.0,0.0
2014-03-24 00:00:00-04:00,30.142314910888672,30.265655517578125,29.724857330322266,29.876659393310547,19.301910400390625,44062681,0.0,0.0
2014-03-25 00:00:00-04:00,30.142314910888672,30.351043701171875,29.97153663635254,30.18975257873535,19.504182815551758,22278398,0.0,0.0
2014-03-26 00:00:00-04:00,30.370019912719727,30.74952507019043,30.04743766784668,30.531309127807617,19.724853515625,33284793,0.0,0.0
2014-03-27 00:00:00-04:00,30.62618637084961,30.7210636138916,30.265655517578125,30.455408096313477,19.675813674926758,29242176,0.0,0.0
2014-03-28 00:00:00-04:00,30.55028533935547,30.81593894958496,30.11385154724121,30.246679306030273,19.540964126586914,23156275,0.0,0.0
2014-03-31 00:00:00-04:00,30.322580337524414,30.531309127807617,30.199241638183594,30.474382400512695,19.688074111938477,19470753,0.0,0.0
2014-04-01 00:00:00-04:00,30.294118881225586,30.59772300720215,30.123340606689453,30.313093185424805,19.5838680267334,23015776,0.0,0.0
2014-04-02 00:00:00-04:00,30.284629821777344,30.73055076599121,30.180265426635742,30.63567352294922,19.792274475097656,22782632,0.0,0.0
2014-04-03 00:00:00-04:00,30.76850128173828,30.82542610168457,30.531309127807617,30.74003791809082,19.859699249267578,21117944,0.0,0.0
2014-04-04 00:00:00-04:00,30.85388946533203,31.015180587768555,30.426944732666016,30.5123348236084,19.71259307861328,27693323,0.0,0.0
2014-04-07 00:00:00-04:00,29.867172241210938,30.08538818359375,29.459203720092773,29.601518630981445,19.124156951904297,57529955,0.0,0.0
2014-04-08 00:00:00-04:00,29.658443450927734,29.781784057617188,29.26944923400879,29.28842544555664,18.921878814697266,36439626,0.0,0.0
2014-04-09 00:00:00-04:00,29.40227699279785,29.648956298828125,29.051233291625977,29.629980087280273,19.14255142211914,40776098,0.0,0.0
2014-04-10 00:00:00-04:00,29.772296905517578,29.819734573364258,28.946868896484375,29.041746139526367,18.762514114379883,32088714,0.0,0.0
2014-04-11 00:00:00-04:00,28.937381744384766,28.937381744384766,28.301708221435547,28.330171585083008,18.30280113220215,43025439,0.0,0.0
2014-04-14 00:00:00-04:00,28.510435104370117,28.58633804321289,28.064516067504883,28.339658737182617,18.308927536010742,30390825,0.0,0.0
2014-04-15 00:00:00-04:00,28.434534072875977,28.60531234741211,28.0834903717041,28.35863494873047,18.32118797302246,31703371,0.0,0.0
2014-04-16 00:00:00-04:00,28.60531234741211,28.67172622680664,28.387096405029297,28.54838752746582,18.44377899169922,31097005,0.0,0.0
2014-04-17 00:00:00-04:00,28.60531234741211,28.842504501342773,28.52941131591797,28.7001895904541,18.541851043701172,27969787,0.0,0.0
2014-04-21 00:00:00-04:00,28.975332260131836,29.354839324951172,28.842504501342773,29.2789363861084,18.915748596191406,31972985,0.0,0.0
2014-04-22 00:00:00-04:00,29.26944923400879,29.648956298828125,29.26944923400879,29.41176414489746,19.00156593322754,27377439,0.0,0.0
2014-04-23 00:00:00-04:00,29.582542419433594,29.582542419433594,29.18406105041504,29.33586311340332,18.952526092529297,21599833,0.0,0.0
2014-04-24 00:00:00-04:00,29.3168888092041,29.3168888092041,28.652751922607422,29.136621475219727,18.82380485534668,26311845,0.0,0.0
2014-04-25 00:00:00-04:00,29.155597686767578,29.22201156616211,28.984819412231445,29.17457389831543,18.848329544067383,19677653,0.0,0.0
2014-04-28 00:00:00-04:00,29.97153663635254,30.69260025024414,29.762807846069336,30.398481369018555,19.639036178588867,75278366,0.0,0.0
2014-04-29 00:00:00-04:00,30.417457580566406,30.445920944213867,29.791271209716797,30.132827758789062,19.4674072265625,41800691,0.0,0.0
2014-04-30 00:00:00-04:00,30.132827758789062,30.303604125976562,29.620492935180664,29.677419662475586,19.17319107055664,38507363,0.0,0.0
2014-05-01 00:00:00-04:00,29.4876651763916,29.96204948425293,29.354839324951172,29.554079055786133,19.093509674072266,43749221,0.0,0.0
2014-05-02 00:00:00-04:00,29.430740356445312,29.468690872192383,28.984819412231445,29.17457389831543,18.848329544067383,43960759,0.0,0.0
2014-05-05 00:00:00-04:00,28.70967674255371,28.719165802001953,28.320682525634766,28.425046920776367,18.36409568786621,57867340,0.0,0.0
2014-05-06 00:00:00-04:00,28.462997436523438,28.47248649597168,27.82732391357422,27.92220115661621,18.039228439331055,57674669,0.0,0.0
2014-05-07 00:00:00-04:00,27.647058486938477,27.96963882446289,27.371917724609375,27.533206939697266,17.94645881652832,51703338,0.246679,0.0
2014-05-08 00:00:00-04:00,27.628082275390625,27.93168830871582,27.495256423950195,27.675521850585938,18.039230346679688,38042444,0.0,0.0
2014-05-09 00:00:00-04:00,27.609107971191406,27.713472366333008,27.2960147857666,27.542694091796875,17.952651977539062,41102100,0.0,0.0
2014-05-12 00:00:00-04:00,27.836811065673828,27.87476348876953,27.542694091796875,27.637571334838867,18.014484405517578,22824054,0.0,0.0
2014-05-13 00:00:00-04:00,27.618595123291016,27.89373779296875,27.609107971191406,27.7039852142334,18.057783126831055,27706920,0.0,0.0
2014-05-14 00:00:00-04:00,27.647058486938477,27.77988624572754,27.438329696655273,27.609107971191406,17.995935440063477,28226858,0.0,0.0
2014-05-15 00:00:00-04:00,27.580644607543945,27.685009002685547,27.428842544555664,27.571157455444336,17.97119903564453,28286093,0.0,0.0
2014-05-16 00:00:00-04:00,27.514230728149414,28.036052703857422,27.514230728149414,27.628082275390625,18.00830078125,37632332,0.0,0.0
2014-05-19 00:00:00-04:00,28.064516067504883,28.187856674194336,27.751422882080078,27.77988624572754,18.10725212097168,43203882,0.0,0.0
2014-05-20 00:00:00-04:00,28.026565551757812,28.026565551757812,27.713472366333008,27.751422882080078,18.08869743347168,26215299,0.0,0.0
2014-05-21 00:00:00-04:00,27.751422882080078,28.387096405029297,27.7039852142334,28.055028915405273,18.28659439086914,22601765,0.0,0.0
2014-05-22 00:00:00-04:00,28.045541763305664,28.339658737182617,28.036052703857422,28.140417098999023,18.34225082397461,22610303,0.0,0.0
2014-05-23 00:00:00-04:00,28.055028915405273,28.121442794799805,27.92220115661621,27.979127883911133,18.237123489379883,19955909,0.0,0.0
2014-05-27 00:00:00-04:00,28.396583557128906,28.453510284423828,28.055028915405273,28.092979431152344,18.311328887939453,28383588,0.0,0.0
2014-05-28 00:00:00-04:00,28.178367614746094,28.292219161987305,28.0834903717041,28.092979431152344,18.311328887939453,28847242,0.0,0.0
2014-05-29 00:00:00-04:00,28.206830978393555,28.235294342041016,28.017078399658203,28.0834903717041,18.305143356323242,25791485,0.0,0.0
2014-05-30 00:00:00-04:00,28.045541763305664,28.225805282592773,27.99810218811035,28.111953735351562,18.323699951171875,27658119,0.0,0.0
2014-06-02 00:00:00-04:00,28.074003219604492,28.273244857788086,28.074003219604492,28.187856674194336,18.3731689453125,21079051,0.0,0.0
2014-06-03 00:00:00-04:00,28.244781494140625,28.292219161987305,28.036052703857422,28.074003219604492,18.29896354675293,25506695,0.0,0.0
2014-06-04 00:00:00-04:00,28.092979431152344,28.216318130493164,28.00758934020996,28.121442794799805,18.329883575439453,24670767,0.0,0.0
2014-06-05 00:00:00-04:00,28.168880462646484,28.263757705688477,27.96963882446289,28.235294342041016,18.40409278869629,20402910,0.0,0.0
2014-06-06 00:00:00-04:00,28.282732009887695,28.339658737182617,27.836811065673828,27.91271209716797,18.193832397460938,28265223,0.0,0.0
2014-06-09 00:00:00-04:00,27.87476348876953,27.92220115661621,27.7039852142334,27.84630012512207,18.15054702758789,25732883,0.0,0.0
2014-06-10 00:00:00-04:00,27.836811065673828,27.988615036010742,27.751422882080078,27.988615036010742,18.243303298950195,19195764,0.0,0.0
2014-06-11 00:00:00-04:00,27.950664520263672,28.036052703857422,27.87476348876953,27.92220115661621,18.200008392333984,19755649,0.0,0.0
2014-06-12 00:00:00-04:00,27.87476348876953,28.074003219604492,27.84630012512207,27.94117546081543,18.212385177612305,25420477,0.0,0.0
2014-06-13 00:00:00-04:00,27.950664520263672,28.0834903717041,27.85578727722168,28.017078399658203,18.261857986450195,20662932,0.0,0.0
2014-06-16 00:00:00-04:00,27.988615036010742,28.187856674194336,27.81783676147461,28.092979431152344,18.311328887939453,26380039,0.0,0.0
2014-06-17 00:00:00-04:00,28.064516067504883,28.102466583251953,27.93168830871582,27.96963882446289,18.230937957763672,19270704,0.0,0.0
2014-06-18 00:00:00-04:00,28.017078399658203,28.187856674194336,27.836811065673828,28.187856674194336,18.3731689453125,20382463,0.0,0.0
2014-06-19 00:00:00-04:00,28.178367614746094,28.187856674194336,27.988615036010742,28.074003219604492,18.29896354675293,21404527,0.0,0.0
2014-06-20 00:00:00-04:00,28.216318130493164,28.387096405029297,28.111953735351562,28.254268646240234,18.41646385192871,32993362,0.0,0.0
2014-06-23 00:00:00-04:00,28.282732009887695,28.320682525634766,27.82732391357422,27.94117546081543,18.212385177612305,26548679,0.0,0.0
2014-06-24 00:00:00-04:00,27.92220115661621,27.96963882446289,27.798860549926758,27.798860549926758,18.119619369506836,24615221,0.0,0.0
2014-06-25 00:00:00-04:00,27.656545639038086,28.311195373535156,27.656545639038086,28.273244857788086,18.4288330078125,33219972,0.0,0.0
2014-06-26 00:00:00-04:00,28.197343826293945,28.263757705688477,27.96963882446289,28.074003219604492,18.29896354675293,20523699,0.0,0.0
2014-06-27 00:00:00-04:00,28.149904251098633,28.225805282592773,27.96963882446289,28.149904251098633,18.348432540893555,32328815,0.0,0.0
2014-06-30 00:00:00-04:00,28.235294342041016,28.311195373535156,28.102466583251953,28.159393310546875,18.354618072509766,21430033,0.0,0.0
2014-07-01 00:00:00-04:00,28.092979431152344,28.67172622680664,28.074003219604492,28.538898468017578,18.601987838745117,26982611,0.0,0.0
2014-07-02 00:00:00-04:00,28.51992416381836,28.861480712890625,28.462997436523438,28.814041137695312,18.781328201293945,19500792,0.0,0.0
2014-07-03 00:00:00-04:00,29.041746139526367,29.070209503173828,28.738140106201172,28.965843200683594,18.88027000427246,15654957,0.0,0.0
2014-07-07 00:00:00-04:00,28.927894592285156,29.060720443725586,28.823528289794922,28.927894592285156,18.855539321899414,18543444,0.0,0.0
2014-07-08 00:00:00-04:00,28.918405532836914,28.927894592285156,28.48197364807129,28.60531234741211,18.64527130126953,23652182,0.0,0.0
2014-07-09 00:00:00-04:00,28.57685089111328,28.652751922607422,28.368120193481445,28.510435104370117,18.583431243896484,21795982,0.0,0.0
2014-07-10 00:00:00-04:00,28.235294342041016,28.50094985961914,28.064516067504883,28.462997436523438,18.552513122558594,21200367,0.0,0.0
2014-07-11 00:00:00-04:00,28.50094985961914,28.57685089111328,28.273244857788086,28.52941131591797,18.595802307128906,19350913,0.0,0.0
2014-07-14 00:00:00-04:00,28.643264770507812,28.776090621948242,28.55787467956543,28.690702438354492,18.700937271118164,21589820,0.0,0.0
2014-07-15 00:00:00-04:00,28.652751922607422,29.051233291625977,28.652751922607422,28.851991653442383,18.806062698364258,32000494,0.0,0.0
2014-07-16 00:00:00-04:00,28.946868896484375,29.383302688598633,28.814041137695312,29.37381362915039,19.146190643310547,37260165,0.0,0.0
2014-07-17 00:00:00-04:00,29.22201156616211,29.705881118774414,28.956356048583984,28.984819412231445,18.892641067504883,34447039,0.0,0.0
2014-07-18 00:00:00-04:00,28.965843200683594,29.17457389831543,28.785579681396484,29.155597686767578,19.00396156311035,25720973,0.0,0.0
2014-07-21 00:00:00-04:00,28.870967864990234,29.070209503173828,28.74762725830078,28.795066833496094,18.76895523071289,23992624,0.0,0.0
2014-07-22 00:00:00-04:00,28.984819412231445,29.136621475219727,28.842504501342773,28.927894592285156,18.855539321899414,19754384,0.0,0.0
2014-07-23 00:00:00-04:00,29.117647171020508,29.117647171020508,28.766603469848633,28.833017349243164,18.79369354248047,22255632,0.0,0.0
2014-07-24 00:00:00-04:00,28.814041137695312,29.003795623779297,28.766603469848633,28.785579681396484,18.762771606445312,15640306,0.0,0.0
2014-07-25 00:00:00-04:00,28.766603469848633,28.795066833496094,28.538898468017578,28.643264770507812,18.670011520385742,15284581,0.0,0.0
2014-07-28 00:00:00-04:00,28.263757705688477,28.62428855895996,28.254268646240234,28.55787467956543,18.61435317993164,28762290,0.0,0.0
2014-07-29 00:00:00-04:00,28.776090621948242,28.927894592285156,28.168880462646484,28.206830978393555,18.38553810119629,39960934,0.0,0.0
2014-07-30 00:00:00-04:00,27.99810218811035,28.026565551757812,27.542694091796875,27.76091194152832,18.254528045654297,35826092,0.246679,0.0
2014-07-31 00:00:00-04:00,27.76091194152832,27.81783676147461,27.229602813720703,27.229602813720703,17.905155181884766,40419003,0.0,0.0
2014-08-01 00:00:00-04:00,27.229602813720703,27.609107971191406,27.22011375427246,27.381404876708984,18.004981994628906,33034046,0.0,0.0
2014-08-04 00:00:00-04:00,27.466793060302734,27.476280212402344,27.13472557067871,27.277040481567383,17.93634796142578,25448514,0.0,0.0
2014-08-05 00:00:00-04:00,27.11574935913086,27.23908805847168,26.840606689453125,26.954458236694336,17.724231719970703,29181571,0.0,0.0
2014-08-06 00:00:00-04:00,26.850095748901367,26.935483932495117,26.650854110717773,26.831119537353516,17.643131256103516,24642731,0.0,0.0
2014-08-07 00:00:00-04:00,26.982921600341797,26.982921600341797,26.489564895629883,26.603416442871094,17.4934024810791,32163126,0.0,0.0
2014-08-08 00:00:00-04:00,26.64136505126953,26.944971084594727,26.44212532043457,26.888046264648438,17.68056297302246,31736256,0.0,0.0
2014-08-11 00:00:00-04:00,27.06831169128418,27.12523651123047,26.745731353759766,26.802656173706055,17.624414443969727,23246813,0.0,0.0
2014-08-12 00:00:00-04:00,26.812143325805664,26.907020568847656,26.59392738342285,26.64136505126953,17.518348693847656,21536277,0.0,0.0
2014-08-13 00:00:00-04:00,26.802656173706055,26.982921600341797,26.736242294311523,26.764705657958984,17.599458694458008,18397886,0.0,0.0
2014-08-14 00:00:00-04:00,26.812143325805664,27.314990997314453,26.726755142211914,27.25806427001953,17.923877716064453,21074730,0.0,0.0
2014-08-15 00:00:00-04:00,27.381404876708984,27.419355392456055,26.954458236694336,27.17267608642578,17.867725372314453,22910482,0.0,0.0
2014-08-18 00:00:00-04:00,27.277040481567383,27.457305908203125,27.22011375427246,27.362428665161133,17.99249839782715,24209958,0.0,0.0
2014-08-19 00:00:00-04:00,27.485769271850586,27.542694091796875,27.22011375427246,27.457305908203125,18.05488395690918,19869376,0.0,0.0
2014-08-20 00:00:00-04:00,27.352941513061523,27.495256423950195,27.26755142211914,27.409866333007812,18.0236873626709,15844677,0.0,0.0
2014-08-21 00:00:00-04:00,27.438329696655273,27.504743576049805,27.26755142211914,27.343454360961914,17.980018615722656,25687561,0.0,0.0
2014-08-22 00:00:00-04:00,27.381404876708984,27.495256423950195,27.343454360961914,27.438329696655273,18.04241180419922,17231635,0.0,0.0
2014-08-25 00:00:00-04:00,27.447818756103516,27.599620819091797,27.428842544555664,27.428842544555664,18.036174774169922,17833680,0.0,0.0
2014-08-26 00:00:00-04:00,27.542694091796875,27.808349609375,27.476280212402344,27.713472366333008,18.22333526611328,18120790,0.0,0.0
2014-08-27 00:00:00-04:00,27.96015167236328,28.055028915405273,27.86527442932129,27.979127883911133,18.39801788330078,24440679,0.0,0.0
2014-08-28 00:00:00-04:00,27.92220115661621,28.149904251098633,27.85578727722168,27.87476348876953,18.329391479492188,21716616,0.0,0.0
2014-08-29 00:00:00-04:00,27.950664520263672,27.979127883911133,27.78937339782715,27.88425064086914,18.335630416870117,17690863,0.0,0.0
2014-09-02 00:00:00-04:00,27.713472366333008,27.903226852416992,27.666034698486328,27.76091194152832,18.254528045654297,21837721,0.0,0.0
2014-09-03 00:00:00-04:00,27.94117546081543,28.017078399658203,27.73244857788086,27.89373779296875,18.34186553955078,22258477,0.0,0.0
2014-09-04 00:00:00-04:00,28.017078399658203,28.036052703857422,27.798860549926758,27.86527442932129,18.323156356811523,23582301,0.0,0.0
2014-09-05 00:00:00-04:00,27.798860549926758,28.140417098999023,27.713472366333008,28.130929946899414,18.497840881347656,18518885,0.0,0.0
2014-09-08 00:00:00-04:00,28.064516067504883,28.130929946899414,27.798860549926758,27.89373779296875,18.34186553955078,15416963,0.0,0.0
2014-09-09 00:00:00-04:00,27.91271209716797,27.93168830871582,27.523719787597656,27.73244857788086,18.23581314086914,22808560,0.0,0.0
2014-09-10 00:00:00-04:00,27.751422882080078,28.017078399658203,27.666034698486328,27.93168830871582,18.366819381713867,20482804,0.0,0.0
2014-09-11 00:00:00-04:00,27.88425064086914,28.121442794799805,27.77988624572754,28.111953735351562,18.485355377197266,19628537,0.0,0.0
2014-09-12 00:00:00-04:00,27.96015167236328,28.0834903717041,27.836811065673828,27.92220115661621,18.36058235168457,19187754,0.0,0.0
2014-09-15 00:00:00-04:00,27.93168830871582,28.387096405029297,27.87476348876953,28.387096405029297,18.666284561157227,25633912,0.0,0.0
2014-09-16 00:00:00-04:00,28.415559768676758,28.57685089111328,28.225805282592773,28.510435104370117,18.74738311767578,20662194,0.0,0.0
2014-09-17 00:00:00-04:00,28.643264770507812,28.908918380737305,28.55787467956543,28.795066833496094,18.934547424316406,27632191,0.0,0.0
2014-09-18 00:00:00-04:00,28.851991653442383,29.14611053466797,28.785579681396484,29.013282775878906,19.07803726196289,27852793,0.0,0.0
2014-09-19 00:00:00-04:00,29.18406105041504,29.25996208190918,28.70967674255371,28.842504501342773,18.965744018554688,36913399,0.0,0.0
2014-09-22 00:00:00-04:00,28.70967674255371,28.814041137695312,28.44402313232422,28.63377571105957,18.8284912109375,26223731,0.0,0.0
2014-09-23 00:00:00-04:00,28.301708221435547,28.68121337890625,27.988615036010742,28.510435104370117,18.74738311767578,30758460,0.0,0.0
2014-09-24 00:00:00-04:00,28.56736183166504,28.889942169189453,28.52941131591797,28.757116317749023,18.909591674804688,23272847,0.0,0.0
2014-09-25 00:00:00-04:00,28.776090621948242,28.814041137695312,28.434534072875977,28.44402313232422,18.70371437072754,23822086,0.0,0.0
2014-09-26 00:00:00-04:00,28.434534072875977,28.44402313232422,28.045541763305664,28.197343826293945,18.5415096282959,25074238,0.0,0.0
2014-09-29 00:00:00-04:00,28.149904251098633,28.311195373535156,28.055028915405273,28.244781494140625,18.57269859313965,21048169,0.0,0.0
2014-09-30 00:00:00-04:00,28.244781494140625,28.453510284423828,28.036052703857422,28.055028915405273,18.447927474975586,27046167,0.0,0.0
2014-10-01 00:00:00-04:00,27.86527442932129,27.903226852416992,27.533206939697266,27.656545639038086,18.185895919799805,37825847,0.0,0.0
2014-10-02 00:00:00-04:00,27.666034698486328,27.78937339782715,27.409866333007812,27.571157455444336,18.129751205444336,29724908,0.0,0.0
2014-10-03 00:00:00-04:00,27.78937339782715,27.808349609375,27.514230728149414,27.722959518432617,18.229572296142578,25378107,0.0,0.0
2014-10-06 00:00:00-04:00,27.84630012512207,27.903226852416992,27.523719787597656,27.675521850585938,18.198373794555664,17397640,0.0,0.0
2014-10-07 00:00:00-04:00,27.542694091796875,27.628082275390625,27.314990997314453,27.314990997314453,17.961305618286133,26019676,0.0,0.0
2014-10-08 00:00:00-04:00,27.333965301513672,27.88425064086914,27.07779884338379,27.87476348876953,18.329391479492188,31123671,0.0,0.0
2014-10-09 00:00:00-04:00,27.89373779296875,27.93168830871582,27.447818756103516,27.504743576049805,18.086088180541992,24072411,0.0,0.0
2014-10-10 00:00:00-04:00,27.618595123291016,27.96015167236328,27.514230728149414,27.637571334838867,18.173429489135742,33796826,0.0,0.0
2014-10-13 00:00:00-04:00,27.666034698486328,27.78937339782715,26.963947296142578,27.011384963989258,17.761669158935547,35930228,0.0,0.0
2014-10-14 00:00:00-04:00,27.17267608642578,27.324478149414062,26.944971084594727,27.00189781188965,17.755430221557617,24516462,0.0,0.0
2014-10-15 00:00:00-04:00,26.745731353759766,26.850095748901367,26.148008346557617,26.745731353759766,17.586986541748047,43407620,0.0,0.0
2014-10-16 00:00:00-04:00,26.44212532043457,26.574953079223633,26.100568771362305,26.280834197998047,17.281278610229492,39843835,0.0,0.0
2014-10-17 00:00:00-04:00,26.38519859313965,26.574953079223633,26.214420318603516,26.4041748046875,17.362384796142578,34331731,0.0,0.0
2014-10-20 00:00:00-04:00,26.44212532043457,26.537002563476562,26.185958862304688,26.49905014038086,17.42477798461914,41027372,0.0,0.0
2014-10-21 00:00:00-04:00,26.679317474365234,27.05882453918457,26.565465927124023,26.831119537353516,17.643131256103516,38453714,0.0,0.0
2014-10-22 00:00:00-04:00,26.802656173706055,27.03036117553711,26.574953079223633,26.850095748901367,17.655609130859375,32451184,0.0,0.0
2014-10-23 00:00:00-04:00,27.18216323852539,27.390892028808594,27.10626220703125,27.13472557067871,17.842771530151367,32436955,0.0,0.0
2014-10-24 00:00:00-04:00,27.324478149414062,27.770397186279297,27.23908805847168,27.618595123291016,18.160945892333984,29959845,0.0,0.0
2014-10-27 00:00:00-04:00,27.599620819091797,27.713472366333008,27.466793060302734,27.542694091796875,18.111032485961914,24207323,0.0,0.0
2014-10-28 00:00:00-04:00,27.675521850585938,27.798860549926758,27.381404876708984,27.599620819091797,18.148469924926758,34131050,0.0,0.0
2014-10-29 00:00:00-04:00,27.656545639038086,28.111953735351562,27.552181243896484,27.979127883911133,18.39801788330078,28814990,0.0,0.0
2014-10-30 00:00:00-04:00,27.88425064086914,28.44402313232422,27.88425064086914,28.311195373535156,18.616371154785156,22236449,0.0,0.0
2014-10-31 00:00:00-04:00,28.47248649597168,28.652751922607422,28.282732009887695,28.415559768676758,18.68500328063965,26555741,0.0,0.0
2014-11-03 00:00:00-05:00,28.368120193481445,28.652751922607422,28.330171585083008,28.643264770507812,18.834728240966797,22908374,0.0,0.0
2014-11-04 00:00:00-05:00,28.5958251953125,28.74762725830078,28.339658737182617,28.728652954101562,18.89087677001953,25702949,0.0,0.0
2014-11-05 00:00:00-05:00,28.814041137695312,28.851991653442383,28.415559768676758,28.50094985961914,18.903465270996094,20878159,0.246679,0.0
2014-11-06 00:00:00-05:00,28.538898468017578,28.70967674255371,28.434534072875977,28.50094985961914,18.903465270996094,17409340,0.0,0.0
2014-11-07 00:00:00-05:00,28.58633804321289,28.58633804321289,28.235294342041016,28.387096405029297,18.827951431274414,18200472,0.0,0.0
2014-11-10 00:00:00-05:00,28.425046920776367,28.728652954101562,28.282732009887695,28.652751922607422,19.004152297973633,24073782,0.0,0.0
2014-11-11 00:00:00-05:00,28.63377571105957,28.842504501342773,28.55787467956543,28.766603469848633,19.079662322998047,16579209,0.0,0.0
2014-11-12 00:00:00-05:00,28.68121337890625,28.975332260131836,28.68121337890625,28.861480712890625,19.142587661743164,24736958,0.0,0.0
2014-11-13 00:00:00-05:00,28.956356048583984,29.051233291625977,28.70967674255371,28.861480712890625,19.142587661743164,15127957,0.0,0.0
2014-11-14 00:00:00-05:00,28.823528289794922,28.994306564331055,28.67172622680664,28.785579681396484,19.09224510192871,19112182,0.0,0.0
2014-11-17 00:00:00-05:00,28.377609252929688,28.851991653442383,28.349145889282227,28.766603469848633,19.079662322998047,27653587,0.0,0.0
2014-11-18 00:00:00-05:00,28.927894592285156,29.108158111572266,28.74762725830078,29.022769927978516,19.249570846557617,21327901,0.0,0.0
2014-11-19 00:00:00-05:00,28.861480712890625,28.994306564331055,28.728652954101562,28.880455017089844,19.155176162719727,16734253,0.0,0.0
2014-11-20 00:00:00-05:00,28.776090621948242,28.927894592285156,28.7001895904541,28.880455017089844,19.155176162719727,17366653,0.0,0.0
2014-11-21 00:00:00-05:00,29.17457389831543,29.203035354614258,28.652751922607422,28.889942169189453,19.161462783813477,29088081,0.0,0.0
2014-11-24 00:00:00-05:00,28.965843200683594,29.060720443725586,28.57685089111328,28.67172622680664,19.016735076904297,34521240,0.0,0.0
2014-11-25 00:00:00-05:00,28.66223907470703,29.089183807373047,28.63377571105957,28.908918380737305,19.17405128479004,26884273,0.0,0.0
2014-11-26 00:00:00-05:00,29.079696655273438,29.525617599487305,29.022769927978516,29.506641387939453,19.570499420166016,28959704,0.0,0.0
2014-11-28 00:00:00-05:00,29.535104751586914,30.01897430419922,29.468690872192383,29.554079055786133,19.601961135864258,21373750,0.0,0.0
2014-12-01 00:00:00-05:00,29.29791259765625,29.8956356048584,29.29791259765625,29.658443450927734,19.67118263244629,24190776,0.0,0.0
2014-12-02 00:00:00-05:00,29.829221725463867,30.0,29.677419662475586,29.95256233215332,19.86625862121582,26758530,0.0,0.0
2014-12-03 00:00:00-05:00,29.88614845275879,30.15180206298828,29.705881118774414,30.123340606689453,19.97952651977539,33154202,0.0,0.0
2014-12-04 00:00:00-05:00,29.943073272705078,30.18975257873535,29.743833541870117,30.04743766784668,19.929183959960938,20106420,0.0,0.0
2014-12-05 00:00:00-05:00,30.02846336364746,30.502845764160156,29.98102569580078,30.351043701171875,20.13054847717285,26196432,0.0,0.0
2014-12-08 00:00:00-05:00,30.15180206298828,30.569259643554688,30.132827758789062,30.332067489624023,20.11796760559082,28318029,0.0,0.0
2014-12-09 00:00:00-05:00,29.93358612060547,30.370019912719727,29.83871078491211,30.313093185424805,20.105379104614258,27809158,0.0,0.0
2014-12-10 00:00:00-05:00,30.360530853271484,30.521821975708008,30.123340606689453,30.227703094482422,20.048748016357422,31848929,0.0,0.0
2014-12-11 00:00:00-05:00,30.227703094482422,31.42314910888672,29.8956356048584,30.02846336364746,19.916587829589844,27788921,0.0,0.0
2014-12-12 00:00:00-05:00,29.734344482421875,29.829221725463867,29.2789363861084,29.36432647705078,19.476106643676758,29000072,0.0,0.0
2014-12-15 00:00:00-05:00,29.535104751586914,29.554079055786133,29.117647171020508,29.2789363861084,19.41946792602539,33448268,0.0,0.0
2014-12-16 00:00:00-05:00,29.25047492980957,29.943073272705078,29.070209503173828,29.09867286682129,19.29990577697754,24954188,0.0,0.0
2014-12-17 00:00:00-05:00,29.127134323120117,29.743833541870117,29.013282775878906,29.525617599487305,19.583080291748047,25988478,0.0,0.0
2014-12-18 00:00:00-05:00,29.905122756958008,30.360530853271484,29.81024742126465,30.332067489624023,20.11796760559082,37867058,0.0,0.0
2014-12-19 00:00:00-05:00,30.275142669677734,30.445920944213867,29.99051284790039,30.303604125976562,20.099082946777344,47377089,0.0,0.0
2014-12-22 00:00:00-05:00,30.227703094482422,30.474382400512695,30.0,30.445920944213867,20.193485260009766,19388330,0.0,0.0
2014-12-23 00:00:00-05:00,30.531309127807617,30.57874870300293,29.19354820251465,29.83871078491211,19.790740966796875,36675511,0.0,0.0
2014-12-24 00:00:00-05:00,29.829221725463867,30.02846336364746,29.791271209716797,29.81024742126465,19.771865844726562,11407442,0.0,0.0
2014-12-26 00:00:00-05:00,29.88614845275879,30.208728790283203,29.696395874023438,30.02846336364746,19.916587829589844,9071146,0.0,0.0
2014-12-29 00:00:00-05:00,29.84819793701172,30.0,29.772296905517578,29.781784057617188,19.752986907958984,13359977,0.0,0.0
2014-12-30 00:00:00-05:00,29.677419662475586,29.876659393310547,29.639469146728516,29.772296905517578,19.7466983795166,11628993,0.0,0.0
2014-12-31 00:00:00-05:00,29.582542419433594,30.07590103149414,29.544591903686523,29.554079055786133,19.601961135864258,15736220,0.0,0.0
2015-01-02 00:00:00-05:00,29.667932510375977,30.15180206298828,29.620492935180664,29.724857330322266,19.715229034423828,16371571,0.0,0.0
2015-01-05 00:00:00-05:00,29.743833541870117,29.800758361816406,29.42125129699707,29.563566207885742,19.608251571655273,24786391,0.0,0.0
2015-01-06 00:00:00-05:00,29.667932510375977,30.227703094482422,29.525617599487305,29.81024742126465,19.771865844726562,29468681,0.0,0.0
2015-01-07 00:00:00-05:00,30.094877243041992,30.237192153930664,29.96204948425293,30.218215942382812,20.04245376586914,20248816,0.0,0.0
2015-01-08 00:00:00-05:00,30.6831111907959,30.967742919921875,30.569259643554688,30.834915161132812,20.45148468017578,49169522,0.0,0.0
2015-01-09 00:00:00-05:00,30.81593894958496,31.024667739868164,30.75901222229004,30.977230072021484,20.54587745666504,26083022,0.0,0.0
2015-01-12 00:00:00-05:00,30.996204376220703,31.195446014404297,30.939279556274414,31.091081619262695,20.62138557434082,24867865,0.0,0.0
2015-01-13 00:00:00-05:00,31.195446014404297,31.52751350402832,30.474382400512695,30.77798843383789,20.413724899291992,35989568,0.0,0.0
2015-01-14 00:00:00-05:00,30.559772491455078,31.043643951416016,30.483871459960938,30.81593894958496,20.43889617919922,32301727,0.0,0.0
2015-01-15 00:00:00-05:00,30.958253860473633,31.091081619262695,30.59772300720215,30.74003791809082,20.388553619384766,27009593,0.0,0.0
2015-01-16 00:00:00-05:00,30.63567352294922,31.138519287109375,30.607210159301758,31.119544982910156,20.64026641845703,25146648,0.0,0.0
2015-01-20 00:00:00-05:00,31.280834197998047,31.41366195678711,30.872865676879883,31.4041748046875,20.829051971435547,44449393,0.0,0.0
2015-01-21 00:00:00-05:00,31.233396530151367,31.783681869506836,30.891841888427734,30.967742919921875,20.539579391479492,35027793,0.0,0.0
2015-01-22 00:00:00-05:00,30.996204376220703,31.148008346557617,30.407970428466797,31.129032135009766,20.646554946899414,31389069,0.0,0.0
2015-01-23 00:00:00-05:00,31.185958862304688,31.214420318603516,30.76850128173828,30.7874755859375,20.420021057128906,27378599,0.0,0.0
2015-01-26 00:00:00-05:00,30.80645179748535,31.166982650756836,30.521821975708008,31.119544982910156,20.64026641845703,28285566,0.0,0.0
2015-01-27 00:00:00-05:00,30.6831111907959,31.64136505126953,30.645160675048828,30.929790496826172,20.514413833618164,42732322,0.0,0.0
2015-01-28 00:00:00-05:00,30.90132713317871,31.44212532043457,29.8956356048584,30.313093185424805,20.105379104614258,33774481,0.0,0.0
2015-01-29 00:00:00-05:00,30.275142669677734,30.322580337524414,29.92409896850586,30.199241638183594,20.029869079589844,30735905,0.0,0.0
2015-01-30 00:00:00-05:00,30.04743766784668,30.170778274536133,29.601518630981445,29.648956298828125,19.664886474609375,45396623,0.0,0.0
2015-02-02 00:00:00-05:00,29.829221725463867,30.02846336364746,29.430740356445312,30.02846336364746,19.916587829589844,24549979,0.0,0.0
2015-02-03 00:00:00-05:00,30.208728790283203,30.5123348236084,29.84819793701172,30.379507064819336,20.149425506591797,34785267,0.0,0.0
2015-02-04 00:00:00-05:00,30.332067489624023,30.616697311401367,30.094877243041992,30.426944732666016,20.358922958374023,38671365,0.265655,0.0
2015-02-05 00:00:00-05:00,31.347248077392578,31.49905014038086,30.929790496826172,31.2998104095459,20.942964553833008,62653660,0.0,0.0
2015-02-06 00:00:00-05:00,31.271347045898438,31.707780838012695,31.053131103515625,31.47058868408203,21.057235717773438,36868498,0.0,0.0
2015-02-09 00:00:00-05:00,31.29032325744629,31.650854110717773,31.166982650756836,31.37571144104004,20.993755340576172,32236379,0.0,0.0
2015-02-10 00:00:00-05:00,31.764705657958984,32.466793060302734,31.698291778564453,32.4003791809082,21.679365158081055,62633318,0.0,0.0
2015-02-11 00:00:00-05:00,32.25806427001953,32.74193572998047,32.25806427001953,32.49525451660156,21.74284553527832,41574608,0.0,0.0
2015-02-12 00:00:00-05:00,32.523719787597656,33.178367614746094,32.476280212402344,33.083492279052734,22.136442184448242,46014267,0.0,0.0
2015-02-13 00:00:00-05:00,32.92219924926758,33.159393310546875,32.74193572998047,32.86527633666992,21.990434646606445,24652638,0.0,0.0
2015-02-17 00:00:00-05:00,32.7703971862793,33.05502700805664,32.703983306884766,32.808349609375,21.95233726501465,24102029,0.0,0.0
2015-02-18 00:00:00-05:00,32.808349609375,32.808349609375,32.48576736450195,32.713470458984375,21.888856887817383,22794015,0.0,0.0
2015-02-19 00:00:00-05:00,32.5711555480957,32.703983306884766,32.362430572509766,32.64706039428711,21.84442138671875,28097954,0.0,0.0
2015-02-20 00:00:00-05:00,32.51423263549805,32.808349609375,32.35293960571289,32.78937530517578,21.939645767211914,27705022,0.0,0.0
2015-02-23 00:00:00-05:00,32.362430572509766,32.75142288208008,32.31499099731445,32.628082275390625,21.831724166870117,24383868,0.0,0.0
2015-02-24 00:00:00-05:00,32.466793060302734,32.58064651489258,32.33396530151367,32.58064651489258,21.799983978271484,20402805,0.0,0.0
2015-02-25 00:00:00-05:00,32.49525451660156,33.007591247558594,32.191650390625,32.88425064086914,22.003129959106445,39229880,0.0,0.0
2015-02-26 00:00:00-05:00,32.703983306884766,32.94117736816406,32.618595123291016,32.81783676147461,21.958696365356445,20977551,0.0,0.0
2015-02-27 00:00:00-05:00,32.67552185058594,32.88425064086914,32.533206939697266,32.561668395996094,21.78728675842285,25705901,0.0,0.0
2015-03-02 00:00:00-05:00,32.561668395996094,33.0170783996582,32.31499099731445,32.98861312866211,22.072956085205078,22505008,0.0,0.0
2015-03-03 00:00:00-05:00,32.96963882446289,33.10246658325195,32.64706039428711,32.78937530517578,21.939645767211914,25343641,0.0,0.0
2015-03-04 00:00:00-05:00,32.72296142578125,32.98861312866211,32.50474548339844,32.86527633666992,21.990434646606445,20434636,0.0,0.0
2015-03-05 00:00:00-05:00,32.95066452026367,33.02656555175781,32.637569427490234,32.703983306884766,21.882511138916016,24717354,0.0,0.0
2015-03-06 00:00:00-05:00,32.49525451660156,32.694496154785156,32.0208740234375,32.2296028137207,21.565095901489258,42080528,0.0,0.0
2015-03-09 00:00:00-04:00,32.13472366333008,32.4288444519043,31.935483932495117,32.286529541015625,21.60318946838379,32858028,0.0,0.0
2015-03-10 00:00:00-04:00,32.09677505493164,32.381404876708984,31.935483932495117,32.04933547973633,21.444482803344727,40344696,0.0,0.0
2015-03-11 00:00:00-04:00,32.23908996582031,32.35293960571289,31.907020568847656,31.907020568847656,21.349258422851562,26996840,0.0,0.0
2015-03-12 00:00:00-04:00,32.07780075073242,32.31499099731445,32.04933547973633,32.25806427001953,21.584138870239258,29699085,0.0,0.0
2015-03-13 00:00:00-04:00,32.18216323852539,32.25806427001953,31.973434448242188,32.25806427001953,21.584138870239258,29596847,0.0,0.0
2015-03-16 00:00:00-04:00,32.33396530151367,32.78937530517578,32.220115661621094,32.67552185058594,21.863466262817383,30615643,0.0,0.0
2015-03-17 00:00:00-04:00,32.371917724609375,32.542694091796875,32.20113754272461,32.41935348510742,21.692062377929688,21746760,0.0,0.0
2015-03-18 00:00:00-04:00,32.286529541015625,32.73244857788086,32.0208740234375,32.618595123291016,21.825376510620117,34923131,0.0,0.0
2015-03-19 00:00:00-04:00,32.523719787597656,32.618595123291016,32.32447814941406,32.4003791809082,21.679365158081055,21541020,0.0,0.0
2015-03-20 00:00:00-04:00,32.381404876708984,32.703983306884766,32.23908996582031,32.49525451660156,21.74284553527832,62355378,0.0,0.0
2015-03-23 00:00:00-04:00,32.74193572998047,33.6337776184082,32.72296142578125,33.254268646240234,22.250709533691406,53549524,0.0,0.0
2015-03-24 00:00:00-04:00,33.149906158447266,33.20683288574219,32.73244857788086,32.75142288208008,21.914247512817383,34953907,0.0,0.0
2015-03-25 00:00:00-04:00,32.83681106567383,33.20683288574219,32.51423263549805,32.542694091796875,21.77458953857422,30783229,0.0,0.0
2015-03-26 00:00:00-04:00,32.362430572509766,32.637569427490234,32.21062469482422,32.40986633300781,21.685718536376953,26167553,0.0,0.0
2015-03-27 00:00:00-04:00,32.67552185058594,32.82732391357422,32.476280212402344,32.76091003417969,21.920602798461914,24073782,0.0,0.0
2015-03-30 00:00:00-04:00,32.82732391357422,33.41556167602539,32.779884338378906,33.20683288574219,22.21897315979004,26890386,0.0,0.0
2015-03-31 00:00:00-04:00,33.10246658325195,33.330169677734375,32.9791259765625,33.007591247558594,22.085655212402344,27937956,0.0,0.0
2015-04-01 00:00:00-04:00,33.05502700805664,33.05502700805664,32.362430572509766,32.5711555480957,21.793636322021484,33984017,0.0,0.0
2015-04-02 00:00:00-04:00,32.65654754638672,32.85578536987305,32.466793060302734,32.618595123291016,21.825376510620117,26467837,0.0,0.0
2015-04-06 00:00:00-04:00,32.65654754638672,33.02656555175781,32.476280212402344,32.713470458984375,21.888856887817383,22640447,0.0,0.0
2015-04-07 00:00:00-04:00,32.85578536987305,33.10246658325195,32.74193572998047,32.7703971862793,21.926944732666016,15105085,0.0,0.0
2015-04-08 00:00:00-04:00,32.74193572998047,33.05502700805664,32.65654754638672,32.86527633666992,21.990434646606445,24215123,0.0,0.0
2015-04-09 00:00:00-04:00,32.86527633666992,33.263755798339844,32.618595123291016,33.235294342041016,22.238012313842773,30864493,0.0,0.0
2015-04-10 00:00:00-04:00,33.13093185424805,33.65275192260742,33.11195373535156,33.62428665161133,22.498291015625,25668800,0.0,0.0
2015-04-13 00:00:00-04:00,33.53889846801758,33.709678649902344,33.2163200378418,33.29222106933594,22.276105880737305,36155573,0.0,0.0
2015-04-14 00:00:00-04:00,33.254268646240234,33.50094985961914,33.12144088745117,33.235294342041016,22.238012313842773,16844712,0.0,0.0
2015-04-15 00:00:00-04:00,33.58633804321289,33.65275192260742,33.320682525634766,33.406070709228516,22.35228157043457,31173209,0.0,0.0
2015-04-16 00:00:00-04:00,33.27324676513672,33.481971740722656,33.225807189941406,33.3870964050293,22.339582443237305,20637742,0.0,0.0
2015-04-17 00:00:00-04:00,33.20683288574219,33.27324676513672,32.99810028076172,33.244781494140625,22.244361877441406,30265610,0.0,0.0
2015-04-20 00:00:00-04:00,33.244781494140625,33.43453598022461,33.149906158447266,33.2163200378418,22.225317001342773,23612551,0.0,0.0
2015-04-21 00:00:00-04:00,33.30170822143555,33.58633804321289,33.0170783996582,33.10246658325195,22.149133682250977,23256932,0.0,0.0
2015-04-22 00:00:00-04:00,33.03605270385742,33.29222106933594,33.0170783996582,33.14041519165039,22.174530029296875,15352880,0.0,0.0
2015-04-23 00:00:00-04:00,33.10246658325195,33.58633804321289,33.03605270385742,33.54838562011719,22.44750213623047,23932019,0.0,0.0
2015-04-24 00:00:00-04:00,33.396583557128906,33.58633804321289,33.254268646240234,33.46299743652344,22.390365600585938,24032570,0.0,0.0
2015-04-27 00:00:00-04:00,33.52941131591797,33.64326477050781,32.65654754638672,32.81783676147461,21.958696365356445,44786673,0.0,0.0
2015-04-28 00:00:00-04:00,32.96015167236328,33.092979431152344,32.4003791809082,32.713470458984375,21.888856887817383,48659807,0.0,0.0
2015-04-29 00:00:00-04:00,32.41935348510742,32.694496154785156,32.21062469482422,32.533206939697266,21.768238067626953,39572852,0.0,0.0
2015-04-30 00:00:00-04:00,32.362430572509766,32.476280212402344,31.982921600341797,32.191650390625,21.539705276489258,29205391,0.0,0.0
2015-05-01 00:00:00-04:00,32.12523651123047,32.457305908203125,32.12523651123047,32.33396530151367,21.634931564331055,22706744,0.0,0.0
2015-05-04 00:00:00-04:00,32.362430572509766,32.74193572998047,32.305503845214844,32.561668395996094,21.78728675842285,24864282,0.0,0.0
2015-05-05 00:00:00-04:00,32.609107971191406,32.66603469848633,32.26755142211914,32.371917724609375,21.66031837463379,23590839,0.0,0.0
2015-05-06 00:00:00-04:00,32.0208740234375,32.16318893432617,31.5085391998291,31.745731353759766,21.41708755493164,28309913,0.265655,0.0
2015-05-07 00:00:00-04:00,31.726755142211914,32.0208740234375,31.622390747070312,31.859582901000977,21.493898391723633,22669959,0.0,0.0
2015-05-08 00:00:00-04:00,32.07780075073242,32.4003791809082,32.06830978393555,32.27703857421875,21.775531768798828,21514037,0.0,0.0
2015-05-11 00:00:00-04:00,32.34345245361328,32.50474548339844,32.20113754272461,32.220115661621094,21.737131118774414,27898853,0.0,0.0
2015-05-12 00:00:00-04:00,32.07780075073242,32.220115661621094,31.99241065979004,32.04933547973633,21.62191390991211,18855955,0.0,0.0
2015-05-13 00:00:00-04:00,32.03984832763672,32.06830978393555,31.764705657958984,31.812143325805664,21.461894989013672,25045675,0.0,0.0
2015-05-14 00:00:00-04:00,31.982921600341797,32.24857711791992,31.935483932495117,32.20113754272461,21.724327087402344,18860803,0.0,0.0
2015-05-15 00:00:00-04:00,32.25806427001953,32.31499099731445,32.18216323852539,32.24857711791992,21.75633430480957,17798687,0.0,0.0
2015-05-18 00:00:00-04:00,32.23908996582031,32.31499099731445,32.16318893432617,32.23908996582031,21.74993324279785,25948637,0.0,0.0
2015-05-19 00:00:00-04:00,32.13472366333008,32.628082275390625,32.10626220703125,32.457305908203125,21.89714813232422,21980854,0.0,0.0
2015-05-20 00:00:00-04:00,32.542694091796875,32.72296142578125,32.51423263549805,32.542694091796875,21.954761505126953,16144013,0.0,0.0
2015-05-21 00:00:00-04:00,32.476280212402344,32.72296142578125,32.457305908203125,32.5996208190918,21.993162155151367,19090259,0.0,0.0
2015-05-22 00:00:00-04:00,32.561668395996094,32.72296142578125,32.476280212402344,32.523719787597656,21.941957473754883,13674069,0.0,0.0
2015-05-26 00:00:00-04:00,32.4288444519043,32.58064651489258,32.286529541015625,32.362430572509766,21.833139419555664,19882234,0.0,0.0
2015-05-27 00:00:00-04:00,32.457305908203125,32.703983306884766,32.32447814941406,32.542694091796875,21.954761505126953,23231636,0.0,0.0
2015-05-28 00:00:00-04:00,32.694496154785156,32.76091003417969,32.51423263549805,32.67552185058594,22.04436492919922,16671329,0.0,0.0
2015-05-29 00:00:00-04:00,32.713470458984375,33.19734191894531,32.64706039428711,32.96963882446289,22.242795944213867,52787798,0.0,0.0
2015-06-01 00:00:00-04:00,32.98861312866211,33.13093185424805,32.76091003417969,32.78937530517578,22.121179580688477,29039386,0.0,0.0
2015-06-02 00:00:00-04:00,32.86527633666992,32.88425064086914,32.59013366699219,32.72296142578125,22.07637596130371,19674175,0.0,0.0
2015-06-03 00:00:00-04:00,32.779884338378906,32.88425064086914,32.523719787597656,32.64706039428711,22.025165557861328,18130065,0.0,0.0
2015-06-04 00:00:00-04:00,32.447818756103516,32.78937530517578,32.362430572509766,32.48576736450195,21.916349411010742,21774691,0.0,0.0
2015-06-05 00:00:00-04:00,32.438331604003906,32.523719787597656,32.191650390625,32.34345245361328,21.820341110229492,24313461,0.0,0.0
2015-06-08 00:00:00-04:00,32.2296028137207,32.40986633300781,32.18216323852539,32.23908996582031,21.74993324279785,18624496,0.0,0.0
2015-06-09 00:00:00-04:00,32.305503845214844,32.381404876708984,32.15370178222656,32.26755142211914,21.769134521484375,24464499,0.0,0.0
2015-06-10 00:00:00-04:00,32.33396530151367,32.66603469848633,32.305503845214844,32.552181243896484,21.96116065979004,24952396,0.0,0.0
2015-06-11 00:00:00-04:00,32.561668395996094,32.79886245727539,32.50474548339844,32.694496154785156,22.057165145874023,21243897,0.0,0.0
2015-06-12 00:00:00-04:00,32.542694091796875,32.694496154785156,32.35293960571289,32.457305908203125,21.89714813232422,22856517,0.0,0.0
2015-06-15 00:00:00-04:00,32.31499099731445,32.371917724609375,32.12523651123047,32.296016693115234,21.788341522216797,22064014,0.0,0.0
2015-06-16 00:00:00-04:00,32.31499099731445,32.35293960571289,32.07780075073242,32.296016693115234,21.788341522216797,21785021,0.0,0.0
2015-06-17 00:00:00-04:00,32.305503845214844,32.4288444519043,32.11574935913086,32.23908996582031,21.74993324279785,22127149,0.0,0.0
2015-06-18 00:00:00-04:00,32.33396530151367,32.74193572998047,32.305503845214844,32.609107971191406,21.99956703186035,25834383,0.0,0.0
2015-06-19 00:00:00-04:00,32.476280212402344,32.74193572998047,32.4288444519043,32.4288444519043,21.87795066833496,30438466,0.0,0.0
2015-06-22 00:00:00-04:00,32.58064651489258,32.73244857788086,32.523719787597656,32.552181243896484,21.96116065979004,14799214,0.0,0.0
2015-06-23 00:00:00-04:00,32.64706039428711,32.81783676147461,32.58064651489258,32.73244857788086,22.08277702331543,19448830,0.0,0.0
2015-06-24 00:00:00-04:00,32.58064651489258,32.75142288208008,32.476280212402344,32.476280212402344,21.909954071044922,24326742,0.0,0.0
2015-06-25 00:00:00-04:00,32.457305908203125,32.58064651489258,32.18216323852539,32.27703857421875,21.775531768798828,24268666,0.0,0.0
2015-06-26 00:00:00-04:00,32.41935348510742,32.533206939697266,32.13472366333008,32.18216323852539,21.711528778076172,37596496,0.0,0.0
2015-06-29 00:00:00-04:00,32.00189971923828,32.371917724609375,31.812143325805664,31.869070053100586,21.500301361083984,30396833,0.0,0.0
2015-06-30 00:00:00-04:00,32.05882263183594,32.05882263183594,31.622390747070312,31.812143325805664,21.461894989013672,36909710,0.0,0.0
2015-07-01 00:00:00-04:00,31.840606689453125,32.12523651123047,31.698291778564453,31.963947296142578,21.564308166503906,29742299,0.0,0.0
2015-07-02 00:00:00-04:00,32.01138687133789,32.67552185058594,31.64136505126953,31.660341262817383,21.359485626220703,23849069,0.0,0.0
2015-07-06 00:00:00-04:00,31.59392738342285,31.9165096282959,31.38519859313965,31.546489715576172,21.28267478942871,22125990,0.0,0.0
2015-07-07 00:00:00-04:00,31.631879806518555,32.10626220703125,31.45161247253418,32.00189971923828,21.58991813659668,27248851,0.0,0.0
2015-07-08 00:00:00-04:00,31.831119537353516,32.00189971923828,31.679317474365234,31.736242294311523,21.410686492919922,21301235,0.0,0.0
2015-07-09 00:00:00-04:00,32.11574935913086,32.23908996582031,32.00189971923828,32.12523651123047,21.67312240600586,23306048,0.0,0.0
2015-07-10 00:00:00-04:00,32.48576736450195,32.67552185058594,32.4003791809082,32.5996208190918,21.993162155151367,22288306,0.0,0.0
2015-07-13 00:00:00-04:00,32.75142288208008,33.06451416015625,32.72296142578125,33.03605270385742,22.2875919342041,19210415,0.0,0.0
2015-07-14 00:00:00-04:00,32.9791259765625,33.34914779663086,32.93169021606445,33.28273010253906,22.454015731811523,19495311,0.0,0.0
2015-07-15 00:00:00-04:00,33.225807189941406,33.320682525634766,33.12144088745117,33.1878547668457,22.390010833740234,20517375,0.0,0.0
2015-07-16 00:00:00-04:00,33.339656829833984,33.396583557128906,33.235294342041016,33.30170822143555,22.46682357788086,16138637,0.0,0.0
2015-07-17 00:00:00-04:00,33.2163200378418,33.28273010253906,33.13093185424805,33.27324676513672,22.44761848449707,17681482,0.0,0.0
2015-07-20 00:00:00-04:00,33.330169677734375,33.55787658691406,33.28273010253906,33.43453598022461,22.556432723999023,15569899,0.0,0.0
2015-07-21 00:00:00-04:00,33.43453598022461,33.52941131591797,33.092979431152344,33.339656829833984,22.4924259185791,18612164,0.0,0.0
2015-07-22 00:00:00-04:00,33.263755798339844,33.396583557128906,32.98861312866211,33.092979431152344,22.326007843017578,18576645,0.0,0.0
2015-07-23 00:00:00-04:00,33.19734191894531,33.20683288574219,32.85578536987305,32.99810028076172,22.26198959350586,13404877,0.0,0.0
2015-07-24 00:00:00-04:00,32.85578536987305,32.94117736816406,32.4003791809082,32.50474548339844,21.929153442382812,22585217,0.0,0.0
2015-07-27 00:00:00-04:00,32.41935348510742,32.637569427490234,32.14421463012695,32.58064651489258,21.980363845825195,33015180,0.0,0.0
2015-07-28 00:00:00-04:00,33.149906158447266,33.65275192260742,32.637569427490234,33.53889846801758,22.626846313476562,38651339,0.0,0.0
2015-07-29 00:00:00-04:00,33.66223907470703,34.27893829345703,33.62428665161133,33.927894592285156,22.889278411865234,47792049,0.0,0.0
2015-07-30 00:00:00-04:00,33.851993560791016,34.15559768676758,33.57685089111328,33.89942932128906,22.870071411132812,22663003,0.0,0.0
2015-07-31 00:00:00-04:00,34.07020950317383,34.5920295715332,34.032257080078125,34.2125244140625,23.0813045501709,30570638,0.0,0.0
2015-08-03 00:00:00-04:00,34.43074035644531,34.44022750854492,34.06072235107422,34.29791259765625,23.13890838623047,18019606,0.0,0.0
2015-08-04 00:00:00-04:00,34.36432647705078,34.36432647705078,33.98482131958008,34.25996017456055,23.113300323486328,27122898,0.0,0.0
2015-08-05 00:00:00-04:00,34.22201156616211,34.31688690185547,33.946868896484375,33.98482131958008,23.106857299804688,25557181,0.265655,0.0
2015-08-06 00:00:00-04:00,34.117645263671875,34.13662338256836,33.235294342041016,33.36812210083008,22.687551498413086,25792856,0.0,0.0
2015-08-07 00:00:00-04:00,33.36812210083008,33.49146270751953,33.083492279052734,33.3870964050293,22.700450897216797,15445105,0.0,0.0
2015-08-10 00:00:00-04:00,33.406070709228516,33.65275192260742,33.330169677734375,33.54838562011719,22.81011199951172,16462742,0.0,0.0
2015-08-11 00:00:00-04:00,33.406070709228516,33.43453598022461,33.149906158447266,33.320682525634766,22.655290603637695,20273479,0.0,0.0
2015-08-12 00:00:00-04:00,33.083492279052734,33.65275192260742,32.93169021606445,33.55787658691406,22.816564559936523,29087976,0.0,0.0
2015-08-13 00:00:00-04:00,33.56736373901367,33.795066833496094,33.13093185424805,33.54838562011719,22.81011199951172,20595792,0.0,0.0
2015-08-14 00:00:00-04:00,33.55787658691406,33.68121337890625,33.244781494140625,33.51043701171875,22.784311294555664,19042934,0.0,0.0
2015-08-17 00:00:00-04:00,33.311195373535156,33.709678649902344,33.20683288574219,33.68121337890625,22.900428771972656,14630469,0.0,0.0
2015-08-18 00:00:00-04:00,33.57685089111328,33.776092529296875,33.47248458862305,33.700191497802734,22.913330078125,14064154,0.0,0.0
2015-08-19 00:00:00-04:00,33.55787658691406,33.67172622680664,33.168880462646484,33.46299743652344,22.75204849243164,18798512,0.0,0.0
2015-08-20 00:00:00-04:00,33.13093185424805,33.339656829833984,32.779884338378906,32.779884338378906,22.2875919342041,19778099,0.0,0.0
2015-08-21 00:00:00-04:00,32.48576736450195,32.79886245727539,31.821632385253906,31.821632385253906,21.636064529418945,35297301,0.0,0.0
2015-08-24 00:00:00-04:00,30.332067489624023,31.546489715576172,27.011384963989258,30.483871459960938,20.726499557495117,55081935,0.0,0.0
2015-08-25 00:00:00-04:00,31.49905014038086,31.51802635192871,29.715370178222656,29.734344482421875,20.216882705688477,44583884,0.0,0.0
2015-08-26 00:00:00-04:00,30.436433792114258,30.882352828979492,29.743833541870117,30.76850128173828,20.920024871826172,46002568,0.0,0.0
2015-08-27 00:00:00-04:00,31.100568771362305,31.897533416748047,30.996204376220703,31.55597686767578,21.455448150634766,40677022,0.0,0.0
2015-08-28 00:00:00-04:00,31.59392738342285,31.650854110717773,30.834915161132812,30.986717224121094,21.068391799926758,35300357,0.0,0.0
2015-08-31 00:00:00-04:00,31.034156799316406,31.043643951416016,30.322580337524414,30.569259643554688,20.784561157226562,33764468,0.0,0.0
2015-09-01 00:00:00-04:00,29.84819793701172,30.237192153930664,29.592029571533203,29.753320693969727,20.22978973388672,41249449,0.0,0.0
2015-09-02 00:00:00-04:00,30.294118881225586,30.332067489624023,29.772296905517578,30.332067489624023,20.62328338623047,33120580,0.0,0.0
2015-09-03 00:00:00-04:00,30.616697311401367,30.75901222229004,30.132827758789062,30.256166458129883,20.571680068969727,22753647,0.0,0.0
2015-09-04 00:00:00-04:00,29.83871078491211,30.094877243041992,29.535104751586914,29.762807846069336,20.236234664916992,23781402,0.0,0.0
2015-09-08 00:00:00-04:00,30.199241638183594,30.90132713317871,30.199241638183594,30.863378524780273,20.984533309936523,27375331,0.0,0.0
2015-09-09 00:00:00-04:00,31.309297561645508,31.33776092529297,30.237192153930664,30.322580337524414,20.616832733154297,22553176,0.0,0.0
2015-09-10 00:00:00-04:00,30.351043701171875,31.110057830810547,30.303604125976562,30.948766708374023,21.042591094970703,33002321,0.0,0.0
2015-09-11 00:00:00-04:00,30.90132713317871,31.2998104095459,30.69260025024414,31.280834197998047,21.26836585998535,23587993,0.0,0.0
2015-09-14 00:00:00-04:00,31.25237274169922,31.347248077392578,30.910816192626953,31.034156799316406,21.100643157958984,16427012,0.0,0.0
2015-09-15 00:00:00-04:00,31.261859893798828,31.64136505126953,31.129032135009766,31.47058868408203,21.39738655090332,22053791,0.0,0.0
2015-09-16 00:00:00-04:00,31.29032325744629,31.574953079223633,31.034156799316406,31.48007583618164,21.403833389282227,22566140,0.0,0.0
2015-09-17 00:00:00-04:00,31.47058868408203,32.220115661621094,31.43263816833496,31.764705657958984,21.597362518310547,26703090,0.0,0.0
2015-09-18 00:00:00-04:00,31.38519859313965,31.717267990112305,31.157495498657227,31.166982650756836,21.190959930419922,38735343,0.0,0.0
2015-09-21 00:00:00-04:00,31.4041748046875,31.622390747070312,30.58823585510254,30.75901222229004,20.913570404052734,24985175,0.0,0.0
2015-09-22 00:00:00-04:00,30.341556549072266,30.67362403869629,30.208728790283203,30.607210159301758,20.810359954833984,25600290,0.0,0.0
2015-09-23 00:00:00-04:00,30.569259643554688,31.129032135009766,30.540796279907227,30.948766708374023,21.042591094970703,27534696,0.0,0.0
2015-09-24 00:00:00-04:00,30.70208740234375,31.195446014404297,30.426944732666016,31.024667739868164,21.09419822692871,32109161,0.0,0.0
2015-09-25 00:00:00-04:00,31.271347045898438,31.4041748046875,30.02846336364746,30.256166458129883,20.571680068969727,36388296,0.0,0.0
2015-09-28 00:00:00-04:00,30.07590103149414,30.170778274536133,29.070209503173828,29.24098777770996,19.881439208984375,44882377,0.0,0.0
2015-09-29 00:00:00-04:00,29.136621475219727,29.829221725463867,29.089183807373047,29.430740356445312,20.010461807250977,32713209,0.0,0.0
2015-09-30 00:00:00-04:00,29.83871078491211,29.95256233215332,29.468690872192383,29.800758361816406,20.26203727722168,33843202,0.0,0.0
2015-10-01 00:00:00-04:00,29.696395874023438,30.237192153930664,29.506641387939453,30.208728790283203,20.5394229888916,31567932,0.0,0.0
2015-10-02 00:00:00-04:00,30.332067489624023,31.41366195678711,29.88614845275879,31.38519859313965,21.339326858520508,43956754,0.0,0.0
2015-10-05 00:00:00-04:00,31.736242294311523,32.15370178222656,31.309297561645508,31.764705657958984,21.597362518310547,33724311,0.0,0.0
2015-10-06 00:00:00-04:00,31.688804626464844,31.878557205200195,30.75901222229004,31.110057830810547,21.152254104614258,38566176,0.0,0.0
2015-10-07 00:00:00-04:00,31.4041748046875,31.764705657958984,30.69260025024414,31.584440231323242,21.474788665771484,30302605,0.0,0.0
2015-10-08 00:00:00-04:00,31.214420318603516,31.537002563476562,30.872865676879883,31.39468765258789,21.345783233642578,31691883,0.0,0.0
2015-10-09 00:00:00-04:00,31.36622428894043,31.859582901000977,31.233396530151367,31.537002563476562,21.44253921508789,21508451,0.0,0.0
2015-10-12 00:00:00-04:00,31.52751350402832,31.726755142211914,31.214420318603516,31.51802635192871,21.429637908935547,15642414,0.0,0.0
2015-10-13 00:00:00-04:00,31.48007583618164,31.9165096282959,31.138519287109375,31.29032325744629,21.27482032775879,20496189,0.0,0.0
2015-10-14 00:00:00-04:00,31.347248077392578,31.850095748901367,31.25237274169922,31.347248077392578,21.31352424621582,18686366,0.0,0.0
2015-10-15 00:00:00-04:00,31.242883682250977,32.390892028808594,31.242883682250977,32.33396530151367,21.984413146972656,27807787,0.0,0.0
2015-10-16 00:00:00-04:00,32.59013366699219,32.67552185058594,32.25806427001953,32.64706039428711,22.197290420532227,20238908,0.0,0.0
2015-10-19 00:00:00-04:00,32.64706039428711,32.7703971862793,32.34345245361328,32.73244857788086,22.255348205566406,16632963,0.0,0.0
2015-10-20 00:00:00-04:00,32.87476348876953,32.91271209716797,32.03036117553711,32.25806427001953,21.93280601501465,18436146,0.0,0.0
2015-10-21 00:00:00-04:00,32.41935348510742,32.58064651489258,31.33776092529297,31.745731353759766,21.584455490112305,34867585,0.0,0.0
2015-10-22 00:00:00-04:00,31.859582901000977,31.9165096282959,31.204933166503906,31.622390747070312,21.500598907470703,43599764,0.0,0.0
2015-10-23 00:00:00-04:00,31.745731353759766,32.59013366699219,31.52751350402832,32.305503845214844,21.965059280395508,29021468,0.0,0.0
2015-10-26 00:00:00-04:00,32.25806427001953,32.609107971191406,32.09677505493164,32.40986633300781,22.0360164642334,24548819,0.0,0.0
2015-10-27 00:00:00-04:00,33.2163200378418,33.6337776184082,32.87476348876953,33.19734191894531,22.571428298950195,42242001,0.0,0.0
2015-10-28 00:00:00-04:00,33.425048828125,34.22201156616211,33.225807189941406,33.6337776184082,22.86817169189453,36745497,0.0,0.0
2015-10-29 00:00:00-04:00,32.49525451660156,34.06072235107422,32.40986633300781,32.98861312866211,22.429515838623047,75916247,0.0,0.0
2015-10-30 00:00:00-04:00,32.98861312866211,33.11195373535156,32.00189971923828,32.08728790283203,21.81669044494629,60213861,0.0,0.0
2015-11-02 00:00:00-05:00,32.41935348510742,33.44402313232422,32.4003791809082,33.263755798339844,22.616588592529297,41633632,0.0,0.0
2015-11-03 00:00:00-05:00,33.19734191894531,33.244781494140625,32.87476348876953,33.178367614746094,22.558534622192383,31138111,0.0,0.0
2015-11-04 00:00:00-05:00,33.13093185424805,33.178367614746094,32.34345245361328,32.390892028808594,22.20087242126465,32544358,0.265655,0.0
2015-11-05 00:00:00-05:00,32.476280212402344,32.533206939697266,32.24857711791992,32.4003791809082,22.207378387451172,21599306,0.0,0.0
2015-11-06 00:00:00-05:00,32.18216323852539,32.305503845214844,31.631879806518555,32.191650390625,22.064313888549805,32936868,0.0,0.0
2015-11-09 00:00:00-05:00,32.05882263183594,32.12523651123047,31.679317474365234,31.925996780395508,21.882230758666992,28473915,0.0,0.0
2015-11-10 00:00:00-05:00,32.09677505493164,32.2296028137207,31.888046264648438,32.05882263183594,21.97327423095703,22100483,0.0,0.0
2015-11-11 00:00:00-05:00,32.18216323852539,32.457305908203125,31.925996780395508,32.01138687133789,21.940759658813477,21610478,0.0,0.0
2015-11-12 00:00:00-05:00,31.888046264648438,31.973434448242188,31.64136505126953,31.679317474365234,21.71315574645996,18972316,0.0,0.0
2015-11-13 00:00:00-05:00,31.631879806518555,31.954458236694336,31.44212532043457,31.565465927124023,21.6351261138916,19041459,0.0,0.0
2015-11-16 00:00:00-05:00,31.584440231323242,31.698291778564453,31.166982650756836,31.461101531982422,21.563589096069336,27021503,0.0,0.0
2015-11-17 00:00:00-05:00,31.49905014038086,31.745731353759766,31.185958862304688,31.185958862304688,21.375003814697266,31295579,0.0,0.0
2015-11-18 00:00:00-05:00,31.38519859313965,31.717267990112305,31.242883682250977,31.603416442871094,21.661136627197266,37905318,0.0,0.0
2015-11-19 00:00:00-05:00,31.110057830810547,31.280834197998047,30.313093185424805,30.63567352294922,20.997838973999023,95611186,0.0,0.0
2015-11-20 00:00:00-05:00,30.910816192626953,30.920303344726562,30.436433792114258,30.531309127807617,20.926305770874023,68087978,0.0,0.0
2015-11-23 00:00:00-05:00,29.81024742126465,30.06641387939453,29.40227699279785,29.724857330322266,20.373559951782227,131376462,0.0,0.0
2015-11-24 00:00:00-05:00,29.772296905517578,30.502845764160156,29.620492935180664,30.332067489624023,20.78974723815918,88563404,0.0,0.0
2015-11-25 00:00:00-05:00,30.70208740234375,31.537002563476562,30.559772491455078,31.185958862304688,21.375003814697266,83669682,0.0,0.0
2015-11-27 00:00:00-05:00,31.233396530151367,31.309297561645508,30.996204376220703,31.110057830810547,21.322988510131836,16989848,0.0,0.0
2015-11-30 00:00:00-05:00,31.223909378051758,31.223909378051758,30.863378524780273,31.091081619262695,21.30997657775879,45230091,0.0,0.0
2015-12-01 00:00:00-05:00,31.309297561645508,32.00189971923828,31.119544982910156,31.897533416748047,21.86272430419922,51963254,0.0,0.0
2015-12-02 00:00:00-05:00,31.944971084594727,32.09677505493164,31.110057830810547,31.214420318603516,21.394519805908203,33547134,0.0,0.0
2015-12-03 00:00:00-05:00,31.233396530151367,31.309297561645508,30.70208740234375,30.73055076599121,21.062868118286133,49909640,0.0,0.0
2015-12-04 00:00:00-05:00,30.82542610168457,31.204933166503906,30.74952507019043,31.119544982910156,21.329486846923828,33320945,0.0,0.0
2015-12-07 00:00:00-05:00,31.062618255615234,31.195446014404297,30.7874755859375,30.986717224121094,21.238449096679688,22100483,0.0,0.0
2015-12-08 00:00:00-05:00,30.69260025024414,31.062618255615234,30.63567352294922,30.863378524780273,21.153907775878906,27124058,0.0,0.0
2015-12-09 00:00:00-05:00,30.75901222229004,30.977230072021484,30.474382400512695,30.63567352294922,20.997838973999023,41694343,0.0,0.0
2015-12-10 00:00:00-05:00,30.76850128173828,31.043643951416016,30.58823585510254,30.70208740234375,21.04336166381836,55644665,0.0,0.0
2015-12-11 00:00:00-05:00,30.464895248413086,30.57874870300293,30.332067489624023,30.417457580566406,20.848276138305664,42450061,0.0,0.0
2015-12-14 00:00:00-05:00,30.351043701171875,30.559772491455078,30.208728790283203,30.531309127807617,20.926305770874023,40355868,0.0,0.0
2015-12-15 00:00:00-05:00,30.948766708374023,31.138519287109375,30.521821975708008,30.607210159301758,20.97833251953125,49895622,0.0,0.0
2015-12-16 00:00:00-05:00,30.76850128173828,30.996204376220703,30.351043701171875,30.910816192626953,21.18642234802246,46831328,0.0,0.0
2015-12-17 00:00:00-05:00,30.891841888427734,30.996204376220703,30.645160675048828,30.67362403869629,21.023849487304688,40396658,0.0,0.0
2015-12-18 00:00:00-05:00,30.59772300720215,30.7874755859375,30.313093185424805,30.351043701171875,20.802757263183594,70213475,0.0,0.0
2015-12-21 00:00:00-05:00,30.521821975708008,30.796964645385742,30.370019912719727,30.796964645385742,21.10838508605957,32277064,0.0,0.0
2015-12-22 00:00:00-05:00,30.948766708374023,30.948766708374023,30.70208740234375,30.85388946533203,21.14740562438965,26882165,0.0,0.0
2015-12-23 00:00:00-05:00,30.910816192626953,31.062618255615234,30.863378524780273,30.891841888427734,21.173416137695312,22101748,0.0,0.0
2015-12-24 00:00:00-05:00,30.834915161132812,31.043643951416016,30.834915161132812,30.948766708374023,21.212434768676758,8355690,0.0,0.0
2015-12-28 00:00:00-05:00,30.929790496826172,30.977230072021484,30.71157455444336,30.75901222229004,21.082372665405273,27757828,0.0,0.0
2015-12-29 00:00:00-05:00,30.90132713317871,31.223909378051758,30.863378524780273,31.148008346557617,21.348997116088867,17956155,0.0,0.0
2015-12-30 00:00:00-05:00,31.062618255615234,31.204933166503906,30.977230072021484,31.072105407714844,21.29697036743164,17217512,0.0,0.0
2015-12-31 00:00:00-05:00,30.80645179748535,30.910816192626953,30.616697311401367,30.62618637084961,20.9913387298584,22243511,0.0,0.0
2016-01-04 00:00:00-05:00,30.218215942382812,30.388994216918945,29.95256233215332,30.313093185424805,20.776744842529297,39322421,0.0,0.0
2016-01-05 00:00:00-05:00,30.531309127807617,30.58823585510254,30.294118881225586,30.531309127807617,20.926305770874023,28777994,0.0,0.0
2016-01-06 00:00:00-05:00,30.1043643951416,30.265655517578125,29.81024742126465,29.99051284790039,20.55564308166504,27242316,0.0,0.0
2016-01-07 00:00:00-05:00,29.563566207885742,30.180265426635742,29.544591903686523,29.791271209716797,20.419078826904297,39223134,0.0,0.0
2016-01-08 00:00:00-05:00,29.93358612060547,30.00948715209961,29.33586311340332,29.41176414489746,20.158967971801758,34840286,0.0,0.0
2016-01-11 00:00:00-05:00,29.554079055786133,29.601518630981445,29.070209503173828,29.478178024291992,20.20448112487793,40717917,0.0,0.0
2016-01-12 00:00:00-05:00,29.772296905517578,29.88614845275879,29.14611053466797,29.41176414489746,20.158967971801758,40927031,0.0,0.0
2016-01-13 00:00:00-05:00,29.497154235839844,29.677419662475586,28.719165802001953,28.814041137695312,19.749279022216797,42762888,0.0,0.0
2016-01-14 00:00:00-05:00,28.833017349243164,29.81024742126465,28.833017349243164,29.516128540039062,20.230501174926758,40603031,0.0,0.0
2016-01-15 00:00:00-05:00,28.67172622680664,29.24098777770996,28.652751922607422,29.23149871826172,20.035411834716797,49299269,0.0,0.0
2016-01-19 00:00:00-05:00,29.525617599487305,29.629980087280273,28.776090621948242,29.117647171020508,19.957374572753906,34508276,0.0,0.0
2016-01-20 00:00:00-05:00,28.66223907470703,29.478178024291992,28.51992416381836,29.089183807373047,19.937868118286133,52142223,0.0,0.0
2016-01-21 00:00:00-05:00,29.041746139526367,29.3168888092041,28.946868896484375,29.013282775878906,19.885847091674805,38528548,0.0,0.0
2016-01-22 00:00:00-05:00,29.41176414489746,29.648956298828125,29.09867286682129,29.136621475219727,19.970382690429688,33142398,0.0,0.0
2016-01-25 00:00:00-05:00,29.25047492980957,29.32637596130371,28.861480712890625,28.937381744384766,19.833820343017578,30313251,0.0,0.0
2016-01-26 00:00:00-05:00,28.965843200683594,29.17457389831543,28.785579681396484,29.09867286682129,19.944368362426758,27360786,0.0,0.0
2016-01-27 00:00:00-05:00,29.136621475219727,29.42125129699707,28.766603469848633,28.956356048583984,19.846830368041992,30059131,0.0,0.0
2016-01-28 00:00:00-05:00,29.127134323120117,29.136621475219727,28.074003219604492,28.652751922607422,19.638734817504883,51419917,0.0,0.0
2016-01-29 00:00:00-05:00,28.823528289794922,28.927894592285156,28.387096405029297,28.927894592285156,19.827316284179688,59794263,0.0,0.0
2016-02-01 00:00:00-05:00,28.785579681396484,28.842504501342773,28.282732009887695,28.62428855895996,19.61922836303711,50036858,0.0,0.0
2016-02-02 00:00:00-05:00,28.62428855895996,28.785579681396484,28.036052703857422,28.5958251953125,19.599720001220703,50815553,0.0,0.0
2016-02-03 00:00:00-05:00,28.377609252929688,28.52941131591797,27.647058486938477,28.149904251098633,19.488056182861328,47403334,0.28463,0.0
2016-02-04 00:00:00-05:00,27.979127883911133,28.074003219604492,27.26755142211914,27.514230728149414,19.04798698425293,60009068,0.0,0.0
2016-02-05 00:00:00-05:00,27.533206939697266,27.91271209716797,27.362428665161133,27.542694091796875,19.06768798828125,41033906,0.0,0.0
2016-02-08 00:00:00-05:00,27.21062660217285,27.495256423950195,26.802656173706055,27.096773147583008,18.758974075317383,50082391,0.0,0.0
2016-02-09 00:00:00-05:00,27.011384963989258,27.7039852142334,26.888046264648438,27.609107971191406,19.113666534423828,60214809,0.0,0.0
2016-02-10 00:00:00-05:00,27.82732391357422,28.368120193481445,27.808349609375,27.979127883911133,19.36983299255371,47121389,0.0,0.0
2016-02-11 00:00:00-05:00,27.523719787597656,27.836811065673828,27.409866333007812,27.637571334838867,19.133371353149414,41780771,0.0,0.0
2016-02-12 00:00:00-05:00,27.751422882080078,27.87476348876953,27.495256423950195,27.85578727722168,19.284439086914062,34300533,0.0,0.0
2016-02-16 00:00:00-05:00,28.036052703857422,28.311195373535156,27.94117546081543,28.282732009887695,19.580015182495117,34329307,0.0,0.0
2016-02-17 00:00:00-05:00,28.462997436523438,28.52941131591797,28.074003219604492,28.111953735351562,19.461780548095703,41224259,0.0,0.0
2016-02-18 00:00:00-05:00,28.292219161987305,28.50094985961914,27.950664520263672,28.036052703857422,19.409231185913086,50788993,0.0,0.0
2016-02-19 00:00:00-05:00,28.0834903717041,28.130929946899414,27.685009002685547,27.979127883911133,19.36983299255371,41870045,0.0,0.0
2016-02-22 00:00:00-05:00,28.225805282592773,28.52941131591797,28.130929946899414,28.510435104370117,19.737651824951172,41458458,0.0,0.0
2016-02-23 00:00:00-05:00,28.51992416381836,28.823528289794922,28.415559768676758,28.425046920776367,19.678537368774414,33697118,0.0,0.0
2016-02-24 00:00:00-05:00,28.282732009887695,28.538898468017578,28.00758934020996,28.48197364807129,19.71794891357422,33322210,0.0,0.0
2016-02-25 00:00:00-05:00,28.55787467956543,29.117647171020508,28.48197364807129,29.022769927978516,20.092336654663086,54850265,0.0,0.0
2016-02-26 00:00:00-05:00,29.203035354614258,29.3168888092041,28.48197364807129,28.68121337890625,19.855880737304688,45244004,0.0,0.0
2016-02-29 00:00:00-05:00,28.54838752746582,28.63377571105957,28.055028915405273,28.149904251098633,19.488056182861328,37091841,0.0,0.0
2016-03-01 00:00:00-05:00,28.263757705688477,28.54838752746582,28.102466583251953,28.50094985961914,19.7310848236084,33114256,0.0,0.0
2016-03-02 00:00:00-05:00,28.56736183166504,28.61480140686035,28.225805282592773,28.44402313232422,19.69167709350586,36139763,0.0,0.0
2016-03-03 00:00:00-05:00,28.349145889282227,28.462997436523438,28.064516067504883,28.35863494873047,19.632556915283203,38881955,0.0,0.0
2016-03-04 00:00:00-05:00,28.320682525634766,28.40607261657715,28.017078399658203,28.187856674194336,19.514328002929688,38827884,0.0,0.0
2016-03-07 00:00:00-05:00,28.036052703857422,28.282732009887695,27.81783676147461,28.263757705688477,19.566871643066406,33934900,0.0,0.0
2016-03-08 00:00:00-05:00,28.225805282592773,28.225805282592773,27.85578727722168,27.85578727722168,19.284439086914062,34566879,0.0,0.0
2016-03-09 00:00:00-05:00,28.197343826293945,28.320682525634766,27.91271209716797,28.216318130493164,19.534032821655273,81054603,0.0,0.0
2016-03-10 00:00:00-05:00,28.368120193481445,28.387096405029297,28.017078399658203,28.074003219604492,19.43550682067871,61264172,0.0,0.0
2016-03-11 00:00:00-05:00,28.254268646240234,28.937381744384766,28.206830978393555,28.937381744384766,20.033222198486328,63638517,0.0,0.0
2016-03-14 00:00:00-04:00,28.719165802001953,28.785579681396484,28.415559768676758,28.55787467956543,19.770498275756836,49289572,0.0,0.0
2016-03-15 00:00:00-04:00,28.349145889282227,28.396583557128906,27.798860549926758,28.026565551757812,19.402667999267578,57622391,0.0,0.0
2016-03-16 00:00:00-04:00,28.00758934020996,28.00758934020996,27.390892028808594,27.552181243896484,19.07425308227539,96151572,0.0,0.0
2016-03-17 00:00:00-04:00,27.628082275390625,28.064516067504883,27.26755142211914,27.836811065673828,19.271305084228516,70483510,0.0,0.0
2016-03-18 00:00:00-04:00,27.988615036010742,28.130929946899414,27.675521850585938,27.94117546081543,19.343555450439453,86327765,0.0,0.0
2016-03-21 00:00:00-04:00,27.94117546081543,28.57685089111328,27.93168830871582,28.52941131591797,19.75078582763672,37124304,0.0,0.0
2016-03-22 00:00:00-04:00,28.4914608001709,28.994306564331055,28.35863494873047,28.823528289794922,19.95440673828125,42880725,0.0,0.0
2016-03-23 00:00:00-04:00,28.870967864990234,29.041746139526367,28.55787467956543,28.643264770507812,19.829605102539062,42985704,0.0,0.0
2016-03-24 00:00:00-04:00,28.57685089111328,28.728652954101562,28.349145889282227,28.538898468017578,19.757356643676758,33669714,0.0,0.0
2016-03-28 00:00:00-04:00,28.54838752746582,28.67172622680664,28.216318130493164,28.254268646240234,19.5603084564209,32850545,0.0,0.0
2016-03-29 00:00:00-04:00,28.292219161987305,28.643264770507812,28.187856674194336,28.510435104370117,19.737651824951172,36464395,0.0,0.0
2016-03-30 00:00:00-04:00,28.60531234741211,28.66223907470703,28.47248649597168,28.52941131591797,19.75078582763672,33824546,0.0,0.0
2016-03-31 00:00:00-04:00,28.51992416381836,28.62428855895996,27.99810218811035,28.121442794799805,19.468351364135742,59861719,0.0,0.0
2016-04-01 00:00:00-04:00,27.93168830871582,28.62428855895996,27.903226852416992,28.50094985961914,19.7310848236084,50975340,0.0,0.0
2016-04-04 00:00:00-04:00,28.54838752746582,29.17457389831543,28.51992416381836,29.14611053466797,20.177724838256836,54762573,0.0,0.0
2016-04-05 00:00:00-04:00,29.611005783081055,30.123340606689453,29.013282775878906,29.753320693969727,20.59809684753418,299829377,0.0,0.0
2016-04-06 00:00:00-04:00,29.92409896850586,31.309297561645508,29.91461181640625,31.242883682250977,21.62931251525879,158517384,0.0,0.0
2016-04-07 00:00:00-04:00,30.882352828979492,31.38519859313965,30.834915161132812,31.081594467163086,21.517654418945312,64692412,0.0,0.0
2016-04-08 00:00:00-04:00,31.148008346557617,31.214420318603516,30.62618637084961,30.834915161132812,21.346879959106445,55597973,0.0,0.0
2016-04-11 00:00:00-04:00,30.85388946533203,30.90132713317871,30.237192153930664,30.256166458129883,20.94621467590332,87735803,0.0,0.0
2016-04-12 00:00:00-04:00,30.265655517578125,30.493358612060547,30.170778274536133,30.322580337524414,20.9921875,45178972,0.0,0.0
2016-04-13 00:00:00-04:00,30.322580337524414,30.939279556274414,30.322580337524414,30.872865676879883,21.373159408569336,38429156,0.0,0.0
2016-04-14 00:00:00-04:00,30.81593894958496,31.100568771362305,30.67362403869629,30.977230072021484,21.445404052734375,33682467,0.0,0.0
2016-04-15 00:00:00-04:00,30.977230072021484,31.100568771362305,30.645160675048828,30.834915161132812,21.346879959106445,37179112,0.0,0.0
2016-04-18 00:00:00-04:00,30.834915161132812,31.176471710205078,30.63567352294922,30.939279556274414,21.41913414001465,38997262,0.0,0.0
2016-04-19 00:00:00-04:00,31.119544982910156,31.49905014038086,31.062618255615234,31.204933166503906,21.60303497314453,29954996,0.0,0.0
2016-04-20 00:00:00-04:00,31.166982650756836,31.688804626464844,31.166982650756836,31.52751350402832,21.826358795166016,36981593,0.0,0.0
2016-04-21 00:00:00-04:00,31.36622428894043,31.764705657958984,31.347248077392578,31.537002563476562,21.832929611206055,36025298,0.0,0.0
2016-04-22 00:00:00-04:00,31.546489715576172,31.783681869506836,31.37571144104004,31.565465927124023,21.852636337280273,27548714,0.0,0.0
2016-04-25 00:00:00-04:00,31.43263816833496,31.565465927124023,31.309297561645508,31.5085391998291,21.81322479248047,25569513,0.0,0.0
2016-04-26 00:00:00-04:00,31.49905014038086,31.622390747070312,31.233396530151367,31.356735229492188,21.708131790161133,30293330,0.0,0.0
2016-04-27 00:00:00-04:00,31.29032325744629,31.5085391998291,31.214420318603516,31.309297561645508,21.675291061401367,27503603,0.0,0.0
2016-04-28 00:00:00-04:00,31.280834197998047,31.48007583618164,31.072105407714844,31.223909378051758,21.616178512573242,34818995,0.0,0.0
2016-04-29 00:00:00-04:00,31.185958862304688,31.261859893798828,30.76850128173828,31.034156799316406,21.484811782836914,36061134,0.0,0.0
2016-05-02 00:00:00-04:00,30.891841888427734,31.309297561645508,30.834915161132812,31.119544982910156,21.543926239013672,40122407,0.0,0.0
2016-05-03 00:00:00-04:00,31.925996780395508,32.2296028137207,31.546489715576172,31.973434448242188,22.135068893432617,75396414,0.0,0.0
2016-05-04 00:00:00-04:00,31.944971084594727,32.16318893432617,31.622390747070312,31.688804626464844,21.938024520874023,38021364,0.0,0.0
2016-05-05 00:00:00-04:00,31.660341262817383,32.00189971923828,31.59392738342285,31.850095748901367,22.0496826171875,25047467,0.0,0.0
2016-05-06 00:00:00-04:00,31.669828414916992,31.869070053100586,31.49905014038086,31.859582901000977,22.056251525878906,24422234,0.0,0.0
2016-05-09 00:00:00-04:00,31.821632385253906,32.220115661621094,31.802656173706055,32.08728790283203,22.213890075683594,33182766,0.0,0.0
2016-05-10 00:00:00-04:00,32.09677505493164,32.13472366333008,31.764705657958984,32.06830978393555,22.20075035095215,26125498,0.0,0.0
2016-05-11 00:00:00-04:00,31.745731353759766,31.840606689453125,31.45161247253418,31.461101531982422,21.975431442260742,32037384,0.28463,0.0
2016-05-12 00:00:00-04:00,31.51802635192871,31.574953079223633,31.233396530151367,31.489564895629883,21.99531364440918,26746515,0.0,0.0
2016-05-13 00:00:00-04:00,31.622390747070312,31.736242294311523,31.44212532043457,31.489564895629883,21.99531364440918,21622494,0.0,0.0
2016-05-16 00:00:00-04:00,31.242883682250977,31.717267990112305,31.129032135009766,31.669828414916992,22.121225357055664,23239224,0.0,0.0
2016-05-17 00:00:00-04:00,31.565465927124023,31.631879806518555,31.233396530151367,31.33776092529297,21.88927459716797,33175177,0.0,0.0
2016-05-18 00:00:00-04:00,31.31878662109375,31.669828414916992,31.280834197998047,31.47058868408203,21.98206329345703,21034889,0.0,0.0
2016-05-19 00:00:00-04:00,31.461101531982422,31.717267990112305,31.271347045898438,31.669828414916992,22.121225357055664,28095740,0.0,0.0
2016-05-20 00:00:00-04:00,31.764705657958984,32.16318893432617,31.736242294311523,32.01138687133789,22.35980224609375,36437939,0.0,0.0
2016-05-23 00:00:00-04:00,32.09677505493164,32.17267608642578,31.925996780395508,31.944971084594727,22.313413619995117,25126833,0.0,0.0
2016-05-24 00:00:00-04:00,31.963947296142578,32.4288444519043,31.963947296142578,32.35293960571289,22.598371505737305,29890808,0.0,0.0
2016-05-25 00:00:00-04:00,32.371917724609375,32.637569427490234,32.32447814941406,32.59013366699219,22.764053344726562,22152761,0.0,0.0
2016-05-26 00:00:00-04:00,32.50474548339844,32.87476348876953,32.50474548339844,32.66603469848633,22.81707191467285,26656292,0.0,0.0
2016-05-27 00:00:00-04:00,32.618595123291016,32.96963882446289,32.618595123291016,32.83681106567383,22.936355590820312,21569056,0.0,0.0
2016-05-31 00:00:00-04:00,32.89373779296875,32.96963882446289,32.618595123291016,32.92219924926758,22.996000289916992,34547274,0.0,0.0
2016-06-01 00:00:00-04:00,32.92219924926758,33.149906158447266,32.84629821777344,32.96963882446289,23.029138565063477,24361207,0.0,0.0
2016-06-02 00:00:00-04:00,32.91271209716797,33.19734191894531,32.75142288208008,33.083492279052734,23.108661651611328,31807717,0.0,0.0
2016-06-03 00:00:00-04:00,33.083492279052734,33.092979431152344,32.68500900268555,32.91271209716797,22.989377975463867,28377580,0.0,0.0
2016-06-06 00:00:00-04:00,32.92219924926758,33.19734191894531,32.84629821777344,33.14041519165039,23.148418426513672,21526791,0.0,0.0
2016-06-07 00:00:00-04:00,33.05502700805664,33.19734191894531,32.96963882446289,33.05502700805664,23.08877944946289,24776905,0.0,0.0
2016-06-08 00:00:00-04:00,32.98861312866211,33.51992416381836,32.89373779296875,33.44402313232422,23.360490798950195,23703195,0.0,0.0
2016-06-09 00:00:00-04:00,33.254268646240234,33.68121337890625,33.235294342041016,33.50094985961914,23.400253295898438,25440187,0.0,0.0
2016-06-10 00:00:00-04:00,33.311195373535156,33.57685089111328,33.225807189941406,33.481971740722656,23.387001037597656,21645366,0.0,0.0
2016-06-13 00:00:00-04:00,33.225807189941406,33.34914779663086,32.92219924926758,32.96015167236328,23.022510528564453,31296000,0.0,0.0
2016-06-14 00:00:00-04:00,32.82732391357422,33.235294342041016,32.808349609375,33.19734191894531,23.188182830810547,33410430,0.0,0.0
2016-06-15 00:00:00-04:00,33.2163200378418,33.3870964050293,32.87476348876953,33.007591247558594,23.055644989013672,21372696,0.0,0.0
2016-06-16 00:00:00-04:00,32.90322494506836,33.007591247558594,32.65654754638672,32.96963882446289,23.029138565063477,23540563,0.0,0.0
2016-06-17 00:00:00-04:00,32.99810028076172,33.02656555175781,32.31499099731445,32.466793060302734,22.67790412902832,35423464,0.0,0.0
2016-06-20 00:00:00-04:00,32.713470458984375,32.92219924926758,32.4288444519043,32.73244857788086,22.863460540771484,23814919,0.0,0.0
2016-06-21 00:00:00-04:00,32.74193572998047,33.092979431152344,32.74193572998047,32.96963882446289,23.029138565063477,26725962,0.0,0.0
2016-06-22 00:00:00-04:00,32.96015167236328,33.159393310546875,32.64706039428711,32.703983306884766,22.843576431274414,26515583,0.0,0.0
2016-06-23 00:00:00-04:00,32.92219924926758,32.96015167236328,32.542694091796875,32.81783676147461,22.923105239868164,25111339,0.0,0.0
2016-06-24 00:00:00-04:00,32.06830978393555,32.68500900268555,32.01138687133789,32.2296028137207,22.512226104736328,46376211,0.0,0.0
2016-06-27 00:00:00-04:00,32.06830978393555,32.23908996582031,31.812143325805664,32.06830978393555,22.399564743041992,31359662,0.0,0.0
2016-06-28 00:00:00-04:00,32.4003791809082,32.703983306884766,32.18216323852539,32.67552185058594,22.823698043823242,25068547,0.0,0.0
2016-06-29 00:00:00-04:00,32.84629821777344,33.34914779663086,32.79886245727539,33.2163200378418,23.201446533203125,26206761,0.0,0.0
2016-06-30 00:00:00-04:00,33.339656829833984,33.46299743652344,33.149906158447266,33.406070709228516,23.3339900970459,28451465,0.0,0.0
2016-07-01 00:00:00-04:00,33.34914779663086,33.82352828979492,33.320682525634766,33.74762725830078,23.57255744934082,20371290,0.0,0.0
2016-07-05 00:00:00-04:00,33.71916580200195,34.07969665527344,33.6337776184082,33.9753303527832,23.73160743713379,21972843,0.0,0.0
2016-07-06 00:00:00-04:00,33.98482131958008,34.06072235107422,33.56736373901367,34.022769927978516,23.764745712280273,27226928,0.0,0.0
2016-07-07 00:00:00-04:00,33.956356048583984,34.08918380737305,33.73814010620117,33.937381744384766,23.705101013183594,19081089,0.0,0.0
2016-07-08 00:00:00-04:00,34.041744232177734,34.33586120605469,33.870967864990234,34.26945114135742,23.937053680419922,18752873,0.0,0.0
2016-07-11 00:00:00-04:00,34.22201156616211,34.487667083740234,34.184059143066406,34.29791259765625,23.95693016052246,17406915,0.0,0.0
2016-07-12 00:00:00-04:00,34.29791259765625,34.44022750854492,34.184059143066406,34.38330078125,24.01657485961914,17066368,0.0,0.0
2016-07-13 00:00:00-04:00,34.4212532043457,34.563568115234375,34.35483932495117,34.44971466064453,24.062957763671875,14611497,0.0,0.0
2016-07-14 00:00:00-04:00,34.6204948425293,35.06641387939453,34.39278793334961,35.02846145629883,24.46721649169922,29155116,0.0,0.0
2016-07-15 00:00:00-04:00,35.07590103149414,35.284629821777344,34.75332260131836,34.886146545410156,24.36781120300293,26445387,0.0,0.0
2016-07-18 00:00:00-04:00,34.810245513916016,35.09487533569336,34.67741775512695,34.76280975341797,24.281658172607422,17827567,0.0,0.0
2016-07-19 00:00:00-04:00,34.7912712097168,34.98102569580078,34.67741775512695,34.76280975341797,24.281658172607422,17614975,0.0,0.0
2016-07-20 00:00:00-04:00,35.00948715209961,35.0379524230957,34.800758361816406,34.800758361816406,24.308168411254883,12937112,0.0,0.0
2016-07-21 00:00:00-04:00,34.7912712097168,34.93358612060547,34.648956298828125,34.8292236328125,24.328054428100586,13772091,0.0,0.0
2016-07-22 00:00:00-04:00,34.91461181640625,34.95256042480469,34.800758361816406,34.85768508911133,24.347930908203125,14209501,0.0,0.0
2016-07-25 00:00:00-04:00,34.91461181640625,34.95256042480469,34.639469146728516,34.89563751220703,24.374441146850586,12833293,0.0,0.0
2016-07-26 00:00:00-04:00,34.94307327270508,34.98102569580078,34.77229690551758,34.94307327270508,24.407569885253906,12773953,0.0,0.0
2016-07-27 00:00:00-04:00,34.86717224121094,35.02846145629883,34.77229690551758,34.9620475769043,24.420825958251953,15877456,0.0,0.0
2016-07-28 00:00:00-04:00,34.99051284790039,35.01897430419922,34.629981994628906,34.7912712097168,24.301536560058594,17134878,0.0,0.0
2016-07-29 00:00:00-04:00,34.800758361816406,35.05692672729492,34.77229690551758,35.0,24.44734001159668,22675545,0.0,0.0
2016-08-01 00:00:00-04:00,35.12334060668945,35.47438430786133,35.08538818359375,35.39848327636719,24.725671768188477,29911044,0.0,0.0
2016-08-02 00:00:00-04:00,34.87665939331055,34.93358612060547,34.27893829345703,34.52561569213867,24.115976333618164,34914488,0.0,0.0
2016-08-03 00:00:00-04:00,34.07020950317383,34.108158111572266,33.263755798339844,33.481971740722656,23.58140754699707,44941190,0.28463,0.0
2016-08-04 00:00:00-04:00,33.68121337890625,33.700191497802734,33.34914779663086,33.34914779663086,23.48785972595215,26482593,0.0,0.0
2016-08-05 00:00:00-04:00,33.54838562011719,33.709678649902344,33.41556167602539,33.62428665161133,23.681638717651367,28665006,0.0,0.0
2016-08-08 00:00:00-04:00,33.47248458862305,33.47248458862305,32.93169021606445,33.14041519165039,23.340845108032227,32189687,0.0,0.0
2016-08-09 00:00:00-04:00,33.19734191894531,33.49146270751953,33.11195373535156,33.28273010253906,23.441082000732422,18054388,0.0,0.0
2016-08-10 00:00:00-04:00,33.36812210083008,33.37760925292969,33.12144088745117,33.330169677734375,23.474485397338867,14887328,0.0,0.0
2016-08-11 00:00:00-04:00,33.330169677734375,33.47248458862305,33.30170822143555,33.34914779663086,23.48785972595215,14106841,0.0,0.0
2016-08-12 00:00:00-04:00,33.28273010253906,33.311195373535156,32.96963882446289,33.1878547668457,23.37425422668457,15840777,0.0,0.0
2016-08-15 00:00:00-04:00,33.254268646240234,33.36812210083008,33.14041519165039,33.311195373535156,23.46112823486328,13021116,0.0,0.0
2016-08-16 00:00:00-04:00,33.149906158447266,33.28273010253906,32.98861312866211,33.007591247558594,23.247299194335938,15944174,0.0,0.0
2016-08-17 00:00:00-04:00,32.96963882446289,33.34914779663086,32.96963882446289,33.339656829833984,23.481172561645508,17961109,0.0,0.0
2016-08-18 00:00:00-04:00,33.339656829833984,33.54838562011719,33.19734191894531,33.3870964050293,23.514585494995117,17002390,0.0,0.0
2016-08-19 00:00:00-04:00,33.263755798339844,33.320682525634766,33.04553985595703,33.1878547668457,23.37425422668457,20624777,0.0,0.0
2016-08-22 00:00:00-04:00,33.0170783996582,33.47248458862305,32.9791259765625,33.05502700805664,23.280710220336914,27448690,0.0,0.0
2016-08-23 00:00:00-04:00,33.20683288574219,33.46299743652344,33.12144088745117,33.29222106933594,23.447769165039062,17873627,0.0,0.0
2016-08-24 00:00:00-04:00,33.425048828125,33.56736373901367,32.9791259765625,33.03605270385742,23.26734161376953,23755157,0.0,0.0
2016-08-25 00:00:00-04:00,32.9791259765625,33.3870964050293,32.88425064086914,32.98861312866211,23.233928680419922,19083092,0.0,0.0
2016-08-26 00:00:00-04:00,33.0170783996582,33.30170822143555,32.88425064086914,33.03605270385742,23.26734161376953,19785688,0.0,0.0
2016-08-29 00:00:00-04:00,33.149906158447266,33.36812210083008,33.03605270385742,33.311195373535156,23.46112823486328,15941645,0.0,0.0
2016-08-30 00:00:00-04:00,33.311195373535156,33.37760925292969,33.06451416015625,33.092979431152344,23.307445526123047,15274779,0.0,0.0
2016-08-31 00:00:00-04:00,33.074005126953125,33.149906158447266,32.83681106567383,33.0170783996582,23.253982543945312,21919616,0.0,0.0
2016-09-01 00:00:00-04:00,32.95066452026367,33.149906158447266,32.83681106567383,32.90322494506836,23.173789978027344,16780945,0.0,0.0
2016-09-02 00:00:00-04:00,32.99810028076172,33.05502700805664,32.83681106567383,32.98861312866211,23.233928680419922,15215333,0.0,0.0
2016-09-06 00:00:00-04:00,33.092979431152344,33.19734191894531,32.96963882446289,32.98861312866211,23.233928680419922,17882059,0.0,0.0
2016-09-07 00:00:00-04:00,32.94117736816406,33.10246658325195,32.90322494506836,33.05502700805664,23.280710220336914,15615537,0.0,0.0
2016-09-08 00:00:00-04:00,32.93169021606445,33.02656555175781,32.84629821777344,32.94117736816406,23.200517654418945,19216212,0.0,0.0
2016-09-09 00:00:00-04:00,32.779884338378906,32.81783676147461,32.34345245361328,32.35293960571289,22.786222457885742,23595055,0.0,0.0
2016-09-12 00:00:00-04:00,32.25806427001953,32.95066452026367,32.20113754272461,32.87476348876953,23.15374755859375,20472685,0.0,0.0
2016-09-13 00:00:00-04:00,32.67552185058594,32.67552185058594,32.11574935913086,32.296016693115234,22.746131896972656,21878510,0.0,0.0
2016-09-14 00:00:00-04:00,32.371917724609375,32.59013366699219,32.12523651123047,32.20113754272461,22.679311752319336,19924921,0.0,0.0
2016-09-15 00:00:00-04:00,32.15370178222656,32.5711555480957,31.831119537353516,32.390892028808594,22.81295394897461,21890104,0.0,0.0
2016-09-16 00:00:00-04:00,32.438331604003906,32.466793060302734,32.09677505493164,32.20113754272461,22.679311752319336,26998737,0.0,0.0
2016-09-19 00:00:00-04:00,32.24857711791992,32.286529541015625,31.869070053100586,31.925996780395508,22.485525131225586,18489584,0.0,0.0
2016-09-20 00:00:00-04:00,32.10626220703125,32.20113754272461,31.878557205200195,32.07780075073242,22.59244728088379,14875313,0.0,0.0
2016-09-21 00:00:00-04:00,32.16318893432617,32.5711555480957,32.01138687133789,32.523719787597656,22.906509399414062,16397500,0.0,0.0
2016-09-22 00:00:00-04:00,32.5711555480957,32.66603469848633,32.32447814941406,32.4003791809082,22.819639205932617,17641220,0.0,0.0
2016-09-23 00:00:00-04:00,32.40986633300781,32.609107971191406,32.26755142211914,32.50474548339844,22.893142700195312,13635703,0.0,0.0
2016-09-26 00:00:00-04:00,32.18216323852539,32.26755142211914,31.707780838012695,31.9165096282959,22.478845596313477,31119982,0.0,0.0
2016-09-27 00:00:00-04:00,32.04933547973633,32.14421463012695,31.764705657958984,32.09677505493164,22.60581398010254,16453572,0.0,0.0
2016-09-28 00:00:00-04:00,32.11574935913086,32.25806427001953,31.963947296142578,32.24857711791992,22.712726593017578,15080421,0.0,0.0
2016-09-29 00:00:00-04:00,32.20113754272461,32.32447814941406,31.59392738342285,31.612903594970703,22.265018463134766,26396376,0.0,0.0
2016-09-30 00:00:00-04:00,31.726755142211914,32.27703857421875,31.688804626464844,32.13472366333008,22.632535934448242,30138076,0.0,0.0
2016-10-03 00:00:00-04:00,32.00189971923828,32.00189971923828,31.669828414916992,31.954458236694336,22.505573272705078,18862384,0.0,0.0
2016-10-04 00:00:00-04:00,31.888046264648438,32.17267608642578,31.793169021606445,31.99241065979004,22.532306671142578,22029759,0.0,0.0
2016-10-05 00:00:00-04:00,32.00189971923828,32.23908996582031,31.954458236694336,32.16318893432617,22.652578353881836,14698346,0.0,0.0
2016-10-06 00:00:00-04:00,32.04933547973633,32.06830978393555,31.755218505859375,31.925996780395508,22.485525131225586,16809824,0.0,0.0
2016-10-07 00:00:00-04:00,31.973434448242188,32.25806427001953,31.707780838012695,31.840606689453125,22.42538833618164,15619964,0.0,0.0
2016-10-10 00:00:00-04:00,31.925996780395508,32.10626220703125,31.850095748901367,31.888046264648438,22.458799362182617,17268420,0.0,0.0
2016-10-11 00:00:00-04:00,31.840606689453125,31.850095748901367,31.25237274169922,31.43263816833496,22.138057708740234,18268033,0.0,0.0
2016-10-12 00:00:00-04:00,31.44212532043457,31.537002563476562,31.25237274169922,31.37571144104004,22.097963333129883,15956295,0.0,0.0
2016-10-13 00:00:00-04:00,30.90132713317871,31.214420318603516,30.85388946533203,31.081594467163086,21.890819549560547,25488144,0.0,0.0
2016-10-14 00:00:00-04:00,31.053131103515625,31.214420318603516,30.986717224121094,30.986717224121094,21.823993682861328,16410042,0.0,0.0
2016-10-17 00:00:00-04:00,30.910816192626953,31.034156799316406,30.81593894958496,30.834915161132812,21.717079162597656,17837369,0.0,0.0
2016-10-18 00:00:00-04:00,31.062618255615234,31.185958862304688,30.939279556274414,31.015180587768555,21.84404182434082,15624074,0.0,0.0
2016-10-19 00:00:00-04:00,31.072105407714844,31.166982650756836,30.82542610168457,30.929790496826172,21.783899307250977,17247445,0.0,0.0
2016-10-20 00:00:00-04:00,30.82542610168457,31.062618255615234,30.82542610168457,30.872865676879883,21.74381446838379,20334190,0.0,0.0
2016-10-21 00:00:00-04:00,30.75901222229004,30.7874755859375,30.531309127807617,30.531309127807617,21.503250122070312,19852090,0.0,0.0
2016-10-24 00:00:00-04:00,30.645160675048828,30.70208740234375,30.407970428466797,30.483871459960938,21.46984100341797,20644066,0.0,0.0
2016-10-25 00:00:00-04:00,30.379507064819336,30.71157455444336,30.351043701171875,30.62618637084961,21.570070266723633,20380249,0.0,0.0
2016-10-26 00:00:00-04:00,30.62618637084961,30.929790496826172,30.502845764160156,30.74003791809082,21.650257110595703,18026246,0.0,0.0
2016-10-27 00:00:00-04:00,30.910816192626953,31.129032135009766,30.71157455444336,30.81593894958496,21.703712463378906,19238662,0.0,0.0
2016-10-28 00:00:00-04:00,30.85388946533203,30.891841888427734,30.246679306030273,30.294118881225586,21.336196899414062,30048170,0.0,0.0
2016-10-31 00:00:00-04:00,30.398481369018555,30.398481369018555,29.99051284790039,30.08538818359375,21.18918800354004,37890668,0.0,0.0
2016-11-01 00:00:00-04:00,29.354839324951172,30.094877243041992,29.17457389831543,29.478178024291992,20.76152801513672,57285005,0.0,0.0
2016-11-02 00:00:00-04:00,29.40227699279785,29.44971466064453,28.804553985595703,29.060720443725586,20.467510223388672,38033063,0.0,0.0
2016-11-03 00:00:00-04:00,29.127134323120117,29.127134323120117,28.301708221435547,28.35863494873047,19.973031997680664,38290977,0.0,0.0
2016-11-04 00:00:00-04:00,28.377609252929688,28.814041137695312,28.368120193481445,28.462997436523438,20.046533584594727,36919723,0.0,0.0
2016-11-07 00:00:00-05:00,28.68121337890625,28.880455017089844,28.538898468017578,28.823528289794922,20.30045509338379,32544885,0.0,0.0
2016-11-08 00:00:00-05:00,28.58633804321289,28.889942169189453,28.425046920776367,28.462997436523438,20.2464656829834,37365670,0.28463,0.0
2016-11-09 00:00:00-05:00,31.31878662109375,31.660341262817383,29.88614845275879,30.474382400512695,21.677213668823242,125166505,0.0,0.0
2016-11-10 00:00:00-05:00,31.612903594970703,32.09677505493164,31.166982650756836,31.774194717407227,22.601808547973633,70908061,0.0,0.0
2016-11-11 00:00:00-05:00,31.51802635192871,31.631879806518555,30.540796279907227,30.920303344726562,21.994409561157227,37736994,0.0,0.0
2016-11-14 00:00:00-05:00,31.166982650756836,31.214420318603516,30.483871459960938,30.7210636138916,21.85268783569336,32219094,0.0,0.0
2016-11-15 00:00:00-05:00,31.081594467163086,31.081594467163086,30.246679306030273,30.57874870300293,21.75145149230957,31213472,0.0,0.0
2016-11-16 00:00:00-05:00,30.55028533935547,30.67362403869629,30.294118881225586,30.322580337524414,21.569231033325195,23864246,0.0,0.0
2016-11-17 00:00:00-05:00,30.370019912719727,30.474382400512695,30.056926727294922,30.1043643951416,21.414016723632812,27502549,0.0,0.0
2016-11-18 00:00:00-05:00,30.313093185424805,30.313093185424805,29.829221725463867,29.867172241210938,21.245290756225586,25460846,0.0,0.0
2016-11-21 00:00:00-05:00,29.8956356048584,30.06641387939453,29.876659393310547,29.95256233215332,21.306032180786133,23053931,0.0,0.0
2016-11-22 00:00:00-05:00,30.294118881225586,30.351043701171875,29.459203720092773,29.724857330322266,21.144058227539062,27862279,0.0,0.0
2016-11-23 00:00:00-05:00,29.582542419433594,29.83871078491211,29.060720443725586,29.81024742126465,21.20479965209961,22399924,0.0,0.0
2016-11-25 00:00:00-05:00,29.98102569580078,30.11385154724121,29.93358612060547,30.06641387939453,21.38701629638672,11017357,0.0,0.0
2016-11-28 00:00:00-05:00,30.06641387939453,30.208728790283203,29.88614845275879,29.92409896850586,21.28577995300293,18692901,0.0,0.0
2016-11-29 00:00:00-05:00,30.218215942382812,30.332067489624023,29.99051284790039,30.284629821777344,21.542238235473633,22810879,0.0,0.0
2016-11-30 00:00:00-05:00,30.341556549072266,30.71157455444336,30.123340606689453,30.493358612060547,21.690715789794922,40599553,0.0,0.0
2016-12-01 00:00:00-05:00,30.59772300720215,30.59772300720215,29.791271209716797,29.84819793701172,21.231794357299805,32259146,0.0,0.0
2016-12-02 00:00:00-05:00,29.92409896850586,30.1043643951416,29.753320693969727,30.00948715209961,21.34652328491211,20034221,0.0,0.0
2016-12-05 00:00:00-05:00,30.11385154724121,30.142314910888672,29.781784057617188,29.97153663635254,21.319536209106445,20342516,0.0,0.0
2016-12-06 00:00:00-05:00,30.02846336364746,30.07590103149414,29.819734573364258,29.943073272705078,21.299283981323242,18662967,0.0,0.0
2016-12-07 00:00:00-05:00,29.724857330322266,29.724857330322266,29.041746139526367,29.592029571533203,21.049571990966797,46432600,0.0,0.0
2016-12-08 00:00:00-05:00,29.25996208190918,29.506641387939453,28.946868896484375,29.354839324951172,20.880857467651367,37409622,0.0,0.0
2016-12-09 00:00:00-05:00,29.516128540039062,30.284629821777344,29.497154235839844,30.07590103149414,21.393762588500977,30935743,0.0,0.0
2016-12-12 00:00:00-05:00,30.07590103149414,30.977230072021484,30.03795051574707,30.74003791809082,21.86618995666504,33997508,0.0,0.0
2016-12-13 00:00:00-05:00,31.129032135009766,31.195446014404297,30.891841888427734,31.148008346557617,22.15638542175293,30313356,0.0,0.0
2016-12-14 00:00:00-05:00,31.233396530151367,31.59392738342285,30.967742919921875,31.138519287109375,22.149635314941406,38309843,0.0,0.0
2016-12-15 00:00:00-05:00,30.958253860473633,31.271347045898438,30.929790496826172,31.072105407714844,22.10239601135254,22004463,0.0,0.0
2016-12-16 00:00:00-05:00,31.195446014404297,31.25237274169922,30.85388946533203,31.157495498657227,22.163135528564453,39615012,0.0,0.0
2016-12-19 00:00:00-05:00,31.081594467163086,31.280834197998047,31.043643951416016,31.148008346557617,22.15638542175293,26276958,0.0,0.0
2016-12-20 00:00:00-05:00,31.100568771362305,31.195446014404297,30.90132713317871,31.166982650756836,22.169883728027344,26428312,0.0,0.0
2016-12-21 00:00:00-05:00,31.053131103515625,31.242883682250977,30.67362403869629,30.74003791809082,21.86618995666504,19751644,0.0,0.0
2016-12-22 00:00:00-05:00,30.63567352294922,30.76850128173828,30.407970428466797,30.6831111907959,21.82569122314453,19618418,0.0,0.0
2016-12-23 00:00:00-05:00,30.74952507019043,30.891841888427734,30.70208740234375,30.81593894958496,21.920175552368164,11387943,0.0,0.0
2016-12-27 00:00:00-05:00,30.90132713317871,31.043643951416016,30.81593894958496,30.863378524780273,21.953920364379883,11826302,0.0,0.0
2016-12-28 00:00:00-05:00,30.834915161132812,31.015180587768555,30.6831111907959,30.69260025024414,21.832443237304688,14691495,0.0,0.0
2016-12-29 00:00:00-05:00,30.73055076599121,30.948766708374023,30.71157455444336,30.82542610168457,21.92691993713379,14827250,0.0,0.0
2016-12-30 00:00:00-05:00,30.6831111907959,30.929790496826172,30.65464973449707,30.81593894958496,21.920175552368164,19885396,0.0,0.0
2017-01-03 00:00:00-05:00,31.024667739868164,31.309297561645508,30.920303344726562,31.309297561645508,22.2711124420166,23391844,0.0,0.0
2017-01-04 00:00:00-05:00,31.43263816833496,31.64136505126953,31.33776092529297,31.584440231323242,22.466827392578125,22753963,0.0,0.0
2017-01-05 00:00:00-05:00,31.660341262817383,31.963947296142578,31.42314910888672,31.888046264648438,22.682788848876953,21083584,0.0,0.0
2017-01-06 00:00:00-05:00,31.935483932495117,31.973434448242188,31.631879806518555,31.764705657958984,22.59505271911621,18418228,0.0,0.0
2017-01-09 00:00:00-05:00,31.717267990112305,31.944971084594727,31.669828414916992,31.755218505859375,22.58831214904785,21559886,0.0,0.0
2017-01-10 00:00:00-05:00,31.869070053100586,31.935483932495117,31.612903594970703,31.726755142211914,22.568063735961914,20444754,0.0,0.0
2017-01-11 00:00:00-05:00,31.660341262817383,31.821632385253906,30.74003791809082,31.148008346557617,22.15638542175293,42623128,0.0,0.0
2017-01-12 00:00:00-05:00,30.863378524780273,30.948766708374023,30.645160675048828,30.929790496826172,22.001163482666016,33475989,0.0,0.0
2017-01-13 00:00:00-05:00,30.996204376220703,31.100568771362305,30.67362403869629,30.85388946533203,21.947174072265625,21386925,0.0,0.0
2017-01-17 00:00:00-05:00,30.69260025024414,30.7210636138916,30.15180206298828,30.417457580566406,21.63672637939453,33838143,0.0,0.0
2017-01-18 00:00:00-05:00,30.445920944213867,30.62618637084961,30.313093185424805,30.388994216918945,21.616477966308594,22629064,0.0,0.0
2017-01-19 00:00:00-05:00,30.417457580566406,30.445920944213867,29.91461181640625,30.07590103149414,21.393762588500977,27555881,0.0,0.0
2017-01-20 00:00:00-05:00,30.094877243041992,30.474382400512695,30.03795051574707,30.142314910888672,21.441007614135742,31788324,0.0,0.0
2017-01-23 00:00:00-05:00,30.056926727294922,30.18975257873535,29.829221725463867,29.84819793701172,21.231794357299805,26098094,0.0,0.0
2017-01-24 00:00:00-05:00,29.791271209716797,29.84819793701172,29.3168888092041,29.554079055786133,21.022579193115234,31225172,0.0,0.0
2017-01-25 00:00:00-05:00,29.753320693969727,29.905122756958008,29.506641387939453,29.686906814575195,21.117067337036133,33905283,0.0,0.0
2017-01-26 00:00:00-05:00,29.791271209716797,29.857685089111328,29.601518630981445,29.677419662475586,21.110315322875977,28653517,0.0,0.0
2017-01-27 00:00:00-05:00,29.857685089111328,29.92409896850586,29.658443450927734,29.81024742126465,21.20479965209961,25353654,0.0,0.0
2017-01-30 00:00:00-05:00,29.857685089111328,29.88614845275879,29.468690872192383,29.705881118774414,21.13056182861328,28947899,0.0,0.0
2017-01-31 00:00:00-05:00,29.42125129699707,30.294118881225586,29.34535026550293,30.1043643951416,21.414016723632812,39472300,0.0,0.0
2017-02-01 00:00:00-05:00,29.8956356048584,30.06641387939453,29.658443450927734,30.04743766784668,21.591266632080078,30031938,0.303605,0.0
2017-02-02 00:00:00-05:00,29.857685089111328,30.1043643951416,29.715370178222656,30.1043643951416,21.632179260253906,24634404,0.0,0.0
2017-02-03 00:00:00-05:00,30.407970428466797,30.58823585510254,30.284629821777344,30.445920944213867,21.877613067626953,37935252,0.0,0.0
2017-02-06 00:00:00-05:00,30.360530853271484,30.67362403869629,30.303604125976562,30.57874870300293,21.973052978515625,25859258,0.0,0.0
2017-02-07 00:00:00-05:00,30.66413688659668,30.69260025024414,30.303604125976562,30.436433792114258,21.87078857421875,24781648,0.0,0.0
2017-02-08 00:00:00-05:00,30.284629821777344,30.69260025024414,30.284629821777344,30.493358612060547,21.911697387695312,20194745,0.0,0.0
2017-02-09 00:00:00-05:00,30.493358612060547,30.872865676879883,30.493358612060547,30.7210636138916,22.075319290161133,25102380,0.0,0.0
2017-02-10 00:00:00-05:00,30.74952507019043,30.7874755859375,30.57874870300293,30.69260025024414,22.054868698120117,23090189,0.0,0.0
2017-02-13 00:00:00-05:00,30.77798843383789,31.015180587768555,30.77798843383789,30.939279556274414,22.232120513916016,21733585,0.0,0.0
2017-02-14 00:00:00-05:00,30.863378524780273,31.091081619262695,30.69260025024414,31.072105407714844,22.327571868896484,24205532,0.0,0.0
2017-02-15 00:00:00-05:00,31.100568771362305,31.859582901000977,31.015180587768555,31.793169021606445,22.845701217651367,48035523,0.0,0.0
2017-02-16 00:00:00-05:00,31.736242294311523,32.15370178222656,31.51802635192871,31.897533416748047,22.920700073242188,40402244,0.0,0.0
2017-02-17 00:00:00-05:00,31.869070053100586,32.15370178222656,31.812143325805664,31.897533416748047,22.920700073242188,36882306,0.0,0.0
2017-02-21 00:00:00-05:00,31.850095748901367,32.06830978393555,31.764705657958984,31.897533416748047,22.920700073242188,25391598,0.0,0.0
2017-02-22 00:00:00-05:00,31.850095748901367,32.0208740234375,31.546489715576172,31.869070053100586,22.900245666503906,28676494,0.0,0.0
2017-02-23 00:00:00-05:00,31.973434448242188,32.371917724609375,31.859582901000977,32.31499099731445,23.220672607421875,32122863,0.0,0.0
2017-02-24 00:00:00-05:00,32.41935348510742,32.59013366699219,32.24857711791992,32.50474548339844,23.35702133178711,26046448,0.0,0.0
2017-02-27 00:00:00-05:00,32.476280212402344,32.694496154785156,32.40986633300781,32.523719787597656,23.37066078186035,23009136,0.0,0.0
2017-02-28 00:00:00-05:00,32.35293960571289,32.50474548339844,32.17267608642578,32.371917724609375,23.261579513549805,28964658,0.0,0.0
2017-03-01 00:00:00-05:00,32.51423263549805,32.76091003417969,32.305503845214844,32.65654754638672,23.466100692749023,34034925,0.0,0.0
2017-03-02 00:00:00-05:00,32.694496154785156,32.96963882446289,32.65654754638672,32.74193572998047,23.527463912963867,26952993,0.0,0.0
2017-03-03 00:00:00-05:00,32.74193572998047,32.87476348876953,32.5996208190918,32.75142288208008,23.534278869628906,19800760,0.0,0.0
2017-03-06 00:00:00-05:00,32.5711555480957,32.703983306884766,32.33396530151367,32.59013366699219,23.418378829956055,19174263,0.0,0.0
2017-03-07 00:00:00-05:00,32.13472366333008,32.447818756103516,32.0208740234375,32.24857711791992,23.17295265197754,30783335,0.0,0.0
2017-03-08 00:00:00-05:00,32.17267608642578,32.35293960571289,31.99241065979004,32.17267608642578,23.118408203125,23870360,0.0,0.0
2017-03-09 00:00:00-05:00,32.14421463012695,32.390892028808594,32.04933547973633,32.305503845214844,23.21385383605957,20199594,0.0,0.0
2017-03-10 00:00:00-05:00,32.390892028808594,32.561668395996094,32.25806427001953,32.362430572509766,23.254758834838867,20214666,0.0,0.0
2017-03-13 00:00:00-04:00,32.390892028808594,32.4003791809082,32.17267608642578,32.362430572509766,23.254758834838867,19988056,0.0,0.0
2017-03-14 00:00:00-04:00,32.27703857421875,32.5711555480957,32.23908996582031,32.466793060302734,23.329753875732422,15563469,0.0,0.0
2017-03-15 00:00:00-04:00,32.466793060302734,32.92219924926758,32.4288444519043,32.85578536987305,23.609272003173828,24279839,0.0,0.0
2017-03-16 00:00:00-04:00,32.79886245727539,32.85578536987305,32.49525451660156,32.66603469848633,23.472923278808594,21816219,0.0,0.0
2017-03-17 00:00:00-04:00,32.694496154785156,32.808349609375,32.51423263549805,32.561668395996094,23.397926330566406,45736117,0.0,0.0
2017-03-20 00:00:00-04:00,32.637569427490234,32.73244857788086,32.561668395996094,32.618595123291016,23.43883514404297,18435514,0.0,0.0
2017-03-21 00:00:00-04:00,32.713470458984375,32.83681106567383,32.4288444519043,32.49525451660156,23.35020637512207,33083479,0.0,0.0
2017-03-22 00:00:00-04:00,32.542694091796875,32.7703971862793,32.24857711791992,32.703983306884766,23.500192642211914,27528267,0.0,0.0
2017-03-23 00:00:00-04:00,32.561668395996094,32.78937530517578,32.476280212402344,32.533206939697266,23.37747573852539,21378704,0.0,0.0
2017-03-24 00:00:00-04:00,32.51423263549805,32.51423263549805,32.20113754272461,32.25806427001953,23.179771423339844,28583110,0.0,0.0
2017-03-27 00:00:00-04:00,32.01138687133789,32.552181243896484,32.01138687133789,32.4288444519043,23.30248260498047,18852055,0.0,0.0
2017-03-28 00:00:00-04:00,32.31499099731445,32.50474548339844,32.2296028137207,32.40986633300781,23.288846969604492,19327725,0.0,0.0
2017-03-29 00:00:00-04:00,32.40986633300781,32.68500900268555,32.362430572509766,32.5711555480957,23.404743194580078,18214174,0.0,0.0
2017-03-30 00:00:00-04:00,32.438331604003906,32.67552185058594,32.4003791809082,32.59013366699219,23.418378829956055,15803465,0.0,0.0
2017-03-31 00:00:00-04:00,32.457305908203125,32.618595123291016,32.40986633300781,32.457305908203125,23.322933197021484,19616837,0.0,0.0
2017-04-03 00:00:00-04:00,32.362430572509766,32.59013366699219,32.35293960571289,32.48576736450195,23.3433895111084,19064752,0.0,0.0
2017-04-04 00:00:00-04:00,32.4288444519043,32.73244857788086,32.305503845214844,32.58064651489258,23.41156768798828,20324177,0.0,0.0
2017-04-05 00:00:00-04:00,32.5711555480957,32.75142288208008,32.4003791809082,32.438331604003906,23.30930519104004,20321225,0.0,0.0
2017-04-06 00:00:00-04:00,32.390892028808594,32.59013366699219,32.31499099731445,32.362430572509766,23.254758834838867,17164706,0.0,0.0
2017-04-07 00:00:00-04:00,32.34345245361328,32.49525451660156,32.296016693115234,32.35293960571289,23.24793815612793,14728069,0.0,0.0
2017-04-10 00:00:00-04:00,32.381404876708984,32.466793060302734,32.2296028137207,32.296016693115234,23.2070369720459,16852722,0.0,0.0
2017-04-11 00:00:00-04:00,32.27703857421875,32.33396530151367,32.01138687133789,32.191650390625,23.132043838500977,20155642,0.0,0.0
2017-04-12 00:00:00-04:00,32.14421463012695,32.24857711791992,31.982921600341797,32.18216323852539,23.125226974487305,26022628,0.0,0.0
2017-04-13 00:00:00-04:00,32.14421463012695,32.27703857421875,32.08728790283203,32.14421463012695,23.09795379638672,13560553,0.0,0.0
2017-04-17 00:00:00-04:00,32.16318893432617,32.305503845214844,32.08728790283203,32.25806427001953,23.179771423339844,15963462,0.0,0.0
2017-04-18 00:00:00-04:00,32.03036117553711,32.14421463012695,31.935483932495117,32.10626220703125,23.070688247680664,22293365,0.0,0.0
2017-04-19 00:00:00-04:00,32.11574935913086,32.17267608642578,31.831119537353516,31.888046264648438,22.913877487182617,25204302,0.0,0.0
2017-04-20 00:00:00-04:00,31.907020568847656,32.13472366333008,31.764705657958984,32.01138687133789,23.00250816345215,19339319,0.0,0.0
2017-04-21 00:00:00-04:00,31.9165096282959,32.00189971923828,31.755218505859375,31.9165096282959,22.93433380126953,25552227,0.0,0.0
2017-04-24 00:00:00-04:00,32.23908996582031,32.286529541015625,31.925996780395508,32.01138687133789,23.00250816345215,22438501,0.0,0.0
2017-04-25 00:00:00-04:00,32.08728790283203,32.220115661621094,31.982921600341797,32.03036117553711,23.016138076782227,19756176,0.0,0.0
2017-04-26 00:00:00-04:00,32.12523651123047,32.286529541015625,32.11574935913086,32.11574935913086,23.077499389648438,20884483,0.0,0.0
2017-04-27 00:00:00-04:00,32.220115661621094,32.27703857421875,32.03984832763672,32.12523651123047,23.084320068359375,15633139,0.0,0.0
2017-04-28 00:00:00-04:00,32.14421463012695,32.20113754272461,32.0208740234375,32.18216323852539,23.125226974487305,16842077,0.0,0.0
2017-05-01 00:00:00-04:00,32.15370178222656,32.24857711791992,32.03984832763672,32.04933547973633,23.029783248901367,23910833,0.0,0.0
2017-05-02 00:00:00-04:00,31.859582901000977,31.99241065979004,31.195446014404297,31.888046264648438,22.913877487182617,42965678,0.0,0.0
2017-05-03 00:00:00-04:00,31.764705657958984,31.869070053100586,31.59392738342285,31.755218505859375,22.818437576293945,26155748,0.0,0.0
2017-05-04 00:00:00-04:00,31.726755142211914,31.869070053100586,31.612903594970703,31.736242294311523,22.804794311523438,26897869,0.0,0.0
2017-05-05 00:00:00-04:00,31.726755142211914,31.764705657958984,31.52751350402832,31.764705657958984,22.82524871826172,22999966,0.0,0.0
2017-05-08 00:00:00-04:00,31.688804626464844,31.897533416748047,31.64136505126953,31.736242294311523,22.804794311523438,24781543,0.0,0.0
2017-05-09 00:00:00-04:00,31.736242294311523,31.869070053100586,31.64136505126953,31.669828414916992,22.7570743560791,18028248,0.0,0.0
2017-05-10 00:00:00-04:00,31.309297561645508,31.42314910888672,31.214420318603516,31.33776092529297,22.73642349243164,34829852,0.303605,0.0
2017-05-11 00:00:00-04:00,31.2998104095459,31.44212532043457,31.166982650756836,31.347248077392578,22.743310928344727,26421567,0.0,0.0
2017-05-12 00:00:00-04:00,31.204933166503906,31.37571144104004,31.204933166503906,31.31878662109375,22.722660064697266,18589187,0.0,0.0
2017-05-15 00:00:00-04:00,31.280834197998047,31.48007583618164,31.119544982910156,31.42314910888672,22.798377990722656,20530444,0.0,0.0
2017-05-16 00:00:00-04:00,30.891841888427734,31.119544982910156,30.73055076599121,30.929790496826172,22.44043731689453,42437834,0.0,0.0
2017-05-17 00:00:00-04:00,30.929790496826172,30.929790496826172,30.559772491455078,30.57874870300293,22.185739517211914,29931281,0.0,0.0
2017-05-18 00:00:00-04:00,30.55028533935547,30.75901222229004,30.426944732666016,30.569259643554688,22.178855895996094,24874822,0.0,0.0
2017-05-19 00:00:00-04:00,30.645160675048828,30.796964645385742,30.540796279907227,30.796964645385742,22.344057083129883,29885432,0.0,0.0
2017-05-22 00:00:00-04:00,30.834915161132812,30.834915161132812,30.474382400512695,30.474382400512695,22.110017776489258,26725962,0.0,0.0
2017-05-23 00:00:00-04:00,30.474382400512695,30.62618637084961,30.436433792114258,30.493358612060547,22.123788833618164,18517410,0.0,0.0
2017-05-24 00:00:00-04:00,30.521821975708008,30.62618637084961,30.332067489624023,30.407970428466797,22.061838150024414,23576821,0.0,0.0
2017-05-25 00:00:00-04:00,30.417457580566406,30.55028533935547,30.332067489624023,30.5123348236084,22.13755989074707,18227244,0.0,0.0
2017-05-26 00:00:00-04:00,30.531309127807617,30.63567352294922,30.455408096313477,30.493358612060547,22.123788833618164,12330746,0.0,0.0
2017-05-30 00:00:00-04:00,30.417457580566406,30.65464973449707,30.379507064819336,30.483871459960938,22.11690902709961,16913643,0.0,0.0
2017-05-31 00:00:00-04:00,30.62618637084961,31.110057830810547,30.483871459960938,30.977230072021484,22.474853515625,30585499,0.0,0.0
2017-06-01 00:00:00-04:00,30.996204376220703,31.166982650756836,30.85388946533203,31.034156799316406,22.516151428222656,25184803,0.0,0.0
2017-06-02 00:00:00-04:00,31.091081619262695,31.195446014404297,30.77798843383789,30.872865676879883,22.399133682250977,21984543,0.0,0.0
2017-06-05 00:00:00-04:00,30.844402313232422,30.910816192626953,30.55028533935547,30.69260025024414,22.268342971801758,14994836,0.0,0.0
2017-06-06 00:00:00-04:00,30.645160675048828,30.71157455444336,30.398481369018555,30.426944732666016,22.07560920715332,18831186,0.0,0.0
2017-06-07 00:00:00-04:00,30.436433792114258,30.5123348236084,30.265655517578125,30.360530853271484,22.02741813659668,17479641,0.0,0.0
2017-06-08 00:00:00-04:00,30.360530853271484,30.455408096313477,30.04743766784668,30.123340606689453,21.855329513549805,35620773,0.0,0.0
2017-06-09 00:00:00-04:00,30.180265426635742,31.119544982910156,30.11385154724121,31.091081619262695,22.557449340820312,31764609,0.0,0.0
2017-06-12 00:00:00-04:00,31.091081619262695,31.39468765258789,31.024667739868164,31.024667739868164,22.5092716217041,30435515,0.0,0.0
2017-06-13 00:00:00-04:00,31.034156799316406,31.100568771362305,30.85388946533203,30.910816192626953,22.426666259765625,18093913,0.0,0.0
2017-06-14 00:00:00-04:00,30.920303344726562,31.081594467163086,30.796964645385742,31.015180587768555,22.50238609313965,14568177,0.0,0.0
2017-06-15 00:00:00-04:00,30.948766708374023,31.33776092529297,30.891841888427734,31.129032135009766,22.584991455078125,19952115,0.0,0.0
2017-06-16 00:00:00-04:00,31.29032325744629,31.43263816833496,31.129032135009766,31.280834197998047,22.695127487182617,33600044,0.0,0.0
2017-06-19 00:00:00-04:00,31.25237274169922,31.546489715576172,31.223909378051758,31.51802635192871,22.867212295532227,21922146,0.0,0.0
2017-06-20 00:00:00-04:00,31.5085391998291,32.0208740234375,31.45161247253418,31.840606689453125,23.101253509521484,27473775,0.0,0.0
2017-06-21 00:00:00-04:00,31.859582901000977,32.35293960571289,31.859582901000977,32.14421463012695,23.321531295776367,27134492,0.0,0.0
2017-06-22 00:00:00-04:00,32.21062469482422,32.713470458984375,32.18216323852539,32.31499099731445,23.4454345703125,23352529,0.0,0.0
2017-06-23 00:00:00-04:00,32.33396530151367,32.466793060302734,32.2296028137207,32.41935348510742,23.521154403686523,31668800,0.0,0.0
2017-06-26 00:00:00-04:00,32.40986633300781,32.457305908203125,32.2296028137207,32.296016693115234,23.431669235229492,14937604,0.0,0.0
2017-06-27 00:00:00-04:00,32.381404876708984,32.381404876708984,32.0208740234375,32.03984832763672,23.24580955505371,16089942,0.0,0.0
2017-06-28 00:00:00-04:00,32.12523651123047,32.24857711791992,31.925996780395508,32.0208740234375,23.232044219970703,15594035,0.0,0.0
2017-06-29 00:00:00-04:00,32.0208740234375,32.13472366333008,31.660341262817383,31.907020568847656,23.149444580078125,15724837,0.0,0.0
2017-06-30 00:00:00-04:00,32.00189971923828,32.06830978393555,31.793169021606445,31.869070053100586,23.121904373168945,14242175,0.0,0.0
2017-07-03 00:00:00-04:00,31.764705657958984,32.2296028137207,31.755218505859375,32.08728790283203,23.280229568481445,8971964,0.0,0.0
2017-07-05 00:00:00-04:00,32.20113754272461,32.21062469482422,31.774194717407227,31.9165096282959,23.156320571899414,17072270,0.0,0.0
2017-07-06 00:00:00-04:00,31.9165096282959,31.944971084594727,31.44212532043457,31.51802635192871,22.867212295532227,14676318,0.0,0.0
2017-07-07 00:00:00-04:00,31.546489715576172,31.650854110717773,31.32827377319336,31.64136505126953,22.956701278686523,17914522,0.0,0.0
2017-07-10 00:00:00-04:00,31.650854110717773,31.812143325805664,31.537002563476562,31.698291778564453,22.99800682067871,14256720,0.0,0.0
2017-07-11 00:00:00-04:00,31.688804626464844,31.755218505859375,31.356735229492188,31.47058868408203,22.832794189453125,12874083,0.0,0.0
2017-07-12 00:00:00-04:00,31.631879806518555,31.812143325805664,31.49905014038086,31.51802635192871,22.867212295532227,14577979,0.0,0.0
2017-07-13 00:00:00-04:00,31.51802635192871,31.631879806518555,31.2998104095459,31.574953079223633,22.90851593017578,14112006,0.0,0.0
2017-07-14 00:00:00-04:00,31.565465927124023,31.831119537353516,31.537002563476562,31.717267990112305,23.011768341064453,13175843,0.0,0.0
2017-07-17 00:00:00-04:00,31.726755142211914,31.755218505859375,31.44212532043457,31.546489715576172,22.887863159179688,17733866,0.0,0.0
2017-07-18 00:00:00-04:00,31.52751350402832,31.679317474365234,31.347248077392578,31.650854110717773,22.96358299255371,15356148,0.0,0.0
2017-07-19 00:00:00-04:00,31.660341262817383,31.963947296142578,31.603416442871094,31.897533416748047,23.14255714416504,19825951,0.0,0.0
2017-07-20 00:00:00-04:00,31.755218505859375,31.973434448242188,31.631879806518555,31.821632385253906,23.08749008178711,17870043,0.0,0.0
2017-07-21 00:00:00-04:00,31.755218505859375,31.859582901000977,31.679317474365234,31.764705657958984,23.046184539794922,12673718,0.0,0.0
2017-07-24 00:00:00-04:00,31.669828414916992,31.736242294311523,31.47058868408203,31.612903594970703,22.936052322387695,15558937,0.0,0.0
2017-07-25 00:00:00-04:00,31.669828414916992,31.764705657958984,31.31878662109375,31.4041748046875,22.78461456298828,20856025,0.0,0.0
2017-07-26 00:00:00-04:00,31.39468765258789,31.4041748046875,31.148008346557617,31.204933166503906,22.64005470275879,16572674,0.0,0.0
2017-07-27 00:00:00-04:00,31.110057830810547,31.309297561645508,31.015180587768555,31.309297561645508,22.71577262878418,17561221,0.0,0.0
2017-07-28 00:00:00-04:00,31.36622428894043,31.47058868408203,31.129032135009766,31.45161247253418,22.819028854370117,17116117,0.0,0.0
2017-07-31 00:00:00-04:00,31.5085391998291,31.679317474365234,31.44212532043457,31.461101531982422,22.82591438293457,23169660,0.0,0.0
2017-08-01 00:00:00-04:00,31.347248077392578,31.59392738342285,31.043643951416016,31.38519859313965,22.770845413208008,28072552,0.0,0.0
2017-08-02 00:00:00-04:00,31.185958862304688,31.233396530151367,31.024667739868164,31.233396530151367,22.882057189941406,30412116,0.303605,0.0
2017-08-03 00:00:00-04:00,31.261859893798828,32.07780075073242,31.176471710205078,31.717267990112305,23.236547470092773,28739945,0.0,0.0
2017-08-04 00:00:00-04:00,31.859582901000977,32.25806427001953,31.764705657958984,31.9165096282959,23.38251304626465,27183398,0.0,0.0
2017-08-07 00:00:00-04:00,31.831119537353516,31.869070053100586,31.546489715576172,31.603416442871094,23.153141021728516,13188280,0.0,0.0
2017-08-08 00:00:00-04:00,31.622390747070312,31.745731353759766,31.51802635192871,31.574953079223633,23.13228988647461,16986475,0.0,0.0
2017-08-09 00:00:00-04:00,31.631879806518555,31.745731353759766,31.461101531982422,31.736242294311523,23.250444412231445,15807681,0.0,0.0
2017-08-10 00:00:00-04:00,31.660341262817383,31.831119537353516,31.5085391998291,31.707780838012695,23.22960090637207,19062539,0.0,0.0
2017-08-11 00:00:00-04:00,31.783681869506836,31.850095748901367,31.5085391998291,31.546489715576172,23.111431121826172,13626639,0.0,0.0
2017-08-14 00:00:00-04:00,31.622390747070312,31.660341262817383,31.44212532043457,31.603416442871094,23.153141021728516,13482241,0.0,0.0
2017-08-15 00:00:00-04:00,31.631879806518555,31.812143325805664,31.55597686767578,31.669828414916992,23.20179557800293,18048801,0.0,0.0
2017-08-16 00:00:00-04:00,31.622390747070312,31.774194717407227,31.55597686767578,31.650854110717773,23.187891006469727,11128764,0.0,0.0
2017-08-17 00:00:00-04:00,31.584440231323242,31.736242294311523,31.261859893798828,31.261859893798828,22.902904510498047,15661175,0.0,0.0
2017-08-18 00:00:00-04:00,31.223909378051758,31.280834197998047,30.977230072021484,30.996204376220703,22.708284378051758,16326565,0.0,0.0
2017-08-21 00:00:00-04:00,30.929790496826172,31.185958862304688,30.66413688659668,31.081594467163086,22.770849227905273,17848752,0.0,0.0
2017-08-22 00:00:00-04:00,31.081594467163086,31.51802635192871,31.024667739868164,31.45161247253418,23.04192543029785,14178619,0.0,0.0
2017-08-23 00:00:00-04:00,31.37571144104004,31.679317474365234,31.37571144104004,31.537002563476562,23.104480743408203,16989953,0.0,0.0
2017-08-24 00:00:00-04:00,31.660341262817383,31.688804626464844,31.47058868408203,31.52751350402832,23.0975284576416,12140394,0.0,0.0
2017-08-25 00:00:00-04:00,31.574953079223633,31.897533416748047,31.52751350402832,31.679317474365234,23.2087459564209,15171171,0.0,0.0
2017-08-28 00:00:00-04:00,31.783681869506836,31.897533416748047,31.698291778564453,31.755218505859375,23.264352798461914,13033026,0.0,0.0
2017-08-29 00:00:00-04:00,31.717267990112305,31.831119537353516,31.537002563476562,31.783681869506836,23.285202026367188,12884096,0.0,0.0
2017-08-30 00:00:00-04:00,31.764705657958984,31.764705657958984,31.546489715576172,31.736242294311523,23.250444412231445,12394935,0.0,0.0
2017-08-31 00:00:00-04:00,31.783681869506836,32.27703857421875,31.764705657958984,32.18216323852539,23.577138900756836,27300497,0.0,0.0
2017-09-01 00:00:00-04:00,32.20113754272461,32.381404876708984,32.08728790283203,32.220115661621094,23.60494613647461,19160771,0.0,0.0
2017-09-05 00:00:00-04:00,32.14421463012695,32.41935348510742,32.0208740234375,32.06830978393555,23.493724822998047,15068616,0.0,0.0
2017-09-06 00:00:00-04:00,32.21062469482422,32.362430572509766,32.17267608642578,32.24857711791992,23.62579917907715,13925764,0.0,0.0
2017-09-07 00:00:00-04:00,32.296016693115234,32.381404876708984,32.07780075073242,32.24857711791992,23.62579917907715,18831923,0.0,0.0
2017-09-08 00:00:00-04:00,32.21062469482422,32.49525451660156,32.06830978393555,32.35293960571289,23.702245712280273,16276290,0.0,0.0
2017-09-11 00:00:00-04:00,32.34345245361328,32.58064651489258,32.23908996582031,32.561668395996094,23.85516357421875,17263993,0.0,0.0
2017-09-12 00:00:00-04:00,32.618595123291016,33.91840744018555,32.5996208190918,33.55787658691406,24.585004806518555,39268351,0.0,0.0
2017-09-13 00:00:00-04:00,33.45351028442383,33.61479949951172,33.178367614746094,33.263755798339844,24.369529724121094,22115450,0.0,0.0
2017-09-14 00:00:00-04:00,33.254268646240234,34.0037956237793,33.20683288574219,33.89942932128906,24.835233688354492,28907847,0.0,0.0
2017-09-15 00:00:00-04:00,33.776092529296875,33.88994216918945,33.43453598022461,33.54838562011719,24.57805061340332,30430139,0.0,0.0
2017-09-18 00:00:00-04:00,33.56736373901367,33.72865295410156,33.406070709228516,33.72865295410156,24.710121154785156,17850755,0.0,0.0
2017-09-19 00:00:00-04:00,33.83301544189453,33.83301544189453,33.53889846801758,33.6337776184082,24.640613555908203,16539579,0.0,0.0
2017-09-20 00:00:00-04:00,34.08918380737305,34.35483932495117,33.9753303527832,34.14611053466797,25.015958786010742,27066825,0.0,0.0
2017-09-21 00:00:00-04:00,34.2125244140625,34.33586120605469,34.07020950317383,34.12713623046875,25.00204849243164,16580579,0.0,0.0
2017-09-22 00:00:00-04:00,34.25047302246094,34.26945114135742,33.937381744384766,34.117645263671875,24.99510383605957,15394092,0.0,0.0
2017-09-25 00:00:00-04:00,34.06072235107422,34.184059143066406,33.62428665161133,33.69070053100586,24.68231773376465,23379828,0.0,0.0
2017-09-26 00:00:00-04:00,33.69070053100586,33.82352828979492,33.43453598022461,33.49146270751953,24.53635025024414,18508029,0.0,0.0
2017-09-27 00:00:00-04:00,33.44402313232422,33.709678649902344,33.3870964050293,33.6337776184082,24.640613555908203,15502759,0.0,0.0
2017-09-28 00:00:00-04:00,33.46299743652344,33.946868896484375,33.41556167602539,33.776092529296875,24.744869232177734,19038086,0.0,0.0
2017-09-29 00:00:00-04:00,33.81404113769531,33.870967864990234,33.53889846801758,33.870967864990234,24.81438446044922,16867900,0.0,0.0
2017-10-02 00:00:00-04:00,33.842506408691406,34.25047302246094,33.67172622680664,34.22201156616211,25.071561813354492,17541300,0.0,0.0
2017-10-03 00:00:00-04:00,34.1745719909668,34.34535217285156,33.91840744018555,34.28842544555664,25.120222091674805,14328392,0.0,0.0
2017-10-04 00:00:00-04:00,34.326377868652344,34.38330078125,34.06072235107422,34.117645263671875,24.99510383605957,11435268,0.0,0.0
2017-10-05 00:00:00-04:00,34.041744232177734,34.15559768676758,33.91840744018555,34.15559768676758,25.022903442382812,14340408,0.0,0.0
2017-10-06 00:00:00-04:00,34.14611053466797,34.28842544555664,34.098670959472656,34.20303726196289,25.057662963867188,12711345,0.0,0.0
2017-10-09 00:00:00-04:00,34.2125244140625,34.29791259765625,34.08918380737305,34.28842544555664,25.120222091674805,10278081,0.0,0.0
2017-10-10 00:00:00-04:00,34.51612854003906,34.639469146728516,34.184059143066406,34.53510284423828,25.300933837890625,18697433,0.0,0.0
2017-10-11 00:00:00-04:00,34.50664138793945,34.61100769042969,34.34535217285156,34.582542419433594,25.335689544677734,18163687,0.0,0.0
2017-10-12 00:00:00-04:00,34.61100769042969,34.724857330322266,34.4212532043457,34.487667083740234,25.266178131103516,14750098,0.0,0.0
2017-10-13 00:00:00-04:00,34.50664138793945,34.6204948425293,34.39278793334961,34.47817611694336,25.259231567382812,13458842,0.0,0.0
2017-10-16 00:00:00-04:00,34.487667083740234,34.61100769042969,34.041744232177734,34.13662338256836,25.009000778198242,14315006,0.0,0.0
2017-10-17 00:00:00-04:00,34.08918380737305,34.468692779541016,33.91840744018555,34.34535217285156,25.161924362182617,14776764,0.0,0.0
2017-10-18 00:00:00-04:00,34.39278793334961,34.43074035644531,33.956356048583984,33.99430847167969,24.904741287231445,15196572,0.0,0.0
2017-10-19 00:00:00-04:00,34.051231384277344,34.51612854003906,34.0037956237793,34.38330078125,25.18972396850586,20858028,0.0,0.0
2017-10-20 00:00:00-04:00,34.44022750854492,34.554080963134766,34.184059143066406,34.554080963134766,25.31484031677246,18447319,0.0,0.0
2017-10-23 00:00:00-04:00,34.44022750854492,34.89563751220703,34.44022750854492,34.53510284423828,25.300933837890625,15978008,0.0,0.0
2017-10-24 00:00:00-04:00,34.582542419433594,34.658443450927734,34.14611053466797,34.411766052246094,25.21057891845703,15826126,0.0,0.0
2017-10-25 00:00:00-04:00,34.34535217285156,34.487667083740234,34.07969665527344,34.30739974975586,25.134119033813477,17523488,0.0,0.0
2017-10-26 00:00:00-04:00,34.24098587036133,34.36432647705078,33.776092529296875,33.90891647338867,24.84218406677246,18374277,0.0,0.0
2017-10-27 00:00:00-04:00,33.709678649902344,33.91840744018555,33.58633804321289,33.776092529296875,24.744869232177734,15746865,0.0,0.0
2017-10-30 00:00:00-04:00,33.61479949951172,33.65275192260742,33.225807189941406,33.34914779663086,24.43208885192871,26679586,0.0,0.0
2017-10-31 00:00:00-04:00,33.254268646240234,33.52941131591797,32.35293960571289,33.263755798339844,24.369529724121094,24794085,0.0,0.0
2017-11-01 00:00:00-04:00,33.2163200378418,33.89942932128906,33.11195373535156,33.45351028442383,24.508548736572266,16557497,0.0,0.0
2017-11-02 00:00:00-04:00,33.46299743652344,33.69070053100586,33.235294342041016,33.64326477050781,24.647565841674805,13880021,0.0,0.0
2017-11-03 00:00:00-04:00,33.6337776184082,33.73814010620117,33.51043701171875,33.72865295410156,24.710121154785156,9358255,0.0,0.0
2017-11-06 00:00:00-05:00,33.7666015625,33.785579681396484,33.320682525634766,33.51043701171875,24.550249099731445,11200542,0.0,0.0
2017-11-07 00:00:00-05:00,33.49146270751953,33.60531234741211,33.43453598022461,33.54838562011719,24.57805061340332,11480906,0.0,0.0
2017-11-08 00:00:00-05:00,33.55787658691406,33.57685089111328,33.235294342041016,33.52941131591797,24.56415367126465,14302148,0.0,0.0
2017-11-09 00:00:00-05:00,33.28273010253906,33.44402313232422,33.05502700805664,33.396583557128906,24.690410614013672,14088713,0.303605,0.0
2017-11-10 00:00:00-05:00,33.30170822143555,33.3870964050293,33.0170783996582,33.37760925292969,24.67638397216797,15858589,0.0,0.0
2017-11-13 00:00:00-05:00,33.41556167602539,33.66223907470703,33.339656829833984,33.49146270751953,24.760555267333984,25072657,0.0,0.0
2017-11-14 00:00:00-05:00,33.44402313232422,33.870967864990234,33.41556167602539,33.56736373901367,24.81667137145996,17278538,0.0,0.0
2017-11-15 00:00:00-05:00,33.47248458862305,33.68121337890625,33.425048828125,33.54838562011719,24.80263900756836,13646138,0.0,0.0
2017-11-16 00:00:00-05:00,33.52941131591797,33.75711441040039,33.44402313232422,33.73814010620117,24.94292640686035,13625901,0.0,0.0
2017-11-17 00:00:00-05:00,33.55787658691406,33.67172622680664,33.36812210083008,33.55787658691406,24.809654235839844,15649265,0.0,0.0
2017-11-20 00:00:00-05:00,33.56736373901367,33.6337776184082,33.46299743652344,33.53889846801758,24.795625686645508,12455540,0.0,0.0
2017-11-21 00:00:00-05:00,33.58633804321289,33.89942932128906,33.56736373901367,33.71916580200195,24.92889976501465,13333100,0.0,0.0
2017-11-22 00:00:00-05:00,33.6337776184082,33.68121337890625,33.51043701171875,33.61479949951172,24.85173797607422,11122967,0.0,0.0
2017-11-24 00:00:00-05:00,33.69070053100586,33.73814010620117,33.55787658691406,33.67172622680664,24.89382553100586,6742754,0.0,0.0
2017-11-27 00:00:00-05:00,33.700191497802734,33.82352828979492,33.56736373901367,33.67172622680664,24.89382553100586,10848611,0.0,0.0
2017-11-28 00:00:00-05:00,33.7666015625,34.051231384277344,33.700191497802734,34.013282775878906,25.14634132385254,13687033,0.0,0.0
2017-11-29 00:00:00-05:00,34.098670959472656,34.544593811035156,34.041744232177734,34.35483932495117,25.398855209350586,16122827,0.0,0.0
2017-11-30 00:00:00-05:00,34.35483932495117,34.61100769042969,34.23149871826172,34.402278900146484,25.433929443359375,24063663,0.0,0.0
2017-12-01 00:00:00-05:00,34.43074035644531,34.629981994628906,34.16508483886719,34.487667083740234,25.497051239013672,19588485,0.0,0.0
2017-12-04 00:00:00-05:00,34.6204948425293,34.743831634521484,34.20303726196289,34.2125244140625,25.293649673461914,14847487,0.0,0.0
2017-12-05 00:00:00-05:00,34.07969665527344,34.33586120605469,33.69070053100586,33.8045539855957,24.992027282714844,23525912,0.0,0.0
2017-12-06 00:00:00-05:00,33.75711441040039,34.041744232177734,33.69070053100586,33.73814010620117,24.94292640686035,18317677,0.0,0.0
2017-12-07 00:00:00-05:00,33.73814010620117,33.81404113769531,33.34914779663086,33.68121337890625,24.900840759277344,16661421,0.0,0.0
2017-12-08 00:00:00-05:00,33.51043701171875,33.937381744384766,33.51043701171875,33.90891647338867,25.069183349609375,15705759,0.0,0.0
2017-12-11 00:00:00-05:00,34.193546295166016,34.402278900146484,33.861480712890625,34.35483932495117,25.398855209350586,15138497,0.0,0.0
2017-12-12 00:00:00-05:00,34.497154235839844,34.93358612060547,34.39278793334961,34.70588302612305,25.65838623046875,23700139,0.0,0.0
2017-12-13 00:00:00-05:00,34.69639587402344,34.91461181640625,34.60151672363281,34.76280975341797,25.70047378540039,16639709,0.0,0.0
2017-12-14 00:00:00-05:00,34.84819793701172,35.0,34.47817611694336,34.5920295715332,25.574220657348633,15585393,0.0,0.0
2017-12-15 00:00:00-05:00,34.89563751220703,35.32258224487305,34.8292236328125,35.29411697387695,26.093273162841797,39820015,0.0,0.0
2017-12-18 00:00:00-05:00,35.31309127807617,35.436431884765625,35.16128921508789,35.22770309448242,26.044172286987305,17670415,0.0,0.0
2017-12-19 00:00:00-05:00,35.29411697387695,35.32258224487305,34.99051284790039,35.04743957519531,25.91090202331543,14817659,0.0,0.0
2017-12-20 00:00:00-05:00,35.09487533569336,35.23719024658203,34.554080963134766,34.5920295715332,25.574220657348633,15914557,0.0,0.0
2017-12-21 00:00:00-05:00,34.667930603027344,34.724857330322266,34.33586120605469,34.38330078125,25.419902801513672,15566948,0.0,0.0
2017-12-22 00:00:00-05:00,34.411766052246094,34.51612854003906,34.20303726196289,34.28842544555664,25.349763870239258,9063557,0.0,0.0
2017-12-26 00:00:00-05:00,34.24098587036133,34.411766052246094,34.108158111572266,34.35483932495117,25.398855209350586,11480590,0.0,0.0
2017-12-27 00:00:00-05:00,34.44971466064453,34.5920295715332,34.37381362915039,34.468692779541016,25.483030319213867,8768964,0.0,0.0
2017-12-28 00:00:00-05:00,34.497154235839844,34.658443450927734,34.39278793334961,34.50664138793945,25.511083602905273,6939431,0.0,0.0
2017-12-29 00:00:00-05:00,34.37381362915039,34.6204948425293,34.36432647705078,34.36432647705078,25.40587043762207,12038261,0.0,0.0
2018-01-02 00:00:00-05:00,34.51612854003906,34.648956298828125,34.38330078125,34.573055267333984,25.5601863861084,17059833,0.0,0.0
2018-01-03 00:00:00-05:00,34.582542419433594,34.886146545410156,34.37381362915039,34.8292236328125,25.749570846557617,14183151,0.0,0.0
2018-01-04 00:00:00-05:00,34.8292236328125,35.02846145629883,34.724857330322266,34.90512466430664,25.80568504333496,13046517,0.0,0.0
2018-01-05 00:00:00-05:00,34.93358612060547,34.99051284790039,34.734344482421875,34.97153854370117,25.85478973388672,13167517,0.0,0.0
2018-01-08 00:00:00-05:00,34.83871078491211,34.91461181640625,34.468692779541016,34.582542419433594,25.567197799682617,19964341,0.0,0.0
2018-01-09 00:00:00-05:00,34.573055267333984,34.76280975341797,34.497154235839844,34.544593811035156,25.539138793945312,16876226,0.0,0.0
2018-01-10 00:00:00-05:00,34.47817611694336,34.734344482421875,34.44971466064453,34.60151672363281,25.58123016357422,18755825,0.0,0.0
2018-01-11 00:00:00-05:00,34.76280975341797,34.819732666015625,34.554080963134766,34.68690872192383,25.644357681274414,15102555,0.0,0.0
2018-01-12 00:00:00-05:00,34.75332260131836,34.91461181640625,34.5920295715332,34.667930603027344,25.630327224731445,20240700,0.0,0.0
2018-01-16 00:00:00-05:00,34.69639587402344,35.08538818359375,34.60151672363281,34.724857330322266,25.67241859436035,30536699,0.0,0.0
2018-01-17 00:00:00-05:00,34.93358612060547,35.455406188964844,34.886146545410156,35.275142669677734,26.07925033569336,25332363,0.0,0.0
2018-01-18 00:00:00-05:00,35.265655517578125,35.265655517578125,34.819732666015625,35.09487533569336,25.945974349975586,19946528,0.0,0.0
2018-01-19 00:00:00-05:00,35.284629821777344,35.370018005371094,34.629981994628906,35.04743957519531,25.91090202331543,31133684,0.0,0.0
2018-01-22 00:00:00-05:00,35.0,35.1707763671875,34.84819793701172,35.0379524230957,25.90388298034668,21380495,0.0,0.0
2018-01-23 00:00:00-05:00,34.93358612060547,35.180267333984375,34.667930603027344,34.93358612060547,25.82672691345215,18527212,0.0,0.0
2018-01-24 00:00:00-05:00,35.09487533569336,35.1707763671875,34.84819793701172,35.0379524230957,25.90388298034668,18673191,0.0,0.0
2018-01-25 00:00:00-05:00,35.07590103149414,35.426944732666016,35.00948715209961,35.32258224487305,26.114316940307617,18988232,0.0,0.0
2018-01-26 00:00:00-05:00,35.38899230957031,37.08728790283203,35.38899230957031,37.01138687133789,27.36286735534668,51441419,0.0,0.0
2018-01-29 00:00:00-05:00,37.00189971923828,37.40986633300781,36.7836799621582,37.0208740234375,27.369884490966797,36779014,0.0,0.0
2018-01-30 00:00:00-05:00,36.25237274169922,36.764705657958984,35.436431884765625,35.86337661743164,26.51413345336914,48483684,0.0,0.0
2018-01-31 00:00:00-05:00,35.977230072021484,36.043643951416016,34.94307327270508,35.14231491088867,25.981048583984375,35859926,0.0,0.0
2018-02-01 00:00:00-05:00,34.734344482421875,35.48387145996094,34.734344482421875,34.94307327270508,26.073078155517578,29697926,0.322581,0.0
2018-02-02 00:00:00-05:00,34.724857330322266,35.341556549072266,34.639469146728516,34.734344482421875,25.91733169555664,25588907,0.0,0.0
2018-02-05 00:00:00-05:00,34.61100769042969,34.819732666015625,32.25806427001953,32.89373779296875,24.543947219848633,42463657,0.0,0.0
2018-02-06 00:00:00-05:00,32.40986633300781,33.66223907470703,32.25806427001953,33.47248458862305,24.975784301757812,56035067,0.0,0.0
2018-02-07 00:00:00-05:00,33.330169677734375,33.82352828979492,33.178367614746094,33.1878547668457,24.763404846191406,30955980,0.0,0.0
2018-02-08 00:00:00-05:00,33.20683288574219,33.36812210083008,31.878557205200195,31.907020568847656,23.807703018188477,45850792,0.0,0.0
2018-02-09 00:00:00-05:00,32.438331604003906,32.66603469848633,31.49905014038086,32.40986633300781,24.182903289794922,49851776,0.0,0.0
2018-02-12 00:00:00-05:00,32.68500900268555,33.083492279052734,32.286529541015625,32.88425064086914,24.53687286376953,38743670,0.0,0.0
2018-02-13 00:00:00-05:00,32.79886245727539,33.235294342041016,32.64706039428711,33.149906158447266,24.735095977783203,21559570,0.0,0.0
2018-02-14 00:00:00-05:00,32.92219924926758,33.52941131591797,32.78937530517578,33.3870964050293,24.912067413330078,24494749,0.0,0.0
2018-02-15 00:00:00-05:00,33.55787658691406,33.89942932128906,33.28273010253906,33.880455017089844,25.280197143554688,22588379,0.0,0.0
2018-02-16 00:00:00-05:00,33.927894592285156,34.78178405761719,33.851993560791016,34.402278900146484,25.669557571411133,27659595,0.0,0.0
2018-02-20 00:00:00-05:00,34.1745719909668,34.6204948425293,34.041744232177734,34.16508483886719,25.492578506469727,27202370,0.0,0.0
2018-02-21 00:00:00-05:00,34.12713623046875,34.715370178222656,33.89942932128906,33.927894592285156,25.315595626831055,25872327,0.0,0.0
2018-02-22 00:00:00-05:00,34.032257080078125,34.29791259765625,33.785579681396484,33.90891647338867,25.301435470581055,23983454,0.0,0.0
2018-02-23 00:00:00-05:00,34.08918380737305,34.44022750854492,33.99430847167969,34.402278900146484,25.669557571411133,17940029,0.0,0.0
2018-02-26 00:00:00-05:00,34.43074035644531,35.30360412597656,34.35483932495117,35.189754486083984,26.257137298583984,25407302,0.0,0.0
2018-02-27 00:00:00-05:00,35.1707763671875,35.332069396972656,34.85768508911133,34.91461181640625,26.05183982849121,23543093,0.0,0.0
2018-02-28 00:00:00-05:00,35.13282775878906,35.370018005371094,34.44971466064453,34.44971466064453,25.7049503326416,28360927,0.0,0.0
2018-03-01 00:00:00-05:00,34.26945114135742,34.411766052246094,33.396583557128906,33.8045539855957,25.22356414794922,30282896,0.0,0.0
2018-03-02 00:00:00-05:00,33.72865295410156,34.22201156616211,33.58633804321289,34.108158111572266,25.45009994506836,22271336,0.0,0.0
2018-03-05 00:00:00-05:00,33.98482131958008,34.4212532043457,33.937381744384766,34.26945114135742,25.57044792175293,22319609,0.0,0.0
2018-03-06 00:00:00-05:00,34.38330078125,34.38330078125,33.91840744018555,34.041744232177734,25.40053939819336,18003479,0.0,0.0
2018-03-07 00:00:00-05:00,33.776092529296875,34.23149871826172,33.72865295410156,34.08918380737305,25.43593978881836,23440328,0.0,0.0
2018-03-08 00:00:00-05:00,34.14611053466797,34.629981994628906,34.08918380737305,34.629981994628906,25.839460372924805,21646630,0.0,0.0
2018-03-09 00:00:00-05:00,34.734344482421875,35.02846145629883,34.658443450927734,34.886146545410156,26.030601501464844,19300743,0.0,0.0
2018-03-12 00:00:00-04:00,35.02846145629883,35.10436248779297,34.629981994628906,34.734344482421875,25.91733169555664,26571656,0.0,0.0
2018-03-13 00:00:00-04:00,34.91461181640625,35.06641387939453,34.563568115234375,34.86717224121094,26.01643943786621,29560695,0.0,0.0
2018-03-14 00:00:00-04:00,34.95256042480469,35.09487533569336,34.326377868652344,34.487667083740234,25.733266830444336,23378458,0.0,0.0
2018-03-15 00:00:00-04:00,34.487667083740234,34.92409896850586,34.487667083740234,34.70588302612305,25.896093368530273,20508310,0.0,0.0
2018-03-16 00:00:00-04:00,34.76280975341797,35.14231491088867,34.743831634521484,34.89563751220703,26.037683486938477,34125253,0.0,0.0
2018-03-19 00:00:00-04:00,34.91461181640625,34.91461181640625,34.23149871826172,34.468692779541016,25.719112396240234,20003761,0.0,0.0
2018-03-20 00:00:00-04:00,34.50664138793945,34.67741775512695,34.26945114135742,34.468692779541016,25.719112396240234,20295824,0.0,0.0
2018-03-21 00:00:00-04:00,34.6204948425293,34.84819793701172,34.34535217285156,34.411766052246094,25.676633834838867,19071392,0.0,0.0
2018-03-22 00:00:00-04:00,34.184059143066406,34.28842544555664,33.65275192260742,33.776092529296875,25.202320098876953,22094686,0.0,0.0
2018-03-23 00:00:00-04:00,33.67172622680664,33.68121337890625,32.67552185058594,32.72296142578125,24.416522979736328,29385731,0.0,0.0
2018-03-26 00:00:00-04:00,33.14041519165039,33.34914779663086,32.561668395996094,33.244781494140625,24.80588150024414,24926468,0.0,0.0
2018-03-27 00:00:00-04:00,33.37760925292969,33.73814010620117,32.99810028076172,33.2163200378418,24.784645080566406,28835227,0.0,0.0
2018-03-28 00:00:00-04:00,33.37760925292969,33.9753303527832,33.320682525634766,33.49146270751953,24.989944458007812,26349684,0.0,0.0
2018-03-29 00:00:00-04:00,33.700191497802734,33.842506408691406,33.27324676513672,33.67172622680664,25.124448776245117,24804731,0.0,0.0
2018-04-02 00:00:00-04:00,33.60531234741211,33.90891647338867,32.9791259765625,33.254268646240234,24.812963485717773,28323299,0.0,0.0
2018-04-03 00:00:00-04:00,33.311195373535156,33.90891647338867,33.13093185424805,33.851993560791016,25.258960723876953,21347927,0.0,0.0
2018-04-04 00:00:00-04:00,33.51043701171875,34.37381362915039,33.43453598022461,34.27893829345703,25.577526092529297,22010682,0.0,0.0
2018-04-05 00:00:00-04:00,33.842506408691406,34.15559768676758,33.709678649902344,33.89942932128906,25.29435157775879,25781789,0.0,0.0
2018-04-06 00:00:00-04:00,33.73814010620117,34.032257080078125,33.10246658325195,33.36812210083008,24.89791488647461,22288200,0.0,0.0
2018-04-09 00:00:00-04:00,33.49146270751953,34.08918380737305,33.41556167602539,33.64326477050781,25.10321807861328,20457297,0.0,0.0
2018-04-10 00:00:00-04:00,34.15559768676758,34.25047302246094,33.88994216918945,34.108158111572266,25.45009994506836,20667254,0.0,0.0
2018-04-11 00:00:00-04:00,33.89942932128906,34.22201156616211,33.7666015625,33.956356048583984,25.336824417114258,13879915,0.0,0.0
2018-04-12 00:00:00-04:00,34.184059143066406,34.629981994628906,34.12713623046875,34.45920181274414,25.712032318115234,23817976,0.0,0.0
2018-04-13 00:00:00-04:00,34.544593811035156,34.629981994628906,34.27893829345703,34.45920181274414,25.712032318115234,17774340,0.0,0.0
2018-04-16 00:00:00-04:00,34.629981994628906,34.84819793701172,34.52561569213867,34.658443450927734,25.86069679260254,15932369,0.0,0.0
2018-04-17 00:00:00-04:00,34.86717224121094,34.89563751220703,34.411766052246094,34.468692779541016,25.719112396240234,17675580,0.0,0.0
2018-04-18 00:00:00-04:00,34.51612854003906,34.715370178222656,34.4212532043457,34.6204948425293,25.832380294799805,14652497,0.0,0.0
2018-04-19 00:00:00-04:00,34.52561569213867,34.810245513916016,34.411766052246094,34.658443450927734,25.86069679260254,16636652,0.0,0.0
2018-04-20 00:00:00-04:00,34.629981994628906,34.90512466430664,34.60151672363281,34.75332260131836,25.931493759155273,22371993,0.0,0.0
2018-04-23 00:00:00-04:00,34.7912712097168,35.0,34.724857330322266,34.91461181640625,26.05183982849121,25381058,0.0,0.0
2018-04-24 00:00:00-04:00,35.01897430419922,35.360530853271484,34.886146545410156,35.16128921508789,26.235904693603516,27106350,0.0,0.0
2018-04-25 00:00:00-04:00,35.02846145629883,35.14231491088867,34.639469146728516,34.800758361816406,25.96689224243164,27730213,0.0,0.0
2018-04-26 00:00:00-04:00,34.91461181640625,35.199241638183594,34.86717224121094,34.9620475769043,26.08723258972168,20405651,0.0,0.0
2018-04-27 00:00:00-04:00,34.89563751220703,35.2087287902832,34.819732666015625,35.10436248779297,26.193422317504883,14425149,0.0,0.0
2018-04-30 00:00:00-04:00,35.22770309448242,35.275142669677734,34.53510284423828,34.734344482421875,25.91733169555664,28295789,0.0,0.0
2018-05-01 00:00:00-04:00,33.75711441040039,34.20303726196289,32.86527633666992,33.58633804321289,25.060739517211914,51278154,0.0,0.0
2018-05-02 00:00:00-04:00,33.36812210083008,33.55787658691406,32.96015167236328,33.10246658325195,24.699689865112305,29550260,0.0,0.0
2018-05-03 00:00:00-04:00,33.03605270385742,33.092979431152344,32.65654754638672,32.9791259765625,24.607662200927734,23517902,0.0,0.0
2018-05-04 00:00:00-04:00,32.78937530517578,33.19734191894531,32.609107971191406,33.05502700805664,24.664295196533203,19795912,0.0,0.0
2018-05-07 00:00:00-04:00,33.007591247558594,33.330169677734375,32.93169021606445,33.14041519165039,24.728010177612305,21580018,0.0,0.0
2018-05-08 00:00:00-04:00,33.12144088745117,33.29222106933594,32.93169021606445,33.1878547668457,24.763404846191406,28269650,0.0,0.0
2018-05-09 00:00:00-04:00,33.225807189941406,33.5958251953125,33.083492279052734,33.36812210083008,24.89791488647461,20430209,0.0,0.0
2018-05-10 00:00:00-04:00,33.20683288574219,33.50094985961914,33.10246658325195,33.244781494140625,25.048030853271484,30906653,0.322581,0.0
2018-05-11 00:00:00-04:00,33.330169677734375,33.73814010620117,33.27324676513672,33.68121337890625,25.376859664916992,21619964,0.0,0.0
2018-05-14 00:00:00-04:00,33.69070053100586,34.07969665527344,33.67172622680664,34.022769927978516,25.63420295715332,21485052,0.0,0.0
2018-05-15 00:00:00-04:00,33.69070053100586,33.946868896484375,33.66223907470703,33.861480712890625,25.51267433166504,19345643,0.0,0.0
2018-05-16 00:00:00-04:00,33.89942932128906,34.041744232177734,33.74762725830078,33.851993560791016,25.50552749633789,21870711,0.0,0.0
2018-05-17 00:00:00-04:00,33.8045539855957,33.946868896484375,33.62428665161133,33.880455017089844,25.526975631713867,13021432,0.0,0.0
2018-05-18 00:00:00-04:00,33.785579681396484,33.91840744018555,33.61479949951172,33.81404113769531,25.4769344329834,15734639,0.0,0.0
2018-05-21 00:00:00-04:00,33.880455017089844,34.032257080078125,33.700191497802734,33.965843200683594,25.59130859375,17802903,0.0,0.0
2018-05-22 00:00:00-04:00,33.965843200683594,34.24098587036133,33.861480712890625,33.88994216918945,25.53411865234375,14477322,0.0,0.0
2018-05-23 00:00:00-04:00,33.851993560791016,34.184059143066406,33.8045539855957,34.12713623046875,25.71282958984375,20358642,0.0,0.0
2018-05-24 00:00:00-04:00,34.117645263671875,34.24098587036133,33.937381744384766,34.051231384277344,25.655641555786133,17523066,0.0,0.0
2018-05-25 00:00:00-04:00,33.98482131958008,34.07969665527344,33.71916580200195,33.851993560791016,25.50552749633789,15005376,0.0,0.0
2018-05-29 00:00:00-04:00,33.55787658691406,33.89942932128906,33.51043701171875,33.870967864990234,25.519824981689453,28179639,0.0,0.0
2018-05-30 00:00:00-04:00,34.108158111572266,34.39278793334961,34.06072235107422,34.20303726196289,25.770015716552734,29093773,0.0,0.0
2018-05-31 00:00:00-04:00,34.108158111572266,34.34535217285156,34.051231384277344,34.08918380737305,25.684236526489258,30926468,0.0,0.0
2018-06-01 00:00:00-04:00,34.402278900146484,34.4212532043457,34.25996017456055,34.39278793334961,25.912982940673828,22345011,0.0,0.0
2018-06-04 00:00:00-04:00,34.544593811035156,34.68690872192383,34.37381362915039,34.582542419433594,26.05594825744629,19015319,0.0,0.0
2018-06-05 00:00:00-04:00,34.639469146728516,34.76280975341797,34.47817611694336,34.573055267333984,26.048809051513672,21476093,0.0,0.0
2018-06-06 00:00:00-04:00,34.53510284423828,34.69639587402344,34.33586120605469,34.51612854003906,26.00591468811035,19368093,0.0,0.0
2018-06-07 00:00:00-04:00,34.6204948425293,34.715370178222656,34.50664138793945,34.6204948425293,26.084552764892578,17083337,0.0,0.0
2018-06-08 00:00:00-04:00,34.658443450927734,34.8292236328125,34.582542419433594,34.7912712097168,26.213220596313477,16453783,0.0,0.0
2018-06-11 00:00:00-04:00,34.91461181640625,34.91461181640625,34.4212532043457,34.44022750854492,25.94873809814453,19505640,0.0,0.0
2018-06-12 00:00:00-04:00,34.52561569213867,34.53510284423828,34.29791259765625,34.44022750854492,25.94873809814453,16371887,0.0,0.0
2018-06-13 00:00:00-04:00,34.50664138793945,34.639469146728516,34.34535217285156,34.36432647705078,25.891544342041016,16029232,0.0,0.0
2018-06-14 00:00:00-04:00,34.36432647705078,34.52561569213867,34.20303726196289,34.30739974975586,25.84865379333496,19959387,0.0,0.0
2018-06-15 00:00:00-04:00,34.33586120605469,34.52561569213867,34.184059143066406,34.497154235839844,25.99162483215332,49156979,0.0,0.0
2018-06-18 00:00:00-04:00,34.27893829345703,34.36432647705078,33.89942932128906,34.30739974975586,25.84865379333496,24143451,0.0,0.0
2018-06-19 00:00:00-04:00,34.051231384277344,34.497154235839844,34.032257080078125,34.36432647705078,25.891544342041016,18484630,0.0,0.0
2018-06-20 00:00:00-04:00,34.43074035644531,34.70588302612305,34.35483932495117,34.5920295715332,26.063100814819336,21354251,0.0,0.0
2018-06-21 00:00:00-04:00,34.411766052246094,34.497154235839844,34.29791259765625,34.44022750854492,25.94873809814453,16893090,0.0,0.0
2018-06-22 00:00:00-04:00,34.6204948425293,34.76280975341797,34.53510284423828,34.639469146728516,26.09884262084961,27018447,0.0,0.0
2018-06-25 00:00:00-04:00,34.45920181274414,34.5920295715332,34.28842544555664,34.51612854003906,26.00591468811035,20424517,0.0,0.0
2018-06-26 00:00:00-04:00,34.53510284423828,34.715370178222656,34.44022750854492,34.51612854003906,26.00591468811035,25435023,0.0,0.0
2018-06-27 00:00:00-04:00,34.44022750854492,34.67741775512695,34.326377868652344,34.35483932495117,25.8843936920166,29396165,0.0,0.0
2018-06-28 00:00:00-04:00,34.25996017456055,34.6204948425293,34.25996017456055,34.497154235839844,25.99162483215332,16506167,0.0,0.0
2018-06-29 00:00:00-04:00,34.582542419433594,34.70588302612305,34.4212532043457,34.4212532043457,25.934429168701172,20974705,0.0,0.0
2018-07-02 00:00:00-04:00,34.15559768676758,34.50664138793945,34.15559768676758,34.468692779541016,25.970169067382812,14556372,0.0,0.0
2018-07-03 00:00:00-04:00,34.52561569213867,34.70588302612305,34.38330078125,34.487667083740234,25.984466552734375,9608159,0.0,0.0
2018-07-05 00:00:00-04:00,34.667930603027344,35.01897430419922,34.639469146728516,34.98102569580078,26.356189727783203,20391106,0.0,0.0
2018-07-06 00:00:00-04:00,35.10436248779297,35.332069396972656,34.99051284790039,35.2087287902832,26.527746200561523,18955452,0.0,0.0
2018-07-09 00:00:00-04:00,35.360530853271484,35.55028533935547,35.113853454589844,35.256168365478516,26.563495635986328,22329412,0.0,0.0
2018-07-10 00:00:00-04:00,35.38899230957031,35.5787467956543,35.29411697387695,35.512332916259766,26.75649642944336,20253875,0.0,0.0
2018-07-11 00:00:00-04:00,35.341556549072266,35.49335861206055,35.256168365478516,35.30360412597656,26.599233627319336,17795314,0.0,0.0
2018-07-12 00:00:00-04:00,35.49335861206055,35.63567352294922,35.30360412597656,35.597721099853516,26.820831298828125,16974881,0.0,0.0
2018-07-13 00:00:00-04:00,35.5787467956543,35.66413879394531,35.31309127807617,35.60721206665039,26.827987670898438,15227243,0.0,0.0
2018-07-16 00:00:00-04:00,35.55977249145508,35.62618637084961,35.3795051574707,35.46489715576172,26.720752716064453,17888699,0.0,0.0
2018-07-17 00:00:00-04:00,35.54079818725586,35.83491516113281,35.531307220458984,35.72106170654297,26.91376495361328,15740014,0.0,0.0
2018-07-18 00:00:00-04:00,35.66413879394531,35.79696273803711,35.55977249145508,35.73054885864258,26.920907974243164,20803430,0.0,0.0
2018-07-19 00:00:00-04:00,35.531307220458984,35.673622131347656,35.39848327636719,35.445919036865234,26.706459045410156,16596811,0.0,0.0
2018-07-20 00:00:00-04:00,35.29411697387695,35.417457580566406,35.21821594238281,35.417457580566406,26.68501853942871,15532798,0.0,0.0
2018-07-23 00:00:00-04:00,35.426944732666016,35.588233947753906,35.23719024658203,35.30360412597656,26.599233627319336,20853074,0.0,0.0
2018-07-24 00:00:00-04:00,35.455406188964844,35.815940856933594,35.360530853271484,35.76850128173828,26.949504852294922,17804800,0.0,0.0
2018-07-25 00:00:00-04:00,35.74003982543945,36.119544982910156,35.63567352294922,36.043643951416016,27.156810760498047,17171030,0.0,0.0
2018-07-26 00:00:00-04:00,36.09108352661133,36.4041748046875,36.09108352661133,36.204933166503906,27.278329849243164,24840567,0.0,0.0
2018-07-27 00:00:00-04:00,36.148006439208984,36.50853729248047,36.119544982910156,36.44212341308594,27.457042694091797,22111971,0.0,0.0
2018-07-30 00:00:00-04:00,36.39468765258789,36.69829177856445,36.223907470703125,36.6129035949707,27.585718154907227,21981486,0.0,0.0
2018-07-31 00:00:00-04:00,36.25237274169922,37.94117736816406,36.18595886230469,37.88425064086914,28.54360580444336,50837371,0.0,0.0
2018-08-01 00:00:00-04:00,37.5996208190918,38.254268646240234,37.51423263549805,38.20683288574219,28.786651611328125,32734605,0.0,0.0
2018-08-02 00:00:00-04:00,37.59013366699219,38.159393310546875,37.50474548339844,37.618595123291016,28.58478546142578,31879284,0.322581,0.0
2018-08-03 00:00:00-04:00,37.59013366699219,38.57685089111328,37.466793060302734,38.46299743652344,29.226415634155273,27368375,0.0,0.0
2018-08-06 00:00:00-04:00,38.29222106933594,39.108158111572266,38.263755798339844,38.937381744384766,29.586875915527344,27479572,0.0,0.0
2018-08-07 00:00:00-04:00,38.75711441040039,39.13662338256836,38.700191497802734,38.74762725830078,29.442689895629883,18928575,0.0,0.0
2018-08-08 00:00:00-04:00,38.62428665161133,39.50664138793945,38.50094985961914,39.28842544555664,29.853628158569336,25837440,0.0,0.0
2018-08-09 00:00:00-04:00,39.184059143066406,39.25047302246094,38.71916580200195,38.89942932128906,29.55803680419922,20121282,0.0,0.0
2018-08-10 00:00:00-04:00,38.71916580200195,39.193546295166016,38.61479949951172,38.83301544189453,29.5075740814209,18194148,0.0,0.0
2018-08-13 00:00:00-04:00,38.851993560791016,39.098670959472656,38.71916580200195,38.71916580200195,29.421058654785156,19860627,0.0,0.0
2018-08-14 00:00:00-04:00,38.74762725830078,38.937381744384766,38.46299743652344,38.62428665161133,29.348968505859375,17336824,0.0,0.0
2018-08-15 00:00:00-04:00,38.709678649902344,39.12713623046875,38.56736373901367,39.051231384277344,29.673391342163086,22428488,0.0,0.0
2018-08-16 00:00:00-04:00,39.117645263671875,39.34535217285156,38.965843200683594,39.29791259765625,29.86083221435547,16457472,0.0,0.0
2018-08-17 00:00:00-04:00,39.35483932495117,40.02846145629883,39.34535217285156,39.93358612060547,30.34385108947754,25910693,0.0,0.0
2018-08-20 00:00:00-04:00,40.0379524230957,40.5787467956543,39.93358612060547,40.16128921508789,30.516874313354492,22521029,0.0,0.0
2018-08-21 00:00:00-04:00,40.16128921508789,40.265655517578125,39.83871078491211,40.0,30.394311904907227,18633244,0.0,0.0
2018-08-22 00:00:00-04:00,39.99051284790039,40.1707763671875,39.667930603027344,39.91461181640625,30.329437255859375,15001687,0.0,0.0
2018-08-23 00:00:00-04:00,39.95256042480469,40.15180206298828,39.810245513916016,40.0379524230957,30.42314338684082,21032148,0.0,0.0
2018-08-24 00:00:00-04:00,40.256168365478516,40.31309127807617,39.84819793701172,40.22770309448242,30.567338943481445,21661703,0.0,0.0
2018-08-27 00:00:00-04:00,40.341556549072266,40.436431884765625,39.193546295166016,39.44971466064453,29.976171493530273,24485896,0.0,0.0
2018-08-28 00:00:00-04:00,39.47817611694336,39.639469146728516,39.20303726196289,39.37381362915039,29.91850471496582,19871694,0.0,0.0
2018-08-29 00:00:00-04:00,39.37381362915039,39.487667083740234,39.06072235107422,39.37381362915039,29.91850471496582,15785020,0.0,0.0
2018-08-30 00:00:00-04:00,39.117645263671875,39.76280975341797,39.08918380737305,39.37381362915039,29.91850471496582,16015425,0.0,0.0
2018-08-31 00:00:00-04:00,39.1745719909668,39.44971466064453,38.98482131958008,39.39278793334961,29.932918548583984,20983559,0.0,0.0
2018-09-04 00:00:00-04:00,39.35483932495117,39.4212532043457,39.108158111572266,39.25047302246094,29.824783325195312,15274779,0.0,0.0
2018-09-05 00:00:00-04:00,39.1745719909668,39.77229690551758,39.14611053466797,39.70588302612305,30.170827865600586,21819908,0.0,0.0
2018-09-06 00:00:00-04:00,39.70588302612305,39.76280975341797,39.326377868652344,39.639469146728516,30.120363235473633,18356780,0.0,0.0
2018-09-07 00:00:00-04:00,39.45920181274414,40.180267333984375,39.33586120605469,40.0379524230957,30.42314338684082,21221658,0.0,0.0
2018-09-10 00:00:00-04:00,40.2087287902832,40.531307220458984,39.89563751220703,39.90512466430664,30.322223663330078,21482206,0.0,0.0
2018-09-11 00:00:00-04:00,39.84819793701172,40.256168365478516,39.800758361816406,40.14231491088867,30.502460479736328,19658786,0.0,0.0
2018-09-12 00:00:00-04:00,40.13282775878906,40.597721099853516,40.113853454589844,40.23719024658203,30.574548721313477,17508205,0.0,0.0
2018-09-13 00:00:00-04:00,40.32258224487305,40.72106170654297,40.256168365478516,40.65464782714844,30.89176368713379,18666129,0.0,0.0
2018-09-14 00:00:00-04:00,40.55977249145508,40.79696273803711,40.32258224487305,40.75901412963867,30.971057891845703,16800655,0.0,0.0
2018-09-17 00:00:00-04:00,40.815940856933594,40.967742919921875,40.55028533935547,40.806453704833984,31.007102966308594,16904263,0.0,0.0
2018-09-18 00:00:00-04:00,40.79696273803711,41.44212341308594,40.63567352294922,41.28083419799805,31.367555618286133,20464991,0.0,0.0
2018-09-19 00:00:00-04:00,41.1954460144043,41.44212341308594,40.7874755859375,41.043643951416016,31.187334060668945,23783088,0.0,0.0
2018-09-20 00:00:00-04:00,41.148006439208984,41.63187789916992,41.129032135009766,41.50853729248047,31.540584564208984,18419809,0.0,0.0
2018-09-21 00:00:00-04:00,41.53700256347656,41.93548583984375,41.37571334838867,41.80265808105469,31.76407814025879,37092579,0.0,0.0
2018-09-24 00:00:00-04:00,41.688804626464844,42.18216323852539,41.58443832397461,41.679317474365234,31.670358657836914,18089591,0.0,0.0
2018-09-25 00:00:00-04:00,41.86906814575195,42.0208740234375,41.518028259277344,41.54648971557617,31.56943130493164,15318520,0.0,0.0
2018-09-26 00:00:00-04:00,41.593929290771484,42.03984832763672,41.4041748046875,41.44212341308594,31.49012565612793,18384817,0.0,0.0
2018-09-27 00:00:00-04:00,41.54648971557617,41.916507720947266,41.44212341308594,41.65085220336914,31.64872932434082,14887434,0.0,0.0
2018-09-28 00:00:00-04:00,41.679317474365234,41.87855911254883,41.48956298828125,41.8121452331543,31.771286010742188,15454591,0.0,0.0
2018-10-01 00:00:00-04:00,41.774192810058594,42.23908996582031,41.660343170166016,42.00189971923828,31.91547393798828,16872537,0.0,0.0
2018-10-02 00:00:00-04:00,41.94497299194336,42.11574935913086,41.86906814575195,41.95446014404297,31.87942886352539,18167693,0.0,0.0
2018-10-03 00:00:00-04:00,42.01138687133789,42.542694091796875,42.01138687133789,42.51423263549805,32.30478286743164,23957631,0.0,0.0
2018-10-04 00:00:00-04:00,42.24857711791992,42.49525451660156,42.0208740234375,42.40986633300781,32.2254753112793,18960406,0.0,0.0
2018-10-05 00:00:00-04:00,42.41935348510742,42.694496154785156,42.31499099731445,42.609107971191406,32.37686538696289,18112568,0.0,0.0
2018-10-08 00:00:00-04:00,42.457305908203125,42.99810028076172,42.40986633300781,42.96015167236328,32.64360809326172,24679621,0.0,0.0
2018-10-09 00:00:00-04:00,42.68500900268555,43.46299743652344,42.49525451660156,43.14041519165039,32.78059005737305,21486844,0.0,0.0
2018-10-10 00:00:00-04:00,43.12144088745117,43.3870964050293,42.20113754272461,42.2296028137207,32.088497161865234,33746234,0.0,0.0
2018-10-11 00:00:00-04:00,42.08728790283203,42.21062469482422,40.22770309448242,40.61669921875,30.862926483154297,44299198,0.0,0.0
2018-10-12 00:00:00-04:00,40.5787467956543,41.70777893066406,40.455406188964844,41.53700256347656,31.562219619750977,30417070,0.0,0.0
2018-10-15 00:00:00-04:00,41.41366195678711,41.47058868408203,40.77798843383789,40.91081619262695,31.086402893066406,24002742,0.0,0.0
2018-10-16 00:00:00-04:00,41.129032135009766,41.72675323486328,40.83491516113281,41.679317474365234,31.670358657836914,22353654,0.0,0.0
2018-10-17 00:00:00-04:00,41.52751541137695,42.50474548339844,41.50853729248047,42.286529541015625,32.131752014160156,23154167,0.0,0.0
2018-10-18 00:00:00-04:00,42.06830978393555,42.220115661621094,41.47058868408203,41.745731353759766,31.720815658569336,22498368,0.0,0.0
2018-10-19 00:00:00-04:00,41.79316711425781,42.533206939697266,41.72675323486328,42.220115661621094,32.08129119873047,19564875,0.0,0.0
2018-10-22 00:00:00-04:00,42.16318893432617,42.2296028137207,41.764705657958984,42.09677505493164,31.98756217956543,18026878,0.0,0.0
2018-10-23 00:00:00-04:00,41.64136505126953,42.04933547973633,41.45161437988281,41.840606689453125,31.792922973632812,23073114,0.0,0.0
2018-10-24 00:00:00-04:00,41.56546401977539,42.0208740234375,40.189754486083984,40.30360412597656,30.625019073486328,36927206,0.0,0.0
2018-10-25 00:00:00-04:00,40.21821594238281,41.688804626464844,39.52561569213867,41.18595886230469,31.29547882080078,38600642,0.0,0.0
2018-10-26 00:00:00-04:00,40.84440231323242,41.062618255615234,40.01897430419922,40.417457580566406,30.711524963378906,30295333,0.0,0.0
2018-10-29 00:00:00-04:00,40.74952697753906,41.44212341308594,40.3795051574707,41.01517868041992,31.165714263916016,31847559,0.0,0.0
2018-10-30 00:00:00-04:00,39.800758361816406,40.882354736328125,39.639469146728516,40.69260025024414,30.920581817626953,35424202,0.0,0.0
2018-10-31 00:00:00-04:00,40.806453704833984,41.42314910888672,40.52182388305664,40.85388946533203,31.043148040771484,28193235,0.0,0.0
2018-11-01 00:00:00-04:00,40.986717224121094,41.58443832397461,40.882354736328125,41.43263626098633,31.482921600341797,24278152,0.0,0.0
2018-11-02 00:00:00-04:00,41.518028259277344,41.593929290771484,40.30360412597656,40.73054885864258,30.94942855834961,24223028,0.0,0.0
2018-11-05 00:00:00-05:00,40.63567352294922,41.38520050048828,40.63567352294922,41.290321350097656,31.374780654907227,21628396,0.0,0.0
2018-11-06 00:00:00-05:00,41.34724807739258,41.35673522949219,40.502845764160156,40.806453704833984,31.007102966308594,22194183,0.0,0.0
2018-11-07 00:00:00-05:00,41.157493591308594,42.27703857421875,41.072105407714844,42.12523651123047,32.00919723510742,36794929,0.0,0.0
2018-11-08 00:00:00-05:00,41.6129035949707,41.93548583984375,41.24288558959961,41.603416442871094,31.856626510620117,25696520,0.322581,0.0
2018-11-09 00:00:00-05:00,41.48007583618164,42.32447814941406,41.48007583618164,42.01138687133789,32.16902542114258,26042654,0.0,0.0
2018-11-12 00:00:00-05:00,42.01138687133789,42.26755142211914,41.65085220336914,41.850093841552734,32.04551696777344,21853847,0.0,0.0
2018-11-13 00:00:00-05:00,42.05882263183594,42.18216323852539,41.129032135009766,41.290321350097656,31.61688995361328,20159015,0.0,0.0
2018-11-14 00:00:00-05:00,41.518028259277344,41.603416442871094,40.52182388305664,40.71157455444336,31.173728942871094,28398871,0.0,0.0
2018-11-15 00:00:00-05:00,40.512332916259766,41.16698455810547,40.180267333984375,40.9962043762207,31.391674041748047,25936305,0.0,0.0
2018-11-16 00:00:00-05:00,40.891841888427734,41.53700256347656,40.71157455444336,41.28083419799805,31.609609603881836,24604576,0.0,0.0
2018-11-19 00:00:00-05:00,41.38520050048828,42.00189971923828,41.28083419799805,41.916507720947266,32.09638214111328,23671575,0.0,0.0
2018-11-20 00:00:00-05:00,41.755218505859375,42.11574935913086,41.17647171020508,41.299808502197266,31.624156951904297,22968557,0.0,0.0
2018-11-21 00:00:00-05:00,41.27134704589844,41.27134704589844,40.5787467956543,40.891841888427734,31.311769485473633,19665848,0.0,0.0
2018-11-23 00:00:00-05:00,40.74952697753906,41.31878662109375,40.60721206665039,40.92979049682617,31.340829849243164,8844009,0.0,0.0
2018-11-26 00:00:00-05:00,41.10057067871094,41.26185989379883,40.68311309814453,41.119544982910156,31.48612403869629,20147948,0.0,0.0
2018-11-27 00:00:00-05:00,40.986717224121094,41.88804626464844,40.76850128173828,41.8121452331543,32.01645278930664,19765873,0.0,0.0
2018-11-28 00:00:00-05:00,42.0208740234375,42.618595123291016,41.840606689453125,42.5996208190918,32.619441986083984,19892669,0.0,0.0
2018-11-29 00:00:00-05:00,42.466793060302734,43.481971740722656,42.40986633300781,43.178367614746094,33.0626106262207,26065315,0.0,0.0
2018-11-30 00:00:00-05:00,43.02656555175781,43.88994216918945,42.96015167236328,43.861480712890625,33.58567428588867,45054495,0.0,0.0
2018-12-03 00:00:00-05:00,43.99430847167969,44.0037956237793,43.41556167602539,43.6337776184082,33.411319732666016,26771178,0.0,0.0
2018-12-04 00:00:00-05:00,43.861480712890625,44.08918380737305,42.79886245727539,42.82732391357422,32.793800354003906,28703898,0.0,0.0
2018-12-06 00:00:00-05:00,42.296016693115234,42.68500900268555,41.38520050048828,42.67552185058594,32.677574157714844,32188528,0.0,0.0
2018-12-07 00:00:00-05:00,42.523719787597656,42.637569427490234,41.44212341308594,41.669830322265625,31.907493591308594,27963885,0.0,0.0
2018-12-10 00:00:00-05:00,41.87855911254883,42.27703857421875,40.86337661743164,42.12523651123047,32.256202697753906,26187895,0.0,0.0
2018-12-11 00:00:00-05:00,41.821632385253906,42.2296028137207,41.33776092529297,41.755218505859375,31.972877502441406,23904931,0.0,0.0
2018-12-12 00:00:00-05:00,42.07780075073242,42.552181243896484,41.88804626464844,41.89753341674805,32.081851959228516,20180938,0.0,0.0
2018-12-13 00:00:00-05:00,42.18216323852539,42.5996208190918,41.94497299194336,42.286529541015625,32.37970733642578,23613921,0.0,0.0
2018-12-14 00:00:00-05:00,41.821632385253906,41.85958480834961,41.204933166503906,41.55597686767578,31.820302963256836,33024982,0.0,0.0
2018-12-17 00:00:00-05:00,41.27134704589844,41.71726989746094,40.77798843383789,40.901329040527344,31.31903076171875,38651866,0.0,0.0
2018-12-18 00:00:00-05:00,41.24288558959961,41.27134704589844,39.886146545410156,40.22770309448242,30.803220748901367,31125779,0.0,0.0
2018-12-19 00:00:00-05:00,40.63567352294922,40.7874755859375,39.43074035644531,39.819732666015625,30.49083137512207,36937957,0.0,0.0
2018-12-20 00:00:00-05:00,39.573055267333984,40.23719024658203,39.402278900146484,39.800758361816406,30.47629737854004,34494680,0.0,0.0
2018-12-21 00:00:00-05:00,39.50664138793945,40.673622131347656,39.326377868652344,39.78178405761719,30.46177101135254,61928192,0.0,0.0
2018-12-24 00:00:00-05:00,39.667930603027344,39.810245513916016,38.44402313232422,38.47248458862305,29.459211349487305,19778205,0.0,0.0
2018-12-26 00:00:00-05:00,38.57685089111328,40.0379524230957,38.34914779663086,40.02846145629883,30.650659561157227,25437131,0.0,0.0
2018-12-27 00:00:00-05:00,39.667930603027344,40.65464782714844,39.14611053466797,40.65464782714844,31.130142211914062,28894672,0.0,0.0
2018-12-28 00:00:00-05:00,40.815940856933594,41.30929946899414,40.61669921875,40.75901412963867,31.210052490234375,25480977,0.0,0.0
2018-12-31 00:00:00-05:00,40.9962043762207,41.48956298828125,40.891841888427734,41.41366195678711,31.711336135864258,20534028,0.0,0.0
