Date,Open,High,Low,Close,Adj Close,Volume,Dividends,Stock Splits
2014-01-02 00:00:00-05:00,81.33000183105469,81.36000061035156,80.31999969482422,80.54000091552734,58.583412170410156,6981700,0.0,0.0
2014-01-03 00:00:00-05:00,80.76000213623047,80.8499984741211,80.19000244140625,80.44999694824219,58.5179557800293,6925600,0.0,0.0
2014-01-06 00:00:00-05:00,80.61000061035156,80.9800033569336,80.30000305175781,80.63999938964844,58.65614318847656,7208200,0.0,0.0
2014-01-07 00:00:00-05:00,80.70999908447266,81.58000183105469,80.62000274658203,81.41999816894531,59.223506927490234,7158200,0.0,0.0
2014-01-08 00:00:00-05:00,80.97000122070312,81.1500015258789,80.05000305175781,80.23999786376953,58.36519241333008,13458800,0.0,0.0
2014-01-09 00:00:00-05:00,80.54000091552734,80.80000305175781,80.02999877929688,80.41999816894531,58.49613571166992,10833900,0.0,0.0
2014-01-10 00:00:00-05:00,80.58999633789062,80.88999938964844,80.19999694824219,80.30000305175781,58.40885925292969,8448300,0.0,0.0
2014-01-13 00:00:00-05:00,80.01000213623047,80.5,79.69000244140625,80.01000213623047,58.197898864746094,9360800,0.0,0.0
2014-01-14 00:00:00-05:00,80.05999755859375,80.91999816894531,80.0199966430664,80.87000274658203,58.82343292236328,8737100,0.0,0.0
2014-01-15 00:00:00-05:00,80.69999694824219,81.18000030517578,80.25,80.79000091552734,58.76523971557617,8221900,0.0,0.0
2014-01-16 00:00:00-05:00,80.6500015258789,80.83000183105469,80.26000213623047,80.55999755859375,58.59795379638672,11673300,0.0,0.0
2014-01-17 00:00:00-05:00,80.41999816894531,80.63999938964844,79.80000305175781,79.87999725341797,58.10334014892578,13629800,0.0,0.0
2014-01-21 00:00:00-05:00,80.58999633789062,80.72000122070312,79.54000091552734,80.18000030517578,58.3215446472168,13216400,0.0,0.0
2014-01-22 00:00:00-05:00,79.56999969482422,79.87999725341797,79.05000305175781,79.2300033569336,58.06650161743164,8455600,0.602,0.0
2014-01-23 00:00:00-05:00,78.70999908447266,78.97000122070312,78.12000274658203,78.23999786376953,57.34095001220703,12667700,0.0,0.0
2014-01-24 00:00:00-05:00,79.33000183105469,81.69999694824219,78.77999877929688,79.18000030517578,58.02985763549805,20163200,0.0,0.0
2014-01-27 00:00:00-05:00,79.23999786376953,79.30000305175781,78.41999816894531,78.47000122070312,57.5095100402832,10395400,0.0,0.0
2014-01-28 00:00:00-05:00,78.66999816894531,79.5199966430664,78.43000030517578,79.11000061035156,57.97856521606445,10060800,0.0,0.0
2014-01-29 00:00:00-05:00,78.80000305175781,78.80000305175781,77.37999725341797,77.63999938964844,56.9012336730957,13443100,0.0,0.0
2014-01-30 00:00:00-05:00,78.05000305175781,78.05000305175781,76.7699966430664,76.87000274658203,56.33689880371094,9450500,0.0,0.0
2014-01-31 00:00:00-05:00,76.02999877929688,77.19000244140625,75.26000213623047,76.62000274658203,56.1536865234375,12988800,0.0,0.0
2014-02-03 00:00:00-05:00,76.69000244140625,76.76000213623047,75.5999984741211,75.69999694824219,55.479408264160156,14292700,0.0,0.0
2014-02-04 00:00:00-05:00,76.0,76.38999938964844,75.4000015258789,76.08999633789062,55.7652473449707,12055400,0.0,0.0
2014-02-05 00:00:00-05:00,75.94000244140625,76.80000305175781,75.66999816894531,76.44999694824219,56.029075622558594,9734100,0.0,0.0
2014-02-06 00:00:00-05:00,76.52999877929688,76.98999786376953,76.4800033569336,76.9000015258789,56.358882904052734,7819700,0.0,0.0
2014-02-07 00:00:00-05:00,76.98999786376953,77.38999938964844,76.75,77.30999755859375,56.65934753417969,7259200,0.0,0.0
2014-02-10 00:00:00-05:00,77.43000030517578,78.08999633789062,77.19000244140625,78.02999877929688,57.18704605102539,8959700,0.0,0.0
2014-02-11 00:00:00-05:00,78.0999984741211,79.11000061035156,77.63999938964844,78.83999633789062,57.78069305419922,10500800,0.0,0.0
2014-02-12 00:00:00-05:00,78.12999725341797,78.52999877929688,77.05999755859375,77.48999786376953,56.79127883911133,11019700,0.0,0.0
2014-02-13 00:00:00-05:00,77.08999633789062,77.91999816894531,77.0,77.80000305175781,57.01848220825195,7420600,0.0,0.0
2014-02-14 00:00:00-05:00,77.69000244140625,79.75,77.25,79.4000015258789,58.19110107421875,10791900,0.0,0.0
2014-02-18 00:00:00-05:00,79.4800033569336,79.62999725341797,77.55999755859375,77.97000122070312,57.1430778503418,15750700,0.0,0.0
2014-02-19 00:00:00-05:00,77.63999938964844,78.95999908447266,77.55000305175781,78.13999938964844,57.267662048339844,8740000,0.0,0.0
2014-02-20 00:00:00-05:00,77.95999908447266,78.44000244140625,77.5,77.91999816894531,57.10643768310547,8275200,0.0,0.0
2014-02-21 00:00:00-05:00,78.05000305175781,78.88999938964844,77.91000366210938,77.97000122070312,57.1430778503418,8089200,0.0,0.0
2014-02-24 00:00:00-05:00,78.02999877929688,78.7699966430664,77.61000061035156,77.86000061035156,57.06245422363281,7838700,0.0,0.0
2014-02-25 00:00:00-05:00,77.7300033569336,78.30999755859375,77.4000015258789,78.12000274658203,57.25301742553711,8177500,0.0,0.0
2014-02-26 00:00:00-05:00,78.2300033569336,78.7699966430664,77.81999969482422,77.86000061035156,57.06245422363281,7764700,0.0,0.0
2014-02-27 00:00:00-05:00,77.7699966430664,78.2300033569336,77.55999755859375,78.19000244140625,57.304317474365234,6549800,0.0,0.0
2014-02-28 00:00:00-05:00,78.23999786376953,78.91000366210938,78.01000213623047,78.66000366210938,57.64875030517578,8489600,0.0,0.0
2014-03-03 00:00:00-05:00,78.26000213623047,78.41000366210938,77.3499984741211,77.4800033569336,56.78396224975586,8598600,0.0,0.0
2014-03-04 00:00:00-05:00,78.08999633789062,78.72000122070312,77.9000015258789,78.44999694824219,57.4948616027832,8306900,0.0,0.0
2014-03-05 00:00:00-05:00,78.31999969482422,78.41000366210938,77.55000305175781,77.81999969482422,57.03312683105469,8542300,0.0,0.0
2014-03-06 00:00:00-05:00,78.04000091552734,78.44000244140625,77.83999633789062,78.05999755859375,57.20903015136719,6475600,0.0,0.0
2014-03-07 00:00:00-05:00,78.41000366210938,78.5999984741211,78.11000061035156,78.37999725341797,57.443546295166016,5865400,0.0,0.0
2014-03-10 00:00:00-04:00,78.29000091552734,78.56999969482422,78.19999694824219,78.52999877929688,57.55348587036133,5229900,0.0,0.0
2014-03-11 00:00:00-04:00,78.58999633789062,79.38999938964844,78.56999969482422,78.94999694824219,57.861297607421875,6595800,0.0,0.0
2014-03-12 00:00:00-04:00,78.66000366210938,79.44999694824219,78.62000274658203,79.23999786376953,58.073822021484375,7469300,0.0,0.0
2014-03-13 00:00:00-04:00,79.31999969482422,79.76000213623047,79.19000244140625,79.19000244140625,58.037193298339844,9676600,0.0,0.0
2014-03-14 00:00:00-04:00,79.0999984741211,79.2300033569336,78.66999816894531,78.9800033569336,57.88330078125,14850700,0.0,0.0
2014-03-17 00:00:00-04:00,79.0199966430664,79.94999694824219,79.0199966430664,79.83999633789062,58.513545989990234,8452100,0.0,0.0
2014-03-18 00:00:00-04:00,79.83999633789062,80.08000183105469,79.51000213623047,79.7699966430664,58.462276458740234,7703200,0.0,0.0
2014-03-19 00:00:00-04:00,79.68000030517578,79.91000366210938,78.51000213623047,78.77999877929688,57.7366943359375,8607200,0.0,0.0
2014-03-20 00:00:00-04:00,78.69999694824219,78.93000030517578,78.1500015258789,78.31999969482422,57.39958953857422,8659500,0.0,0.0
2014-03-21 00:00:00-04:00,79.04000091552734,79.75,77.87999725341797,77.87999725341797,57.077110290527344,21244400,0.0,0.0
2014-03-24 00:00:00-04:00,78.5,79.83000183105469,78.47000122070312,79.30000305175781,58.11780548095703,11221600,0.0,0.0
2014-03-25 00:00:00-04:00,79.5199966430664,79.98999786376953,79.44000244140625,79.80999755859375,58.49155807495117,8892500,0.0,0.0
2014-03-26 00:00:00-04:00,80.02999877929688,80.18000030517578,79.33000183105469,79.5,58.26439666748047,8269800,0.0,0.0
2014-03-27 00:00:00-04:00,79.55000305175781,80.43000030517578,79.37999725341797,79.6500015258789,58.374324798583984,8134100,0.0,0.0
2014-03-28 00:00:00-04:00,79.94000244140625,80.31999969482422,79.5199966430664,79.76000213623047,58.45493698120117,6413500,0.0,0.0
2014-03-31 00:00:00-04:00,80.0,80.83000183105469,79.55000305175781,80.5999984741211,59.070560455322266,8492800,0.0,0.0
2014-04-01 00:00:00-04:00,80.5999984741211,80.83999633789062,80.20999908447266,80.33999633789062,58.87998580932617,8222300,0.0,0.0
2014-04-02 00:00:00-04:00,80.19000244140625,80.33000183105469,79.80000305175781,80.12999725341797,58.7260856628418,6741800,0.0,0.0
2014-04-03 00:00:00-04:00,80.27999877929688,80.58000183105469,79.93000030517578,80.0999984741211,58.704097747802734,5646000,0.0,0.0
2014-04-04 00:00:00-04:00,80.47000122070312,80.55999755859375,79.75,79.7699966430664,58.462276458740234,8649600,0.0,0.0
2014-04-07 00:00:00-04:00,80.0199966430664,81.06999969482422,79.93000030517578,80.48999786376953,58.98992156982422,13229000,0.0,0.0
2014-04-08 00:00:00-04:00,80.51000213623047,81.37999725341797,80.0199966430664,81.3499984741211,59.62022018432617,11880700,0.0,0.0
2014-04-09 00:00:00-04:00,81.80000305175781,82.23999786376953,81.31999969482422,81.48999786376953,59.72281265258789,11550700,0.0,0.0
2014-04-10 00:00:00-04:00,81.58000183105469,82.12999725341797,80.88999938964844,81.08999633789062,59.42967224121094,12194300,0.0,0.0
2014-04-11 00:00:00-04:00,80.9800033569336,81.66000366210938,80.5,80.76000213623047,59.18782043457031,11831400,0.0,0.0
2014-04-14 00:00:00-04:00,81.0,81.19999694824219,80.51000213623047,80.80999755859375,59.22446060180664,7105600,0.0,0.0
2014-04-15 00:00:00-04:00,80.79000091552734,81.08999633789062,80.5199966430664,80.83999633789062,59.24645233154297,9000800,0.0,0.0
2014-04-16 00:00:00-04:00,81.27999877929688,81.87999725341797,81.02999877929688,81.6500015258789,59.84008026123047,8300700,0.0,0.0
2014-04-17 00:00:00-04:00,81.47000122070312,81.88999938964844,81.33999633789062,81.76000213623047,59.920711517333984,8374700,0.0,0.0
2014-04-21 00:00:00-04:00,81.80999755859375,81.80999755859375,81.29000091552734,81.55999755859375,59.774139404296875,6391000,0.0,0.0
2014-04-22 00:00:00-04:00,81.54000091552734,81.66999816894531,81.1500015258789,81.25,59.54692077636719,9259100,0.0,0.0
2014-04-23 00:00:00-04:00,80.72000122070312,80.72000122070312,79.37999725341797,80.36000061035156,59.36520767211914,9577500,0.644,0.0
2014-04-24 00:00:00-04:00,80.26000213623047,81.37999725341797,80.01000213623047,81.1500015258789,59.94881820678711,9523200,0.0,0.0
2014-04-25 00:00:00-04:00,81.19999694824219,81.58000183105469,80.97000122070312,81.41000366210938,60.1408805847168,7497400,0.0,0.0
2014-04-28 00:00:00-04:00,81.54000091552734,82.9800033569336,81.51000213623047,82.94000244140625,61.27117156982422,11595100,0.0,0.0
2014-04-29 00:00:00-04:00,82.75,82.94999694824219,82.36000061035156,82.44000244140625,60.901763916015625,7214300,0.0,0.0
2014-04-30 00:00:00-04:00,82.38999938964844,82.75,82.23999786376953,82.55000305175781,60.98306655883789,6243300,0.0,0.0
2014-05-01 00:00:00-04:00,82.38999938964844,82.47000122070312,81.76000213623047,82.33999633789062,60.82789611816406,5305000,0.0,0.0
2014-05-02 00:00:00-04:00,82.22000122070312,82.5999984741211,81.75,81.91999816894531,60.51763916015625,6629200,0.0,0.0
2014-05-05 00:00:00-04:00,81.63999938964844,81.87999725341797,81.47000122070312,81.69999694824219,60.35512924194336,4563600,0.0,0.0
2014-05-06 00:00:00-04:00,81.76000213623047,81.76000213623047,81.12000274658203,81.12999725341797,59.93403625488281,4591300,0.0,0.0
2014-05-07 00:00:00-04:00,81.44999694824219,82.13999938964844,81.41999816894531,82.08999633789062,60.643218994140625,6639500,0.0,0.0
2014-05-08 00:00:00-04:00,82.05999755859375,82.31999969482422,81.81999969482422,82.16000366210938,60.694950103759766,4631200,0.0,0.0
2014-05-09 00:00:00-04:00,82.19999694824219,82.80000305175781,82.13999938964844,82.38999938964844,60.86484909057617,7303500,0.0,0.0
2014-05-12 00:00:00-04:00,82.61000061035156,82.70999908447266,81.70999908447266,81.7300033569336,60.37729263305664,7859000,0.0,0.0
2014-05-13 00:00:00-04:00,81.94000244140625,81.9800033569336,81.41999816894531,81.61000061035156,60.288639068603516,6540200,0.0,0.0
2014-05-14 00:00:00-04:00,81.73999786376953,81.91000366210938,81.12000274658203,81.16999816894531,59.96357345581055,6867200,0.0,0.0
2014-05-15 00:00:00-04:00,81.25,81.37000274658203,80.44000244140625,80.52999877929688,59.49078369140625,9402100,0.0,0.0
2014-05-16 00:00:00-04:00,80.62999725341797,80.76000213623047,80.0,80.33000183105469,59.34305191040039,11558900,0.0,0.0
2014-05-19 00:00:00-04:00,80.01000213623047,80.05000305175781,79.54000091552734,79.93000030517578,59.04755783081055,6068100,0.0,0.0
2014-05-20 00:00:00-04:00,80.0199966430664,80.58000183105469,79.97000122070312,80.2300033569336,59.2691650390625,7057200,0.0,0.0
2014-05-21 00:00:00-04:00,80.33999633789062,80.66999816894531,80.0199966430664,80.48999786376953,59.461219787597656,6339800,0.0,0.0
2014-05-22 00:00:00-04:00,80.37000274658203,80.66999816894531,80.05000305175781,80.6500015258789,59.57944869995117,5561100,0.0,0.0
2014-05-23 00:00:00-04:00,80.51000213623047,80.8499984741211,80.4000015258789,80.5199966430664,59.4833984375,4472600,0.0,0.0
2014-05-27 00:00:00-04:00,80.55000305175781,80.58000183105469,80.05000305175781,80.08000183105469,59.15835952758789,7003800,0.0,0.0
2014-05-28 00:00:00-04:00,80.02999877929688,80.27999877929688,80.0199966430664,80.0999984741211,59.17311477661133,4201400,0.0,0.0
2014-05-29 00:00:00-04:00,80.0999984741211,80.4000015258789,80.08000183105469,80.4000015258789,59.394744873046875,3886800,0.0,0.0
2014-05-30 00:00:00-04:00,80.25,80.8499984741211,80.16999816894531,80.79000091552734,59.68284606933594,7433000,0.0,0.0
2014-06-02 00:00:00-04:00,80.66000366210938,80.66999816894531,80.29000091552734,80.36000061035156,59.36520767211914,4331700,0.0,0.0
2014-06-03 00:00:00-04:00,80.04000091552734,80.30000305175781,79.5999984741211,79.93000030517578,59.04755783081055,6970600,0.0,0.0
2014-06-04 00:00:00-04:00,80.0,80.22000122070312,79.63999938964844,79.86000061035156,58.99583435058594,5427700,0.0,0.0
2014-06-05 00:00:00-04:00,80.11000061035156,80.30999755859375,79.97000122070312,80.11000061035156,59.18050765991211,5787700,0.0,0.0
2014-06-06 00:00:00-04:00,80.08999633789062,80.23999786376953,79.81999969482422,80.02999877929688,59.12141418457031,5520500,0.0,0.0
2014-06-09 00:00:00-04:00,79.91000366210938,80.23999786376953,79.8499984741211,80.08999633789062,59.165733337402344,6352500,0.0,0.0
2014-06-10 00:00:00-04:00,80.02999877929688,80.30000305175781,80.0,80.1500015258789,59.21006774902344,5658400,0.0,0.0
2014-06-11 00:00:00-04:00,80.05000305175781,80.30000305175781,79.87999725341797,80.05999755859375,59.143577575683594,7453700,0.0,0.0
2014-06-12 00:00:00-04:00,79.81999969482422,80.02999877929688,79.69000244140625,79.76000213623047,58.92196273803711,6526800,0.0,0.0
2014-06-13 00:00:00-04:00,79.7300033569336,79.94000244140625,79.5,79.63999938964844,58.83332061767578,5214000,0.0,0.0
2014-06-16 00:00:00-04:00,79.5199966430664,79.94000244140625,79.11000061035156,79.69000244140625,58.8702507019043,5334600,0.0,0.0
2014-06-17 00:00:00-04:00,79.61000061035156,79.79000091552734,79.3499984741211,79.58000183105469,58.789005279541016,5337300,0.0,0.0
2014-06-18 00:00:00-04:00,79.44000244140625,79.94000244140625,79.12999725341797,79.79000091552734,58.944129943847656,9614200,0.0,0.0
2014-06-19 00:00:00-04:00,79.8499984741211,80.56999969482422,79.80000305175781,80.23999786376953,59.276554107666016,12485100,0.0,0.0
2014-06-20 00:00:00-04:00,80.44000244140625,80.5,79.83000183105469,79.93000030517578,59.04755783081055,11659900,0.0,0.0
2014-06-23 00:00:00-04:00,80.05999755859375,80.05999755859375,79.36000061035156,79.5199966430664,58.744667053222656,6938900,0.0,0.0
2014-06-24 00:00:00-04:00,79.41999816894531,79.44000244140625,78.91999816894531,79.01000213623047,58.36789321899414,8157300,0.0,0.0
2014-06-25 00:00:00-04:00,79.04000091552734,79.36000061035156,78.6500015258789,79.31999969482422,58.596923828125,12569300,0.0,0.0
2014-06-26 00:00:00-04:00,79.23999786376953,79.29000091552734,78.58999633789062,78.62000274658203,58.07978820800781,7258800,0.0,0.0
2014-06-27 00:00:00-04:00,78.5999984741211,79.19000244140625,78.5199966430664,79.0199966430664,58.37529754638672,8974900,0.0,0.0
2014-06-30 00:00:00-04:00,79.01000213623047,79.45999908447266,78.43000030517578,78.58999633789062,58.05762481689453,10297700,0.0,0.0
2014-07-01 00:00:00-04:00,78.87000274658203,79.41000366210938,78.51000213623047,79.27999877929688,58.56734848022461,8421200,0.0,0.0
2014-07-02 00:00:00-04:00,79.55999755859375,79.86000061035156,79.44000244140625,79.55999755859375,58.77421188354492,6276600,0.0,0.0
2014-07-03 00:00:00-04:00,79.93000030517578,80.13999938964844,79.63999938964844,79.9800033569336,59.08450698852539,5501100,0.0,0.0
2014-07-07 00:00:00-04:00,79.75,80.19999694824219,79.66000366210938,80.19000244140625,59.23959732055664,6673600,0.0,0.0
2014-07-08 00:00:00-04:00,80.02999877929688,80.8499984741211,79.91000366210938,80.55999755859375,59.51295852661133,9150200,0.0,0.0
2014-07-09 00:00:00-04:00,80.66000366210938,81.80000305175781,80.5,81.66999816894531,60.33295822143555,12113100,0.0,0.0
2014-07-10 00:00:00-04:00,81.2699966430664,81.91000366210938,81.19000244140625,81.61000061035156,60.288639068603516,8786500,0.0,0.0
2014-07-11 00:00:00-04:00,81.05999755859375,81.56999969482422,81.0,81.16000366210938,59.95620346069336,7519300,0.0,0.0
2014-07-14 00:00:00-04:00,81.36000061035156,81.73999786376953,81.30000305175781,81.31999969482422,60.074398040771484,6802000,0.0,0.0
2014-07-15 00:00:00-04:00,81.51000213623047,81.5199966430664,81.08999633789062,81.26000213623047,60.03007125854492,9637600,0.0,0.0
2014-07-16 00:00:00-04:00,80.9000015258789,81.19999694824219,80.75,80.94000244140625,60.271339416503906,8940500,0.644,0.0
2014-07-17 00:00:00-04:00,80.98999786376953,81.22000122070312,80.38999938964844,80.4000015258789,59.86921691894531,5844700,0.0,0.0
2014-07-18 00:00:00-04:00,80.55000305175781,80.75,80.16000366210938,80.55000305175781,59.98093795776367,6502400,0.0,0.0
2014-07-21 00:00:00-04:00,80.33000183105469,80.4000015258789,79.94999694824219,80.27999877929688,59.779869079589844,4434300,0.0,0.0
2014-07-22 00:00:00-04:00,80.29000091552734,80.58000183105469,79.7699966430664,80.0999984741211,59.64582061767578,6073200,0.0,0.0
2014-07-23 00:00:00-04:00,80.33000183105469,80.5,79.81999969482422,79.98999786376953,59.563926696777344,5891200,0.0,0.0
2014-07-24 00:00:00-04:00,80.12000274658203,80.31999969482422,79.8499984741211,80.26000213623047,59.76498794555664,6273100,0.0,0.0
2014-07-25 00:00:00-04:00,80.0199966430664,80.16000366210938,79.37000274658203,79.55999755859375,59.24372863769531,6293400,0.0,0.0
2014-07-28 00:00:00-04:00,79.41000366210938,79.62000274658203,78.8499984741211,79.26000213623047,59.020347595214844,6757300,0.0,0.0
2014-07-29 00:00:00-04:00,79.08999633789062,79.5,78.6500015258789,78.6500015258789,58.56612014770508,6419600,0.0,0.0
2014-07-30 00:00:00-04:00,78.69999694824219,79.01000213623047,78.13999938964844,78.16000366210938,58.20122528076172,8296500,0.0,0.0
2014-07-31 00:00:00-04:00,77.76000213623047,78.01000213623047,77.29000091552734,77.31999969482422,57.57573699951172,11235600,0.0,0.0
2014-08-01 00:00:00-04:00,79.25,80.66999816894531,78.83000183105469,79.6500015258789,59.310752868652344,18110700,0.0,0.0
2014-08-04 00:00:00-04:00,79.45999908447266,79.45999908447266,78.66000366210938,79.22000122070312,58.99055862426758,12075300,0.0,0.0
2014-08-05 00:00:00-04:00,78.98999786376953,79.73999786376953,78.9800033569336,79.41000366210938,59.132015228271484,7995900,0.0,0.0
2014-08-06 00:00:00-04:00,79.4000015258789,81.30000305175781,79.2699966430664,81.08999633789062,60.383033752441406,12839000,0.0,0.0
2014-08-07 00:00:00-04:00,81.0199966430664,81.18000030517578,80.01000213623047,80.13999938964844,59.675636291503906,7904000,0.0,0.0
2014-08-08 00:00:00-04:00,80.05000305175781,81.02999877929688,80.04000091552734,80.94999694824219,60.278785705566406,6215600,0.0,0.0
2014-08-11 00:00:00-04:00,81.2300033569336,81.87000274658203,81.02999877929688,81.4800033569336,60.6734504699707,8188000,0.0,0.0
2014-08-12 00:00:00-04:00,81.5,81.86000061035156,81.20999908447266,81.41999816894531,60.62876510620117,6591200,0.0,0.0
2014-08-13 00:00:00-04:00,81.63999938964844,81.80000305175781,81.11000061035156,81.4800033569336,60.6734504699707,5472200,0.0,0.0
2014-08-14 00:00:00-04:00,81.58999633789062,82.04000091552734,81.44000244140625,81.94999694824219,61.02339172363281,5930700,0.0,0.0
2014-08-15 00:00:00-04:00,82.2300033569336,82.2300033569336,81.18000030517578,81.77999877929688,60.89681625366211,7418400,0.0,0.0
2014-08-18 00:00:00-04:00,81.98999786376953,82.8499984741211,81.80999755859375,82.44000244140625,61.38827896118164,8450500,0.0,0.0
2014-08-19 00:00:00-04:00,82.3499984741211,82.87000274658203,82.12000274658203,82.69000244140625,61.574459075927734,6867700,0.0,0.0
2014-08-20 00:00:00-04:00,82.45999908447266,82.94000244140625,82.45999908447266,82.80999755859375,61.663822174072266,4581800,0.0,0.0
2014-08-21 00:00:00-04:00,82.80000305175781,83.47000122070312,82.69000244140625,83.27999877929688,62.01378631591797,7099800,0.0,0.0
2014-08-22 00:00:00-04:00,83.16000366210938,83.66000366210938,83.13999938964844,83.38999938964844,62.09568405151367,6978500,0.0,0.0
2014-08-25 00:00:00-04:00,83.73999786376953,83.81999969482422,83.30999755859375,83.54000091552734,62.207393646240234,5586800,0.0,0.0
2014-08-26 00:00:00-04:00,83.61000061035156,83.83000183105469,83.33000183105469,83.37999725341797,62.08823776245117,5188400,0.0,0.0
2014-08-27 00:00:00-04:00,83.43000030517578,83.5999984741211,83.16000366210938,83.30999755859375,62.036136627197266,4248300,0.0,0.0
2014-08-28 00:00:00-04:00,83.0199966430664,83.22000122070312,82.76000213623047,83.02999877929688,61.82762908935547,4278700,0.0,0.0
2014-08-29 00:00:00-04:00,83.08999633789062,83.12999725341797,82.5999984741211,83.11000061035156,61.88722229003906,4901300,0.0,0.0
2014-09-02 00:00:00-04:00,83.20999908447266,83.48999786376953,82.70999908447266,82.9800033569336,61.790409088134766,5528900,0.0,0.0
2014-09-03 00:00:00-04:00,83.26000213623047,83.4800033569336,82.7699966430664,82.9000015258789,61.73081588745117,5851800,0.0,0.0
2014-09-04 00:00:00-04:00,82.91999816894531,83.75,82.77999877929688,83.69999694824219,62.3265380859375,7444200,0.0,0.0
2014-09-05 00:00:00-04:00,83.44000244140625,83.80000305175781,83.06999969482422,83.7699966430664,62.37866973876953,5888900,0.0,0.0
2014-09-08 00:00:00-04:00,83.56999969482422,83.5999984741211,83.12999725341797,83.31999969482422,62.04358673095703,4899600,0.0,0.0
2014-09-09 00:00:00-04:00,83.05000305175781,83.29000091552734,82.83000183105469,82.98999786376953,61.79782485961914,5202900,0.0,0.0
2014-09-10 00:00:00-04:00,83.19999694824219,83.95999908447266,83.1500015258789,83.63999938964844,62.28187942504883,6715300,0.0,0.0
2014-09-11 00:00:00-04:00,83.61000061035156,83.75,83.37000274658203,83.48999786376953,62.17017364501953,6341600,0.0,0.0
2014-09-12 00:00:00-04:00,83.20999908447266,83.37999725341797,82.86000061035156,83.26000213623047,61.9989013671875,6358500,0.0,0.0
2014-09-15 00:00:00-04:00,83.18000030517578,84.25,83.13999938964844,83.87000274658203,62.453155517578125,7004700,0.0,0.0
2014-09-16 00:00:00-04:00,83.58000183105469,84.44999694824219,83.55999755859375,84.08000183105469,62.60948944091797,7143800,0.0,0.0
2014-09-17 00:00:00-04:00,84.0199966430664,84.5,83.93000030517578,84.16000366210938,62.669090270996094,8273800,0.0,0.0
2014-09-18 00:00:00-04:00,84.18000030517578,84.44000244140625,84.06999969482422,84.19000244140625,62.6914176940918,5309200,0.0,0.0
2014-09-19 00:00:00-04:00,84.5199966430664,84.7699966430664,84.18000030517578,84.47000122070312,62.8999137878418,11377700,0.0,0.0
2014-09-22 00:00:00-04:00,84.63999938964844,84.94999694824219,84.48999786376953,84.80999755859375,63.15311813354492,8397100,0.0,0.0
2014-09-23 00:00:00-04:00,84.6500015258789,84.91999816894531,84.44000244140625,84.44000244140625,62.87757110595703,7723500,0.0,0.0
2014-09-24 00:00:00-04:00,84.33000183105469,85.4000015258789,84.33000183105469,85.23999786376953,63.473304748535156,11694700,0.0,0.0
2014-09-25 00:00:00-04:00,85.0199966430664,85.12999725341797,84.33000183105469,84.33000183105469,62.79567337036133,8212300,0.0,0.0
2014-09-26 00:00:00-04:00,84.54000091552734,84.73999786376953,83.86000061035156,84.58000183105469,62.981849670410156,5478000,0.0,0.0
2014-09-29 00:00:00-04:00,84.11000061035156,84.47000122070312,83.66000366210938,84.44000244140625,62.87757110595703,6360000,0.0,0.0
2014-09-30 00:00:00-04:00,84.33999633789062,84.36000061035156,83.68000030517578,83.73999786376953,62.35633087158203,8074700,0.0,0.0
2014-10-01 00:00:00-04:00,84.0199966430664,84.04000091552734,83.02999877929688,83.13999938964844,61.9095458984375,9024700,0.0,0.0
2014-10-02 00:00:00-04:00,83.0999984741211,83.97000122070312,82.94999694824219,83.05000305175781,61.84253692626953,8858400,0.0,0.0
2014-10-03 00:00:00-04:00,83.44000244140625,83.94999694824219,82.87999725341797,83.79000091552734,62.3935661315918,6701500,0.0,0.0
2014-10-06 00:00:00-04:00,83.56999969482422,83.94000244140625,83.19000244140625,83.56999969482422,62.22972869873047,5656500,0.0,0.0
2014-10-07 00:00:00-04:00,83.37999725341797,83.91999816894531,83.12000274658203,83.16000366210938,61.92445755004883,7378200,0.0,0.0
2014-10-08 00:00:00-04:00,83.33999633789062,84.27999877929688,83.20999908447266,84.18000030517578,62.68397903442383,8107100,0.0,0.0
2014-10-09 00:00:00-04:00,84.20999908447266,84.87999725341797,83.52999877929688,83.66000366210938,62.2967529296875,7765700,0.0,0.0
2014-10-10 00:00:00-04:00,83.94999694824219,85.27999877929688,83.91000366210938,84.69000244140625,63.06373596191406,13732400,0.0,0.0
2014-10-13 00:00:00-04:00,84.30999755859375,84.47000122070312,83.30999755859375,83.37000274658203,62.080833435058594,10066100,0.0,0.0
2014-10-14 00:00:00-04:00,83.91000366210938,83.91000366210938,83.02999877929688,83.55000305175781,62.21485137939453,8210300,0.0,0.0
2014-10-15 00:00:00-04:00,82.58999633789062,83.58000183105469,81.76000213623047,82.94999694824219,61.76806640625,13283200,0.0,0.0
2014-10-16 00:00:00-04:00,81.6500015258789,82.80000305175781,81.56999969482422,82.23999786376953,61.239376068115234,11310200,0.0,0.0
2014-10-17 00:00:00-04:00,82.94999694824219,83.4800033569336,82.02999877929688,83.2699966430664,62.00632858276367,11786600,0.0,0.0
2014-10-20 00:00:00-04:00,83.25,84.33000183105469,82.83000183105469,84.18000030517578,62.68397903442383,8558100,0.0,0.0
2014-10-21 00:00:00-04:00,84.47000122070312,84.63999938964844,83.66000366210938,84.61000061035156,63.00416564941406,12389600,0.0,0.0
2014-10-22 00:00:00-04:00,84.05999755859375,84.58999633789062,83.91999816894531,84.2300033569336,63.202266693115234,9747600,0.644,0.0
2014-10-23 00:00:00-04:00,84.26000213623047,84.33000183105469,82.30000305175781,83.2300033569336,62.451904296875,14292100,0.0,0.0
2014-10-24 00:00:00-04:00,85.0999984741211,85.97000122070312,84.91000366210938,85.16000366210938,63.900115966796875,13465600,0.0,0.0
2014-10-27 00:00:00-04:00,84.95999908447266,86.4800033569336,84.83000183105469,85.94999694824219,64.49286651611328,10316600,0.0,0.0
2014-10-28 00:00:00-04:00,86.19999694824219,86.6500015258789,86.16999816894531,86.47000122070312,64.883056640625,9437700,0.0,0.0
2014-10-29 00:00:00-04:00,86.66999816894531,86.66999816894531,85.91000366210938,86.54000091552734,64.93559265136719,6880600,0.0,0.0
2014-10-30 00:00:00-04:00,86.16000366210938,87.0,85.66999816894531,86.94000244140625,65.23572540283203,5560300,0.0,0.0
2014-10-31 00:00:00-04:00,87.08000183105469,87.36000061035156,86.70999908447266,87.2699966430664,65.48334503173828,9359800,0.0,0.0
2014-11-03 00:00:00-05:00,86.66000366210938,87.38999938964844,86.19999694824219,87.37999725341797,65.56587219238281,7789500,0.0,0.0
2014-11-04 00:00:00-05:00,87.48999786376953,88.87000274658203,87.44000244140625,88.63999938964844,66.5113296508789,10594800,0.0,0.0
2014-11-05 00:00:00-05:00,88.73999786376953,89.48999786376953,88.36000061035156,89.0,66.78145599365234,8462000,0.0,0.0
2014-11-06 00:00:00-05:00,89.08000183105469,89.19999694824219,88.56999969482422,88.9000015258789,66.70640563964844,6628900,0.0,0.0
2014-11-07 00:00:00-05:00,88.73999786376953,89.19999694824219,88.25,89.12999725341797,66.87899780273438,5975700,0.0,0.0
2014-11-10 00:00:00-05:00,88.91999816894531,89.5,88.26000213623047,89.44999694824219,67.11910247802734,5927100,0.0,0.0
2014-11-11 00:00:00-05:00,89.37999725341797,89.79000091552734,89.16999816894531,89.66999816894531,67.2841796875,6343900,0.0,0.0
2014-11-12 00:00:00-05:00,89.5999984741211,89.87999725341797,89.41999816894531,89.4800033569336,67.14161682128906,6298700,0.0,0.0
2014-11-13 00:00:00-05:00,88.94000244140625,89.83999633789062,88.45999908447266,88.5999984741211,66.48131561279297,10191600,0.0,0.0
2014-11-14 00:00:00-05:00,88.69999694824219,88.88999938964844,87.93000030517578,88.11000061035156,66.1136245727539,7559400,0.0,0.0
2014-11-17 00:00:00-05:00,88.0,88.18000030517578,87.37000274658203,87.83999633789062,65.91104888916016,9475800,0.0,0.0
2014-11-18 00:00:00-05:00,88.0199966430664,88.18000030517578,87.48999786376953,87.94999694824219,65.99356079101562,6419400,0.0,0.0
2014-11-19 00:00:00-05:00,88.23999786376953,88.87000274658203,87.93000030517578,88.7300033569336,66.57884979248047,6570400,0.0,0.0
2014-11-20 00:00:00-05:00,88.33000183105469,88.80000305175781,88.33000183105469,88.47000122070312,66.38375854492188,5527600,0.0,0.0
2014-11-21 00:00:00-05:00,89.26000213623047,89.43000030517578,88.45999908447266,88.5999984741211,66.48131561279297,8984100,0.0,0.0
2014-11-24 00:00:00-05:00,88.87999725341797,88.88999938964844,87.86000061035156,88.11000061035156,66.1136245727539,5569200,0.0,0.0
2014-11-25 00:00:00-05:00,88.36000061035156,88.81999969482422,88.08000183105469,88.80000305175781,66.6313705444336,6439700,0.0,0.0
2014-11-26 00:00:00-05:00,88.83000183105469,88.87999725341797,88.44999694824219,88.87999725341797,66.69139862060547,4420000,0.0,0.0
2014-11-28 00:00:00-05:00,89.08999633789062,90.55999755859375,88.97000122070312,90.43000030517578,67.85442352294922,7661800,0.0,0.0
2014-12-01 00:00:00-05:00,90.16999816894531,90.66999816894531,89.5199966430664,90.08000183105469,67.59184265136719,6745100,0.0,0.0
2014-12-02 00:00:00-05:00,90.44000244140625,91.16999816894531,90.12000274658203,91.06999969482422,68.33467864990234,7432900,0.0,0.0
2014-12-03 00:00:00-05:00,90.83999633789062,90.97000122070312,89.63999938964844,90.0,67.53179168701172,6465600,0.0,0.0
2014-12-04 00:00:00-05:00,90.5,90.94000244140625,90.0999984741211,90.58000183105469,67.96702575683594,6406700,0.0,0.0
2014-12-05 00:00:00-05:00,90.31999969482422,90.41999816894531,89.20999908447266,90.37999725341797,67.81696319580078,6383400,0.0,0.0
2014-12-08 00:00:00-05:00,90.33999633789062,91.0,90.31999969482422,90.76000213623047,68.1020736694336,4721900,0.0,0.0
2014-12-09 00:00:00-05:00,90.47000122070312,90.77999877929688,89.87000274658203,90.70999908447266,68.06455993652344,5704000,0.0,0.0
2014-12-10 00:00:00-05:00,90.94999694824219,91.0999984741211,89.95999908447266,90.0,67.53179168701172,6293300,0.0,0.0
2014-12-11 00:00:00-05:00,90.0,91.27999877929688,89.9800033569336,90.41000366210938,67.83946228027344,6468700,0.0,0.0
2014-12-12 00:00:00-05:00,90.01000213623047,90.97000122070312,89.52999877929688,89.55000305175781,67.19416046142578,6574600,0.0,0.0
2014-12-15 00:00:00-05:00,89.69999694824219,90.5999984741211,89.02999877929688,89.19999694824219,66.93152618408203,6511900,0.0,0.0
2014-12-16 00:00:00-05:00,89.13999938964844,90.95999908447266,88.37999725341797,89.36000061035156,67.05155944824219,8773800,0.0,0.0
2014-12-17 00:00:00-05:00,89.55999755859375,91.16000366210938,89.4000015258789,90.69999694824219,68.05704498291016,7412700,0.0,0.0
2014-12-18 00:00:00-05:00,91.01000213623047,92.0,90.55000305175781,92.0,69.0324935913086,8724500,0.0,0.0
2014-12-19 00:00:00-05:00,92.1500015258789,92.7300033569336,91.76000213623047,92.05000305175781,69.07001495361328,14037800,0.0,0.0
2014-12-22 00:00:00-05:00,92.0999984741211,92.7300033569336,92.0,92.5999984741211,69.48270416259766,7157100,0.0,0.0
2014-12-23 00:00:00-05:00,92.73999786376953,93.4800033569336,92.69999694824219,93.29000091552734,70.00045013427734,5610600,0.0,0.0
2014-12-24 00:00:00-05:00,93.5,93.88999938964844,93.13999938964844,93.13999938964844,69.88793182373047,2403000,0.0,0.0
2014-12-26 00:00:00-05:00,93.1500015258789,93.80999755859375,93.05999755859375,93.45999908447266,70.12801361083984,3148700,0.0,0.0
2014-12-29 00:00:00-05:00,93.12000274658203,93.43000030517578,92.5,92.63999938964844,69.51272583007812,4657700,0.0,0.0
2014-12-30 00:00:00-05:00,92.25,92.81999969482422,92.0999984741211,92.4000015258789,69.33265686035156,4730000,0.0,0.0
2014-12-31 00:00:00-05:00,92.04000091552734,92.55000305175781,91.02999877929688,91.08999633789062,68.34968566894531,5712100,0.0,0.0
2015-01-02 00:00:00-05:00,90.83999633789062,91.0,89.91999816894531,90.44000244140625,67.86195373535156,7251400,0.0,0.0
2015-01-05 00:00:00-05:00,90.2300033569336,91.0,89.8499984741211,90.01000213623047,67.53932189941406,8626100,0.0,0.0
2015-01-06 00:00:00-05:00,90.30999755859375,90.55999755859375,89.26000213623047,89.5999984741211,67.23165130615234,7791200,0.0,0.0
2015-01-07 00:00:00-05:00,89.94000244140625,90.37000274658203,89.55999755859375,90.06999969482422,67.5843276977539,5986600,0.0,0.0
2015-01-08 00:00:00-05:00,90.4800033569336,91.2300033569336,90.12999725341797,91.0999984741211,68.35722351074219,6823300,0.0,0.0
2015-01-09 00:00:00-05:00,91.18000030517578,91.18000030517578,90.12000274658203,90.25,67.71940612792969,4872800,0.0,0.0
2015-01-12 00:00:00-05:00,90.4800033569336,90.62000274658203,89.51000213623047,89.91999816894531,67.47176361083984,5250900,0.0,0.0
2015-01-13 00:00:00-05:00,90.77999877929688,91.5,89.7699966430664,90.30000305175781,67.75689697265625,6727100,0.0,0.0
2015-01-14 00:00:00-05:00,89.7300033569336,90.16000366210938,89.43000030517578,89.98999786376953,67.52428436279297,6418200,0.0,0.0
2015-01-15 00:00:00-05:00,90.48999786376953,90.5,89.33999633789062,89.86000061035156,67.42676544189453,6768200,0.0,0.0
2015-01-16 00:00:00-05:00,89.94999694824219,91.33999633789062,89.87000274658203,91.25,68.4697494506836,8815700,0.0,0.0
2015-01-20 00:00:00-05:00,91.25,91.79000091552734,90.5,91.19000244140625,68.4247055053711,9869900,0.0,0.0
2015-01-21 00:00:00-05:00,90.4000015258789,91.19000244140625,89.62999725341797,90.7300033569336,68.56376647949219,6974500,0.644,0.0
2015-01-22 00:00:00-05:00,91.04000091552734,91.69000244140625,89.87000274658203,91.62000274658203,69.23632049560547,7211200,0.0,0.0
2015-01-23 00:00:00-05:00,91.16999816894531,91.19000244140625,89.94999694824219,90.08000183105469,68.07257843017578,6745700,0.0,0.0
2015-01-26 00:00:00-05:00,89.94999694824219,89.94999694824219,88.73999786376953,89.58000183105469,67.69475555419922,9371700,0.0,0.0
2015-01-27 00:00:00-05:00,87.0999984741211,87.20999908447266,86.0199966430664,86.48999786376953,65.35963439941406,14417400,0.0,0.0
2015-01-28 00:00:00-05:00,86.62999725341797,86.91000366210938,85.01000213623047,85.1500015258789,64.3470230102539,14033400,0.0,0.0
2015-01-29 00:00:00-05:00,85.77999877929688,86.11000061035156,85.1500015258789,85.66999816894531,64.73997497558594,12054500,0.0,0.0
2015-01-30 00:00:00-05:00,85.08999633789062,85.22000122070312,84.25,84.29000091552734,63.697113037109375,14685300,0.0,0.0
2015-02-02 00:00:00-05:00,84.58000183105469,85.13999938964844,83.68000030517578,85.12000274658203,64.32432556152344,10278700,0.0,0.0
2015-02-03 00:00:00-05:00,85.94999694824219,86.0,85.12000274658203,85.94999694824219,64.95156860351562,10747900,0.0,0.0
2015-02-04 00:00:00-05:00,85.88999938964844,86.4800033569336,85.55000305175781,85.79000091552734,64.83065032958984,9212800,0.0,0.0
2015-02-05 00:00:00-05:00,86.23999786376953,86.77999877929688,86.0999984741211,86.69999694824219,65.518310546875,6531300,0.0,0.0
2015-02-06 00:00:00-05:00,86.55999755859375,86.61000061035156,85.1500015258789,85.61000061035156,64.69464111328125,8429800,0.0,0.0
2015-02-09 00:00:00-05:00,85.30999755859375,85.43000030517578,84.58999633789062,85.05000305175781,64.2714614868164,8811500,0.0,0.0
2015-02-10 00:00:00-05:00,85.33000183105469,85.56999969482422,84.81999969482422,85.38999938964844,64.52840423583984,7059300,0.0,0.0
2015-02-11 00:00:00-05:00,85.94999694824219,86.19999694824219,85.1500015258789,85.63999938964844,64.71729278564453,7184600,0.0,0.0
2015-02-12 00:00:00-05:00,86.05999755859375,86.1500015258789,85.41000366210938,86.02999877929688,65.01203155517578,6074600,0.0,0.0
2015-02-13 00:00:00-05:00,86.02999877929688,86.1500015258789,85.5,85.9000015258789,64.91380310058594,6272000,0.0,0.0
2015-02-17 00:00:00-05:00,86.05999755859375,86.05999755859375,85.0,85.48999786376953,64.60393524169922,10310400,0.0,0.0
2015-02-18 00:00:00-05:00,85.76000213623047,86.38999938964844,85.5199966430664,86.26000213623047,65.18586730957031,8132300,0.0,0.0
2015-02-19 00:00:00-05:00,86.11000061035156,86.30000305175781,85.05000305175781,85.20999908447266,64.3923568725586,7271600,0.0,0.0
2015-02-20 00:00:00-05:00,84.94999694824219,85.05000305175781,84.19000244140625,84.87000274658203,64.13542175292969,9581300,0.0,0.0
2015-02-23 00:00:00-05:00,84.95999908447266,85.5,84.6500015258789,85.38999938964844,64.52840423583984,7919200,0.0,0.0
2015-02-24 00:00:00-05:00,85.51000213623047,85.73999786376953,85.01000213623047,85.5,64.61150360107422,6502200,0.0,0.0
2015-02-25 00:00:00-05:00,85.69999694824219,85.80000305175781,85.23999786376953,85.45999908447266,64.5812759399414,5975800,0.0,0.0
2015-02-26 00:00:00-05:00,85.41999816894531,85.76000213623047,84.88999938964844,85.16999816894531,64.36212921142578,7964500,0.0,0.0
2015-02-27 00:00:00-05:00,85.0199966430664,85.37999725341797,84.56999969482422,85.12999725341797,64.3318862915039,7685000,0.0,0.0
2015-03-02 00:00:00-05:00,85.12999725341797,85.41000366210938,84.83999633789062,85.41000366210938,64.54348754882812,7235200,0.0,0.0
2015-03-03 00:00:00-05:00,85.3499984741211,85.44000244140625,84.54000091552734,85.16000366210938,64.35459899902344,6095600,0.0,0.0
2015-03-04 00:00:00-05:00,85.04000091552734,85.23999786376953,84.20999908447266,84.3499984741211,63.74245071411133,7370000,0.0,0.0
2015-03-05 00:00:00-05:00,84.62000274658203,84.76000213623047,84.08999633789062,84.62999725341797,63.95404052734375,5914200,0.0,0.0
2015-03-06 00:00:00-05:00,84.33999633789062,84.37000274658203,82.37000274658203,82.66000366210938,62.465362548828125,11338700,0.0,0.0
2015-03-09 00:00:00-04:00,82.79000091552734,83.20999908447266,82.68000030517578,83.08999633789062,62.790313720703125,7326700,0.0,0.0
2015-03-10 00:00:00-04:00,82.47000122070312,82.87999725341797,81.54000091552734,81.54000091552734,61.618988037109375,9681400,0.0,0.0
2015-03-11 00:00:00-04:00,81.52999877929688,81.77999877929688,80.80999755859375,81.38999938964844,61.50563049316406,10066600,0.0,0.0
2015-03-12 00:00:00-04:00,81.58999633789062,82.12000274658203,81.51000213623047,82.08999633789062,62.034610748291016,6951100,0.0,0.0
2015-03-13 00:00:00-04:00,81.9800033569336,82.27999877929688,81.1500015258789,81.83000183105469,61.838138580322266,7492500,0.0,0.0
2015-03-16 00:00:00-04:00,82.08000183105469,83.94999694824219,81.98999786376953,83.55999755859375,63.145477294921875,15618300,0.0,0.0
2015-03-17 00:00:00-04:00,83.36000061035156,83.37000274658203,82.43000030517578,82.8499984741211,62.60892868041992,7509300,0.0,0.0
2015-03-18 00:00:00-04:00,82.86000061035156,84.05000305175781,82.0199966430664,83.75,63.289066314697266,12607900,0.0,0.0
2015-03-19 00:00:00-04:00,83.45999908447266,83.75,83.12000274658203,83.37999725341797,63.00942611694336,9257500,0.0,0.0
2015-03-20 00:00:00-04:00,83.98999786376953,84.79000091552734,83.7699966430664,84.73999786376953,64.03719329833984,22580300,0.0,0.0
2015-03-23 00:00:00-04:00,84.37000274658203,85.05000305175781,84.36000061035156,84.86000061035156,64.12786865234375,9891100,0.0,0.0
2015-03-24 00:00:00-04:00,84.88999938964844,85.11000061035156,83.87000274658203,83.91999816894531,63.417518615722656,7478800,0.0,0.0
2015-03-25 00:00:00-04:00,84.37000274658203,84.37000274658203,82.86000061035156,83.01000213623047,62.72985076904297,8482200,0.0,0.0
2015-03-26 00:00:00-04:00,82.58000183105469,82.61000061035156,81.94999694824219,82.1500015258789,62.07996368408203,7311600,0.0,0.0
2015-03-27 00:00:00-04:00,82.08000183105469,82.54000091552734,81.98999786376953,82.30999755859375,62.200836181640625,6440600,0.0,0.0
2015-03-30 00:00:00-04:00,82.62999725341797,82.94999694824219,82.1500015258789,82.72000122070312,62.51069641113281,6416800,0.0,0.0
2015-03-31 00:00:00-04:00,82.76000213623047,82.93000030517578,81.94000244140625,81.94000244140625,61.921260833740234,8649700,0.0,0.0
2015-04-01 00:00:00-04:00,82.44000244140625,82.44999694824219,81.44999694824219,82.31999969482422,62.208431243896484,7395300,0.0,0.0
2015-04-02 00:00:00-04:00,82.16999816894531,82.58999633789062,81.91999816894531,82.43000030517578,62.291542053222656,6169800,0.0,0.0
2015-04-06 00:00:00-04:00,81.91999816894531,83.2300033569336,81.51000213623047,83.04000091552734,62.75251388549805,6856300,0.0,0.0
2015-04-07 00:00:00-04:00,82.93000030517578,83.29000091552734,82.33000183105469,82.38999938964844,62.26133346557617,6329900,0.0,0.0
2015-04-08 00:00:00-04:00,82.30000305175781,83.18000030517578,82.2699966430664,82.7699966430664,62.5484619140625,6523400,0.0,0.0
2015-04-09 00:00:00-04:00,82.62999725341797,82.94999694824219,82.01000213623047,82.88999938964844,62.639156341552734,6185000,0.0,0.0
2015-04-10 00:00:00-04:00,82.80000305175781,83.62999725341797,82.72000122070312,83.3499984741211,62.986778259277344,7001700,0.0,0.0
2015-04-13 00:00:00-04:00,83.0,83.94999694824219,82.94000244140625,83.43000030517578,63.04721450805664,8290500,0.0,0.0
2015-04-14 00:00:00-04:00,83.38999938964844,83.87999725341797,83.05000305175781,83.5999984741211,63.175697326660156,6792600,0.0,0.0
2015-04-15 00:00:00-04:00,83.8499984741211,84.19999694824219,83.4800033569336,83.51000213623047,63.107696533203125,7006400,0.0,0.0
2015-04-16 00:00:00-04:00,83.55999755859375,84.06999969482422,83.3499984741211,83.5,63.10015106201172,7615900,0.0,0.0
2015-04-17 00:00:00-04:00,83.0,83.22000122070312,82.02999877929688,82.52999877929688,62.36710739135742,9533800,0.0,0.0
2015-04-20 00:00:00-04:00,83.08999633789062,83.9800033569336,82.80000305175781,82.87000274658203,62.6240348815918,7416000,0.0,0.0
2015-04-21 00:00:00-04:00,83.38999938964844,83.80000305175781,82.9000015258789,83.08000183105469,62.782737731933594,7696400,0.0,0.0
2015-04-22 00:00:00-04:00,83.22000122070312,83.33999633789062,82.5999984741211,83.08999633789062,62.790313720703125,6753100,0.0,0.0
2015-04-23 00:00:00-04:00,81.41999816894531,82.0999984741211,80.9000015258789,80.94999694824219,61.66517639160156,14569500,0.663,0.0
2015-04-24 00:00:00-04:00,81.04000091552734,81.52999877929688,80.9000015258789,81.0,61.703269958496094,8785500,0.0,0.0
2015-04-27 00:00:00-04:00,80.91000366210938,81.19999694824219,80.47000122070312,80.5999984741211,61.3985481262207,9192300,0.0,0.0
2015-04-28 00:00:00-04:00,80.7300033569336,80.81999969482422,80.19000244140625,80.41999816894531,61.261451721191406,8395500,0.0,0.0
2015-04-29 00:00:00-04:00,80.0,80.30999755859375,79.72000122070312,79.8499984741211,60.827205657958984,11858500,0.0,0.0
2015-04-30 00:00:00-04:00,79.94999694824219,80.1500015258789,79.06999969482422,79.51000213623047,60.568233489990234,9409300,0.0,0.0
2015-05-01 00:00:00-04:00,79.76000213623047,80.31999969482422,79.62999725341797,80.29000091552734,61.16240692138672,8193000,0.0,0.0
2015-05-04 00:00:00-04:00,80.4800033569336,80.97000122070312,80.30000305175781,80.3499984741211,61.208099365234375,7203800,0.0,0.0
2015-05-05 00:00:00-04:00,80.5,80.6500015258789,79.77999877929688,80.06999969482422,60.99483108520508,6589400,0.0,0.0
2015-05-06 00:00:00-04:00,80.33999633789062,80.58000183105469,79.5199966430664,80.4000015258789,61.246185302734375,7335700,0.0,0.0
2015-05-07 00:00:00-04:00,80.37000274658203,80.55000305175781,80.0,80.19999694824219,61.09384536743164,7224300,0.0,0.0
2015-05-08 00:00:00-04:00,80.88999938964844,81.20999908447266,80.81999969482422,80.95999908447266,61.67279052734375,6929400,0.0,0.0
2015-05-11 00:00:00-04:00,80.94999694824219,80.98999786376953,80.26000213623047,80.2699966430664,61.14716720581055,5237800,0.0,0.0
2015-05-12 00:00:00-04:00,80.02999877929688,80.29000091552734,79.36000061035156,79.94999694824219,60.90339660644531,6305800,0.0,0.0
2015-05-13 00:00:00-04:00,80.16000366210938,80.58999633789062,79.55000305175781,79.69999694824219,60.71294021606445,6459900,0.0,0.0
2015-05-14 00:00:00-04:00,80.11000061035156,80.69000244140625,80.08999633789062,80.56999969482422,61.37571334838867,5634200,0.0,0.0
2015-05-15 00:00:00-04:00,80.83000183105469,81.12000274658203,80.7300033569336,81.05000305175781,61.74134063720703,7454800,0.0,0.0
2015-05-18 00:00:00-04:00,80.97000122070312,81.12999725341797,80.5,80.73999786376953,61.505210876464844,5590800,0.0,0.0
2015-05-19 00:00:00-04:00,80.75,80.94999694824219,80.33000183105469,80.83000183105469,61.57374954223633,5729500,0.0,0.0
2015-05-20 00:00:00-04:00,80.93000030517578,81.0,80.44999694824219,80.4800033569336,61.30713653564453,5487000,0.0,0.0
2015-05-21 00:00:00-04:00,80.16999816894531,80.58000183105469,79.83999633789062,80.41000366210938,61.25379943847656,6054700,0.0,0.0
2015-05-22 00:00:00-04:00,80.23999786376953,80.4000015258789,79.91999816894531,79.94999694824219,60.90339660644531,6003600,0.0,0.0
2015-05-26 00:00:00-04:00,79.97000122070312,80.06999969482422,78.94000244140625,79.13999938964844,60.28633499145508,6698300,0.0,0.0
2015-05-27 00:00:00-04:00,79.22000122070312,79.94000244140625,79.08999633789062,79.38999938964844,60.47679901123047,8094600,0.0,0.0
2015-05-28 00:00:00-04:00,79.43000030517578,79.44999694824219,79.0199966430664,79.33000183105469,60.43110275268555,5803400,0.0,0.0
2015-05-29 00:00:00-04:00,79.18000030517578,79.23999786376953,78.19000244140625,78.38999938964844,59.71503829956055,12551700,0.0,0.0
2015-06-01 00:00:00-04:00,78.6500015258789,79.06999969482422,78.2699966430664,78.8499984741211,60.065452575683594,7588000,0.0,0.0
2015-06-02 00:00:00-04:00,78.45999908447266,78.72000122070312,78.16999816894531,78.54000091552734,59.82928466796875,7380800,0.0,0.0
2015-06-03 00:00:00-04:00,78.91000366210938,78.93000030517578,78.2699966430664,78.55999755859375,59.84454345703125,5985800,0.0,0.0
2015-06-04 00:00:00-04:00,78.41000366210938,78.83999633789062,78.05999755859375,78.1500015258789,59.53221130371094,7714600,0.0,0.0
2015-06-05 00:00:00-04:00,78.04000091552734,78.12000274658203,77.37000274658203,77.43000030517578,58.983760833740234,9439700,0.0,0.0
2015-06-08 00:00:00-04:00,77.4800033569336,77.9800033569336,77.0999984741211,77.70999908447266,59.19703674316406,10916200,0.0,0.0
2015-06-09 00:00:00-04:00,77.97000122070312,79.33000183105469,77.81999969482422,78.9000015258789,60.10353088378906,11528900,0.0,0.0
2015-06-10 00:00:00-04:00,79.2300033569336,79.79000091552734,79.01000213623047,79.54000091552734,60.59107971191406,9483500,0.0,0.0
2015-06-11 00:00:00-04:00,79.93000030517578,79.93000030517578,79.23999786376953,79.41000366210938,60.492034912109375,7633300,0.0,0.0
2015-06-12 00:00:00-04:00,79.16999816894531,79.31999969482422,78.56999969482422,78.87000274658203,60.08068084716797,6508600,0.0,0.0
2015-06-15 00:00:00-04:00,78.33000183105469,78.45999908447266,77.93000030517578,78.12000274658203,59.50935363769531,7527900,0.0,0.0
2015-06-16 00:00:00-04:00,79.5999984741211,79.5999984741211,78.54000091552734,79.0999984741211,60.25587844848633,8285700,0.0,0.0
2015-06-17 00:00:00-04:00,79.19999694824219,80.19000244140625,79.16000366210938,80.08000183105469,61.002418518066406,9305800,0.0,0.0
2015-06-18 00:00:00-04:00,80.33000183105469,81.22000122070312,80.30000305175781,80.81999969482422,61.566123962402344,10712500,0.0,0.0
2015-06-19 00:00:00-04:00,80.70999908447266,81.19999694824219,80.4800033569336,80.54000091552734,61.35285186767578,15598800,0.0,0.0
2015-06-22 00:00:00-04:00,80.91999816894531,81.18000030517578,80.33000183105469,80.44999694824219,61.284278869628906,6907900,0.0,0.0
2015-06-23 00:00:00-04:00,80.33000183105469,80.44999694824219,79.62000274658203,79.79000091552734,60.78150939941406,7190600,0.0,0.0
2015-06-24 00:00:00-04:00,79.80000305175781,79.8499984741211,79.5,79.51000213623047,60.568233489990234,8843700,0.0,0.0
2015-06-25 00:00:00-04:00,79.70999908447266,79.9000015258789,79.38999938964844,79.38999938964844,60.47679901123047,5855700,0.0,0.0
2015-06-26 00:00:00-04:00,79.54000091552734,79.73999786376953,79.27999877929688,79.33999633789062,60.43871307373047,7703200,0.0,0.0
2015-06-29 00:00:00-04:00,78.94999694824219,79.37000274658203,78.26000213623047,78.31999969482422,59.661720275878906,7966200,0.0,0.0
2015-06-30 00:00:00-04:00,78.91999816894531,79.01000213623047,78.12999725341797,78.23999786376953,59.60075759887695,8451400,0.0,0.0
2015-07-01 00:00:00-04:00,78.38999938964844,79.7699966430664,78.12000274658203,79.72000122070312,60.728187561035156,8868000,0.0,0.0
2015-07-02 00:00:00-04:00,80.01000213623047,80.3499984741211,79.7699966430664,79.93000030517578,60.88814163208008,6602500,0.0,0.0
2015-07-06 00:00:00-04:00,79.61000061035156,80.22000122070312,79.5,80.05000305175781,60.979549407958984,6601200,0.0,0.0
2015-07-07 00:00:00-04:00,80.05999755859375,81.83000183105469,80.05999755859375,81.72000122070312,62.25172805786133,11690400,0.0,0.0
2015-07-08 00:00:00-04:00,81.20999908447266,81.69000244140625,80.88999938964844,80.98999786376953,61.69562530517578,6724700,0.0,0.0
2015-07-09 00:00:00-04:00,81.75,82.0,80.5199966430664,80.66000366210938,61.444252014160156,10419800,0.0,0.0
2015-07-10 00:00:00-04:00,81.2300033569336,81.36000061035156,80.76000213623047,80.94999694824219,61.66517639160156,6892500,0.0,0.0
2015-07-13 00:00:00-04:00,81.5199966430664,82.04000091552734,81.33999633789062,81.91000366210938,62.39646911621094,7332900,0.0,0.0
2015-07-14 00:00:00-04:00,82.04000091552734,82.45999908447266,81.9800033569336,82.04000091552734,62.49549102783203,6119500,0.0,0.0
2015-07-15 00:00:00-04:00,81.91000366210938,82.31999969482422,81.83999633789062,82.1500015258789,62.579288482666016,6673700,0.0,0.0
2015-07-16 00:00:00-04:00,82.44999694824219,82.55000305175781,82.0999984741211,82.30000305175781,62.69357681274414,6623400,0.0,0.0
2015-07-17 00:00:00-04:00,81.88999938964844,82.37999725341797,81.5999984741211,82.23999786376953,62.647857666015625,5827300,0.0,0.0
2015-07-20 00:00:00-04:00,82.08999633789062,82.3499984741211,82.0,82.19000244140625,62.60974884033203,5012900,0.0,0.0
2015-07-21 00:00:00-04:00,82.01000213623047,82.12999725341797,81.37000274658203,81.62999725341797,62.18318176269531,7512400,0.0,0.0
2015-07-22 00:00:00-04:00,81.02999877929688,81.30000305175781,80.66999816894531,80.83000183105469,62.07795715332031,6106400,0.663,0.0
2015-07-23 00:00:00-04:00,80.83000183105469,80.88999938964844,80.13999938964844,80.69999694824219,61.97810745239258,5380900,0.0,0.0
2015-07-24 00:00:00-04:00,80.51000213623047,80.7300033569336,80.2300033569336,80.29000091552734,61.66322326660156,5660800,0.0,0.0
2015-07-27 00:00:00-04:00,79.83000183105469,80.06999969482422,79.43000030517578,79.97000122070312,61.41748046875,8613600,0.0,0.0
2015-07-28 00:00:00-04:00,80.13999938964844,80.66000366210938,79.91000366210938,80.2300033569336,61.61713790893555,8649900,0.0,0.0
2015-07-29 00:00:00-04:00,80.26000213623047,80.98999786376953,80.16000366210938,80.62000274658203,61.91667175292969,8921500,0.0,0.0
2015-07-30 00:00:00-04:00,79.4000015258789,79.4800033569336,77.1500015258789,77.38999938964844,59.43599319458008,22067800,0.0,0.0
2015-07-31 00:00:00-04:00,77.62999725341797,77.73999786376953,76.66000366210938,76.69999694824219,58.90610122680664,11877200,0.0,0.0
2015-08-03 00:00:00-04:00,76.51000213623047,77.08999633789062,76.01000213623047,76.4000015258789,58.67568588256836,9511300,0.0,0.0
2015-08-04 00:00:00-04:00,76.02999877929688,76.33999633789062,75.75,75.91000366210938,58.29937744140625,13369100,0.0,0.0
2015-08-05 00:00:00-04:00,76.05000305175781,76.54000091552734,75.75,75.7699966430664,58.19184875488281,10895400,0.0,0.0
2015-08-06 00:00:00-04:00,76.01000213623047,76.01000213623047,75.25,75.73999786376953,58.168785095214844,9353300,0.0,0.0
2015-08-07 00:00:00-04:00,75.58999633789062,75.72000122070312,75.33999633789062,75.4800033569336,57.96910858154297,10045400,0.0,0.0
2015-08-10 00:00:00-04:00,75.94999694824219,76.5,75.80000305175781,76.37999725341797,58.66031265258789,9165900,0.0,0.0
2015-08-11 00:00:00-04:00,76.04000091552734,76.44999694824219,75.80999755859375,76.22000122070312,58.53742980957031,7491900,0.0,0.0
2015-08-12 00:00:00-04:00,75.88999938964844,76.43000030517578,75.33999633789062,76.38999938964844,58.66798782348633,10397700,0.0,0.0
2015-08-13 00:00:00-04:00,76.48999786376953,76.51000213623047,75.62999725341797,75.77999877929688,58.19953155517578,5948000,0.0,0.0
2015-08-14 00:00:00-04:00,75.73999786376953,75.80999755859375,75.37999725341797,75.62000274658203,58.07664108276367,5586900,0.0,0.0
2015-08-17 00:00:00-04:00,75.80999755859375,75.80999755859375,74.75,75.52999877929688,58.007530212402344,8683900,0.0,0.0
2015-08-18 00:00:00-04:00,75.58000183105469,75.80000305175781,75.0,75.12999725341797,57.700321197509766,7445900,0.0,0.0
2015-08-19 00:00:00-04:00,74.93000030517578,74.93000030517578,74.0199966430664,74.12000274658203,56.92463302612305,9865300,0.0,0.0
2015-08-20 00:00:00-04:00,73.75,74.72000122070312,73.45999908447266,73.91000366210938,56.76335144042969,10696500,0.0,0.0
2015-08-21 00:00:00-04:00,73.55000305175781,73.9000015258789,71.83000183105469,71.83999633789062,55.173561096191406,15763900,0.0,0.0
2015-08-24 00:00:00-04:00,68.56999969482422,71.06999969482422,65.0199966430664,69.13999938964844,53.09996032714844,23696300,0.0,0.0
2015-08-25 00:00:00-04:00,72.18000030517578,72.2300033569336,68.30000305175781,68.41999816894531,52.54697799682617,21476900,0.0,0.0
2015-08-26 00:00:00-04:00,69.9000015258789,71.0,68.94999694824219,70.9000015258789,54.45164489746094,17464700,0.0,0.0
2015-08-27 00:00:00-04:00,71.4000015258789,71.75,70.0199966430664,71.4800033569336,54.89708709716797,13434000,0.0,0.0
2015-08-28 00:00:00-04:00,71.16999816894531,71.2699966430664,70.58999633789062,71.20999908447266,54.68972396850586,10020000,0.0,0.0
2015-08-31 00:00:00-04:00,71.0,71.0,70.30000305175781,70.66999816894531,54.27500534057617,9520900,0.0,0.0
2015-09-01 00:00:00-04:00,69.37000274658203,69.87999725341797,68.5199966430664,68.9000015258789,52.91564178466797,15437700,0.0,0.0
2015-09-02 00:00:00-04:00,69.6500015258789,69.8499984741211,69.22000122070312,69.80999755859375,53.614524841308594,8903700,0.0,0.0
2015-09-03 00:00:00-04:00,70.18000030517578,70.45999908447266,69.69999694824219,69.93000030517578,53.706687927246094,8468300,0.0,0.0
2015-09-04 00:00:00-04:00,69.27999877929688,69.27999877929688,68.5,68.76000213623047,52.80812454223633,11497500,0.0,0.0
2015-09-08 00:00:00-04:00,70.30999755859375,70.44000244140625,69.55999755859375,69.9800033569336,53.74509048461914,9182300,0.0,0.0
2015-09-09 00:00:00-04:00,70.44000244140625,70.54000091552734,68.37000274658203,68.4800033569336,52.593074798583984,11070600,0.0,0.0
2015-09-10 00:00:00-04:00,68.12000274658203,68.94999694824219,67.75,68.31999969482422,52.470184326171875,12591100,0.0,0.0
2015-09-11 00:00:00-04:00,68.05999755859375,68.51000213623047,67.7300033569336,68.41999816894531,52.54697799682617,11291400,0.0,0.0
2015-09-14 00:00:00-04:00,68.2300033569336,68.30000305175781,67.33000183105469,68.05999755859375,52.270511627197266,9712800,0.0,0.0
2015-09-15 00:00:00-04:00,68.0199966430664,69.73999786376953,67.9000015258789,69.44999694824219,53.33803176879883,11043700,0.0,0.0
2015-09-16 00:00:00-04:00,70.12000274658203,70.36000061035156,69.69999694824219,70.0999984741211,53.83724594116211,8704200,0.0,0.0
2015-09-17 00:00:00-04:00,70.0,71.2699966430664,69.86000061035156,70.23999786376953,53.94475173950195,11029600,0.0,0.0
2015-09-18 00:00:00-04:00,69.44000244140625,70.77999877929688,69.37000274658203,69.94000244140625,53.7143669128418,18210200,0.0,0.0
2015-09-21 00:00:00-04:00,70.1500015258789,70.87999725341797,70.01000213623047,70.6500015258789,54.25965118408203,7742800,0.0,0.0
2015-09-22 00:00:00-04:00,70.05999755859375,70.6500015258789,69.9800033569336,70.19000244140625,53.9063606262207,10207800,0.0,0.0
2015-09-23 00:00:00-04:00,70.18000030517578,70.48999786376953,69.95999908447266,70.26000213623047,53.96012878417969,6294200,0.0,0.0
2015-09-24 00:00:00-04:00,69.81999969482422,71.58000183105469,69.73999786376953,71.36000061035156,54.8049201965332,13423500,0.0,0.0
2015-09-25 00:00:00-04:00,72.38999938964844,73.37999725341797,71.94999694824219,72.66999816894531,55.81100845336914,15080700,0.0,0.0
2015-09-28 00:00:00-04:00,72.30999755859375,72.66999816894531,71.75,71.7699966430664,55.119815826416016,9207300,0.0,0.0
2015-09-29 00:00:00-04:00,71.7699966430664,72.41000366210938,71.3499984741211,72.27999877929688,55.51148986816406,9033300,0.0,0.0
2015-09-30 00:00:00-04:00,72.86000061035156,73.05999755859375,71.55000305175781,71.94000244140625,55.25037384033203,11041900,0.0,0.0
2015-10-01 00:00:00-04:00,71.76000213623047,72.18000030517578,71.4000015258789,71.94999694824219,55.25807189941406,8547600,0.0,0.0
2015-10-02 00:00:00-04:00,71.36000061035156,72.41999816894531,71.29000091552734,72.41999816894531,55.61901092529297,9085600,0.0,0.0
2015-10-05 00:00:00-04:00,72.97000122070312,73.43000030517578,72.5,73.22000122070312,56.233428955078125,9187700,0.0,0.0
2015-10-06 00:00:00-04:00,73.33999633789062,73.77999877929688,72.58999633789062,73.4000015258789,56.371673583984375,8851500,0.0,0.0
2015-10-07 00:00:00-04:00,73.72000122070312,73.87000274658203,73.31999969482422,73.72000122070312,56.617431640625,8013200,0.0,0.0
2015-10-08 00:00:00-04:00,73.68000030517578,74.44000244140625,73.48999786376953,74.4000015258789,57.139671325683594,6856600,0.0,0.0
2015-10-09 00:00:00-04:00,74.58999633789062,74.91000366210938,74.31999969482422,74.4800033569336,57.201107025146484,6880100,0.0,0.0
2015-10-12 00:00:00-04:00,74.69000244140625,74.76000213623047,73.91000366210938,74.33000183105469,57.085899353027344,6255900,0.0,0.0
2015-10-13 00:00:00-04:00,74.23999786376953,74.27999877929688,73.66000366210938,74.11000061035156,56.91693878173828,8390200,0.0,0.0
2015-10-14 00:00:00-04:00,74.20999908447266,74.61000061035156,73.9000015258789,74.20999908447266,56.993751525878906,8479200,0.0,0.0
2015-10-15 00:00:00-04:00,74.63999938964844,74.83999633789062,74.02999877929688,74.2699966430664,57.039817810058594,8607400,0.0,0.0
2015-10-16 00:00:00-04:00,74.72000122070312,75.04000091552734,74.33999633789062,74.9000015258789,57.52367401123047,9578900,0.0,0.0
2015-10-19 00:00:00-04:00,74.6500015258789,75.19000244140625,74.52999877929688,75.16000366210938,57.723365783691406,7292200,0.0,0.0
2015-10-20 00:00:00-04:00,74.87000274658203,75.05000305175781,74.16000366210938,74.43000030517578,57.16271209716797,8531900,0.0,0.0
2015-10-21 00:00:00-04:00,73.75,74.54000091552734,73.5,73.58999633789062,57.025543212890625,8302100,0.663,0.0
2015-10-22 00:00:00-04:00,73.86000061035156,75.61000061035156,73.61000061035156,74.8499984741211,58.001956939697266,14080900,0.0,0.0
2015-10-23 00:00:00-04:00,76.76000213623047,78.44999694824219,76.30999755859375,77.02999877929688,59.69123458862305,16451200,0.0,0.0
2015-10-26 00:00:00-04:00,77.0,77.9000015258789,77.0,77.48999786376953,60.04769515991211,11464700,0.0,0.0
2015-10-27 00:00:00-04:00,77.12000274658203,77.36000061035156,76.80999755859375,77.29000091552734,59.89270782470703,9423400,0.0,0.0
2015-10-28 00:00:00-04:00,77.38999938964844,77.54000091552734,75.69000244140625,76.51000213623047,59.288291931152344,10178400,0.0,0.0
2015-10-29 00:00:00-04:00,76.75,77.19000244140625,76.23999786376953,77.0199966430664,59.683494567871094,8230700,0.0,0.0
2015-10-30 00:00:00-04:00,76.9800033569336,77.13999938964844,76.37999725341797,76.37999725341797,59.18753433227539,9547700,0.0,0.0
2015-11-02 00:00:00-05:00,76.56999969482422,76.7699966430664,76.05000305175781,76.5999984741211,59.35802459716797,7152900,0.0,0.0
2015-11-03 00:00:00-05:00,76.30000305175781,77.41999816894531,75.95999908447266,77.05000305175781,59.70674514770508,8013200,0.0,0.0
2015-11-04 00:00:00-05:00,77.02999877929688,77.13999938964844,76.51000213623047,77.05999755859375,59.71449661254883,6375400,0.0,0.0
2015-11-05 00:00:00-05:00,77.08999633789062,77.26000213623047,75.95999908447266,76.38999938964844,59.19529342651367,6860900,0.0,0.0
2015-11-06 00:00:00-05:00,75.87999725341797,76.0,74.69000244140625,75.56999969482422,58.55986785888672,9483500,0.0,0.0
2015-11-09 00:00:00-05:00,75.19000244140625,75.62999725341797,74.93000030517578,75.4000015258789,58.42815017700195,8607200,0.0,0.0
2015-11-10 00:00:00-05:00,75.37999725341797,76.23999786376953,75.2300033569336,75.7699966430664,58.7148551940918,6551000,0.0,0.0
2015-11-11 00:00:00-05:00,76.0199966430664,76.43000030517578,75.91999816894531,75.95999908447266,58.862083435058594,5295900,0.0,0.0
2015-11-12 00:00:00-05:00,75.66999816894531,76.01000213623047,74.66000366210938,74.66000366210938,57.854698181152344,7678600,0.0,0.0
2015-11-13 00:00:00-05:00,74.63999938964844,74.9800033569336,73.94999694824219,73.95999908447266,57.312252044677734,8468800,0.0,0.0
2015-11-16 00:00:00-05:00,74.25,75.33000183105469,74.01000213623047,75.30000305175781,58.35065460205078,7410600,0.0,0.0
2015-11-17 00:00:00-05:00,75.33000183105469,76.01000213623047,74.87000274658203,75.06999969482422,58.172420501708984,8761800,0.0,0.0
2015-11-18 00:00:00-05:00,74.9800033569336,75.95999908447266,74.80999755859375,75.9000015258789,58.81558609008789,6447100,0.0,0.0
2015-11-19 00:00:00-05:00,76.13999938964844,76.95999908447266,76.0199966430664,76.22000122070312,59.06355285644531,7899500,0.0,0.0
2015-11-20 00:00:00-05:00,76.55000305175781,76.86000061035156,75.68000030517578,75.81999969482422,58.75358963012695,9533200,0.0,0.0
2015-11-23 00:00:00-05:00,75.81999969482422,76.05999755859375,75.4000015258789,75.97000122070312,58.869850158691406,9421300,0.0,0.0
2015-11-24 00:00:00-05:00,75.62000274658203,76.69000244140625,75.61000061035156,76.44999694824219,59.24176025390625,7086800,0.0,0.0
2015-11-25 00:00:00-05:00,76.52999877929688,76.73999786376953,75.87999725341797,75.9000015258789,58.81558609008789,4266500,0.0,0.0
2015-11-27 00:00:00-05:00,75.88999938964844,76.37000274658203,75.5,75.69999694824219,58.660606384277344,2390100,0.0,0.0
2015-11-30 00:00:00-05:00,75.58000183105469,75.80999755859375,74.83999633789062,74.83999633789062,57.99417495727539,8935700,0.0,0.0
2015-12-01 00:00:00-05:00,74.87000274658203,76.22000122070312,74.87000274658203,75.94000244140625,58.84659194946289,8391700,0.0,0.0
2015-12-02 00:00:00-05:00,75.7300033569336,76.45999908447266,75.6500015258789,75.79000091552734,58.73036193847656,8104200,0.0,0.0
2015-12-03 00:00:00-05:00,75.83000183105469,76.19999694824219,75.16999816894531,75.73999786376953,58.69157791137695,11177800,0.0,0.0
2015-12-04 00:00:00-05:00,75.9800033569336,77.9000015258789,75.91999816894531,77.83000183105469,60.311180114746094,11961000,0.0,0.0
2015-12-07 00:00:00-05:00,77.54000091552734,78.5,77.54000091552734,78.37000274658203,60.72962188720703,9460000,0.0,0.0
2015-12-08 00:00:00-05:00,77.68000030517578,78.5,77.3499984741211,77.75,60.24916458129883,8312700,0.0,0.0
2015-12-09 00:00:00-05:00,77.5999984741211,78.98999786376953,77.44000244140625,77.69999694824219,60.21044158935547,10081900,0.0,0.0
2015-12-10 00:00:00-05:00,77.91000366210938,78.54000091552734,77.56999969482422,77.79000091552734,60.2801628112793,8984200,0.0,0.0
2015-12-11 00:00:00-05:00,77.51000213623047,78.33000183105469,77.11000061035156,77.77999877929688,60.27240753173828,12280500,0.0,0.0
2015-12-14 00:00:00-05:00,77.62999725341797,78.52999877929688,77.44000244140625,78.29000091552734,60.66761779785156,12179000,0.0,0.0
2015-12-15 00:00:00-05:00,78.70999908447266,80.0,78.4800033569336,79.68000030517578,61.74473571777344,14113400,0.0,0.0
2015-12-16 00:00:00-05:00,79.9800033569336,81.2300033569336,79.80000305175781,80.98999786376953,62.75986862182617,14102600,0.0,0.0
2015-12-17 00:00:00-05:00,80.9800033569336,81.02999877929688,80.19999694824219,80.29000091552734,62.217430114746094,9864200,0.0,0.0
2015-12-18 00:00:00-05:00,79.94999694824219,80.12000274658203,78.12999725341797,78.12999725341797,60.54362487792969,21342100,0.0,0.0
2015-12-21 00:00:00-05:00,78.62999725341797,78.9800033569336,78.1500015258789,78.94999694824219,61.17909622192383,9105800,0.0,0.0
2015-12-22 00:00:00-05:00,79.16000366210938,79.75,78.87999725341797,79.5999984741211,61.68274688720703,9872200,0.0,0.0
2015-12-23 00:00:00-05:00,79.94999694824219,80.43000030517578,79.5,79.91999816894531,61.930721282958984,8254600,0.0,0.0
2015-12-24 00:00:00-05:00,79.66000366210938,80.1500015258789,79.5999984741211,79.79000091552734,61.82998275756836,2498000,0.0,0.0
2015-12-28 00:00:00-05:00,79.73999786376953,79.97000122070312,79.47000122070312,79.91999816894531,61.930721282958984,4150000,0.0,0.0
2015-12-29 00:00:00-05:00,80.22000122070312,80.61000061035156,79.8499984741211,80.36000061035156,62.27169418334961,4406100,0.0,0.0
2015-12-30 00:00:00-05:00,80.45999908447266,80.5,80.0,80.06999969482422,62.04697799682617,3793200,0.0,0.0
2015-12-31 00:00:00-05:00,79.91000366210938,80.04000091552734,79.30999755859375,79.41000366210938,61.53551483154297,5077700,0.0,0.0
2016-01-04 00:00:00-05:00,78.36000061035156,78.5,77.54000091552734,78.37000274658203,60.72962188720703,11529800,0.0,0.0
2016-01-05 00:00:00-05:00,78.44000244140625,78.95999908447266,78.20999908447266,78.62000274658203,60.92334747314453,8133700,0.0,0.0
2016-01-06 00:00:00-05:00,77.66999816894531,78.29000091552734,77.12000274658203,77.86000061035156,60.334407806396484,9551000,0.0,0.0
2016-01-07 00:00:00-05:00,76.8499984741211,77.5999984741211,76.06999969482422,77.18000030517578,59.80747604370117,11973900,0.0,0.0
2016-01-08 00:00:00-05:00,77.36000061035156,77.4800033569336,75.66999816894531,75.97000122070312,58.869850158691406,9676400,0.0,0.0
2016-01-11 00:00:00-05:00,76.16999816894531,77.04000091552734,75.5999984741211,76.66999816894531,59.412269592285156,10209200,0.0,0.0
2016-01-12 00:00:00-05:00,77.0,77.0199966430664,75.75,76.51000213623047,59.288291931152344,8774700,0.0,0.0
2016-01-13 00:00:00-05:00,76.97000122070312,76.98999786376953,75.79000091552734,75.8499984741211,58.77684020996094,9310100,0.0,0.0
2016-01-14 00:00:00-05:00,76.0999984741211,76.94999694824219,75.87999725341797,76.1500015258789,59.009334564208984,12835100,0.0,0.0
2016-01-15 00:00:00-05:00,74.5,75.68000030517578,74.47000122070312,74.9800033569336,58.10268783569336,17023900,0.0,0.0
2016-01-19 00:00:00-05:00,75.80000305175781,76.91000366210938,75.72000122070312,76.7300033569336,59.45875930786133,13457300,0.0,0.0
2016-01-20 00:00:00-05:00,75.29000091552734,76.08999633789062,74.45999908447266,75.83000183105469,59.27351760864258,17795000,0.663,0.0
2016-01-21 00:00:00-05:00,76.0199966430664,77.18000030517578,75.41000366210938,76.72000122070312,59.96918487548828,12712900,0.0,0.0
2016-01-22 00:00:00-05:00,77.4000015258789,77.97000122070312,76.55000305175781,77.36000061035156,60.469451904296875,9465800,0.0,0.0
2016-01-25 00:00:00-05:00,77.19999694824219,77.36000061035156,76.55999755859375,76.8499984741211,60.07080078125,9870400,0.0,0.0
2016-01-26 00:00:00-05:00,78.0,79.58000183105469,77.54000091552734,78.80999755859375,61.602874755859375,16374800,0.0,0.0
2016-01-27 00:00:00-05:00,78.52999877929688,79.8499984741211,78.1500015258789,78.80000305175781,61.59506607055664,10816100,0.0,0.0
2016-01-28 00:00:00-05:00,79.4000015258789,80.0,78.61000061035156,79.81999969482422,62.392333984375,9895100,0.0,0.0
2016-01-29 00:00:00-05:00,79.9800033569336,82.0,79.83000183105469,81.69000244140625,63.85405349731445,19895000,0.0,0.0
2016-02-01 00:00:00-05:00,81.20999908447266,81.4000015258789,80.52999877929688,81.12000274658203,63.40852355957031,9657200,0.0,0.0
2016-02-02 00:00:00-05:00,80.08999633789062,80.54000091552734,79.80999755859375,80.22000122070312,62.70500946044922,9116400,0.0,0.0
2016-02-03 00:00:00-05:00,80.4800033569336,81.23999786376953,80.0199966430664,81.0999984741211,63.392887115478516,10149600,0.0,0.0
2016-02-04 00:00:00-05:00,80.8499984741211,81.0999984741211,80.33000183105469,80.69999694824219,63.08019256591797,8295100,0.0,0.0
2016-02-05 00:00:00-05:00,80.58000183105469,81.19999694824219,80.56999969482422,81.19999694824219,63.47103500366211,9957600,0.0,0.0
2016-02-08 00:00:00-05:00,80.29000091552734,82.72000122070312,80.29000091552734,82.62000274658203,64.58100891113281,16530200,0.0,0.0
2016-02-09 00:00:00-05:00,81.83000183105469,83.0,81.0199966430664,82.63999938964844,64.59664916992188,14308900,0.0,0.0
2016-02-10 00:00:00-05:00,82.91000366210938,83.0,81.45999908447266,81.62000274658203,63.79933547973633,10585400,0.0,0.0
2016-02-11 00:00:00-05:00,80.38999938964844,80.98999786376953,79.62999725341797,79.9000015258789,62.45487976074219,12343900,0.0,0.0
2016-02-12 00:00:00-05:00,80.36000061035156,81.0199966430664,79.79000091552734,80.98999786376953,63.306888580322266,9306100,0.0,0.0
2016-02-16 00:00:00-05:00,81.98999786376953,81.98999786376953,80.83999633789062,81.47000122070312,63.68208312988281,9352600,0.0,0.0
2016-02-17 00:00:00-05:00,81.6500015258789,82.83000183105469,81.51000213623047,82.44999694824219,64.44811248779297,10892900,0.0,0.0
2016-02-18 00:00:00-05:00,82.2300033569336,82.31999969482422,81.20999908447266,81.9800033569336,64.08073425292969,7702600,0.0,0.0
2016-02-19 00:00:00-05:00,81.95999908447266,82.26000213623047,81.4000015258789,81.79000091552734,63.932228088378906,7709600,0.0,0.0
2016-02-22 00:00:00-05:00,81.79000091552734,82.66999816894531,81.70999908447266,82.12999725341797,64.19798278808594,6916500,0.0,0.0
2016-02-23 00:00:00-05:00,82.0,82.45999908447266,81.61000061035156,81.80999755859375,63.947837829589844,5840600,0.0,0.0
2016-02-24 00:00:00-05:00,81.26000213623047,81.63999938964844,80.66000366210938,81.55999755859375,63.7524299621582,6759800,0.0,0.0
2016-02-25 00:00:00-05:00,81.69999694824219,82.33999633789062,81.47000122070312,82.33999633789062,64.36210632324219,6789700,0.0,0.0
2016-02-26 00:00:00-05:00,82.5199966430664,82.6500015258789,80.94999694824219,81.0999984741211,63.392887115478516,9281100,0.0,0.0
2016-02-29 00:00:00-05:00,81.0999984741211,81.3499984741211,80.20999908447266,80.29000091552734,62.75971984863281,11065300,0.0,0.0
2016-03-01 00:00:00-05:00,80.54000091552734,81.36000061035156,80.52999877929688,81.2300033569336,63.4945068359375,9483900,0.0,0.0
2016-03-02 00:00:00-05:00,81.58000183105469,82.66000366210938,80.8499984741211,82.55000305175781,64.52629089355469,12096600,0.0,0.0
2016-03-03 00:00:00-05:00,82.54000091552734,82.93000030517578,82.18000030517578,82.83999633789062,64.7529525756836,8747100,0.0,0.0
2016-03-04 00:00:00-05:00,82.62000274658203,83.73999786376953,82.26000213623047,83.48999786376953,65.26107025146484,9406700,0.0,0.0
2016-03-07 00:00:00-05:00,83.18000030517578,83.69999694824219,83.0,83.0999984741211,64.95622253417969,6792400,0.0,0.0
2016-03-08 00:00:00-05:00,82.97000122070312,83.75,82.66999816894531,83.05999755859375,64.9249267578125,7788400,0.0,0.0
2016-03-09 00:00:00-05:00,83.30000305175781,83.69000244140625,82.68000030517578,82.95999908447266,64.84677124023438,8954800,0.0,0.0
2016-03-10 00:00:00-05:00,83.12999725341797,83.2300033569336,81.75,82.27999877929688,64.31523895263672,10385600,0.0,0.0
2016-03-11 00:00:00-05:00,82.75,82.80000305175781,81.44000244140625,81.75,63.90095138549805,11109500,0.0,0.0
2016-03-14 00:00:00-04:00,81.56999969482422,81.8499984741211,80.68000030517578,81.16999816894531,63.44758224487305,12389300,0.0,0.0
2016-03-15 00:00:00-04:00,81.0,81.45999908447266,80.76000213623047,81.30999755859375,63.55704879760742,9297800,0.0,0.0
2016-03-16 00:00:00-04:00,81.30999755859375,81.80000305175781,80.4800033569336,81.33999633789062,63.580482482910156,9490300,0.0,0.0
2016-03-17 00:00:00-04:00,81.29000091552734,83.2300033569336,81.27999877929688,82.75,64.68262481689453,12061500,0.0,0.0
2016-03-18 00:00:00-04:00,82.86000061035156,83.5,82.44000244140625,83.1500015258789,64.99527740478516,33635200,0.0,0.0
2016-03-21 00:00:00-04:00,83.12000274658203,83.87000274658203,82.91000366210938,83.31999969482422,65.12818145751953,8625600,0.0,0.0
2016-03-22 00:00:00-04:00,83.27999877929688,83.31999969482422,82.48999786376953,82.73999786376953,64.67481994628906,7205900,0.0,0.0
2016-03-23 00:00:00-04:00,82.72000122070312,83.48999786376953,82.58000183105469,82.81999969482422,64.73734283447266,5594600,0.0,0.0
2016-03-24 00:00:00-04:00,82.45999908447266,83.12000274658203,82.43000030517578,82.88999938964844,64.79203033447266,6645700,0.0,0.0
2016-03-28 00:00:00-04:00,82.98999786376953,83.44999694824219,82.5199966430664,82.62000274658203,64.58100891113281,4988500,0.0,0.0
2016-03-29 00:00:00-04:00,82.66000366210938,83.08999633789062,82.16000366210938,82.80000305175781,64.72171783447266,6731400,0.0,0.0
2016-03-30 00:00:00-04:00,83.08999633789062,83.36000061035156,82.6500015258789,82.68000030517578,64.62789916992188,6925400,0.0,0.0
2016-03-31 00:00:00-04:00,82.75,83.0,82.1500015258789,82.30999755859375,64.33868408203125,6819200,0.0,0.0
2016-04-01 00:00:00-04:00,82.0,83.62000274658203,81.93000030517578,83.52999877929688,65.29231262207031,8028600,0.0,0.0
2016-04-04 00:00:00-04:00,83.6500015258789,83.6500015258789,83.02999877929688,83.20999908447266,65.04217529296875,5593400,0.0,0.0
2016-04-05 00:00:00-04:00,83.16000366210938,83.55999755859375,82.98999786376953,83.16000366210938,65.00312042236328,5259100,0.0,0.0
2016-04-06 00:00:00-04:00,83.13999938964844,83.83999633789062,83.08000183105469,83.80999755859375,65.51117706298828,6292100,0.0,0.0
2016-04-07 00:00:00-04:00,83.23999786376953,83.68000030517578,82.87000274658203,83.23999786376953,65.06562042236328,6655900,0.0,0.0
2016-04-08 00:00:00-04:00,83.44000244140625,83.44999694824219,82.7699966430664,83.19999694824219,65.03435516357422,5453000,0.0,0.0
2016-04-11 00:00:00-04:00,83.02999877929688,83.33999633789062,82.66000366210938,82.7300033569336,64.66698455810547,7081500,0.0,0.0
2016-04-12 00:00:00-04:00,82.70999908447266,83.20999908447266,82.44999694824219,82.83000183105469,64.74517822265625,7081600,0.0,0.0
2016-04-13 00:00:00-04:00,83.05000305175781,83.43000030517578,81.83999633789062,82.45999908447266,64.4559555053711,11738600,0.0,0.0
2016-04-14 00:00:00-04:00,81.94999694824219,82.37000274658203,81.54000091552734,82.01000213623047,64.62932586669922,6904400,0.67,0.0
2016-04-15 00:00:00-04:00,82.05000305175781,82.43000030517578,81.8499984741211,82.30000305175781,64.85785675048828,7299300,0.0,0.0
2016-04-18 00:00:00-04:00,82.30000305175781,82.98999786376953,82.0199966430664,82.83000183105469,65.27555084228516,5628000,0.0,0.0
2016-04-19 00:00:00-04:00,82.91000366210938,83.69999694824219,82.8499984741211,83.27999877929688,65.6301498413086,6606100,0.0,0.0
2016-04-20 00:00:00-04:00,83.29000091552734,83.33999633789062,81.4800033569336,81.55000305175781,64.26681518554688,9124200,0.0,0.0
2016-04-21 00:00:00-04:00,81.04000091552734,81.30999755859375,80.55000305175781,80.80000305175781,63.67573165893555,8802100,0.0,0.0
2016-04-22 00:00:00-04:00,80.4000015258789,80.94999694824219,79.91000366210938,80.94999694824219,63.7939567565918,8027700,0.0,0.0
2016-04-25 00:00:00-04:00,80.91999816894531,81.4800033569336,80.41999816894531,81.41000366210938,64.15646362304688,7672800,0.0,0.0
2016-04-26 00:00:00-04:00,81.5,81.5,79.20999908447266,79.55000305175781,62.690673828125,13742300,0.0,0.0
2016-04-27 00:00:00-04:00,79.47000122070312,80.1500015258789,79.0999984741211,79.88999938964844,62.95862579345703,7689700,0.0,0.0
2016-04-28 00:00:00-04:00,79.4800033569336,80.2699966430664,79.38999938964844,79.76000213623047,62.856170654296875,7615900,0.0,0.0
2016-04-29 00:00:00-04:00,79.66999816894531,80.1500015258789,79.37000274658203,80.12000274658203,63.139869689941406,9391000,0.0,0.0
2016-05-02 00:00:00-04:00,80.0199966430664,81.30000305175781,80.0199966430664,80.97000122070312,63.80973815917969,7862600,0.0,0.0
2016-05-03 00:00:00-04:00,80.80000305175781,81.69999694824219,80.69000244140625,81.0999984741211,63.91217803955078,7617500,0.0,0.0
2016-05-04 00:00:00-04:00,80.87000274658203,81.7699966430664,80.87000274658203,81.5999984741211,64.30622863769531,7365900,0.0,0.0
2016-05-05 00:00:00-04:00,81.5999984741211,82.08999633789062,80.91999816894531,81.30000305175781,64.06978607177734,6399500,0.0,0.0
2016-05-06 00:00:00-04:00,81.41999816894531,82.25,81.16999816894531,82.12999725341797,64.72386932373047,6297200,0.0,0.0
2016-05-09 00:00:00-04:00,82.20999908447266,82.7300033569336,81.97000122070312,82.12000274658203,64.71599578857422,6718800,0.0,0.0
2016-05-10 00:00:00-04:00,82.1500015258789,82.68000030517578,82.12000274658203,82.4800033569336,64.99969482421875,6222400,0.0,0.0
2016-05-11 00:00:00-04:00,82.5,82.88999938964844,82.12999725341797,82.1500015258789,64.73963165283203,5975000,0.0,0.0
2016-05-12 00:00:00-04:00,82.4800033569336,82.73999786376953,82.11000061035156,82.41000366210938,64.94452667236328,4925000,0.0,0.0
2016-05-13 00:00:00-04:00,82.41999816894531,82.41999816894531,81.0,81.2300033569336,64.0146255493164,6579000,0.0,0.0
2016-05-16 00:00:00-04:00,81.01000213623047,81.88999938964844,80.75,81.62999725341797,64.3298568725586,6497200,0.0,0.0
2016-05-17 00:00:00-04:00,81.63999938964844,82.05999755859375,80.33000183105469,80.62000274658203,63.53389358520508,10188200,0.0,0.0
2016-05-18 00:00:00-04:00,80.58999633789062,80.7699966430664,79.41000366210938,79.8499984741211,62.927085876464844,8344100,0.0,0.0
2016-05-19 00:00:00-04:00,79.63999938964844,80.22000122070312,79.44999694824219,80.19000244140625,63.195011138916016,6242500,0.0,0.0
2016-05-20 00:00:00-04:00,80.44000244140625,80.5,79.79000091552734,80.0199966430664,63.06106948852539,6526800,0.0,0.0
2016-05-23 00:00:00-04:00,80.05000305175781,80.33000183105469,79.8499984741211,80.19999694824219,63.20289993286133,5620600,0.0,0.0
2016-05-24 00:00:00-04:00,80.30000305175781,81.37999725341797,80.30000305175781,80.97000122070312,63.80973815917969,6293300,0.0,0.0
2016-05-25 00:00:00-04:00,81.08000183105469,81.7699966430664,81.01000213623047,81.4800033569336,64.21162414550781,6049800,0.0,0.0
2016-05-26 00:00:00-04:00,81.4800033569336,81.5999984741211,81.08999633789062,81.22000122070312,64.00672912597656,4622300,0.0,0.0
2016-05-27 00:00:00-04:00,81.2699966430664,81.66000366210938,81.16000366210938,81.43000030517578,64.17223358154297,4322200,0.0,0.0
2016-05-31 00:00:00-04:00,81.58000183105469,81.81999969482422,80.73999786376953,81.04000091552734,63.86488723754883,6705000,0.0,0.0
2016-06-01 00:00:00-04:00,80.94999694824219,81.80000305175781,80.86000061035156,81.79000091552734,64.45594787597656,6184100,0.0,0.0
2016-06-02 00:00:00-04:00,81.52999877929688,81.94999694824219,81.33000183105469,81.94999694824219,64.58202362060547,5186300,0.0,0.0
2016-06-03 00:00:00-04:00,81.93000030517578,82.48999786376953,81.77999877929688,82.47000122070312,64.99181365966797,6306700,0.0,0.0
2016-06-06 00:00:00-04:00,82.4000015258789,82.83000183105469,82.2300033569336,82.7699966430664,65.22822570800781,5292300,0.0,0.0
2016-06-07 00:00:00-04:00,82.76000213623047,82.88999938964844,82.25,82.31999969482422,64.87360382080078,6327500,0.0,0.0
2016-06-08 00:00:00-04:00,82.37000274658203,82.75,82.0199966430664,82.6500015258789,65.1336898803711,4712600,0.0,0.0
2016-06-09 00:00:00-04:00,82.58000183105469,83.26000213623047,82.43000030517578,83.16999816894531,65.5434799194336,6144900,0.0,0.0
2016-06-10 00:00:00-04:00,82.7699966430664,83.33999633789062,82.61000061035156,83.19999694824219,65.56710052490234,6840800,0.0,0.0
2016-06-13 00:00:00-04:00,82.95999908447266,83.4000015258789,82.52999877929688,82.56999969482422,65.07060241699219,6167400,0.0,0.0
2016-06-14 00:00:00-04:00,82.55000305175781,83.37000274658203,82.2699966430664,83.3499984741211,65.68531036376953,6868600,0.0,0.0
2016-06-15 00:00:00-04:00,83.4000015258789,83.5,82.81999969482422,82.94999694824219,65.3700942993164,7082200,0.0,0.0
2016-06-16 00:00:00-04:00,82.66999816894531,83.61000061035156,82.66000366210938,83.41000366210938,65.73262023925781,6630100,0.0,0.0
2016-06-17 00:00:00-04:00,83.30999755859375,83.44000244140625,82.3499984741211,83.12999725341797,65.5119400024414,11741700,0.0,0.0
2016-06-20 00:00:00-04:00,83.5199966430664,83.69999694824219,83.02999877929688,83.04000091552734,65.4410171508789,6164300,0.0,0.0
2016-06-21 00:00:00-04:00,83.08999633789062,83.77999877929688,83.08999633789062,83.41000366210938,65.73262023925781,6594700,0.0,0.0
2016-06-22 00:00:00-04:00,83.5,83.76000213623047,83.29000091552734,83.56999969482422,65.85870361328125,4940100,0.0,0.0
2016-06-23 00:00:00-04:00,83.80999755859375,84.20999908447266,83.56999969482422,84.20999908447266,66.3630599975586,7361300,0.0,0.0
2016-06-24 00:00:00-04:00,82.61000061035156,83.81999969482422,81.98999786376953,82.26000213623047,64.82630920410156,12401100,0.0,0.0
2016-06-27 00:00:00-04:00,81.83000183105469,81.88999938964844,81.0,81.2300033569336,64.0146255493164,9601800,0.0,0.0
2016-06-28 00:00:00-04:00,81.44000244140625,82.48999786376953,80.94999694824219,82.45999908447266,64.98392486572266,9257100,0.0,0.0
2016-06-29 00:00:00-04:00,82.95999908447266,83.91000366210938,82.91000366210938,83.91000366210938,66.12662506103516,7927500,0.0,0.0
2016-06-30 00:00:00-04:00,83.91000366210938,84.80000305175781,83.81999969482422,84.66999816894531,66.72557830810547,10969300,0.0,0.0
2016-07-01 00:00:00-04:00,84.5199966430664,84.98999786376953,84.51000213623047,84.77999877929688,66.812255859375,9531100,0.0,0.0
2016-07-05 00:00:00-04:00,84.4800033569336,85.94999694824219,84.44999694824219,85.44000244140625,67.33238983154297,11403100,0.0,0.0
2016-07-06 00:00:00-04:00,85.37000274658203,85.5,84.73999786376953,85.02999877929688,67.00926971435547,8356500,0.0,0.0
2016-07-07 00:00:00-04:00,85.2300033569336,85.23999786376953,84.52999877929688,84.83000183105469,66.8516616821289,7905700,0.0,0.0
2016-07-08 00:00:00-04:00,84.9800033569336,85.9000015258789,84.7699966430664,85.7699966430664,67.5924301147461,6827300,0.0,0.0
2016-07-11 00:00:00-04:00,85.61000061035156,85.94999694824219,84.91000366210938,85.75,67.5766830444336,6156800,0.0,0.0
2016-07-12 00:00:00-04:00,85.48999786376953,85.94000244140625,85.19000244140625,85.75,67.5766830444336,6649800,0.0,0.0
2016-07-13 00:00:00-04:00,85.80999755859375,86.1500015258789,85.41000366210938,85.88999938964844,67.68700408935547,7572100,0.0,0.0
2016-07-14 00:00:00-04:00,86.44000244140625,86.88999938964844,85.8499984741211,85.87000274658203,67.6712417602539,11342600,0.0,0.0
2016-07-15 00:00:00-04:00,86.25,86.4800033569336,85.79000091552734,86.01000213623047,67.78157043457031,8491300,0.0,0.0
2016-07-18 00:00:00-04:00,86.0199966430664,86.05000305175781,85.69999694824219,85.93000030517578,67.71854400634766,4781300,0.0,0.0
2016-07-19 00:00:00-04:00,85.66999816894531,86.18000030517578,85.55999755859375,86.16999816894531,67.90763854980469,6078200,0.0,0.0
2016-07-20 00:00:00-04:00,85.37999725341797,85.7300033569336,85.12999725341797,85.31999969482422,67.76467895507812,6289000,0.67,0.0
2016-07-21 00:00:00-04:00,85.0199966430664,85.37000274658203,84.87999725341797,85.26000213623047,67.71705627441406,5407000,0.0,0.0
2016-07-22 00:00:00-04:00,85.5,85.9800033569336,85.44999694824219,85.72000122070312,68.08241271972656,6165600,0.0,0.0
2016-07-25 00:00:00-04:00,85.52999877929688,85.80000305175781,85.1500015258789,85.80000305175781,68.14594268798828,5605300,0.0,0.0
2016-07-26 00:00:00-04:00,85.68000030517578,86.08000183105469,85.16999816894531,85.2699966430664,67.7249755859375,5379300,0.0,0.0
2016-07-27 00:00:00-04:00,85.23999786376953,85.30000305175781,84.31999969482422,84.45999908447266,67.08164978027344,7744700,0.0,0.0
2016-07-28 00:00:00-04:00,84.41999816894531,84.9800033569336,84.4000015258789,84.80999755859375,67.3596420288086,5911600,0.0,0.0
2016-07-29 00:00:00-04:00,84.88999938964844,85.79000091552734,84.80000305175781,85.58999633789062,67.97914123535156,7520900,0.0,0.0
2016-08-01 00:00:00-04:00,85.44000244140625,86.58000183105469,85.41999816894531,86.41000366210938,68.63043212890625,10420600,0.0,0.0
2016-08-02 00:00:00-04:00,87.0199966430664,87.1500015258789,86.23999786376953,86.76000213623047,68.90843200683594,13083200,0.0,0.0
2016-08-03 00:00:00-04:00,86.51000213623047,86.72000122070312,85.45999908447266,85.97000122070312,68.28097534179688,8192100,0.0,0.0
2016-08-04 00:00:00-04:00,86.12000274658203,86.52999877929688,85.80000305175781,86.05000305175781,68.34449005126953,5564100,0.0,0.0
2016-08-05 00:00:00-04:00,86.08000183105469,86.44000244140625,85.52999877929688,85.77999877929688,68.13005828857422,6729700,0.0,0.0
2016-08-08 00:00:00-04:00,85.61000061035156,85.9000015258789,85.12999725341797,85.76000213623047,68.11415100097656,5388200,0.0,0.0
2016-08-09 00:00:00-04:00,85.86000061035156,86.33999633789062,85.68000030517578,85.98999786376953,68.29684448242188,4158800,0.0,0.0
2016-08-10 00:00:00-04:00,86.26000213623047,86.81999969482422,86.0,86.30999755859375,68.55098724365234,5981400,0.0,0.0
2016-08-11 00:00:00-04:00,86.69999694824219,87.0,86.4000015258789,86.7300033569336,68.88455963134766,7387100,0.0,0.0
2016-08-12 00:00:00-04:00,86.91999816894531,87.44999694824219,86.77999877929688,87.04000091552734,69.13079071044922,8063400,0.0,0.0
2016-08-15 00:00:00-04:00,87.5199966430664,87.56999969482422,86.98999786376953,87.0199966430664,69.11490631103516,6871200,0.0,0.0
2016-08-16 00:00:00-04:00,86.9800033569336,87.4000015258789,86.47000122070312,86.58000183105469,68.76544189453125,8071100,0.0,0.0
2016-08-17 00:00:00-04:00,86.44999694824219,87.11000061035156,85.97000122070312,86.95999908447266,69.06725311279297,6762100,0.0,0.0
2016-08-18 00:00:00-04:00,86.94000244140625,87.45999908447266,86.94000244140625,87.44000244140625,69.44849395751953,7082800,0.0,0.0
2016-08-19 00:00:00-04:00,87.19999694824219,87.41000366210938,87.05000305175781,87.30999755859375,69.3452377319336,6199900,0.0,0.0
2016-08-22 00:00:00-04:00,87.13999938964844,87.20999908447266,86.58000183105469,86.8499984741211,68.97989654541016,5921100,0.0,0.0
2016-08-23 00:00:00-04:00,87.12999725341797,87.5,87.04000091552734,87.4000015258789,69.4167251586914,5420100,0.0,0.0
2016-08-24 00:00:00-04:00,87.31999969482422,87.44999694824219,86.55999755859375,87.30999755859375,69.3452377319336,5713300,0.0,0.0
2016-08-25 00:00:00-04:00,87.30000305175781,87.94000244140625,87.04000091552734,87.9000015258789,69.8138427734375,10595500,0.0,0.0
2016-08-26 00:00:00-04:00,87.87000274658203,88.5,87.16999816894531,87.58000183105469,69.5596923828125,16408200,0.0,0.0
2016-08-29 00:00:00-04:00,87.38999938964844,88.4000015258789,87.31999969482422,88.30000305175781,70.13153076171875,8934500,0.0,0.0
2016-08-30 00:00:00-04:00,87.72000122070312,88.30000305175781,87.45999908447266,87.54000091552734,69.52791595458984,11619400,0.0,0.0
2016-08-31 00:00:00-04:00,87.75,87.8499984741211,87.02999877929688,87.30999755859375,69.3452377319336,11407800,0.0,0.0
2016-09-01 00:00:00-04:00,87.36000061035156,88.30999755859375,86.9800033569336,88.30999755859375,70.13949584960938,29793300,0.0,0.0
2016-09-02 00:00:00-04:00,88.4800033569336,88.87000274658203,88.04000091552734,88.19999694824219,70.05210876464844,17470400,0.0,0.0
2016-09-06 00:00:00-04:00,88.25,88.63999938964844,87.87999725341797,88.63999938964844,70.40158081054688,14472100,0.0,0.0
2016-09-07 00:00:00-04:00,88.30999755859375,88.41000366210938,87.70999908447266,87.94999694824219,69.85354614257812,17556400,0.0,0.0
2016-09-08 00:00:00-04:00,87.94999694824219,88.18000030517578,87.62999725341797,87.77999877929688,69.71853637695312,23465700,0.0,0.0
2016-09-09 00:00:00-04:00,87.0999984741211,87.16999816894531,86.23999786376953,86.23999786376953,68.49540710449219,21955000,0.0,0.0
2016-09-12 00:00:00-04:00,86.04000091552734,88.37999725341797,85.95999908447266,88.25,70.09183502197266,16105700,0.0,0.0
2016-09-13 00:00:00-04:00,87.55000305175781,87.91000366210938,87.01000213623047,87.05000305175781,69.13873291015625,19682700,0.0,0.0
2016-09-14 00:00:00-04:00,87.12000274658203,87.5999984741211,86.87000274658203,87.01000213623047,69.10697937011719,25397900,0.0,0.0
2016-09-15 00:00:00-04:00,86.75,88.2699966430664,86.75,88.05999755859375,69.9409408569336,13833600,0.0,0.0
2016-09-16 00:00:00-04:00,87.62000274658203,88.11000061035156,87.30000305175781,88.05000305175781,69.9329833984375,23518300,0.0,0.0
2016-09-19 00:00:00-04:00,87.91999816894531,88.94999694824219,87.25,88.37000274658203,70.18714904785156,19173900,0.0,0.0
2016-09-20 00:00:00-04:00,88.5,88.94999694824219,88.18000030517578,88.58000183105469,70.35394287109375,33986500,0.0,0.0
2016-09-21 00:00:00-04:00,88.54000091552734,88.79000091552734,86.44000244140625,87.80000305175781,69.73444366455078,55409800,0.0,0.0
2016-09-22 00:00:00-04:00,87.7699966430664,89.30000305175781,87.7699966430664,88.98999786376953,70.67955017089844,52692700,0.0,0.0
2016-09-23 00:00:00-04:00,88.62999725341797,88.94000244140625,87.48999786376953,87.76000213623047,69.70263671875,48281400,0.0,0.0
2016-09-26 00:00:00-04:00,87.41999816894531,88.43000030517578,86.61000061035156,87.8499984741211,69.7741470336914,60276600,0.0,0.0
2016-09-27 00:00:00-04:00,88.05999755859375,88.80999755859375,87.66000366210938,88.36000061035156,70.17920684814453,65150800,0.0,0.0
2016-09-28 00:00:00-04:00,88.9800033569336,89.7300033569336,88.47000122070312,89.45999908447266,71.05287170410156,89806000,0.0,0.0
2016-09-29 00:00:00-04:00,89.16000366210938,89.2699966430664,87.54000091552734,88.2300033569336,70.07594299316406,74587500,0.0,0.0
2016-09-30 00:00:00-04:00,88.30000305175781,90.22000122070312,88.29000091552734,89.75,71.2831802368164,123735700,0.0,0.0
2016-10-03 00:00:00-04:00,89.3499984741211,89.44999694824219,88.41000366210938,88.66000366210938,70.41747283935547,26789500,0.0,0.0
2016-10-04 00:00:00-04:00,88.29000091552734,88.68000030517578,87.94999694824219,88.3499984741211,70.1712417602539,23317600,0.0,0.0
2016-10-05 00:00:00-04:00,88.4800033569336,89.0,88.20999908447266,88.8499984741211,70.56836700439453,64580300,0.0,0.0
2016-10-06 00:00:00-04:00,88.61000061035156,89.7300033569336,88.47000122070312,89.22000122070312,70.86225128173828,61462800,0.0,0.0
2016-10-07 00:00:00-04:00,89.01000213623047,90.05000305175781,88.30000305175781,90.0,71.48175811767578,20518800,0.0,0.0
2016-10-10 00:00:00-04:00,90.19000244140625,90.33000183105469,88.77999877929688,89.05999755859375,70.73517608642578,15492400,0.0,0.0
2016-10-11 00:00:00-04:00,88.83000183105469,89.12000274658203,88.19999694824219,88.54000091552734,70.32215881347656,11723100,0.0,0.0
2016-10-12 00:00:00-04:00,88.73999786376953,89.01000213623047,88.33000183105469,88.56999969482422,70.3459701538086,17118000,0.0,0.0
2016-10-13 00:00:00-04:00,88.05000305175781,88.56999969482422,87.5999984741211,88.23999786376953,70.0838851928711,11158100,0.0,0.0
2016-10-14 00:00:00-04:00,88.5,88.95999908447266,88.22000122070312,88.43000030517578,70.23478698730469,7369000,0.0,0.0
2016-10-17 00:00:00-04:00,88.43000030517578,88.6500015258789,87.70999908447266,87.83000183105469,69.75825500488281,7610600,0.0,0.0
2016-10-18 00:00:00-04:00,88.20999908447266,88.2699966430664,87.44000244140625,87.44999694824219,69.45643615722656,10749500,0.0,0.0
2016-10-19 00:00:00-04:00,86.6500015258789,86.81999969482422,85.44000244140625,85.54000091552734,68.4639663696289,12788800,0.67,0.0
2016-10-20 00:00:00-04:00,85.37999725341797,85.5199966430664,84.79000091552734,84.93000030517578,67.97574615478516,10175100,0.0,0.0
2016-10-21 00:00:00-04:00,84.41000366210938,84.86000061035156,84.23999786376953,84.33000183105469,67.49551391601562,13974100,0.0,0.0
2016-10-24 00:00:00-04:00,84.38999938964844,84.69999694824219,84.05999755859375,84.0999984741211,67.3114242553711,10573200,0.0,0.0
2016-10-25 00:00:00-04:00,87.48999786376953,88.08000183105469,86.97000122070312,86.97000122070312,69.60851287841797,20761200,0.0,0.0
2016-10-26 00:00:00-04:00,86.91000366210938,87.73999786376953,86.77999877929688,87.4000015258789,69.95266723632812,8464100,0.0,0.0
2016-10-27 00:00:00-04:00,87.51000213623047,87.5999984741211,86.44999694824219,86.58000183105469,69.29634857177734,6598300,0.0,0.0
2016-10-28 00:00:00-04:00,86.87000274658203,87.2300033569336,86.44999694824219,86.83999633789062,69.50444793701172,7021100,0.0,0.0
2016-10-31 00:00:00-04:00,87.01000213623047,87.47000122070312,86.69000244140625,86.80000305175781,69.47245788574219,8207100,0.0,0.0
2016-11-01 00:00:00-04:00,86.58000183105469,86.98999786376953,86.4800033569336,86.8499984741211,69.51245880126953,8564500,0.0,0.0
2016-11-02 00:00:00-04:00,86.7699966430664,87.41000366210938,86.55999755859375,86.73999786376953,69.42443084716797,7773200,0.0,0.0
2016-11-03 00:00:00-04:00,86.80000305175781,86.9800033569336,86.47000122070312,86.5999984741211,69.3123779296875,6899900,0.0,0.0
2016-11-04 00:00:00-04:00,86.69000244140625,86.7300033569336,85.06999969482422,85.08000183105469,68.0958023071289,9378100,0.0,0.0
2016-11-07 00:00:00-05:00,86.0199966430664,86.56999969482422,85.5999984741211,86.55999755859375,69.28036499023438,8878500,0.0,0.0
2016-11-08 00:00:00-05:00,86.7699966430664,87.69000244140625,86.58999633789062,87.45999908447266,70.00068664550781,7674600,0.0,0.0
2016-11-09 00:00:00-05:00,85.26000213623047,86.54000091552734,84.30999755859375,85.93000030517578,68.77613830566406,11972500,0.0,0.0
2016-11-10 00:00:00-05:00,85.51000213623047,85.69999694824219,82.18000030517578,82.95999908447266,66.39900207519531,22095000,0.0,0.0
2016-11-11 00:00:00-05:00,82.66999816894531,84.05999755859375,82.6500015258789,83.58000183105469,66.89522552490234,8905700,0.0,0.0
2016-11-14 00:00:00-05:00,83.55999755859375,83.77999877929688,82.76000213623047,83.0,66.43101501464844,12862500,0.0,0.0
2016-11-15 00:00:00-05:00,84.58000183105469,84.58000183105469,82.87999725341797,83.62000274658203,66.9272689819336,9464000,0.0,0.0
2016-11-16 00:00:00-05:00,83.9800033569336,84.19999694824219,83.16999816894531,83.19000244140625,66.58309173583984,8542900,0.0,0.0
2016-11-17 00:00:00-05:00,83.2699966430664,83.5,82.93000030517578,83.06999969482422,66.487060546875,9083700,0.0,0.0
2016-11-18 00:00:00-05:00,82.91999816894531,83.0999984741211,81.98999786376953,82.0,65.63065338134766,14565500,0.0,0.0
2016-11-21 00:00:00-05:00,82.0,82.75,81.70999908447266,82.63999938964844,66.14289093017578,11482100,0.0,0.0
2016-11-22 00:00:00-05:00,83.01000213623047,83.18000030517578,82.66000366210938,82.76000213623047,66.23895263671875,7426500,0.0,0.0
2016-11-23 00:00:00-05:00,82.58999633789062,82.93000030517578,82.5199966430664,82.68000030517578,66.17488098144531,7693300,0.0,0.0
2016-11-25 00:00:00-05:00,82.98999786376953,83.45999908447266,82.94999694824219,83.45999908447266,66.79918670654297,3882900,0.0,0.0
2016-11-28 00:00:00-05:00,83.12999725341797,83.36000061035156,82.76000213623047,83.06999969482422,66.487060546875,6990100,0.0,0.0
2016-11-29 00:00:00-05:00,83.41999816894531,83.4800033569336,82.69000244140625,82.88999938964844,66.34297180175781,6183100,0.0,0.0
2016-11-30 00:00:00-05:00,82.5199966430664,82.83000183105469,82.26000213623047,82.45999908447266,65.99883270263672,12115500,0.0,0.0
2016-12-01 00:00:00-05:00,82.20999908447266,82.31999969482422,81.18000030517578,81.86000061035156,65.51860809326172,12516900,0.0,0.0
2016-12-02 00:00:00-05:00,82.3499984741211,82.68000030517578,82.06999969482422,82.4000015258789,65.95081329345703,9079400,0.0,0.0
2016-12-05 00:00:00-05:00,82.55999755859375,83.08000183105469,82.4800033569336,82.98999786376953,66.42301177978516,8597500,0.0,0.0
2016-12-06 00:00:00-05:00,83.23999786376953,83.25,82.61000061035156,82.91000366210938,66.35900115966797,7327200,0.0,0.0
2016-12-07 00:00:00-05:00,82.73999786376953,84.27999877929688,82.70999908447266,84.18000030517578,67.37548065185547,8567700,0.0,0.0
2016-12-08 00:00:00-05:00,83.79000091552734,84.18000030517578,83.5,83.5,66.83123779296875,7522800,0.0,0.0
2016-12-09 00:00:00-05:00,83.5199966430664,84.4000015258789,83.47000122070312,84.37000274658203,67.52754974365234,8004500,0.0,0.0
2016-12-12 00:00:00-05:00,84.20999908447266,85.18000030517578,84.20999908447266,85.12999725341797,68.13581848144531,7494100,0.0,0.0
2016-12-13 00:00:00-05:00,84.66999816894531,85.36000061035156,84.52999877929688,85.18000030517578,68.17582702636719,11795900,0.0,0.0
2016-12-14 00:00:00-05:00,85.29000091552734,85.73999786376953,84.16999816894531,84.37000274658203,67.52754974365234,12292200,0.0,0.0
2016-12-15 00:00:00-05:00,84.1500015258789,84.80000305175781,83.61000061035156,84.68000030517578,67.77562713623047,8768100,0.0,0.0
2016-12-16 00:00:00-05:00,84.9000015258789,85.12000274658203,84.1500015258789,84.68000030517578,67.77562713623047,21172400,0.0,0.0
2016-12-19 00:00:00-05:00,84.75,84.9800033569336,84.31999969482422,84.70999908447266,67.79962921142578,6431200,0.0,0.0
2016-12-20 00:00:00-05:00,84.56999969482422,84.70999908447266,84.19000244140625,84.56999969482422,67.6876220703125,7485400,0.0,0.0
2016-12-21 00:00:00-05:00,84.19000244140625,84.7300033569336,84.12000274658203,84.27999877929688,67.45549774169922,6099300,0.0,0.0
2016-12-22 00:00:00-05:00,84.0,84.61000061035156,83.87000274658203,84.47000122070312,67.60758209228516,7864800,0.0,0.0
2016-12-23 00:00:00-05:00,84.68000030517578,85.18000030517578,84.55000305175781,84.95999908447266,67.99976348876953,5284200,0.0,0.0
2016-12-27 00:00:00-05:00,84.9000015258789,84.94000244140625,84.41999816894531,84.5999984741211,67.71160888671875,3782600,0.0,0.0
2016-12-28 00:00:00-05:00,84.4000015258789,84.62999725341797,83.94999694824219,84.06999969482422,67.28742218017578,4298800,0.0,0.0
2016-12-29 00:00:00-05:00,84.23999786376953,84.48999786376953,84.0999984741211,84.3499984741211,67.51152038574219,3718300,0.0,0.0
2016-12-30 00:00:00-05:00,84.16999816894531,84.44999694824219,83.91999816894531,84.08000183105469,67.29540252685547,6209800,0.0,0.0
2017-01-03 00:00:00-05:00,83.87999725341797,84.38999938964844,83.5,84.19999694824219,67.39149475097656,8792700,0.0,0.0
2017-01-04 00:00:00-05:00,84.44999694824219,84.5999984741211,84.23999786376953,84.5,67.6315689086914,8096700,0.0,0.0
2017-01-05 00:00:00-05:00,84.41000366210938,85.43000030517578,84.37999725341797,85.05999755859375,68.07978820800781,6852400,0.0,0.0
2017-01-06 00:00:00-05:00,84.94000244140625,85.25,84.62000274658203,85.02999877929688,68.05577850341797,4799900,0.0,0.0
2017-01-09 00:00:00-05:00,84.05999755859375,84.66000366210938,83.75,84.4000015258789,67.55156707763672,11000600,0.0,0.0
2017-01-10 00:00:00-05:00,84.33999633789062,84.43000030517578,83.23999786376953,83.48999786376953,66.82321166992188,10918200,0.0,0.0
2017-01-11 00:00:00-05:00,83.38999938964844,83.75,83.27999877929688,83.75,67.03131103515625,9572300,0.0,0.0
2017-01-12 00:00:00-05:00,83.70999908447266,83.87999725341797,83.37000274658203,83.83999633789062,67.10332489013672,6545400,0.0,0.0
2017-01-13 00:00:00-05:00,83.8499984741211,84.0199966430664,83.44000244140625,84.01000213623047,67.2394027709961,6762800,0.0,0.0
2017-01-17 00:00:00-05:00,83.9000015258789,85.58000183105469,83.87999725341797,85.20999908447266,68.19985961914062,13145100,0.0,0.0
2017-01-18 00:00:00-05:00,84.80000305175781,85.30000305175781,84.58999633789062,84.93000030517578,68.51446533203125,10520400,0.67,0.0
2017-01-19 00:00:00-05:00,84.62999725341797,85.0,84.27999877929688,84.69999694824219,68.32890319824219,14074500,0.0,0.0
2017-01-20 00:00:00-05:00,86.88999938964844,87.9800033569336,86.41999816894531,87.44999694824219,70.5473861694336,22944400,0.0,0.0
2017-01-23 00:00:00-05:00,87.08999633789062,87.3499984741211,86.8499984741211,86.95999908447266,70.15210723876953,9408900,0.0,0.0
2017-01-24 00:00:00-05:00,87.22000122070312,87.94999694824219,87.22000122070312,87.86000061035156,70.87814331054688,8704700,0.0,0.0
2017-01-25 00:00:00-05:00,87.83999633789062,87.9000015258789,87.05999755859375,87.16000366210938,70.31344604492188,8082900,0.0,0.0
2017-01-26 00:00:00-05:00,87.12000274658203,87.2300033569336,86.58999633789062,86.5999984741211,69.86168670654297,6542300,0.0,0.0
2017-01-27 00:00:00-05:00,86.44999694824219,86.8499984741211,86.0199966430664,86.72000122070312,69.95850372314453,9332300,0.0,0.0
2017-01-30 00:00:00-05:00,86.77999877929688,86.86000061035156,86.5,86.75,69.98268127441406,7350000,0.0,0.0
2017-01-31 00:00:00-05:00,86.62999725341797,87.66000366210938,86.52999877929688,87.5999984741211,70.66841888427734,9712400,0.0,0.0
2017-02-01 00:00:00-05:00,87.02999877929688,87.58999633789062,86.75,87.33000183105469,70.45059204101562,8291000,0.0,0.0
2017-02-02 00:00:00-05:00,87.61000061035156,88.3499984741211,87.25,87.76000213623047,70.79747009277344,8997200,0.0,0.0
2017-02-03 00:00:00-05:00,88.12000274658203,88.16999816894531,87.38999938964844,87.41000366210938,70.51509094238281,7161900,0.0,0.0
2017-02-06 00:00:00-05:00,87.5,87.79000091552734,87.12999725341797,87.4000015258789,70.50706481933594,7483000,0.0,0.0
2017-02-07 00:00:00-05:00,87.63999938964844,88.27999877929688,87.4800033569336,88.01000213623047,70.99917602539062,6646100,0.0,0.0
2017-02-08 00:00:00-05:00,88.06999969482422,88.33999633789062,87.80999755859375,88.33000183105469,71.2573013305664,6815800,0.0,0.0
2017-02-09 00:00:00-05:00,88.33000183105469,88.77999877929688,88.02999877929688,88.66999816894531,71.53158569335938,9914100,0.0,0.0
2017-02-10 00:00:00-05:00,88.55999755859375,88.7300033569336,87.97000122070312,87.97000122070312,70.96688842773438,11057600,0.0,0.0
2017-02-13 00:00:00-05:00,88.04000091552734,88.36000061035156,87.63999938964844,88.30999755859375,71.24115753173828,6905100,0.0,0.0
2017-02-14 00:00:00-05:00,88.0,88.22000122070312,87.2300033569336,87.86000061035156,70.87814331054688,20123400,0.0,0.0
2017-02-15 00:00:00-05:00,89.80999755859375,91.1500015258789,89.80999755859375,91.12000274658203,73.508056640625,25847700,0.0,0.0
2017-02-16 00:00:00-05:00,90.91999816894531,91.12000274658203,90.54000091552734,90.79000091552734,73.24183654785156,12408500,0.0,0.0
2017-02-17 00:00:00-05:00,90.61000061035156,91.36000061035156,90.44999694824219,91.08999633789062,73.48384094238281,12152400,0.0,0.0
2017-02-21 00:00:00-05:00,90.58000183105469,91.80000305175781,90.58000183105469,91.66999816894531,73.95175170898438,9018700,0.0,0.0
2017-02-22 00:00:00-05:00,91.44999694824219,91.80000305175781,91.25,91.44000244140625,73.76620483398438,6749900,0.0,0.0
2017-02-23 00:00:00-05:00,91.61000061035156,91.80000305175781,90.91000366210938,91.12999725341797,73.51610565185547,7611600,0.0,0.0
2017-02-24 00:00:00-05:00,90.97000122070312,91.33999633789062,90.66999816894531,91.05000305175781,73.45157623291016,6643400,0.0,0.0
2017-02-27 00:00:00-05:00,90.52999877929688,90.91000366210938,90.05999755859375,90.88999938964844,73.32250213623047,11840300,0.0,0.0
2017-02-28 00:00:00-05:00,90.9000015258789,91.79000091552734,90.6500015258789,91.06999969482422,73.46771240234375,10535600,0.0,0.0
2017-03-01 00:00:00-05:00,91.05000305175781,91.88999938964844,90.70999908447266,91.66000366210938,73.94367218017578,8792200,0.0,0.0
2017-03-02 00:00:00-05:00,91.4000015258789,91.58999633789062,90.87999725341797,90.91000366210938,73.33865356445312,7031200,0.0,0.0
2017-03-03 00:00:00-05:00,90.91000366210938,90.91000366210938,89.88999938964844,90.5,73.00787353515625,8334900,0.0,0.0
2017-03-06 00:00:00-05:00,89.88999938964844,90.51000213623047,89.58999633789062,90.37000274658203,72.90300750732422,9533800,0.0,0.0
2017-03-07 00:00:00-05:00,90.13999938964844,90.48999786376953,90.05999755859375,90.29000091552734,72.83846282958984,5363000,0.0,0.0
2017-03-08 00:00:00-05:00,90.0199966430664,90.3499984741211,89.76000213623047,90.13999938964844,72.71746826171875,5503700,0.0,0.0
2017-03-09 00:00:00-05:00,90.13999938964844,90.48999786376953,90.0999984741211,90.33999633789062,72.8788070678711,5587400,0.0,0.0
2017-03-10 00:00:00-05:00,90.80000305175781,91.16000366210938,90.6500015258789,91.06999969482422,73.46771240234375,6797800,0.0,0.0
2017-03-13 00:00:00-04:00,91.05999755859375,91.48999786376953,90.8499984741211,91.30999755859375,73.66132354736328,7397500,0.0,0.0
2017-03-14 00:00:00-04:00,91.26000213623047,91.58999633789062,90.81999969482422,91.0,73.41124725341797,6686400,0.0,0.0
2017-03-15 00:00:00-04:00,91.0,91.77999877929688,90.7300033569336,91.4000015258789,73.73394775390625,7855300,0.0,0.0
2017-03-16 00:00:00-04:00,91.44000244140625,91.72000122070312,91.0999984741211,91.44000244140625,73.76620483398438,6601200,0.0,0.0
2017-03-17 00:00:00-04:00,91.44999694824219,92.0,90.91999816894531,91.0,73.41124725341797,37010100,0.0,0.0
2017-03-20 00:00:00-04:00,90.95999908447266,91.41000366210938,90.94000244140625,91.22000122070312,73.58871459960938,7772900,0.0,0.0
2017-03-21 00:00:00-04:00,91.30000305175781,91.75,91.02999877929688,91.19000244140625,73.56452941894531,8211000,0.0,0.0
2017-03-22 00:00:00-04:00,91.30999755859375,91.80000305175781,90.75,90.98999786376953,73.40316772460938,7798000,0.0,0.0
2017-03-23 00:00:00-04:00,90.91000366210938,91.45999908447266,90.5999984741211,90.7699966430664,73.22567749023438,6831400,0.0,0.0
2017-03-24 00:00:00-04:00,90.7699966430664,90.91999816894531,90.20999908447266,90.56999969482422,73.06434631347656,9252000,0.0,0.0
2017-03-27 00:00:00-04:00,90.44999694824219,90.72000122070312,90.18000030517578,90.48999786376953,72.99980926513672,10072000,0.0,0.0
2017-03-28 00:00:00-04:00,90.16999816894531,91.05999755859375,90.12999725341797,90.76000213623047,73.2176284790039,11855800,0.0,0.0
2017-03-29 00:00:00-04:00,90.55999755859375,90.87000274658203,90.38999938964844,90.5999984741211,73.08855438232422,4252800,0.0,0.0
2017-03-30 00:00:00-04:00,90.5,90.56999969482422,90.0999984741211,90.19999694824219,72.76587677001953,3691900,0.0,0.0
2017-03-31 00:00:00-04:00,90.02999877929688,90.33999633789062,89.83999633789062,89.8499984741211,72.4834976196289,6942400,0.0,0.0
2017-04-03 00:00:00-04:00,89.86000061035156,90.05999755859375,89.44999694824219,89.68000030517578,72.34638214111328,6967400,0.0,0.0
2017-04-04 00:00:00-04:00,89.75,89.95999908447266,89.41999816894531,89.91000366210938,72.53191375732422,5680800,0.0,0.0
2017-04-05 00:00:00-04:00,90.0,90.5,89.76000213623047,89.97000122070312,72.580322265625,6320100,0.0,0.0
2017-04-06 00:00:00-04:00,89.7699966430664,89.80999755859375,89.30999755859375,89.4000015258789,72.12052154541016,7231500,0.0,0.0
2017-04-07 00:00:00-04:00,89.45999908447266,89.61000061035156,89.18000030517578,89.2300033569336,71.98334503173828,4739100,0.0,0.0
2017-04-10 00:00:00-04:00,89.12999725341797,89.68000030517578,88.75,89.48999786376953,72.1930923461914,5956000,0.0,0.0
2017-04-11 00:00:00-04:00,89.66000366210938,89.81999969482422,89.29000091552734,89.80000305175781,72.44319915771484,5186000,0.0,0.0
2017-04-12 00:00:00-04:00,89.69999694824219,90.41999816894531,89.55999755859375,90.30999755859375,72.85460662841797,6286300,0.0,0.0
2017-04-13 00:00:00-04:00,90.05000305175781,90.54000091552734,89.79000091552734,90.02999877929688,72.62873077392578,5040100,0.0,0.0
2017-04-17 00:00:00-04:00,90.2300033569336,90.58999633789062,90.12999725341797,90.38999938964844,72.91915130615234,6931700,0.0,0.0
2017-04-18 00:00:00-04:00,90.4000015258789,91.12999725341797,90.33999633789062,90.80000305175781,73.24988555908203,7087800,0.0,0.0
2017-04-19 00:00:00-04:00,90.0999984741211,90.44999694824219,89.5,89.5999984741211,72.83531188964844,6919000,0.69,0.0
2017-04-20 00:00:00-04:00,89.69999694824219,89.69999694824219,89.30999755859375,89.33000183105469,72.61585235595703,6983500,0.0,0.0
2017-04-21 00:00:00-04:00,89.16999816894531,89.27999877929688,88.61000061035156,88.62000274658203,72.03868103027344,9061200,0.0,0.0
2017-04-24 00:00:00-04:00,89.12000274658203,89.66000366210938,89.01000213623047,89.55000305175781,72.79469299316406,8338500,0.0,0.0
2017-04-25 00:00:00-04:00,89.58000183105469,90.25,89.47000122070312,90.0,73.16046905517578,9088400,0.0,0.0
2017-04-26 00:00:00-04:00,89.8499984741211,90.0,87.61000061035156,87.73999786376953,71.32333374023438,11951300,0.0,0.0
2017-04-27 00:00:00-04:00,87.58000183105469,88.23999786376953,87.2300033569336,87.69000244140625,71.28270721435547,8517500,0.0,0.0
2017-04-28 00:00:00-04:00,87.5199966430664,87.58999633789062,87.1500015258789,87.33000183105469,70.99005126953125,8295400,0.0,0.0
2017-05-01 00:00:00-04:00,87.37999725341797,87.5999984741211,87.08000183105469,87.08999633789062,70.7949447631836,4546600,0.0,0.0
2017-05-02 00:00:00-04:00,87.29000091552734,87.29000091552734,86.0199966430664,86.22000122070312,70.08775329589844,13197500,0.0,0.0
2017-05-03 00:00:00-04:00,86.30000305175781,86.62999725341797,85.9000015258789,86.43000030517578,70.25845336914062,6122000,0.0,0.0
2017-05-04 00:00:00-04:00,86.8499984741211,87.23999786376953,86.30000305175781,86.44999694824219,70.27471923828125,5986200,0.0,0.0
2017-05-05 00:00:00-04:00,86.54000091552734,86.61000061035156,86.12999725341797,86.5,70.31533813476562,4506200,0.0,0.0
2017-05-08 00:00:00-04:00,86.33000183105469,86.62000274658203,86.23999786376953,86.55000305175781,70.35601043701172,4634600,0.0,0.0
2017-05-09 00:00:00-04:00,86.80000305175781,86.81999969482422,86.22000122070312,86.4000015258789,70.23407745361328,9577600,0.0,0.0
2017-05-10 00:00:00-04:00,86.4800033569336,86.79000091552734,86.38999938964844,86.48999786376953,70.30720520019531,6178500,0.0,0.0
2017-05-11 00:00:00-04:00,86.61000061035156,86.62999725341797,85.87999725341797,86.16999816894531,70.04708099365234,6064700,0.0,0.0
2017-05-12 00:00:00-04:00,86.23999786376953,86.31999969482422,85.91999816894531,86.19000244140625,70.06336212158203,5892400,0.0,0.0
2017-05-15 00:00:00-04:00,86.6500015258789,86.70999908447266,86.25,86.33000183105469,70.17713165283203,5820700,0.0,0.0
2017-05-16 00:00:00-04:00,86.87999725341797,87.0,86.19000244140625,86.23999786376953,70.10398864746094,6554500,0.0,0.0
2017-05-17 00:00:00-04:00,86.23999786376953,86.62999725341797,85.93000030517578,86.26000213623047,70.12026977539062,7805800,0.0,0.0
2017-05-18 00:00:00-04:00,86.18000030517578,86.22000122070312,85.5199966430664,85.87000274658203,69.80322265625,6985600,0.0,0.0
2017-05-19 00:00:00-04:00,86.0,86.37999725341797,85.66999816894531,86.23999786376953,70.10398864746094,7320700,0.0,0.0
2017-05-22 00:00:00-04:00,86.25,86.4000015258789,86.02999877929688,86.20999908447266,70.07960510253906,4260000,0.0,0.0
2017-05-23 00:00:00-04:00,86.27999877929688,86.54000091552734,85.9800033569336,86.08000183105469,69.97392272949219,4394200,0.0,0.0
2017-05-24 00:00:00-04:00,86.44999694824219,86.6500015258789,86.20999908447266,86.5,70.31533813476562,4878800,0.0,0.0
2017-05-25 00:00:00-04:00,86.58000183105469,86.9800033569336,86.55000305175781,86.86000061035156,70.60797119140625,4368000,0.0,0.0
2017-05-26 00:00:00-04:00,86.93000030517578,87.37999725341797,86.81999969482422,87.25,70.92501831054688,4337000,0.0,0.0
2017-05-30 00:00:00-04:00,87.25,87.61000061035156,87.0999984741211,87.4000015258789,71.04695892333984,4594500,0.0,0.0
2017-05-31 00:00:00-04:00,87.66999816894531,88.3499984741211,87.44999694824219,88.08999633789062,71.60785675048828,10146600,0.0,0.0
2017-06-01 00:00:00-04:00,88.0199966430664,88.13999938964844,87.37000274658203,88.12999725341797,71.6403579711914,6251300,0.0,0.0
2017-06-02 00:00:00-04:00,88.4000015258789,88.68000030517578,88.01000213623047,88.58999633789062,72.01429748535156,6136400,0.0,0.0
2017-06-05 00:00:00-04:00,88.30000305175781,88.76000213623047,88.0,88.73999786376953,72.13626098632812,4115300,0.0,0.0
2017-06-06 00:00:00-04:00,88.76000213623047,88.97000122070312,88.44999694824219,88.80000305175781,72.18499755859375,6503000,0.0,0.0
2017-06-07 00:00:00-04:00,88.68000030517578,88.88999938964844,88.4000015258789,88.7699966430664,72.1606216430664,4781600,0.0,0.0
2017-06-08 00:00:00-04:00,88.7699966430664,88.80000305175781,87.36000061035156,87.8499984741211,71.41277313232422,7712100,0.0,0.0
2017-06-09 00:00:00-04:00,87.8499984741211,88.20999908447266,87.55000305175781,88.16000366210938,71.66478729248047,9696900,0.0,0.0
2017-06-12 00:00:00-04:00,88.16000366210938,88.66000366210938,88.08999633789062,88.23999786376953,71.72978210449219,7867700,0.0,0.0
2017-06-13 00:00:00-04:00,88.36000061035156,88.4000015258789,87.7699966430664,88.05999755859375,71.58348083496094,6419300,0.0,0.0
2017-06-14 00:00:00-04:00,88.48999786376953,88.75,88.05999755859375,88.44000244140625,71.89234924316406,6183900,0.0,0.0
2017-06-15 00:00:00-04:00,88.2300033569336,89.62000274658203,88.2300033569336,89.37999725341797,72.6564712524414,7047500,0.0,0.0
2017-06-16 00:00:00-04:00,89.72000122070312,89.7699966430664,88.80999755859375,89.66000366210938,72.88410186767578,13855000,0.0,0.0
2017-06-19 00:00:00-04:00,89.5999984741211,89.86000061035156,89.19999694824219,89.86000061035156,73.04667663574219,5246200,0.0,0.0
2017-06-20 00:00:00-04:00,89.7699966430664,90.20999908447266,89.61000061035156,89.62999725341797,72.8597183227539,5674200,0.0,0.0
2017-06-21 00:00:00-04:00,89.62000274658203,89.94999694824219,89.29000091552734,89.4000015258789,72.67276763916016,4164500,0.0,0.0
2017-06-22 00:00:00-04:00,89.2699966430664,89.41000366210938,88.9000015258789,89.02999877929688,72.37195587158203,4536700,0.0,0.0
2017-06-23 00:00:00-04:00,89.02999877929688,89.80000305175781,88.9000015258789,89.41999816894531,72.68899536132812,8782100,0.0,0.0
2017-06-26 00:00:00-04:00,89.62999725341797,89.68000030517578,89.2699966430664,89.36000061035156,72.64021301269531,4373300,0.0,0.0
2017-06-27 00:00:00-04:00,89.36000061035156,89.36000061035156,88.61000061035156,88.61000061035156,72.03053283691406,5180400,0.0,0.0
2017-06-28 00:00:00-04:00,89.08000183105469,89.20999908447266,88.26000213623047,88.37000274658203,71.83547973632812,4875000,0.0,0.0
2017-06-29 00:00:00-04:00,88.0199966430664,88.22000122070312,86.93000030517578,86.98999786376953,70.71365356445312,8123500,0.0,0.0
2017-06-30 00:00:00-04:00,87.05000305175781,87.47000122070312,87.0,87.1500015258789,70.84371948242188,6070300,0.0,0.0
2017-07-03 00:00:00-04:00,87.4000015258789,88.0,87.18000030517578,87.73999786376953,71.32333374023438,3607400,0.0,0.0
2017-07-05 00:00:00-04:00,87.86000061035156,88.0,87.48999786376953,87.66999816894531,71.26641845703125,4974300,0.0,0.0
2017-07-06 00:00:00-04:00,87.6500015258789,87.94999694824219,87.36000061035156,87.37000274658203,71.02257537841797,6038900,0.0,0.0
2017-07-07 00:00:00-04:00,87.69000244140625,87.81999969482422,87.27999877929688,87.6500015258789,71.25018310546875,5142200,0.0,0.0
2017-07-10 00:00:00-04:00,87.62999725341797,87.87000274658203,86.88999938964844,87.08999633789062,70.7949447631836,5356400,0.0,0.0
2017-07-11 00:00:00-04:00,87.2300033569336,87.44999694824219,86.30999755859375,86.7699966430664,70.53482818603516,5838600,0.0,0.0
2017-07-12 00:00:00-04:00,87.23999786376953,87.47000122070312,86.83000183105469,86.95999908447266,70.68928527832031,4374200,0.0,0.0
2017-07-13 00:00:00-04:00,86.7699966430664,87.05000305175781,86.5,86.69999694824219,70.47792053222656,5448900,0.0,0.0
2017-07-14 00:00:00-04:00,86.95999908447266,87.29000091552734,86.7300033569336,87.0999984741211,70.80308532714844,4577700,0.0,0.0
2017-07-17 00:00:00-04:00,87.06999969482422,87.91000366210938,86.73999786376953,87.55000305175781,71.16885375976562,5227800,0.0,0.0
2017-07-18 00:00:00-04:00,87.61000061035156,88.76000213623047,87.45999908447266,88.63999938964844,72.05494689941406,7492300,0.0,0.0
2017-07-19 00:00:00-04:00,87.87000274658203,88.41000366210938,87.5999984741211,88.3499984741211,72.38264465332031,6008500,0.69,0.0
2017-07-20 00:00:00-04:00,88.31999969482422,89.30999755859375,88.30999755859375,88.5999984741211,72.58747100830078,7285000,0.0,0.0
2017-07-21 00:00:00-04:00,88.16000366210938,88.68000030517578,87.80999755859375,88.61000061035156,72.59567260742188,5714800,0.0,0.0
2017-07-24 00:00:00-04:00,88.55000305175781,88.5999984741211,87.97000122070312,88.18000030517578,72.24339294433594,6202000,0.0,0.0
2017-07-25 00:00:00-04:00,88.66999816894531,89.19999694824219,88.54000091552734,89.13999938964844,73.0298843383789,6766700,0.0,0.0
2017-07-26 00:00:00-04:00,89.0,89.41999816894531,88.87000274658203,89.30000305175781,73.16097259521484,6987000,0.0,0.0
2017-07-27 00:00:00-04:00,90.29000091552734,90.75,89.0,90.68000030517578,74.29153442382812,11089200,0.0,0.0
2017-07-28 00:00:00-04:00,90.55999755859375,91.0,89.95999908447266,90.20999908447266,73.90647888183594,6137500,0.0,0.0
2017-07-31 00:00:00-04:00,90.20999908447266,91.06999969482422,90.20999908447266,90.81999969482422,74.40625,7835700,0.0,0.0
2017-08-01 00:00:00-04:00,91.02999877929688,91.7300033569336,90.72000122070312,91.0999984741211,74.63565063476562,8662100,0.0,0.0
2017-08-02 00:00:00-04:00,90.97000122070312,91.30000305175781,90.52999877929688,91.04000091552734,74.58648681640625,7167700,0.0,0.0
2017-08-03 00:00:00-04:00,90.86000061035156,91.75,90.81999969482422,90.86000061035156,74.43901824951172,6413200,0.0,0.0
2017-08-04 00:00:00-04:00,90.69000244140625,91.08000183105469,90.52999877929688,90.66999816894531,74.2833480834961,5824400,0.0,0.0
2017-08-07 00:00:00-04:00,90.66999816894531,91.55999755859375,90.5199966430664,91.44000244140625,74.91422271728516,5011300,0.0,0.0
2017-08-08 00:00:00-04:00,91.4000015258789,91.94000244140625,91.2300033569336,91.58000183105469,75.0289077758789,5623400,0.0,0.0
2017-08-09 00:00:00-04:00,91.5199966430664,91.94000244140625,91.5199966430664,91.91999816894531,75.30744171142578,5572800,0.0,0.0
2017-08-10 00:00:00-04:00,91.86000061035156,92.0,91.69000244140625,91.73999786376953,75.15998077392578,6338200,0.0,0.0
2017-08-11 00:00:00-04:00,91.94000244140625,92.08000183105469,91.29000091552734,91.33999633789062,74.83226776123047,7094200,0.0,0.0
2017-08-14 00:00:00-04:00,91.54000091552734,91.94999694824219,91.25,91.6500015258789,75.08625030517578,5398400,0.0,0.0
2017-08-15 00:00:00-04:00,91.91000366210938,92.36000061035156,91.87999725341797,92.19999694824219,75.53684997558594,5293400,0.0,0.0
2017-08-16 00:00:00-04:00,92.29000091552734,92.94999694824219,92.19000244140625,92.44000244140625,75.73348999023438,7965500,0.0,0.0
2017-08-17 00:00:00-04:00,92.4000015258789,92.66999816894531,92.06999969482422,92.06999969482422,75.43035888671875,5711400,0.0,0.0
2017-08-18 00:00:00-04:00,91.9800033569336,92.77999877929688,91.8499984741211,92.47000122070312,75.75804138183594,6815000,0.0,0.0
2017-08-21 00:00:00-04:00,92.37999725341797,92.95999908447266,92.36000061035156,92.86000061035156,76.07756805419922,4334300,0.0,0.0
2017-08-22 00:00:00-04:00,92.91000366210938,92.95999908447266,92.58999633789062,92.79000091552734,76.02020263671875,4731500,0.0,0.0
2017-08-23 00:00:00-04:00,92.5,92.66000366210938,92.27999877929688,92.44000244140625,75.73348999023438,3631900,0.0,0.0
2017-08-24 00:00:00-04:00,92.44000244140625,92.56999969482422,92.04000091552734,92.2699966430664,75.59417724609375,5173700,0.0,0.0
2017-08-25 00:00:00-04:00,92.6500015258789,92.86000061035156,92.41000366210938,92.51000213623047,75.79084014892578,4933000,0.0,0.0
2017-08-28 00:00:00-04:00,92.5199966430664,92.70999908447266,91.9800033569336,92.47000122070312,75.75804138183594,5386500,0.0,0.0
2017-08-29 00:00:00-04:00,92.4800033569336,92.69000244140625,92.23999786376953,92.31999969482422,75.63516235351562,3676300,0.0,0.0
2017-08-30 00:00:00-04:00,92.08000183105469,92.08000183105469,91.66000366210938,91.87000274658203,75.26648712158203,4709600,0.0,0.0
2017-08-31 00:00:00-04:00,91.88999938964844,92.38999938964844,91.83999633789062,92.2699966430664,75.59417724609375,5864400,0.0,0.0
2017-09-01 00:00:00-04:00,92.41999816894531,92.66000366210938,92.26000213623047,92.52999877929688,75.80722045898438,4960700,0.0,0.0
2017-09-05 00:00:00-04:00,92.18000030517578,92.73999786376953,92.04000091552734,92.72000122070312,75.96285247802734,6532100,0.0,0.0
2017-09-06 00:00:00-04:00,92.79000091552734,92.91000366210938,92.36000061035156,92.72000122070312,75.96285247802734,6747200,0.0,0.0
2017-09-07 00:00:00-04:00,92.73999786376953,93.36000061035156,92.33000183105469,92.97000122070312,76.16767883300781,7735400,0.0,0.0
2017-09-08 00:00:00-04:00,92.76000213623047,93.1500015258789,92.51000213623047,92.83999633789062,76.0611801147461,6070100,0.0,0.0
2017-09-11 00:00:00-04:00,93.08999633789062,94.19000244140625,92.9000015258789,93.98999786376953,77.00334167480469,10177300,0.0,0.0
2017-09-12 00:00:00-04:00,93.72000122070312,93.9800033569336,93.20999908447266,93.51000213623047,76.6100845336914,5804000,0.0,0.0
2017-09-13 00:00:00-04:00,93.5,93.7699966430664,93.44999694824219,93.55000305175781,76.6428451538086,5369300,0.0,0.0
2017-09-14 00:00:00-04:00,93.2300033569336,93.6500015258789,93.18000030517578,93.55000305175781,76.6428451538086,5492300,0.0,0.0
2017-09-15 00:00:00-04:00,93.81999969482422,93.81999969482422,92.81999969482422,93.2699966430664,76.41345977783203,12428800,0.0,0.0
2017-09-18 00:00:00-04:00,93.16999816894531,93.5,92.86000061035156,93.1500015258789,76.31517028808594,6177700,0.0,0.0
2017-09-19 00:00:00-04:00,93.33999633789062,94.44999694824219,93.33999633789062,94.16999816894531,77.15081787109375,6587200,0.0,0.0
2017-09-20 00:00:00-04:00,94.16999816894531,94.66999816894531,93.83000183105469,94.4000015258789,77.3392562866211,5941500,0.0,0.0
2017-09-21 00:00:00-04:00,94.1500015258789,94.5,92.44999694824219,92.63999938964844,75.89733123779297,9376700,0.0,0.0
2017-09-22 00:00:00-04:00,92.55000305175781,93.0,92.08000183105469,92.23999786376953,75.56961822509766,6837700,0.0,0.0
2017-09-25 00:00:00-04:00,92.43000030517578,93.08999633789062,92.33000183105469,92.72000122070312,75.96285247802734,6436200,0.0,0.0
2017-09-26 00:00:00-04:00,92.81999969482422,92.8499984741211,92.19999694824219,92.6500015258789,75.90550994873047,4885200,0.0,0.0
2017-09-27 00:00:00-04:00,92.5199966430664,92.5199966430664,90.33999633789062,90.87000274658203,74.44723510742188,9631200,0.0,0.0
2017-09-28 00:00:00-04:00,90.86000061035156,91.12000274658203,90.62999725341797,90.88999938964844,74.46360778808594,4999800,0.0,0.0
2017-09-29 00:00:00-04:00,90.97000122070312,91.43000030517578,90.69999694824219,90.9800033569336,74.53732299804688,6634500,0.0,0.0
2017-10-02 00:00:00-04:00,91.26000213623047,92.4000015258789,91.23999786376953,91.7699966430664,75.1845703125,7302400,0.0,0.0
2017-10-03 00:00:00-04:00,91.95999908447266,92.33999633789062,91.55999755859375,92.12000274658203,75.4712905883789,5909900,0.0,0.0
2017-10-04 00:00:00-04:00,92.12000274658203,92.80000305175781,92.0199966430664,92.41999816894531,75.71707916259766,6140700,0.0,0.0
2017-10-05 00:00:00-04:00,92.48999786376953,92.6500015258789,91.94000244140625,92.02999877929688,75.3975601196289,6912800,0.0,0.0
2017-10-06 00:00:00-04:00,92.0,92.3499984741211,91.87999725341797,92.33000183105469,75.64336395263672,5241900,0.0,0.0
2017-10-09 00:00:00-04:00,92.4000015258789,92.62000274658203,91.93000030517578,92.12000274658203,75.4712905883789,5149000,0.0,0.0
2017-10-10 00:00:00-04:00,92.37000274658203,93.04000091552734,89.86000061035156,91.62000274658203,75.0616683959961,17125600,0.0,0.0
2017-10-11 00:00:00-04:00,91.08999633789062,91.7300033569336,91.06999969482422,91.45999908447266,74.93058776855469,7115400,0.0,0.0
2017-10-12 00:00:00-04:00,91.41000366210938,92.30999755859375,91.38999938964844,92.1500015258789,75.49586486816406,5984900,0.0,0.0
2017-10-13 00:00:00-04:00,92.69999694824219,93.51000213623047,92.58999633789062,93.04000091552734,76.22504425048828,6956700,0.0,0.0
2017-10-16 00:00:00-04:00,92.97000122070312,93.37000274658203,92.70999908447266,93.13999938964844,76.30696105957031,4159100,0.0,0.0
2017-10-17 00:00:00-04:00,93.04000091552734,93.08999633789062,92.4000015258789,92.80000305175781,76.02842712402344,5316100,0.0,0.0
2017-10-18 00:00:00-04:00,92.77999877929688,92.94999694824219,92.01000213623047,92.7699966430664,76.00383758544922,7399700,0.0,0.0
2017-10-19 00:00:00-04:00,91.69999694824219,91.98999786376953,91.13999938964844,91.58999633789062,75.59937286376953,8585000,0.69,0.0
2017-10-20 00:00:00-04:00,89.72000122070312,89.95999908447266,87.58999633789062,88.25,72.84249114990234,19997800,0.0,0.0
2017-10-23 00:00:00-04:00,88.62999725341797,88.86000061035156,86.87000274658203,87.30000305175781,72.05839538574219,13358200,0.0,0.0
2017-10-24 00:00:00-04:00,87.37000274658203,87.41999816894531,86.77999877929688,86.9800033569336,71.79425048828125,11519000,0.0,0.0
2017-10-25 00:00:00-04:00,86.9000015258789,87.11000061035156,86.27999877929688,86.86000061035156,71.69517517089844,9024300,0.0,0.0
2017-10-26 00:00:00-04:00,87.19000244140625,87.7699966430664,87.0999984741211,87.5,72.22345733642578,6233800,0.0,0.0
2017-10-27 00:00:00-04:00,87.52999877929688,87.52999877929688,86.44999694824219,87.04000091552734,71.84376525878906,7433800,0.0,0.0
2017-10-30 00:00:00-04:00,86.91000366210938,87.08000183105469,86.16000366210938,86.2699966430664,71.20819854736328,5387100,0.0,0.0
2017-10-31 00:00:00-04:00,86.48999786376953,86.5,85.72000122070312,86.33999633789062,71.2659683227539,7119000,0.0,0.0
2017-11-01 00:00:00-04:00,86.33000183105469,87.13999938964844,86.11000061035156,86.88999938964844,71.719970703125,4884100,0.0,0.0
2017-11-02 00:00:00-04:00,86.77999877929688,87.04000091552734,86.2300033569336,86.51000213623047,71.40629577636719,5021200,0.0,0.0
2017-11-03 00:00:00-04:00,86.77999877929688,87.16000366210938,86.45999908447266,86.58000183105469,71.46407318115234,5106500,0.0,0.0
2017-11-06 00:00:00-05:00,86.55000305175781,86.63999938964844,86.02999877929688,86.05000305175781,71.026611328125,5186700,0.0,0.0
2017-11-07 00:00:00-05:00,86.04000091552734,87.0,85.41999816894531,86.9800033569336,71.79425048828125,6875100,0.0,0.0
2017-11-08 00:00:00-05:00,86.98999786376953,87.5999984741211,86.80000305175781,87.58000183105469,72.28951263427734,6910000,0.0,0.0
2017-11-09 00:00:00-05:00,87.3499984741211,88.16999816894531,87.30000305175781,87.77999877929688,72.45457458496094,5280000,0.0,0.0
2017-11-10 00:00:00-05:00,87.98999786376953,88.38999938964844,87.77999877929688,88.16000366210938,72.76822662353516,7227300,0.0,0.0
2017-11-13 00:00:00-05:00,88.66999816894531,89.41000366210938,88.62999725341797,89.0,73.46155548095703,6873500,0.0,0.0
2017-11-14 00:00:00-05:00,88.73999786376953,89.05000305175781,88.47000122070312,88.87000274658203,73.3542709350586,5035500,0.0,0.0
2017-11-15 00:00:00-05:00,88.7300033569336,88.94000244140625,88.0,88.2300033569336,72.82600402832031,6688100,0.0,0.0
2017-11-16 00:00:00-05:00,89.83999633789062,89.9000015258789,88.7699966430664,89.25,73.66793060302734,7205100,0.0,0.0
2017-11-17 00:00:00-05:00,88.94999694824219,89.08999633789062,88.08000183105469,88.43000030517578,72.99108123779297,5941800,0.0,0.0
2017-11-20 00:00:00-05:00,88.43000030517578,88.55999755859375,87.70999908447266,88.2699966430664,72.85901641845703,4926200,0.0,0.0
2017-11-21 00:00:00-05:00,88.18000030517578,89.20999908447266,88.0199966430664,88.72000122070312,73.2304458618164,6196400,0.0,0.0
2017-11-22 00:00:00-05:00,88.5,88.91000366210938,88.05999755859375,88.33000183105469,72.90853118896484,6006900,0.0,0.0
2017-11-24 00:00:00-05:00,88.58999633789062,88.95999908447266,88.41999816894531,88.44999694824219,73.00758361816406,2196700,0.0,0.0
2017-11-27 00:00:00-05:00,88.33000183105469,89.0999984741211,88.1500015258789,88.95999908447266,73.42854309082031,6199700,0.0,0.0
2017-11-28 00:00:00-05:00,89.4800033569336,89.5199966430664,88.91000366210938,89.4000015258789,73.79173278808594,4841300,0.0,0.0
2017-11-29 00:00:00-05:00,89.4000015258789,89.80999755859375,89.02999877929688,89.37999725341797,73.77522277832031,5158900,0.0,0.0
2017-11-30 00:00:00-05:00,89.3499984741211,90.37000274658203,89.20999908447266,89.98999786376953,74.27873229980469,9789900,0.0,0.0
2017-12-01 00:00:00-05:00,90.18000030517578,90.52999877929688,89.12000274658203,90.36000061035156,74.5841064453125,7953200,0.0,0.0
2017-12-04 00:00:00-05:00,91.76000213623047,91.91000366210938,89.83000183105469,91.41000366210938,75.45081329345703,9003700,0.0,0.0
2017-12-05 00:00:00-05:00,91.5199966430664,91.83999633789062,91.06999969482422,91.4000015258789,75.44258117675781,8683000,0.0,0.0
2017-12-06 00:00:00-05:00,91.38999938964844,91.77999877929688,91.06999969482422,91.25,75.31873321533203,6737400,0.0,0.0
2017-12-07 00:00:00-05:00,91.05000305175781,91.06999969482422,89.88999938964844,90.0999984741211,74.36949920654297,7273600,0.0,0.0
2017-12-08 00:00:00-05:00,90.0199966430664,90.37000274658203,89.58000183105469,90.37000274658203,74.59239959716797,5883400,0.0,0.0
2017-12-11 00:00:00-05:00,90.2300033569336,90.33000183105469,89.75,90.2300033569336,74.47683715820312,4856000,0.0,0.0
2017-12-12 00:00:00-05:00,90.44999694824219,90.51000213623047,89.81999969482422,89.8499984741211,74.16316223144531,6558900,0.0,0.0
2017-12-13 00:00:00-05:00,90.0199966430664,91.41000366210938,89.97000122070312,90.87999725341797,75.01333618164062,7141000,0.0,0.0
2017-12-14 00:00:00-05:00,90.94000244140625,91.43000030517578,90.9000015258789,91.0,75.11239624023438,5853500,0.0,0.0
2017-12-15 00:00:00-05:00,91.56999969482422,92.2699966430664,91.4800033569336,91.88999938964844,75.84700775146484,15924000,0.0,0.0
2017-12-18 00:00:00-05:00,91.9800033569336,93.13999938964844,91.80999755859375,91.87999725341797,75.8387680053711,7405700,0.0,0.0
2017-12-19 00:00:00-05:00,92.0,92.12999725341797,91.58000183105469,91.68000030517578,75.67366790771484,5644400,0.0,0.0
2017-12-20 00:00:00-05:00,91.80000305175781,91.97000122070312,91.3499984741211,91.52999877929688,75.54983520507812,6938500,0.0,0.0
2017-12-21 00:00:00-05:00,91.66000366210938,92.08000183105469,91.52999877929688,91.66999816894531,75.66541290283203,4860400,0.0,0.0
2017-12-22 00:00:00-05:00,91.87999725341797,92.43000030517578,91.72000122070312,92.12999725341797,76.04510498046875,4919400,0.0,0.0
2017-12-26 00:00:00-05:00,92.3499984741211,92.7699966430664,92.1500015258789,92.4800033569336,76.33399963378906,3431900,0.0,0.0
2017-12-27 00:00:00-05:00,92.48999786376953,92.75,91.93000030517578,92.0999984741211,76.02033996582031,4276700,0.0,0.0
2017-12-28 00:00:00-05:00,92.30000305175781,92.54000091552734,91.91000366210938,92.06999969482422,75.9955825805664,3005400,0.0,0.0
2017-12-29 00:00:00-05:00,92.23999786376953,92.45999908447266,91.87999725341797,91.87999725341797,75.8387680053711,4346700,0.0,0.0
2018-01-02 00:00:00-05:00,91.91999816894531,91.93000030517578,90.55000305175781,90.6500015258789,74.8235092163086,7558900,0.0,0.0
2018-01-03 00:00:00-05:00,90.7300033569336,91.08999633789062,90.5199966430664,90.54000091552734,74.7326889038086,5863600,0.0,0.0
2018-01-04 00:00:00-05:00,90.83000183105469,91.7699966430664,90.61000061035156,91.18000030517578,75.2609634399414,6322500,0.0,0.0
2018-01-05 00:00:00-05:00,91.2699966430664,91.30000305175781,90.56999969482422,91.23999786376953,75.31048583984375,5949700,0.0,0.0
2018-01-08 00:00:00-05:00,90.93000030517578,91.7699966430664,90.93000030517578,91.72000122070312,75.7066879272461,4860700,0.0,0.0
2018-01-09 00:00:00-05:00,91.47000122070312,91.6500015258789,91.01000213623047,91.05000305175781,75.15367126464844,6630100,0.0,0.0
2018-01-10 00:00:00-05:00,90.91000366210938,90.91000366210938,90.01000213623047,90.47000122070312,74.67491912841797,6564700,0.0,0.0
2018-01-11 00:00:00-05:00,90.4000015258789,90.5199966430664,89.91999816894531,90.1500015258789,74.41080474853516,5469700,0.0,0.0
2018-01-12 00:00:00-05:00,90.05000305175781,90.33999633789062,89.3499984741211,89.61000061035156,73.96507263183594,8111000,0.0,0.0
2018-01-16 00:00:00-05:00,90.13999938964844,90.7699966430664,89.63999938964844,90.22000122070312,74.46857452392578,9465300,0.0,0.0
2018-01-17 00:00:00-05:00,90.55999755859375,91.7300033569336,90.43000030517578,91.19999694824219,75.27748107910156,8345500,0.0,0.0
2018-01-18 00:00:00-05:00,90.23999786376953,90.6500015258789,89.66999816894531,90.18000030517578,75.00300598144531,7699800,0.69,0.0
2018-01-19 00:00:00-05:00,90.27999877929688,91.26000213623047,90.23999786376953,91.06999969482422,75.74322509765625,9364000,0.0,0.0
2018-01-22 00:00:00-05:00,90.87999725341797,91.91999816894531,90.7699966430664,91.88999938964844,76.42522430419922,8658000,0.0,0.0
2018-01-23 00:00:00-05:00,89.81999969482422,90.20999908447266,88.5999984741211,89.05000305175781,74.06318664550781,18756300,0.0,0.0
2018-01-24 00:00:00-05:00,89.05999755859375,89.16000366210938,87.69999694824219,88.30999755859375,73.44772338867188,15141900,0.0,0.0
2018-01-25 00:00:00-05:00,88.68000030517578,89.05000305175781,88.01000213623047,88.33999633789062,73.47267150878906,11264400,0.0,0.0
2018-01-26 00:00:00-05:00,88.16999816894531,88.16999816894531,87.2300033569336,87.7300033569336,72.96534729003906,11503100,0.0,0.0
2018-01-29 00:00:00-05:00,87.69000244140625,87.73999786376953,86.69000244140625,86.86000061035156,72.24174499511719,11685800,0.0,0.0
2018-01-30 00:00:00-05:00,86.81999969482422,87.44000244140625,86.62999725341797,86.94999694824219,72.31661987304688,9662900,0.0,0.0
2018-01-31 00:00:00-05:00,86.80999755859375,87.41000366210938,86.08000183105469,86.33999633789062,71.80926513671875,11798100,0.0,0.0
2018-02-01 00:00:00-05:00,86.1500015258789,86.5,85.55999755859375,85.8499984741211,71.40174865722656,8606300,0.0,0.0
2018-02-02 00:00:00-05:00,85.55999755859375,85.61000061035156,84.20999908447266,84.25,70.0710220336914,12846300,0.0,0.0
2018-02-05 00:00:00-05:00,83.98999786376953,84.37000274658203,80.0999984741211,81.05999755859375,67.41787719726562,17462200,0.0,0.0
2018-02-06 00:00:00-05:00,80.52999877929688,82.44999694824219,80.12000274658203,82.37999725341797,68.5157241821289,19955500,0.0,0.0
2018-02-07 00:00:00-05:00,82.30000305175781,83.38999938964844,81.81999969482422,81.83999633789062,68.06661987304688,11851800,0.0,0.0
2018-02-08 00:00:00-05:00,82.02999877929688,82.22000122070312,80.1500015258789,80.22000122070312,66.7192611694336,14596100,0.0,0.0
2018-02-09 00:00:00-05:00,80.9800033569336,81.02999877929688,78.58999633789062,79.91999816894531,66.46971893310547,18838800,0.0,0.0
2018-02-12 00:00:00-05:00,80.61000061035156,81.66999816894531,80.58000183105469,81.33000183105469,67.6424331665039,10769000,0.0,0.0
2018-02-13 00:00:00-05:00,81.1500015258789,81.83000183105469,80.91000366210938,81.5,67.78382873535156,9278700,0.0,0.0
2018-02-14 00:00:00-05:00,81.05999755859375,81.26000213623047,80.2699966430664,80.68000030517578,67.10183715820312,9412000,0.0,0.0
2018-02-15 00:00:00-05:00,80.97000122070312,82.41000366210938,80.5,82.41000366210938,68.5406723022461,8910700,0.0,0.0
2018-02-16 00:00:00-05:00,82.20999908447266,83.25,82.12999725341797,82.5999984741211,68.69869232177734,10371700,0.0,0.0
2018-02-20 00:00:00-05:00,82.19000244140625,82.22000122070312,81.06999969482422,81.33999633789062,67.65076446533203,7087700,0.0,0.0
2018-02-21 00:00:00-05:00,81.30999755859375,81.80999755859375,80.19000244140625,80.23999786376953,66.73587036132812,9134500,0.0,0.0
2018-02-22 00:00:00-05:00,80.47000122070312,81.27999877929688,80.16999816894531,80.83999633789062,67.23491668701172,10277700,0.0,0.0
2018-02-23 00:00:00-05:00,81.01000213623047,81.12000274658203,80.4800033569336,81.05000305175781,67.40953826904297,10321800,0.0,0.0
2018-02-26 00:00:00-05:00,81.44999694824219,81.69000244140625,81.05000305175781,81.62999725341797,67.89195251464844,9422200,0.0,0.0
2018-02-27 00:00:00-05:00,81.88999938964844,82.0,80.51000213623047,80.54000091552734,66.98539733886719,8919600,0.0,0.0
2018-02-28 00:00:00-05:00,80.68000030517578,80.79000091552734,78.5,78.5199966430664,65.30534362792969,16862000,0.0,0.0
2018-03-01 00:00:00-05:00,78.4000015258789,79.27999877929688,77.9000015258789,78.69999694824219,65.45507049560547,13504200,0.0,0.0
2018-03-02 00:00:00-05:00,78.4800033569336,79.66000366210938,78.41999816894531,79.5,66.12042236328125,9317700,0.0,0.0
2018-03-05 00:00:00-05:00,79.27999877929688,80.38999938964844,79.1500015258789,80.29000091552734,66.77748107910156,8177000,0.0,0.0
2018-03-06 00:00:00-05:00,80.41000366210938,80.41999816894531,79.37000274658203,80.0199966430664,66.55288696289062,9085300,0.0,0.0
2018-03-07 00:00:00-05:00,79.52999877929688,79.63999938964844,78.9000015258789,79.16000366210938,65.837646484375,9089500,0.0,0.0
2018-03-08 00:00:00-05:00,79.16999816894531,79.98999786376953,79.0199966430664,79.97000122070312,66.51131439208984,7951700,0.0,0.0
2018-03-09 00:00:00-05:00,80.18000030517578,80.75,79.9000015258789,80.29000091552734,66.77748107910156,7662200,0.0,0.0
2018-03-12 00:00:00-04:00,80.2300033569336,80.62000274658203,79.76000213623047,79.86000061035156,66.4198226928711,7182000,0.0,0.0
2018-03-13 00:00:00-04:00,80.0,80.19000244140625,79.36000061035156,79.72000122070312,66.30338287353516,9620200,0.0,0.0
2018-03-14 00:00:00-04:00,79.69000244140625,79.83999633789062,78.86000061035156,79.0,65.70457458496094,8898100,0.0,0.0
2018-03-15 00:00:00-04:00,79.08999633789062,79.13999938964844,78.54000091552734,78.66999816894531,65.43009948730469,6996900,0.0,0.0
2018-03-16 00:00:00-04:00,78.93000030517578,79.38999938964844,78.83999633789062,78.97000122070312,65.67959594726562,17715400,0.0,0.0
2018-03-19 00:00:00-04:00,78.97000122070312,79.56999969482422,78.2699966430664,78.66000366210938,65.42179870605469,8368200,0.0,0.0
2018-03-20 00:00:00-04:00,78.73999786376953,79.0999984741211,77.95999908447266,78.30999755859375,65.13070678710938,8465500,0.0,0.0
2018-03-21 00:00:00-04:00,78.05000305175781,78.23999786376953,76.87999725341797,77.04000091552734,64.07442474365234,9822800,0.0,0.0
2018-03-22 00:00:00-04:00,76.83000183105469,77.5199966430664,76.37000274658203,76.41000366210938,63.550453186035156,10481600,0.0,0.0
2018-03-23 00:00:00-04:00,76.79000091552734,77.18000030517578,75.80999755859375,75.91000366210938,63.13459014892578,11728300,0.0,0.0
2018-03-26 00:00:00-04:00,76.56999969482422,76.87000274658203,76.0199966430664,76.41000366210938,63.550453186035156,12937000,0.0,0.0
2018-03-27 00:00:00-04:00,76.52999877929688,78.44000244140625,76.30000305175781,77.79000091552734,64.69821166992188,11288200,0.0,0.0
2018-03-28 00:00:00-04:00,77.94999694824219,79.13999938964844,77.94999694824219,78.83999633789062,65.57147979736328,12857800,0.0,0.0
2018-03-29 00:00:00-04:00,79.43000030517578,80.48999786376953,79.18000030517578,79.27999877929688,65.93743896484375,10036400,0.0,0.0
2018-04-02 00:00:00-04:00,79.26000213623047,79.37000274658203,77.05999755859375,77.4000015258789,64.37385559082031,12017200,0.0,0.0
2018-04-03 00:00:00-04:00,77.55999755859375,78.80000305175781,77.18000030517578,78.45999908447266,65.25543212890625,11933100,0.0,0.0
2018-04-04 00:00:00-04:00,77.81999969482422,79.5199966430664,77.58999633789062,79.05000305175781,65.74615478515625,9030800,0.0,0.0
2018-04-05 00:00:00-04:00,79.08999633789062,79.31999969482422,78.51000213623047,78.80000305175781,65.53823852539062,7864700,0.0,0.0
2018-04-06 00:00:00-04:00,78.37000274658203,79.36000061035156,77.9000015258789,78.43000030517578,65.2304916381836,8300800,0.0,0.0
2018-04-09 00:00:00-04:00,78.80000305175781,78.8499984741211,77.56999969482422,78.16000366210938,65.00594329833984,9031200,0.0,0.0
2018-04-10 00:00:00-04:00,78.70999908447266,78.83999633789062,77.94000244140625,78.37000274658203,65.18058776855469,6779000,0.0,0.0
2018-04-11 00:00:00-04:00,78.19000244140625,78.69000244140625,78.04000091552734,78.2699966430664,65.09741973876953,7143500,0.0,0.0
2018-04-12 00:00:00-04:00,78.63999938964844,78.69999694824219,77.79000091552734,77.79000091552734,64.69821166992188,8282300,0.0,0.0
2018-04-13 00:00:00-04:00,78.05999755859375,78.44000244140625,77.72000122070312,78.37000274658203,65.18058776855469,6198500,0.0,0.0
2018-04-16 00:00:00-04:00,78.55999755859375,78.86000061035156,78.04000091552734,78.61000061035156,65.38020324707031,5962200,0.0,0.0
2018-04-17 00:00:00-04:00,78.93000030517578,78.94000244140625,78.0999984741211,78.43000030517578,65.2304916381836,6492400,0.0,0.0
2018-04-18 00:00:00-04:00,78.58000183105469,78.68000030517578,78.0199966430664,78.19999694824219,65.03919219970703,7349400,0.0,0.0
2018-04-19 00:00:00-04:00,75.38999938964844,75.72000122070312,74.19999694824219,74.94999694824219,62.91298294067383,16955600,0.717,0.0
2018-04-20 00:00:00-04:00,74.04000091552734,74.91999816894531,73.73999786376953,73.80000305175781,61.94771194458008,14085000,0.0,0.0
2018-04-23 00:00:00-04:00,73.58999633789062,73.9800033569336,72.76000213623047,73.0,61.27616882324219,13653400,0.0,0.0
2018-04-24 00:00:00-04:00,73.05999755859375,73.33000183105469,72.1500015258789,72.5,60.85646438598633,16551700,0.0,0.0
2018-04-25 00:00:00-04:00,72.41000366210938,72.75,71.94999694824219,72.30000305175781,60.6885871887207,14208800,0.0,0.0
2018-04-26 00:00:00-04:00,72.56999969482422,73.01000213623047,72.37000274658203,72.75,61.06632614135742,11204300,0.0,0.0
2018-04-27 00:00:00-04:00,72.52999877929688,73.08000183105469,72.20999908447266,72.80999755859375,61.1166877746582,8144800,0.0,0.0
2018-04-30 00:00:00-04:00,72.91000366210938,72.91999816894531,72.16000366210938,72.33999633789062,60.72216033935547,13076500,0.0,0.0
2018-05-01 00:00:00-04:00,72.05000305175781,72.33000183105469,71.66000366210938,71.95999908447266,60.403194427490234,8103800,0.0,0.0
2018-05-02 00:00:00-04:00,71.94000244140625,72.01000213623047,70.7300033569336,70.94000244140625,59.54701232910156,10830900,0.0,0.0
2018-05-03 00:00:00-04:00,70.80999755859375,71.72000122070312,70.73999786376953,71.36000061035156,59.899539947509766,9386500,0.0,0.0
2018-05-04 00:00:00-04:00,71.37999725341797,72.62000274658203,71.33999633789062,72.43000030517578,60.79771423339844,8107400,0.0,0.0
2018-05-07 00:00:00-04:00,72.66999816894531,73.22000122070312,71.88999938964844,71.9800033569336,60.41999816894531,6633600,0.0,0.0
2018-05-08 00:00:00-04:00,72.05000305175781,72.12000274658203,71.11000061035156,71.44000244140625,59.96670150756836,8084100,0.0,0.0
2018-05-09 00:00:00-04:00,71.7699966430664,72.55000305175781,71.73999786376953,72.37000274658203,60.74734115600586,7528400,0.0,0.0
2018-05-10 00:00:00-04:00,72.94000244140625,73.33999633789062,72.69000244140625,73.1500015258789,61.402095794677734,7618500,0.0,0.0
2018-05-11 00:00:00-04:00,73.62999725341797,74.0999984741211,73.05000305175781,73.37000274658203,61.586761474609375,7586200,0.0,0.0
2018-05-14 00:00:00-04:00,73.77999877929688,73.77999877929688,73.08999633789062,73.27999877929688,61.5112190246582,8646900,0.0,0.0
2018-05-15 00:00:00-04:00,73.30999755859375,73.41000366210938,72.5999984741211,72.94999694824219,61.23421096801758,11502800,0.0,0.0
2018-05-16 00:00:00-04:00,72.9800033569336,73.93000030517578,72.95999908447266,73.52999877929688,61.72105026245117,8325000,0.0,0.0
2018-05-17 00:00:00-04:00,73.5199966430664,74.0,73.4000015258789,73.95999908447266,62.08198165893555,8053600,0.0,0.0
2018-05-18 00:00:00-04:00,73.9800033569336,74.06999969482422,73.11000061035156,73.44999694824219,61.65390396118164,7042700,0.0,0.0
2018-05-21 00:00:00-04:00,73.75,74.25,73.41999816894531,74.05999755859375,62.16594696044922,6428400,0.0,0.0
2018-05-22 00:00:00-04:00,74.45999908447266,74.94000244140625,73.83000183105469,74.02999877929688,62.140769958496094,7744200,0.0,0.0
2018-05-23 00:00:00-04:00,74.0199966430664,74.30000305175781,73.72000122070312,74.18000030517578,62.26666259765625,6592500,0.0,0.0
2018-05-24 00:00:00-04:00,74.08000183105469,74.3499984741211,73.58999633789062,73.7699966430664,61.92250061035156,6508900,0.0,0.0
2018-05-25 00:00:00-04:00,73.9000015258789,74.62000274658203,73.75,74.30999755859375,62.37580490112305,7546500,0.0,0.0
2018-05-29 00:00:00-04:00,74.05999755859375,74.69999694824219,73.7699966430664,74.05000305175781,62.157554626464844,8905600,0.0,0.0
2018-05-30 00:00:00-04:00,74.33000183105469,75.0199966430664,74.05000305175781,74.88999938964844,62.862640380859375,8128600,0.0,0.0
2018-05-31 00:00:00-04:00,74.66999816894531,74.69000244140625,72.80000305175781,73.16999816894531,61.41886520385742,15526000,0.0,0.0
2018-06-01 00:00:00-04:00,73.33000183105469,73.73999786376953,72.86000061035156,73.44999694824219,61.65390396118164,7209300,0.0,0.0
2018-06-04 00:00:00-04:00,73.54000091552734,74.62000274658203,73.44999694824219,74.18000030517578,62.26666259765625,8743800,0.0,0.0
2018-06-05 00:00:00-04:00,74.27999877929688,74.37999725341797,73.5999984741211,73.97000122070312,62.09038543701172,6910100,0.0,0.0
2018-06-06 00:00:00-04:00,74.06999969482422,74.41999816894531,73.72000122070312,74.3499984741211,62.409366607666016,7002900,0.0,0.0
2018-06-07 00:00:00-04:00,74.18000030517578,76.38999938964844,74.0999984741211,75.76000213623047,63.59292221069336,13476100,0.0,0.0
2018-06-08 00:00:00-04:00,75.8499984741211,77.20999908447266,75.73999786376953,77.18000030517578,64.78487396240234,13625300,0.0,0.0
2018-06-11 00:00:00-04:00,76.97000122070312,77.69000244140625,76.87999725341797,77.52999877929688,65.07865142822266,9049400,0.0,0.0
2018-06-12 00:00:00-04:00,77.81999969482422,77.88999938964844,77.11000061035156,77.23999786376953,64.8352279663086,8786000,0.0,0.0
2018-06-13 00:00:00-04:00,77.4000015258789,77.4000015258789,76.19999694824219,76.47000122070312,64.1888656616211,8022400,0.0,0.0
2018-06-14 00:00:00-04:00,76.55999755859375,76.55999755859375,75.69999694824219,75.98999786376953,63.785980224609375,8895200,0.0,0.0
2018-06-15 00:00:00-04:00,76.16000366210938,77.51000213623047,75.91999816894531,77.37999725341797,64.9527359008789,14943500,0.0,0.0
2018-06-18 00:00:00-04:00,76.86000061035156,77.0999984741211,75.38999938964844,75.83999633789062,63.660057067871094,7384900,0.0,0.0
2018-06-19 00:00:00-04:00,75.58999633789062,76.68000030517578,75.56999969482422,76.33000183105469,64.0713882446289,8514000,0.0,0.0
2018-06-20 00:00:00-04:00,76.3499984741211,76.3499984741211,75.54000091552734,75.8499984741211,63.66846466064453,6603500,0.0,0.0
2018-06-21 00:00:00-04:00,75.52999877929688,77.05000305175781,75.52999877929688,76.44000244140625,64.16372680664062,8691200,0.0,0.0
2018-06-22 00:00:00-04:00,76.79000091552734,77.62999725341797,76.7699966430664,77.43000030517578,64.99471282958984,11446400,0.0,0.0
2018-06-25 00:00:00-04:00,77.27999877929688,77.94000244140625,77.18000030517578,77.79000091552734,65.2968978881836,11300500,0.0,0.0
2018-06-26 00:00:00-04:00,77.79000091552734,78.30999755859375,77.36000061035156,78.0,65.4731674194336,9558500,0.0,0.0
2018-06-27 00:00:00-04:00,78.11000061035156,78.70999908447266,77.55999755859375,77.69000244140625,65.21295166015625,7873300,0.0,0.0
2018-06-28 00:00:00-04:00,77.86000061035156,78.31999969482422,77.66000366210938,78.05000305175781,65.51514434814453,5714400,0.0,0.0
2018-06-29 00:00:00-04:00,77.93000030517578,78.54000091552734,77.29000091552734,78.05999755859375,65.5235366821289,7679900,0.0,0.0
2018-07-02 00:00:00-04:00,77.5,78.30999755859375,77.41999816894531,78.12999725341797,65.5822982788086,6092800,0.0,0.0
2018-07-03 00:00:00-04:00,78.54000091552734,78.76000213623047,77.77999877929688,77.9000015258789,65.38922882080078,5897200,0.0,0.0
2018-07-05 00:00:00-04:00,78.13999938964844,79.25,78.12000274658203,79.20999908447266,66.48886108398438,7956100,0.0,0.0
2018-07-06 00:00:00-04:00,79.37999725341797,79.62000274658203,78.9000015258789,79.30999755859375,66.57278442382812,7244000,0.0,0.0
2018-07-09 00:00:00-04:00,78.45999908447266,78.83000183105469,77.77999877929688,77.86000061035156,65.35565948486328,9095900,0.0,0.0
2018-07-10 00:00:00-04:00,78.06999969482422,79.94000244140625,77.98999786376953,79.81999969482422,67.00086975097656,12773500,0.0,0.0
2018-07-11 00:00:00-04:00,79.62999725341797,79.83999633789062,79.02999877929688,79.16000366210938,66.44686889648438,7851600,0.0,0.0
2018-07-12 00:00:00-04:00,79.33999633789062,79.5199966430664,78.56999969482422,78.88999938964844,66.2202377319336,8556800,0.0,0.0
2018-07-13 00:00:00-04:00,79.08000183105469,79.47000122070312,78.9000015258789,79.30999755859375,66.57278442382812,6021300,0.0,0.0
2018-07-16 00:00:00-04:00,79.20999908447266,79.62999725341797,78.83000183105469,79.52999877929688,66.7574691772461,6931200,0.0,0.0
2018-07-17 00:00:00-04:00,79.66000366210938,80.5,79.55000305175781,80.02999877929688,67.17716979980469,8983400,0.0,0.0
2018-07-18 00:00:00-04:00,79.72000122070312,80.20999908447266,79.33000183105469,79.72000122070312,66.91695404052734,9105100,0.0,0.0
2018-07-19 00:00:00-04:00,78.41999816894531,79.19000244140625,77.88999938964844,78.7300033569336,66.68569946289062,8010600,0.717,0.0
2018-07-20 00:00:00-04:00,78.31999969482422,79.05999755859375,78.31999969482422,78.68000030517578,66.64336395263672,8234700,0.0,0.0
2018-07-23 00:00:00-04:00,78.48999786376953,78.94000244140625,78.23999786376953,78.51000213623047,66.49935913085938,5881600,0.0,0.0
2018-07-24 00:00:00-04:00,77.54000091552734,79.01000213623047,77.54000091552734,78.98999786376953,66.90591430664062,8297100,0.0,0.0
2018-07-25 00:00:00-04:00,78.72000122070312,79.5999984741211,78.72000122070312,79.47000122070312,67.3125228881836,6208400,0.0,0.0
2018-07-26 00:00:00-04:00,79.55999755859375,80.7699966430664,79.47000122070312,80.08999633789062,67.83763885498047,9771100,0.0,0.0
2018-07-27 00:00:00-04:00,79.66999816894531,80.83000183105469,79.45999908447266,80.58000183105469,68.25267028808594,7492900,0.0,0.0
2018-07-30 00:00:00-04:00,80.06999969482422,80.5,79.83999633789062,80.19999694824219,67.9308090209961,7090700,0.0,0.0
2018-07-31 00:00:00-04:00,80.38999938964844,80.9800033569336,79.43000030517578,80.87999725341797,68.50679779052734,9878200,0.0,0.0
2018-08-01 00:00:00-04:00,80.41999816894531,80.81999969482422,80.11000061035156,80.6500015258789,68.3119888305664,7556700,0.0,0.0
2018-08-02 00:00:00-04:00,80.80000305175781,82.22000122070312,80.58999633789062,82.0,69.4554672241211,9261700,0.0,0.0
2018-08-03 00:00:00-04:00,82.13999938964844,83.0999984741211,81.91999816894531,82.33000183105469,69.7349624633789,7102800,0.0,0.0
2018-08-06 00:00:00-04:00,82.19999694824219,82.93000030517578,82.1500015258789,82.5199966430664,69.89591217041016,5669200,0.0,0.0
2018-08-07 00:00:00-04:00,82.41000366210938,82.68000030517578,81.7300033569336,82.63999938964844,69.99755859375,6418000,0.0,0.0
2018-08-08 00:00:00-04:00,82.0999984741211,82.80000305175781,82.0999984741211,82.3499984741211,69.75191497802734,4891300,0.0,0.0
2018-08-09 00:00:00-04:00,82.44000244140625,82.44000244140625,81.30000305175781,81.4000015258789,68.9472427368164,5167400,0.0,0.0
2018-08-10 00:00:00-04:00,81.30000305175781,81.76000213623047,81.0,81.43000030517578,68.97265625,5566000,0.0,0.0
2018-08-13 00:00:00-04:00,81.69999694824219,82.08000183105469,81.1500015258789,81.5199966430664,69.04888916015625,5068100,0.0,0.0
2018-08-14 00:00:00-04:00,81.38999938964844,81.72000122070312,81.2300033569336,81.30999755859375,68.87101745605469,6226900,0.0,0.0
2018-08-15 00:00:00-04:00,81.30000305175781,82.37000274658203,80.80999755859375,82.30000305175781,69.70955657958984,8753500,0.0,0.0
2018-08-16 00:00:00-04:00,82.45999908447266,84.0,82.30999755859375,83.69000244140625,70.88691711425781,12368000,0.0,0.0
2018-08-17 00:00:00-04:00,83.7300033569336,84.19999694824219,83.5999984741211,83.69000244140625,70.88691711425781,8409300,0.0,0.0
2018-08-20 00:00:00-04:00,83.88999938964844,83.94999694824219,83.30999755859375,83.63999938964844,70.84456634521484,6795800,0.0,0.0
2018-08-21 00:00:00-04:00,83.56999969482422,84.0,83.08999633789062,83.9000015258789,71.06478881835938,8534500,0.0,0.0
2018-08-22 00:00:00-04:00,83.80999755859375,83.8499984741211,83.05999755859375,83.38999938964844,70.63282012939453,5132600,0.0,0.0
2018-08-23 00:00:00-04:00,83.01000213623047,83.5999984741211,82.83999633789062,83.23999786376953,70.5057373046875,4323200,0.0,0.0
2018-08-24 00:00:00-04:00,83.22000122070312,83.55000305175781,83.02999877929688,83.36000061035156,70.6073989868164,5356000,0.0,0.0
2018-08-27 00:00:00-04:00,83.5,83.81999969482422,83.0199966430664,83.44000244140625,70.6751480102539,3941500,0.0,0.0
2018-08-28 00:00:00-04:00,83.72000122070312,83.86000061035156,83.31999969482422,83.4800033569336,70.70906066894531,5405200,0.0,0.0
2018-08-29 00:00:00-04:00,83.51000213623047,83.76000213623047,83.29000091552734,83.48999786376953,70.717529296875,4520400,0.0,0.0
2018-08-30 00:00:00-04:00,83.38999938964844,83.73999786376953,83.19000244140625,83.41000366210938,70.64974975585938,4549700,0.0,0.0
2018-08-31 00:00:00-04:00,83.3499984741211,83.52999877929688,82.38999938964844,82.94999694824219,70.26011657714844,6674900,0.0,0.0
2018-09-04 00:00:00-04:00,82.4800033569336,82.95999908447266,82.06999969482422,82.69999694824219,70.0483627319336,5800700,0.0,0.0
2018-09-05 00:00:00-04:00,82.11000061035156,83.47000122070312,82.11000061035156,83.29000091552734,70.54812622070312,7651900,0.0,0.0
2018-09-06 00:00:00-04:00,82.91000366210938,83.30999755859375,82.48999786376953,82.6500015258789,70.00601959228516,7541100,0.0,0.0
2018-09-07 00:00:00-04:00,82.0999984741211,82.19999694824219,81.25,81.91000366210938,69.37919616699219,11110900,0.0,0.0
2018-09-10 00:00:00-04:00,82.58000183105469,83.0999984741211,82.33999633789062,82.37999725341797,69.7773208618164,6783000,0.0,0.0
2018-09-11 00:00:00-04:00,82.12999725341797,82.41999816894531,81.62999725341797,82.01000213623047,69.46394348144531,5210300,0.0,0.0
2018-09-12 00:00:00-04:00,81.9000015258789,83.18000030517578,81.69999694824219,83.11000061035156,70.39563751220703,5925200,0.0,0.0
2018-09-13 00:00:00-04:00,83.2699966430664,83.48999786376953,82.6500015258789,83.44999694824219,70.68363189697266,5328400,0.0,0.0
2018-09-14 00:00:00-04:00,83.47000122070312,83.66999816894531,82.97000122070312,83.61000061035156,70.81914520263672,5004100,0.0,0.0
2018-09-17 00:00:00-04:00,83.5,84.2699966430664,83.33999633789062,84.25,71.36125183105469,7098800,0.0,0.0
2018-09-18 00:00:00-04:00,84.29000091552734,84.29000091552734,83.58000183105469,84.0,71.14948272705078,6022800,0.0,0.0
2018-09-19 00:00:00-04:00,83.91999816894531,84.29000091552734,83.7699966430664,84.0,71.14948272705078,6157600,0.0,0.0
2018-09-20 00:00:00-04:00,84.29000091552734,85.63999938964844,84.2300033569336,85.36000061035156,72.30142211914062,10053000,0.0,0.0
2018-09-21 00:00:00-04:00,85.80999755859375,86.27999877929688,85.5199966430664,85.81999969482422,72.69108581542969,17402500,0.0,0.0
2018-09-24 00:00:00-04:00,85.62999725341797,85.70999908447266,84.2300033569336,84.2699966430664,71.37818908691406,6389400,0.0,0.0
2018-09-25 00:00:00-04:00,84.27999877929688,84.41000366210938,83.08000183105469,83.12000274658203,70.40411376953125,5657200,0.0,0.0
2018-09-26 00:00:00-04:00,83.25,83.98999786376953,83.02999877929688,83.26000213623047,70.52269744873047,6581000,0.0,0.0
2018-09-27 00:00:00-04:00,83.04000091552734,83.62999725341797,82.80999755859375,82.86000061035156,70.18388366699219,6277600,0.0,0.0
2018-09-28 00:00:00-04:00,83.02999877929688,83.29000091552734,82.79000091552734,83.2300033569336,70.4972915649414,5125800,0.0,0.0
2018-10-01 00:00:00-04:00,83.30999755859375,83.72000122070312,83.16999816894531,83.66999816894531,70.86997985839844,4899900,0.0,0.0
2018-10-02 00:00:00-04:00,83.4800033569336,84.44000244140625,83.37000274658203,84.36000061035156,71.45441436767578,7390900,0.0,0.0
2018-10-03 00:00:00-04:00,84.44000244140625,84.5199966430664,82.8499984741211,83.02999877929688,70.327880859375,7958700,0.0,0.0
2018-10-04 00:00:00-04:00,82.5,82.5,81.0999984741211,81.91999816894531,69.38768768310547,7029900,0.0,0.0
2018-10-05 00:00:00-04:00,81.9800033569336,82.44999694824219,81.9800033569336,82.1500015258789,69.58251953125,5454600,0.0,0.0
2018-10-08 00:00:00-04:00,81.9800033569336,82.73999786376953,81.75,82.4000015258789,69.79425811767578,7192300,0.0,0.0
2018-10-09 00:00:00-04:00,82.38999938964844,82.72000122070312,82.05999755859375,82.19999694824219,69.6248550415039,6268100,0.0,0.0
2018-10-10 00:00:00-04:00,81.80999755859375,82.68000030517578,81.44000244140625,81.44000244140625,68.98114013671875,9295800,0.0,0.0
2018-10-11 00:00:00-04:00,81.63999938964844,81.97000122070312,78.66999816894531,78.87000274658203,66.80428314208984,12560300,0.0,0.0
2018-10-12 00:00:00-04:00,79.37000274658203,79.37999725341797,78.48999786376953,79.05999755859375,66.96521759033203,9878700,0.0,0.0
2018-10-15 00:00:00-04:00,79.01000213623047,80.54000091552734,78.91999816894531,80.12999725341797,67.87152099609375,9691500,0.0,0.0
2018-10-16 00:00:00-04:00,79.91000366210938,81.08999633789062,79.9000015258789,81.01000213623047,68.61689758300781,9462600,0.0,0.0
2018-10-17 00:00:00-04:00,80.76000213623047,82.18000030517578,80.37999725341797,81.86000061035156,69.33688354492188,10375300,0.0,0.0
2018-10-18 00:00:00-04:00,80.70999908447266,81.33999633789062,80.0,80.23999786376953,68.56525421142578,9869500,0.717,0.0
2018-10-19 00:00:00-04:00,84.86000061035156,87.76000213623047,84.86000061035156,87.30000305175781,74.5980453491211,30276400,0.0,0.0
2018-10-22 00:00:00-04:00,86.7300033569336,87.23999786376953,85.2300033569336,86.5999984741211,73.99989318847656,14124100,0.0,0.0
2018-10-23 00:00:00-04:00,86.01000213623047,87.30000305175781,86.01000213623047,87.16000366210938,74.4784164428711,16269500,0.0,0.0
2018-10-24 00:00:00-04:00,87.27999877929688,90.69999694824219,87.22000122070312,89.45999908447266,76.44375610351562,26703500,0.0,0.0
2018-10-25 00:00:00-04:00,88.11000061035156,89.33000183105469,87.30999755859375,89.0,76.05069732666016,14647000,0.0,0.0
2018-10-26 00:00:00-04:00,88.69000244140625,89.16999816894531,87.38999938964844,87.86000061035156,75.07657623291016,14335900,0.0,0.0
2018-10-29 00:00:00-04:00,88.29000091552734,89.41999816894531,87.44000244140625,88.23999786376953,75.40127563476562,12878900,0.0,0.0
2018-10-30 00:00:00-04:00,88.8499984741211,89.43000030517578,88.20999908447266,89.19000244140625,76.21305084228516,13844000,0.0,0.0
2018-10-31 00:00:00-04:00,88.7699966430664,89.31999969482422,87.2699966430664,88.68000030517578,75.7772445678711,13362400,0.0,0.0
2018-11-01 00:00:00-04:00,88.80999755859375,89.83000183105469,88.18000030517578,89.58999633789062,76.55484008789062,9732400,0.0,0.0
2018-11-02 00:00:00-04:00,89.87999725341797,89.94999694824219,88.9800033569336,89.80999755859375,76.74282836914062,11336000,0.0,0.0
2018-11-05 00:00:00-05:00,89.88999938964844,91.44000244140625,89.81999969482422,91.19999694824219,77.93060302734375,12270100,0.0,0.0
2018-11-06 00:00:00-05:00,90.86000061035156,91.52999877929688,90.43000030517578,91.51000213623047,78.19547271728516,8857800,0.0,0.0
2018-11-07 00:00:00-05:00,91.58999633789062,91.62000274658203,90.62000274658203,91.29000091552734,78.00748443603516,9019800,0.0,0.0
2018-11-08 00:00:00-05:00,90.94999694824219,91.52999877929688,90.66999816894531,91.36000061035156,78.06730651855469,6614400,0.0,0.0
2018-11-09 00:00:00-05:00,91.3499984741211,92.66999816894531,91.16999816894531,92.41000366210938,78.96456146240234,10713500,0.0,0.0
2018-11-12 00:00:00-05:00,92.20999908447266,93.44999694824219,91.75,92.69999694824219,79.21234130859375,12522100,0.0,0.0
2018-11-13 00:00:00-05:00,91.97000122070312,93.56999969482422,91.58999633789062,93.47000122070312,79.87031555175781,13438700,0.0,0.0
2018-11-14 00:00:00-05:00,93.41999816894531,93.9000015258789,92.98999786376953,93.48999786376953,79.88742065429688,11623000,0.0,0.0
2018-11-15 00:00:00-05:00,93.33000183105469,93.9000015258789,92.72000122070312,93.83000183105469,80.1779556274414,12506000,0.0,0.0
2018-11-16 00:00:00-05:00,93.81999969482422,94.80999755859375,93.66999816894531,93.81999969482422,80.16938018798828,13013500,0.0,0.0
2018-11-19 00:00:00-05:00,93.72000122070312,94.19000244140625,92.91000366210938,93.29000091552734,79.71651458740234,9458300,0.0,0.0
2018-11-20 00:00:00-05:00,93.23999786376953,93.79000091552734,91.86000061035156,92.0999984741211,78.69965362548828,12074000,0.0,0.0
2018-11-21 00:00:00-05:00,91.66000366210938,92.37000274658203,91.23999786376953,91.41000366210938,78.11004638671875,8911800,0.0,0.0
2018-11-23 00:00:00-05:00,91.25,91.98999786376953,90.62999725341797,91.54000091552734,78.22112274169922,4399600,0.0,0.0
2018-11-26 00:00:00-05:00,91.1500015258789,92.4000015258789,91.1500015258789,91.94000244140625,78.56293487548828,8171400,0.0,0.0
2018-11-27 00:00:00-05:00,91.93000030517578,92.86000061035156,91.8499984741211,92.72000122070312,79.22944641113281,9023400,0.0,0.0
2018-11-28 00:00:00-05:00,92.62999725341797,93.22000122070312,92.20999908447266,93.01000213623047,79.47723388671875,8093700,0.0,0.0
2018-11-29 00:00:00-05:00,92.86000061035156,93.30000305175781,92.66000366210938,92.81999969482422,79.31490325927734,6126900,0.0,0.0
2018-11-30 00:00:00-05:00,93.18000030517578,94.6500015258789,92.75,94.51000213623047,80.75899505615234,16291800,0.0,0.0
2018-12-03 00:00:00-05:00,94.66999816894531,94.66999816894531,92.26000213623047,93.31999969482422,79.74213409423828,13934700,0.0,0.0
2018-12-04 00:00:00-05:00,93.48999786376953,94.86000061035156,93.16999816894531,93.30999755859375,79.73360443115234,11123600,0.0,0.0
2018-12-06 00:00:00-05:00,92.69999694824219,93.62999725341797,91.08000183105469,93.55000305175781,79.93867492675781,14199200,0.0,0.0
2018-12-07 00:00:00-05:00,93.58999633789062,93.77999877929688,92.13999938964844,92.44999694824219,78.99872589111328,7996800,0.0,0.0
2018-12-10 00:00:00-05:00,93.25,93.4000015258789,91.37000274658203,93.02999877929688,79.49434661865234,9307600,0.0,0.0
2018-12-11 00:00:00-05:00,93.72000122070312,94.5199966430664,93.4000015258789,93.91000366210938,80.24629211425781,8743800,0.0,0.0
2018-12-12 00:00:00-05:00,94.20999908447266,94.55000305175781,93.0999984741211,94.02999877929688,80.34883117675781,9644000,0.0,0.0
2018-12-13 00:00:00-05:00,94.87000274658203,96.79000091552734,94.80000305175781,96.48999786376953,82.45091247558594,18541300,0.0,0.0
2018-12-14 00:00:00-05:00,96.44999694824219,96.9000015258789,96.0199966430664,96.63999938964844,82.57908630371094,12657300,0.0,0.0
2018-12-17 00:00:00-05:00,96.0,96.5,92.4000015258789,92.7699966430664,79.27217102050781,12427600,0.0,0.0
2018-12-18 00:00:00-05:00,93.12999725341797,93.30999755859375,91.86000061035156,92.48999786376953,79.03289794921875,12250600,0.0,0.0
2018-12-19 00:00:00-05:00,92.55000305175781,93.3499984741211,91.29000091552734,91.76000213623047,78.40912628173828,10825600,0.0,0.0
2018-12-20 00:00:00-05:00,91.51000213623047,92.2300033569336,90.12999725341797,90.9800033569336,77.74260711669922,14439200,0.0,0.0
2018-12-21 00:00:00-05:00,90.61000061035156,93.16999816894531,90.36000061035156,90.97000122070312,77.73406982421875,24030000,0.0,0.0
2018-12-24 00:00:00-05:00,90.44999694824219,90.66000366210938,86.87999725341797,87.36000061035156,74.64929962158203,7396300,0.0,0.0
2018-12-26 00:00:00-05:00,87.41999816894531,90.08999633789062,86.73999786376953,90.08999633789062,76.98210906982422,8630900,0.0,0.0
2018-12-27 00:00:00-05:00,89.61000061035156,92.05000305175781,88.19999694824219,92.0199966430664,78.63130187988281,11360100,0.0,0.0
2018-12-28 00:00:00-05:00,92.55999755859375,93.27999877929688,90.83999633789062,91.18000030517578,77.91349792480469,9611800,0.0,0.0
2018-12-31 00:00:00-05:00,91.62999725341797,92.18000030517578,91.1500015258789,91.91999816894531,78.54583740234375,7239500,0.0,0.0
