Date,Open,High,Low,Close,Adj Close,Volume,Dividends,Stock Splits
2014-01-02 00:00:00-05:00,100.5999984741211,100.76000213623047,99.38999938964844,99.75,62.183250427246094,11028100,0.0,0.0
2014-01-03 00:00:00-05:00,99.7699966430664,100.16999816894531,99.13999938964844,99.51000213623047,62.03361511230469,9295600,0.0,0.0
2014-01-06 00:00:00-05:00,99.94000244140625,100.13999938964844,98.88999938964844,99.66000366210938,62.12712860107422,11848500,0.0,0.0
2014-01-07 00:00:00-05:00,99.61000061035156,101.22000122070312,99.41999816894531,101.06999969482422,63.00611114501953,11187000,0.0,0.0
2014-01-08 00:00:00-05:00,101.19000244140625,101.19000244140625,100.1500015258789,100.73999786376953,62.800392150878906,11180400,0.0,0.0
2014-01-09 00:00:00-05:00,100.19999694824219,100.38999938964844,99.02999877929688,99.76000213623047,62.18946838378906,11674300,0.0,0.0
2014-01-10 00:00:00-05:00,99.98999786376953,100.62999725341797,99.12000274658203,100.5199966430664,62.663230895996094,10535400,0.0,0.0
2014-01-13 00:00:00-05:00,99.91000366210938,100.0999984741211,98.2699966430664,98.55000305175781,61.43515396118164,12110900,0.0,0.0
2014-01-14 00:00:00-05:00,98.80000305175781,99.2699966430664,98.6500015258789,99.12000274658203,61.79050827026367,9265000,0.0,0.0
2014-01-15 00:00:00-05:00,99.16000366210938,99.3499984741211,98.62999725341797,98.77999877929688,61.578521728515625,9425500,0.0,0.0
2014-01-16 00:00:00-05:00,98.79000091552734,99.04000091552734,98.25,98.94000244140625,61.67829513549805,9421700,0.0,0.0
2014-01-17 00:00:00-05:00,99.18000030517578,100.33999633789062,98.66999816894531,99.16000366210938,61.81544494628906,15998000,0.0,0.0
2014-01-21 00:00:00-05:00,98.56999969482422,98.88999938964844,98.04000091552734,98.5,61.40400314331055,13847300,0.0,0.0
2014-01-22 00:00:00-05:00,98.87999725341797,98.94999694824219,97.83999633789062,97.87999725341797,61.017494201660156,11642800,0.0,0.0
2014-01-23 00:00:00-05:00,97.25,97.38999938964844,96.01000213623047,96.97000122070312,60.4502067565918,15393200,0.0,0.0
2014-01-24 00:00:00-05:00,96.18000030517578,96.25,94.81999969482422,94.8499984741211,59.12861251831055,14584300,0.0,0.0
2014-01-27 00:00:00-05:00,95.08000183105469,95.58000183105469,94.75,94.91999816894531,59.17226791381836,12474600,0.0,0.0
2014-01-28 00:00:00-05:00,95.3499984741211,95.91999816894531,94.7699966430664,95.6500015258789,59.62731170654297,10773600,0.0,0.0
2014-01-29 00:00:00-05:00,94.93000030517578,96.19999694824219,94.6500015258789,95.11000061035156,59.29069519042969,13191500,0.0,0.0
2014-01-30 00:00:00-05:00,94.0,94.94999694824219,93.05999755859375,93.98999786376953,58.59251403808594,14628400,0.0,0.0
2014-01-31 00:00:00-05:00,92.8499984741211,93.27999877929688,91.69999694824219,92.16000366210938,57.45170593261719,17361400,0.0,0.0
2014-02-03 00:00:00-05:00,91.91999816894531,92.30999755859375,89.63999938964844,90.05000305175781,56.13634490966797,20377900,0.0,0.0
2014-02-04 00:00:00-05:00,90.37000274658203,90.63999938964844,89.38999938964844,90.0199966430664,56.11763000488281,17414400,0.0,0.0
2014-02-05 00:00:00-05:00,90.30999755859375,90.61000061035156,89.37999725341797,89.58000183105469,55.84335708618164,16393600,0.0,0.0
2014-02-06 00:00:00-05:00,89.51000213623047,90.18000030517578,89.25,89.80000305175781,56.37697219848633,13646100,0.63,0.0
2014-02-07 00:00:00-05:00,90.12000274658203,90.62999725341797,89.75,90.58000183105469,56.86667251586914,12573800,0.0,0.0
2014-02-10 00:00:00-05:00,90.44999694824219,90.52999877929688,89.36000061035156,89.5199966430664,56.20119857788086,12237700,0.0,0.0
2014-02-11 00:00:00-05:00,89.55999755859375,91.0,89.4000015258789,90.83999633789062,57.029903411865234,13422800,0.0,0.0
2014-02-12 00:00:00-05:00,91.01000213623047,91.86000061035156,90.63999938964844,91.08000183105469,57.18058776855469,10752400,0.0,0.0
2014-02-13 00:00:00-05:00,90.58999633789062,91.6500015258789,90.4000015258789,91.43000030517578,57.400306701660156,9775300,0.0,0.0
2014-02-14 00:00:00-05:00,91.80999755859375,94.43000030517578,91.5999984741211,94.11000061035156,59.08283233642578,18260400,0.0,0.0
2014-02-18 00:00:00-05:00,94.06999969482422,94.72000122070312,93.36000061035156,94.06999969482422,59.05770492553711,12979300,0.0,0.0
2014-02-19 00:00:00-05:00,93.80000305175781,95.29000091552734,93.80000305175781,93.94999694824219,58.98236846923828,12227800,0.0,0.0
2014-02-20 00:00:00-05:00,93.8499984741211,95.7699966430664,93.75,95.37000274658203,59.873863220214844,14424300,0.0,0.0
2014-02-21 00:00:00-05:00,95.4800033569336,95.58000183105469,94.94000244140625,95.02999877929688,59.660396575927734,11282200,0.0,0.0
2014-02-24 00:00:00-05:00,95.61000061035156,97.25,95.41000366210938,96.44000244140625,60.54561996459961,16012500,0.0,0.0
2014-02-25 00:00:00-05:00,96.54000091552734,96.97000122070312,95.95999908447266,96.30999755859375,60.46399688720703,10663000,0.0,0.0
2014-02-26 00:00:00-05:00,96.55999755859375,96.86000061035156,95.52999877929688,95.79000091552734,60.13755416870117,9087600,0.0,0.0
2014-02-27 00:00:00-05:00,95.58000183105469,96.05000305175781,95.16000366210938,95.83999633789062,60.16893005371094,9101200,0.0,0.0
2014-02-28 00:00:00-05:00,95.95999908447266,96.83000183105469,95.77999877929688,96.2699966430664,60.43888473510742,12651400,0.0,0.0
2014-03-03 00:00:00-05:00,95.76000213623047,96.54000091552734,94.83000183105469,95.5,59.95545959472656,11896700,0.0,0.0
2014-03-04 00:00:00-05:00,96.58999633789062,96.86000061035156,95.87000274658203,96.5199966430664,60.59584426879883,12566100,0.0,0.0
2014-03-05 00:00:00-05:00,95.19999694824219,95.29000091552734,93.4000015258789,93.80000305175781,58.88822555541992,19829600,0.0,0.0
2014-03-06 00:00:00-05:00,93.66999816894531,93.94000244140625,93.2699966430664,93.76000213623047,58.86307907104492,12610400,0.0,0.0
2014-03-07 00:00:00-05:00,94.37000274658203,95.05999755859375,93.98999786376953,94.98999786376953,59.63529586791992,12659100,0.0,0.0
2014-03-10 00:00:00-04:00,95.1500015258789,95.55000305175781,94.66000366210938,95.5,59.95545959472656,9964500,0.0,0.0
2014-03-11 00:00:00-04:00,95.36000061035156,95.58999633789062,93.5199966430664,94.01000213623047,59.020042419433594,12143600,0.0,0.0
2014-03-12 00:00:00-04:00,93.63999938964844,94.47000122070312,93.55000305175781,94.20999908447266,59.14561462402344,9705400,0.0,0.0
2014-03-13 00:00:00-04:00,94.44000244140625,94.56999969482422,93.33000183105469,93.63999938964844,58.787757873535156,9872500,0.0,0.0
2014-03-14 00:00:00-04:00,93.58000183105469,94.22000122070312,93.29000091552734,93.47000122070312,58.68103790283203,11723300,0.0,0.0
2014-03-17 00:00:00-04:00,93.94999694824219,94.52999877929688,93.75,94.31999969482422,59.21467590332031,8676100,0.0,0.0
2014-03-18 00:00:00-04:00,94.41000366210938,95.25,94.06999969482422,94.70999908447266,59.459510803222656,8757300,0.0,0.0
2014-03-19 00:00:00-04:00,94.6500015258789,95.30000305175781,93.12999725341797,93.7300033569336,58.84426498413086,9914700,0.0,0.0
2014-03-20 00:00:00-04:00,93.44000244140625,94.73999786376953,93.01000213623047,94.58000183105469,59.37788009643555,10405000,0.0,0.0
2014-03-21 00:00:00-04:00,95.0999984741211,95.98999786376953,94.30999755859375,94.30999755859375,59.2083854675293,24479800,0.0,0.0
2014-03-24 00:00:00-04:00,94.76000213623047,95.0999984741211,94.4800033569336,94.63999938964844,59.41557312011719,9539800,0.0,0.0
2014-03-25 00:00:00-04:00,95.0999984741211,95.81999969482422,94.80000305175781,94.91000366210938,59.585079193115234,9796600,0.0,0.0
2014-03-26 00:00:00-04:00,95.55999755859375,95.58000183105469,94.41000366210938,94.69999694824219,59.4532470703125,11033300,0.0,0.0
2014-03-27 00:00:00-04:00,94.61000061035156,96.5,94.05999755859375,96.23999786376953,60.420040130615234,15427500,0.0,0.0
2014-03-28 00:00:00-04:00,96.47000122070312,97.97000122070312,96.47000122070312,97.69999694824219,61.336647033691406,12321800,0.0,0.0
2014-03-31 00:00:00-04:00,98.48999786376953,98.8499984741211,97.31999969482422,97.68000030517578,61.3240966796875,12375200,0.0,0.0
2014-04-01 00:00:00-04:00,97.6500015258789,97.93000030517578,97.27999877929688,97.7300033569336,61.3554801940918,9475300,0.0,0.0
2014-04-02 00:00:00-04:00,97.52999877929688,98.05999755859375,97.18000030517578,97.94999694824219,61.49359893798828,9551000,0.0,0.0
2014-04-03 00:00:00-04:00,97.83000183105469,98.54000091552734,97.55999755859375,97.93000030517578,61.481048583984375,10113000,0.0,0.0
2014-04-04 00:00:00-04:00,98.30000305175781,98.70999908447266,97.27999877929688,97.36000061035156,61.12321090698242,12496100,0.0,0.0
2014-04-07 00:00:00-04:00,97.25,97.52999877929688,96.75,96.77999877929688,60.759063720703125,10120700,0.0,0.0
2014-04-08 00:00:00-04:00,97.01000213623047,97.87999725341797,96.75,97.44999694824219,61.17970657348633,10243000,0.0,0.0
2014-04-09 00:00:00-04:00,97.75,97.79000091552734,96.62999725341797,97.33000183105469,61.10436248779297,10463900,0.0,0.0
2014-04-10 00:00:00-04:00,96.9800033569336,97.77999877929688,96.23999786376953,96.77999877929688,60.759063720703125,13443400,0.0,0.0
2014-04-11 00:00:00-04:00,96.51000213623047,97.44000244140625,96.27999877929688,96.72000122070312,60.72140884399414,13352500,0.0,0.0
2014-04-14 00:00:00-04:00,97.48999786376953,98.05999755859375,96.73999786376953,97.86000061035156,61.43710708618164,9610200,0.0,0.0
2014-04-15 00:00:00-04:00,97.58000183105469,98.69999694824219,97.06999969482422,98.68000030517578,61.9518928527832,12961600,0.0,0.0
2014-04-16 00:00:00-04:00,99.05000305175781,100.0999984741211,98.97000122070312,99.94000244140625,62.74292755126953,12508100,0.0,0.0
2014-04-17 00:00:00-04:00,99.69000244140625,100.97000122070312,99.69000244140625,100.41999816894531,63.04426574707031,15435700,0.0,0.0
2014-04-21 00:00:00-04:00,100.02999877929688,100.93000030517578,99.88999938964844,100.93000030517578,63.36445999145508,8002100,0.0,0.0
2014-04-22 00:00:00-04:00,100.52999877929688,100.86000061035156,100.22000122070312,100.37000274658203,63.012901306152344,8212100,0.0,0.0
2014-04-23 00:00:00-04:00,100.58999633789062,100.94999694824219,100.33000183105469,100.5,63.094520568847656,8686000,0.0,0.0
2014-04-24 00:00:00-04:00,100.4800033569336,100.5999984741211,99.86000061035156,100.01000213623047,62.7868766784668,9057800,0.0,0.0
2014-04-25 00:00:00-04:00,99.98999786376953,100.56999969482422,99.93000030517578,100.41000366210938,63.03803253173828,10391500,0.0,0.0
2014-04-28 00:00:00-04:00,100.72000122070312,101.45999908447266,100.30999755859375,101.16999816894531,63.51512908935547,12710800,0.0,0.0
2014-04-29 00:00:00-04:00,101.56999969482422,102.56999969482422,101.2300033569336,101.44999694824219,63.690914154052734,10094600,0.0,0.0
2014-04-30 00:00:00-04:00,101.12999725341797,102.41000366210938,100.70999908447266,102.41000366210938,64.29361724853516,13966700,0.0,0.0
2014-05-01 00:00:00-04:00,101.95999908447266,102.38999938964844,101.19999694824219,101.41000366210938,63.66579055786133,11161700,0.0,0.0
2014-05-02 00:00:00-04:00,101.27999877929688,102.91000366210938,100.9800033569336,102.01000213623047,64.04249572753906,11168100,0.0,0.0
2014-05-05 00:00:00-04:00,101.69000244140625,103.12999725341797,101.58000183105469,102.91000366210938,64.60755157470703,7614200,0.0,0.0
2014-05-06 00:00:00-04:00,102.5999984741211,103.30000305175781,102.41000366210938,102.66999816894531,64.45684814453125,9669800,0.0,0.0
2014-05-07 00:00:00-04:00,103.12000274658203,103.44999694824219,102.79000091552734,103.11000061035156,64.73307037353516,11007400,0.0,0.0
2014-05-08 00:00:00-04:00,103.08999633789062,103.29000091552734,102.16999816894531,102.31999969482422,64.23712921142578,8922500,0.0,0.0
2014-05-09 00:00:00-04:00,101.70999908447266,102.18000030517578,101.26000213623047,101.94999694824219,64.43936157226562,8948800,0.69,0.0
2014-05-12 00:00:00-04:00,102.33000183105469,102.3499984741211,101.52999877929688,102.2300033569336,64.6163558959961,8830500,0.0,0.0
2014-05-13 00:00:00-04:00,102.18000030517578,102.70999908447266,101.94000244140625,102.36000061035156,64.69852447509766,7528800,0.0,0.0
2014-05-14 00:00:00-04:00,102.36000061035156,102.68000030517578,102.11000061035156,102.29000091552734,64.65425872802734,6999200,0.0,0.0
2014-05-15 00:00:00-04:00,102.0,102.41999816894531,100.33000183105469,100.77999877929688,63.699886322021484,13658700,0.0,0.0
2014-05-16 00:00:00-04:00,100.58999633789062,101.0,100.31999969482422,100.73999786376953,63.67457580566406,10369200,0.0,0.0
2014-05-19 00:00:00-04:00,100.41999816894531,101.11000061035156,100.41999816894531,100.87000274658203,63.75672912597656,5851400,0.0,0.0
2014-05-20 00:00:00-04:00,100.69000244140625,101.08000183105469,100.44999694824219,100.66999816894531,63.63033676147461,6134100,0.0,0.0
2014-05-21 00:00:00-04:00,100.8499984741211,102.22000122070312,100.72000122070312,102.02999877929688,64.48994445800781,7747900,0.0,0.0
2014-05-22 00:00:00-04:00,101.80999755859375,101.97000122070312,101.47000122070312,101.5,64.15495300292969,5304300,0.0,0.0
2014-05-23 00:00:00-04:00,101.55000305175781,101.93000030517578,101.2699966430664,101.31999969482422,64.04118347167969,5410900,0.0,0.0
2014-05-27 00:00:00-04:00,101.61000061035156,101.9000015258789,100.93000030517578,101.36000061035156,64.06645202636719,8359700,0.0,0.0
2014-05-28 00:00:00-04:00,101.2300033569336,102.06999969482422,101.05000305175781,101.05999755859375,63.8768310546875,7586700,0.0,0.0
2014-05-29 00:00:00-04:00,101.54000091552734,101.6500015258789,101.0199966430664,101.2699966430664,64.00955200195312,6113700,0.0,0.0
2014-05-30 00:00:00-04:00,100.80000305175781,101.1500015258789,100.37000274658203,100.52999877929688,63.54185104370117,11499000,0.0,0.0
2014-06-02 00:00:00-04:00,100.52999877929688,100.87999725341797,99.66999816894531,99.94000244140625,63.16891860961914,7761300,0.0,0.0
2014-06-03 00:00:00-04:00,99.58999633789062,100.69000244140625,99.58999633789062,100.38999938964844,63.4533576965332,9384200,0.0,0.0
2014-06-04 00:00:00-04:00,100.20999908447266,100.45999908447266,99.95999908447266,100.04000091552734,63.232147216796875,7148800,0.0,0.0
2014-06-05 00:00:00-04:00,100.0999984741211,100.83000183105469,99.95999908447266,100.55000305175781,63.55449295043945,12296100,0.0,0.0
2014-06-06 00:00:00-04:00,100.61000061035156,101.62999725341797,100.5999984741211,101.5999984741211,64.2181396484375,9340900,0.0,0.0
2014-06-09 00:00:00-04:00,101.44999694824219,101.95999908447266,101.19000244140625,101.5199966430664,64.16758728027344,6404800,0.0,0.0
2014-06-10 00:00:00-04:00,101.4800033569336,101.7300033569336,101.0,101.45999908447266,64.12967681884766,7917500,0.0,0.0
2014-06-11 00:00:00-04:00,101.19000244140625,102.33000183105469,101.0,101.94999694824219,64.43936157226562,10270300,0.0,0.0
2014-06-12 00:00:00-04:00,102.45999908447266,102.94999694824219,101.56999969482422,101.66000366210938,64.25607299804688,11421000,0.0,0.0
2014-06-13 00:00:00-04:00,101.93000030517578,102.66000366210938,101.62999725341797,102.6500015258789,64.8818130493164,8240300,0.0,0.0
2014-06-16 00:00:00-04:00,102.56999969482422,103.25,102.16999816894531,102.91999816894531,65.052490234375,8977600,0.0,0.0
2014-06-17 00:00:00-04:00,102.58000183105469,102.58999633789062,101.44999694824219,102.41999816894531,64.7364501953125,9355400,0.0,0.0
2014-06-18 00:00:00-04:00,102.56999969482422,102.94999694824219,102.05999755859375,102.7300033569336,64.93241119384766,9575100,0.0,0.0
2014-06-19 00:00:00-04:00,102.61000061035156,102.83999633789062,101.68000030517578,102.62999725341797,64.86920166015625,11105600,0.0,0.0
2014-06-20 00:00:00-04:00,103.27999877929688,104.05999755859375,102.94000244140625,103.83000183105469,65.62767791748047,17674400,0.0,0.0
2014-06-23 00:00:00-04:00,104.11000061035156,104.61000061035156,103.87999725341797,104.37999725341797,65.97530364990234,8553700,0.0,0.0
2014-06-24 00:00:00-04:00,104.18000030517578,104.47000122070312,102.47000122070312,102.7300033569336,64.93241119384766,9708400,0.0,0.0
2014-06-25 00:00:00-04:00,102.33999633789062,102.62000274658203,101.52999877929688,102.13999938964844,64.5594482421875,10714800,0.0,0.0
2014-06-26 00:00:00-04:00,101.94000244140625,102.37999725341797,100.8499984741211,102.02999877929688,64.48994445800781,8424200,0.0,0.0
2014-06-27 00:00:00-04:00,101.66999816894531,101.79000091552734,100.66000366210938,101.20999908447266,63.97166061401367,15147400,0.0,0.0
2014-06-30 00:00:00-04:00,101.20999908447266,101.2699966430664,100.5199966430664,100.68000030517578,63.636661529541016,9454800,0.0,0.0
2014-07-01 00:00:00-04:00,101.1500015258789,101.58999633789062,100.79000091552734,101.36000061035156,64.06645202636719,8399600,0.0,0.0
2014-07-02 00:00:00-04:00,101.1500015258789,101.63999938964844,101.04000091552734,101.56999969482422,64.1991958618164,6954400,0.0,0.0
2014-07-03 00:00:00-04:00,101.94999694824219,103.2699966430664,101.68000030517578,102.58999633789062,64.84390258789062,6922600,0.0,0.0
2014-07-07 00:00:00-04:00,102.33000183105469,102.6500015258789,102.0199966430664,102.6500015258789,64.8818130493164,7979600,0.0,0.0
2014-07-08 00:00:00-04:00,102.33000183105469,103.2300033569336,102.16999816894531,102.83000183105469,64.99559783935547,9613600,0.0,0.0
2014-07-09 00:00:00-04:00,102.95999908447266,103.69000244140625,102.80999755859375,103.55000305175781,65.45069885253906,7655300,0.0,0.0
2014-07-10 00:00:00-04:00,102.87999725341797,103.06999969482422,102.04000091552734,102.56999969482422,64.83125305175781,8533700,0.0,0.0
2014-07-11 00:00:00-04:00,102.4000015258789,102.5,101.31999969482422,101.73999786376953,64.30667877197266,7680800,0.0,0.0
2014-07-14 00:00:00-04:00,102.16999816894531,103.08000183105469,102.16000366210938,102.68000030517578,64.9007568359375,8253100,0.0,0.0
2014-07-15 00:00:00-04:00,102.52999877929688,102.5999984741211,101.73999786376953,102.38999938964844,64.71748352050781,8755800,0.0,0.0
2014-07-16 00:00:00-04:00,102.55999755859375,103.79000091552734,102.54000091552734,103.7699966430664,65.5897445678711,8870200,0.0,0.0
2014-07-17 00:00:00-04:00,103.37999725341797,103.88999938964844,102.29000091552734,102.30999755859375,64.66693115234375,8145700,0.0,0.0
2014-07-18 00:00:00-04:00,102.69000244140625,102.95999908447266,101.86000061035156,102.7300033569336,64.93241119384766,8208300,0.0,0.0
2014-07-21 00:00:00-04:00,102.36000061035156,103.19000244140625,102.05999755859375,103.08000183105469,65.15361022949219,6632400,0.0,0.0
2014-07-22 00:00:00-04:00,103.63999938964844,104.19000244140625,103.5,103.54000091552734,65.44436645507812,7426300,0.0,0.0
2014-07-23 00:00:00-04:00,103.63999938964844,104.44999694824219,103.52999877929688,104.25,65.89313507080078,7007200,0.0,0.0
2014-07-24 00:00:00-04:00,104.41999816894531,104.72000122070312,103.94999694824219,104.27999877929688,65.912109375,7943000,0.0,0.0
2014-07-25 00:00:00-04:00,103.93000030517578,103.98999786376953,102.95999908447266,103.18000030517578,65.21685028076172,7775500,0.0,0.0
2014-07-28 00:00:00-04:00,103.29000091552734,104.5199966430664,102.83000183105469,104.37000274658203,65.96898651123047,9197800,0.0,0.0
2014-07-29 00:00:00-04:00,104.20999908447266,104.76000213623047,103.5199966430664,103.55000305175781,65.45069885253906,8055400,0.0,0.0
2014-07-30 00:00:00-04:00,103.7300033569336,104.1500015258789,102.56999969482422,103.25,65.26109313964844,11072100,0.0,0.0
2014-07-31 00:00:00-04:00,101.9800033569336,101.9800033569336,98.93000030517578,98.94000244140625,62.536865234375,18291800,0.0,0.0
2014-08-01 00:00:00-04:00,98.62000274658203,99.55000305175781,98.18000030517578,98.80000305175781,62.44835662841797,14915000,0.0,0.0
2014-08-04 00:00:00-04:00,98.73999786376953,100.43000030517578,98.30999755859375,100.12999725341797,63.28901672363281,12148200,0.0,0.0
2014-08-05 00:00:00-04:00,99.4800033569336,99.54000091552734,97.77999877929688,98.19999694824219,62.06908416748047,13069400,0.0,0.0
2014-08-06 00:00:00-04:00,98.19999694824219,99.6500015258789,98.19999694824219,98.9800033569336,62.5621337890625,9911300,0.0,0.0
2014-08-07 00:00:00-04:00,99.7699966430664,99.83999633789062,97.62999725341797,98.2699966430664,62.113365173339844,10017100,0.0,0.0
2014-08-08 00:00:00-04:00,98.80999755859375,99.79000091552734,98.31999969482422,99.73999786376953,63.042510986328125,11199300,0.0,0.0
2014-08-11 00:00:00-04:00,99.27999877929688,99.41999816894531,98.54000091552734,98.7300033569336,62.83884048461914,8589600,0.69,0.0
2014-08-12 00:00:00-04:00,98.20999908447266,98.69000244140625,97.81999969482422,98.48999786376953,62.68610382080078,9583700,0.0,0.0
2014-08-13 00:00:00-04:00,98.81999969482422,99.30999755859375,98.4800033569336,99.08999633789062,63.06797790527344,7645800,0.0,0.0
2014-08-14 00:00:00-04:00,99.0999984741211,99.27999877929688,98.5999984741211,99.08999633789062,63.06797790527344,6547300,0.0,0.0
2014-08-15 00:00:00-04:00,99.23999786376953,99.43000030517578,98.13999938964844,99.02999877929688,63.029781341552734,9226900,0.0,0.0
2014-08-18 00:00:00-04:00,99.27999877929688,99.52999877929688,99.0999984741211,99.5199966430664,63.341644287109375,7135400,0.0,0.0
2014-08-19 00:00:00-04:00,99.5,99.94999694824219,99.43000030517578,99.48999786376953,63.32255172729492,8888100,0.0,0.0
2014-08-20 00:00:00-04:00,99.55000305175781,99.9000015258789,99.04000091552734,99.69999694824219,63.456214904785156,6751800,0.0,0.0
2014-08-21 00:00:00-04:00,99.80000305175781,100.06999969482422,99.26000213623047,99.27999877929688,63.18888854980469,6826200,0.0,0.0
2014-08-22 00:00:00-04:00,98.88999938964844,98.9800033569336,98.08000183105469,98.5,62.692440032958984,8095000,0.0,0.0
2014-08-25 00:00:00-04:00,98.80999755859375,98.9000015258789,98.5,98.75,62.85155487060547,7569800,0.0,0.0
2014-08-26 00:00:00-04:00,99.12000274658203,100.30999755859375,99.0199966430664,99.63999938964844,63.41802215576172,8536500,0.0,0.0
2014-08-27 00:00:00-04:00,99.77999877929688,99.95999908447266,99.08999633789062,99.52999877929688,63.34803009033203,5848700,0.0,0.0
2014-08-28 00:00:00-04:00,99.04000091552734,99.73999786376953,99.01000213623047,99.56999969482422,63.37346649169922,6072700,0.0,0.0
2014-08-29 00:00:00-04:00,99.37999725341797,99.66999816894531,98.72000122070312,99.45999908447266,63.30345916748047,8873700,0.0,0.0
2014-09-02 00:00:00-04:00,99.43000030517578,99.58999633789062,97.80999755859375,98.48999786376953,62.68610382080078,8957100,0.0,0.0
2014-09-03 00:00:00-04:00,98.86000061035156,99.58999633789062,98.86000061035156,99.11000061035156,63.080711364746094,8475100,0.0,0.0
2014-09-04 00:00:00-04:00,99.0,99.44999694824219,97.97000122070312,98.36000061035156,62.60334396362305,9662900,0.0,0.0
2014-09-05 00:00:00-04:00,98.73999786376953,99.30000305175781,98.11000061035156,99.26000213623047,63.176151275634766,9476900,0.0,0.0
2014-09-08 00:00:00-04:00,98.91999816894531,98.91999816894531,97.44999694824219,97.7699966430664,62.227821350097656,10080100,0.0,0.0
2014-09-09 00:00:00-04:00,97.69000244140625,98.02999877929688,96.95999908447266,97.38999938964844,61.985958099365234,9756400,0.0,0.0
2014-09-10 00:00:00-04:00,97.36000061035156,97.52999877929688,95.83000183105469,96.80999755859375,61.61680221557617,12113700,0.0,0.0
2014-09-11 00:00:00-04:00,96.31999969482422,97.12000274658203,95.81999969482422,97.02999877929688,61.7568244934082,10181100,0.0,0.0
2014-09-12 00:00:00-04:00,96.52999877929688,96.58999633789062,95.62999725341797,95.77999877929688,60.96125030517578,10257500,0.0,0.0
2014-09-15 00:00:00-04:00,95.7300033569336,96.4000015258789,95.4000015258789,96.29000091552734,61.28586196899414,10689400,0.0,0.0
2014-09-16 00:00:00-04:00,96.2300033569336,98.05000305175781,96.0199966430664,97.43000030517578,62.01142883300781,11574100,0.0,0.0
2014-09-17 00:00:00-04:00,97.91000366210938,97.93000030517578,96.80000305175781,97.08000183105469,61.788665771484375,8774200,0.0,0.0
2014-09-18 00:00:00-04:00,97.1500015258789,97.31999969482422,96.4800033569336,96.61000061035156,61.48948669433594,8636600,0.0,0.0
2014-09-19 00:00:00-04:00,97.08000183105469,97.55999755859375,96.87000274658203,97.12000274658203,61.814125061035156,18178100,0.0,0.0
2014-09-22 00:00:00-04:00,96.9000015258789,97.0,96.2699966430664,96.54000091552734,61.444969177246094,8816900,0.0,0.0
2014-09-23 00:00:00-04:00,96.27999877929688,97.16000366210938,96.02999877929688,96.02999877929688,61.12035369873047,10300700,0.0,0.0
2014-09-24 00:00:00-04:00,95.87000274658203,96.25,94.83999633789062,95.81999969482422,60.98668670654297,12200000,0.0,0.0
2014-09-25 00:00:00-04:00,95.66000366210938,95.88999938964844,94.19999694824219,94.25,59.98744583129883,12854200,0.0,0.0
2014-09-26 00:00:00-04:00,94.33000183105469,95.76000213623047,93.80000305175781,95.43000030517578,60.73849868774414,11256800,0.0,0.0
2014-09-29 00:00:00-04:00,94.70999908447266,94.77999877929688,93.80000305175781,94.43000030517578,60.10200881958008,14015000,0.0,0.0
2014-09-30 00:00:00-04:00,94.11000061035156,94.80999755859375,93.62000274658203,94.05000305175781,59.86015701293945,15576500,0.0,0.0
2014-10-01 00:00:00-04:00,94.11000061035156,94.54000091552734,92.72000122070312,92.86000061035156,59.102745056152344,14028600,0.0,0.0
2014-10-02 00:00:00-04:00,92.38999938964844,93.9000015258789,92.05999755859375,93.30000305175781,59.38279342651367,13756500,0.0,0.0
2014-10-03 00:00:00-04:00,93.5999984741211,94.11000061035156,92.58000183105469,93.91999816894531,59.77742385864258,11563000,0.0,0.0
2014-10-06 00:00:00-04:00,94.01000213623047,95.33000183105469,93.91000366210938,94.5199966430664,60.15929412841797,10595400,0.0,0.0
2014-10-07 00:00:00-04:00,94.2699966430664,95.19000244140625,93.33000183105469,93.37000274658203,59.42734146118164,10787900,0.0,0.0
2014-10-08 00:00:00-04:00,93.41999816894531,94.83000183105469,92.41999816894531,94.61000061035156,60.21656799316406,15583700,0.0,0.0
2014-10-09 00:00:00-04:00,94.05000305175781,94.48999786376953,91.62999725341797,91.81999969482422,58.44081497192383,17915600,0.0,0.0
2014-10-10 00:00:00-04:00,92.44000244140625,93.2699966430664,90.9000015258789,91.5999984741211,58.30080032348633,18173100,0.0,0.0
2014-10-13 00:00:00-04:00,91.31999969482422,92.52999877929688,90.76000213623047,90.83999633789062,57.81707000732422,14451100,0.0,0.0
2014-10-14 00:00:00-04:00,91.48999786376953,92.2300033569336,90.05999755859375,90.55000305175781,57.632511138916016,23120500,0.0,0.0
2014-10-15 00:00:00-04:00,89.0,90.61000061035156,86.91000366210938,90.22000122070312,57.422447204589844,24703500,0.0,0.0
2014-10-16 00:00:00-04:00,88.58000183105469,91.2699966430664,88.18000030517578,90.5999984741211,57.66431427001953,25212600,0.0,0.0
2014-10-17 00:00:00-04:00,91.12999725341797,92.25,90.5,91.20999908447266,58.052574157714844,18189200,0.0,0.0
2014-10-20 00:00:00-04:00,90.62999725341797,91.88999938964844,90.62999725341797,91.7699966430664,58.40898513793945,10821700,0.0,0.0
2014-10-21 00:00:00-04:00,92.86000061035156,94.02999877929688,92.36000061035156,93.6500015258789,59.60557556152344,15757000,0.0,0.0
2014-10-22 00:00:00-04:00,93.95999908447266,94.58999633789062,92.9800033569336,93.12999725341797,59.27458572387695,12733600,0.0,0.0
2014-10-23 00:00:00-04:00,94.30999755859375,94.9800033569336,93.87000274658203,94.11000061035156,59.8983268737793,11345100,0.0,0.0
2014-10-24 00:00:00-04:00,94.19000244140625,94.52999877929688,93.22000122070312,94.48999786376953,60.14019775390625,9734100,0.0,0.0
2014-10-27 00:00:00-04:00,93.8499984741211,93.8499984741211,92.7699966430664,93.70999908447266,59.64374923706055,11387700,0.0,0.0
2014-10-28 00:00:00-04:00,94.44000244140625,95.19999694824219,93.93000030517578,95.0999984741211,60.5284538269043,12564100,0.0,0.0
2014-10-29 00:00:00-04:00,95.41999816894531,95.9800033569336,93.62000274658203,94.58999633789062,60.20384979248047,12409100,0.0,0.0
2014-10-30 00:00:00-04:00,93.87000274658203,94.66999816894531,93.22000122070312,94.44999694824219,60.1147346496582,9767900,0.0,0.0
2014-10-31 00:00:00-04:00,94.98999786376953,96.88999938964844,94.30999755859375,96.70999908447266,61.55315399169922,17493700,0.0,0.0
2014-11-03 00:00:00-05:00,96.55999755859375,97.0999984741211,94.80000305175781,95.26000213623047,60.63028335571289,13410000,0.0,0.0
2014-11-04 00:00:00-05:00,94.5,94.88999938964844,93.88999938964844,94.5199966430664,60.15929412841797,13498500,0.0,0.0
2014-11-05 00:00:00-05:00,95.36000061035156,95.7699966430664,94.6500015258789,95.06999969482422,60.509342193603516,12480000,0.0,0.0
2014-11-06 00:00:00-05:00,95.18000030517578,96.41999816894531,94.27999877929688,96.26000213623047,61.266761779785156,14731400,0.0,0.0
2014-11-07 00:00:00-05:00,95.80000305175781,97.16000366210938,95.72000122070312,96.58999633789062,61.9206428527832,13233500,0.69,0.0
2014-11-10 00:00:00-05:00,96.87000274658203,97.0999984741211,96.06999969482422,96.27999877929688,61.7219123840332,9087600,0.0,0.0
2014-11-11 00:00:00-05:00,95.77999877929688,96.51000213623047,95.61000061035156,96.41000366210938,61.805240631103516,7990000,0.0,0.0
2014-11-12 00:00:00-05:00,95.9000015258789,96.4000015258789,95.11000061035156,95.37999725341797,61.14495849609375,11592800,0.0,0.0
2014-11-13 00:00:00-05:00,94.95999908447266,95.20999908447266,93.83000183105469,94.66000366210938,60.68337631225586,12355400,0.0,0.0
2014-11-14 00:00:00-05:00,94.87000274658203,95.11000061035156,94.6500015258789,95.08999633789062,60.95905303955078,9352500,0.0,0.0
2014-11-17 00:00:00-05:00,94.8499984741211,95.13999938964844,94.19000244140625,95.11000061035156,60.97187042236328,8704400,0.0,0.0
2014-11-18 00:00:00-05:00,95.08000183105469,95.75,94.52999877929688,94.87000274658203,60.81800842285156,9263200,0.0,0.0
2014-11-19 00:00:00-05:00,95.08000183105469,95.73999786376953,94.12999725341797,95.61000061035156,61.29237747192383,8333200,0.0,0.0
2014-11-20 00:00:00-05:00,95.37000274658203,95.9000015258789,95.26000213623047,95.81999969482422,61.427005767822266,8422400,0.0,0.0
2014-11-21 00:00:00-05:00,97.19999694824219,97.19999694824219,96.0999984741211,96.80999755859375,62.061676025390625,12374900,0.0,0.0
2014-11-24 00:00:00-05:00,96.33999633789062,96.80000305175781,95.25,95.72000122070312,61.362918853759766,10172400,0.0,0.0
2014-11-25 00:00:00-05:00,96.01000213623047,96.02999877929688,94.37000274658203,94.77999877929688,60.760318756103516,13747400,0.0,0.0
2014-11-26 00:00:00-05:00,94.63999938964844,95.12999725341797,94.36000061035156,94.4800033569336,60.56800079345703,9822100,0.0,0.0
2014-11-28 00:00:00-05:00,91.5,91.8499984741211,90.11000061035156,90.54000091552734,58.04220199584961,19556700,0.0,0.0
2014-12-01 00:00:00-05:00,90.36000061035156,92.87000274658203,90.27999877929688,92.3499984741211,59.20252227783203,27584200,0.0,0.0
2014-12-02 00:00:00-05:00,92.31999969482422,94.66999816894531,92.01000213623047,94.19000244140625,60.382083892822266,20885300,0.0,0.0
2014-12-03 00:00:00-05:00,94.66999816894531,95.33000183105469,94.0,94.94999694824219,60.86928939819336,16220400,0.0,0.0
2014-12-04 00:00:00-05:00,94.12999725341797,94.61000061035156,93.06999969482422,94.37000274658203,60.497493743896484,12868600,0.0,0.0
2014-12-05 00:00:00-05:00,93.94999694824219,94.58999633789062,93.3499984741211,93.81999969482422,60.144893646240234,11831900,0.0,0.0
2014-12-08 00:00:00-05:00,92.9000015258789,93.12999725341797,91.37000274658203,91.69999694824219,58.78582763671875,15735900,0.0,0.0
2014-12-09 00:00:00-05:00,91.2300033569336,92.05999755859375,90.76000213623047,91.37999725341797,58.58068084716797,15883800,0.0,0.0
2014-12-10 00:00:00-05:00,90.72000122070312,90.7300033569336,88.19999694824219,88.66999816894531,56.84341049194336,22279400,0.0,0.0
2014-12-11 00:00:00-05:00,88.86000061035156,91.54000091552734,88.8499984741211,89.19999694824219,57.18314743041992,21522200,0.0,0.0
2014-12-12 00:00:00-05:00,88.70999908447266,89.0,86.5999984741211,86.5999984741211,55.516387939453125,24568300,0.0,0.0
2014-12-15 00:00:00-05:00,87.52999877929688,88.5999984741211,86.5,86.9000015258789,55.708702087402344,21373600,0.0,0.0
2014-12-16 00:00:00-05:00,86.37999725341797,89.19999694824219,86.19000244140625,86.41000366210938,55.39459228515625,26372400,0.0,0.0
2014-12-17 00:00:00-05:00,87.23999786376953,89.9000015258789,87.1500015258789,89.0199966430664,57.06777572631836,23323000,0.0,0.0
2014-12-18 00:00:00-05:00,90.37000274658203,91.16000366210938,88.4000015258789,91.16000366210938,58.43964385986328,22882700,0.0,0.0
2014-12-19 00:00:00-05:00,90.20999908447266,93.63999938964844,89.61000061035156,93.63999938964844,60.02948760986328,38469000,0.0,0.0
2014-12-22 00:00:00-05:00,92.95999908447266,93.66999816894531,92.44999694824219,93.33000183105469,59.83077621459961,17871800,0.0,0.0
2014-12-23 00:00:00-05:00,93.5199966430664,95.18000030517578,93.05000305175781,94.58999633789062,60.63850784301758,13706500,0.0,0.0
2014-12-24 00:00:00-05:00,94.22000122070312,94.25,92.9800033569336,93.77999877929688,60.11925506591797,6875700,0.0,0.0
2014-12-26 00:00:00-05:00,93.98999786376953,94.43000030517578,92.62000274658203,93.20999908447266,59.753849029541016,10585000,0.0,0.0
2014-12-29 00:00:00-05:00,93.33000183105469,93.86000061035156,92.88999938964844,93.06999969482422,59.664085388183594,9892100,0.0,0.0
2014-12-30 00:00:00-05:00,92.7699966430664,93.38999938964844,92.51000213623047,93.0199966430664,59.63203430175781,8743400,0.0,0.0
2014-12-31 00:00:00-05:00,92.41999816894531,93.12999725341797,92.05999755859375,92.44999694824219,59.26663589477539,11337200,0.0,0.0
2015-01-02 00:00:00-05:00,92.25,93.05000305175781,91.80999755859375,92.83000183105469,59.510231018066406,10220400,0.0,0.0
2015-01-05 00:00:00-05:00,92.0999984741211,92.4000015258789,89.5,90.29000091552734,57.881927490234375,18502400,0.0,0.0
2015-01-06 00:00:00-05:00,90.23999786376953,91.41000366210938,89.0199966430664,89.80999755859375,57.57421112060547,16670700,0.0,0.0
2015-01-07 00:00:00-05:00,90.6500015258789,91.4800033569336,90.0,90.72000122070312,58.15758514404297,13590700,0.0,0.0
2015-01-08 00:00:00-05:00,91.25,92.2699966430664,91.0,92.2300033569336,59.12559509277344,15487500,0.0,0.0
2015-01-09 00:00:00-05:00,92.30000305175781,92.77999877929688,91.37000274658203,92.0999984741211,59.04226303100586,14488400,0.0,0.0
2015-01-12 00:00:00-05:00,91.23999786376953,91.33999633789062,89.81999969482422,90.33000183105469,57.90755844116211,15176300,0.0,0.0
2015-01-13 00:00:00-05:00,90.87999725341797,91.43000030517578,89.11000061035156,90.0,57.69601058959961,17469000,0.0,0.0
2015-01-14 00:00:00-05:00,88.94999694824219,89.88999938964844,87.26000213623047,89.73999786376953,57.529327392578125,23272100,0.0,0.0
2015-01-15 00:00:00-05:00,90.43000030517578,90.66000366210938,88.51000213623047,88.95999908447266,57.029296875,18759600,0.0,0.0
2015-01-16 00:00:00-05:00,88.9800033569336,91.19000244140625,88.9800033569336,91.12000274658203,58.41400909423828,17713100,0.0,0.0
2015-01-20 00:00:00-05:00,91.13999938964844,91.77999877929688,90.37999725341797,91.08999633789062,58.39476776123047,16761000,0.0,0.0
2015-01-21 00:00:00-05:00,91.73999786376953,91.98999786376953,91.01000213623047,91.87000274658203,58.89482498168945,14276400,0.0,0.0
2015-01-22 00:00:00-05:00,92.30999755859375,92.97000122070312,91.31999969482422,92.87000274658203,59.53586959838867,13559000,0.0,0.0
2015-01-23 00:00:00-05:00,92.27999877929688,92.4800033569336,90.79000091552734,90.88999938964844,58.26655578613281,14706300,0.0,0.0
2015-01-26 00:00:00-05:00,90.61000061035156,91.94000244140625,90.47000122070312,91.76000213623047,58.82429504394531,10672500,0.0,0.0
2015-01-27 00:00:00-05:00,91.23999786376953,91.5999984741211,90.5999984741211,90.94999694824219,58.305023193359375,12301500,0.0,0.0
2015-01-28 00:00:00-05:00,90.87999725341797,90.93000030517578,87.81999969482422,87.94999694824219,56.38182830810547,17829700,0.0,0.0
2015-01-29 00:00:00-05:00,88.22000122070312,88.26000213623047,86.02999877929688,87.58000183105469,56.144630432128906,22683000,0.0,0.0
2015-01-30 00:00:00-05:00,87.16000366210938,88.41999816894531,86.25,87.41999816894531,56.04204559326172,22679900,0.0,0.0
2015-02-02 00:00:00-05:00,87.8499984741211,89.58999633789062,87.5,89.58000183105469,57.42677307128906,20306300,0.0,0.0
2015-02-03 00:00:00-05:00,90.9000015258789,92.33000183105469,90.80999755859375,92.25,59.1384162902832,21900900,0.0,0.0
2015-02-04 00:00:00-05:00,91.63999938964844,92.2699966430664,90.51000213623047,91.45999908447266,58.6319580078125,19632200,0.0,0.0
2015-02-05 00:00:00-05:00,92.38999938964844,92.54000091552734,91.69999694824219,92.36000061035156,59.20893096923828,12809000,0.0,0.0
2015-02-06 00:00:00-05:00,92.0999984741211,92.27999877929688,90.95999908447266,91.5,59.09912109375,12331200,0.69,0.0
2015-02-09 00:00:00-05:00,91.4000015258789,92.29000091552734,91.23999786376953,91.55999755859375,59.13787841796875,11360700,0.0,0.0
2015-02-10 00:00:00-05:00,91.73999786376953,91.73999786376953,90.30000305175781,91.01000213623047,58.78263854980469,12952900,0.0,0.0
2015-02-11 00:00:00-05:00,90.0199966430664,90.83000183105469,89.79000091552734,90.5999984741211,58.517826080322266,12240600,0.0,0.0
2015-02-12 00:00:00-05:00,91.45999908447266,92.66000366210938,91.0199966430664,92.37000274658203,59.661048889160156,14843000,0.0,0.0
2015-02-13 00:00:00-05:00,92.69999694824219,93.44999694824219,92.27999877929688,93.37000274658203,60.30694580078125,12061000,0.0,0.0
2015-02-17 00:00:00-05:00,92.75,93.06999969482422,92.29000091552734,93.05000305175781,60.100250244140625,11758700,0.0,0.0
2015-02-18 00:00:00-05:00,91.98999786376953,91.98999786376953,90.38999938964844,91.01000213623047,58.78263854980469,19177900,0.0,0.0
2015-02-19 00:00:00-05:00,89.63999938964844,90.41999816894531,88.58000183105469,89.44000244140625,57.76859664916992,19350600,0.0,0.0
2015-02-20 00:00:00-05:00,89.4000015258789,89.94000244140625,88.8499984741211,89.91999816894531,58.0786247253418,15959900,0.0,0.0
2015-02-23 00:00:00-05:00,89.26000213623047,89.55000305175781,88.73999786376953,89.01000213623047,57.49085998535156,12771800,0.0,0.0
2015-02-24 00:00:00-05:00,89.33000183105469,89.77999877929688,89.12999725341797,89.41999816894531,57.75566101074219,9990700,0.0,0.0
2015-02-25 00:00:00-05:00,89.56999969482422,89.69999694824219,89.08000183105469,89.5999984741211,57.8719367980957,9925700,0.0,0.0
2015-02-26 00:00:00-05:00,89.12999725341797,89.18000030517578,88.08000183105469,88.6500015258789,57.258323669433594,13984000,0.0,0.0
2015-02-27 00:00:00-05:00,88.88999938964844,89.27999877929688,88.33999633789062,88.54000091552734,57.18729019165039,13090600,0.0,0.0
2015-03-02 00:00:00-05:00,88.33999633789062,88.5199966430664,87.3499984741211,88.04000091552734,56.86435317993164,13793700,0.0,0.0
2015-03-03 00:00:00-05:00,87.93000030517578,88.0199966430664,87.12999725341797,87.62000274658203,56.59305953979492,13493800,0.0,0.0
2015-03-04 00:00:00-05:00,87.95999908447266,87.95999908447266,86.93000030517578,87.18000030517578,56.30888748168945,13467600,0.0,0.0
2015-03-05 00:00:00-05:00,87.06999969482422,87.19000244140625,86.5199966430664,86.73999786376953,56.02467727661133,12527600,0.0,0.0
2015-03-06 00:00:00-05:00,86.41000366210938,86.5999984741211,85.31999969482422,85.62999725341797,55.3077507019043,16070500,0.0,0.0
2015-03-09 00:00:00-04:00,86.12000274658203,86.37999725341797,85.12000274658203,85.16000366210938,55.00418472290039,14503800,0.0,0.0
2015-03-10 00:00:00-04:00,84.81999969482422,85.52999877929688,84.23999786376953,84.26000213623047,54.42287063598633,17195500,0.0,0.0
2015-03-11 00:00:00-04:00,84.93000030517578,84.93000030517578,84.0,84.0199966430664,54.267852783203125,13004700,0.0,0.0
2015-03-12 00:00:00-04:00,84.43000030517578,84.72000122070312,84.05999755859375,84.22000122070312,54.397029876708984,10792900,0.0,0.0
2015-03-13 00:00:00-04:00,83.9000015258789,84.18000030517578,82.68000030517578,83.87000274658203,54.17097854614258,16799900,0.0,0.0
2015-03-16 00:00:00-04:00,83.70999908447266,84.86000061035156,83.2699966430664,84.76000213623047,54.745826721191406,13516200,0.0,0.0
2015-03-17 00:00:00-04:00,84.54000091552734,84.8499984741211,84.0199966430664,84.08000183105469,54.306602478027344,12979700,0.0,0.0
2015-03-18 00:00:00-04:00,83.54000091552734,86.37000274658203,83.43000030517578,86.06999969482422,55.5919189453125,18745700,0.0,0.0
2015-03-19 00:00:00-04:00,85.19000244140625,85.5,84.33000183105469,84.41000366210938,54.51974868774414,12738500,0.0,0.0
2015-03-20 00:00:00-04:00,84.66999816894531,85.4000015258789,84.38999938964844,84.54000091552734,54.60371780395508,36083500,0.0,0.0
2015-03-23 00:00:00-04:00,85.0199966430664,85.77999877929688,85.01000213623047,85.43000030517578,55.178558349609375,17450700,0.0,0.0
2015-03-24 00:00:00-04:00,85.30000305175781,85.77999877929688,84.5,84.5199966430664,54.59078598022461,10174300,0.0,0.0
2015-03-25 00:00:00-04:00,85.05000305175781,85.56999969482422,84.7699966430664,84.86000061035156,54.81040954589844,11934700,0.0,0.0
2015-03-26 00:00:00-04:00,85.30000305175781,85.56999969482422,84.08999633789062,84.31999969482422,54.46163558959961,14400700,0.0,0.0
2015-03-27 00:00:00-04:00,84.04000091552734,84.05000305175781,83.33000183105469,83.58000183105469,53.983665466308594,11579300,0.0,0.0
2015-03-30 00:00:00-04:00,84.2699966430664,85.81999969482422,84.25,85.62999725341797,55.3077507019043,15653200,0.0,0.0
2015-03-31 00:00:00-04:00,84.8499984741211,85.33999633789062,84.45999908447266,85.0,54.90081787109375,13354000,0.0,0.0
2015-04-01 00:00:00-04:00,85.69999694824219,86.0,84.26000213623047,84.45999908447266,54.55204772949219,14522300,0.0,0.0
2015-04-02 00:00:00-04:00,84.08999633789062,84.94000244140625,83.8499984741211,84.30000305175781,54.44870376586914,11297400,0.0,0.0
2015-04-06 00:00:00-04:00,85.1500015258789,85.63999938964844,84.19999694824219,85.12999725341797,54.98478698730469,10916400,0.0,0.0
2015-04-07 00:00:00-04:00,85.01000213623047,86.16999816894531,84.76000213623047,85.75,55.385250091552734,11836100,0.0,0.0
2015-04-08 00:00:00-04:00,85.80000305175781,85.9000015258789,84.0199966430664,84.05999755859375,54.2936897277832,16257100,0.0,0.0
2015-04-09 00:00:00-04:00,84.0,84.7300033569336,83.80999755859375,84.6500015258789,54.67476272583008,13281800,0.0,0.0
2015-04-10 00:00:00-04:00,85.37000274658203,86.04000091552734,84.7699966430664,85.55999755859375,55.262508392333984,13372400,0.0,0.0
2015-04-13 00:00:00-04:00,85.91999816894531,86.25,85.23999786376953,85.33999633789062,55.120426177978516,9880500,0.0,0.0
2015-04-14 00:00:00-04:00,85.5999984741211,87.4800033569336,85.52999877929688,86.62999725341797,55.953636169433594,15693800,0.0,0.0
2015-04-15 00:00:00-04:00,87.13999938964844,88.52999877929688,87.13999938964844,88.08000183105469,56.89018630981445,15332800,0.0,0.0
2015-04-16 00:00:00-04:00,87.87999725341797,88.16000366210938,87.11000061035156,87.7300033569336,56.664127349853516,9570800,0.0,0.0
2015-04-17 00:00:00-04:00,87.13999938964844,87.36000061035156,86.16000366210938,86.93000030517578,56.14740753173828,14430100,0.0,0.0
2015-04-20 00:00:00-04:00,87.12999725341797,88.0999984741211,87.08000183105469,87.23999786376953,56.347625732421875,11593600,0.0,0.0
2015-04-21 00:00:00-04:00,87.37999725341797,87.62000274658203,86.69000244140625,86.87999725341797,56.1151008605957,10100500,0.0,0.0
2015-04-22 00:00:00-04:00,87.04000091552734,87.80000305175781,86.33999633789062,87.45999908447266,56.48972702026367,8663600,0.0,0.0
2015-04-23 00:00:00-04:00,87.36000061035156,88.37999725341797,87.30999755859375,87.54000091552734,56.541419982910156,9866100,0.0,0.0
2015-04-24 00:00:00-04:00,87.19000244140625,87.36000061035156,86.66000366210938,86.97000122070312,56.17323684692383,8405700,0.0,0.0
2015-04-27 00:00:00-04:00,87.41000366210938,87.5999984741211,86.76000213623047,87.01000213623047,56.19906997680664,10534600,0.0,0.0
2015-04-28 00:00:00-04:00,87.22000122070312,87.86000061035156,87.04000091552734,87.80000305175781,56.70933532714844,9633800,0.0,0.0
2015-04-29 00:00:00-04:00,87.5,88.06999969482422,86.95999908447266,87.87000274658203,56.754539489746094,12534100,0.0,0.0
2015-04-30 00:00:00-04:00,88.66999816894531,88.66999816894531,87.22000122070312,87.37000274658203,56.43161392211914,13947700,0.0,0.0
2015-05-01 00:00:00-04:00,87.8499984741211,88.94999694824219,87.69999694824219,88.8499984741211,57.38752365112305,12257100,0.0,0.0
2015-05-04 00:00:00-04:00,89.41999816894531,89.87999725341797,88.94999694824219,89.11000061035156,57.555442810058594,10343700,0.0,0.0
2015-05-05 00:00:00-04:00,89.97000122070312,90.08999633789062,88.5199966430664,88.61000061035156,57.23251724243164,11895000,0.0,0.0
2015-05-06 00:00:00-04:00,89.6500015258789,89.95999908447266,87.79000091552734,88.19000244140625,56.96122741699219,11273500,0.0,0.0
2015-05-07 00:00:00-04:00,88.0,88.0999984741211,86.91999816894531,87.5999984741211,56.580162048339844,9992500,0.0,0.0
2015-05-08 00:00:00-04:00,88.47000122070312,89.06999969482422,87.81999969482422,88.98999786376953,57.477943420410156,11390300,0.0,0.0
2015-05-11 00:00:00-04:00,88.52999877929688,88.56999969482422,86.6500015258789,86.77999877929688,56.51411056518555,11997800,0.73,0.0
2015-05-12 00:00:00-04:00,86.88999938964844,87.45999908447266,86.41999816894531,87.0199966430664,56.67041015625,9788900,0.0,0.0
2015-05-13 00:00:00-04:00,87.27999877929688,87.7300033569336,86.4000015258789,86.55999755859375,56.37083435058594,8629400,0.0,0.0
2015-05-14 00:00:00-04:00,86.93000030517578,87.33999633789062,86.75,86.97000122070312,56.637855529785156,8791300,0.0,0.0
2015-05-15 00:00:00-04:00,86.80000305175781,87.62000274658203,86.5999984741211,87.3499984741211,56.88530731201172,8422200,0.0,0.0
2015-05-18 00:00:00-04:00,87.30999755859375,87.45999908447266,86.77999877929688,86.8499984741211,56.55970001220703,6395400,0.0,0.0
2015-05-19 00:00:00-04:00,86.47000122070312,87.20999908447266,86.20999908447266,86.98999786376953,56.65087890625,9777100,0.0,0.0
2015-05-20 00:00:00-04:00,87.38999938964844,87.4000015258789,86.91000366210938,87.12999725341797,56.7420539855957,7276600,0.0,0.0
2015-05-21 00:00:00-04:00,87.27999877929688,87.44000244140625,86.95999908447266,87.20999908447266,56.79415512084961,8357400,0.0,0.0
2015-05-22 00:00:00-04:00,86.98999786376953,87.0999984741211,86.5,86.5199966430664,56.344791412353516,7598400,0.0,0.0
2015-05-26 00:00:00-04:00,86.04000091552734,86.37000274658203,85.02999877929688,85.3499984741211,55.58283996582031,11289000,0.0,0.0
2015-05-27 00:00:00-04:00,85.30000305175781,85.88999938964844,84.7699966430664,85.11000061035156,55.42655563354492,10778300,0.0,0.0
2015-05-28 00:00:00-04:00,85.11000061035156,85.56999969482422,84.81999969482422,85.11000061035156,55.42655563354492,8038900,0.0,0.0
2015-05-29 00:00:00-04:00,85.0999984741211,85.58000183105469,84.87999725341797,85.19999694824219,55.48515701293945,14631300,0.0,0.0
2015-06-01 00:00:00-04:00,85.25,85.47000122070312,84.80000305175781,85.12999725341797,55.4395637512207,9077500,0.0,0.0
2015-06-02 00:00:00-04:00,85.12000274658203,85.58999633789062,84.91000366210938,85.13999938964844,55.44609451293945,9328300,0.0,0.0
2015-06-03 00:00:00-04:00,85.2300033569336,85.83999633789062,84.86000061035156,84.94999694824219,55.322357177734375,8179500,0.0,0.0
2015-06-04 00:00:00-04:00,84.69999694824219,84.88999938964844,83.77999877929688,84.22000122070312,54.84695053100586,12607300,0.0,0.0
2015-06-05 00:00:00-04:00,84.12999725341797,85.0,83.9800033569336,84.27999877929688,54.88603591918945,11388500,0.0,0.0
2015-06-08 00:00:00-04:00,84.18000030517578,85.20999908447266,83.93000030517578,84.8499984741211,55.25722122192383,12244700,0.0,0.0
2015-06-09 00:00:00-04:00,85.29000091552734,85.43000030517578,84.48999786376953,84.58000183105469,55.08138656616211,8105500,0.0,0.0
2015-06-10 00:00:00-04:00,85.83999633789062,85.97000122070312,85.0,85.20999908447266,55.49168395996094,10147000,0.0,0.0
2015-06-11 00:00:00-04:00,85.30000305175781,85.69999694824219,84.88999938964844,85.08999633789062,55.413516998291016,7759300,0.0,0.0
2015-06-12 00:00:00-04:00,84.58000183105469,84.68000030517578,83.86000061035156,84.0199966430664,54.716705322265625,8347300,0.0,0.0
2015-06-15 00:00:00-04:00,83.52999877929688,83.9800033569336,83.19000244140625,83.72000122070312,54.52132034301758,9563900,0.0,0.0
2015-06-16 00:00:00-04:00,83.80999755859375,84.75,83.4000015258789,84.68000030517578,55.14651107788086,9100100,0.0,0.0
2015-06-17 00:00:00-04:00,85.02999877929688,85.12999725341797,84.41000366210938,84.7300033569336,55.1790885925293,9090200,0.0,0.0
2015-06-18 00:00:00-04:00,84.80000305175781,85.95999908447266,84.72000122070312,85.4800033569336,55.667510986328125,10247800,0.0,0.0
2015-06-19 00:00:00-04:00,84.91999816894531,85.4800033569336,84.91999816894531,85.20999908447266,55.49168395996094,16129600,0.0,0.0
2015-06-22 00:00:00-04:00,85.38999938964844,85.5999984741211,84.97000122070312,85.16999816894531,55.46562576293945,9465100,0.0,0.0
2015-06-23 00:00:00-04:00,85.22000122070312,85.27999877929688,84.58999633789062,85.06999969482422,55.40050506591797,10223900,0.0,0.0
2015-06-24 00:00:00-04:00,84.88999938964844,85.33999633789062,84.66000366210938,84.68000030517578,55.14651107788086,11800100,0.0,0.0
2015-06-25 00:00:00-04:00,84.8499984741211,84.8499984741211,83.93000030517578,83.93000030517578,54.6580810546875,10259400,0.0,0.0
2015-06-26 00:00:00-04:00,83.83000183105469,84.0999984741211,83.48999786376953,83.86000061035156,54.61252212524414,19023300,0.0,0.0
2015-06-29 00:00:00-04:00,83.05000305175781,83.44999694824219,82.80000305175781,82.81999969482422,53.93522644042969,11739200,0.0,0.0
2015-06-30 00:00:00-04:00,83.73999786376953,84.9000015258789,82.80000305175781,83.19999694824219,54.18269729614258,14981100,0.0,0.0
2015-07-01 00:00:00-04:00,83.27999877929688,83.52999877929688,82.11000061035156,82.37000274658203,53.64216232299805,13529100,0.0,0.0
2015-07-02 00:00:00-04:00,82.79000091552734,83.27999877929688,82.55000305175781,83.13999938964844,54.14360427856445,9188000,0.0,0.0
2015-07-06 00:00:00-04:00,82.41999816894531,83.05999755859375,82.12000274658203,82.52999877929688,53.74635696411133,11694400,0.0,0.0
2015-07-07 00:00:00-04:00,82.19000244140625,83.2300033569336,81.48999786376953,82.87000274658203,53.96778869628906,15641500,0.0,0.0
2015-07-08 00:00:00-04:00,82.25,82.9800033569336,81.91000366210938,81.97000122070312,53.38167190551758,10057000,0.0,0.0
2015-07-09 00:00:00-04:00,82.87000274658203,83.1500015258789,81.58000183105469,81.5999984741211,53.14071273803711,11980500,0.0,0.0
2015-07-10 00:00:00-04:00,82.08999633789062,82.48999786376953,81.72000122070312,82.22000122070312,53.54447555541992,8628700,0.0,0.0
2015-07-13 00:00:00-04:00,82.11000061035156,82.61000061035156,82.06999969482422,82.41999816894531,53.674720764160156,8026700,0.0,0.0
2015-07-14 00:00:00-04:00,82.37999725341797,83.31999969482422,82.26000213623047,83.11000061035156,54.12406921386719,9310200,0.0,0.0
2015-07-15 00:00:00-04:00,82.61000061035156,83.41999816894531,82.4000015258789,82.76000213623047,53.89615249633789,9289200,0.0,0.0
2015-07-16 00:00:00-04:00,83.18000030517578,83.4800033569336,82.80000305175781,82.91000366210938,53.993839263916016,8267600,0.0,0.0
2015-07-17 00:00:00-04:00,82.51000213623047,82.83999633789062,81.79000091552734,82.61000061035156,53.7984733581543,12156000,0.0,0.0
2015-07-20 00:00:00-04:00,82.1500015258789,82.41000366210938,81.5999984741211,81.76000213623047,53.24489974975586,12957100,0.0,0.0
2015-07-21 00:00:00-04:00,81.93000030517578,82.43000030517578,81.43000030517578,81.66000366210938,53.179786682128906,8677100,0.0,0.0
2015-07-22 00:00:00-04:00,82.3499984741211,82.47000122070312,81.58000183105469,81.79000091552734,53.26444625854492,13181500,0.0,0.0
2015-07-23 00:00:00-04:00,81.7300033569336,81.97000122070312,80.97000122070312,81.13999938964844,52.841156005859375,10496100,0.0,0.0
2015-07-24 00:00:00-04:00,81.16000366210938,81.16000366210938,79.72000122070312,79.94000244140625,52.05967712402344,14888500,0.0,0.0
2015-07-27 00:00:00-04:00,79.2300033569336,80.12999725341797,78.97000122070312,79.26000213623047,51.61682891845703,14996100,0.0,0.0
2015-07-28 00:00:00-04:00,79.69999694824219,82.66999816894531,79.56999969482422,82.4800033569336,53.71382141113281,19777300,0.0,0.0
2015-07-29 00:00:00-04:00,82.18000030517578,83.19999694824219,81.91000366210938,83.13999938964844,54.14360427856445,13913800,0.0,0.0
2015-07-30 00:00:00-04:00,83.18000030517578,83.31999969482422,82.41999816894531,83.01000213623047,54.05896759033203,11139900,0.0,0.0
2015-07-31 00:00:00-04:00,81.66999816894531,81.66999816894531,78.93000030517578,79.20999908447266,51.584266662597656,26232700,0.0,0.0
2015-08-03 00:00:00-04:00,78.69999694824219,78.93000030517578,77.62999725341797,78.05999755859375,50.83534622192383,15767700,0.0,0.0
2015-08-04 00:00:00-04:00,77.87999725341797,78.61000061035156,76.93000030517578,77.16999816894531,50.2557487487793,18874400,0.0,0.0
2015-08-05 00:00:00-04:00,77.87000274658203,78.2300033569336,76.9000015258789,77.16999816894531,50.2557487487793,16544400,0.0,0.0
2015-08-06 00:00:00-04:00,76.94000244140625,78.26000213623047,76.91000366210938,78.08999633789062,50.854881286621094,13005200,0.0,0.0
2015-08-07 00:00:00-04:00,77.55000305175781,77.97000122070312,76.62000274658203,76.83000183105469,50.03433609008789,12187600,0.0,0.0
2015-08-10 00:00:00-04:00,77.08999633789062,78.75,77.08999633789062,78.75,51.284698486328125,14876000,0.0,0.0
2015-08-11 00:00:00-04:00,77.01000213623047,78.06999969482422,76.33000183105469,77.48999786376953,50.93632507324219,14486400,0.73,0.0
2015-08-12 00:00:00-04:00,77.44000244140625,78.87000274658203,76.95999908447266,78.79000091552734,51.79084396362305,16492400,0.0,0.0
2015-08-13 00:00:00-04:00,78.31999969482422,79.29000091552734,78.2699966430664,78.6500015258789,51.698829650878906,13154100,0.0,0.0
2015-08-14 00:00:00-04:00,78.63999938964844,79.27999877929688,78.25,78.36000061035156,51.50818634033203,9129300,0.0,0.0
2015-08-17 00:00:00-04:00,77.93000030517578,79.18000030517578,77.44999694824219,78.7699966430664,51.777687072753906,9365400,0.0,0.0
2015-08-18 00:00:00-04:00,78.52999877929688,78.66999816894531,77.58000183105469,77.9000015258789,51.20582580566406,9815300,0.0,0.0
2015-08-19 00:00:00-04:00,77.51000213623047,77.58000183105469,75.93000030517578,76.2300033569336,50.108089447021484,17010100,0.0,0.0
2015-08-20 00:00:00-04:00,76.0,76.18000030517578,74.56999969482422,74.56999969482422,49.01691818237305,17811200,0.0,0.0
2015-08-21 00:00:00-04:00,74.0999984741211,74.88999938964844,72.06999969482422,72.12999725341797,47.413047790527344,25488800,0.0,0.0
2015-08-24 00:00:00-04:00,67.98999786376953,71.37999725341797,66.55000305175781,68.72000122070312,45.171566009521484,35531200,0.0,0.0
2015-08-25 00:00:00-04:00,71.30999755859375,71.44000244140625,68.19999694824219,68.70999908447266,45.164974212646484,30409700,0.0,0.0
2015-08-26 00:00:00-04:00,70.62999725341797,72.75,69.1500015258789,72.5,47.65625762939453,34436000,0.0,0.0
2015-08-27 00:00:00-04:00,73.80000305175781,74.88999938964844,73.01000213623047,74.8499984741211,49.20097351074219,24571000,0.0,0.0
2015-08-28 00:00:00-04:00,74.70999908447266,75.9800033569336,74.41000366210938,75.06999969482422,49.3455810546875,18997300,0.0,0.0
2015-08-31 00:00:00-04:00,74.27999877929688,75.55000305175781,73.30000305175781,75.23999786376953,49.45734786987305,19570100,0.0,0.0
2015-09-01 00:00:00-04:00,73.30000305175781,73.3499984741211,71.51000213623047,72.08000183105469,47.38017272949219,24092900,0.0,0.0
2015-09-02 00:00:00-04:00,73.05999755859375,73.23999786376953,72.0,73.2300033569336,48.136112213134766,16936900,0.0,0.0
2015-09-03 00:00:00-04:00,73.63999938964844,74.91000366210938,73.33999633789062,73.79000091552734,48.50419235229492,13451900,0.0,0.0
2015-09-04 00:00:00-04:00,72.93000030517578,73.13999938964844,72.25,72.45999908447266,47.62995910644531,14902500,0.0,0.0
2015-09-08 00:00:00-04:00,73.72000122070312,73.72000122070312,72.97000122070312,73.5,48.313568115234375,13626900,0.0,0.0
2015-09-09 00:00:00-04:00,74.37000274658203,74.68000030517578,71.8499984741211,72.0,47.32758331298828,17246200,0.0,0.0
2015-09-10 00:00:00-04:00,72.80999755859375,72.9800033569336,71.80000305175781,72.5199966430664,47.66938781738281,12353900,0.0,0.0
2015-09-11 00:00:00-04:00,72.4000015258789,72.72000122070312,72.01000213623047,72.69000244140625,47.78114700317383,12172300,0.0,0.0
2015-09-14 00:00:00-04:00,72.30999755859375,72.58000183105469,71.76000213623047,72.48999786376953,47.64967346191406,10738500,0.0,0.0
2015-09-15 00:00:00-04:00,72.44000244140625,73.30999755859375,72.41000366210938,72.86000061035156,47.89289855957031,11979800,0.0,0.0
2015-09-16 00:00:00-04:00,73.51000213623047,74.69999694824219,73.37000274658203,74.30000305175781,48.839439392089844,15214200,0.0,0.0
2015-09-17 00:00:00-04:00,74.41000366210938,75.47000122070312,73.8499984741211,74.45999908447266,48.944618225097656,15603000,0.0,0.0
2015-09-18 00:00:00-04:00,73.26000213623047,73.55999755859375,72.12000274658203,72.68000030517578,47.774566650390625,23180200,0.0,0.0
2015-09-21 00:00:00-04:00,73.0999984741211,73.61000061035156,72.7300033569336,73.38999938964844,48.24126052856445,10853000,0.0,0.0
2015-09-22 00:00:00-04:00,72.3499984741211,73.5199966430664,72.0199966430664,72.73999786376953,47.81401443481445,14245200,0.0,0.0
2015-09-23 00:00:00-04:00,72.87000274658203,73.19999694824219,72.29000091552734,72.30000305175781,47.5247917175293,13784800,0.0,0.0
2015-09-24 00:00:00-04:00,72.0,73.1500015258789,71.72000122070312,72.7300033569336,47.80743408203125,14584200,0.0,0.0
2015-09-25 00:00:00-04:00,73.29000091552734,73.52999877929688,72.76000213623047,73.2300033569336,48.136112213134766,15175300,0.0,0.0
2015-09-28 00:00:00-04:00,72.62000274658203,73.45999908447266,72.4000015258789,72.5999984741211,47.72200012207031,14571900,0.0,0.0
2015-09-29 00:00:00-04:00,72.6500015258789,73.19000244140625,72.13999938964844,72.97000122070312,47.96519470214844,13754400,0.0,0.0
2015-09-30 00:00:00-04:00,73.4000015258789,74.3499984741211,73.33000183105469,74.3499984741211,48.872314453125,18176500,0.0,0.0
2015-10-01 00:00:00-04:00,75.19999694824219,75.58000183105469,73.30000305175781,74.05999755859375,48.681678771972656,14397800,0.0,0.0
2015-10-02 00:00:00-04:00,73.38999938964844,75.9000015258789,73.02999877929688,75.87999725341797,49.87800979614258,18811300,0.0,0.0
2015-10-05 00:00:00-04:00,76.6500015258789,77.1500015258789,75.79000091552734,76.80999755859375,50.489341735839844,18486700,0.0,0.0
2015-10-06 00:00:00-04:00,76.95999908447266,78.55999755859375,76.26000213623047,77.88999938964844,51.199241638183594,18757900,0.0,0.0
2015-10-07 00:00:00-04:00,78.97000122070312,79.29000091552734,77.52999877929688,79.19999694824219,52.06035614013672,18666300,0.0,0.0
2015-10-08 00:00:00-04:00,79.30999755859375,80.11000061035156,78.54000091552734,80.02999877929688,52.60592269897461,14344700,0.0,0.0
2015-10-09 00:00:00-04:00,80.05000305175781,80.16999816894531,78.62000274658203,79.26000213623047,52.099788665771484,17384700,0.0,0.0
2015-10-12 00:00:00-04:00,79.58999633789062,79.58999633789062,78.72000122070312,79.30000305175781,52.126060485839844,9931800,0.0,0.0
2015-10-13 00:00:00-04:00,78.72000122070312,79.55000305175781,78.48999786376953,79.16000366210938,52.034053802490234,12326600,0.0,0.0
2015-10-14 00:00:00-04:00,78.97000122070312,80.4800033569336,78.77999877929688,80.16000366210938,52.691375732421875,14486000,0.0,0.0
2015-10-15 00:00:00-04:00,80.19000244140625,81.52999877929688,79.9000015258789,81.4800033569336,53.55905532836914,13640900,0.0,0.0
2015-10-16 00:00:00-04:00,82.26000213623047,82.5,81.44999694824219,82.4800033569336,54.21638870239258,14304400,0.0,0.0
2015-10-19 00:00:00-04:00,82.01000213623047,82.16999816894531,80.76000213623047,80.98999786376953,53.23695373535156,14155800,0.0,0.0
2015-10-20 00:00:00-04:00,80.55000305175781,81.05999755859375,80.19999694824219,80.83000183105469,53.13178634643555,12340100,0.0,0.0
2015-10-21 00:00:00-04:00,80.86000061035156,81.1500015258789,80.11000061035156,80.20999908447266,52.72425079345703,10274900,0.0,0.0
2015-10-22 00:00:00-04:00,80.68000030517578,82.95999908447266,80.66000366210938,82.88999938964844,54.48586654663086,14823500,0.0,0.0
2015-10-23 00:00:00-04:00,82.41000366210938,83.0,81.88999938964844,82.9800033569336,54.5450439453125,13215700,0.0,0.0
2015-10-26 00:00:00-04:00,82.5199966430664,82.7300033569336,81.16999816894531,81.22000122070312,53.38814163208008,12576400,0.0,0.0
2015-10-27 00:00:00-04:00,80.56999969482422,81.16000366210938,79.7300033569336,81.08999633789062,53.30268096923828,13579400,0.0,0.0
2015-10-28 00:00:00-04:00,81.30999755859375,82.58000183105469,80.93000030517578,82.27999877929688,54.08491134643555,12473000,0.0,0.0
2015-10-29 00:00:00-04:00,81.79000091552734,83.22000122070312,81.79000091552734,82.2300033569336,54.05206298828125,10341200,0.0,0.0
2015-10-30 00:00:00-04:00,82.47000122070312,83.87999725341797,81.26000213623047,82.73999786376953,54.38727951049805,18758600,0.0,0.0
2015-11-02 00:00:00-05:00,82.30000305175781,85.93000030517578,82.08999633789062,85.27999877929688,56.056915283203125,21266500,0.0,0.0
2015-11-03 00:00:00-05:00,85.66000366210938,87.44000244140625,85.58000183105469,86.8499984741211,57.088897705078125,20115900,0.0,0.0
2015-11-04 00:00:00-05:00,86.7699966430664,87.08000183105469,85.69999694824219,85.9800033569336,56.51702117919922,14245400,0.0,0.0
2015-11-05 00:00:00-05:00,85.55000305175781,86.2300033569336,84.5,84.80999755859375,55.747955322265625,12291100,0.0,0.0
2015-11-06 00:00:00-05:00,83.93000030517578,84.47000122070312,83.22000122070312,84.47000122070312,55.52444839477539,12491700,0.0,0.0
2015-11-09 00:00:00-05:00,83.55999755859375,83.5999984741211,81.80000305175781,81.94999694824219,54.33759307861328,13551200,0.73,0.0
2015-11-10 00:00:00-05:00,81.93000030517578,82.61000061035156,81.86000061035156,82.3499984741211,54.602813720703125,14238000,0.0,0.0
2015-11-11 00:00:00-05:00,82.41999816894531,82.55999755859375,81.4000015258789,81.62000274658203,54.11878204345703,9598000,0.0,0.0
2015-11-12 00:00:00-05:00,80.56999969482422,81.27999877929688,79.31999969482422,79.41000366210938,52.65342330932617,16050600,0.0,0.0
2015-11-13 00:00:00-05:00,79.27999877929688,79.58000183105469,77.94000244140625,78.0999984741211,51.78480529785156,17527300,0.0,0.0
2015-11-16 00:00:00-05:00,77.94000244140625,80.98999786376953,77.91000366210938,80.9000015258789,53.641387939453125,14548100,0.0,0.0
2015-11-17 00:00:00-05:00,80.70999908447266,80.87999725341797,79.62999725341797,79.95999908447266,53.018096923828125,10011700,0.0,0.0
2015-11-18 00:00:00-05:00,79.88999938964844,80.9000015258789,79.58999633789062,80.73999786376953,53.5352897644043,10884600,0.0,0.0
2015-11-19 00:00:00-05:00,80.51000213623047,80.77999877929688,80.04000091552734,80.30000305175781,53.243534088134766,9453300,0.0,0.0
2015-11-20 00:00:00-05:00,80.56999969482422,80.94000244140625,79.6500015258789,79.79000091552734,52.90540313720703,10144400,0.0,0.0
2015-11-23 00:00:00-05:00,79.5999984741211,80.70999908447266,79.05999755859375,80.27999877929688,53.230289459228516,11868400,0.0,0.0
2015-11-24 00:00:00-05:00,80.3499984741211,82.3499984741211,80.19999694824219,81.87999725341797,54.291168212890625,15055500,0.0,0.0
2015-11-25 00:00:00-05:00,81.30000305175781,82.16999816894531,81.0999984741211,81.25,53.87345504760742,8980400,0.0,0.0
2015-11-27 00:00:00-05:00,80.58000183105469,81.26000213623047,80.45999908447266,81.2300033569336,53.86019515991211,4156600,0.0,0.0
2015-11-30 00:00:00-05:00,81.41999816894531,82.6500015258789,81.25,81.66000366210938,54.145286560058594,17729200,0.0,0.0
2015-12-01 00:00:00-05:00,81.76000213623047,82.12999725341797,81.2699966430664,81.88999938964844,54.29782485961914,13917000,0.0,0.0
2015-12-02 00:00:00-05:00,81.30999755859375,81.63999938964844,79.41999816894531,79.55000305175781,52.74625015258789,16300000,0.0,0.0
2015-12-03 00:00:00-05:00,79.72000122070312,79.8499984741211,78.0199966430664,78.41000366210938,51.990360260009766,14870300,0.0,0.0
2015-12-04 00:00:00-05:00,77.3499984741211,78.9800033569336,77.02999877929688,78.86000061035156,52.28873825073242,20156400,0.0,0.0
2015-12-07 00:00:00-05:00,77.33000183105469,77.5,75.75,76.80000305175781,50.9228401184082,17676100,0.0,0.0
2015-12-08 00:00:00-05:00,75.2699966430664,76.3499984741211,73.79000091552734,74.62999725341797,49.4840202331543,24217600,0.0,0.0
2015-12-09 00:00:00-05:00,74.83999633789062,77.19000244140625,74.7300033569336,75.62999725341797,50.14704895019531,22036300,0.0,0.0
2015-12-10 00:00:00-05:00,75.80000305175781,77.5,75.5199966430664,75.69000244140625,50.18686294555664,20142400,0.0,0.0
2015-12-11 00:00:00-05:00,74.81999969482422,75.54000091552734,74.33999633789062,74.33999633789062,49.291725158691406,20473100,0.0,0.0
2015-12-14 00:00:00-05:00,74.30000305175781,76.22000122070312,74.08999633789062,76.02999877929688,50.41228103637695,21976500,0.0,0.0
2015-12-15 00:00:00-05:00,77.43000030517578,79.5999984741211,77.33000183105469,79.43000030517578,52.66667175292969,24366800,0.0,0.0
2015-12-16 00:00:00-05:00,79.04000091552734,79.61000061035156,78.0,79.1500015258789,52.48102951049805,17233900,0.0,0.0
2015-12-17 00:00:00-05:00,79.0199966430664,79.2300033569336,77.94999694824219,77.95999908447266,51.69199752807617,17362900,0.0,0.0
2015-12-18 00:00:00-05:00,77.56999969482422,78.77999877929688,77.05999755859375,77.27999877929688,51.2411003112793,28836000,0.0,0.0
2015-12-21 00:00:00-05:00,77.79000091552734,78.0999984741211,76.6500015258789,77.26000213623047,51.227848052978516,14460500,0.0,0.0
2015-12-22 00:00:00-05:00,77.69999694824219,77.9000015258789,77.20999908447266,77.6500015258789,51.48644256591797,13855800,0.0,0.0
2015-12-23 00:00:00-05:00,78.68000030517578,80.22000122070312,78.31999969482422,80.19000244140625,53.17061996459961,15184200,0.0,0.0
2015-12-24 00:00:00-05:00,80.2699966430664,80.2699966430664,79.12000274658203,79.33000183105469,52.600372314453125,5848300,0.0,0.0
2015-12-28 00:00:00-05:00,78.12000274658203,78.86000061035156,77.91000366210938,78.73999786376953,52.209171295166016,9715800,0.0,0.0
2015-12-29 00:00:00-05:00,79.98999786376953,80.08000183105469,78.83999633789062,79.16000366210938,52.487674713134766,8839000,0.0,0.0
2015-12-30 00:00:00-05:00,78.31999969482422,78.98999786376953,77.97000122070312,78.11000061035156,51.79145431518555,9314600,0.0,0.0
2015-12-31 00:00:00-05:00,77.51000213623047,78.44000244140625,77.43000030517578,77.94999694824219,51.68535614013672,10285500,0.0,0.0
2016-01-04 00:00:00-05:00,77.5,77.94000244140625,76.45999908447266,77.45999908447266,51.36045455932617,20400100,0.0,0.0
2016-01-05 00:00:00-05:00,77.19000244140625,78.13999938964844,76.91999816894531,78.12000274658203,51.79807662963867,11993500,0.0,0.0
2016-01-06 00:00:00-05:00,76.63999938964844,77.63999938964844,76.58999633789062,77.47000122070312,51.367095947265625,18826900,0.0,0.0
2016-01-07 00:00:00-05:00,76.05999755859375,77.98999786376953,75.9000015258789,76.2300033569336,50.54490280151367,21263800,0.0,0.0
2016-01-08 00:00:00-05:00,76.3499984741211,76.6500015258789,74.5,74.69000244140625,49.52378463745117,19033600,0.0,0.0
2016-01-11 00:00:00-05:00,75.01000213623047,75.12000274658203,72.55999755859375,73.69000244140625,48.860721588134766,21353000,0.0,0.0
2016-01-12 00:00:00-05:00,74.12000274658203,75.41999816894531,73.1500015258789,75.19999694824219,49.861961364746094,21864100,0.0,0.0
2016-01-13 00:00:00-05:00,75.8499984741211,77.05999755859375,74.94000244140625,75.6500015258789,50.16032791137695,26052700,0.0,0.0
2016-01-14 00:00:00-05:00,76.20999908447266,79.91999816894531,75.80000305175781,79.12000274658203,52.46115493774414,33806700,0.0,0.0
2016-01-15 00:00:00-05:00,76.33000183105469,78.16999816894531,76.30000305175781,77.58000183105469,51.44003677368164,28342100,0.0,0.0
2016-01-19 00:00:00-05:00,77.93000030517578,78.23999786376953,75.19000244140625,76.4000015258789,50.657630920410156,22684500,0.0,0.0
2016-01-20 00:00:00-05:00,75.06999969482422,75.72000122070312,71.55000305175781,73.18000030517578,48.522579193115234,33300800,0.0,0.0
2016-01-21 00:00:00-05:00,73.16000366210938,74.98999786376953,72.61000061035156,74.0999984741211,49.13259506225586,22265600,0.0,0.0
2016-01-22 00:00:00-05:00,76.41999816894531,76.7699966430664,74.72000122070312,76.56999969482422,50.77033233642578,22530300,0.0,0.0
2016-01-25 00:00:00-05:00,75.75,76.33999633789062,73.9000015258789,73.9800033569336,49.05302047729492,17086600,0.0,0.0
2016-01-26 00:00:00-05:00,74.7699966430664,76.7699966430664,74.25,76.69999694824219,50.85652542114258,18724700,0.0,0.0
2016-01-27 00:00:00-05:00,76.0,77.47000122070312,74.72000122070312,75.29000091552734,49.9216194152832,18106100,0.0,0.0
2016-01-28 00:00:00-05:00,77.3499984741211,77.66000366210938,75.62000274658203,76.98999786376953,51.04880905151367,16157700,0.0,0.0
2016-01-29 00:00:00-05:00,76.7300033569336,77.8499984741211,76.25,77.8499984741211,51.61903381347656,25161900,0.0,0.0
2016-02-01 00:00:00-05:00,76.66000366210938,76.79000091552734,75.44000244140625,76.29000091552734,50.584686279296875,16754200,0.0,0.0
2016-02-02 00:00:00-05:00,74.19000244140625,75.62000274658203,73.55000305175781,74.58999633789062,49.45749282836914,21404200,0.0,0.0
2016-02-03 00:00:00-05:00,75.52999877929688,78.52999877929688,74.26000213623047,78.4800033569336,52.03678512573242,25873700,0.0,0.0
2016-02-04 00:00:00-05:00,78.58000183105469,80.0,77.55999755859375,79.83000183105469,52.931907653808594,23658700,0.0,0.0
2016-02-05 00:00:00-05:00,79.4000015258789,80.0999984741211,78.56999969482422,80.08000183105469,53.09768295288086,26719900,0.0,0.0
2016-02-08 00:00:00-05:00,79.30000305175781,81.77999877929688,78.91000366210938,81.16000366210938,53.813777923583984,26601200,0.0,0.0
2016-02-09 00:00:00-05:00,79.9800033569336,80.66999816894531,78.69000244140625,80.08000183105469,53.579612731933594,18418100,0.73,0.0
2016-02-10 00:00:00-05:00,79.7699966430664,81.44999694824219,79.27999877929688,79.3499984741211,53.091163635253906,16610900,0.0,0.0
2016-02-11 00:00:00-05:00,78.33999633789062,80.1500015258789,77.58000183105469,79.5999984741211,53.25844955444336,19331600,0.0,0.0
2016-02-12 00:00:00-05:00,80.08000183105469,81.06999969482422,79.80999755859375,81.02999877929688,54.215213775634766,16767200,0.0,0.0
2016-02-16 00:00:00-05:00,81.69999694824219,81.8499984741211,80.27999877929688,81.22000122070312,54.34233474731445,15912200,0.0,0.0
2016-02-17 00:00:00-05:00,81.6500015258789,82.77999877929688,81.16000366210938,82.0,54.86422348022461,17006700,0.0,0.0
2016-02-18 00:00:00-05:00,82.9000015258789,83.05999755859375,81.86000061035156,82.44999694824219,55.165313720703125,14873700,0.0,0.0
2016-02-19 00:00:00-05:00,82.19000244140625,82.55000305175781,80.91000366210938,82.5,55.19877243041992,13615900,0.0,0.0
2016-02-22 00:00:00-05:00,82.5,83.44000244140625,82.19999694824219,82.38999938964844,55.12516784667969,14595200,0.0,0.0
2016-02-23 00:00:00-05:00,81.98999786376953,82.37000274658203,80.87999725341797,81.2300033569336,54.349037170410156,11041600,0.0,0.0
2016-02-24 00:00:00-05:00,79.91000366210938,81.7699966430664,79.66999816894531,81.5199966430664,54.54307174682617,13777500,0.0,0.0
2016-02-25 00:00:00-05:00,81.55999755859375,82.06999969482422,80.0199966430664,82.01000213623047,54.87091827392578,13706400,0.0,0.0
2016-02-26 00:00:00-05:00,82.88999938964844,83.08000183105469,81.69000244140625,81.75,54.69695281982422,14343300,0.0,0.0
2016-02-29 00:00:00-05:00,81.87999725341797,82.4000015258789,80.05000305175781,80.1500015258789,53.626434326171875,18903600,0.0,0.0
2016-03-01 00:00:00-05:00,80.55999755859375,81.7699966430664,80.31999969482422,81.27999877929688,54.382511138916016,15730600,0.0,0.0
2016-03-02 00:00:00-05:00,80.94999694824219,82.72000122070312,80.30999755859375,82.69999694824219,55.332576751708984,14094400,0.0,0.0
2016-03-03 00:00:00-05:00,82.66000366210938,82.72000122070312,81.54000091552734,82.4000015258789,55.1318473815918,13216200,0.0,0.0
2016-03-04 00:00:00-05:00,82.66000366210938,82.97000122070312,81.76000213623047,82.29000091552734,55.058265686035156,18402700,0.0,0.0
2016-03-07 00:00:00-05:00,82.30999755859375,84.45999908447266,82.20999908447266,84.45999908447266,56.51013946533203,18945600,0.0,0.0
2016-03-08 00:00:00-05:00,84.0,84.20999908447266,82.4800033569336,82.62999725341797,55.28573989868164,14003900,0.0,0.0
2016-03-09 00:00:00-05:00,83.22000122070312,83.8499984741211,82.23999786376953,82.4000015258789,55.1318473815918,14139300,0.0,0.0
2016-03-10 00:00:00-05:00,82.41999816894531,82.66000366210938,80.93000030517578,82.18000030517578,54.98465347290039,15898300,0.0,0.0
2016-03-11 00:00:00-05:00,83.22000122070312,83.52999877929688,82.01000213623047,82.19000244140625,54.991355895996094,15370200,0.0,0.0
2016-03-14 00:00:00-04:00,81.4800033569336,82.63999938964844,81.0199966430664,82.41000366210938,55.1385383605957,13344600,0.0,0.0
2016-03-15 00:00:00-04:00,81.5999984741211,82.8499984741211,81.5199966430664,82.81999969482422,55.412872314453125,9213000,0.0,0.0
2016-03-16 00:00:00-04:00,83.0199966430664,83.16000366210938,81.94000244140625,82.87000274658203,55.44632339477539,11492100,0.0,0.0
2016-03-17 00:00:00-04:00,83.68000030517578,84.68000030517578,82.72000122070312,84.0999984741211,56.269287109375,13673900,0.0,0.0
2016-03-18 00:00:00-04:00,84.58999633789062,84.5999984741211,83.25,84.19999694824219,56.3361930847168,19637000,0.0,0.0
2016-03-21 00:00:00-04:00,83.83999633789062,84.13999938964844,83.5,83.62000274658203,55.948143005371094,8385400,0.0,0.0
2016-03-22 00:00:00-04:00,83.08000183105469,84.86000061035156,83.01000213623047,84.12000274658203,56.28265380859375,13005100,0.0,0.0
2016-03-23 00:00:00-04:00,83.86000061035156,84.30000305175781,83.5199966430664,83.75,56.03511047363281,12748900,0.0,0.0
2016-03-24 00:00:00-04:00,82.94000244140625,84.02999877929688,82.93000030517578,83.9800033569336,56.18896484375,9368300,0.0,0.0
2016-03-28 00:00:00-04:00,84.02999877929688,84.36000061035156,83.69999694824219,84.22000122070312,56.349586486816406,7490400,0.0,0.0
2016-03-29 00:00:00-04:00,83.66999816894531,84.61000061035156,83.16000366210938,84.52999877929688,56.557003021240234,9977900,0.0,0.0
2016-03-30 00:00:00-04:00,85.02999877929688,85.05000305175781,84.0,84.5199966430664,56.55030059814453,10807000,0.0,0.0
2016-03-31 00:00:00-04:00,84.06999969482422,85.0999984741211,83.58999633789062,83.58999633789062,55.928043365478516,13896900,0.0,0.0
2016-04-01 00:00:00-04:00,82.4000015258789,83.38999938964844,82.38999938964844,82.95999908447266,55.50654602050781,12235300,0.0,0.0
2016-04-04 00:00:00-04:00,83.05999755859375,83.9000015258789,82.77999877929688,83.16000366210938,55.64035415649414,8050200,0.0,0.0
2016-04-05 00:00:00-04:00,82.61000061035156,83.12999725341797,81.98999786376953,82.20999908447266,55.004737854003906,10446800,0.0,0.0
2016-04-06 00:00:00-04:00,82.69000244140625,83.45999908447266,82.30000305175781,83.30999755859375,55.74070358276367,9320200,0.0,0.0
2016-04-07 00:00:00-04:00,82.76000213623047,83.16999816894531,82.05000305175781,82.37000274658203,55.111793518066406,8267100,0.0,0.0
2016-04-08 00:00:00-04:00,83.30000305175781,83.44999694824219,82.8499984741211,83.20999908447266,55.67380905151367,9376200,0.0,0.0
2016-04-11 00:00:00-04:00,83.33000183105469,84.23999786376953,83.27999877929688,83.31999969482422,55.747398376464844,9925000,0.0,0.0
2016-04-12 00:00:00-04:00,83.69000244140625,84.62999725341797,83.37000274658203,84.3499984741211,56.43653869628906,9986100,0.0,0.0
2016-04-13 00:00:00-04:00,84.5,84.91000366210938,84.04000091552734,84.83000183105469,56.75772476196289,9235700,0.0,0.0
2016-04-14 00:00:00-04:00,85.0,85.9000015258789,84.76000213623047,85.43000030517578,57.1591796875,10625800,0.0,0.0
2016-04-15 00:00:00-04:00,85.30000305175781,85.66000366210938,84.77999877929688,84.97000122070312,56.851375579833984,11280200,0.0,0.0
2016-04-18 00:00:00-04:00,84.97000122070312,85.86000061035156,83.86000061035156,85.77999877929688,57.39332580566406,9097000,0.0,0.0
2016-04-19 00:00:00-04:00,85.8499984741211,86.30999755859375,85.22000122070312,86.20999908447266,57.68102264404297,10354500,0.0,0.0
2016-04-20 00:00:00-04:00,86.2300033569336,87.44000244140625,85.97000122070312,86.80000305175781,58.07581329345703,15247100,0.0,0.0
2016-04-21 00:00:00-04:00,86.58999633789062,87.83999633789062,86.56999969482422,86.79000091552734,58.06910705566406,12075300,0.0,0.0
2016-04-22 00:00:00-04:00,87.23999786376953,87.63999938964844,86.81999969482422,87.52999877929688,58.564212799072266,9150800,0.0,0.0
2016-04-25 00:00:00-04:00,87.08999633789062,87.4000015258789,86.3499984741211,87.33000183105469,58.43039321899414,8076400,0.0,0.0
2016-04-26 00:00:00-04:00,87.75,87.94000244140625,87.05999755859375,87.62999725341797,58.631107330322266,9425900,0.0,0.0
2016-04-27 00:00:00-04:00,87.94999694824219,88.72000122070312,87.33000183105469,88.45999908447266,59.18644714355469,10463500,0.0,0.0
2016-04-28 00:00:00-04:00,87.86000061035156,88.77999877929688,87.5,88.02999877929688,58.898746490478516,11276200,0.0,0.0
2016-04-29 00:00:00-04:00,88.68000030517578,89.77999877929688,87.73999786376953,88.4000015258789,59.14630889892578,17885900,0.0,0.0
2016-05-02 00:00:00-04:00,88.23999786376953,89.4800033569336,88.08000183105469,89.12999725341797,59.63472366333008,10273700,0.0,0.0
2016-05-03 00:00:00-04:00,88.4000015258789,88.62999725341797,87.36000061035156,88.11000061035156,58.95227813720703,10137400,0.0,0.0
2016-05-04 00:00:00-04:00,88.30000305175781,88.73999786376953,87.5999984741211,87.94000244140625,58.83853530883789,10601100,0.0,0.0
2016-05-05 00:00:00-04:00,88.76000213623047,88.97000122070312,87.62000274658203,88.04000091552734,58.90545654296875,8721100,0.0,0.0
2016-05-06 00:00:00-04:00,87.45999908447266,88.68000030517578,87.45999908447266,88.51000213623047,59.21991729736328,7968400,0.0,0.0
2016-05-09 00:00:00-04:00,88.5999984741211,88.76000213623047,87.2300033569336,88.56999969482422,59.260047912597656,11159500,0.0,0.0
2016-05-10 00:00:00-04:00,88.9000015258789,90.0,88.81999969482422,89.98999786376953,60.21012878417969,12509100,0.0,0.0
2016-05-11 00:00:00-04:00,89.16000366210938,89.68000030517578,88.72000122070312,88.80999755859375,59.920021057128906,11660200,0.75,0.0
2016-05-12 00:00:00-04:00,89.80000305175781,89.93000030517578,89.1500015258789,89.66999816894531,60.500267028808594,10720500,0.0,0.0
2016-05-13 00:00:00-04:00,89.27999877929688,89.66000366210938,88.51000213623047,88.66000366210938,59.81882095336914,9721100,0.0,0.0
2016-05-16 00:00:00-04:00,89.19999694824219,89.66999816894531,89.0,89.56999969482422,60.43278503417969,8638700,0.0,0.0
2016-05-17 00:00:00-04:00,89.2699966430664,89.91000366210938,89.16000366210938,89.52999877929688,60.40580368041992,9835600,0.0,0.0
2016-05-18 00:00:00-04:00,89.80000305175781,90.0,88.6500015258789,89.3499984741211,60.28436279296875,9680300,0.0,0.0
2016-05-19 00:00:00-04:00,88.61000061035156,90.16000366210938,88.44999694824219,90.11000061035156,60.797142028808594,14397900,0.0,0.0
2016-05-20 00:00:00-04:00,90.38999938964844,90.4000015258789,89.37999725341797,89.73999786376953,60.547481536865234,13191900,0.0,0.0
2016-05-23 00:00:00-04:00,89.0,89.9000015258789,88.81999969482422,89.5999984741211,60.453033447265625,11766100,0.0,0.0
2016-05-24 00:00:00-04:00,89.88999938964844,90.4000015258789,89.55000305175781,89.66999816894531,60.500267028808594,10056600,0.0,0.0
2016-05-25 00:00:00-04:00,89.8499984741211,90.37000274658203,89.58999633789062,90.26000213623047,60.898338317871094,9578400,0.0,0.0
2016-05-26 00:00:00-04:00,90.25,90.45999908447266,89.2699966430664,89.80000305175781,60.58798599243164,7867900,0.0,0.0
2016-05-27 00:00:00-04:00,89.4000015258789,90.05000305175781,89.31999969482422,90.01000213623047,60.729637145996094,7505900,0.0,0.0
2016-05-31 00:00:00-04:00,90.0,90.19999694824219,88.7300033569336,89.0199966430664,60.06170654296875,13178800,0.0,0.0
2016-06-01 00:00:00-04:00,88.43000030517578,89.44999694824219,88.12999725341797,89.23999786376953,60.21012878417969,7994800,0.0,0.0
2016-06-02 00:00:00-04:00,88.20999908447266,88.52999877929688,87.61000061035156,88.52999877929688,59.73111343383789,9837500,0.0,0.0
2016-06-03 00:00:00-04:00,88.44000244140625,88.83000183105469,88.02999877929688,88.37000274658203,59.6231689453125,9367100,0.0,0.0
2016-06-06 00:00:00-04:00,88.87000274658203,89.5,88.69000244140625,89.33999633789062,60.277610778808594,8573000,0.0,0.0
2016-06-07 00:00:00-04:00,89.75,90.91999816894531,89.70999908447266,90.70999908447266,61.20196533203125,12889100,0.0,0.0
2016-06-08 00:00:00-04:00,91.02999877929688,91.30000305175781,90.52999877929688,90.79000091552734,61.25592803955078,9983000,0.0,0.0
2016-06-09 00:00:00-04:00,90.18000030517578,91.02999877929688,90.11000061035156,90.66999816894531,61.174957275390625,8974300,0.0,0.0
2016-06-10 00:00:00-04:00,90.4000015258789,90.91999816894531,89.77999877929688,89.9800033569336,60.70943069458008,10353800,0.0,0.0
2016-06-13 00:00:00-04:00,89.91999816894531,91.43000030517578,89.69999694824219,90.58999633789062,61.120975494384766,11370000,0.0,0.0
2016-06-14 00:00:00-04:00,90.44999694824219,90.87000274658203,89.8499984741211,90.43000030517578,61.0130500793457,10161000,0.0,0.0
2016-06-15 00:00:00-04:00,90.2300033569336,90.9000015258789,90.0,90.16000366210938,60.83086395263672,10655800,0.0,0.0
2016-06-16 00:00:00-04:00,89.69999694824219,91.38999938964844,89.11000061035156,91.22000122070312,61.54603958129883,12824800,0.0,0.0
2016-06-17 00:00:00-04:00,91.48999786376953,91.58999633789062,90.19000244140625,90.72000122070312,61.20869445800781,17483200,0.0,0.0
2016-06-20 00:00:00-04:00,91.29000091552734,91.58999633789062,91.06999969482422,91.12000274658203,61.47858810424805,9388500,0.0,0.0
2016-06-21 00:00:00-04:00,90.72000122070312,91.63999938964844,90.25,91.52999877929688,61.75519561767578,8557500,0.0,0.0
2016-06-22 00:00:00-04:00,91.83999633789062,91.93000030517578,91.01000213623047,91.16999816894531,61.51232147216797,8785400,0.0,0.0
2016-06-23 00:00:00-04:00,91.93000030517578,92.06999969482422,91.19000244140625,91.80000305175781,61.937374114990234,9464500,0.0,0.0
2016-06-24 00:00:00-04:00,89.87999725341797,90.80000305175781,89.1500015258789,89.38999938964844,60.31135559082031,20010500,0.0,0.0
2016-06-27 00:00:00-04:00,88.9000015258789,89.0999984741211,88.11000061035156,88.86000061035156,59.95376205444336,14169400,0.0,0.0
2016-06-28 00:00:00-04:00,89.7300033569336,90.93000030517578,89.5199966430664,90.91000366210938,61.336910247802734,13254300,0.0,0.0
2016-06-29 00:00:00-04:00,91.41000366210938,92.69999694824219,91.12000274658203,92.45999908447266,62.38267517089844,13920600,0.0,0.0
2016-06-30 00:00:00-04:00,92.33000183105469,93.83000183105469,92.30000305175781,93.73999786376953,63.246273040771484,14073700,0.0,0.0
2016-07-01 00:00:00-04:00,93.36000061035156,93.9800033569336,93.06999969482422,93.83999633789062,63.31373596191406,9946300,0.0,0.0
2016-07-05 00:00:00-04:00,93.12000274658203,93.5999984741211,92.25,93.0199966430664,62.760494232177734,10744100,0.0,0.0
2016-07-06 00:00:00-04:00,93.3499984741211,94.12000274658203,92.44000244140625,94.08999633789062,63.4824333190918,13144400,0.0,0.0
2016-07-07 00:00:00-04:00,94.33999633789062,94.48999786376953,92.3499984741211,92.95999908447266,62.720027923583984,12240700,0.0,0.0
2016-07-08 00:00:00-04:00,93.38999938964844,93.77999877929688,92.91999816894531,93.54000091552734,63.1113395690918,9807600,0.0,0.0
2016-07-11 00:00:00-04:00,93.75,94.41000366210938,93.6500015258789,93.88999938964844,63.34748840332031,8335700,0.0,0.0
2016-07-12 00:00:00-04:00,94.66999816894531,94.94999694824219,94.08999633789062,94.94999694824219,64.06267547607422,9870800,0.0,0.0
2016-07-13 00:00:00-04:00,94.6500015258789,94.91999816894531,94.11000061035156,94.87999725341797,64.01546478271484,9458200,0.0,0.0
2016-07-14 00:00:00-04:00,95.05000305175781,95.52999877929688,94.62000274658203,94.94999694824219,64.06267547607422,9293500,0.0,0.0
2016-07-15 00:00:00-04:00,95.44000244140625,95.55000305175781,94.63999938964844,95.12000274658203,64.1773681640625,10334500,0.0,0.0
2016-07-18 00:00:00-04:00,94.91999816894531,95.1500015258789,94.4000015258789,94.81999969482422,63.97494125366211,9865900,0.0,0.0
2016-07-19 00:00:00-04:00,94.76000213623047,94.94000244140625,94.19999694824219,94.47000122070312,63.73882293701172,5901800,0.0,0.0
2016-07-20 00:00:00-04:00,94.25,94.41999816894531,93.80000305175781,93.93000030517578,63.374488830566406,7383800,0.0,0.0
2016-07-21 00:00:00-04:00,93.88999938964844,94.26000213623047,93.45999908447266,93.8499984741211,63.32050323486328,6854600,0.0,0.0
2016-07-22 00:00:00-04:00,94.11000061035156,94.29000091552734,93.72000122070312,94.01000213623047,63.42845153808594,7139700,0.0,0.0
2016-07-25 00:00:00-04:00,93.47000122070312,93.62000274658203,91.76000213623047,92.19999694824219,62.20726013183594,10845900,0.0,0.0
2016-07-26 00:00:00-04:00,91.62999725341797,92.02999877929688,91.11000061035156,91.52999877929688,61.75519561767578,12143500,0.0,0.0
2016-07-27 00:00:00-04:00,91.51000213623047,91.80999755859375,90.62999725341797,90.91000366210938,61.336910247802734,10037900,0.0,0.0
2016-07-28 00:00:00-04:00,90.54000091552734,90.7300033569336,89.61000061035156,90.19999694824219,60.85786819458008,12439200,0.0,0.0
2016-07-29 00:00:00-04:00,87.61000061035156,89.01000213623047,86.12000274658203,88.94999694824219,60.01448059082031,23928100,0.0,0.0
2016-08-01 00:00:00-04:00,88.08000183105469,88.1500015258789,85.58999633789062,85.86000061035156,57.92964172363281,22908400,0.0,0.0
2016-08-02 00:00:00-04:00,86.44999694824219,87.31999969482422,85.58000183105469,87.04000091552734,58.72579574584961,18919200,0.0,0.0
2016-08-03 00:00:00-04:00,87.01000213623047,87.48999786376953,86.5999984741211,87.48999786376953,59.0294189453125,14632900,0.0,0.0
2016-08-04 00:00:00-04:00,87.5,87.6500015258789,87.02999877929688,87.4800033569336,59.02267837524414,13451400,0.0,0.0
2016-08-05 00:00:00-04:00,87.7300033569336,87.83000183105469,87.1500015258789,87.55999755859375,59.07664108276367,9617300,0.0,0.0
2016-08-08 00:00:00-04:00,88.05000305175781,88.88999938964844,88.02999877929688,88.58999633789062,59.771575927734375,10492700,0.0,0.0
2016-08-09 00:00:00-04:00,88.62000274658203,88.76000213623047,88.18000030517578,88.69999694824219,59.84580993652344,9654600,0.0,0.0
2016-08-10 00:00:00-04:00,87.77999877929688,87.91999816894531,86.01000213623047,86.41000366210938,58.797916412353516,12714800,0.75,0.0
2016-08-11 00:00:00-04:00,86.69000244140625,87.2699966430664,86.26000213623047,86.72000122070312,59.00884246826172,11616000,0.0,0.0
2016-08-12 00:00:00-04:00,86.95999908447266,87.9800033569336,86.9000015258789,87.8499984741211,59.77774429321289,9986900,0.0,0.0
2016-08-15 00:00:00-04:00,88.41999816894531,88.5,87.63999938964844,87.80999755859375,59.75053787231445,6432600,0.0,0.0
2016-08-16 00:00:00-04:00,87.83000183105469,88.18000030517578,87.37000274658203,87.91999816894531,59.82539367675781,6817900,0.0,0.0
2016-08-17 00:00:00-04:00,87.91999816894531,88.18000030517578,87.66000366210938,88.11000061035156,59.954673767089844,7104600,0.0,0.0
2016-08-18 00:00:00-04:00,88.37999725341797,88.94000244140625,88.12000274658203,88.91000366210938,60.49904251098633,10342700,0.0,0.0
2016-08-19 00:00:00-04:00,88.62999725341797,88.73999786376953,87.79000091552734,87.80000305175781,59.743743896484375,8615300,0.0,0.0
2016-08-22 00:00:00-04:00,87.30999755859375,88.0999984741211,86.8499984741211,87.98999786376953,59.87301254272461,8235400,0.0,0.0
2016-08-23 00:00:00-04:00,87.83999633789062,88.0199966430664,87.55999755859375,87.72000122070312,59.68929672241211,6514800,0.0,0.0
2016-08-24 00:00:00-04:00,87.5,88.16000366210938,87.3499984741211,88.0199966430664,59.893436431884766,7985400,0.0,0.0
2016-08-25 00:00:00-04:00,88.0199966430664,88.02999877929688,87.23999786376953,87.45999908447266,59.51239013671875,6935300,0.0,0.0
2016-08-26 00:00:00-04:00,87.62999725341797,88.11000061035156,87.0,87.2699966430664,59.383087158203125,6474400,0.0,0.0
2016-08-29 00:00:00-04:00,87.04000091552734,87.91999816894531,87.04000091552734,87.83999633789062,59.77094650268555,7027200,0.0,0.0
2016-08-30 00:00:00-04:00,87.87000274658203,88.25,87.37000274658203,87.5199966430664,59.55320739746094,6441100,0.0,0.0
2016-08-31 00:00:00-04:00,87.13999938964844,87.20999908447266,86.22000122070312,87.13999938964844,59.294639587402344,12491400,0.0,0.0
2016-09-01 00:00:00-04:00,86.72000122070312,86.83999633789062,86.08999633789062,86.83999633789062,59.09050750732422,8434700,0.0,0.0
2016-09-02 00:00:00-04:00,87.41999816894531,87.58000183105469,86.93000030517578,87.41999816894531,59.48516082763672,7099600,0.0,0.0
2016-09-06 00:00:00-04:00,87.83999633789062,88.63999938964844,87.66000366210938,88.56999969482422,60.267677307128906,9851200,0.0,0.0
2016-09-07 00:00:00-04:00,88.6500015258789,88.66999816894531,87.97000122070312,88.23999786376953,60.04314041137695,7470400,0.0,0.0
2016-09-08 00:00:00-04:00,88.55000305175781,89.37000274658203,88.04000091552734,89.05000305175781,60.59431838989258,9579500,0.0,0.0
2016-09-09 00:00:00-04:00,88.66000366210938,88.66000366210938,86.80000305175781,86.83999633789062,59.09050750732422,12820200,0.0,0.0
2016-09-12 00:00:00-04:00,86.77999877929688,87.70999908447266,86.62999725341797,87.29000091552734,59.396705627441406,10889000,0.0,0.0
2016-09-13 00:00:00-04:00,86.45999908447266,86.47000122070312,85.08000183105469,85.20999908447266,57.98136901855469,13214300,0.0,0.0
2016-09-14 00:00:00-04:00,85.04000091552734,85.83000183105469,84.2699966430664,84.5999984741211,57.5662841796875,13957000,0.0,0.0
2016-09-15 00:00:00-04:00,84.66999816894531,85.6500015258789,84.5199966430664,85.08000183105469,57.892921447753906,9062600,0.0,0.0
2016-09-16 00:00:00-04:00,84.51000213623047,85.05000305175781,83.55999755859375,84.02999877929688,57.17842102050781,21538400,0.0,0.0
2016-09-19 00:00:00-04:00,84.58000183105469,84.62000274658203,83.80999755859375,83.83000183105469,57.04234313964844,7929100,0.0,0.0
2016-09-20 00:00:00-04:00,83.7300033569336,83.94999694824219,82.54000091552734,82.54000091552734,56.164573669433594,17522000,0.0,0.0
2016-09-21 00:00:00-04:00,82.81999969482422,83.62000274658203,82.30999755859375,83.30000305175781,56.681678771972656,15055900,0.0,0.0
2016-09-22 00:00:00-04:00,84.27999877929688,84.55000305175781,83.37999725341797,83.54000091552734,56.84501266479492,10738500,0.0,0.0
2016-09-23 00:00:00-04:00,82.68000030517578,84.30999755859375,82.58999633789062,83.44999694824219,56.78376770019531,12667100,0.0,0.0
2016-09-26 00:00:00-04:00,83.5199966430664,84.5,82.93000030517578,83.05999755859375,56.51838302612305,10860300,0.0,0.0
2016-09-27 00:00:00-04:00,82.58999633789062,83.33999633789062,82.29000091552734,83.23999786376953,56.640872955322266,9595000,0.0,0.0
2016-09-28 00:00:00-04:00,83.45999908447266,87.2300033569336,83.33999633789062,86.9000015258789,59.13132858276367,28117900,0.0,0.0
2016-09-29 00:00:00-04:00,86.97000122070312,87.19999694824219,85.68000030517578,86.45999908447266,58.83192443847656,19082900,0.0,0.0
2016-09-30 00:00:00-04:00,86.83999633789062,87.80999755859375,86.6500015258789,87.27999877929688,59.389888763427734,15961500,0.0,0.0
2016-10-03 00:00:00-04:00,86.94000244140625,87.19999694824219,86.54000091552734,87.05000305175781,59.23340606689453,7111200,0.0,0.0
2016-10-04 00:00:00-04:00,87.37999725341797,87.5,86.06999969482422,86.25,58.68905258178711,8222000,0.0,0.0
2016-10-05 00:00:00-04:00,86.83000183105469,87.16999816894531,86.69999694824219,87.0,59.19937515258789,8796200,0.0,0.0
2016-10-06 00:00:00-04:00,87.25,87.47000122070312,86.44000244140625,87.04000091552734,59.226585388183594,7718300,0.0,0.0
2016-10-07 00:00:00-04:00,86.94999694824219,87.4000015258789,86.41999816894531,86.73999786376953,59.02243423461914,6614900,0.0,0.0
2016-10-10 00:00:00-04:00,87.54000091552734,88.66999816894531,87.51000213623047,88.44000244140625,60.179222106933594,10060000,0.0,0.0
2016-10-11 00:00:00-04:00,88.08000183105469,88.19000244140625,87.30000305175781,87.73999786376953,59.70289611816406,9309000,0.0,0.0
2016-10-12 00:00:00-04:00,87.22000122070312,87.72000122070312,86.66999816894531,87.12999725341797,59.287837982177734,8172600,0.0,0.0
2016-10-13 00:00:00-04:00,86.3499984741211,86.87000274658203,85.43000030517578,86.55999755859375,58.89997100830078,9890300,0.0,0.0
2016-10-14 00:00:00-04:00,87.19000244140625,87.54000091552734,86.4800033569336,86.54000091552734,58.88636016845703,7991700,0.0,0.0
2016-10-17 00:00:00-04:00,86.4800033569336,86.79000091552734,86.06999969482422,86.54000091552734,58.88636016845703,7263100,0.0,0.0
2016-10-18 00:00:00-04:00,87.16999816894531,87.33000183105469,86.37999725341797,86.7699966430664,59.0428581237793,5429300,0.0,0.0
2016-10-19 00:00:00-04:00,87.19000244140625,87.8499984741211,86.87999725341797,87.16999816894531,59.31503677368164,9373400,0.0,0.0
2016-10-20 00:00:00-04:00,86.79000091552734,87.5,86.5999984741211,87.20999908447266,59.342281341552734,6866900,0.0,0.0
2016-10-21 00:00:00-04:00,86.41999816894531,86.81999969482422,85.69999694824219,86.62000274658203,58.9408073425293,10736200,0.0,0.0
2016-10-24 00:00:00-04:00,86.73999786376953,87.31999969482422,86.06999969482422,86.91000366210938,59.13814926147461,8354900,0.0,0.0
2016-10-25 00:00:00-04:00,86.66999816894531,87.6500015258789,86.5999984741211,86.72000122070312,59.00884246826172,6835900,0.0,0.0
2016-10-26 00:00:00-04:00,86.25,87.44999694824219,85.94999694824219,87.08999633789062,59.2606086730957,8488100,0.0,0.0
2016-10-27 00:00:00-04:00,87.27999877929688,87.66000366210938,86.80000305175781,86.91999816894531,59.14493942260742,9071100,0.0,0.0
2016-10-28 00:00:00-04:00,85.27999877929688,86.36000061035156,84.13999938964844,84.77999877929688,57.68877410888672,19072200,0.0,0.0
2016-10-31 00:00:00-04:00,83.87999725341797,84.4000015258789,82.98999786376953,83.31999969482422,56.695308685302734,16663800,0.0,0.0
2016-11-01 00:00:00-04:00,83.5,83.91999816894531,83.2699966430664,83.6500015258789,56.919864654541016,13050600,0.0,0.0
2016-11-02 00:00:00-04:00,83.30000305175781,83.87999725341797,82.94000244140625,83.44999694824219,56.78376770019531,11226100,0.0,0.0
2016-11-03 00:00:00-04:00,83.68000030517578,83.87999725341797,83.05000305175781,83.66000366210938,56.92668151855469,8836500,0.0,0.0
2016-11-04 00:00:00-04:00,83.62999725341797,84.33000183105469,82.76000213623047,83.56999969482422,56.86540603637695,13877100,0.0,0.0
2016-11-07 00:00:00-05:00,84.48999786376953,85.47000122070312,84.4000015258789,85.44999694824219,58.14466094970703,13576200,0.0,0.0
2016-11-08 00:00:00-05:00,84.7300033569336,85.83000183105469,84.48999786376953,85.30999755859375,58.56343460083008,9735200,0.75,0.0
2016-11-09 00:00:00-05:00,84.05000305175781,86.70999908447266,83.66000366210938,86.25,59.2087287902832,15901300,0.0,0.0
2016-11-10 00:00:00-05:00,85.91000366210938,87.98999786376953,85.66000366210938,87.05000305175781,59.757904052734375,14106100,0.0,0.0
2016-11-11 00:00:00-05:00,86.52999877929688,86.7300033569336,84.88999938964844,85.66999816894531,58.8105583190918,13812200,0.0,0.0
2016-11-14 00:00:00-05:00,85.30000305175781,85.6500015258789,84.33000183105469,85.27999877929688,58.5428352355957,12607500,0.0,0.0
2016-11-15 00:00:00-05:00,85.7699966430664,87.05999755859375,85.7699966430664,86.81999969482422,59.600006103515625,12883500,0.0,0.0
2016-11-16 00:00:00-05:00,86.73999786376953,86.77999877929688,85.58000183105469,85.75,58.865474700927734,8201200,0.0,0.0
2016-11-17 00:00:00-05:00,86.44000244140625,86.87999725341797,85.0199966430664,85.2300033569336,58.508522033691406,8200500,0.0,0.0
2016-11-18 00:00:00-05:00,85.20999908447266,85.6500015258789,84.83000183105469,85.27999877929688,58.5428352355957,8457800,0.0,0.0
2016-11-21 00:00:00-05:00,86.44000244140625,86.69000244140625,86.13999938964844,86.48999786376953,59.373470306396484,8861500,0.0,0.0
2016-11-22 00:00:00-05:00,86.69000244140625,87.23999786376953,85.97000122070312,86.68000030517578,59.50389099121094,9390200,0.0,0.0
2016-11-23 00:00:00-05:00,86.54000091552734,87.08000183105469,86.30999755859375,86.91999816894531,59.66865921020508,5996300,0.0,0.0
2016-11-25 00:00:00-05:00,86.70999908447266,87.13999938964844,86.54000091552734,87.12000274658203,59.80595016479492,5042300,0.0,0.0
2016-11-28 00:00:00-05:00,86.94999694824219,87.12999725341797,86.37000274658203,86.47000122070312,59.359737396240234,7449600,0.0,0.0
2016-11-29 00:00:00-05:00,85.41999816894531,86.08000183105469,85.08000183105469,85.9000015258789,58.968441009521484,9181100,0.0,0.0
2016-11-30 00:00:00-05:00,87.5999984741211,88.19000244140625,87.19999694824219,87.30000305175781,59.929508209228516,22696200,0.0,0.0
2016-12-01 00:00:00-05:00,87.9800033569336,88.5,87.23999786376953,87.23999786376953,59.888336181640625,13005600,0.0,0.0
2016-12-02 00:00:00-05:00,87.19000244140625,87.98999786376953,86.5999984741211,87.04000091552734,59.75102233886719,9706600,0.0,0.0
2016-12-05 00:00:00-05:00,87.38999938964844,87.81999969482422,86.91999816894531,87.4800033569336,60.05308151245117,11741100,0.0,0.0
2016-12-06 00:00:00-05:00,87.2699966430664,87.87000274658203,86.69999694824219,87.55999755859375,60.10800552368164,11293600,0.0,0.0
2016-12-07 00:00:00-05:00,87.62999725341797,88.1500015258789,87.19999694824219,88.06999969482422,60.458106994628906,11182600,0.0,0.0
2016-12-08 00:00:00-05:00,88.05000305175781,88.8499984741211,87.6500015258789,88.31999969482422,60.629730224609375,9086700,0.0,0.0
2016-12-09 00:00:00-05:00,88.63999938964844,89.0,88.18000030517578,89.0,61.096527099609375,8021700,0.0,0.0
2016-12-12 00:00:00-05:00,90.13999938964844,91.5,90.13999938964844,90.9800033569336,62.45576095581055,15545400,0.0,0.0
2016-12-13 00:00:00-05:00,91.88999938964844,93.22000122070312,91.16999816894531,92.58000183105469,63.55412292480469,18829300,0.0,0.0
2016-12-14 00:00:00-05:00,92.26000213623047,92.2699966430664,90.16999816894531,90.58000183105469,62.181156158447266,16325400,0.0,0.0
2016-12-15 00:00:00-05:00,90.0999984741211,90.9800033569336,89.76000213623047,90.88999938964844,62.393959045410156,11155100,0.0,0.0
2016-12-16 00:00:00-05:00,91.5199966430664,91.66999816894531,90.63999938964844,91.18000030517578,62.59305953979492,20560400,0.0,0.0
2016-12-19 00:00:00-05:00,91.37999725341797,91.54000091552734,90.19999694824219,90.41999816894531,62.07129669189453,9674400,0.0,0.0
2016-12-20 00:00:00-05:00,90.51000213623047,90.8499984741211,90.29000091552734,90.43000030517578,62.07819366455078,7221000,0.0,0.0
2016-12-21 00:00:00-05:00,90.68000030517578,90.9000015258789,90.18000030517578,90.27999877929688,61.97522735595703,7308000,0.0,0.0
2016-12-22 00:00:00-05:00,90.0199966430664,90.9000015258789,90.0199966430664,90.87000274658203,62.380245208740234,8003100,0.0,0.0
2016-12-23 00:00:00-05:00,90.88999938964844,90.95999908447266,90.5199966430664,90.70999908447266,62.2703971862793,4266500,0.0,0.0
2016-12-27 00:00:00-05:00,90.83000183105469,91.11000061035156,90.58000183105469,90.75,62.29786682128906,4960600,0.0,0.0
2016-12-28 00:00:00-05:00,90.68000030517578,91.11000061035156,90.26000213623047,90.30000305175781,61.98894119262695,6745900,0.0,0.0
2016-12-29 00:00:00-05:00,90.0999984741211,90.5999984741211,90.02999877929688,90.3499984741211,62.02326965332031,6684700,0.0,0.0
2016-12-30 00:00:00-05:00,90.02999877929688,90.69999694824219,90.01000213623047,90.26000213623047,61.961483001708984,9117800,0.0,0.0
2017-01-03 00:00:00-05:00,90.94000244140625,91.33999633789062,90.1500015258789,90.88999938964844,62.393959045410156,10360600,0.0,0.0
2017-01-04 00:00:00-05:00,91.12000274658203,91.1500015258789,89.75,89.88999938964844,61.70746994018555,9434200,0.0,0.0
2017-01-05 00:00:00-05:00,90.19000244140625,90.30000305175781,88.44000244140625,88.55000305175781,60.7876091003418,14443200,0.0,0.0
2017-01-06 00:00:00-05:00,88.79000091552734,88.9800033569336,87.81999969482422,88.5,60.7532958984375,16518100,0.0,0.0
2017-01-09 00:00:00-05:00,88.22000122070312,88.22000122070312,86.55000305175781,87.04000091552734,59.75102233886719,13762300,0.0,0.0
2017-01-10 00:00:00-05:00,87.16999816894531,87.30999755859375,85.91000366210938,85.93000030517578,58.989044189453125,13283100,0.0,0.0
2017-01-11 00:00:00-05:00,85.9000015258789,86.94999694824219,85.86000061035156,86.80999755859375,59.593135833740234,11183700,0.0,0.0
2017-01-12 00:00:00-05:00,87.2699966430664,87.37999725341797,86.06999969482422,86.33999633789062,59.27050018310547,10407000,0.0,0.0
2017-01-13 00:00:00-05:00,86.2699966430664,86.68000030517578,86.16999816894531,86.3499984741211,59.27736282348633,8415600,0.0,0.0
2017-01-17 00:00:00-05:00,86.58000183105469,87.38999938964844,86.25,87.36000061035156,59.97068786621094,13237300,0.0,0.0
2017-01-18 00:00:00-05:00,87.05999755859375,87.41000366210938,86.05000305175781,86.27999877929688,59.22929763793945,11831700,0.0,0.0
2017-01-19 00:00:00-05:00,85.97000122070312,86.0999984741211,84.58999633789062,84.7300033569336,58.165252685546875,16382900,0.0,0.0
2017-01-20 00:00:00-05:00,85.44000244140625,85.95999908447266,85.05000305175781,85.88999938964844,58.96157455444336,18739700,0.0,0.0
2017-01-23 00:00:00-05:00,85.68000030517578,85.87999725341797,84.75,84.97000122070312,58.330020904541016,11433900,0.0,0.0
2017-01-24 00:00:00-05:00,84.9800033569336,85.47000122070312,84.83000183105469,85.08999633789062,58.41239547729492,11858100,0.0,0.0
2017-01-25 00:00:00-05:00,85.33999633789062,85.87999725341797,85.25,85.33999633789062,58.584014892578125,9578500,0.0,0.0
2017-01-26 00:00:00-05:00,85.69000244140625,85.83000183105469,85.12000274658203,85.5999984741211,58.76250457763672,8779400,0.0,0.0
2017-01-27 00:00:00-05:00,85.30000305175781,85.75,85.04000091552734,85.51000213623047,58.700721740722656,10947900,0.0,0.0
2017-01-30 00:00:00-05:00,85.41999816894531,85.44999694824219,84.18000030517578,84.86000061035156,58.254512786865234,12789200,0.0,0.0
2017-01-31 00:00:00-05:00,85.04000091552734,85.06999969482422,83.12999725341797,83.88999938964844,57.588626861572266,19128100,0.0,0.0
2017-02-01 00:00:00-05:00,84.0,84.16000366210938,82.54000091552734,82.94000244140625,56.93647003173828,15111800,0.0,0.0
2017-02-02 00:00:00-05:00,83.20999908447266,83.52999877929688,82.55000305175781,83.44999694824219,57.28657913208008,12200100,0.0,0.0
2017-02-03 00:00:00-05:00,83.69999694824219,83.72000122070312,82.9000015258789,83.54000091552734,57.348365783691406,12746300,0.0,0.0
2017-02-06 00:00:00-05:00,83.55000305175781,83.6500015258789,82.93000030517578,83.30999755859375,57.19047546386719,9938200,0.0,0.0
2017-02-07 00:00:00-05:00,83.2300033569336,83.62000274658203,82.44999694824219,82.7699966430664,56.81977081298828,11705200,0.0,0.0
2017-02-08 00:00:00-05:00,81.98999786376953,82.12000274658203,81.16999816894531,81.4800033569336,56.4456901550293,14006300,0.75,0.0
2017-02-09 00:00:00-05:00,81.4800033569336,82.05000305175781,81.4800033569336,81.83999633789062,56.69508743286133,9603000,0.0,0.0
2017-02-10 00:00:00-05:00,82.26000213623047,82.7699966430664,82.12999725341797,82.5199966430664,57.16615295410156,8739800,0.0,0.0
2017-02-13 00:00:00-05:00,82.7699966430664,83.18000030517578,82.3499984741211,83.0,57.49867630004883,9071600,0.0,0.0
2017-02-14 00:00:00-05:00,82.91000366210938,83.0999984741211,82.05999755859375,82.81999969482422,57.373985290527344,11370500,0.0,0.0
2017-02-15 00:00:00-05:00,82.63999938964844,83.18000030517578,82.45999908447266,83.16000366210938,57.6094970703125,11768500,0.0,0.0
2017-02-16 00:00:00-05:00,83.12000274658203,83.41999816894531,82.16999816894531,82.30000305175781,57.01375961303711,10615000,0.0,0.0
2017-02-17 00:00:00-05:00,82.08999633789062,82.19000244140625,81.44000244140625,81.76000213623047,56.63967514038086,15646000,0.0,0.0
2017-02-21 00:00:00-05:00,82.12000274658203,82.1500015258789,81.30000305175781,81.88999938964844,56.72972869873047,16419600,0.0,0.0
2017-02-22 00:00:00-05:00,81.6500015258789,81.69999694824219,80.87000274658203,80.93000030517578,56.0646858215332,12917400,0.0,0.0
2017-02-23 00:00:00-05:00,81.41999816894531,82.22000122070312,81.02999877929688,81.77999877929688,56.65350341796875,13847000,0.0,0.0
2017-02-24 00:00:00-05:00,81.5999984741211,81.80000305175781,80.76000213623047,81.08000183105469,56.168582916259766,11338700,0.0,0.0
2017-02-27 00:00:00-05:00,81.12999725341797,81.70999908447266,80.80999755859375,81.54000091552734,56.48725128173828,13465900,0.0,0.0
2017-02-28 00:00:00-05:00,81.52999877929688,81.98999786376953,81.05000305175781,81.31999969482422,56.334842681884766,16834200,0.0,0.0
2017-03-01 00:00:00-05:00,81.69999694824219,83.33000183105469,81.69999694824219,83.0199966430664,57.51251983642578,17482100,0.0,0.0
2017-03-02 00:00:00-05:00,82.80000305175781,84.25,82.79000091552734,83.30000305175781,57.70650100708008,14170300,0.0,0.0
2017-03-03 00:00:00-05:00,83.30000305175781,83.5999984741211,82.26000213623047,82.45999908447266,57.12458419799805,12190400,0.0,0.0
2017-03-06 00:00:00-05:00,82.44000244140625,82.9000015258789,82.33000183105469,82.83000183105469,57.38089370727539,9617200,0.0,0.0
2017-03-07 00:00:00-05:00,83.11000061035156,83.29000091552734,82.13999938964844,82.5199966430664,57.16615295410156,12711500,0.0,0.0
2017-03-08 00:00:00-05:00,82.3499984741211,82.37999725341797,81.01000213623047,81.02999877929688,56.13393783569336,16817700,0.0,0.0
2017-03-09 00:00:00-05:00,80.63999938964844,81.72000122070312,80.30999755859375,81.66999816894531,56.57730484008789,14721800,0.0,0.0
2017-03-10 00:00:00-05:00,82.44000244140625,82.47000122070312,81.16000366210938,81.61000061035156,56.53573226928711,11355200,0.0,0.0
2017-03-13 00:00:00-04:00,81.5,81.94000244140625,81.05000305175781,81.41999816894531,56.40410614013672,9571400,0.0,0.0
2017-03-14 00:00:00-04:00,81.0,81.2300033569336,80.44000244140625,80.98999786376953,56.106231689453125,11335700,0.0,0.0
2017-03-15 00:00:00-04:00,81.3499984741211,82.05999755859375,81.05000305175781,82.0,56.805908203125,11970300,0.0,0.0
2017-03-16 00:00:00-04:00,82.02999877929688,82.19999694824219,81.66999816894531,82.06999969482422,56.854400634765625,9923800,0.0,0.0
2017-03-17 00:00:00-04:00,82.02999877929688,82.26000213623047,81.81999969482422,82.0,56.805908203125,18834100,0.0,0.0
2017-03-20 00:00:00-04:00,81.72000122070312,82.04000091552734,81.44000244140625,82.0,56.805908203125,7700300,0.0,0.0
2017-03-21 00:00:00-04:00,82.16000366210938,82.3499984741211,81.5999984741211,81.83000183105469,56.68815612792969,13387700,0.0,0.0
2017-03-22 00:00:00-04:00,81.95999908447266,82.08999633789062,81.43000030517578,81.76000213623047,56.63967514038086,11168400,0.0,0.0
2017-03-23 00:00:00-04:00,81.62999725341797,82.22000122070312,81.45999908447266,81.86000061035156,56.70892333984375,8928000,0.0,0.0
2017-03-24 00:00:00-04:00,82.02999877929688,82.02999877929688,81.1500015258789,81.2300033569336,56.272499084472656,9128500,0.0,0.0
2017-03-27 00:00:00-04:00,80.81999969482422,81.43000030517578,80.79000091552734,81.25,56.286354064941406,8481200,0.0,0.0
2017-03-28 00:00:00-04:00,81.31999969482422,82.0199966430664,80.95999908447266,81.83999633789062,56.69508743286133,11028600,0.0,0.0
2017-03-29 00:00:00-04:00,81.69000244140625,82.27999877929688,81.55000305175781,82.0199966430664,56.81977081298828,8495500,0.0,0.0
2017-03-30 00:00:00-04:00,82.02999877929688,83.87000274658203,81.94000244140625,83.69999694824219,57.98358917236328,44704900,0.0,0.0
2017-03-31 00:00:00-04:00,83.26000213623047,83.30999755859375,81.86000061035156,82.01000213623047,56.81285858154297,21750400,0.0,0.0
2017-04-03 00:00:00-04:00,82.0199966430664,82.30999755859375,81.3499984741211,82.06999969482422,56.854400634765625,11438700,0.0,0.0
2017-04-04 00:00:00-04:00,82.0999984741211,82.41999816894531,81.33000183105469,82.37000274658203,57.06223678588867,9270900,0.0,0.0
2017-04-05 00:00:00-04:00,82.8499984741211,83.55000305175781,82.47000122070312,82.52999877929688,57.17307662963867,13809100,0.0,0.0
2017-04-06 00:00:00-04:00,82.75,83.20999908447266,82.45999908447266,83.01000213623047,57.50559616088867,9554900,0.0,0.0
2017-04-07 00:00:00-04:00,83.23999786376953,83.36000061035156,82.68000030517578,82.76000213623047,57.3324089050293,8909600,0.0,0.0
2017-04-10 00:00:00-04:00,83.12000274658203,83.47000122070312,82.91999816894531,83.12999725341797,57.58872604370117,8885300,0.0,0.0
2017-04-11 00:00:00-04:00,83.08000183105469,83.16999816894531,82.41999816894531,82.83999633789062,57.38783645629883,8576500,0.0,0.0
2017-04-12 00:00:00-04:00,82.86000061035156,83.3499984741211,82.69999694824219,82.97000122070312,57.477882385253906,9516100,0.0,0.0
2017-04-13 00:00:00-04:00,82.72000122070312,82.7300033569336,81.56999969482422,81.69000244140625,56.59116744995117,8667900,0.0,0.0
2017-04-17 00:00:00-04:00,81.8499984741211,81.97000122070312,81.44000244140625,81.58000183105469,56.51495361328125,9577200,0.0,0.0
2017-04-18 00:00:00-04:00,81.31999969482422,81.81999969482422,81.02999877929688,81.05000305175781,56.14780044555664,8821400,0.0,0.0
2017-04-19 00:00:00-04:00,81.16999816894531,81.51000213623047,80.30000305175781,80.48999786376953,55.759849548339844,10764400,0.0,0.0
2017-04-20 00:00:00-04:00,80.94999694824219,81.73999786376953,80.69999694824219,81.01000213623047,56.12008285522461,11649100,0.0,0.0
2017-04-21 00:00:00-04:00,80.93000030517578,81.0,80.47000122070312,80.69000244140625,55.898406982421875,9816700,0.0,0.0
2017-04-24 00:00:00-04:00,81.27999877929688,81.4000015258789,80.80999755859375,81.11000061035156,56.18936538696289,8729700,0.0,0.0
2017-04-25 00:00:00-04:00,81.43000030517578,81.93000030517578,81.27999877929688,81.7300033569336,56.61888122558594,10733800,0.0,0.0
2017-04-26 00:00:00-04:00,81.5199966430664,82.33000183105469,81.38999938964844,81.4000015258789,56.3902702331543,9445900,0.0,0.0
2017-04-27 00:00:00-04:00,81.06999969482422,81.30000305175781,80.94000244140625,81.26000213623047,56.293270111083984,12385300,0.0,0.0
2017-04-28 00:00:00-04:00,82.45999908447266,82.48999786376953,81.55999755859375,81.6500015258789,56.563446044921875,12072200,0.0,0.0
2017-05-01 00:00:00-04:00,81.51000213623047,82.20999908447266,81.4800033569336,82.05999755859375,56.84748458862305,8664100,0.0,0.0
2017-05-02 00:00:00-04:00,82.13999938964844,82.58999633789062,81.9000015258789,82.05000305175781,56.84055709838867,9102900,0.0,0.0
2017-05-03 00:00:00-04:00,81.97000122070312,83.06999969482422,81.91000366210938,82.69999694824219,57.290855407714844,10289000,0.0,0.0
2017-05-04 00:00:00-04:00,82.29000091552734,82.36000061035156,81.4000015258789,81.63999938964844,56.556541442871094,16164500,0.0,0.0
2017-05-05 00:00:00-04:00,81.62999725341797,82.23999786376953,81.61000061035156,82.0199966430664,56.81977081298828,10213000,0.0,0.0
2017-05-08 00:00:00-04:00,82.0,82.94000244140625,82.0,82.88999938964844,57.42246627807617,8097100,0.0,0.0
2017-05-09 00:00:00-04:00,82.95999908447266,83.0,82.16000366210938,82.30999755859375,57.020668029785156,8647100,0.0,0.0
2017-05-10 00:00:00-04:00,82.12000274658203,82.37000274658203,81.6500015258789,81.91000366210938,57.2794189453125,9520300,0.77,0.0
2017-05-11 00:00:00-04:00,82.58999633789062,82.70999908447266,82.0999984741211,82.61000061035156,57.768917083740234,10047300,0.0,0.0
2017-05-12 00:00:00-04:00,82.38999938964844,82.70999908447266,82.25,82.55000305175781,57.72698211669922,7480200,0.0,0.0
2017-05-15 00:00:00-04:00,83.0,83.18000030517578,82.6500015258789,82.80000305175781,57.90180206298828,10881500,0.0,0.0
2017-05-16 00:00:00-04:00,82.9000015258789,83.2300033569336,82.44999694824219,82.55000305175781,57.72698211669922,9574200,0.0,0.0
2017-05-17 00:00:00-04:00,82.55000305175781,83.04000091552734,81.95999908447266,81.98999786376953,57.335350036621094,11151100,0.0,0.0
2017-05-18 00:00:00-04:00,81.7699966430664,82.1500015258789,81.41999816894531,81.75,57.16753387451172,9905800,0.0,0.0
2017-05-19 00:00:00-04:00,82.0,82.08999633789062,81.69000244140625,81.93000030517578,57.29340744018555,13028500,0.0,0.0
2017-05-22 00:00:00-04:00,82.11000061035156,82.33000183105469,81.93000030517578,82.29000091552734,57.54514694213867,9218700,0.0,0.0
2017-05-23 00:00:00-04:00,82.31999969482422,82.88999938964844,82.23999786376953,82.58000183105469,57.74794006347656,6857200,0.0,0.0
2017-05-24 00:00:00-04:00,82.41999816894531,82.54000091552734,82.01000213623047,82.29000091552734,57.54514694213867,8136000,0.0,0.0
2017-05-25 00:00:00-04:00,82.33000183105469,82.70999908447266,81.5199966430664,81.75,57.16753387451172,12370900,0.0,0.0
2017-05-26 00:00:00-04:00,81.61000061035156,81.80000305175781,80.83000183105469,81.55000305175781,57.027671813964844,8227100,0.0,0.0
2017-05-30 00:00:00-04:00,81.27999877929688,81.33999633789062,81.04000091552734,81.0999984741211,56.712982177734375,8973600,0.0,0.0
2017-05-31 00:00:00-04:00,80.94000244140625,80.94999694824219,80.47000122070312,80.5,56.293399810791016,13572300,0.0,0.0
2017-06-01 00:00:00-04:00,80.37000274658203,80.9000015258789,80.19000244140625,80.69999694824219,56.43325424194336,9884100,0.0,0.0
2017-06-02 00:00:00-04:00,80.58999633789062,80.68000030517578,79.26000213623047,79.5,55.594112396240234,21687300,0.0,0.0
2017-06-05 00:00:00-04:00,79.44000244140625,80.38999938964844,79.4000015258789,80.12000274658203,56.02766799926758,11527100,0.0,0.0
2017-06-06 00:00:00-04:00,80.30000305175781,81.31999969482422,80.22000122070312,81.20999908447266,56.7899055480957,12208600,0.0,0.0
2017-06-07 00:00:00-04:00,81.05000305175781,81.4000015258789,80.33999633789062,80.91000366210938,56.58012390136719,13096500,0.0,0.0
2017-06-08 00:00:00-04:00,80.91000366210938,81.08000183105469,80.48999786376953,80.62000274658203,56.37731170654297,11720700,0.0,0.0
2017-06-09 00:00:00-04:00,81.1500015258789,82.13999938964844,80.69000244140625,82.12999725341797,57.433258056640625,13553900,0.0,0.0
2017-06-12 00:00:00-04:00,82.12999725341797,83.69000244140625,82.12999725341797,82.93000030517578,57.992698669433594,18172900,0.0,0.0
2017-06-13 00:00:00-04:00,82.8499984741211,83.2699966430664,82.56999969482422,82.95999908447266,58.013668060302734,12175500,0.0,0.0
2017-06-14 00:00:00-04:00,82.80999755859375,82.81999969482422,81.55999755859375,82.06999969482422,57.39129638671875,13714000,0.0,0.0
2017-06-15 00:00:00-04:00,81.77999877929688,82.4000015258789,81.58000183105469,82.26000213623047,57.524169921875,11862600,0.0,0.0
2017-06-16 00:00:00-04:00,82.61000061035156,83.54000091552734,82.19999694824219,83.48999786376953,58.38429260253906,39726100,0.0,0.0
2017-06-19 00:00:00-04:00,83.48999786376953,83.48999786376953,82.55000305175781,82.76000213623047,57.873817443847656,10445700,0.0,0.0
2017-06-20 00:00:00-04:00,82.06999969482422,82.47000122070312,81.41000366210938,82.30999755859375,57.55912399291992,13232600,0.0,0.0
2017-06-21 00:00:00-04:00,82.04000091552734,82.62999725341797,81.13999938964844,81.44000244140625,56.95075988769531,11422300,0.0,0.0
2017-06-22 00:00:00-04:00,81.44999694824219,81.58000183105469,80.9000015258789,81.08000183105469,56.698997497558594,8139900,0.0,0.0
2017-06-23 00:00:00-04:00,80.8499984741211,81.69000244140625,80.76000213623047,81.61000061035156,57.06961441040039,10611200,0.0,0.0
2017-06-26 00:00:00-04:00,81.56999969482422,81.75,80.91000366210938,81.23999786376953,56.81087875366211,7718700,0.0,0.0
2017-06-27 00:00:00-04:00,81.44999694824219,81.7300033569336,81.11000061035156,81.11000061035156,56.719966888427734,9221600,0.0,0.0
2017-06-28 00:00:00-04:00,81.41000366210938,81.76000213623047,81.19000244140625,81.52999877929688,57.0136833190918,9189700,0.0,0.0
2017-06-29 00:00:00-04:00,81.37000274658203,81.83999633789062,80.41000366210938,80.69999694824219,56.43325424194336,20525100,0.0,0.0
2017-06-30 00:00:00-04:00,81.08000183105469,81.23999786376953,80.69999694824219,80.7300033569336,56.45424270629883,14000600,0.0,0.0
2017-07-03 00:00:00-04:00,80.79000091552734,82.48999786376953,80.72000122070312,82.0999984741211,57.412269592285156,8422300,0.0,0.0
2017-07-05 00:00:00-04:00,81.68000030517578,81.68000030517578,80.5199966430664,80.8499984741211,56.53815841674805,9830800,0.0,0.0
2017-07-06 00:00:00-04:00,80.86000061035156,81.08000183105469,80.08999633789062,80.12000274658203,56.02766799926758,9822400,0.0,0.0
2017-07-07 00:00:00-04:00,80.19999694824219,80.5999984741211,79.80999755859375,80.22000122070312,56.097591400146484,10777800,0.0,0.0
2017-07-10 00:00:00-04:00,80.0,80.41000366210938,79.95999908447266,80.16000366210938,56.05564498901367,6338300,0.0,0.0
2017-07-11 00:00:00-04:00,80.33000183105469,80.75,80.04000091552734,80.5999984741211,56.36333084106445,9681100,0.0,0.0
2017-07-12 00:00:00-04:00,81.19000244140625,81.5199966430664,80.75,80.95999908447266,56.61507034301758,7974000,0.0,0.0
2017-07-13 00:00:00-04:00,80.97000122070312,81.08999633789062,80.7300033569336,80.97000122070312,56.6220703125,5582300,0.0,0.0
2017-07-14 00:00:00-04:00,81.0,81.41000366210938,80.7699966430664,81.27999877929688,56.838863372802734,7497200,0.0,0.0
2017-07-17 00:00:00-04:00,81.0,81.43000030517578,80.83000183105469,80.86000061035156,56.54515075683594,7914700,0.0,0.0
2017-07-18 00:00:00-04:00,81.0199966430664,81.08000183105469,80.41000366210938,80.5999984741211,56.36333084106445,8046100,0.0,0.0
2017-07-19 00:00:00-04:00,80.44000244140625,80.87000274658203,80.2699966430664,80.8499984741211,56.53815841674805,9393200,0.0,0.0
2017-07-20 00:00:00-04:00,80.97000122070312,81.48999786376953,80.75,80.86000061035156,56.54515075683594,9681000,0.0,0.0
2017-07-21 00:00:00-04:00,80.6500015258789,80.83999633789062,80.0,80.12000274658203,56.02766799926758,12268600,0.0,0.0
2017-07-24 00:00:00-04:00,80.05999755859375,80.22000122070312,79.76000213623047,79.87000274658203,55.85284423828125,9403000,0.0,0.0
2017-07-25 00:00:00-04:00,80.7699966430664,81.05000305175781,80.2699966430664,80.2699966430664,56.132564544677734,11465300,0.0,0.0
2017-07-26 00:00:00-04:00,80.58000183105469,80.9000015258789,80.19999694824219,80.37000274658203,56.20249557495117,10465100,0.0,0.0
2017-07-27 00:00:00-04:00,80.23999786376953,80.87999725341797,79.9000015258789,80.83000183105469,56.52416229248047,11149700,0.0,0.0
2017-07-28 00:00:00-04:00,79.6500015258789,79.91999816894531,78.2699966430664,79.5999984741211,55.664031982421875,22800800,0.0,0.0
2017-07-31 00:00:00-04:00,79.83000183105469,80.38999938964844,79.5999984741211,80.04000091552734,55.97172927856445,12820200,0.0,0.0
2017-08-01 00:00:00-04:00,80.16000366210938,80.54000091552734,79.97000122070312,80.16999816894531,56.06262969970703,10421200,0.0,0.0
2017-08-02 00:00:00-04:00,79.9000015258789,80.63999938964844,79.80000305175781,80.5999984741211,56.36333084106445,10410100,0.0,0.0
2017-08-03 00:00:00-04:00,80.33999633789062,80.81999969482422,80.30000305175781,80.48999786376953,56.286415100097656,10136700,0.0,0.0
2017-08-04 00:00:00-04:00,80.44000244140625,80.55999755859375,80.05000305175781,80.20999908447266,56.090599060058594,8292200,0.0,0.0
2017-08-07 00:00:00-04:00,80.16999816894531,80.16999816894531,79.86000061035156,80.16000366210938,56.05564498901367,7893800,0.0,0.0
2017-08-08 00:00:00-04:00,80.0199966430664,80.22000122070312,79.83000183105469,79.95999908447266,55.9157829284668,9028400,0.0,0.0
2017-08-09 00:00:00-04:00,80.25,80.3499984741211,79.77999877929688,80.20999908447266,56.090599060058594,8087100,0.0,0.0
2017-08-10 00:00:00-04:00,79.76000213623047,79.77999877929688,78.91000366210938,78.97000122070312,55.75876235961914,12580300,0.77,0.0
2017-08-11 00:00:00-04:00,79.20999908447266,79.25,78.19999694824219,78.20999908447266,55.222137451171875,10192400,0.0,0.0
2017-08-14 00:00:00-04:00,78.62000274658203,78.79000091552734,78.12000274658203,78.2300033569336,55.23626708984375,8862500,0.0,0.0
2017-08-15 00:00:00-04:00,78.12000274658203,78.25,77.68000030517578,78.04000091552734,55.10209655761719,10350900,0.0,0.0
2017-08-16 00:00:00-04:00,78.04000091552734,78.16999816894531,77.30999755859375,77.47000122070312,54.699649810791016,9117100,0.0,0.0
2017-08-17 00:00:00-04:00,77.26000213623047,77.27999877929688,76.20999908447266,76.26000213623047,53.84528732299805,13400400,0.0,0.0
2017-08-18 00:00:00-04:00,76.18000030517578,77.11000061035156,76.05000305175781,76.63999938964844,54.11360168457031,14324300,0.0,0.0
2017-08-21 00:00:00-04:00,76.47000122070312,76.62000274658203,76.08000183105469,76.37999725341797,53.929996490478516,10084900,0.0,0.0
2017-08-22 00:00:00-04:00,76.55000305175781,77.33000183105469,76.52999877929688,76.73999786376953,54.184200286865234,9503600,0.0,0.0
2017-08-23 00:00:00-04:00,76.69999694824219,77.01000213623047,76.47000122070312,76.61000061035156,54.0924072265625,7054300,0.0,0.0
2017-08-24 00:00:00-04:00,76.5,76.6500015258789,76.19999694824219,76.33000183105469,53.894710540771484,8678300,0.0,0.0
2017-08-25 00:00:00-04:00,76.55999755859375,77.12999725341797,76.43000030517578,76.72000122070312,54.17008590698242,6844900,0.0,0.0
2017-08-28 00:00:00-04:00,76.9000015258789,76.94000244140625,76.26000213623047,76.47000122070312,53.993560791015625,8229700,0.0,0.0
2017-08-29 00:00:00-04:00,76.20999908447266,76.48999786376953,76.08000183105469,76.44999694824219,53.97943878173828,7060400,0.0,0.0
2017-08-30 00:00:00-04:00,76.23999786376953,76.44999694824219,76.05999755859375,76.0999984741211,53.7323112487793,8218000,0.0,0.0
2017-08-31 00:00:00-04:00,76.2699966430664,76.48999786376953,76.05000305175781,76.33000183105469,53.894710540771484,15641700,0.0,0.0
2017-09-01 00:00:00-04:00,76.37000274658203,76.8499984741211,76.31999969482422,76.56999969482422,54.06416702270508,7361100,0.0,0.0
2017-09-05 00:00:00-04:00,76.63999938964844,77.36000061035156,76.61000061035156,77.18000030517578,54.49486541748047,12784800,0.0,0.0
2017-09-06 00:00:00-04:00,77.88999938964844,79.22000122070312,77.58000183105469,78.77999877929688,55.62459945678711,18574400,0.0,0.0
2017-09-07 00:00:00-04:00,79.0199966430664,79.33000183105469,78.61000061035156,79.02999877929688,55.80109786987305,9836400,0.0,0.0
2017-09-08 00:00:00-04:00,79.01000213623047,79.04000091552734,78.62999725341797,78.81999969482422,55.652835845947266,8436000,0.0,0.0
2017-09-11 00:00:00-04:00,79.41000366210938,79.41999816894531,78.9000015258789,79.25,55.956443786621094,12955800,0.0,0.0
2017-09-12 00:00:00-04:00,79.4000015258789,79.69000244140625,79.23999786376953,79.5,56.13298034667969,7644400,0.0,0.0
2017-09-13 00:00:00-04:00,79.5,79.7699966430664,79.37999725341797,79.7699966430664,56.32360076904297,8369700,0.0,0.0
2017-09-14 00:00:00-04:00,79.8499984741211,80.2300033569336,79.7699966430664,80.08999633789062,56.54954528808594,9072600,0.0,0.0
2017-09-15 00:00:00-04:00,80.12000274658203,80.20999908447266,79.55000305175781,80.06999969482422,56.535430908203125,16043700,0.0,0.0
2017-09-18 00:00:00-04:00,79.79000091552734,80.13999938964844,79.69999694824219,80.08999633789062,56.54954528808594,8594400,0.0,0.0
2017-09-19 00:00:00-04:00,80.05999755859375,80.38999938964844,79.98999786376953,80.22000122070312,56.64134216308594,9277100,0.0,0.0
2017-09-20 00:00:00-04:00,80.27999877929688,80.66000366210938,80.26000213623047,80.55000305175781,56.87434005737305,10606900,0.0,0.0
2017-09-21 00:00:00-04:00,80.48999786376953,80.52999877929688,79.76000213623047,79.88999938964844,56.40834045410156,11984200,0.0,0.0
2017-09-22 00:00:00-04:00,79.72000122070312,80.30000305175781,79.66999816894531,79.91999816894531,56.42952346801758,10205800,0.0,0.0
2017-09-25 00:00:00-04:00,80.02999877929688,81.0,79.9800033569336,80.9800033569336,57.17797088623047,10496600,0.0,0.0
2017-09-26 00:00:00-04:00,80.70999908447266,81.0,80.55999755859375,80.88999938964844,57.114402770996094,8755100,0.0,0.0
2017-09-27 00:00:00-04:00,80.88999938964844,81.44999694824219,80.79000091552734,81.43000030517578,57.49568557739258,9724500,0.0,0.0
2017-09-28 00:00:00-04:00,81.62999725341797,82.44999694824219,81.55999755859375,82.19000244140625,58.03230667114258,15581700,0.0,0.0
2017-09-29 00:00:00-04:00,81.94000244140625,82.05999755859375,81.58000183105469,81.9800033569336,57.8840446472168,9944000,0.0,0.0
2017-10-02 00:00:00-04:00,81.30000305175781,81.81999969482422,81.25,81.62999725341797,57.63691329956055,6777900,0.0,0.0
2017-10-03 00:00:00-04:00,81.41000366210938,81.97000122070312,81.30000305175781,81.76000213623047,57.72871398925781,6082000,0.0,0.0
2017-10-04 00:00:00-04:00,81.80000305175781,81.87000274658203,81.44999694824219,81.79000091552734,57.74989318847656,6357100,0.0,0.0
2017-10-05 00:00:00-04:00,81.72000122070312,82.23999786376953,81.58999633789062,82.0199966430664,57.912261962890625,7375900,0.0,0.0
2017-10-06 00:00:00-04:00,81.7699966430664,81.88999938964844,81.36000061035156,81.70999908447266,57.69339370727539,6070600,0.0,0.0
2017-10-09 00:00:00-04:00,81.83999633789062,82.18000030517578,81.76000213623047,82.02999877929688,57.919342041015625,7489900,0.0,0.0
2017-10-10 00:00:00-04:00,82.33999633789062,82.73999786376953,82.08999633789062,82.26000213623047,58.08174514770508,7218500,0.0,0.0
2017-10-11 00:00:00-04:00,82.16000366210938,82.73999786376953,82.13999938964844,82.5999984741211,58.321800231933594,7023700,0.0,0.0
2017-10-12 00:00:00-04:00,82.30999755859375,82.5,82.16999816894531,82.43000030517578,58.2017822265625,6647500,0.0,0.0
2017-10-13 00:00:00-04:00,82.7300033569336,83.08000183105469,82.36000061035156,82.41000366210938,58.18765640258789,7180000,0.0,0.0
2017-10-16 00:00:00-04:00,82.69999694824219,82.94999694824219,82.54000091552734,82.80999755859375,58.47007369995117,5734000,0.0,0.0
2017-10-17 00:00:00-04:00,82.62999725341797,82.97000122070312,82.54000091552734,82.95999908447266,58.575992584228516,6444100,0.0,0.0
2017-10-18 00:00:00-04:00,82.95999908447266,83.38999938964844,82.54000091552734,82.76000213623047,58.434776306152344,6367100,0.0,0.0
2017-10-19 00:00:00-04:00,82.3499984741211,83.05000305175781,82.33000183105469,82.73999786376953,58.420650482177734,7945500,0.0,0.0
2017-10-20 00:00:00-04:00,82.8499984741211,83.12999725341797,82.62000274658203,83.11000061035156,58.6818962097168,9574100,0.0,0.0
2017-10-23 00:00:00-04:00,83.1500015258789,83.76000213623047,83.04000091552734,83.23999786376953,58.7736930847168,9829900,0.0,0.0
2017-10-24 00:00:00-04:00,83.55000305175781,83.80999755859375,83.30999755859375,83.47000122070312,58.93609619140625,7551200,0.0,0.0
2017-10-25 00:00:00-04:00,83.44999694824219,83.7300033569336,82.94999694824219,83.16999816894531,58.72426223754883,9153300,0.0,0.0
2017-10-26 00:00:00-04:00,83.37000274658203,83.6500015258789,83.11000061035156,83.47000122070312,58.93609619140625,9154500,0.0,0.0
2017-10-27 00:00:00-04:00,83.0,84.23999786376953,82.01000213623047,83.70999908447266,59.105525970458984,14866200,0.0,0.0
2017-10-30 00:00:00-04:00,83.70999908447266,83.94999694824219,83.41000366210938,83.54000091552734,58.98553466796875,7811100,0.0,0.0
2017-10-31 00:00:00-04:00,83.6500015258789,83.68000030517578,83.16999816894531,83.3499984741211,58.85136032104492,9754200,0.0,0.0
2017-11-01 00:00:00-04:00,83.38999938964844,83.94000244140625,83.26000213623047,83.87000274658203,59.2185173034668,9430000,0.0,0.0
2017-11-02 00:00:00-04:00,83.5999984741211,83.70999908447266,82.91000366210938,83.52999877929688,58.978458404541016,7775500,0.0,0.0
2017-11-03 00:00:00-04:00,83.41999816894531,83.63999938964844,83.16000366210938,83.18000030517578,58.731319427490234,6903500,0.0,0.0
2017-11-06 00:00:00-05:00,83.30000305175781,83.87000274658203,83.05999755859375,83.75,59.1337890625,9276700,0.0,0.0
2017-11-07 00:00:00-05:00,83.73999786376953,83.81999969482422,83.02999877929688,83.58000183105469,59.013763427734375,8471800,0.0,0.0
2017-11-08 00:00:00-05:00,83.36000061035156,83.5,82.86000061035156,83.47000122070312,58.93609619140625,8691600,0.0,0.0
2017-11-09 00:00:00-05:00,83.30000305175781,84.13999938964844,83.08000183105469,83.97000122070312,59.289127349853516,10528800,0.0,0.0
2017-11-10 00:00:00-05:00,83.01000213623047,83.08000183105469,82.41999816894531,82.94000244140625,59.10383605957031,8693700,0.77,0.0
2017-11-13 00:00:00-05:00,82.6500015258789,83.08999633789062,82.5999984741211,82.88999938964844,59.068214416503906,6720400,0.0,0.0
2017-11-14 00:00:00-05:00,82.41999816894531,82.75,82.08999633789062,82.23999786376953,58.60502624511719,9251700,0.0,0.0
2017-11-15 00:00:00-05:00,81.75,82.08999633789062,81.1500015258789,81.20999908447266,57.871036529541016,9663600,0.0,0.0
2017-11-16 00:00:00-05:00,80.44000244140625,80.8499984741211,80.1500015258789,80.55999755859375,57.407833099365234,10527200,0.0,0.0
2017-11-17 00:00:00-05:00,80.31999969482422,80.66000366210938,80.16000366210938,80.23999786376953,57.1798095703125,9536400,0.0,0.0
2017-11-20 00:00:00-05:00,80.2300033569336,80.63999938964844,80.01000213623047,80.55000305175781,57.40070724487305,8468600,0.0,0.0
2017-11-21 00:00:00-05:00,80.69000244140625,81.25,80.63999938964844,80.87000274658203,57.62874984741211,8838400,0.0,0.0
2017-11-22 00:00:00-05:00,81.16000366210938,81.41000366210938,81.05000305175781,81.0999984741211,57.79264450073242,7941600,0.0,0.0
2017-11-24 00:00:00-05:00,81.44000244140625,81.69999694824219,81.22000122070312,81.41999816894531,58.02068328857422,3851300,0.0,0.0
2017-11-27 00:00:00-05:00,81.31999969482422,81.4000015258789,81.0199966430664,81.11000061035156,57.79976272583008,9127500,0.0,0.0
2017-11-28 00:00:00-05:00,81.41000366210938,82.0,81.30999755859375,81.66999816894531,58.198829650878906,9794600,0.0,0.0
2017-11-29 00:00:00-05:00,81.6500015258789,82.30999755859375,81.4800033569336,82.2699966430664,58.62639617919922,9725000,0.0,0.0
2017-11-30 00:00:00-05:00,82.44999694824219,83.4000015258789,82.41000366210938,83.29000091552734,59.35324478149414,18592700,0.0,0.0
2017-12-01 00:00:00-05:00,83.44000244140625,84.12999725341797,82.41000366210938,83.45999908447266,59.474403381347656,13779300,0.0,0.0
2017-12-04 00:00:00-05:00,83.20999908447266,84.18000030517578,83.0,83.56999969482422,59.55276870727539,12597700,0.0,0.0
2017-12-05 00:00:00-05:00,83.41000366210938,83.7699966430664,82.70999908447266,82.88999938964844,59.068214416503906,9357200,0.0,0.0
2017-12-06 00:00:00-05:00,82.8499984741211,83.19999694824219,82.20999908447266,82.27999877929688,58.633522033691406,13398900,0.0,0.0
2017-12-07 00:00:00-05:00,82.4000015258789,82.62000274658203,82.16999816894531,82.55000305175781,58.82593536376953,11359600,0.0,0.0
2017-12-08 00:00:00-05:00,82.48999786376953,82.9000015258789,82.26000213623047,82.66000366210938,58.90431213378906,11988600,0.0,0.0
2017-12-11 00:00:00-05:00,83.04000091552734,83.25,82.73999786376953,83.02999877929688,59.16798782348633,8760700,0.0,0.0
2017-12-12 00:00:00-05:00,82.88999938964844,83.37999725341797,82.69999694824219,82.76000213623047,58.9755744934082,11307000,0.0,0.0
2017-12-13 00:00:00-05:00,82.61000061035156,83.30000305175781,82.4800033569336,83.12000274658203,59.232139587402344,10172700,0.0,0.0
2017-12-14 00:00:00-05:00,83.02999877929688,83.33000183105469,82.88999938964844,82.9000015258789,59.075340270996094,9492400,0.0,0.0
2017-12-15 00:00:00-05:00,83.16000366210938,83.27999877929688,82.87000274658203,83.02999877929688,59.16798782348633,26582300,0.0,0.0
2017-12-18 00:00:00-05:00,83.18000030517578,83.66999816894531,82.91000366210938,82.94000244140625,59.10383605957031,9363500,0.0,0.0
2017-12-19 00:00:00-05:00,83.02999877929688,83.16999816894531,82.33000183105469,82.44000244140625,58.7475471496582,10285100,0.0,0.0
2017-12-20 00:00:00-05:00,82.5999984741211,83.13999938964844,82.5199966430664,82.87000274658203,59.053977966308594,10620300,0.0,0.0
2017-12-21 00:00:00-05:00,83.3499984741211,84.2699966430664,82.95999908447266,83.8499984741211,59.7523193359375,13578100,0.0,0.0
2017-12-22 00:00:00-05:00,83.87999725341797,84.0199966430664,83.5999984741211,83.97000122070312,59.83783721923828,10161400,0.0,0.0
2017-12-26 00:00:00-05:00,83.95999908447266,84.36000061035156,83.9000015258789,83.9800033569336,59.844974517822266,4777200,0.0,0.0
2017-12-27 00:00:00-05:00,83.98999786376953,84.0999984741211,83.73999786376953,83.9000015258789,59.78794860839844,7000600,0.0,0.0
2017-12-28 00:00:00-05:00,83.9800033569336,84.05000305175781,83.80000305175781,84.0199966430664,59.873477935791016,7495300,0.0,0.0
2017-12-29 00:00:00-05:00,84.0,84.19999694824219,83.63999938964844,83.63999938964844,59.6026725769043,8523400,0.0,0.0
2018-01-02 00:00:00-05:00,83.81999969482422,85.19999694824219,83.66000366210938,85.02999877929688,60.59319305419922,11469300,0.0,0.0
2018-01-03 00:00:00-05:00,85.16000366210938,86.97000122070312,84.81999969482422,86.69999694824219,61.78324508666992,13957700,0.0,0.0
2018-01-04 00:00:00-05:00,86.79000091552734,87.22000122070312,86.43000030517578,86.81999969482422,61.86878204345703,10863000,0.0,0.0
2018-01-05 00:00:00-05:00,86.75,86.87999725341797,85.70999908447266,86.75,61.81886672973633,11047600,0.0,0.0
2018-01-08 00:00:00-05:00,86.69999694824219,87.1500015258789,86.5999984741211,87.13999938964844,62.0968132019043,10927100,0.0,0.0
2018-01-09 00:00:00-05:00,86.94000244140625,87.1500015258789,86.6500015258789,86.7699966430664,61.8331298828125,8131600,0.0,0.0
2018-01-10 00:00:00-05:00,87.0,87.19000244140625,85.9800033569336,86.08000183105469,61.341426849365234,10822300,0.0,0.0
2018-01-11 00:00:00-05:00,86.36000061035156,87.37000274658203,85.93000030517578,86.93000030517578,61.94715118408203,14366000,0.0,0.0
2018-01-12 00:00:00-05:00,87.19999694824219,87.98999786376953,87.18000030517578,87.5199966430664,62.36759567260742,9834500,0.0,0.0
2018-01-16 00:00:00-05:00,87.73999786376953,87.76000213623047,86.5999984741211,86.97000122070312,61.97566223144531,10882800,0.0,0.0
2018-01-17 00:00:00-05:00,87.19999694824219,88.20999908447266,86.93000030517578,88.0,62.709659576416016,10546000,0.0,0.0
2018-01-18 00:00:00-05:00,87.7699966430664,88.19000244140625,87.33999633789062,87.43000030517578,62.30345153808594,9223700,0.0,0.0
2018-01-19 00:00:00-05:00,87.56999969482422,87.76000213623047,86.61000061035156,87.1500015258789,62.10393524169922,13090000,0.0,0.0
2018-01-22 00:00:00-05:00,87.16999816894531,88.29000091552734,87.05000305175781,88.25,62.88780975341797,10270400,0.0,0.0
2018-01-23 00:00:00-05:00,88.25,88.45999908447266,87.73999786376953,88.30000305175781,62.92343521118164,10281800,0.0,0.0
2018-01-24 00:00:00-05:00,88.48999786376953,88.91999816894531,88.01000213623047,88.52999877929688,63.08734893798828,10316100,0.0,0.0
2018-01-25 00:00:00-05:00,88.55000305175781,88.87000274658203,88.19999694824219,88.37000274658203,62.97333526611328,11271900,0.0,0.0
2018-01-26 00:00:00-05:00,88.63999938964844,89.0,88.47000122070312,89.0,63.42226791381836,10514400,0.0,0.0
2018-01-29 00:00:00-05:00,88.58999633789062,89.30000305175781,87.94999694824219,88.01000213623047,62.71677780151367,9315700,0.0,0.0
2018-01-30 00:00:00-05:00,87.54000091552734,88.37999725341797,86.77999877929688,86.77999877929688,61.84026336669922,12408000,0.0,0.0
2018-01-31 00:00:00-05:00,86.55999755859375,87.47000122070312,86.33000183105469,87.30000305175781,62.21082305908203,14404700,0.0,0.0
2018-02-01 00:00:00-05:00,87.5,89.25,87.3499984741211,89.06999969482422,63.47213363647461,17971000,0.0,0.0
2018-02-02 00:00:00-05:00,85.12999725341797,86.01000213623047,83.0,84.52999877929688,60.236900329589844,29822100,0.0,0.0
2018-02-05 00:00:00-05:00,83.27999877929688,83.98999786376953,78.12999725341797,79.72000122070312,56.80925369262695,30452700,0.0,0.0
2018-02-06 00:00:00-05:00,78.51000213623047,80.3499984741211,76.9000015258789,78.3499984741211,55.83297348022461,36262800,0.0,0.0
2018-02-07 00:00:00-05:00,78.44000244140625,79.41000366210938,76.91999816894531,76.94000244140625,54.82820129394531,21994500,0.0,0.0
2018-02-08 00:00:00-05:00,77.44000244140625,77.58000183105469,76.02999877929688,76.06999969482422,54.208221435546875,25650800,0.0,0.0
2018-02-09 00:00:00-05:00,76.25,76.4800033569336,73.9000015258789,75.77999877929688,54.55376434326172,29491600,0.77,0.0
2018-02-12 00:00:00-05:00,77.05000305175781,77.62000274658203,75.83999633789062,76.41999816894531,55.01449966430664,19340400,0.0,0.0
2018-02-13 00:00:00-05:00,76.0999984741211,76.75,75.7300033569336,76.30000305175781,54.92810821533203,11926600,0.0,0.0
2018-02-14 00:00:00-05:00,75.79000091552734,76.66000366210938,75.16999816894531,76.45999908447266,55.043304443359375,17188400,0.0,0.0
2018-02-15 00:00:00-05:00,76.62000274658203,76.69999694824219,75.44999694824219,76.20999908447266,54.86332321166992,14432400,0.0,0.0
2018-02-16 00:00:00-05:00,76.1500015258789,77.12000274658203,75.8499984741211,76.54000091552734,55.10087966918945,13722400,0.0,0.0
2018-02-20 00:00:00-05:00,76.47000122070312,77.47000122070312,75.45999908447266,75.75,54.53216552734375,13387300,0.0,0.0
2018-02-21 00:00:00-05:00,75.81999969482422,76.44000244140625,74.87000274658203,74.88999938964844,53.91303634643555,11715000,0.0,0.0
2018-02-22 00:00:00-05:00,75.30000305175781,76.83999633789062,75.19000244140625,75.86000061035156,54.611366271972656,14020200,0.0,0.0
2018-02-23 00:00:00-05:00,76.08999633789062,77.62000274658203,75.94999694824219,77.52999877929688,55.8135986328125,13378800,0.0,0.0
2018-02-26 00:00:00-05:00,77.73999786376953,78.93000030517578,77.55999755859375,78.83999633789062,56.75664138793945,16940400,0.0,0.0
2018-02-27 00:00:00-05:00,79.0,79.87000274658203,77.5,77.5,55.791988372802734,14629500,0.0,0.0
2018-02-28 00:00:00-05:00,78.16000366210938,78.25,75.69999694824219,75.73999786376953,54.52497863769531,17087800,0.0,0.0
2018-03-01 00:00:00-05:00,75.52999877929688,76.68000030517578,74.86000061035156,75.19999694824219,54.1362190246582,15696700,0.0,0.0
2018-03-02 00:00:00-05:00,74.88999938964844,75.87000274658203,74.4800033569336,75.55000305175781,54.38819885253906,15630300,0.0,0.0
2018-03-05 00:00:00-05:00,75.2300033569336,76.55999755859375,75.12000274658203,76.2699966430664,54.906517028808594,14891000,0.0,0.0
2018-03-06 00:00:00-05:00,76.66999816894531,76.9800033569336,75.86000061035156,76.18000030517578,54.84172058105469,10754300,0.0,0.0
2018-03-07 00:00:00-05:00,75.0,75.23999786376953,73.55999755859375,74.26000213623047,53.45953369140625,27255500,0.0,0.0
2018-03-08 00:00:00-05:00,74.5,74.7699966430664,73.69000244140625,74.12000274658203,53.35874557495117,19299800,0.0,0.0
2018-03-09 00:00:00-05:00,74.81999969482422,75.05999755859375,74.20999908447266,74.55999755859375,53.67550277709961,19714100,0.0,0.0
2018-03-12 00:00:00-04:00,74.87000274658203,75.58000183105469,74.69000244140625,75.23999786376953,54.165035247802734,14226700,0.0,0.0
2018-03-13 00:00:00-04:00,75.33000183105469,75.81999969482422,74.25,74.52999877929688,53.65390396118164,13739700,0.0,0.0
2018-03-14 00:00:00-04:00,74.63999938964844,74.79000091552734,73.52999877929688,73.5999984741211,52.98439407348633,14820700,0.0,0.0
2018-03-15 00:00:00-04:00,74.3499984741211,75.0,74.0999984741211,74.41999816894531,53.5747184753418,15640600,0.0,0.0
2018-03-16 00:00:00-04:00,74.36000061035156,75.12000274658203,74.36000061035156,75.12000274658203,54.07863998413086,32109700,0.0,0.0
2018-03-19 00:00:00-04:00,75.0,75.01000213623047,73.86000061035156,74.1500015258789,53.38034439086914,12744800,0.0,0.0
2018-03-20 00:00:00-04:00,74.22000122070312,74.69999694824219,73.94999694824219,73.98999786376953,53.26515197753906,13003200,0.0,0.0
2018-03-21 00:00:00-04:00,74.2300033569336,75.63999938964844,73.9800033569336,75.04000091552734,54.02104568481445,15418500,0.0,0.0
2018-03-22 00:00:00-04:00,74.41999816894531,74.69999694824219,73.38999938964844,73.5,52.91239547729492,17737000,0.0,0.0
2018-03-23 00:00:00-04:00,73.80999755859375,74.20999908447266,72.66999816894531,72.88999938964844,52.473270416259766,20157300,0.0,0.0
2018-03-26 00:00:00-04:00,73.6500015258789,74.1500015258789,72.75,74.0,53.27236557006836,15032700,0.0,0.0
2018-03-27 00:00:00-04:00,74.0,74.88999938964844,73.27999877929688,73.69999694824219,53.056392669677734,15821900,0.0,0.0
2018-03-28 00:00:00-04:00,73.73999786376953,74.01000213623047,72.77999877929688,72.80999755859375,52.41566848754883,18163900,0.0,0.0
2018-03-29 00:00:00-04:00,73.33000183105469,74.88999938964844,73.26000213623047,74.61000061035156,53.71149444580078,14882900,0.0,0.0
2018-04-02 00:00:00-04:00,74.2699966430664,74.4000015258789,72.16000366210938,73.22000122070312,52.71082305908203,17891100,0.0,0.0
2018-04-03 00:00:00-04:00,73.44999694824219,75.13999938964844,73.0999984741211,75.0199966430664,54.00664520263672,15999200,0.0,0.0
2018-04-04 00:00:00-04:00,74.05000305175781,75.05999755859375,73.44000244140625,74.87000274658203,53.89866256713867,13122200,0.0,0.0
2018-04-05 00:00:00-04:00,75.05999755859375,76.31999969482422,75.0199966430664,76.0199966430664,54.72655487060547,14200000,0.0,0.0
2018-04-06 00:00:00-04:00,75.63999938964844,76.12000274658203,74.22000122070312,74.87000274658203,53.89866256713867,14299600,0.0,0.0
2018-04-09 00:00:00-04:00,75.22000122070312,75.79000091552734,74.80000305175781,74.87000274658203,53.89866256713867,11103100,0.0,0.0
2018-04-10 00:00:00-04:00,76.08000183105469,77.7699966430664,76.05999755859375,77.06999969482422,55.48244094848633,19006100,0.0,0.0
2018-04-11 00:00:00-04:00,77.11000061035156,78.04000091552734,76.75,77.43000030517578,55.74159622192383,13734000,0.0,0.0
2018-04-12 00:00:00-04:00,77.86000061035156,78.13999938964844,77.01000213623047,77.22000122070312,55.590423583984375,13270400,0.0,0.0
2018-04-13 00:00:00-04:00,77.80000305175781,78.19000244140625,77.5999984741211,77.83999633789062,56.036746978759766,10925000,0.0,0.0
2018-04-16 00:00:00-04:00,78.12000274658203,79.08000183105469,77.70999908447266,78.54000091552734,56.540679931640625,10743600,0.0,0.0
2018-04-17 00:00:00-04:00,78.54000091552734,78.76000213623047,78.04000091552734,78.33000183105469,56.38949203491211,10478100,0.0,0.0
2018-04-18 00:00:00-04:00,79.04000091552734,79.76000213623047,78.94000244140625,79.22000122070312,57.030216217041016,12061400,0.0,0.0
2018-04-19 00:00:00-04:00,79.31999969482422,79.81999969482422,78.80999755859375,79.41999816894531,57.1741828918457,11291500,0.0,0.0
2018-04-20 00:00:00-04:00,79.31999969482422,79.4000015258789,78.33000183105469,79.0,56.87183380126953,12072200,0.0,0.0
2018-04-23 00:00:00-04:00,78.91999816894531,79.5999984741211,78.75,79.56999969482422,57.28218460083008,11729800,0.0,0.0
2018-04-24 00:00:00-04:00,79.80000305175781,79.93000030517578,77.97000122070312,78.3499984741211,56.40391159057617,14102000,0.0,0.0
2018-04-25 00:00:00-04:00,78.19999694824219,79.62000274658203,77.48999786376953,79.5,57.23179244995117,13867500,0.0,0.0
2018-04-26 00:00:00-04:00,79.5999984741211,80.9000015258789,79.52999877929688,80.86000061035156,58.21084213256836,14554400,0.0,0.0
2018-04-27 00:00:00-04:00,76.94999694824219,78.6500015258789,76.4800033569336,77.79000091552734,56.000762939453125,16346800,0.0,0.0
2018-04-30 00:00:00-04:00,77.91000366210938,78.55999755859375,77.73999786376953,77.75,55.971954345703125,15028800,0.0,0.0
2018-05-01 00:00:00-04:00,77.26000213623047,77.26000213623047,75.9800033569336,76.94999694824219,55.39604187011719,16231000,0.0,0.0
2018-05-02 00:00:00-04:00,76.44999694824219,77.2300033569336,76.30000305175781,76.80000305175781,55.2880744934082,13883700,0.0,0.0
2018-05-03 00:00:00-04:00,76.38999938964844,76.61000061035156,75.4000015258789,76.54000091552734,55.10087966918945,12243100,0.0,0.0
2018-05-04 00:00:00-04:00,76.12999725341797,77.22000122070312,75.94000244140625,76.9000015258789,55.36006546020508,9887200,0.0,0.0
2018-05-07 00:00:00-04:00,77.73999786376953,79.08000183105469,77.4000015258789,77.73999786376953,55.96477508544922,15071500,0.0,0.0
2018-05-08 00:00:00-04:00,77.80000305175781,78.16000366210938,76.37000274658203,78.08999633789062,56.21672821044922,17430400,0.0,0.0
2018-05-09 00:00:00-04:00,78.9800033569336,80.23999786376953,78.94999694824219,79.93000030517578,57.54132843017578,17142100,0.0,0.0
2018-05-10 00:00:00-04:00,80.63999938964844,81.79000091552734,80.5,81.72000122070312,58.829959869384766,17710300,0.0,0.0
2018-05-11 00:00:00-04:00,81.18000030517578,81.97000122070312,80.91000366210938,81.27999877929688,59.10629653930664,14751000,0.82,0.0
2018-05-14 00:00:00-04:00,81.69999694824219,82.31999969482422,81.61000061035156,81.83000183105469,59.506248474121094,11852100,0.0,0.0
2018-05-15 00:00:00-04:00,81.8499984741211,82.02999877929688,81.4000015258789,81.79000091552734,59.4771614074707,12595700,0.0,0.0
2018-05-16 00:00:00-04:00,81.76000213623047,82.05000305175781,81.16999816894531,82.0199966430664,59.64439392089844,9570000,0.0,0.0
2018-05-17 00:00:00-04:00,82.19999694824219,82.27999877929688,81.44000244140625,81.87999725341797,59.5426025390625,11224100,0.0,0.0
2018-05-18 00:00:00-04:00,81.55000305175781,81.80000305175781,81.26000213623047,81.30000305175781,59.1208381652832,10030900,0.0,0.0
2018-05-21 00:00:00-04:00,81.7300033569336,82.3499984741211,81.5199966430664,82.27999877929688,59.833473205566406,8822400,0.0,0.0
2018-05-22 00:00:00-04:00,82.44000244140625,82.6500015258789,81.3499984741211,81.63999938964844,59.36809539794922,10753400,0.0,0.0
2018-05-23 00:00:00-04:00,80.94999694824219,82.2300033569336,80.56999969482422,82.1500015258789,59.73894119262695,15140900,0.0,0.0
2018-05-24 00:00:00-04:00,81.3499984741211,81.36000061035156,79.94999694824219,80.2699966430664,58.371822357177734,13360500,0.0,0.0
2018-05-25 00:00:00-04:00,79.27999877929688,79.33000183105469,78.08999633789062,78.70999908447266,57.23741149902344,14562000,0.0,0.0
2018-05-29 00:00:00-04:00,78.1500015258789,78.7300033569336,77.52999877929688,78.41999816894531,57.026512145996094,14644800,0.0,0.0
2018-05-30 00:00:00-04:00,79.25,81.66000366210938,79.22000122070312,81.5,59.266273498535156,16627500,0.0,0.0
2018-05-31 00:00:00-04:00,80.80999755859375,81.55000305175781,80.69000244140625,81.23999786376953,59.07720947265625,15803100,0.0,0.0
2018-06-01 00:00:00-04:00,81.87000274658203,82.3499984741211,81.55000305175781,81.83000183105469,59.506248474121094,9906100,0.0,0.0
2018-06-04 00:00:00-04:00,82.05000305175781,82.52999877929688,80.80999755859375,80.97000122070312,58.880863189697266,10954700,0.0,0.0
2018-06-05 00:00:00-04:00,80.58999633789062,81.6500015258789,80.41000366210938,80.68000030517578,58.66996765136719,12059300,0.0,0.0
2018-06-06 00:00:00-04:00,81.4800033569336,82.08999633789062,80.87000274658203,82.05999755859375,59.673500061035156,11603300,0.0,0.0
2018-06-07 00:00:00-04:00,82.7300033569336,83.29000091552734,82.55999755859375,82.87999725341797,60.2697868347168,13502500,0.0,0.0
2018-06-08 00:00:00-04:00,83.11000061035156,83.66000366210938,82.5,83.5999984741211,60.79338073730469,14350400,0.0,0.0
2018-06-11 00:00:00-04:00,83.72000122070312,83.79000091552734,82.93000030517578,83.0999984741211,60.429779052734375,10831600,0.0,0.0
2018-06-12 00:00:00-04:00,83.11000061035156,83.75,82.31999969482422,82.41999816894531,59.935302734375,12351800,0.0,0.0
2018-06-13 00:00:00-04:00,82.44000244140625,82.5999984741211,81.47000122070312,81.51000213623047,59.273563385009766,12049300,0.0,0.0
2018-06-14 00:00:00-04:00,81.94000244140625,82.30000305175781,81.5,81.88999938964844,59.549888610839844,11477300,0.0,0.0
2018-06-15 00:00:00-04:00,81.72000122070312,81.81999969482422,80.51000213623047,80.66000366210938,58.65542221069336,23797500,0.0,0.0
2018-06-18 00:00:00-04:00,80.4000015258789,81.37999725341797,80.30000305175781,80.81999969482422,58.77178192138672,9192600,0.0,0.0
2018-06-19 00:00:00-04:00,79.88999938964844,80.95999908447266,79.70999908447266,80.69999694824219,58.68450927734375,8759700,0.0,0.0
2018-06-20 00:00:00-04:00,80.8499984741211,81.12999725341797,80.2699966430664,80.44999694824219,58.50272750854492,8917700,0.0,0.0
2018-06-21 00:00:00-04:00,80.0199966430664,80.37999725341797,79.33000183105469,79.69000244140625,57.950042724609375,10990700,0.0,0.0
2018-06-22 00:00:00-04:00,81.16000366210938,81.94000244140625,80.91999816894531,81.37999725341797,59.17900848388672,16012200,0.0,0.0
2018-06-25 00:00:00-04:00,80.77999877929688,81.23999786376953,79.30000305175781,79.73999786376953,57.98640441894531,10557200,0.0,0.0
2018-06-26 00:00:00-04:00,80.1500015258789,81.01000213623047,79.97000122070312,80.63999938964844,58.64087677001953,10382800,0.0,0.0
2018-06-27 00:00:00-04:00,81.05999755859375,82.4800033569336,81.05999755859375,81.70999908447266,59.41897964477539,12725900,0.0,0.0
2018-06-28 00:00:00-04:00,81.7300033569336,82.06999969482422,81.02999877929688,81.97000122070312,59.60806655883789,9390700,0.0,0.0
2018-06-29 00:00:00-04:00,82.44999694824219,83.54000091552734,82.29000091552734,82.7300033569336,60.16072082519531,17323200,0.0,0.0
2018-07-02 00:00:00-04:00,81.88999938964844,82.12999725341797,81.31999969482422,81.76000213623047,59.455352783203125,9998300,0.0,0.0
2018-07-03 00:00:00-04:00,82.58000183105469,83.44999694824219,82.08000183105469,82.23999786376953,59.80440902709961,7197300,0.0,0.0
2018-07-05 00:00:00-04:00,82.58999633789062,82.7699966430664,82.05000305175781,82.30999755859375,59.85529708862305,9035700,0.0,0.0
2018-07-06 00:00:00-04:00,81.95999908447266,82.69999694824219,81.66000366210938,82.33000183105469,59.86984634399414,7637100,0.0,0.0
2018-07-09 00:00:00-04:00,82.80999755859375,83.12999725341797,82.55999755859375,82.9000015258789,60.284339904785156,7158600,0.0,0.0
2018-07-10 00:00:00-04:00,83.69999694824219,84.12000274658203,83.51000213623047,83.66000366210938,60.83700942993164,8806200,0.0,0.0
2018-07-11 00:00:00-04:00,83.02999877929688,83.52999877929688,82.02999877929688,82.58999633789062,60.05890655517578,10405300,0.0,0.0
2018-07-12 00:00:00-04:00,83.01000213623047,83.23999786376953,82.30999755859375,82.69000244140625,60.13163375854492,9762200,0.0,0.0
2018-07-13 00:00:00-04:00,82.68000030517578,83.75,82.55999755859375,83.30999755859375,60.582496643066406,8720000,0.0,0.0
2018-07-16 00:00:00-04:00,82.5199966430664,82.79000091552734,82.0,82.48999786376953,59.98619842529297,8306900,0.0,0.0
2018-07-17 00:00:00-04:00,82.26000213623047,82.75,82.04000091552734,82.30999755859375,59.85529708862305,7373300,0.0,0.0
2018-07-18 00:00:00-04:00,81.80000305175781,82.31999969482422,81.48999786376953,82.22000122070312,59.78984451293945,8711900,0.0,0.0
2018-07-19 00:00:00-04:00,82.19999694824219,82.62000274658203,81.72000122070312,82.01000213623047,59.637142181396484,8659100,0.0,0.0
2018-07-20 00:00:00-04:00,81.72000122070312,81.93000030517578,81.25,81.4000015258789,59.19356155395508,9196300,0.0,0.0
2018-07-23 00:00:00-04:00,81.94999694824219,82.0,81.18000030517578,81.4000015258789,59.19356155395508,8425900,0.0,0.0
2018-07-24 00:00:00-04:00,81.5199966430664,83.0199966430664,81.4800033569336,83.01000213623047,60.36433029174805,11121000,0.0,0.0
2018-07-25 00:00:00-04:00,83.01000213623047,83.73999786376953,82.51000213623047,83.58999633789062,60.786109924316406,9523600,0.0,0.0
2018-07-26 00:00:00-04:00,83.83000183105469,84.4000015258789,83.37000274658203,84.23999786376953,61.258766174316406,13210100,0.0,0.0
2018-07-27 00:00:00-04:00,80.97000122070312,82.37999725341797,80.80999755859375,81.91999816894531,59.571685791015625,18220800,0.0,0.0
2018-07-30 00:00:00-04:00,82.12999725341797,82.12999725341797,80.70999908447266,81.73999786376953,59.4407958984375,11282800,0.0,0.0
2018-07-31 00:00:00-04:00,81.63999938964844,82.1500015258789,81.44000244140625,81.51000213623047,59.273563385009766,11716800,0.0,0.0
2018-08-01 00:00:00-04:00,80.88999938964844,80.93000030517578,80.22000122070312,80.38999938964844,58.45908737182617,8936300,0.0,0.0
2018-08-02 00:00:00-04:00,79.88999938964844,80.26000213623047,79.44999694824219,79.91000366210938,58.11003875732422,8364300,0.0,0.0
2018-08-03 00:00:00-04:00,79.97000122070312,80.30000305175781,79.62999725341797,80.19999694824219,58.3209114074707,7811100,0.0,0.0
2018-08-06 00:00:00-04:00,80.25,80.43000030517578,79.73999786376953,80.18000030517578,58.30635452270508,10041800,0.0,0.0
2018-08-07 00:00:00-04:00,80.91000366210938,81.58999633789062,80.30999755859375,81.2699966430664,59.099029541015625,10698100,0.0,0.0
2018-08-08 00:00:00-04:00,81.0199966430664,81.2300033569336,80.3499984741211,80.7300033569336,58.70631408691406,7275000,0.0,0.0
2018-08-09 00:00:00-04:00,80.7300033569336,80.91000366210938,80.11000061035156,80.31999969482422,58.408164978027344,9828500,0.0,0.0
2018-08-10 00:00:00-04:00,79.51000213623047,79.5199966430664,78.86000061035156,79.41999816894531,58.34941101074219,12954300,0.82,0.0
2018-08-13 00:00:00-04:00,79.44999694824219,79.75,78.43000030517578,78.55999755859375,57.71757888793945,10308500,0.0,0.0
2018-08-14 00:00:00-04:00,78.98999786376953,79.06999969482422,78.08000183105469,78.30999755859375,57.53390121459961,8005900,0.0,0.0
2018-08-15 00:00:00-04:00,77.77999877929688,77.9000015258789,76.51000213623047,76.94000244140625,56.527374267578125,16307800,0.0,0.0
2018-08-16 00:00:00-04:00,77.27999877929688,78.0999984741211,77.19999694824219,78.0,57.30612564086914,11519900,0.0,0.0
2018-08-17 00:00:00-04:00,78.33999633789062,78.48999786376953,77.80000305175781,78.26000213623047,57.49716567993164,10178400,0.0,0.0
2018-08-20 00:00:00-04:00,78.26000213623047,79.0,78.16999816894531,78.80999755859375,57.901248931884766,8152100,0.0,0.0
2018-08-21 00:00:00-04:00,79.05000305175781,79.58000183105469,78.66999816894531,78.83000183105469,57.91593933105469,9192200,0.0,0.0
2018-08-22 00:00:00-04:00,79.11000061035156,80.05000305175781,79.0199966430664,79.95999908447266,58.74614715576172,10098200,0.0,0.0
2018-08-23 00:00:00-04:00,79.55999755859375,79.62999725341797,78.9000015258789,79.08000183105469,58.09962463378906,7203900,0.0,0.0
2018-08-24 00:00:00-04:00,79.5199966430664,80.05000305175781,79.41999816894531,79.62000274658203,58.49635314941406,6545200,0.0,0.0
2018-08-27 00:00:00-04:00,79.91000366210938,80.47000122070312,79.86000061035156,80.4000015258789,59.069400787353516,6671900,0.0,0.0
2018-08-28 00:00:00-04:00,80.58000183105469,80.81999969482422,80.19999694824219,80.27999877929688,58.98124694824219,8823400,0.0,0.0
2018-08-29 00:00:00-04:00,80.44000244140625,81.04000091552734,80.0999984741211,80.86000061035156,59.40736389160156,8004800,0.0,0.0
2018-08-30 00:00:00-04:00,80.44999694824219,80.77999877929688,80.12000274658203,80.51000213623047,59.150211334228516,7450900,0.0,0.0
2018-08-31 00:00:00-04:00,80.23999786376953,80.45999908447266,79.7699966430664,80.16999816894531,58.90043640136719,10700000,0.0,0.0
2018-09-04 00:00:00-04:00,80.41000366210938,80.69000244140625,79.80999755859375,80.29000091552734,58.988590240478516,8855000,0.0,0.0
2018-09-05 00:00:00-04:00,79.9000015258789,81.43000030517578,79.5999984741211,81.36000061035156,59.77470397949219,13878400,0.0,0.0
2018-09-06 00:00:00-04:00,81.11000061035156,81.63999938964844,80.33999633789062,80.45999908447266,59.11347961425781,13320600,0.0,0.0
2018-09-07 00:00:00-04:00,80.1500015258789,81.93000030517578,79.81999969482422,81.83000183105469,60.12002182006836,16417800,0.0,0.0
2018-09-10 00:00:00-04:00,82.23999786376953,82.73999786376953,81.66000366210938,81.70999908447266,60.03185272216797,10817900,0.0,0.0
2018-09-11 00:00:00-04:00,81.95999908447266,83.19000244140625,81.62999725341797,82.86000061035156,60.87676239013672,11891900,0.0,0.0
2018-09-12 00:00:00-04:00,83.25,83.77999877929688,82.87000274658203,83.12999725341797,61.07511520385742,11556300,0.0,0.0
2018-09-13 00:00:00-04:00,83.1500015258789,83.25,82.01000213623047,82.31999969482422,60.48001480102539,11162700,0.0,0.0
2018-09-14 00:00:00-04:00,82.41999816894531,83.1500015258789,82.2699966430664,82.91999816894531,60.92082214355469,9442600,0.0,0.0
2018-09-17 00:00:00-04:00,83.0,83.61000061035156,82.98999786376953,83.41000366210938,61.28083038330078,8403300,0.0,0.0
2018-09-18 00:00:00-04:00,83.9000015258789,84.12999725341797,83.44999694824219,83.62999725341797,61.442466735839844,9219900,0.0,0.0
2018-09-19 00:00:00-04:00,83.63999938964844,84.7699966430664,83.63999938964844,84.62999725341797,62.17715835571289,10413600,0.0,0.0
2018-09-20 00:00:00-04:00,84.86000061035156,85.33999633789062,84.54000091552734,84.81999969482422,62.316768646240234,11198200,0.0,0.0
2018-09-21 00:00:00-04:00,85.01000213623047,85.43000030517578,84.5199966430664,85.16999816894531,62.57389831542969,26639400,0.0,0.0
2018-09-24 00:00:00-04:00,85.79000091552734,87.08999633789062,85.72000122070312,86.5999984741211,63.62449264526367,13549500,0.0,0.0
2018-09-25 00:00:00-04:00,87.02999877929688,87.36000061035156,86.37000274658203,86.5,63.551048278808594,12200700,0.0,0.0
2018-09-26 00:00:00-04:00,86.0199966430664,86.5,85.69000244140625,85.77999877929688,63.022037506103516,10275500,0.0,0.0
2018-09-27 00:00:00-04:00,86.08999633789062,86.37999725341797,85.58999633789062,85.7699966430664,63.01469421386719,7895400,0.0,0.0
2018-09-28 00:00:00-04:00,85.25,85.93000030517578,84.98999786376953,85.0199966430664,62.46370315551758,9884900,0.0,0.0
2018-10-01 00:00:00-04:00,85.3499984741211,86.02999877929688,85.26000213623047,85.80999755859375,63.04410171508789,8566900,0.0,0.0
2018-10-02 00:00:00-04:00,85.80000305175781,86.66999816894531,85.62000274658203,86.45999908447266,63.52164840698242,8453100,0.0,0.0
2018-10-03 00:00:00-04:00,86.51000213623047,86.88999938964844,85.9800033569336,86.1500015258789,63.293888092041016,10206700,0.0,0.0
2018-10-04 00:00:00-04:00,85.5,86.08000183105469,85.25,85.58000183105469,62.875125885009766,10204600,0.0,0.0
2018-10-05 00:00:00-04:00,85.30999755859375,85.69999694824219,84.93000030517578,85.33999633789062,62.698787689208984,9217400,0.0,0.0
2018-10-08 00:00:00-04:00,84.79000091552734,86.30999755859375,84.6500015258789,86.12999725341797,63.279205322265625,13242400,0.0,0.0
2018-10-09 00:00:00-04:00,86.37999725341797,86.87999725341797,85.73999786376953,86.51000213623047,63.55839920043945,10177900,0.0,0.0
2018-10-10 00:00:00-04:00,86.7300033569336,86.81999969482422,84.5,84.5199966430664,62.09635925292969,16573400,0.0,0.0
2018-10-11 00:00:00-04:00,83.94000244140625,84.16999816894531,81.16999816894531,81.5999984741211,59.9510383605957,20320100,0.0,0.0
2018-10-12 00:00:00-04:00,82.12999725341797,82.23999786376953,80.2699966430664,81.37999725341797,59.78940963745117,15216300,0.0,0.0
2018-10-15 00:00:00-04:00,81.37999725341797,81.73999786376953,80.81999969482422,80.81999969482422,59.37798309326172,10558800,0.0,0.0
2018-10-16 00:00:00-04:00,80.51000213623047,81.2699966430664,80.01000213623047,81.19999694824219,59.65715408325195,9781800,0.0,0.0
2018-10-17 00:00:00-04:00,80.94000244140625,81.5199966430664,80.33999633789062,81.5,59.87757110595703,12247700,0.0,0.0
2018-10-18 00:00:00-04:00,81.19999694824219,82.47000122070312,81.19999694824219,81.8499984741211,60.13471221923828,17448600,0.0,0.0
2018-10-19 00:00:00-04:00,81.66000366210938,82.45999908447266,81.51000213623047,81.97000122070312,60.22289276123047,12098700,0.0,0.0
2018-10-22 00:00:00-04:00,82.0,82.18000030517578,80.63999938964844,81.1500015258789,59.62044143676758,9474100,0.0,0.0
2018-10-23 00:00:00-04:00,80.05999755859375,80.45999908447266,78.72000122070312,79.83999633789062,58.657962799072266,15465100,0.0,0.0
2018-10-24 00:00:00-04:00,80.12999725341797,80.26000213623047,77.55000305175781,77.62000274658203,57.02695846557617,16085700,0.0,0.0
2018-10-25 00:00:00-04:00,78.48999786376953,79.05000305175781,77.73999786376953,78.30999755859375,57.53390121459961,12315500,0.0,0.0
2018-10-26 00:00:00-04:00,77.87000274658203,78.41000366210938,76.95999908447266,77.52999877929688,56.960845947265625,18160100,0.0,0.0
2018-10-29 00:00:00-04:00,78.06999969482422,78.43000030517578,76.22000122070312,77.05000305175781,56.60816955566406,15707000,0.0,0.0
2018-10-30 00:00:00-04:00,77.62000274658203,79.02999877929688,77.41999816894531,78.77999877929688,57.879215240478516,17758200,0.0,0.0
2018-10-31 00:00:00-04:00,79.33999633789062,80.3499984741211,78.9000015258789,79.68000030517578,58.54042434692383,16629100,0.0,0.0
2018-11-01 00:00:00-04:00,79.83000183105469,80.75,79.30000305175781,80.66999816894531,59.26776885986328,14159300,0.0,0.0
2018-11-02 00:00:00-04:00,81.76000213623047,82.44999694824219,80.2300033569336,81.94999694824219,60.20818328857422,19350400,0.0,0.0
2018-11-05 00:00:00-05:00,82.5,82.87000274658203,81.44000244140625,81.63999938964844,59.980445861816406,15815000,0.0,0.0
2018-11-06 00:00:00-05:00,81.73999786376953,82.0999984741211,81.3499984741211,81.98999786376953,60.23756790161133,9063200,0.0,0.0
2018-11-07 00:00:00-05:00,82.20999908447266,83.13999938964844,81.66000366210938,83.02999877929688,61.001651763916016,12699800,0.0,0.0
2018-11-08 00:00:00-05:00,83.12999725341797,83.75,81.54000091552734,81.70999908447266,60.03185272216797,16865500,0.0,0.0
2018-11-09 00:00:00-05:00,80.26000213623047,81.4000015258789,79.69000244140625,80.87000274658203,60.017024993896484,15070100,0.82,0.0
2018-11-12 00:00:00-05:00,81.66000366210938,81.7300033569336,79.7300033569336,79.83000183105469,59.24519729614258,11906600,0.0,0.0
2018-11-13 00:00:00-05:00,79.80000305175781,79.8499984741211,77.63999938964844,78.0,57.8870735168457,15530200,0.0,0.0
2018-11-14 00:00:00-05:00,78.86000061035156,79.08999633789062,76.75,77.38999938964844,57.43437194824219,18552100,0.0,0.0
2018-11-15 00:00:00-05:00,76.66999816894531,78.19000244140625,75.91000366210938,78.19000244140625,58.028072357177734,18976000,0.0,0.0
2018-11-16 00:00:00-05:00,78.37000274658203,79.19000244140625,78.0999984741211,78.95999908447266,58.59952926635742,13704900,0.0,0.0
2018-11-19 00:00:00-05:00,78.45999908447266,79.36000061035156,78.43000030517578,79.22000122070312,58.7924690246582,9430800,0.0,0.0
2018-11-20 00:00:00-05:00,78.41999816894531,78.9000015258789,76.37000274658203,76.97000122070312,57.1226692199707,15533700,0.0,0.0
2018-11-21 00:00:00-05:00,77.43000030517578,78.37999725341797,77.26000213623047,77.55999755859375,57.56052780151367,9685300,0.0,0.0
2018-11-23 00:00:00-05:00,76.05000305175781,76.19999694824219,74.69999694824219,75.48999786376953,56.0243034362793,10875400,0.0,0.0
2018-11-26 00:00:00-05:00,76.23999786376953,77.31999969482422,76.12000274658203,76.9800033569336,57.13008499145508,13741100,0.0,0.0
2018-11-27 00:00:00-05:00,76.56999969482422,77.44999694824219,76.4000015258789,77.05000305175781,57.18202590942383,10344500,0.0,0.0
2018-11-28 00:00:00-05:00,77.04000091552734,78.44999694824219,76.83999633789062,78.44999694824219,58.221012115478516,11482100,0.0,0.0
2018-11-29 00:00:00-05:00,78.22000122070312,79.52999877929688,78.19000244140625,79.05999755859375,58.67374038696289,10255200,0.0,0.0
2018-11-30 00:00:00-05:00,78.44999694824219,79.5999984741211,78.31999969482422,79.5,59.00028610229492,14040100,0.0,0.0
2018-12-03 00:00:00-05:00,80.23999786376953,81.45999908447266,80.13999938964844,81.22000122070312,60.27676010131836,19415100,0.0,0.0
2018-12-04 00:00:00-05:00,81.37999725341797,81.94999694824219,79.3499984741211,79.43000030517578,58.94831848144531,18540700,0.0,0.0
2018-12-06 00:00:00-05:00,78.0,78.44000244140625,76.91999816894531,78.38999938964844,58.17649841308594,23218100,0.0,0.0
2018-12-07 00:00:00-05:00,79.38999938964844,80.36000061035156,77.33000183105469,77.63999938964844,57.61990737915039,16224700,0.0,0.0
2018-12-10 00:00:00-05:00,77.86000061035156,77.86000061035156,74.80000305175781,76.54000091552734,56.80353546142578,17946200,0.0,0.0
2018-12-11 00:00:00-05:00,77.69999694824219,77.80000305175781,75.68000030517578,76.68000030517578,56.90743637084961,15742400,0.0,0.0
2018-12-12 00:00:00-05:00,78.04000091552734,78.19999694824219,76.0199966430664,76.0199966430664,56.41762161254883,14559800,0.0,0.0
2018-12-13 00:00:00-05:00,76.02999877929688,77.22000122070312,75.94999694824219,76.9800033569336,57.13008499145508,13749700,0.0,0.0
2018-12-14 00:00:00-05:00,76.72000122070312,76.87000274658203,75.08999633789062,75.58000183105469,56.09108352661133,12669300,0.0,0.0
2018-12-17 00:00:00-05:00,75.26000213623047,75.5999984741211,73.4800033569336,74.04000091552734,54.94818878173828,15464100,0.0,0.0
2018-12-18 00:00:00-05:00,73.62999725341797,73.86000061035156,71.62000274658203,72.0,53.43421173095703,18681200,0.0,0.0
2018-12-19 00:00:00-05:00,72.44999694824219,73.2699966430664,70.30000305175781,70.77999877929688,52.52880859375,21679600,0.0,0.0
2018-12-20 00:00:00-05:00,70.08999633789062,70.66000366210938,68.05000305175781,68.62999725341797,50.93319320678711,28723700,0.0,0.0
2018-12-21 00:00:00-05:00,68.13999938964844,70.37000274658203,67.66999816894531,68.12000274658203,50.55470275878906,47287300,0.0,0.0
2018-12-24 00:00:00-05:00,66.87000274658203,67.52999877929688,65.44000244140625,65.51000213623047,48.617713928222656,14262800,0.0,0.0
2018-12-26 00:00:00-05:00,66.18000030517578,68.66000366210938,64.6500015258789,68.63999938964844,50.94062042236328,24887700,0.0,0.0
2018-12-27 00:00:00-05:00,67.73999786376953,68.94000244140625,66.08000183105469,68.94000244140625,51.16326141357422,22077000,0.0,0.0
2018-12-28 00:00:00-05:00,69.18000030517578,69.58000183105469,67.81999969482422,68.16999816894531,50.59180450439453,19710600,0.0,0.0
2018-12-31 00:00:00-05:00,68.31999969482422,69.1500015258789,67.66000366210938,68.19000244140625,50.60666275024414,15807000,0.0,0.0
