Date,Open,High,Low,Close,Adj Close,Volume,Dividends,Stock Splits
2014-01-02 00:00:00-05:00,19.845714569091797,19.89392852783203,19.71500015258789,19.754642486572266,17.215368270874023,234684800,0.0,0.0
2014-01-03 00:00:00-05:00,19.7450008392334,19.774999618530273,19.301071166992188,19.320714950561523,16.837217330932617,392467600,0.0,0.0
2014-01-06 00:00:00-05:00,19.194643020629883,19.5285701751709,19.05714225769043,19.426071166992188,16.92902946472168,412610800,0.0,0.0
2014-01-07 00:00:00-05:00,19.440000534057617,19.498571395874023,19.211429595947266,19.28714370727539,16.807960510253906,317209200,0.0,0.0
2014-01-08 00:00:00-05:00,19.243213653564453,19.484285354614258,19.238929748535156,19.409286499023438,16.914409637451172,258529600,0.0,0.0
2014-01-09 00:00:00-05:00,19.5285701751709,19.53071403503418,19.11964225769043,19.161428451538086,16.698406219482422,279148800,0.0,0.0
2014-01-10 00:00:00-05:00,19.27964210510254,19.314285278320312,18.96821403503418,19.033571243286133,16.58698081970215,304976000,0.0,0.0
2014-01-13 00:00:00-05:00,18.925357818603516,19.375,18.924285888671875,19.133214950561523,16.673818588256836,378492800,0.0,0.0
2014-01-14 00:00:00-05:00,19.222143173217773,19.526071548461914,19.2021427154541,19.51392936706543,17.005592346191406,332561600,0.0,0.0
2014-01-15 00:00:00-05:00,19.768571853637695,20.007143020629883,19.7021427154541,19.90571403503418,17.347026824951172,391638800,0.0,0.0
2014-01-16 00:00:00-05:00,19.81785774230957,19.887500762939453,19.702856063842773,19.79464340209961,17.250232696533203,229278000,0.0,0.0
2014-01-17 00:00:00-05:00,19.695714950561523,19.716785430908203,19.282142639160156,19.309642791748047,16.827571868896484,426739600,0.0,0.0
2014-01-21 00:00:00-05:00,19.32107162475586,19.645357131958008,19.30071449279785,19.609643936157227,17.089004516601562,328526800,0.0,0.0
2014-01-22 00:00:00-05:00,19.675357818603516,19.903213500976562,19.56464385986328,19.696786880493164,17.164953231811523,379985200,0.0,0.0
2014-01-23 00:00:00-05:00,19.640714645385742,19.875,19.457500457763672,19.863571166992188,17.310300827026367,403239200,0.0,0.0
2014-01-24 00:00:00-05:00,19.78571319580078,19.843570709228516,19.45535659790039,19.502500534057617,16.995635986328125,429354800,0.0,0.0
2014-01-27 00:00:00-05:00,19.645357131958008,19.814285278320312,19.491071701049805,19.66071319580078,17.133508682250977,554878800,0.0,0.0
2014-01-28 00:00:00-05:00,18.170000076293945,18.39285659790039,17.93107032775879,18.08928680419922,15.76408576965332,1065523200,0.0,0.0
2014-01-29 00:00:00-05:00,17.998214721679688,18.120357513427734,17.807857513427734,17.883928298950195,15.585114479064941,502810000,0.0,0.0
2014-01-30 00:00:00-05:00,17.947856903076172,18.08928680419922,17.739286422729492,17.849285125732422,15.554927825927734,678501600,0.0,0.0
2014-01-31 00:00:00-05:00,17.684999465942383,17.911785125732422,17.626785278320312,17.878570556640625,15.580451965332031,464797200,0.0,0.0
2014-02-03 00:00:00-05:00,17.95035743713379,18.133214950561523,17.832143783569336,17.911785125732422,15.609394073486328,401464000,0.0,0.0
2014-02-04 00:00:00-05:00,18.066070556640625,18.19499969482422,17.955713272094727,18.171070098876953,15.835348129272461,376681200,0.0,0.0
2014-02-05 00:00:00-05:00,18.091428756713867,18.402856826782227,18.08035659790039,18.306785583496094,15.953625679016113,328344800,0.0,0.0
2014-02-06 00:00:00-05:00,18.216428756713867,18.33928680419922,18.136070251464844,18.30392837524414,16.04660987854004,257765200,0.108929,0.0
2014-02-07 00:00:00-05:00,18.62071418762207,18.676071166992188,18.47785758972168,18.559999465942383,16.271099090576172,370280400,0.0,0.0
2014-02-10 00:00:00-05:00,18.523571014404297,18.999643325805664,18.5,18.892499923706055,16.56259536743164,345559200,0.0,0.0
2014-02-11 00:00:00-05:00,18.95035743713379,19.20535659790039,18.91071319580078,19.141429901123047,16.78082847595215,282256800,0.0,0.0
2014-02-12 00:00:00-05:00,19.176786422729492,19.270000457763672,19.044286727905273,19.139999389648438,16.77957534790039,308100800,0.0,0.0
2014-02-13 00:00:00-05:00,19.094999313354492,19.45892906188965,19.078571319580078,19.44392967224121,17.04602813720703,307398000,0.0,0.0
2014-02-14 00:00:00-05:00,19.37392807006836,19.499286651611328,19.328929901123047,19.428213119506836,17.03224754333496,272924400,0.0,0.0
2014-02-18 00:00:00-05:00,19.5,19.68535614013672,19.48607063293457,19.499643325805664,17.094867706298828,260251600,0.0,0.0
2014-02-19 00:00:00-05:00,19.45535659790039,19.53178596496582,19.08392906188965,19.19178581237793,16.824968338012695,313768000,0.0,0.0
2014-02-20 00:00:00-05:00,19.035356521606445,19.178571701049805,18.89285659790039,18.969642639160156,16.63022232055664,305858000,0.0,0.0
2014-02-21 00:00:00-05:00,19.028213500976562,19.091785430908203,18.735713958740234,18.758928298950195,16.445493698120117,278784800,0.0,0.0
2014-02-24 00:00:00-05:00,18.683929443359375,18.92571449279785,18.65785789489746,18.8410701751709,16.517515182495117,288909600,0.0,0.0
2014-02-25 00:00:00-05:00,18.906429290771484,18.9132137298584,18.60714340209961,18.645000457763672,16.345619201660156,231952000,0.0,0.0
2014-02-26 00:00:00-05:00,18.70035743713379,18.75,18.41428565979004,18.47678565979004,16.198150634765625,276217200,0.0,0.0
2014-02-27 00:00:00-05:00,18.46928596496582,18.885000228881836,18.430356979370117,18.84535789489746,16.521270751953125,301882000,0.0,0.0
2014-02-28 00:00:00-05:00,18.895713806152344,19.02678680419922,18.64714241027832,18.794286727905273,16.476503372192383,371968800,0.0,0.0
2014-03-03 00:00:00-05:00,18.693571090698242,18.951786041259766,18.671785354614258,18.84857177734375,16.524091720581055,238781200,0.0,0.0
2014-03-04 00:00:00-05:00,18.96428680419922,19.022857666015625,18.848928451538086,18.972856521606445,16.63304328918457,259140000,0.0,0.0
2014-03-05 00:00:00-05:00,18.961429595947266,19.09821319580078,18.897499084472656,19.01285743713379,16.668113708496094,200062800,0.0,0.0
2014-03-06 00:00:00-05:00,19.028213500976562,19.087142944335938,18.860713958740234,18.95535659790039,16.617704391479492,185488800,0.0,0.0
2014-03-07 00:00:00-05:00,18.967500686645508,18.999286651611328,18.787500381469727,18.944286346435547,16.608003616333008,220729600,0.0,0.0
2014-03-10 00:00:00-04:00,18.8700008392334,19.047500610351562,18.869285583496094,18.961429595947266,16.62302589416504,178584000,0.0,0.0
2014-03-11 00:00:00-04:00,19.123214721679688,19.240713119506836,19.02107048034668,19.14607048034668,16.78489875793457,279224400,0.0,0.0
2014-03-12 00:00:00-04:00,19.089643478393555,19.191070556640625,19.0,19.164642333984375,16.801176071166992,199326400,0.0,0.0
2014-03-13 00:00:00-04:00,19.194286346435547,19.273571014404297,18.898571014404297,18.951786041259766,16.61457061767578,257742800,0.0,0.0
2014-03-14 00:00:00-04:00,18.885356903076172,18.960357666015625,18.678571701049805,18.738929748535156,16.427974700927734,237199200,0.0,0.0
2014-03-17 00:00:00-04:00,18.8464298248291,18.927499771118164,18.780357360839844,18.812143325805664,16.49214744567871,199544800,0.0,0.0
2014-03-18 00:00:00-04:00,18.782142639160156,18.99892807006836,18.757143020629883,18.97857093811035,16.638059616088867,209647200,0.0,0.0
2014-03-19 00:00:00-04:00,19.009286880493164,19.15142822265625,18.89285659790039,18.97357177734375,16.6336727142334,224756000,0.0,0.0
2014-03-20 00:00:00-04:00,18.92464256286621,19.023929595947266,18.83392906188965,18.882143020629883,16.553518295288086,208398400,0.0,0.0
2014-03-21 00:00:00-04:00,18.997499465942383,19.0625,18.797500610351562,19.031070709228516,16.68408203125,374046400,0.0,0.0
2014-03-24 00:00:00-04:00,19.229286193847656,19.303571701049805,19.109285354614258,19.256786346435547,16.881959915161133,355700800,0.0,0.0
2014-03-25 00:00:00-04:00,19.33928680419922,19.491071701049805,19.27107048034668,19.46392822265625,17.063552856445312,282293200,0.0,0.0
2014-03-26 00:00:00-04:00,19.518571853637695,19.60714340209961,19.2450008392334,19.277856826782227,16.900432586669922,299768000,0.0,0.0
2014-03-27 00:00:00-04:00,19.286428451538086,19.33928680419922,19.11142921447754,19.19499969482422,16.827791213989258,222031600,0.0,0.0
2014-03-28 00:00:00-04:00,19.2257137298584,19.24785614013672,19.08035659790039,19.17357063293457,16.809001922607422,200564000,0.0,0.0
2014-03-31 00:00:00-04:00,19.258214950561523,19.31464385986328,19.140356063842773,19.169286727905273,16.805248260498047,168669200,0.0,0.0
2014-04-01 00:00:00-04:00,19.205713272094727,19.352500915527344,19.17035675048828,19.344642639160156,16.958982467651367,200760000,0.0,0.0
2014-04-02 00:00:00-04:00,19.37071418762207,19.40999984741211,19.295000076293945,19.376785278320312,16.98715591430664,180420800,0.0,0.0
2014-04-03 00:00:00-04:00,19.335357666015625,19.375,19.20142936706543,19.24250030517578,16.869434356689453,162344000,0.0,0.0
2014-04-04 00:00:00-04:00,19.278928756713867,19.28571319580078,18.94928550720215,18.99357032775879,16.651203155517578,275251200,0.0,0.0
2014-04-07 00:00:00-04:00,18.85785675048828,18.96071434020996,18.63892936706543,18.695356369018555,16.3897647857666,289850400,0.0,0.0
2014-04-08 00:00:00-04:00,18.756786346435547,18.790000915527344,18.524999618530273,18.694286346435547,16.388830184936523,243888400,0.0,0.0
2014-04-09 00:00:00-04:00,18.665714263916016,18.94607162475586,18.643571853637695,18.940000534057617,16.604238510131836,206169600,0.0,0.0
2014-04-10 00:00:00-04:00,18.952856063842773,19.00857162475586,18.684642791748047,18.695714950561523,16.39008331298828,239652000,0.0,0.0
2014-04-11 00:00:00-04:00,18.53571319580078,18.672500610351562,18.46928596496582,18.5575008392334,16.268911361694336,271717600,0.0,0.0
2014-04-14 00:00:00-04:00,18.639286041259766,18.648571014404297,18.471786499023438,18.63142967224121,16.333728790283203,205674000,0.0,0.0
2014-04-15 00:00:00-04:00,18.581071853637695,18.6299991607666,18.26178550720215,18.498571395874023,16.21724510192871,266490000,0.0,0.0
2014-04-16 00:00:00-04:00,18.501785278320312,18.6103572845459,18.36214256286621,18.53607177734375,16.250123977661133,214765600,0.0,0.0
2014-04-17 00:00:00-04:00,18.571428298950195,18.84857177734375,18.542856216430664,18.74785614013672,16.435794830322266,284334400,0.0,0.0
2014-04-21 00:00:00-04:00,18.762142181396484,19.0049991607666,18.71285629272461,18.97035789489746,16.630855560302734,182548800,0.0,0.0
2014-04-22 00:00:00-04:00,18.868213653564453,18.993928909301758,18.803571701049805,18.989286422729492,16.64744758605957,202563200,0.0,0.0
2014-04-23 00:00:00-04:00,18.895000457763672,18.968929290771484,18.730356216430664,18.741071701049805,16.429841995239258,394940000,0.0,0.0
2014-04-24 00:00:00-04:00,20.293214797973633,20.35714340209961,20.026071548461914,20.27750015258789,17.776792526245117,759911600,0.0,0.0
2014-04-25 00:00:00-04:00,20.161785125732422,20.428213119506836,20.141429901123047,20.426429748535156,17.907358169555664,390275200,0.0,0.0
2014-04-28 00:00:00-04:00,20.457143783569336,21.27678680419922,20.448213577270508,21.217500686645508,18.600868225097656,669485600,0.0,0.0
2014-04-29 00:00:00-04:00,21.204999923706055,21.28499984741211,21.05392837524414,21.15464210510254,18.545766830444336,337377600,0.0,0.0
2014-04-30 00:00:00-04:00,21.165714263916016,21.408214569091797,21.064285278320312,21.074642181396484,18.475627899169922,456640800,0.0,0.0
2014-05-01 00:00:00-04:00,21.14285659790039,21.242856979370117,20.941429138183594,21.124286651611328,18.519153594970703,244048000,0.0,0.0
2014-05-02 00:00:00-04:00,21.155000686645508,21.2214298248291,21.061071395874023,21.163570404052734,18.55359649658203,191514400,0.0,0.0
2014-05-05 00:00:00-04:00,21.07642936706543,21.46428680419922,21.071428298950195,21.46285629272461,18.81596565246582,287067200,0.0,0.0
2014-05-06 00:00:00-04:00,21.492856979370117,21.586071014404297,21.22892951965332,21.22892951965332,18.610889434814453,374564400,0.0,0.0
2014-05-07 00:00:00-04:00,21.258928298950195,21.331785202026367,20.9903564453125,21.15464210510254,18.545766830444336,282864400,0.0,0.0
2014-05-08 00:00:00-04:00,21.008928298950195,21.22892951965332,20.94285774230957,20.999643325805664,18.51270866394043,230297200,0.1175,0.0
2014-05-09 00:00:00-04:00,20.876428604125977,20.9375,20.726070404052734,20.91214370727539,18.43556785583496,291597600,0.0,0.0
2014-05-12 00:00:00-04:00,20.981786727905273,21.2021427154541,20.97857093811035,21.172500610351562,18.665090560913086,213208800,0.0,0.0
2014-05-13 00:00:00-04:00,21.14285659790039,21.233570098876953,21.0964298248291,21.205713272094727,18.69437026977539,159737200,0.0,0.0
2014-05-14 00:00:00-04:00,21.158214569091797,21.33571434020996,21.13357162475586,21.20964241027832,18.697839736938477,166404000,0.0,0.0
2014-05-15 00:00:00-04:00,21.239286422729492,21.30714225769043,21.001428604125977,21.029285430908203,18.538837432861328,230846000,0.0,0.0
2014-05-16 00:00:00-04:00,21.022499084472656,21.340356826782227,20.907142639160156,21.339643478393555,18.812440872192383,276256400,0.0,0.0
2014-05-19 00:00:00-04:00,21.35178565979004,21.690357208251953,21.333213806152344,21.592500686645508,19.03535270690918,317755200,0.0,0.0
2014-05-20 00:00:00-04:00,21.589643478393555,21.657142639160156,21.45464324951172,21.596786499023438,19.03912925720215,234836000,0.0,0.0
2014-05-21 00:00:00-04:00,21.565357208251953,21.667856216430664,21.50214385986328,21.653928756713867,19.089509963989258,196859600,0.0,0.0
2014-05-22 00:00:00-04:00,21.66428565979004,21.780357360839844,21.575000762939453,21.688213348388672,19.119726181030273,200760000,0.0,0.0
2014-05-23 00:00:00-04:00,21.6875,21.95464324951172,21.659643173217773,21.93321418762207,19.335716247558594,232209600,0.0,0.0
2014-05-27 00:00:00-04:00,21.99571418762207,22.352142333984375,21.986785888671875,22.343929290771484,19.69778060913086,348866000,0.0,0.0
2014-05-28 00:00:00-04:00,22.35785675048828,22.493928909301758,22.277856826782227,22.28607177734375,19.646787643432617,315481600,0.0,0.0
2014-05-29 00:00:00-04:00,22.423213958740234,22.745357513427734,22.42035675048828,22.692142486572266,20.0047664642334,376474000,0.0,0.0
2014-05-30 00:00:00-04:00,22.78499984741211,23.006071090698242,22.46071434020996,22.60714340209961,19.929834365844727,564020800,0.0,0.0
2014-06-02 00:00:00-04:00,22.641429901123047,22.672500610351562,22.23214340209961,22.451786041259766,19.792879104614258,369350800,0.0,0.0
2014-06-03 00:00:00-04:00,22.44499969482422,22.812143325805664,22.4375,22.769285202026367,20.072772979736328,292709200,0.0,0.0
2014-06-04 00:00:00-04:00,22.765714645385742,23.13892936706543,22.71821403503418,23.029285430908203,20.30198097229004,335482000,0.0,0.0
2014-06-05 00:00:00-04:00,23.078571319580078,23.19178581237793,22.95035743713379,23.11964225769043,20.381641387939453,303805600,0.0,0.0
2014-06-06 00:00:00-04:00,23.21071434020996,23.259286880493164,23.016786575317383,23.05607032775879,20.325592041015625,349938400,0.0,0.0
2014-06-09 00:00:00-04:00,23.174999237060547,23.469999313354492,22.9375,23.424999237060547,20.650829315185547,301660000,0.0,7.0
2014-06-10 00:00:00-04:00,23.6825008392334,23.762500762939453,23.392499923706055,23.5625,20.772045135498047,251108000,0.0,0.0
2014-06-11 00:00:00-04:00,23.532499313354492,23.690000534057617,23.36750030517578,23.46500015258789,20.686098098754883,182724000,0.0,0.0
2014-06-12 00:00:00-04:00,23.510000228881836,23.530000686645508,22.975000381469727,23.072500228881836,20.340078353881836,218996000,0.0,0.0
2014-06-13 00:00:00-04:00,23.049999237060547,23.110000610351562,22.719999313354492,22.81999969482422,20.117481231689453,218100000,0.0,0.0
2014-06-16 00:00:00-04:00,22.877500534057617,23.1875,22.862499237060547,23.049999237060547,20.320241928100586,142244000,0.0,0.0
2014-06-17 00:00:00-04:00,23.077499389648438,23.174999237060547,22.950000762939453,23.020000457763672,20.29379653930664,118904000,0.0,0.0
2014-06-18 00:00:00-04:00,23.0674991607666,23.072500228881836,22.837499618530273,23.045000076293945,20.315826416015625,134056000,0.0,0.0
2014-06-19 00:00:00-04:00,23.072500228881836,23.075000762939453,22.834999084472656,22.96500015258789,20.245304107666016,142112000,0.0,0.0
2014-06-20 00:00:00-04:00,22.962499618530273,23.137500762939453,22.725000381469727,22.727500915527344,20.03593635559082,403592000,0.0,0.0
2014-06-23 00:00:00-04:00,22.829999923706055,22.905000686645508,22.649999618530273,22.707500457763672,20.0183048248291,174776000,0.0,0.0
2014-06-24 00:00:00-04:00,22.6875,22.934999465942383,22.547500610351562,22.56999969482422,19.897085189819336,156144000,0.0,0.0
2014-06-25 00:00:00-04:00,22.552499771118164,22.674999237060547,22.412500381469727,22.59000015258789,19.914722442626953,147476000,0.0,0.0
2014-06-26 00:00:00-04:00,22.592500686645508,22.762500762939453,22.450000762939453,22.725000381469727,20.033727645874023,130516000,0.0,0.0
2014-06-27 00:00:00-04:00,22.704999923706055,23.0,22.6924991607666,22.9950008392334,20.271753311157227,256116000,0.0,0.0
2014-06-30 00:00:00-04:00,23.024999618530273,23.4325008392334,23.022499084472656,23.232500076293945,20.481130599975586,197929200,0.0,0.0
2014-07-01 00:00:00-04:00,23.3799991607666,23.517499923706055,23.282499313354492,23.3799991607666,20.611162185668945,152892000,0.0,0.0
2014-07-02 00:00:00-04:00,23.467500686645508,23.514999389648438,23.272499084472656,23.3700008392334,20.602354049682617,113860000,0.0,0.0
2014-07-03 00:00:00-04:00,23.417499542236328,23.524999618530273,23.299999237060547,23.50749969482422,20.723556518554688,91567200,0.0,0.0
2014-07-07 00:00:00-04:00,23.53499984741211,23.997499465942383,23.524999618530273,23.99250030517578,21.1511287689209,225872000,0.0,0.0
2014-07-08 00:00:00-04:00,24.0674991607666,24.200000762939453,23.479999542236328,23.837499618530273,21.014484405517578,260888000,0.0,0.0
2014-07-09 00:00:00-04:00,23.860000610351562,23.987499237060547,23.690000534057617,23.84749984741211,21.023300170898438,145744000,0.0,0.0
2014-07-10 00:00:00-04:00,23.440000534057617,23.887500762939453,23.3799991607666,23.760000228881836,20.946157455444336,158744000,0.0,0.0
2014-07-11 00:00:00-04:00,23.84000015258789,23.97249984741211,23.71500015258789,23.80500030517578,20.985830307006836,136072000,0.0,0.0
2014-07-14 00:00:00-04:00,23.96500015258789,24.22249984741211,23.912500381469727,24.112499237060547,21.256914138793945,171240000,0.0,0.0
2014-07-15 00:00:00-04:00,24.200000762939453,24.212499618530273,23.75749969482422,23.829999923706055,21.007862091064453,181911600,0.0,0.0
2014-07-16 00:00:00-04:00,24.24250030517578,24.274999618530273,23.684999465942383,23.69499969482422,20.888858795166016,213585200,0.0,0.0
2014-07-17 00:00:00-04:00,23.75749969482422,23.81999969482422,23.142499923706055,23.272499084472656,20.516387939453125,229192000,0.0,0.0
2014-07-18 00:00:00-04:00,23.405000686645508,23.684999465942383,23.2549991607666,23.607500076293945,20.811716079711914,199952000,0.0,0.0
2014-07-21 00:00:00-04:00,23.747499465942383,23.75,23.43000030517578,23.485000610351562,20.703725814819336,156316000,0.0,0.0
2014-07-22 00:00:00-04:00,23.670000076293945,23.72249984741211,23.530000686645508,23.68000030517578,20.875625610351562,220788000,0.0,0.0
2014-07-23 00:00:00-04:00,23.854999542236328,24.469999313354492,23.792499542236328,24.297500610351562,21.420001983642578,371672000,0.0,0.0
2014-07-24 00:00:00-04:00,24.260000228881836,24.329999923706055,24.104999542236328,24.25749969482422,21.384740829467773,182916000,0.0,0.0
2014-07-25 00:00:00-04:00,24.212499618530273,24.459999084472656,24.15999984741211,24.417499542236328,21.525793075561523,173876000,0.0,0.0
2014-07-28 00:00:00-04:00,24.454999923706055,24.809999465942383,24.387500762939453,24.7549991607666,21.823322296142578,221272000,0.0,0.0
2014-07-29 00:00:00-04:00,24.832500457763672,24.860000610351562,24.5625,24.594999313354492,21.682273864746094,172572000,0.0,0.0
2014-07-30 00:00:00-04:00,24.610000610351562,24.674999237060547,24.417499542236328,24.537500381469727,21.631580352783203,132040000,0.0,0.0
2014-07-31 00:00:00-04:00,24.290000915527344,24.362499237060547,23.832500457763672,23.899999618530273,21.069578170776367,227372000,0.0,0.0
2014-08-01 00:00:00-04:00,23.725000381469727,24.155000686645508,23.702499389648438,24.032499313354492,21.186382293701172,194044000,0.0,0.0
2014-08-04 00:00:00-04:00,24.092500686645508,24.145000457763672,23.792499542236328,23.897499084472656,21.06736946105957,159832000,0.0,0.0
2014-08-05 00:00:00-04:00,23.84000015258789,23.920000076293945,23.59000015258789,23.780000686645508,20.963794708251953,223732000,0.0,0.0
2014-08-06 00:00:00-04:00,23.6875,23.8700008392334,23.677499771118164,23.739999771118164,20.928525924682617,154232000,0.0,0.0
2014-08-07 00:00:00-04:00,23.732500076293945,23.987499237060547,23.524999618530273,23.6200008392334,20.926311492919922,186844000,0.1175,0.0
2014-08-08 00:00:00-04:00,23.565000534057617,23.704999923706055,23.31999969482422,23.684999465942383,20.983901977539062,167460000,0.0,0.0
2014-08-11 00:00:00-04:00,23.8174991607666,24.020000457763672,23.709999084472656,23.997499465942383,21.260765075683594,146340000,0.0,0.0
2014-08-12 00:00:00-04:00,24.010000228881836,24.219999313354492,23.90250015258789,23.99250030517578,21.256336212158203,135180000,0.0,0.0
2014-08-13 00:00:00-04:00,24.037500381469727,24.309999465942383,24.010000228881836,24.309999465942383,21.537622451782227,127664000,0.0,0.0
2014-08-14 00:00:00-04:00,24.332500457763672,24.392499923706055,24.200000762939453,24.375,21.59520721435547,112464000,0.0,0.0
2014-08-15 00:00:00-04:00,24.475000381469727,24.547500610351562,24.21500015258789,24.4950008392334,21.701522827148438,195804000,0.0,0.0
2014-08-18 00:00:00-04:00,24.622499465942383,24.842500686645508,24.4950008392334,24.790000915527344,21.9628849029541,190288000,0.0,0.0
2014-08-19 00:00:00-04:00,24.852500915527344,25.170000076293945,24.829999923706055,25.13249969482422,22.266319274902344,277596000,0.0,0.0
2014-08-20 00:00:00-04:00,25.110000610351562,25.272499084472656,24.987499237060547,25.142499923706055,22.275184631347656,210796000,0.0,0.0
2014-08-21 00:00:00-04:00,25.142499923706055,25.235000610351562,25.02750015258789,25.145000457763672,22.27740478515625,133912000,0.0,0.0
2014-08-22 00:00:00-04:00,25.072500228881836,25.36750030517578,25.047500610351562,25.329999923706055,22.441301345825195,176736000,0.0,0.0
2014-08-25 00:00:00-04:00,25.447500228881836,25.542499542236328,25.31999969482422,25.385000228881836,22.49002456665039,161080000,0.0,0.0
2014-08-26 00:00:00-04:00,25.354999542236328,25.375,25.21500015258789,25.22249984741211,22.34605598449707,132608000,0.0,0.0
2014-08-27 00:00:00-04:00,25.2549991607666,25.642499923706055,25.174999237060547,25.532499313354492,22.620702743530273,209476000,0.0,0.0
2014-08-28 00:00:00-04:00,25.397499084472656,25.69499969482422,25.389999389648438,25.5625,22.64728355407715,273840000,0.0,0.0
2014-08-29 00:00:00-04:00,25.71500015258789,25.725000381469727,25.549999237060547,25.625,22.70265769958496,178380000,0.0,0.0
2014-09-02 00:00:00-04:00,25.764999389648438,25.934999465942383,25.68000030517578,25.825000762939453,22.879850387573242,214256000,0.0,0.0
2014-09-03 00:00:00-04:00,25.774999618530273,25.799999237060547,24.645000457763672,24.735000610351562,21.91415786743164,501684000,0.0,0.0
2014-09-04 00:00:00-04:00,24.712499618530273,25.022499084472656,24.447500228881836,24.530000686645508,21.73253631591797,342872000,0.0,0.0
2014-09-05 00:00:00-04:00,24.700000762939453,24.84749984741211,24.577499389648438,24.74250030517578,21.920799255371094,233828000,0.0,0.0
2014-09-08 00:00:00-04:00,24.825000762939453,24.827499389648438,24.512500762939453,24.59000015258789,21.785694122314453,185426800,0.0,0.0
2014-09-09 00:00:00-04:00,24.770000457763672,25.770000457763672,24.03499984741211,24.497499465942383,21.70374298095703,759385200,0.0,0.0
2014-09-10 00:00:00-04:00,24.502500534057617,25.27750015258789,24.440000534057617,25.25,22.37042236328125,403478400,0.0,0.0
2014-09-11 00:00:00-04:00,25.102500915527344,25.360000610351562,24.905000686645508,25.357500076293945,22.46566390991211,249412400,0.0,0.0
2014-09-12 00:00:00-04:00,25.302499771118164,25.547500610351562,25.270000457763672,25.415000915527344,22.5166072845459,250504400,0.0,0.0
2014-09-15 00:00:00-04:00,25.702499389648438,25.762500762939453,25.360000610351562,25.407499313354492,22.50996208190918,245266000,0.0,0.0
2014-09-16 00:00:00-04:00,24.950000762939453,25.315000534057617,24.72249984741211,25.21500015258789,22.339414596557617,267632400,0.0,0.0
2014-09-17 00:00:00-04:00,25.3174991607666,25.450000762939453,25.147499084472656,25.395000457763672,22.498886108398438,243706000,0.0,0.0
2014-09-18 00:00:00-04:00,25.482500076293945,25.587499618530273,25.389999389648438,25.447500228881836,22.545392990112305,149197600,0.0,0.0
2014-09-19 00:00:00-04:00,25.572500228881836,25.587499618530273,25.125,25.239999771118164,22.361568450927734,283609600,0.0,0.0
2014-09-22 00:00:00-04:00,25.450000762939453,25.53499984741211,25.145000457763672,25.264999389648438,22.383703231811523,211153600,0.0,0.0
2014-09-23 00:00:00-04:00,25.149999618530273,25.735000610351562,25.135000228881836,25.65999984741211,22.733667373657227,253608800,0.0,0.0
2014-09-24 00:00:00-04:00,25.540000915527344,25.712499618530273,25.299999237060547,25.4375,22.536544799804688,240687200,0.0,0.0
2014-09-25 00:00:00-04:00,25.127500534057617,25.177499771118164,24.43000030517578,24.467500686645508,21.67716407775879,400368000,0.0,0.0
2014-09-26 00:00:00-04:00,24.63249969482422,25.1875,24.600000381469727,25.1875,22.315052032470703,249482000,0.0,0.0
2014-09-29 00:00:00-04:00,24.662500381469727,25.110000610351562,24.657499313354492,25.02750015258789,22.17329978942871,199065200,0.0,0.0
2014-09-30 00:00:00-04:00,25.202499389648438,25.385000228881836,25.13249969482422,25.1875,22.315052032470703,221056400,0.0,0.0
2014-10-01 00:00:00-04:00,25.147499084472656,25.172500610351562,24.674999237060547,24.795000076293945,21.967315673828125,205965200,0.0,0.0
2014-10-02 00:00:00-04:00,24.8174991607666,25.05500030517578,24.510000228881836,24.975000381469727,22.126787185668945,191031200,0.0,0.0
2014-10-03 00:00:00-04:00,24.860000610351562,25.052499771118164,24.760000228881836,24.905000686645508,22.06476593017578,173878400,0.0,0.0
2014-10-06 00:00:00-04:00,24.987499237060547,25.162500381469727,24.854999542236328,24.905000686645508,22.06476593017578,148204800,0.0,0.0
2014-10-07 00:00:00-04:00,24.857500076293945,25.030000686645508,24.6825008392334,24.6875,21.8720703125,168376800,0.0,0.0
2014-10-08 00:00:00-04:00,24.690000534057617,25.27750015258789,24.577499389648438,25.200000762939453,22.326128005981445,229618800,0.0,0.0
2014-10-09 00:00:00-04:00,25.385000228881836,25.594999313354492,25.15250015258789,25.2549991607666,22.374847412109375,309506000,0.0,0.0
2014-10-10 00:00:00-04:00,25.172500610351562,25.50749969482422,25.075000762939453,25.1825008392334,22.310617446899414,265326400,0.0,0.0
2014-10-13 00:00:00-04:00,25.332500457763672,25.44499969482422,24.952499389648438,24.952499389648438,22.106849670410156,214333600,0.0,0.0
2014-10-14 00:00:00-04:00,25.09749984741211,25.1299991607666,24.642499923706055,24.6875,21.8720703125,254754400,0.0,0.0
2014-10-15 00:00:00-04:00,24.49250030517578,24.787500381469727,23.795000076293945,24.385000228881836,21.60407066345215,403734400,0.0,0.0
2014-10-16 00:00:00-04:00,23.887500762939453,24.43000030517578,23.852500915527344,24.065000534057617,21.320560455322266,288618000,0.0,0.0
2014-10-17 00:00:00-04:00,24.375,24.75,24.202499389648438,24.417499542236328,21.632863998413086,272718800,0.0,0.0
2014-10-20 00:00:00-04:00,24.579999923706055,24.989999771118164,24.55500030517578,24.940000534057617,22.095773696899414,310069200,0.0,0.0
2014-10-21 00:00:00-04:00,25.7549991607666,25.7549991607666,25.3174991607666,25.61750030517578,22.69601058959961,378495600,0.0,0.0
2014-10-22 00:00:00-04:00,25.709999084472656,26.02750015258789,25.649999618530273,25.747499465942383,22.811189651489258,273052400,0.0,0.0
2014-10-23 00:00:00-04:00,26.020000457763672,26.262500762939453,25.907499313354492,26.207500457763672,23.21872329711914,284298800,0.0,0.0
2014-10-24 00:00:00-04:00,26.295000076293945,26.372499465942383,26.13249969482422,26.30500030517578,23.30510711669922,188215600,0.0,0.0
2014-10-27 00:00:00-04:00,26.212499618530273,26.3700008392334,26.174999237060547,26.27750015258789,23.280738830566406,136750800,0.0,0.0
2014-10-28 00:00:00-04:00,26.350000381469727,26.684999465942383,26.337499618530273,26.684999465942383,23.641775131225586,192243600,0.0,0.0
2014-10-29 00:00:00-04:00,26.662500381469727,26.842500686645508,26.59000015258789,26.834999084472656,23.774662017822266,210751600,0.0,0.0
2014-10-30 00:00:00-04:00,26.739999771118164,26.837499618530273,26.475000381469727,26.7450008392334,23.694929122924805,162619200,0.0,0.0
2014-10-31 00:00:00-04:00,27.002500534057617,27.010000228881836,26.802499771118164,27.0,23.920846939086914,178557200,0.0,0.0
2014-11-03 00:00:00-05:00,27.05500030517578,27.575000762939453,27.002500534057617,27.350000381469727,24.230937957763672,209130400,0.0,0.0
2014-11-04 00:00:00-05:00,27.34000015258789,27.372499465942383,26.93000030517578,27.149999618530273,24.053741455078125,166297600,0.0,0.0
2014-11-05 00:00:00-05:00,27.274999618530273,27.325000762939453,27.032499313354492,27.21500015258789,24.111330032348633,149743600,0.0,0.0
2014-11-06 00:00:00-05:00,27.149999618530273,27.197500228881836,26.950000762939453,27.174999237060547,24.1802921295166,139874000,0.1175,0.0
2014-11-07 00:00:00-05:00,27.1875,27.329999923706055,27.137500762939453,27.252500534057617,24.24924659729004,134766000,0.0,0.0
2014-11-10 00:00:00-05:00,27.2549991607666,27.332500457763672,27.167499542236328,27.207500457763672,24.209211349487305,108782000,0.0,0.0
2014-11-11 00:00:00-05:00,27.174999237060547,27.4375,27.100000381469727,27.424999237060547,24.402734756469727,109769200,0.0,0.0
2014-11-12 00:00:00-05:00,27.344999313354492,27.857500076293945,27.342500686645508,27.8125,24.747535705566406,187769600,0.0,0.0
2014-11-13 00:00:00-05:00,27.950000762939453,28.362499237060547,27.899999618530273,28.204999923706055,25.096782684326172,238091600,0.0,0.0
2014-11-14 00:00:00-05:00,28.287500381469727,28.547500610351562,27.802499771118164,28.545000076293945,25.399316787719727,176254400,0.0,0.0
2014-11-17 00:00:00-05:00,28.5674991607666,29.31999969482422,28.325000762939453,28.497499465942383,25.357040405273438,186986800,0.0,0.0
2014-11-18 00:00:00-05:00,28.485000610351562,28.922500610351562,28.47249984741211,28.86750030517578,25.686277389526367,176896000,0.0,0.0
2014-11-19 00:00:00-05:00,28.860000610351562,28.934999465942383,28.450000762939453,28.667499542236328,25.508310317993164,167476800,0.0,0.0
2014-11-20 00:00:00-05:00,28.727500915527344,29.21500015258789,28.712499618530273,29.077499389648438,25.873130798339844,173582000,0.0,0.0
2014-11-21 00:00:00-05:00,29.377500534057617,29.392499923706055,29.00749969482422,29.11750030517578,25.908720016479492,228717200,0.0,0.0
2014-11-24 00:00:00-05:00,29.212499618530273,29.6924991607666,29.155000686645508,29.657499313354492,26.38921546936035,189803200,0.0,0.0
2014-11-25 00:00:00-05:00,29.767499923706055,29.9375,29.362499237060547,29.399999618530273,26.160093307495117,275361600,0.0,0.0
2014-11-26 00:00:00-05:00,29.485000610351562,29.774999618530273,29.457500457763672,29.75,26.471521377563477,163073200,0.0,0.0
2014-11-28 00:00:00-05:00,29.8174991607666,29.850000381469727,29.512500762939453,29.732500076293945,26.45595932006836,99257600,0.0,0.0
2014-12-01 00:00:00-05:00,29.702499389648438,29.8125,27.8174991607666,28.767499923706055,25.5972900390625,335256000,0.0,0.0
2014-12-02 00:00:00-05:00,28.375,28.9375,28.1875,28.657499313354492,25.499414443969727,237395600,0.0,0.0
2014-12-03 00:00:00-05:00,28.9375,29.087499618530273,28.77750015258789,28.982500076293945,25.788597106933594,172253600,0.0,0.0
2014-12-04 00:00:00-05:00,28.9424991607666,29.299999237060547,28.822500228881836,28.872499465942383,25.69072151184082,168178000,0.0,0.0
2014-12-05 00:00:00-05:00,28.997499465942383,29.020000457763672,28.65999984741211,28.75,25.581722259521484,153275600,0.0,0.0
2014-12-08 00:00:00-05:00,28.524999618530273,28.662500381469727,27.905000686645508,28.100000381469727,25.00335693359375,230659600,0.0,0.0
2014-12-09 00:00:00-05:00,27.547500610351562,28.575000762939453,27.337499618530273,28.530000686645508,25.385963439941406,240832000,0.0,0.0
2014-12-10 00:00:00-05:00,28.602500915527344,28.712499618530273,27.885000228881836,27.987499237060547,24.903247833251953,178261200,0.0,0.0
2014-12-11 00:00:00-05:00,28.065000534057617,28.450000762939453,27.834999084472656,27.905000686645508,24.829843521118164,165606800,0.0,0.0
2014-12-12 00:00:00-05:00,27.614999771118164,27.967500686645508,27.395000457763672,27.4325008392334,24.409412384033203,224112400,0.0,0.0
2014-12-15 00:00:00-05:00,27.674999237060547,27.899999618530273,26.587499618530273,27.0575008392334,24.07573699951172,268872400,0.0,0.0
2014-12-16 00:00:00-05:00,26.592500686645508,27.540000915527344,26.565000534057617,26.6875,23.746511459350586,243162800,0.0,0.0
2014-12-17 00:00:00-05:00,26.780000686645508,27.459999084472656,26.704999923706055,27.352500915527344,24.338228225708008,213647200,0.0,0.0
2014-12-18 00:00:00-05:00,27.967500686645508,28.162500381469727,27.665000915527344,28.162500381469727,25.0589656829834,236024800,0.0,0.0
2014-12-19 00:00:00-05:00,28.065000534057617,28.309999465942383,27.915000915527344,27.94499969482422,24.86543083190918,353719200,0.0,0.0
2014-12-22 00:00:00-05:00,28.040000915527344,28.372499465942383,27.99250030517578,28.235000610351562,25.123476028442383,180670000,0.0,0.0
2014-12-23 00:00:00-05:00,28.3075008392334,28.332500457763672,28.114999771118164,28.135000228881836,25.034494400024414,104113600,0.0,0.0
2014-12-24 00:00:00-05:00,28.145000457763672,28.177499771118164,28.002500534057617,28.002500534057617,24.916593551635742,57918400,0.0,0.0
2014-12-26 00:00:00-05:00,28.024999618530273,28.6299991607666,28.002500534057617,28.497499465942383,25.357040405273438,134884000,0.0,0.0
2014-12-29 00:00:00-05:00,28.447500228881836,28.6924991607666,28.424999237060547,28.477500915527344,25.339250564575195,110395600,0.0,0.0
2014-12-30 00:00:00-05:00,28.40999984741211,28.479999542236328,28.02750015258789,28.1299991607666,25.030040740966797,119526000,0.0,0.0
2014-12-31 00:00:00-05:00,28.204999923706055,28.282499313354492,27.552499771118164,27.594999313354492,24.55400276184082,165613600,0.0,0.0
2015-01-02 00:00:00-05:00,27.84749984741211,27.860000610351562,26.837499618530273,27.332500457763672,24.320438385009766,212818400,0.0,0.0
2015-01-05 00:00:00-05:00,27.072500228881836,27.162500381469727,26.352500915527344,26.5625,23.635286331176758,257142000,0.0,0.0
2015-01-06 00:00:00-05:00,26.635000228881836,26.857500076293945,26.157499313354492,26.565000534057617,23.63751220703125,263188400,0.0,0.0
2015-01-07 00:00:00-05:00,26.799999237060547,27.049999237060547,26.674999237060547,26.9375,23.968963623046875,160423600,0.0,0.0
2015-01-08 00:00:00-05:00,27.3075008392334,28.037500381469727,27.174999237060547,27.97249984741211,24.889902114868164,237458000,0.0,0.0
2015-01-09 00:00:00-05:00,28.167499542236328,28.3125,27.552499771118164,28.002500534057617,24.916593551635742,214798000,0.0,0.0
2015-01-12 00:00:00-05:00,28.149999618530273,28.157499313354492,27.200000762939453,27.3125,24.302631378173828,198603200,0.0,0.0
2015-01-13 00:00:00-05:00,27.857500076293945,28.200000762939453,27.227500915527344,27.55500030517578,24.51841163635254,268367600,0.0,0.0
2015-01-14 00:00:00-05:00,27.260000228881836,27.622499465942383,27.125,27.450000762939453,24.42498207092285,195826400,0.0,0.0
2015-01-15 00:00:00-05:00,27.5,27.514999389648438,26.665000915527344,26.704999923706055,23.762081146240234,240056000,0.0,0.0
2015-01-16 00:00:00-05:00,26.75749969482422,26.895000457763672,26.299999237060547,26.497499465942383,23.57744598388672,314053200,0.0,0.0
2015-01-20 00:00:00-05:00,26.959999084472656,27.24250030517578,26.625,27.18000030517578,24.184736251831055,199599600,0.0,0.0
2015-01-21 00:00:00-05:00,27.237499237060547,27.764999389648438,27.0674991607666,27.387500762939453,24.369373321533203,194303600,0.0,0.0
2015-01-22 00:00:00-05:00,27.565000534057617,28.11750030517578,27.43000030517578,28.100000381469727,25.00335693359375,215185600,0.0,0.0
2015-01-23 00:00:00-05:00,28.075000762939453,28.4375,27.88249969482422,28.2450008392334,25.132373809814453,185859200,0.0,0.0
2015-01-26 00:00:00-05:00,28.434999465942383,28.59000015258789,28.200000762939453,28.274999618530273,25.159061431884766,222460000,0.0,0.0
2015-01-27 00:00:00-05:00,28.104999542236328,28.1200008392334,27.25749969482422,27.28499984741211,24.278169631958008,382274800,0.0,0.0
2015-01-28 00:00:00-05:00,29.407499313354492,29.530000686645508,28.827499389648438,28.827499389648438,25.650680541992188,585908400,0.0,0.0
2015-01-29 00:00:00-05:00,29.079999923706055,29.797500610351562,28.889999389648438,29.725000381469727,26.449281692504883,337745600,0.0,0.0
2015-01-30 00:00:00-05:00,29.600000381469727,30.0,29.212499618530273,29.290000915527344,26.062210083007812,334982000,0.0,0.0
2015-02-02 00:00:00-05:00,29.512500762939453,29.792499542236328,29.020000457763672,29.657499313354492,26.38921546936035,250956400,0.0,0.0
2015-02-03 00:00:00-05:00,29.625,29.772499084472656,29.40250015258789,29.662500381469727,26.393661499023438,207662800,0.0,0.0
2015-02-04 00:00:00-05:00,29.625,30.127500534057617,29.577499389648438,29.889999389648438,26.596086502075195,280598800,0.0,0.0
2015-02-05 00:00:00-05:00,30.0049991607666,30.0575008392334,29.8125,29.985000610351562,26.785917282104492,168984800,0.1175,0.0
2015-02-06 00:00:00-05:00,30.0049991607666,30.0625,29.612499237060547,29.732500076293945,26.560359954833984,174826400,0.0,0.0
2015-02-09 00:00:00-05:00,29.637500762939453,29.959999084472656,29.607500076293945,29.93000030517578,26.73678970336914,155559200,0.0,0.0
2015-02-10 00:00:00-05:00,30.042499542236328,30.537500381469727,30.040000915527344,30.5049991607666,27.25044059753418,248034000,0.0,0.0
2015-02-11 00:00:00-05:00,30.6924991607666,31.229999542236328,30.625,31.219999313354492,27.8891544342041,294247200,0.0,0.0
2015-02-12 00:00:00-05:00,31.514999389648438,31.8700008392334,31.392499923706055,31.614999771118164,28.242013931274414,297898000,0.0,0.0
2015-02-13 00:00:00-05:00,31.81999969482422,31.81999969482422,31.412500381469727,31.770000457763672,28.380481719970703,217088800,0.0,0.0
2015-02-17 00:00:00-05:00,31.872499465942383,32.220001220703125,31.729999542236328,31.957500457763672,28.5479793548584,252609600,0.0,0.0
2015-02-18 00:00:00-05:00,31.907499313354492,32.19499969482422,31.862499237060547,32.18000030517578,28.746736526489258,179566800,0.0,0.0
2015-02-19 00:00:00-05:00,32.119998931884766,32.25749969482422,32.08250045776367,32.11249923706055,28.686431884765625,149449600,0.0,0.0
2015-02-20 00:00:00-05:00,32.154998779296875,32.375,32.01250076293945,32.375,28.920928955078125,195793600,0.0,0.0
2015-02-23 00:00:00-05:00,32.505001068115234,33.25,32.415000915527344,33.25,29.70256805419922,283896400,0.0,0.0
2015-02-24 00:00:00-05:00,33.23500061035156,33.400001525878906,32.79249954223633,33.04249954223633,29.5172176361084,276912400,0.0,0.0
2015-02-25 00:00:00-05:00,32.88999938964844,32.900001525878906,32.037498474121094,32.1974983215332,28.762371063232422,298846800,0.0,0.0
2015-02-26 00:00:00-05:00,32.1974983215332,32.717498779296875,31.65250015258789,32.60499954223633,29.126394271850586,365150000,0.0,0.0
2015-02-27 00:00:00-05:00,32.5,32.64250183105469,32.060001373291016,32.1150016784668,28.688684463500977,248059200,0.0,0.0
2015-03-02 00:00:00-05:00,32.3125,32.56999969482422,32.07500076293945,32.272499084472656,28.829374313354492,192386800,0.0,0.0
2015-03-03 00:00:00-05:00,32.2400016784668,32.380001068115234,32.022499084472656,32.34000015258789,28.889667510986328,151265200,0.0,0.0
2015-03-04 00:00:00-05:00,32.275001525878906,32.38999938964844,32.08000183105469,32.1349983215332,28.706541061401367,126665200,0.0,0.0
2015-03-05 00:00:00-05:00,32.14500045776367,32.1875,31.440000534057617,31.602500915527344,28.230854034423828,226068400,0.0,0.0
2015-03-06 00:00:00-05:00,32.099998474121094,32.342498779296875,31.565000534057617,31.649999618530273,28.273286819458008,291368400,0.0,0.0
2015-03-09 00:00:00-04:00,31.989999771118164,32.39250183105469,31.264999389648438,31.78499984741211,28.393882751464844,354114000,0.0,0.0
2015-03-10 00:00:00-04:00,31.602500915527344,31.80500030517578,30.950000762939453,31.127500534057617,27.806533813476562,275426400,0.0,0.0
2015-03-11 00:00:00-04:00,31.1875,31.1924991607666,30.52750015258789,30.559999465942383,27.299571990966797,275756000,0.0,0.0
2015-03-12 00:00:00-04:00,30.577499389648438,31.225000381469727,30.407499313354492,31.112499237060547,27.793123245239258,193450800,0.0,0.0
2015-03-13 00:00:00-04:00,31.100000381469727,31.350000381469727,30.645000457763672,30.897499084472656,27.601064682006836,207309200,0.0,0.0
2015-03-16 00:00:00-04:00,30.969999313354492,31.237499237060547,30.717500686645508,31.237499237060547,27.90479850769043,143497200,0.0,0.0
2015-03-17 00:00:00-04:00,31.475000381469727,31.829999923706055,31.412500381469727,31.760000228881836,28.37154197692871,204092400,0.0,0.0
2015-03-18 00:00:00-04:00,31.75,32.290000915527344,31.592500686645508,32.11750030517578,28.690908432006836,261083600,0.0,0.0
2015-03-19 00:00:00-04:00,32.1875,32.3125,31.850000381469727,31.875,28.474273681640625,183238000,0.0,0.0
2015-03-20 00:00:00-04:00,32.0625,32.099998474121094,31.290000915527344,31.475000381469727,28.11695671081543,274780400,0.0,0.0
2015-03-23 00:00:00-04:00,31.780000686645508,31.962499618530273,31.6299991607666,31.802499771118164,28.409507751464844,150838800,0.0,0.0
2015-03-24 00:00:00-04:00,31.8075008392334,32.0099983215332,31.639999389648438,31.672500610351562,28.293386459350586,131369200,0.0,0.0
2015-03-25 00:00:00-04:00,31.635000228881836,31.704999923706055,30.844999313354492,30.844999313354492,27.554166793823242,206620800,0.0,0.0
2015-03-26 00:00:00-04:00,30.690000534057617,31.219999313354492,30.649999618530273,31.059999465942383,27.746231079101562,190291600,0.0,0.0
2015-03-27 00:00:00-04:00,31.142499923706055,31.174999237060547,30.727500915527344,30.8125,27.52513313293457,158184800,0.0,0.0
2015-03-30 00:00:00-04:00,31.012500762939453,31.600000381469727,31.0,31.592500686645508,28.221920013427734,188398800,0.0,0.0
2015-03-31 00:00:00-04:00,31.522499084472656,31.622499465942383,31.09000015258789,31.107500076293945,27.78866958618164,168362400,0.0,0.0
2015-04-01 00:00:00-04:00,31.204999923706055,31.280000686645508,30.774999618530273,31.0625,27.74846839904785,162485600,0.0,0.0
2015-04-02 00:00:00-04:00,31.25749969482422,31.389999389648438,31.047500610351562,31.329999923706055,27.9874210357666,128880400,0.0,0.0
2015-04-06 00:00:00-04:00,31.11750030517578,31.877500534057617,31.082500457763672,31.837499618530273,28.440778732299805,148776000,0.0,0.0
2015-04-07 00:00:00-04:00,31.90999984741211,32.029998779296875,31.4950008392334,31.502500534057617,28.14151954650879,140049200,0.0,0.0
2015-04-08 00:00:00-04:00,31.462499618530273,31.600000381469727,31.24250030517578,31.399999618530273,28.04995346069336,149316800,0.0,0.0
2015-04-09 00:00:00-04:00,31.462499618530273,31.645000457763672,31.165000915527344,31.639999389648438,28.264354705810547,129936000,0.0,0.0
2015-04-10 00:00:00-04:00,31.487499237060547,31.802499771118164,31.315000534057617,31.774999618530273,28.384952545166016,160752000,0.0,0.0
2015-04-13 00:00:00-04:00,32.092498779296875,32.14250183105469,31.65250015258789,31.712499618530273,28.329120635986328,145460400,0.0,0.0
2015-04-14 00:00:00-04:00,31.75,31.822500228881836,31.477500915527344,31.575000762939453,28.206287384033203,102098400,0.0,0.0
2015-04-15 00:00:00-04:00,31.602500915527344,31.782499313354492,31.502500534057617,31.69499969482422,28.3134765625,115881600,0.0,0.0
2015-04-16 00:00:00-04:00,31.56999969482422,31.774999618530273,31.52750015258789,31.542499542236328,28.177255630493164,113476000,0.0,0.0
2015-04-17 00:00:00-04:00,31.387500762939453,31.53499984741211,31.114999771118164,31.1875,27.860126495361328,207828000,0.0,0.0
2015-04-20 00:00:00-04:00,31.392499923706055,32.029998779296875,31.292499542236328,31.899999618530273,28.496606826782227,188217200,0.0,0.0
2015-04-21 00:00:00-04:00,32.025001525878906,32.04999923706055,31.667499542236328,31.727500915527344,28.342519760131836,129740400,0.0,0.0
2015-04-22 00:00:00-04:00,31.747499465942383,32.217498779296875,31.579999923706055,32.154998779296875,28.724407196044922,150618000,0.0,0.0
2015-04-23 00:00:00-04:00,32.07500076293945,32.60499954223633,32.03499984741211,32.41749954223633,28.958890914916992,183083600,0.0,0.0
2015-04-24 00:00:00-04:00,32.622501373291016,32.657501220703125,32.307498931884766,32.56999969482422,29.095125198364258,178103600,0.0,0.0
2015-04-27 00:00:00-04:00,33.07749938964844,33.282501220703125,32.787498474121094,33.162498474121094,29.624414443969727,387816800,0.0,0.0
2015-04-28 00:00:00-04:00,33.6150016784668,33.6349983215332,32.39250183105469,32.63999938964844,29.15765953063965,475696000,0.0,0.0
2015-04-29 00:00:00-04:00,32.540000915527344,32.897499084472656,32.07500076293945,32.15999984741211,28.728870391845703,253544400,0.0,0.0
2015-04-30 00:00:00-04:00,32.15999984741211,32.15999984741211,31.145000457763672,31.287500381469727,27.94945526123047,332781600,0.0,0.0
2015-05-01 00:00:00-04:00,31.524999618530273,32.532501220703125,31.325000762939453,32.23749923706055,28.7981014251709,234050400,0.0,0.0
2015-05-04 00:00:00-04:00,32.375,32.64250183105469,32.064998626708984,32.17499923706055,28.74227523803711,203953200,0.0,0.0
2015-05-05 00:00:00-04:00,32.037498474121094,32.11249923706055,31.44499969482422,31.450000762939453,28.094623565673828,197085600,0.0,0.0
2015-05-06 00:00:00-04:00,31.639999389648438,31.6875,30.84000015258789,31.252500534057617,27.91819190979004,288564000,0.0,0.0
2015-05-07 00:00:00-04:00,31.1924991607666,31.520000457763672,31.0049991607666,31.315000534057617,28.09087562561035,175763600,0.13,0.0
2015-05-08 00:00:00-04:00,31.670000076293945,31.905000686645508,31.52750015258789,31.905000686645508,28.620134353637695,222201600,0.0,0.0
2015-05-11 00:00:00-04:00,31.84749984741211,31.889999389648438,31.407499313354492,31.579999923706055,28.328588485717773,168143200,0.0,0.0
2015-05-12 00:00:00-04:00,31.399999618530273,31.719999313354492,31.204999923706055,31.467500686645508,28.22767448425293,192640000,0.0,0.0
2015-05-13 00:00:00-04:00,31.537500381469727,31.797500610351562,31.467500686645508,31.502500534057617,28.25906753540039,138776800,0.0,0.0
2015-05-14 00:00:00-04:00,31.852500915527344,32.23749923706055,31.790000915527344,32.23749923706055,28.918397903442383,180814000,0.0,0.0
2015-05-15 00:00:00-04:00,32.26750183105469,32.372501373291016,32.0525016784668,32.192501068115234,28.878032684326172,152832000,0.0,0.0
2015-05-18 00:00:00-04:00,32.095001220703125,32.68000030517578,32.09000015258789,32.54750061035156,29.19647216796875,203531600,0.0,0.0
2015-05-19 00:00:00-04:00,32.67250061035156,32.720001220703125,32.40999984741211,32.51750183105469,29.16956901550293,178532800,0.0,0.0
2015-05-20 00:00:00-04:00,32.5,32.744998931884766,32.334999084472656,32.51499938964844,29.167314529418945,145819600,0.0,0.0
2015-05-21 00:00:00-04:00,32.51750183105469,32.907501220703125,32.45750045776367,32.84749984741211,29.465579986572266,158921600,0.0,0.0
2015-05-22 00:00:00-04:00,32.900001525878906,33.24250030517578,32.849998474121094,33.1349983215332,29.72348976135254,182384000,0.0,0.0
2015-05-26 00:00:00-04:00,33.150001525878906,33.227500915527344,32.279998779296875,32.404998779296875,29.06865119934082,282790400,0.0,0.0
2015-05-27 00:00:00-04:00,32.584999084472656,33.064998626708984,32.51250076293945,33.0099983215332,29.611358642578125,183332800,0.0,0.0
2015-05-28 00:00:00-04:00,32.96500015258789,32.98749923706055,32.775001525878906,32.94499969482422,29.55304718017578,122933200,0.0,0.0
2015-05-29 00:00:00-04:00,32.807498931884766,32.86249923706055,32.474998474121094,32.56999969482422,29.216657638549805,203538000,0.0,0.0
2015-06-01 00:00:00-04:00,32.56999969482422,32.84749984741211,32.51250076293945,32.6349983215332,29.274972915649414,128451200,0.0,0.0
2015-06-02 00:00:00-04:00,32.46500015258789,32.665000915527344,32.33000183105469,32.4900016784668,29.1448974609375,134670400,0.0,0.0
2015-06-03 00:00:00-04:00,32.665000915527344,32.73500061035156,32.474998474121094,32.529998779296875,29.180784225463867,123934000,0.0,0.0
2015-06-04 00:00:00-04:00,32.39500045776367,32.64500045776367,32.227500915527344,32.34000015258789,29.010345458984375,153800400,0.0,0.0
2015-06-05 00:00:00-04:00,32.375,32.42250061035156,32.09000015258789,32.162498474121094,28.85110855102539,142507200,0.0,0.0
2015-06-08 00:00:00-04:00,32.224998474121094,32.3025016784668,31.707500457763672,31.950000762939453,28.660491943359375,210699200,0.0,0.0
2015-06-09 00:00:00-04:00,31.674999237060547,32.02000045776367,31.405000686645508,31.854999542236328,28.57527732849121,224301600,0.0,0.0
2015-06-10 00:00:00-04:00,31.979999542236328,32.334999084472656,31.962499618530273,32.220001220703125,28.902698516845703,156349200,0.0,0.0
2015-06-11 00:00:00-04:00,32.29499816894531,32.54499816894531,32.119998931884766,32.147499084472656,28.837663650512695,141563600,0.0,0.0
2015-06-12 00:00:00-04:00,32.04750061035156,32.08250045776367,31.77750015258789,31.792499542236328,28.519210815429688,147544800,0.0,0.0
2015-06-15 00:00:00-04:00,31.524999618530273,31.809999465942383,31.427499771118164,31.729999542236328,28.46314811706543,175955600,0.0,0.0
2015-06-16 00:00:00-04:00,31.75749969482422,31.962499618530273,31.592500686645508,31.899999618530273,28.615638732910156,125976400,0.0,0.0
2015-06-17 00:00:00-04:00,31.93000030517578,31.969999313354492,31.684999465942383,31.825000762939453,28.548372268676758,131672400,0.0,0.0
2015-06-18 00:00:00-04:00,31.8075008392334,32.07749938964844,31.80500030517578,31.969999313354492,28.67844009399414,141628800,0.0,0.0
2015-06-19 00:00:00-04:00,31.927499771118164,31.954999923706055,31.600000381469727,31.649999618530273,28.391387939453125,218867600,0.0,0.0
2015-06-22 00:00:00-04:00,31.872499465942383,32.01499938964844,31.770000457763672,31.90250015258789,28.617887496948242,136157200,0.0,0.0
2015-06-23 00:00:00-04:00,31.8700008392334,31.90250015258789,31.719999313354492,31.75749969482422,28.487817764282227,121075600,0.0,0.0
2015-06-24 00:00:00-04:00,31.802499771118164,32.45000076293945,31.780000686645508,32.02750015258789,28.73002052307129,221123600,0.0,0.0
2015-06-25 00:00:00-04:00,32.21500015258789,32.29999923706055,31.875,31.875,28.593210220336914,127752400,0.0,0.0
2015-06-26 00:00:00-04:00,31.917499542236328,31.997499465942383,31.627500534057617,31.6875,28.425016403198242,176267200,0.0,0.0
2015-06-29 00:00:00-04:00,31.364999771118164,31.61750030517578,31.1200008392334,31.13249969482422,27.927162170410156,196645600,0.0,0.0
2015-06-30 00:00:00-04:00,31.392499923706055,31.530000686645508,31.21500015258789,31.357500076293945,28.128997802734375,177482800,0.0,0.0
2015-07-01 00:00:00-04:00,31.725000381469727,31.735000610351562,31.497499465942383,31.649999618530273,28.391387939453125,120955200,0.0,0.0
2015-07-02 00:00:00-04:00,31.607500076293945,31.672500610351562,31.4424991607666,31.610000610351562,28.35550308227539,108844000,0.0,0.0
2015-07-06 00:00:00-04:00,31.235000610351562,31.5575008392334,31.212499618530273,31.5,28.256832122802734,112241600,0.0,0.0
2015-07-07 00:00:00-04:00,31.47249984741211,31.537500381469727,30.9424991607666,31.422500610351562,28.18730926513672,187787200,0.0,0.0
2015-07-08 00:00:00-04:00,31.1200008392334,31.15999984741211,30.635000228881836,30.642499923706055,27.487607955932617,243046400,0.0,0.0
2015-07-09 00:00:00-04:00,30.962499618530273,31.014999389648438,29.80500030517578,30.017499923706055,26.926963806152344,314380000,0.0,0.0
2015-07-10 00:00:00-04:00,30.485000610351562,30.962499618530273,30.302499771118164,30.81999969482422,27.646839141845703,245418000,0.0,0.0
2015-07-13 00:00:00-04:00,31.25749969482422,31.440000534057617,31.079999923706055,31.415000915527344,28.18058204650879,165762000,0.0,0.0
2015-07-14 00:00:00-04:00,31.510000228881836,31.592500686645508,31.260000228881836,31.40250015258789,28.16936492919922,127072400,0.0,0.0
2015-07-15 00:00:00-04:00,31.43000030517578,31.787500381469727,31.395000457763672,31.704999923706055,28.440717697143555,134596800,0.0,0.0
2015-07-16 00:00:00-04:00,31.934999465942383,32.14250183105469,31.837499618530273,32.127498626708984,28.81972312927246,144889600,0.0,0.0
2015-07-17 00:00:00-04:00,32.27000045776367,32.404998779296875,32.07749938964844,32.404998779296875,29.06865119934082,184658800,0.0,0.0
2015-07-20 00:00:00-04:00,32.74250030517578,33.24250030517578,32.67499923706055,33.01750183105469,29.61809539794922,235600800,0.0,0.0
2015-07-21 00:00:00-04:00,33.212501525878906,33.22999954223633,32.58000183105469,32.6875,29.322057723999023,307025600,0.0,0.0
2015-07-22 00:00:00-04:00,30.497499465942383,31.375,30.497499465942383,31.30500030517578,28.081905364990234,461802400,0.0,0.0
2015-07-23 00:00:00-04:00,31.549999237060547,31.772499084472656,31.264999389648438,31.290000915527344,28.068456649780273,203998000,0.0,0.0
2015-07-24 00:00:00-04:00,31.329999923706055,31.434999465942383,30.975000381469727,31.125,27.920442581176758,168649200,0.0,0.0
2015-07-27 00:00:00-04:00,30.772499084472656,30.90250015258789,30.530000686645508,30.6924991607666,27.53246307373047,177822000,0.0,0.0
2015-07-28 00:00:00-04:00,30.844999313354492,30.977500915527344,30.637500762939453,30.844999313354492,27.669260025024414,134472400,0.0,0.0
2015-07-29 00:00:00-04:00,30.787500381469727,30.875,30.5674991607666,30.747499465942383,27.581806182861328,148046800,0.0,0.0
2015-07-30 00:00:00-04:00,30.579999923706055,30.642499923706055,30.427499771118164,30.592500686645508,27.442758560180664,134513200,0.0,0.0
2015-07-31 00:00:00-04:00,30.649999618530273,30.65999984741211,30.227500915527344,30.325000762939453,27.20280647277832,171540000,0.0,0.0
2015-08-03 00:00:00-04:00,30.375,30.642499923706055,29.3799991607666,29.610000610351562,26.561416625976562,279904000,0.0,0.0
2015-08-04 00:00:00-04:00,29.354999542236328,29.424999237060547,28.3125,28.65999984741211,25.709226608276367,496554400,0.0,0.0
2015-08-05 00:00:00-04:00,28.237499237060547,29.360000610351562,28.024999618530273,28.850000381469727,25.879671096801758,397250400,0.0,0.0
2015-08-06 00:00:00-04:00,28.99250030517578,29.125,28.530000686645508,28.782499313354492,25.935985565185547,211612000,0.13,0.0
2015-08-07 00:00:00-04:00,28.645000457763672,29.0625,28.625,28.8799991607666,26.023839950561523,154681600,0.0,0.0
2015-08-10 00:00:00-04:00,29.13249969482422,29.997499465942383,29.13249969482422,29.93000030517578,26.970001220703125,219806400,0.0,0.0
2015-08-11 00:00:00-04:00,29.452499389648438,29.545000076293945,28.332500457763672,28.372499465942383,25.566530227661133,388331200,0.0,0.0
2015-08-12 00:00:00-04:00,28.13249969482422,28.854999542236328,27.407499313354492,28.809999465942383,25.960771560668945,404870000,0.0,0.0
2015-08-13 00:00:00-04:00,29.010000228881836,29.100000381469727,28.635000228881836,28.787500381469727,25.940488815307617,194143200,0.0,0.0
2015-08-14 00:00:00-04:00,28.579999923706055,29.077499389648438,28.502500534057617,28.989999771118164,26.122962951660156,171718000,0.0,0.0
2015-08-17 00:00:00-04:00,29.010000228881836,29.412500381469727,28.875,29.290000915527344,26.393291473388672,163538800,0.0,0.0
2015-08-18 00:00:00-04:00,29.107500076293945,29.360000610351562,29.002500534057617,29.125,26.24461555480957,138242800,0.0,0.0
2015-08-19 00:00:00-04:00,29.024999618530273,29.1299991607666,28.670000076293945,28.752500534057617,25.908952713012695,193146000,0.0,0.0
2015-08-20 00:00:00-04:00,28.520000457763672,28.587499618530273,27.907499313354492,28.162500381469727,25.37730598449707,274006400,0.0,0.0
2015-08-21 00:00:00-04:00,27.607500076293945,27.975000381469727,26.412500381469727,26.440000534057617,23.825149536132812,513102000,0.0,0.0
2015-08-24 00:00:00-04:00,23.717500686645508,27.200000762939453,23.0,25.780000686645508,23.23042869567871,648825200,0.0,0.0
2015-08-25 00:00:00-04:00,27.77750015258789,27.77750015258789,25.875,25.934999465942383,23.37009048461914,414406400,0.0,0.0
2015-08-26 00:00:00-04:00,26.772499084472656,27.47249984741211,26.262500762939453,27.422500610351562,24.710491180419922,387098400,0.0,0.0
2015-08-27 00:00:00-04:00,28.0575008392334,28.309999465942383,27.5049991607666,28.229999542236328,25.43812370300293,338464400,0.0,0.0
2015-08-28 00:00:00-04:00,28.042499542236328,28.327499389648438,27.885000228881836,28.322500228881836,25.521480560302734,212657600,0.0,0.0
2015-08-31 00:00:00-04:00,28.00749969482422,28.63249969482422,28.0,28.190000534057617,25.402084350585938,224917200,0.0,0.0
2015-09-01 00:00:00-04:00,27.537500381469727,27.969999313354492,26.84000015258789,26.93000030517578,24.26669692993164,307383600,0.0,0.0
2015-09-02 00:00:00-04:00,27.5575008392334,28.084999084472656,27.282499313354492,28.084999084472656,25.307458877563477,247555200,0.0,0.0
2015-09-03 00:00:00-04:00,28.122499465942383,28.19499969482422,27.510000228881836,27.592500686645508,24.863672256469727,212935600,0.0,0.0
2015-09-04 00:00:00-04:00,27.24250030517578,27.612499237060547,27.127500534057617,27.3174991607666,24.61586570739746,199985200,0.0,0.0
2015-09-08 00:00:00-04:00,27.9375,28.139999389648438,27.579999923706055,28.077499389648438,25.300708770751953,219374400,0.0,0.0
2015-09-09 00:00:00-04:00,28.440000534057617,28.5049991607666,27.4424991607666,27.537500381469727,24.81411361694336,340043200,0.0,0.0
2015-09-10 00:00:00-04:00,27.5674991607666,28.31999969482422,27.475000381469727,28.142499923706055,25.35927963256836,251571200,0.0,0.0
2015-09-11 00:00:00-04:00,27.947500228881836,28.552499771118164,27.940000534057617,28.552499771118164,25.72873306274414,199662000,0.0,0.0
2015-09-14 00:00:00-04:00,29.145000457763672,29.22249984741211,28.71500015258789,28.827499389648438,25.976530075073242,233453600,0.0,0.0
2015-09-15 00:00:00-04:00,28.982500076293945,29.13249969482422,28.604999542236328,29.06999969482422,26.19504737854004,173364800,0.0,0.0
2015-09-16 00:00:00-04:00,29.0625,29.135000228881836,28.860000610351562,29.102500915527344,26.224336624145508,148694000,0.0,0.0
2015-09-17 00:00:00-04:00,28.915000915527344,29.122499465942383,28.43000030517578,28.479999542236328,25.663400650024414,256450400,0.0,0.0
2015-09-18 00:00:00-04:00,28.052499771118164,28.575000762939453,27.967500686645508,28.362499237060547,25.557519912719727,297141200,0.0,0.0
2015-09-21 00:00:00-04:00,28.417499542236328,28.842500686645508,28.415000915527344,28.802499771118164,25.954008102416992,200888000,0.0,0.0
2015-09-22 00:00:00-04:00,28.344999313354492,28.545000076293945,28.1299991607666,28.350000381469727,25.546260833740234,201384800,0.0,0.0
2015-09-23 00:00:00-04:00,28.407499313354492,28.68000030517578,28.325000762939453,28.579999923706055,25.753511428833008,143026800,0.0,0.0
2015-09-24 00:00:00-04:00,28.3125,28.875,28.092500686645508,28.75,25.906702041625977,200878000,0.0,0.0
2015-09-25 00:00:00-04:00,29.110000610351562,29.172500610351562,28.5049991607666,28.677499771118164,25.84136390686035,224607600,0.0,0.0
2015-09-28 00:00:00-04:00,28.462499618530273,28.642499923706055,28.110000610351562,28.110000610351562,25.32999038696289,208436000,0.0,0.0
2015-09-29 00:00:00-04:00,28.207500457763672,28.377500534057617,26.96500015258789,27.264999389648438,24.568561553955078,293461600,0.0,0.0
2015-09-30 00:00:00-04:00,27.542499542236328,27.885000228881836,27.1825008392334,27.575000762939453,24.847904205322266,265892000,0.0,0.0
2015-10-01 00:00:00-04:00,27.267499923706055,27.405000686645508,26.827499389648438,27.395000457763672,24.685705184936523,255716400,0.0,0.0
2015-10-02 00:00:00-04:00,27.002500534057617,27.752500534057617,26.887500762939453,27.594999313354492,24.865921020507812,232079200,0.0,0.0
2015-10-05 00:00:00-04:00,27.469999313354492,27.842500686645508,27.267499923706055,27.69499969482422,24.956031799316406,208258800,0.0,0.0
2015-10-06 00:00:00-04:00,27.657499313354492,27.934999465942383,27.4424991607666,27.827499389648438,25.075429916381836,192787200,0.0,0.0
2015-10-07 00:00:00-04:00,27.934999465942383,27.9424991607666,27.352500915527344,27.69499969482422,24.956031799316406,187062400,0.0,0.0
2015-10-08 00:00:00-04:00,27.547500610351562,27.547500610351562,27.052499771118164,27.375,24.66768455505371,247918400,0.0,0.0
2015-10-09 00:00:00-04:00,27.5,28.06999969482422,27.372499465942383,28.030000686645508,25.257905960083008,211064400,0.0,0.0
2015-10-12 00:00:00-04:00,28.1825008392334,28.1875,27.860000610351562,27.899999618530273,25.140762329101562,121868800,0.0,0.0
2015-10-13 00:00:00-04:00,27.704999923706055,28.112499237060547,27.670000076293945,27.947500228881836,25.183565139770508,132197200,0.0,0.0
2015-10-14 00:00:00-04:00,27.822500228881836,27.8799991607666,27.389999389648438,27.552499771118164,24.82762336730957,177849600,0.0,0.0
2015-10-15 00:00:00-04:00,27.732500076293945,28.024999618530273,27.622499465942383,27.96500015258789,25.199331283569336,150694000,0.0,0.0
2015-10-16 00:00:00-04:00,27.94499969482422,28.0,27.63249969482422,27.760000228881836,25.014606475830078,156930400,0.0,0.0
2015-10-19 00:00:00-04:00,27.700000762939453,27.9375,27.52750015258789,27.9325008392334,25.17005157470703,119036800,0.0,0.0
2015-10-20 00:00:00-04:00,27.834999084472656,28.542499542236328,27.704999923706055,28.4424991607666,25.629600524902344,195871200,0.0,0.0
2015-10-21 00:00:00-04:00,28.5,28.895000457763672,28.424999237060547,28.440000534057617,25.62735939025879,167180800,0.0,0.0
2015-10-22 00:00:00-04:00,28.582500457763672,28.875,28.524999618530273,28.875,26.01933479309082,166616400,0.0,0.0
2015-10-23 00:00:00-04:00,29.174999237060547,29.8075008392334,29.082500457763672,29.770000457763672,26.82582664489746,237467600,0.0,0.0
2015-10-26 00:00:00-04:00,29.520000457763672,29.532499313354492,28.729999542236328,28.81999969482422,25.969770431518555,265335200,0.0,0.0
2015-10-27 00:00:00-04:00,28.850000381469727,29.135000228881836,28.497499465942383,28.637500762939453,25.805326461791992,279537600,0.0,0.0
2015-10-28 00:00:00-04:00,29.232500076293945,29.825000762939453,29.014999389648438,29.8174991607666,26.86862564086914,342205600,0.0,0.0
2015-10-29 00:00:00-04:00,29.674999237060547,30.172500610351562,29.5674991607666,30.13249969482422,27.1524715423584,204909200,0.0,0.0
2015-10-30 00:00:00-04:00,30.247499465942383,30.30500030517578,29.862499237060547,29.875,26.920434951782227,197461200,0.0,0.0
2015-11-02 00:00:00-05:00,30.200000762939453,30.34000015258789,29.90250015258789,30.295000076293945,27.298898696899414,128813200,0.0,0.0
2015-11-03 00:00:00-05:00,30.197500228881836,30.872499465942383,30.174999237060547,30.642499923706055,27.612035751342773,182076000,0.0,0.0
2015-11-04 00:00:00-05:00,30.782499313354492,30.954999923706055,30.405000686645508,30.5,27.483627319335938,179544400,0.0,0.0
2015-11-05 00:00:00-05:00,30.462499618530273,30.672500610351562,30.045000076293945,30.229999542236328,27.356931686401367,158210800,0.13,0.0
2015-11-06 00:00:00-05:00,30.27750015258789,30.452499389648438,30.155000686645508,30.264999389648438,27.38860321044922,132169200,0.0,0.0
2015-11-09 00:00:00-05:00,30.239999771118164,30.452499389648438,30.012500762939453,30.142499923706055,27.277746200561523,135485600,0.0,0.0
2015-11-10 00:00:00-05:00,29.225000381469727,29.517499923706055,29.014999389648438,29.1924991607666,26.418031692504883,236511600,0.0,0.0
2015-11-11 00:00:00-05:00,29.092500686645508,29.354999542236328,28.802499771118164,29.02750015258789,26.26871681213379,180872000,0.0,0.0
2015-11-12 00:00:00-05:00,29.065000534057617,29.204999923706055,28.912500381469727,28.93000030517578,26.18048858642578,130102400,0.0,0.0
2015-11-13 00:00:00-05:00,28.799999237060547,28.892499923706055,28.0674991607666,28.084999084472656,25.41579246520996,183249600,0.0,0.0
2015-11-16 00:00:00-05:00,27.844999313354492,28.559999465942383,27.75,28.545000076293945,25.832080841064453,152426800,0.0,0.0
2015-11-17 00:00:00-05:00,28.729999542236328,28.762500762939453,28.329999923706055,28.422500610351562,25.721220016479492,110467600,0.0,0.0
2015-11-18 00:00:00-05:00,28.940000534057617,29.372499465942383,28.875,29.322500228881836,26.535680770874023,186698800,0.0,0.0
2015-11-19 00:00:00-05:00,29.40999984741211,29.9375,29.190000534057617,29.69499969482422,26.87277603149414,173183200,0.0,0.0
2015-11-20 00:00:00-05:00,29.799999237060547,29.979999542236328,29.712499618530273,29.825000762939453,26.99042320251465,137148400,0.0,0.0
2015-11-23 00:00:00-05:00,29.8174991607666,29.9325008392334,29.334999084472656,29.4375,26.63974952697754,129930000,0.0,0.0
2015-11-24 00:00:00-05:00,29.332500457763672,29.837499618530273,29.280000686645508,29.719999313354492,26.89540672302246,171212800,0.0,0.0
2015-11-25 00:00:00-05:00,29.802499771118164,29.8075008392334,29.479999542236328,29.50749969482422,26.703096389770508,85553200,0.0,0.0
2015-11-27 00:00:00-05:00,29.572500228881836,29.602500915527344,29.399999618530273,29.452499389648438,26.653322219848633,52185600,0.0,0.0
2015-11-30 00:00:00-05:00,29.497499465942383,29.852500915527344,29.4375,29.575000762939453,26.764184951782227,156721200,0.0,0.0
2015-12-01 00:00:00-05:00,29.6875,29.702499389648438,29.21500015258789,29.334999084472656,26.54698944091797,139409600,0.0,0.0
2015-12-02 00:00:00-05:00,29.334999084472656,29.52750015258789,29.020000457763672,29.06999969482422,26.307174682617188,133546400,0.0,0.0
2015-12-03 00:00:00-05:00,29.137500762939453,29.197500228881836,28.55500030517578,28.799999237060547,26.062837600708008,166278000,0.0,0.0
2015-12-04 00:00:00-05:00,28.822500228881836,29.8125,28.77750015258789,29.75749969482422,26.929338455200195,231108000,0.0,0.0
2015-12-07 00:00:00-05:00,29.7450008392334,29.96500015258789,29.452499389648438,29.56999969482422,26.759658813476562,128336800,0.0,0.0
2015-12-08 00:00:00-05:00,29.3799991607666,29.649999618530273,29.21500015258789,29.5575008392334,26.74834632873535,137238000,0.0,0.0
2015-12-09 00:00:00-05:00,29.40999984741211,29.422500610351562,28.770000457763672,28.905000686645508,26.157861709594727,185445600,0.0,0.0
2015-12-10 00:00:00-05:00,29.010000228881836,29.235000610351562,28.877500534057617,29.042499542236328,26.282291412353516,116850800,0.0,0.0
2015-12-11 00:00:00-05:00,28.797500610351562,28.84749984741211,28.212499618530273,28.295000076293945,25.6058349609375,187544800,0.0,0.0
2015-12-14 00:00:00-05:00,28.045000076293945,28.170000076293945,27.447500228881836,28.1200008392334,25.447471618652344,257274800,0.0,0.0
2015-12-15 00:00:00-05:00,27.985000610351562,28.200000762939453,27.587499618530273,27.622499465942383,24.997251510620117,213292400,0.0,0.0
2015-12-16 00:00:00-05:00,27.767499923706055,27.997499465942383,27.200000762939453,27.834999084472656,25.189556121826172,224954000,0.0,0.0
2015-12-17 00:00:00-05:00,28.0049991607666,28.0625,27.2450008392334,27.2450008392334,24.65562629699707,179091200,0.0,0.0
2015-12-18 00:00:00-05:00,27.227500915527344,27.3799991607666,26.452499389648438,26.50749969482422,23.988218307495117,385813200,0.0,0.0
2015-12-21 00:00:00-05:00,26.81999969482422,26.842500686645508,26.392499923706055,26.832500457763672,24.282333374023438,190362400,0.0,0.0
2015-12-22 00:00:00-05:00,26.850000381469727,26.93000030517578,26.612499237060547,26.8075008392334,24.259702682495117,131157600,0.0,0.0
2015-12-23 00:00:00-05:00,26.8174991607666,27.212499618530273,26.799999237060547,27.15250015258789,24.571914672851562,130629600,0.0,0.0
2015-12-24 00:00:00-05:00,27.25,27.25,26.987499237060547,27.00749969482422,24.440702438354492,54281600,0.0,0.0
2015-12-28 00:00:00-05:00,26.897499084472656,26.922500610351562,26.545000076293945,26.704999923706055,24.166946411132812,106816800,0.0,0.0
2015-12-29 00:00:00-05:00,26.739999771118164,27.357500076293945,26.71500015258789,27.184999465942383,24.601335525512695,123724800,0.0,0.0
2015-12-30 00:00:00-05:00,27.145000457763672,27.174999237060547,26.795000076293945,26.829999923706055,24.28006935119629,100855200,0.0,0.0
2015-12-31 00:00:00-05:00,26.752500534057617,26.75749969482422,26.204999923706055,26.315000534057617,23.814010620117188,163649200,0.0,0.0
2016-01-04 00:00:00-05:00,25.65250015258789,26.342500686645508,25.5,26.337499618530273,23.834373474121094,270597600,0.0,0.0
2016-01-05 00:00:00-05:00,26.4375,26.462499618530273,25.602500915527344,25.677499771118164,23.237104415893555,223164000,0.0,0.0
2016-01-06 00:00:00-05:00,25.139999389648438,25.592500686645508,24.967500686645508,25.174999237060547,22.78235626220703,273829600,0.0,0.0
2016-01-07 00:00:00-05:00,24.670000076293945,25.032499313354492,24.107500076293945,24.112499237060547,21.82084083557129,324377600,0.0,0.0
2016-01-08 00:00:00-05:00,24.637500762939453,24.77750015258789,24.190000534057617,24.239999771118164,21.93622398376465,283192000,0.0,0.0
2016-01-11 00:00:00-05:00,24.74250030517578,24.764999389648438,24.334999084472656,24.63249969482422,22.291425704956055,198957600,0.0,0.0
2016-01-12 00:00:00-05:00,25.137500762939453,25.172500610351562,24.709999084472656,24.989999771118164,22.61494255065918,196616800,0.0,0.0
2016-01-13 00:00:00-05:00,25.079999923706055,25.297500610351562,24.325000762939453,24.34749984741211,22.033512115478516,249758400,0.0,0.0
2016-01-14 00:00:00-05:00,24.489999771118164,25.1200008392334,23.934999465942383,24.8799991607666,22.515398025512695,252680400,0.0,0.0
2016-01-15 00:00:00-05:00,24.049999237060547,24.427499771118164,23.84000015258789,24.282499313354492,21.974685668945312,319335600,0.0,0.0
2016-01-19 00:00:00-05:00,24.602500915527344,24.662500381469727,23.875,24.165000915527344,21.86834716796875,212350800,0.0,0.0
2016-01-20 00:00:00-05:00,23.774999618530273,24.547500610351562,23.354999542236328,24.197500228881836,21.897762298583984,289337600,0.0,0.0
2016-01-21 00:00:00-05:00,24.264999389648438,24.469999313354492,23.735000610351562,24.075000762939453,21.786903381347656,208646000,0.0,0.0
2016-01-22 00:00:00-05:00,24.657499313354492,25.364999771118164,24.592500686645508,25.354999542236328,22.945253372192383,263202000,0.0,0.0
2016-01-25 00:00:00-05:00,25.3799991607666,25.38249969482422,24.802499771118164,24.860000610351562,22.497297286987305,207178000,0.0,0.0
2016-01-26 00:00:00-05:00,24.982500076293945,25.219999313354492,24.517499923706055,24.997499465942383,22.62172508239746,300308000,0.0,0.0
2016-01-27 00:00:00-05:00,24.010000228881836,24.157499313354492,23.334999084472656,23.354999542236328,21.13533592224121,533478800,0.0,0.0
2016-01-28 00:00:00-05:00,23.447500228881836,23.6299991607666,23.09749984741211,23.522499084472656,21.286911010742188,222715200,0.0,0.0
2016-01-29 00:00:00-05:00,23.697500228881836,24.334999084472656,23.587499618530273,24.334999084472656,22.022197723388672,257666000,0.0,0.0
2016-02-01 00:00:00-05:00,24.11750030517578,24.177499771118164,23.850000381469727,24.107500076293945,21.816312789916992,163774000,0.0,0.0
2016-02-02 00:00:00-05:00,23.854999542236328,24.010000228881836,23.56999969482422,23.6200008392334,21.375150680541992,149428800,0.0,0.0
2016-02-03 00:00:00-05:00,23.75,24.209999084472656,23.520000457763672,24.087499618530273,21.7982177734375,183857200,0.0,0.0
2016-02-04 00:00:00-05:00,23.96500015258789,24.332500457763672,23.797500610351562,24.149999618530273,21.973369598388672,185886800,0.13,0.0
2016-02-05 00:00:00-05:00,24.1299991607666,24.229999542236328,23.422500610351562,23.5049991607666,21.386503219604492,185672400,0.0,0.0
2016-02-08 00:00:00-05:00,23.282499313354492,23.924999237060547,23.260000228881836,23.752500534057617,21.611692428588867,216085600,0.0,0.0
2016-02-09 00:00:00-05:00,23.572500228881836,23.985000610351562,23.482500076293945,23.747499465942383,21.60713768005371,177324800,0.0,0.0
2016-02-10 00:00:00-05:00,23.979999542236328,24.087499618530273,23.524999618530273,23.5674991607666,21.4433650970459,169374400,0.0,0.0
2016-02-11 00:00:00-05:00,23.447500228881836,23.68000030517578,23.147499084472656,23.424999237060547,21.313709259033203,200298800,0.0,0.0
2016-02-12 00:00:00-05:00,23.547500610351562,23.625,23.252500534057617,23.497499465942383,21.37967300415039,161405600,0.0,0.0
2016-02-16 00:00:00-05:00,23.7549991607666,24.212499618530273,23.65250015258789,24.15999984741211,21.982463836669922,196231600,0.0,0.0
2016-02-17 00:00:00-05:00,24.167499542236328,24.552499771118164,24.037500381469727,24.530000686645508,22.31911849975586,179452800,0.0,0.0
2016-02-18 00:00:00-05:00,24.709999084472656,24.72249984741211,24.022499084472656,24.065000534057617,21.896028518676758,156084000,0.0,0.0
2016-02-19 00:00:00-05:00,24.0,24.190000534057617,23.950000762939453,24.010000228881836,21.84598731994629,141496800,0.0,0.0
2016-02-22 00:00:00-05:00,24.077499389648438,24.225000381469727,23.979999542236328,24.219999313354492,22.037057876586914,137123200,0.0,0.0
2016-02-23 00:00:00-05:00,24.100000381469727,24.125,23.637500762939453,23.672500610351562,21.538908004760742,127770400,0.0,0.0
2016-02-24 00:00:00-05:00,23.4950008392334,24.094999313354492,23.329999923706055,24.024999618530273,21.859630584716797,145022800,0.0,0.0
2016-02-25 00:00:00-05:00,24.012500762939453,24.190000534057617,23.8125,24.190000534057617,22.009763717651367,110330800,0.0,0.0
2016-02-26 00:00:00-05:00,24.299999237060547,24.5049991607666,24.145000457763672,24.227500915527344,22.04387855529785,115964400,0.0,0.0
2016-02-29 00:00:00-05:00,24.21500015258789,24.5575008392334,24.162500381469727,24.172500610351562,21.993844985961914,140865200,0.0,0.0
2016-03-01 00:00:00-05:00,24.412500381469727,25.1924991607666,24.354999542236328,25.13249969482422,22.8673095703125,201628400,0.0,0.0
2016-03-02 00:00:00-05:00,25.127500534057617,25.22249984741211,24.90999984741211,25.1875,22.9173583984375,132678400,0.0,0.0
2016-03-03 00:00:00-05:00,25.145000457763672,25.427499771118164,25.112499237060547,25.375,23.087963104248047,147822800,0.0,0.0
2016-03-04 00:00:00-05:00,25.592500686645508,25.9375,25.342500686645508,25.752500534057617,23.431432723999023,184220400,0.0,0.0
2016-03-07 00:00:00-05:00,25.59749984741211,25.707500457763672,25.239999771118164,25.467500686645508,23.172117233276367,143315600,0.0,0.0
2016-03-08 00:00:00-05:00,25.19499969482422,25.440000534057617,25.100000381469727,25.25749969482422,22.981048583984375,126247600,0.0,0.0
2016-03-09 00:00:00-05:00,25.327499389648438,25.395000457763672,25.0674991607666,25.280000686645508,23.001523971557617,108806800,0.0,0.0
2016-03-10 00:00:00-05:00,25.352500915527344,25.559999465942383,25.037500381469727,25.292499542236328,23.012893676757812,134054400,0.0,0.0
2016-03-11 00:00:00-05:00,25.559999465942383,25.56999969482422,25.375,25.565000534057617,23.260835647583008,109632800,0.0,0.0
2016-03-14 00:00:00-04:00,25.477500915527344,25.727500915527344,25.44499969482422,25.6299991607666,23.319971084594727,100304400,0.0,0.0
2016-03-15 00:00:00-04:00,25.989999771118164,26.295000076293945,25.962499618530273,26.145000457763672,23.788557052612305,160270800,0.0,0.0
2016-03-16 00:00:00-04:00,26.15250015258789,26.577499389648438,26.147499084472656,26.49250030517578,24.104732513427734,153214000,0.0,0.0
2016-03-17 00:00:00-04:00,26.3799991607666,26.61750030517578,26.239999771118164,26.450000762939453,24.066076278686523,137682800,0.0,0.0
2016-03-18 00:00:00-04:00,26.584999084472656,26.625,26.297500610351562,26.479999542236328,24.09336280822754,176820800,0.0,0.0
2016-03-21 00:00:00-04:00,26.482500076293945,26.912500381469727,26.28499984741211,26.477500915527344,24.09109115600586,142010800,0.0,0.0
2016-03-22 00:00:00-04:00,26.3125,26.822500228881836,26.302499771118164,26.68000030517578,24.27533721923828,129777600,0.0,0.0
2016-03-23 00:00:00-04:00,26.6200008392334,26.767499923706055,26.475000381469727,26.532499313354492,24.141132354736328,102814000,0.0,0.0
2016-03-24 00:00:00-04:00,26.36750030517578,26.5625,26.22249984741211,26.417499542236328,24.036497116088867,104532000,0.0,0.0
2016-03-28 00:00:00-04:00,26.5,26.547500610351562,26.264999389648438,26.297500610351562,23.92731285095215,77645600,0.0,0.0
2016-03-29 00:00:00-04:00,26.22249984741211,26.947500228881836,26.219999313354492,26.920000076293945,24.49370574951172,124760400,0.0,0.0
2016-03-30 00:00:00-04:00,27.162500381469727,27.604999542236328,27.149999618530273,27.389999389648438,24.921348571777344,182404400,0.0,0.0
2016-03-31 00:00:00-04:00,27.43000030517578,27.475000381469727,27.219999313354492,27.247499465942383,24.791683197021484,103553600,0.0,0.0
2016-04-01 00:00:00-04:00,27.19499969482422,27.5,27.049999237060547,27.497499465942383,25.019153594970703,103496000,0.0,0.0
2016-04-04 00:00:00-04:00,27.604999542236328,28.047500610351562,27.5674991607666,27.780000686645508,25.27619171142578,149424800,0.0,0.0
2016-04-05 00:00:00-04:00,27.377500534057617,27.6825008392334,27.354999542236328,27.452499389648438,24.97821044921875,106314800,0.0,0.0
2016-04-06 00:00:00-04:00,27.5575008392334,27.7450008392334,27.299999237060547,27.739999771118164,25.23979949951172,105616400,0.0,0.0
2016-04-07 00:00:00-04:00,27.487499237060547,27.604999542236328,27.030000686645508,27.135000228881836,24.689329147338867,127207600,0.0,0.0
2016-04-08 00:00:00-04:00,27.227500915527344,27.4424991607666,27.042499542236328,27.165000915527344,24.716629028320312,94326800,0.0,0.0
2016-04-11 00:00:00-04:00,27.24250030517578,27.65250015258789,27.207500457763672,27.2549991607666,24.798507690429688,117630000,0.0,0.0
2016-04-12 00:00:00-04:00,27.334999084472656,27.625,27.165000915527344,27.610000610351562,25.121519088745117,108929200,0.0,0.0
2016-04-13 00:00:00-04:00,27.700000762939453,28.084999084472656,27.700000762939453,28.010000228881836,25.48546600341797,133029200,0.0,0.0
2016-04-14 00:00:00-04:00,27.905000686645508,28.09749984741211,27.832500457763672,28.024999618530273,25.499113082885742,101895600,0.0,0.0
2016-04-15 00:00:00-04:00,28.02750015258789,28.075000762939453,27.4325008392334,27.462499618530273,24.987306594848633,187756000,0.0,0.0
2016-04-18 00:00:00-04:00,27.22249984741211,27.237499237060547,26.735000610351562,26.8700008392334,24.448213577270508,243286000,0.0,0.0
2016-04-19 00:00:00-04:00,26.969999313354492,27.0,26.5575008392334,26.727500915527344,24.318559646606445,129539600,0.0,0.0
2016-04-20 00:00:00-04:00,26.65999984741211,27.022499084472656,26.514999389648438,26.782499313354492,24.36859893798828,122444000,0.0,0.0
2016-04-21 00:00:00-04:00,26.732500076293945,26.732500076293945,26.3799991607666,26.49250030517578,24.104732513427734,126210000,0.0,0.0
2016-04-22 00:00:00-04:00,26.252500534057617,26.6200008392334,26.155000686645508,26.420000076293945,24.038776397705078,134732400,0.0,0.0
2016-04-25 00:00:00-04:00,26.25,26.412500381469727,26.127500534057617,26.270000457763672,23.902292251586914,112126400,0.0,0.0
2016-04-26 00:00:00-04:00,25.977500915527344,26.325000762939453,25.977500915527344,26.087499618530273,23.73624038696289,224064800,0.0,0.0
2016-04-27 00:00:00-04:00,24.0,24.677499771118164,23.920000076293945,24.454999923706055,22.250879287719727,458408400,0.0,0.0
2016-04-28 00:00:00-04:00,24.40250015258789,24.469999313354492,23.5625,23.707500457763672,21.570743560791016,328970800,0.0,0.0
2016-04-29 00:00:00-04:00,23.497499465942383,23.68000030517578,23.127500534057617,23.434999465942383,21.32280921936035,274126000,0.0,0.0
2016-05-02 00:00:00-04:00,23.49250030517578,23.520000457763672,23.100000381469727,23.40999984741211,21.30006217956543,192640400,0.0,0.0
2016-05-03 00:00:00-04:00,23.549999237060547,23.934999465942383,23.420000076293945,23.795000076293945,21.65036392211914,227325200,0.0,0.0
2016-05-04 00:00:00-04:00,23.799999237060547,23.975000381469727,23.454999923706055,23.547500610351562,21.4251708984375,164102000,0.0,0.0
2016-05-05 00:00:00-04:00,23.5,23.517499923706055,23.170000076293945,23.309999465942383,21.338207244873047,143562000,0.1425,0.0
2016-05-06 00:00:00-04:00,23.342500686645508,23.362499237060547,22.962499618530273,23.18000030517578,21.219205856323242,174799600,0.0,0.0
2016-05-09 00:00:00-04:00,23.25,23.4424991607666,23.147499084472656,23.197500228881836,21.235225677490234,131745600,0.0,0.0
2016-05-10 00:00:00-04:00,23.332500457763672,23.392499923706055,23.02750015258789,23.354999542236328,21.379404067993164,134747200,0.0,0.0
2016-05-11 00:00:00-04:00,23.3700008392334,23.392499923706055,23.114999771118164,23.127500534057617,21.171144485473633,114876400,0.0,0.0
2016-05-12 00:00:00-04:00,23.18000030517578,23.19499969482422,22.36750030517578,22.584999084472656,20.674531936645508,305258800,0.0,0.0
2016-05-13 00:00:00-04:00,22.5,22.917499542236328,22.5,22.6299991607666,20.71572494506836,177571200,0.0,0.0
2016-05-16 00:00:00-04:00,23.09749984741211,23.59749984741211,22.912500381469727,23.469999313354492,21.48467254638672,245039200,0.0,0.0
2016-05-17 00:00:00-04:00,23.637500762939453,23.674999237060547,23.252500534057617,23.372499465942383,21.395421981811523,187667600,0.0,0.0
2016-05-18 00:00:00-04:00,23.540000915527344,23.802499771118164,23.47249984741211,23.639999389648438,21.640296936035156,168249600,0.0,0.0
2016-05-19 00:00:00-04:00,23.65999984741211,23.65999984741211,23.392499923706055,23.549999237060547,21.557903289794922,121768400,0.0,0.0
2016-05-20 00:00:00-04:00,23.65999984741211,23.857500076293945,23.6299991607666,23.80500030517578,21.79133415222168,128104000,0.0,0.0
2016-05-23 00:00:00-04:00,23.967500686645508,24.297500610351562,23.917499542236328,24.107500076293945,22.06825065612793,152074400,0.0,0.0
2016-05-24 00:00:00-04:00,24.30500030517578,24.522499084472656,24.209999084472656,24.475000381469727,22.4046630859375,140560800,0.0,0.0
2016-05-25 00:00:00-04:00,24.667499542236328,24.934999465942383,24.52750015258789,24.905000686645508,22.798290252685547,152675200,0.0,0.0
2016-05-26 00:00:00-04:00,24.920000076293945,25.1825008392334,24.65999984741211,25.102500915527344,22.979082107543945,225324800,0.0,0.0
2016-05-27 00:00:00-04:00,24.860000610351562,25.11750030517578,24.8125,25.087499618530273,22.96534538269043,145364800,0.0,0.0
2016-05-31 00:00:00-04:00,24.899999618530273,25.100000381469727,24.704999923706055,24.96500015258789,22.85321044921875,169228800,0.0,0.0
2016-06-01 00:00:00-04:00,24.7549991607666,24.885000228881836,24.582500457763672,24.614999771118164,22.532812118530273,116693200,0.0,0.0
2016-06-02 00:00:00-04:00,24.399999618530273,24.459999084472656,24.157499313354492,24.43000030517578,22.363462448120117,160766400,0.0,0.0
2016-06-03 00:00:00-04:00,24.447500228881836,24.5674991607666,24.362499237060547,24.479999542236328,22.40923309326172,114019600,0.0,0.0
2016-06-06 00:00:00-04:00,24.497499465942383,25.47249984741211,24.387500762939453,24.657499313354492,22.57172203063965,93170000,0.0,0.0
2016-06-07 00:00:00-04:00,24.8125,24.967500686645508,24.739999771118164,24.75749969482422,22.663259506225586,89638000,0.0,0.0
2016-06-08 00:00:00-04:00,24.7549991607666,24.889999389648438,24.670000076293945,24.735000610351562,22.642663955688477,83392400,0.0,0.0
2016-06-09 00:00:00-04:00,24.625,24.997499465942383,24.614999771118164,24.912500381469727,22.805152893066406,106405600,0.0,0.0
2016-06-10 00:00:00-04:00,24.63249969482422,24.837499618530273,24.6200008392334,24.707500457763672,22.617488861083984,126851600,0.0,0.0
2016-06-13 00:00:00-04:00,24.672500610351562,24.780000686645508,24.274999618530273,24.334999084472656,22.27650260925293,152082000,0.0,0.0
2016-06-14 00:00:00-04:00,24.329999923706055,24.6200008392334,24.1875,24.364999771118164,22.30396270751953,127727600,0.0,0.0
2016-06-15 00:00:00-04:00,24.454999923706055,24.602500915527344,24.25749969482422,24.28499984741211,22.230731964111328,117780800,0.0,0.0
2016-06-16 00:00:00-04:00,24.112499237060547,24.4375,24.017499923706055,24.387500762939453,22.32455825805664,125307200,0.0,0.0
2016-06-17 00:00:00-04:00,24.155000686645508,24.162500381469727,23.825000762939453,23.832500457763672,21.81650733947754,244032800,0.0,0.0
2016-06-20 00:00:00-04:00,24.0,24.142499923706055,23.75749969482422,23.774999618530273,21.763866424560547,137647600,0.0,0.0
2016-06-21 00:00:00-04:00,23.735000610351562,24.087499618530273,23.670000076293945,23.977500915527344,21.949243545532227,142185600,0.0,0.0
2016-06-22 00:00:00-04:00,24.0625,24.22249984741211,23.837499618530273,23.887500762939453,21.866859436035156,116876400,0.0,0.0
2016-06-23 00:00:00-04:00,23.985000610351562,24.072500228881836,23.8125,24.024999618530273,21.992733001708984,128960800,0.0,0.0
2016-06-24 00:00:00-04:00,23.227500915527344,23.665000915527344,23.162500381469727,23.350000381469727,21.374826431274414,301245600,0.0,0.0
2016-06-27 00:00:00-04:00,23.25,23.262500762939453,22.875,23.010000228881836,21.06358528137207,181958400,0.0,0.0
2016-06-28 00:00:00-04:00,23.225000381469727,23.415000915527344,23.03499984741211,23.397499084472656,21.418298721313477,161779600,0.0,0.0
2016-06-29 00:00:00-04:00,23.49250030517578,23.637500762939453,23.407499313354492,23.600000381469727,21.603675842285156,146124000,0.0,0.0
2016-06-30 00:00:00-04:00,23.610000610351562,23.9424991607666,23.575000762939453,23.899999618530273,21.878299713134766,143345600,0.0,0.0
2016-07-01 00:00:00-04:00,23.872499465942383,24.11750030517578,23.832500457763672,23.97249984741211,21.944665908813477,104106000,0.0,0.0
2016-07-05 00:00:00-04:00,23.84749984741211,23.850000381469727,23.614999771118164,23.747499465942383,21.738697052001953,110820800,0.0,0.0
2016-07-06 00:00:00-04:00,23.649999618530273,23.915000915527344,23.592500686645508,23.88249969482422,21.862274169921875,123796400,0.0,0.0
2016-07-07 00:00:00-04:00,23.924999237060547,24.125,23.905000686645508,23.985000610351562,21.95611000061035,100558400,0.0,0.0
2016-07-08 00:00:00-04:00,24.122499465942383,24.22249984741211,24.012500762939453,24.170000076293945,22.12545394897461,115648400,0.0,0.0
2016-07-11 00:00:00-04:00,24.1875,24.412500381469727,24.1825008392334,24.2450008392334,22.19411277770996,95179600,0.0,0.0
2016-07-12 00:00:00-04:00,24.292499542236328,24.424999237060547,24.280000686645508,24.354999542236328,22.294809341430664,96670000,0.0,0.0
2016-07-13 00:00:00-04:00,24.352500915527344,24.417499542236328,24.209999084472656,24.217500686645508,22.168935775756836,103568800,0.0,0.0
2016-07-14 00:00:00-04:00,24.34749984741211,24.747499465942383,24.329999923706055,24.697500228881836,22.608339309692383,155676000,0.0,0.0
2016-07-15 00:00:00-04:00,24.729999542236328,24.825000762939453,24.625,24.69499969482422,22.60605239868164,120548000,0.0,0.0
2016-07-18 00:00:00-04:00,24.674999237060547,25.032499313354492,24.649999618530273,24.957500457763672,22.846342086791992,145975600,0.0,0.0
2016-07-19 00:00:00-04:00,24.889999389648438,25.0,24.834999084472656,24.967500686645508,22.855497360229492,95119600,0.0,0.0
2016-07-20 00:00:00-04:00,25.0,25.114999771118164,24.934999465942383,24.989999771118164,22.8760986328125,105104000,0.0,0.0
2016-07-21 00:00:00-04:00,24.957500457763672,25.25,24.782499313354492,24.857500076293945,22.754804611206055,130808000,0.0,0.0
2016-07-22 00:00:00-04:00,24.815000534057617,24.825000762939453,24.577499389648438,24.665000915527344,22.57858657836914,113254800,0.0,0.0
2016-07-25 00:00:00-04:00,24.5625,24.709999084472656,24.229999542236328,24.334999084472656,22.27650260925293,161531600,0.0,0.0
2016-07-26 00:00:00-04:00,24.204999923706055,24.49250030517578,24.104999542236328,24.167499542236328,22.123170852661133,224959200,0.0,0.0
2016-07-27 00:00:00-04:00,26.0674991607666,26.087499618530273,25.6875,25.737499237060547,23.56036376953125,369379200,0.0,0.0
2016-07-28 00:00:00-04:00,25.707500457763672,26.112499237060547,25.704999923706055,26.084999084472656,23.878467559814453,159479200,0.0,0.0
2016-07-29 00:00:00-04:00,26.047500610351562,26.137500762939453,25.920000076293945,26.052499771118164,23.848722457885742,110934800,0.0,0.0
2016-08-01 00:00:00-04:00,26.102500915527344,26.537500381469727,26.102500915527344,26.512500762939453,24.269811630249023,152671600,0.0,0.0
2016-08-02 00:00:00-04:00,26.512500762939453,26.517499923706055,26.0,26.1200008392334,23.910507202148438,135266400,0.0,0.0
2016-08-03 00:00:00-04:00,26.202499389648438,26.459999084472656,26.1924991607666,26.447500228881836,24.210298538208008,120810400,0.0,0.0
2016-08-04 00:00:00-04:00,26.395000457763672,26.5,26.31999969482422,26.467500686645508,24.35986328125,109634800,0.1425,0.0
2016-08-05 00:00:00-04:00,26.5674991607666,26.912500381469727,26.545000076293945,26.8700008392334,24.73031997680664,162213600,0.0,0.0
2016-08-08 00:00:00-04:00,26.8799991607666,27.092500686645508,26.790000915527344,27.092500686645508,24.93509864807129,112148800,0.0,0.0
2016-08-09 00:00:00-04:00,27.0575008392334,27.235000610351562,27.002500534057617,27.202499389648438,25.03633689880371,105260800,0.0,0.0
2016-08-10 00:00:00-04:00,27.177499771118164,27.225000381469727,26.940000534057617,27.0,24.849960327148438,96034000,0.0,0.0
2016-08-11 00:00:00-04:00,27.1299991607666,27.232500076293945,26.962499618530273,26.982500076293945,24.8338565826416,109938000,0.0,0.0
2016-08-12 00:00:00-04:00,26.94499969482422,27.110000610351562,26.94499969482422,27.045000076293945,24.891376495361328,74641600,0.0,0.0
2016-08-15 00:00:00-04:00,27.03499984741211,27.385000228881836,27.020000457763672,27.3700008392334,25.19049835205078,103472800,0.0,0.0
2016-08-16 00:00:00-04:00,27.407499313354492,27.5575008392334,27.302499771118164,27.344999313354492,25.167482376098633,135177600,0.0,0.0
2016-08-17 00:00:00-04:00,27.274999618530273,27.342500686645508,27.084999084472656,27.30500030517578,25.130672454833984,101424000,0.0,0.0
2016-08-18 00:00:00-04:00,27.3075008392334,27.399999618530273,27.2549991607666,27.270000457763672,25.098459243774414,87938800,0.0,0.0
2016-08-19 00:00:00-04:00,27.1924991607666,27.422500610351562,27.09000015258789,27.34000015258789,25.162891387939453,101472400,0.0,0.0
2016-08-22 00:00:00-04:00,27.21500015258789,27.274999618530273,26.962499618530273,27.127500534057617,24.967309951782227,103280800,0.0,0.0
2016-08-23 00:00:00-04:00,27.147499084472656,27.329999923706055,27.13249969482422,27.212499618530273,25.0455379486084,85030800,0.0,0.0
2016-08-24 00:00:00-04:00,27.142499923706055,27.1875,26.920000076293945,27.00749969482422,24.85685920715332,94700400,0.0,0.0
2016-08-25 00:00:00-04:00,26.84749984741211,26.969999313354492,26.670000076293945,26.892499923706055,24.751018524169922,100344800,0.0,0.0
2016-08-26 00:00:00-04:00,26.852500915527344,26.987499237060547,26.577499389648438,26.735000610351562,24.606061935424805,111065200,0.0,0.0
2016-08-29 00:00:00-04:00,26.655000686645508,26.860000610351562,26.572500228881836,26.704999923706055,24.578454971313477,99881200,0.0,0.0
2016-08-30 00:00:00-04:00,26.450000762939453,26.625,26.375,26.5,24.389780044555664,99455600,0.0,0.0
2016-08-31 00:00:00-04:00,26.415000915527344,26.642499923706055,26.40999984741211,26.524999618530273,24.412782669067383,118649600,0.0,0.0
2016-09-01 00:00:00-04:00,26.53499984741211,26.700000762939453,26.405000686645508,26.6825008392334,24.5577449798584,106806000,0.0,0.0
2016-09-02 00:00:00-04:00,26.924999237060547,27.0,26.704999923706055,26.9325008392334,24.7878360748291,107210000,0.0,0.0
2016-09-06 00:00:00-04:00,26.975000381469727,27.075000762939453,26.877500534057617,26.924999237060547,24.78093147277832,107521600,0.0,0.0
2016-09-07 00:00:00-04:00,26.957500457763672,27.190000534057617,26.767499923706055,27.09000015258789,24.93279457092285,169457200,0.0,0.0
2016-09-08 00:00:00-04:00,26.8125,26.8174991607666,26.309999465942383,26.3799991607666,24.27933120727539,212008000,0.0,0.0
2016-09-09 00:00:00-04:00,26.15999984741211,26.43000030517578,25.782499313354492,25.782499313354492,23.729412078857422,186228000,0.0,0.0
2016-09-12 00:00:00-04:00,25.662500381469727,26.43000030517578,25.63249969482422,26.360000610351562,24.26091957092285,181171200,0.0,0.0
2016-09-13 00:00:00-04:00,26.877500534057617,27.197500228881836,26.809999465942383,26.987499237060547,24.838455200195312,248704800,0.0,0.0
2016-09-14 00:00:00-04:00,27.1825008392334,28.25749969482422,27.149999618530273,27.9424991607666,25.7174072265625,443554800,0.0,0.0
2016-09-15 00:00:00-04:00,28.46500015258789,28.9325008392334,28.372499465942383,28.892499923706055,26.591758728027344,359934400,0.0,0.0
2016-09-16 00:00:00-04:00,28.780000686645508,29.032499313354492,28.510000228881836,28.729999542236328,26.44219970703125,319547600,0.0,0.0
2016-09-19 00:00:00-04:00,28.797500610351562,29.045000076293945,28.3125,28.395000457763672,26.13387680053711,188092000,0.0,0.0
2016-09-20 00:00:00-04:00,28.262500762939453,28.530000686645508,28.127500534057617,28.392499923706055,26.131572723388672,138057200,0.0,0.0
2016-09-21 00:00:00-04:00,28.462499618530273,28.497499465942383,28.110000610351562,28.387500762939453,26.126972198486328,144012800,0.0,0.0
2016-09-22 00:00:00-04:00,28.587499618530273,28.735000610351562,28.5,28.655000686645508,26.373172760009766,124296000,0.0,0.0
2016-09-23 00:00:00-04:00,28.604999542236328,28.697500228881836,27.887500762939453,28.177499771118164,25.93369483947754,209924800,0.0,0.0
2016-09-26 00:00:00-04:00,27.90999984741211,28.34749984741211,27.887500762939453,28.219999313354492,25.972808837890625,119477600,0.0,0.0
2016-09-27 00:00:00-04:00,28.25,28.295000076293945,28.084999084472656,28.272499084472656,26.021129608154297,98429600,0.0,0.0
2016-09-28 00:00:00-04:00,28.422500610351562,28.65999984741211,28.357500076293945,28.487499237060547,26.219011306762695,118564400,0.0,0.0
2016-09-29 00:00:00-04:00,28.290000915527344,28.450000762939453,27.950000762939453,28.045000076293945,25.811750411987305,143548000,0.0,0.0
2016-09-30 00:00:00-04:00,28.114999771118164,28.342500686645508,27.950000762939453,28.262500762939453,26.011926651000977,145516400,0.0,0.0
2016-10-03 00:00:00-04:00,28.177499771118164,28.262500762939453,28.06999969482422,28.1299991607666,25.88998031616211,86807200,0.0,0.0
2016-10-04 00:00:00-04:00,28.264999389648438,28.577499389648438,28.157499313354492,28.25,26.000423431396484,118947200,0.0,0.0
2016-10-05 00:00:00-04:00,28.350000381469727,28.415000915527344,28.172500610351562,28.262500762939453,26.011926651000977,85812400,0.0,0.0
2016-10-06 00:00:00-04:00,28.424999237060547,28.584999084472656,28.282499313354492,28.47249984741211,26.2052059173584,115117200,0.0,0.0
2016-10-07 00:00:00-04:00,28.577499389648438,28.639999389648438,28.377500534057617,28.514999389648438,26.244319915771484,97433600,0.0,0.0
2016-10-10 00:00:00-04:00,28.7549991607666,29.1875,28.68000030517578,29.012500762939453,26.702207565307617,144944000,0.0,0.0
2016-10-11 00:00:00-04:00,29.424999237060547,29.672500610351562,29.049999237060547,29.075000762939453,26.759729385375977,256164000,0.0,0.0
2016-10-12 00:00:00-04:00,29.337499618530273,29.4950008392334,29.1875,29.334999084472656,26.9990234375,150347200,0.0,0.0
2016-10-13 00:00:00-04:00,29.197500228881836,29.360000610351562,28.93000030517578,29.2450008392334,26.916187286376953,140769600,0.0,0.0
2016-10-14 00:00:00-04:00,29.469999313354492,29.542499542236328,29.282499313354492,29.407499313354492,27.065753936767578,142608800,0.0,0.0
2016-10-17 00:00:00-04:00,29.332500457763672,29.459999084472656,29.19499969482422,29.387500762939453,27.047340393066406,94499600,0.0,0.0
2016-10-18 00:00:00-04:00,29.545000076293945,29.552499771118164,29.362499237060547,29.36750030517578,27.028934478759766,98214000,0.0,0.0
2016-10-19 00:00:00-04:00,29.3125,29.440000534057617,28.450000762939453,29.280000686645508,26.948400497436523,80138400,0.0,0.0
2016-10-20 00:00:00-04:00,29.21500015258789,29.344999313354492,29.082500457763672,29.264999389648438,26.93459701538086,96503200,0.0,0.0
2016-10-21 00:00:00-04:00,29.202499389648438,29.227500915527344,29.06999969482422,29.149999618530273,26.828752517700195,92770800,0.0,0.0
2016-10-24 00:00:00-04:00,29.274999618530273,29.434999465942383,29.25,29.412500381469727,27.070348739624023,94154800,0.0,0.0
2016-10-25 00:00:00-04:00,29.487499237060547,29.59000015258789,29.327499389648438,29.5625,27.208410263061523,192516000,0.0,0.0
2016-10-26 00:00:00-04:00,28.577499389648438,28.924999237060547,28.327499389648438,28.897499084472656,26.596363067626953,264536800,0.0,0.0
2016-10-27 00:00:00-04:00,28.84749984741211,28.96500015258789,28.524999618530273,28.6200008392334,26.340961456298828,138248000,0.0,0.0
2016-10-28 00:00:00-04:00,28.467500686645508,28.802499771118164,28.362499237060547,28.43000030517578,26.166088104248047,151446800,0.0,0.0
2016-10-31 00:00:00-04:00,28.412500381469727,28.5575008392334,28.299999237060547,28.385000228881836,26.124675750732422,105677600,0.0,0.0
2016-11-01 00:00:00-04:00,28.364999771118164,28.4424991607666,27.63249969482422,27.872499465942383,25.652976989746094,175303200,0.0,0.0
2016-11-02 00:00:00-04:00,27.850000381469727,28.087499618530273,27.8075008392334,27.897499084472656,25.67599105834961,113326800,0.0,0.0
2016-11-03 00:00:00-04:00,27.7450008392334,27.864999771118164,27.387500762939453,27.457500457763672,25.400779724121094,107730400,0.1425,0.0
2016-11-04 00:00:00-04:00,27.13249969482422,27.5625,27.02750015258789,27.209999084472656,25.17181396484375,123348000,0.0,0.0
2016-11-07 00:00:00-05:00,27.520000457763672,27.627500534057617,27.364999771118164,27.602500915527344,25.534910202026367,130240000,0.0,0.0
2016-11-08 00:00:00-05:00,27.577499389648438,27.93000030517578,27.424999237060547,27.764999389648438,25.68524742126465,97016800,0.0,0.0
2016-11-09 00:00:00-05:00,27.469999313354492,27.829999923706055,27.012500762939453,27.719999313354492,25.64360809326172,236705600,0.0,0.0
2016-11-10 00:00:00-05:00,27.772499084472656,27.772499084472656,26.457500457763672,26.947500228881836,24.928979873657227,228538000,0.0,0.0
2016-11-11 00:00:00-05:00,26.780000686645508,27.217500686645508,26.637500762939453,27.107500076293945,25.07699203491211,136575600,0.0,0.0
2016-11-14 00:00:00-05:00,26.927499771118164,26.952499389648438,26.020000457763672,26.427499771118164,24.44793128967285,204702000,0.0,0.0
2016-11-15 00:00:00-05:00,26.642499923706055,26.920000076293945,26.540000915527344,26.77750015258789,24.771705627441406,129058000,0.0,0.0
2016-11-16 00:00:00-05:00,26.674999237060547,27.5575008392334,26.649999618530273,27.497499465942383,25.43778419494629,235362000,0.0,0.0
2016-11-17 00:00:00-05:00,27.452499389648438,27.587499618530273,27.207500457763672,27.487499237060547,25.428531646728516,110528000,0.0,0.0
2016-11-18 00:00:00-05:00,27.43000030517578,27.635000228881836,27.415000915527344,27.514999389648438,25.453969955444336,113715600,0.0,0.0
2016-11-21 00:00:00-05:00,27.530000686645508,27.997499465942383,27.502500534057617,27.9325008392334,25.840198516845703,117058400,0.0,0.0
2016-11-22 00:00:00-05:00,27.987499237060547,28.104999542236328,27.850000381469727,27.950000762939453,25.856388092041016,103862000,0.0,0.0
2016-11-23 00:00:00-05:00,27.84000015258789,27.877500534057617,27.582500457763672,27.8075008392334,25.724559783935547,109705600,0.0,0.0
2016-11-25 00:00:00-05:00,27.782499313354492,27.967500686645508,27.737499237060547,27.947500228881836,25.854076385498047,45903600,0.0,0.0
2016-11-28 00:00:00-05:00,27.857500076293945,28.11750030517578,27.84749984741211,27.892499923706055,25.803190231323242,108776000,0.0,0.0
2016-11-29 00:00:00-05:00,27.69499969482422,28.00749969482422,27.517499923706055,27.864999771118164,25.777753829956055,114115200,0.0,0.0
2016-11-30 00:00:00-05:00,27.899999618530273,28.049999237060547,27.5674991607666,27.6299991607666,25.560352325439453,144649200,0.0,0.0
2016-12-01 00:00:00-05:00,27.592500686645508,27.735000610351562,27.25749969482422,27.372499465942383,25.3221492767334,148347600,0.0,0.0
2016-12-02 00:00:00-05:00,27.292499542236328,27.522499084472656,27.212499618530273,27.475000381469727,25.41696548461914,106112000,0.0,0.0
2016-12-05 00:00:00-05:00,27.5,27.50749969482422,27.0625,27.27750015258789,25.234262466430664,137298000,0.0,0.0
2016-12-06 00:00:00-05:00,27.375,27.59000015258789,27.297500610351562,27.487499237060547,25.428531646728516,104782000,0.0,0.0
2016-12-07 00:00:00-05:00,27.315000534057617,27.797500610351562,27.290000915527344,27.75749969482422,25.678308486938477,119994800,0.0,0.0
2016-12-08 00:00:00-05:00,27.71500015258789,28.107500076293945,27.649999618530273,28.030000686645508,25.930397033691406,108273200,0.0,0.0
2016-12-09 00:00:00-05:00,28.077499389648438,28.674999237060547,28.077499389648438,28.487499237060547,26.353622436523438,137610400,0.0,0.0
2016-12-12 00:00:00-05:00,28.322500228881836,28.75,28.122499465942383,28.325000762939453,26.203298568725586,105497600,0.0,0.0
2016-12-13 00:00:00-05:00,28.459999084472656,28.979999542236328,28.4375,28.797500610351562,26.640399932861328,174935200,0.0,0.0
2016-12-14 00:00:00-05:00,28.760000228881836,29.049999237060547,28.7450008392334,28.797500610351562,26.640399932861328,136127200,0.0,0.0
2016-12-15 00:00:00-05:00,28.844999313354492,29.1825008392334,28.8075008392334,28.954999923706055,26.786104202270508,186098000,0.0,0.0
2016-12-16 00:00:00-05:00,29.11750030517578,29.125,28.912500381469727,28.99250030517578,26.8207950592041,177404400,0.0,0.0
2016-12-19 00:00:00-05:00,28.950000762939453,29.344999313354492,28.9375,29.15999984741211,26.97574806213379,111117600,0.0,0.0
2016-12-20 00:00:00-05:00,29.184999465942383,29.375,29.170000076293945,29.237499237060547,27.047441482543945,85700000,0.0,0.0
2016-12-21 00:00:00-05:00,29.200000762939453,29.350000381469727,29.19499969482422,29.264999389648438,27.0728759765625,95132800,0.0,0.0
2016-12-22 00:00:00-05:00,29.087499618530273,29.127500534057617,28.90999984741211,29.072500228881836,26.894805908203125,104343600,0.0,0.0
2016-12-23 00:00:00-05:00,28.897499084472656,29.1299991607666,28.897499084472656,29.1299991607666,26.947988510131836,56998000,0.0,0.0
2016-12-27 00:00:00-05:00,29.1299991607666,29.450000762939453,29.122499465942383,29.315000534057617,27.119142532348633,73187600,0.0,0.0
2016-12-28 00:00:00-05:00,29.3799991607666,29.5049991607666,29.049999237060547,29.190000534057617,27.003501892089844,83623600,0.0,0.0
2016-12-29 00:00:00-05:00,29.112499237060547,29.27750015258789,29.100000381469727,29.1825008392334,26.996566772460938,60158000,0.0,0.0
2016-12-30 00:00:00-05:00,29.162500381469727,29.299999237060547,28.857500076293945,28.954999923706055,26.786104202270508,122345200,0.0,0.0
2017-01-03 00:00:00-05:00,28.950000762939453,29.082500457763672,28.690000534057617,29.037500381469727,26.862422943115234,115127600,0.0,0.0
2017-01-04 00:00:00-05:00,28.962499618530273,29.127500534057617,28.9375,29.0049991607666,26.832361221313477,84472400,0.0,0.0
2017-01-05 00:00:00-05:00,28.979999542236328,29.21500015258789,28.952499389648438,29.15250015258789,26.968807220458984,88774400,0.0,0.0
2017-01-06 00:00:00-05:00,29.19499969482422,29.540000915527344,29.11750030517578,29.477500915527344,27.269468307495117,127007600,0.0,0.0
2017-01-09 00:00:00-05:00,29.487499237060547,29.857500076293945,29.485000610351562,29.747499465942383,27.51923942565918,134247600,0.0,0.0
2017-01-10 00:00:00-05:00,29.6924991607666,29.844999313354492,29.575000762939453,29.77750015258789,27.546993255615234,97848400,0.0,0.0
2017-01-11 00:00:00-05:00,29.684999465942383,29.982500076293945,29.649999618530273,29.9375,27.695009231567383,110354400,0.0,0.0
2017-01-12 00:00:00-05:00,29.725000381469727,29.825000762939453,29.552499771118164,29.8125,27.57937240600586,108344800,0.0,0.0
2017-01-13 00:00:00-05:00,29.77750015258789,29.905000686645508,29.702499389648438,29.760000228881836,27.530807495117188,104447600,0.0,0.0
2017-01-17 00:00:00-05:00,29.584999084472656,30.059999465942383,29.55500030517578,30.0,27.752832412719727,137759200,0.0,0.0
2017-01-18 00:00:00-05:00,30.0,30.125,29.927499771118164,29.997499465942383,27.750516891479492,94852000,0.0,0.0
2017-01-19 00:00:00-05:00,29.850000381469727,30.022499084472656,29.842500686645508,29.94499969482422,27.701948165893555,102389200,0.0,0.0
2017-01-20 00:00:00-05:00,30.112499237060547,30.112499237060547,29.9325008392334,30.0,27.752832412719727,130391600,0.0,0.0
2017-01-23 00:00:00-05:00,30.0,30.202499389648438,29.9424991607666,30.020000457763672,27.771331787109375,88200800,0.0,0.0
2017-01-24 00:00:00-05:00,29.887500762939453,30.024999618530273,29.875,29.99250030517578,27.74588966369629,92844000,0.0,0.0
2017-01-25 00:00:00-05:00,30.104999542236328,30.524999618530273,30.06999969482422,30.469999313354492,28.187623977661133,129510400,0.0,0.0
2017-01-26 00:00:00-05:00,30.417499542236328,30.610000610351562,30.399999618530273,30.485000610351562,28.201499938964844,105350400,0.0,0.0
2017-01-27 00:00:00-05:00,30.53499984741211,30.587499618530273,30.399999618530273,30.487499237060547,28.203807830810547,82251600,0.0,0.0
2017-01-30 00:00:00-05:00,30.232500076293945,30.407499313354492,30.165000915527344,30.407499313354492,28.129802703857422,121510000,0.0,0.0
2017-01-31 00:00:00-05:00,30.287500381469727,30.34749984741211,30.155000686645508,30.337499618530273,28.065052032470703,196804000,0.0,0.0
2017-02-01 00:00:00-05:00,31.75749969482422,32.622501373291016,31.752500534057617,32.1875,29.776472091674805,447940000,0.0,0.0
2017-02-02 00:00:00-05:00,31.9950008392334,32.34749984741211,31.94499969482422,32.13249969482422,29.72559356689453,134841600,0.0,0.0
2017-02-03 00:00:00-05:00,32.07749938964844,32.29750061035156,32.040000915527344,32.27000045776367,29.85279655456543,98029200,0.0,0.0
2017-02-06 00:00:00-05:00,32.282501220703125,32.625,32.224998474121094,32.5724983215332,30.132633209228516,107383600,0.0,0.0
2017-02-07 00:00:00-05:00,32.6349983215332,33.022499084472656,32.61249923706055,32.88249969482422,30.41940689086914,152735200,0.0,0.0
2017-02-08 00:00:00-05:00,32.837501525878906,33.05500030517578,32.80500030517578,33.0099983215332,30.537355422973633,92016400,0.0,0.0
2017-02-09 00:00:00-05:00,32.912498474121094,33.11249923706055,32.779998779296875,33.10499954223633,30.758026123046875,113399600,0.1425,0.0
2017-02-10 00:00:00-05:00,33.1150016784668,33.23500061035156,33.01250076293945,33.029998779296875,30.688343048095703,80262000,0.0,0.0
2017-02-13 00:00:00-05:00,33.27000045776367,33.45500183105469,33.1875,33.3224983215332,30.960107803344727,92141600,0.0,0.0
2017-02-14 00:00:00-05:00,33.36750030517578,33.772499084472656,33.3125,33.755001068115234,31.3619441986084,132904800,0.0,0.0
2017-02-15 00:00:00-05:00,33.880001068115234,34.067501068115234,33.654998779296875,33.877498626708984,31.475757598876953,142492400,0.0,0.0
2017-02-16 00:00:00-05:00,33.91749954223633,33.974998474121094,33.709999084472656,33.837501525878906,31.43860626220703,90338400,0.0,0.0
2017-02-17 00:00:00-05:00,33.775001525878906,33.95750045776367,33.775001525878906,33.93000030517578,31.5245361328125,88792800,0.0,0.0
2017-02-21 00:00:00-05:00,34.057498931884766,34.1875,33.994998931884766,34.17499923706055,31.75216293334961,98028800,0.0,0.0
2017-02-22 00:00:00-05:00,34.10749816894531,34.279998779296875,34.02750015258789,34.27750015258789,31.847400665283203,83347600,0.0,0.0
2017-02-23 00:00:00-05:00,34.345001220703125,34.369998931884766,34.07500076293945,34.13249969482422,31.712675094604492,83152800,0.0,0.0
2017-02-24 00:00:00-05:00,33.977500915527344,34.165000915527344,33.81999969482422,34.165000915527344,31.742889404296875,87106400,0.0,0.0
2017-02-27 00:00:00-05:00,34.28499984741211,34.36000061035156,34.06999969482422,34.23249816894531,31.805593490600586,81029600,0.0,0.0
2017-02-28 00:00:00-05:00,34.27000045776367,34.36000061035156,34.17499923706055,34.247501373291016,31.81954002380371,93931600,0.0,0.0
2017-03-01 00:00:00-05:00,34.47249984741211,35.037498474121094,34.400001525878906,34.9474983215332,32.46989822387695,145658400,0.0,0.0
2017-03-02 00:00:00-05:00,35.0,35.06999969482422,34.689998626708984,34.7400016784668,32.27711486816406,104844000,0.0,0.0
2017-03-03 00:00:00-05:00,34.69499969482422,34.95750045776367,34.647499084472656,34.94499969482422,32.46757507324219,84432400,0.0,0.0
2017-03-06 00:00:00-05:00,34.842498779296875,34.942501068115234,34.650001525878906,34.834999084472656,32.365386962890625,87000000,0.0,0.0
2017-03-07 00:00:00-05:00,34.76499938964844,34.994998931884766,34.6974983215332,34.880001068115234,32.40718460083008,69785200,0.0,0.0
2017-03-08 00:00:00-05:00,34.73749923706055,34.95000076293945,34.70500183105469,34.75,32.286399841308594,74828800,0.0,0.0
2017-03-09 00:00:00-05:00,34.685001373291016,34.6974983215332,34.26250076293945,34.66999816894531,32.212074279785156,88623600,0.0,0.0
2017-03-10 00:00:00-05:00,34.8125,34.84000015258789,34.65999984741211,34.78499984741211,32.31892013549805,78451200,0.0,0.0
2017-03-13 00:00:00-04:00,34.712501525878906,34.85749816894531,34.70500183105469,34.79999923706055,32.332862854003906,69686800,0.0,0.0
2017-03-14 00:00:00-04:00,34.82500076293945,34.912498474121094,34.709999084472656,34.747501373291016,32.28407669067383,61236400,0.0,0.0
2017-03-15 00:00:00-04:00,34.852500915527344,35.1875,34.75749969482422,35.1150016784668,32.62551498413086,102767200,0.0,0.0
2017-03-16 00:00:00-04:00,35.18000030517578,35.255001068115234,35.064998626708984,35.17250061035156,32.6789436340332,76928000,0.0,0.0
2017-03-17 00:00:00-04:00,35.25,35.25,34.97249984741211,34.997501373291016,32.516357421875,175540000,0.0,0.0
2017-03-20 00:00:00-04:00,35.099998474121094,35.375,35.057498931884766,35.3650016784668,32.85780715942383,86168000,0.0,0.0
2017-03-21 00:00:00-04:00,35.52750015258789,35.70000076293945,34.932498931884766,34.959999084472656,32.481510162353516,158119600,0.0,0.0
2017-03-22 00:00:00-04:00,34.962501525878906,35.400001525878906,34.939998626708984,35.35499954223633,32.84850311279297,103440800,0.0,0.0
2017-03-23 00:00:00-04:00,35.314998626708984,35.39500045776367,35.15250015258789,35.22999954223633,32.732383728027344,81385200,0.0,0.0
2017-03-24 00:00:00-04:00,35.375,35.435001373291016,35.087501525878906,35.15999984741211,32.667335510253906,89582400,0.0,0.0
2017-03-27 00:00:00-04:00,34.84749984741211,35.30500030517578,34.654998779296875,35.220001220703125,32.723087310791016,94300400,0.0,0.0
2017-03-28 00:00:00-04:00,35.227500915527344,36.0099983215332,35.154998779296875,35.95000076293945,33.40132141113281,133499200,0.0,0.0
2017-03-29 00:00:00-04:00,35.91999816894531,36.122501373291016,35.79750061035156,36.029998779296875,33.47564697265625,116760000,0.0,0.0
2017-03-30 00:00:00-04:00,36.04750061035156,36.125,35.875,35.98249816894531,33.43153381347656,84829200,0.0,0.0
2017-03-31 00:00:00-04:00,35.93000030517578,36.067501068115234,35.752498626708984,35.915000915527344,33.36882019042969,78646800,0.0,0.0
2017-04-03 00:00:00-04:00,35.9275016784668,36.029998779296875,35.76250076293945,35.92499923706055,33.37809371948242,79942800,0.0,0.0
2017-04-04 00:00:00-04:00,35.8125,36.22249984741211,35.79249954223633,36.192501068115234,33.626644134521484,79565600,0.0,0.0
2017-04-05 00:00:00-04:00,36.05500030517578,36.3650016784668,35.95249938964844,36.005001068115234,33.45242691040039,110871600,0.0,0.0
2017-04-06 00:00:00-04:00,36.0724983215332,36.130001068115234,35.86249923706055,35.915000915527344,33.36882019042969,84596000,0.0,0.0
2017-04-07 00:00:00-04:00,35.932498931884766,36.04499816894531,35.817501068115234,35.834999084472656,33.29448318481445,66688800,0.0,0.0
2017-04-10 00:00:00-04:00,35.900001525878906,35.970001220703125,35.724998474121094,35.79249954223633,33.25498962402344,75733600,0.0,0.0
2017-04-11 00:00:00-04:00,35.73500061035156,35.837501525878906,35.01499938964844,35.407501220703125,32.89728927612305,121517600,0.0,0.0
2017-04-12 00:00:00-04:00,35.400001525878906,35.537498474121094,35.252498626708984,35.45000076293945,32.93677520751953,81400000,0.0,0.0
2017-04-13 00:00:00-04:00,35.477500915527344,35.595001220703125,35.26250076293945,35.26250076293945,32.76256561279297,71291600,0.0,0.0
2017-04-17 00:00:00-04:00,35.369998931884766,35.470001220703125,35.217498779296875,35.45750045776367,32.94374084472656,66328400,0.0,0.0
2017-04-18 00:00:00-04:00,35.352500915527344,35.5099983215332,35.27750015258789,35.29999923706055,32.79741287231445,58790000,0.0,0.0
2017-04-19 00:00:00-04:00,35.470001220703125,35.5,35.11249923706055,35.16999816894531,32.676639556884766,69313600,0.0,0.0
2017-04-20 00:00:00-04:00,35.30500030517578,35.72999954223633,35.290000915527344,35.61000061035156,33.08543395996094,93278400,0.0,0.0
2017-04-21 00:00:00-04:00,35.61000061035156,35.66999816894531,35.462501525878906,35.567501068115234,33.04594802856445,69283600,0.0,0.0
2017-04-24 00:00:00-04:00,35.875,35.98749923706055,35.79499816894531,35.90999984741211,33.364158630371094,68537200,0.0,0.0
2017-04-25 00:00:00-04:00,35.977500915527344,36.224998474121094,35.967498779296875,36.13249969482422,33.57089614868164,75486000,0.0,0.0
2017-04-26 00:00:00-04:00,36.11750030517578,36.150001525878906,35.845001220703125,35.91999816894531,33.37344741821289,80164800,0.0,0.0
2017-04-27 00:00:00-04:00,35.97999954223633,36.040000915527344,35.82749938964844,35.9474983215332,33.399009704589844,56985200,0.0,0.0
2017-04-28 00:00:00-04:00,36.022499084472656,36.07500076293945,35.817501068115234,35.912498474121094,33.366477966308594,83441600,0.0,0.0
2017-05-01 00:00:00-04:00,36.275001525878906,36.79999923706055,36.2400016784668,36.64500045776367,34.04705810546875,134411600,0.0,0.0
2017-05-02 00:00:00-04:00,36.8849983215332,37.022499084472656,36.709999084472656,36.877498626708984,34.26307678222656,181408800,0.0,0.0
2017-05-03 00:00:00-04:00,36.397499084472656,36.872501373291016,36.067501068115234,36.76499938964844,34.15856170654297,182788000,0.0,0.0
2017-05-04 00:00:00-04:00,36.630001068115234,36.78499984741211,36.45249938964844,36.63249969482422,34.03543472290039,93487600,0.0,0.0
2017-05-05 00:00:00-04:00,36.689998626708984,37.244998931884766,36.689998626708984,37.2400016784668,34.59988021850586,109310800,0.0,0.0
2017-05-08 00:00:00-04:00,37.25749969482422,38.42499923706055,37.25749969482422,38.252498626708984,35.54058837890625,195009600,0.0,0.0
2017-05-09 00:00:00-04:00,38.467498779296875,38.720001220703125,38.36249923706055,38.497501373291016,35.768218994140625,156521600,0.0,0.0
2017-05-10 00:00:00-04:00,38.407501220703125,38.48500061035156,38.02750015258789,38.314998626708984,35.598655700683594,103222800,0.0,0.0
2017-05-11 00:00:00-04:00,38.11249923706055,38.51750183105469,38.07749938964844,38.48749923706055,35.906532287597656,109020400,0.1575,0.0
2017-05-12 00:00:00-04:00,38.67499923706055,39.10499954223633,38.66749954223633,39.025001525878906,36.40798568725586,130108000,0.0,0.0
2017-05-15 00:00:00-04:00,39.002498626708984,39.162498474121094,38.76250076293945,38.92499923706055,36.314701080322266,104038800,0.0,0.0
2017-05-16 00:00:00-04:00,38.98500061035156,39.01499938964844,38.68000030517578,38.86750030517578,36.26105880737305,80194000,0.0,0.0
2017-05-17 00:00:00-04:00,38.400001525878906,38.64250183105469,37.4275016784668,37.5625,35.04356002807617,203070800,0.0,0.0
2017-05-18 00:00:00-04:00,37.817501068115234,38.334999084472656,37.782501220703125,38.1349983215332,35.577667236328125,134272800,0.0,0.0
2017-05-19 00:00:00-04:00,38.345001220703125,38.494998931884766,38.157501220703125,38.26499938964844,35.69895553588867,107843200,0.0,0.0
2017-05-22 00:00:00-04:00,38.5,38.64500045776367,38.227500915527344,38.497501373291016,35.915870666503906,91865600,0.0,0.0
2017-05-23 00:00:00-04:00,38.724998474121094,38.724998474121094,38.32749938964844,38.45000076293945,35.87154769897461,79675600,0.0,0.0
2017-05-24 00:00:00-04:00,38.459999084472656,38.54249954223633,38.16749954223633,38.334999084472656,35.76426315307617,76712000,0.0,0.0
2017-05-25 00:00:00-04:00,38.432498931884766,38.587501525878906,38.25749969482422,38.467498779296875,35.88786697387695,76942400,0.0,0.0
2017-05-26 00:00:00-04:00,38.5,38.560001373291016,38.32749938964844,38.40250015258789,35.82722854614258,87710400,0.0,0.0
2017-05-30 00:00:00-04:00,38.35499954223633,38.60749816894531,38.33250045776367,38.41749954223633,35.84122085571289,80507600,0.0,0.0
2017-05-31 00:00:00-04:00,38.49250030517578,38.54249954223633,38.095001220703125,38.189998626708984,35.62897491455078,97804800,0.0,0.0
2017-06-01 00:00:00-04:00,38.29249954223633,38.33250045776367,38.05500030517578,38.29499816894531,35.7269401550293,65616400,0.0,0.0
2017-06-02 00:00:00-04:00,38.39500045776367,38.86249923706055,38.22249984741211,38.86249923706055,36.256385803222656,111082800,0.0,0.0
2017-06-05 00:00:00-04:00,38.584999084472656,38.61249923706055,38.3650016784668,38.48249816894531,35.901851654052734,101326800,0.0,0.0
2017-06-06 00:00:00-04:00,38.474998474121094,38.95249938964844,38.44499969482422,38.61249923706055,36.02314758300781,106499600,0.0,0.0
2017-06-07 00:00:00-04:00,38.755001068115234,38.994998931884766,38.619998931884766,38.842498779296875,36.23772048950195,84278400,0.0,0.0
2017-06-08 00:00:00-04:00,38.8125,38.8849983215332,38.599998474121094,38.747501373291016,36.14908981323242,85003200,0.0,0.0
2017-06-09 00:00:00-04:00,38.79750061035156,38.79750061035156,36.505001068115234,37.244998931884766,34.747352600097656,259530800,0.0,0.0
2017-06-12 00:00:00-04:00,36.435001373291016,36.522499084472656,35.627498626708984,36.35499954223633,33.91703414916992,289229200,0.0,0.0
2017-06-13 00:00:00-04:00,36.790000915527344,36.86249923706055,36.287498474121094,36.647499084472656,34.18992233276367,136661600,0.0,0.0
2017-06-14 00:00:00-04:00,36.875,36.875,35.959999084472656,36.290000915527344,33.85639953613281,126124800,0.0,0.0
2017-06-15 00:00:00-04:00,35.83000183105469,36.119998931884766,35.5525016784668,36.0724983215332,33.653480529785156,128661600,0.0,0.0
2017-06-16 00:00:00-04:00,35.94499969482422,36.125,35.54999923706055,35.567501068115234,33.18235778808594,201444400,0.0,0.0
2017-06-19 00:00:00-04:00,35.915000915527344,36.685001373291016,35.915000915527344,36.584999084472656,34.13160705566406,130165600,0.0,0.0
2017-06-20 00:00:00-04:00,36.717498779296875,36.717498779296875,36.23500061035156,36.252498626708984,33.8214111328125,99600400,0.0,0.0
2017-06-21 00:00:00-04:00,36.380001068115234,36.51750183105469,36.15250015258789,36.467498779296875,34.02199935913086,85063200,0.0,0.0
2017-06-22 00:00:00-04:00,36.442501068115234,36.67499923706055,36.279998779296875,36.407501220703125,33.96601486206055,76425200,0.0,0.0
2017-06-23 00:00:00-04:00,36.282501220703125,36.790000915527344,36.27750015258789,36.56999969482422,34.117618560791016,141757600,0.0,0.0
2017-06-26 00:00:00-04:00,36.79249954223633,37.06999969482422,36.345001220703125,36.45500183105469,34.01032638549805,102769600,0.0,0.0
2017-06-27 00:00:00-04:00,36.252498626708984,36.540000915527344,35.904998779296875,35.932498931884766,33.52286911010742,99047600,0.0,0.0
2017-06-28 00:00:00-04:00,36.122501373291016,36.52750015258789,35.790000915527344,36.45750045776367,34.012657165527344,88329600,0.0,0.0
2017-06-29 00:00:00-04:00,36.1775016784668,36.282501220703125,35.56999969482422,35.91999816894531,33.51120376586914,125997600,0.0,0.0
2017-06-30 00:00:00-04:00,36.11249923706055,36.2400016784668,35.94499969482422,36.005001068115234,33.59050750732422,92096400,0.0,0.0
2017-07-03 00:00:00-04:00,36.220001220703125,36.32500076293945,35.775001525878906,35.875,33.46923828125,57111200,0.0,0.0
2017-07-05 00:00:00-04:00,35.92250061035156,36.1974983215332,35.68000030517578,36.022499084472656,33.60682678222656,86278400,0.0,0.0
2017-07-06 00:00:00-04:00,35.755001068115234,35.875,35.602500915527344,35.682498931884766,33.28962326049805,96515200,0.0,0.0
2017-07-07 00:00:00-04:00,35.724998474121094,36.1875,35.724998474121094,36.04499816894531,33.62783432006836,76806800,0.0,0.0
2017-07-10 00:00:00-04:00,36.02750015258789,36.48749923706055,35.842498779296875,36.26499938964844,33.83307647705078,84362400,0.0,0.0
2017-07-11 00:00:00-04:00,36.182498931884766,36.462501525878906,36.095001220703125,36.38249969482422,33.94269561767578,79127200,0.0,0.0
2017-07-12 00:00:00-04:00,36.467498779296875,36.54499816894531,36.20500183105469,36.435001373291016,33.99167251586914,99538000,0.0,0.0
2017-07-13 00:00:00-04:00,36.375,37.122501373291016,36.36000061035156,36.942501068115234,34.46513748168945,100797600,0.0,0.0
2017-07-14 00:00:00-04:00,36.99250030517578,37.33250045776367,36.83250045776367,37.2599983215332,34.76133346557617,80528400,0.0,0.0
2017-07-17 00:00:00-04:00,37.20500183105469,37.724998474121094,37.14250183105469,37.38999938964844,34.882625579833984,95174000,0.0,0.0
2017-07-18 00:00:00-04:00,37.29999923706055,37.532501220703125,37.16749954223633,37.52000045776367,35.00391387939453,71475200,0.0,0.0
2017-07-19 00:00:00-04:00,37.619998931884766,37.85499954223633,37.48749923706055,37.755001068115234,35.22314453125,83692000,0.0,0.0
2017-07-20 00:00:00-04:00,37.875,37.935001373291016,37.54750061035156,37.584999084472656,35.064552307128906,68974800,0.0,0.0
2017-07-21 00:00:00-04:00,37.497501373291016,37.61000061035156,37.220001220703125,37.567501068115234,35.0482177734375,105010400,0.0,0.0
2017-07-24 00:00:00-04:00,37.64500045776367,38.11000061035156,37.474998474121094,38.022499084472656,35.47270965576172,85972800,0.0,0.0
2017-07-25 00:00:00-04:00,37.95000076293945,38.459999084472656,37.95000076293945,38.185001373291016,35.62432098388672,75415600,0.0,0.0
2017-07-26 00:00:00-04:00,38.337501525878906,38.48249816894531,38.26499938964844,38.3650016784668,35.79225158691406,63124000,0.0,0.0
2017-07-27 00:00:00-04:00,38.4375,38.497501373291016,36.82500076293945,37.63999938964844,35.115875244140625,129905200,0.0,0.0
2017-07-28 00:00:00-04:00,37.47249984741211,37.557498931884766,37.29750061035156,37.375,34.86863708496094,68854800,0.0,0.0
2017-07-31 00:00:00-04:00,37.474998474121094,37.58250045776367,37.032501220703125,37.182498931884766,34.68904495239258,79383600,0.0,0.0
2017-08-01 00:00:00-04:00,37.275001525878906,37.55500030517578,37.102500915527344,37.51250076293945,34.99692153930664,141474400,0.0,0.0
2017-08-02 00:00:00-04:00,39.81999969482422,39.9375,39.040000915527344,39.28499984741211,36.65054702758789,279747200,0.0,0.0
2017-08-03 00:00:00-04:00,39.26250076293945,39.3025016784668,38.755001068115234,38.89250183105469,36.28436279296875,108389200,0.0,0.0
2017-08-04 00:00:00-04:00,39.01750183105469,39.349998474121094,38.92250061035156,39.09749984741211,36.47562789916992,82239600,0.0,0.0
2017-08-07 00:00:00-04:00,39.26499938964844,39.72999954223633,39.16749954223633,39.70249938964844,37.04005432128906,87481200,0.0,0.0
2017-08-08 00:00:00-04:00,39.650001525878906,40.45750045776367,39.567501068115234,40.02000045776367,37.336265563964844,144823600,0.0,0.0
2017-08-09 00:00:00-04:00,39.814998626708984,40.317501068115234,39.77750015258789,40.26499938964844,37.56483840942383,104526000,0.0,0.0
2017-08-10 00:00:00-04:00,39.974998474121094,40.0,38.657501220703125,38.83000183105469,36.368324279785156,163217200,0.1575,0.0
2017-08-11 00:00:00-04:00,39.150001525878906,39.64250183105469,39.01750183105469,39.369998931884766,36.87409210205078,105028400,0.0,0.0
2017-08-14 00:00:00-04:00,39.83000183105469,40.0525016784668,39.6875,39.962501525878906,37.42904281616211,88490800,0.0,0.0
2017-08-15 00:00:00-04:00,40.165000915527344,40.54999923706055,40.03499984741211,40.400001525878906,37.83879470825195,117862000,0.0,0.0
2017-08-16 00:00:00-04:00,40.48500061035156,40.627498626708984,40.037498474121094,40.23749923706055,37.68660354614258,110686400,0.0,0.0
2017-08-17 00:00:00-04:00,40.130001068115234,40.1775016784668,39.459999084472656,39.46500015258789,36.96306610107422,111762400,0.0,0.0
2017-08-18 00:00:00-04:00,39.46500015258789,39.875,39.18000030517578,39.375,36.87876892089844,109712400,0.0,0.0
2017-08-21 00:00:00-04:00,39.375,39.47249984741211,38.77750015258789,39.3025016784668,36.81087112426758,105474000,0.0,0.0
2017-08-22 00:00:00-04:00,39.557498931884766,40.0,39.505001068115234,39.94499969482422,37.412628173828125,86418400,0.0,0.0
2017-08-23 00:00:00-04:00,39.76750183105469,40.11750030517578,39.720001220703125,39.994998931884766,37.459468841552734,77596400,0.0,0.0
2017-08-24 00:00:00-04:00,40.10749816894531,40.185001373291016,39.63750076293945,39.817501068115234,37.29322814941406,79275600,0.0,0.0
2017-08-25 00:00:00-04:00,39.912498474121094,40.13999938964844,39.817501068115234,39.96500015258789,37.43136978149414,101920400,0.0,0.0
2017-08-28 00:00:00-04:00,40.03499984741211,40.5,39.98249816894531,40.36750030517578,37.808345794677734,103864000,0.0,0.0
2017-08-29 00:00:00-04:00,40.025001525878906,40.779998779296875,40.0,40.727500915527344,38.14553451538086,118067600,0.0,0.0
2017-08-30 00:00:00-04:00,40.95000076293945,40.97249984741211,40.65250015258789,40.837501525878906,38.24855422973633,109078400,0.0,0.0
2017-08-31 00:00:00-04:00,40.90999984741211,41.130001068115234,40.869998931884766,41.0,38.400753021240234,107140400,0.0,0.0
2017-09-01 00:00:00-04:00,41.20000076293945,41.23500061035156,40.907501220703125,41.01250076293945,38.41246795654297,66364400,0.0,0.0
2017-09-05 00:00:00-04:00,40.9375,41.0625,40.13999938964844,40.52000045776367,37.9511833190918,117874000,0.0,0.0
2017-09-06 00:00:00-04:00,40.6775016784668,40.747501373291016,40.130001068115234,40.477500915527344,37.911380767822266,86606800,0.0,0.0
2017-09-07 00:00:00-04:00,40.522499084472656,40.560001373291016,40.09000015258789,40.314998626708984,37.75918197631836,87714000,0.0,0.0
2017-09-08 00:00:00-04:00,40.21500015258789,40.287498474121094,39.63249969482422,39.657501220703125,37.14337158203125,114446000,0.0,0.0
2017-09-11 00:00:00-04:00,40.125,40.51250076293945,39.97249984741211,40.375,37.81538009643555,126323200,0.0,0.0
2017-09-12 00:00:00-04:00,40.65250015258789,40.9900016784668,39.692501068115234,40.21500015258789,37.66552734375,286856000,0.0,0.0
2017-09-13 00:00:00-04:00,39.967498779296875,39.9900016784668,39.477500915527344,39.912498474121094,37.382198333740234,179629600,0.0,0.0
2017-09-14 00:00:00-04:00,39.747501373291016,39.849998474121094,39.522499084472656,39.56999969482422,37.0614128112793,95042800,0.0,0.0
2017-09-15 00:00:00-04:00,39.61750030517578,40.24250030517578,39.5,39.970001220703125,37.4360466003418,196458400,0.0,0.0
2017-09-18 00:00:00-04:00,40.02750015258789,40.125,39.5,39.66749954223633,37.15272903442383,113077600,0.0,0.0
2017-09-19 00:00:00-04:00,39.877498626708984,39.942501068115234,39.61000061035156,39.682498931884766,37.16677474975586,83242400,0.0,0.0
2017-09-20 00:00:00-04:00,39.474998474121094,39.564998626708984,38.45750045776367,39.01750183105469,36.543941497802734,211805600,0.0,0.0
2017-09-21 00:00:00-04:00,38.95000076293945,38.95000076293945,38.1875,38.34749984741211,35.91641616821289,150046800,0.0,0.0
2017-09-22 00:00:00-04:00,37.8849983215332,38.067501068115234,37.63999938964844,37.97249984741211,35.565189361572266,186581600,0.0,0.0
2017-09-25 00:00:00-04:00,37.497501373291016,37.95750045776367,37.290000915527344,37.63750076293945,35.25141906738281,177549200,0.0,0.0
2017-09-26 00:00:00-04:00,37.94499969482422,38.47999954223633,37.92250061035156,38.28499984741211,35.857872009277344,146640000,0.0,0.0
2017-09-27 00:00:00-04:00,38.45000076293945,38.68000030517578,38.3849983215332,38.557498931884766,36.113101959228516,102016800,0.0,0.0
2017-09-28 00:00:00-04:00,38.47249984741211,38.56999969482422,38.17499923706055,38.31999969482422,35.890655517578125,88022000,0.0,0.0
2017-09-29 00:00:00-04:00,38.3025016784668,38.532501220703125,38.0,38.529998779296875,36.08734893798828,105199200,0.0,0.0
2017-10-02 00:00:00-04:00,38.564998626708984,38.61249923706055,38.18000030517578,38.45249938964844,36.01476287841797,74795200,0.0,0.0
2017-10-03 00:00:00-04:00,38.502498626708984,38.772499084472656,38.477500915527344,38.619998931884766,36.17163848876953,64921200,0.0,0.0
2017-10-04 00:00:00-04:00,38.407501220703125,38.46500015258789,38.1150016784668,38.369998931884766,35.93749237060547,80655200,0.0,0.0
2017-10-05 00:00:00-04:00,38.54499816894531,38.86000061035156,38.51250076293945,38.84749984741211,36.38471221923828,85135200,0.0,0.0
2017-10-06 00:00:00-04:00,38.74250030517578,38.872501373291016,38.63999938964844,38.82500076293945,36.363643646240234,69630400,0.0,0.0
2017-10-09 00:00:00-04:00,38.95249938964844,39.182498931884766,38.872501373291016,38.959999084472656,36.49008560180664,65051600,0.0,0.0
2017-10-10 00:00:00-04:00,39.01499938964844,39.5,38.775001525878906,38.974998474121094,36.50411605834961,62468000,0.0,0.0
2017-10-11 00:00:00-04:00,38.99250030517578,39.244998931884766,38.9375,39.13750076293945,36.65632629394531,67622400,0.0,0.0
2017-10-12 00:00:00-04:00,39.087501525878906,39.342498779296875,38.932498931884766,39.0,36.52755355834961,64500400,0.0,0.0
2017-10-13 00:00:00-04:00,39.182498931884766,39.31999969482422,39.102500915527344,39.247501373291016,36.759361267089844,65576800,0.0,0.0
2017-10-16 00:00:00-04:00,39.474998474121094,40.0,39.412498474121094,39.970001220703125,37.4360466003418,96486000,0.0,0.0
2017-10-17 00:00:00-04:00,39.94499969482422,40.217498779296875,39.807498931884766,40.11750030517578,37.57420349121094,75989200,0.0,0.0
2017-10-18 00:00:00-04:00,40.10499954223633,40.1775016784668,39.900001525878906,39.939998626708984,37.407958984375,65496800,0.0,0.0
2017-10-19 00:00:00-04:00,39.1875,39.27000045776367,38.755001068115234,38.994998931884766,36.52286911010742,170336800,0.0,0.0
2017-10-20 00:00:00-04:00,39.15250015258789,39.4375,38.9900016784668,39.0625,36.586082458496094,95896400,0.0,0.0
2017-10-23 00:00:00-04:00,39.22249984741211,39.42250061035156,38.875,39.04249954223633,36.56734848022461,87937200,0.0,0.0
2017-10-24 00:00:00-04:00,39.0724983215332,39.35499954223633,39.04999923706055,39.275001525878906,36.785125732421875,71028800,0.0,0.0
2017-10-25 00:00:00-04:00,39.227500915527344,39.38750076293945,38.817501068115234,39.102500915527344,36.62355422973633,84828400,0.0,0.0
2017-10-26 00:00:00-04:00,39.307498931884766,39.45750045776367,39.19499969482422,39.352500915527344,36.857696533203125,68002000,0.0,0.0
2017-10-27 00:00:00-04:00,39.8224983215332,40.900001525878906,39.67499923706055,40.76250076293945,38.17831039428711,177816800,0.0,0.0
2017-10-30 00:00:00-04:00,40.97249984741211,42.01750183105469,40.93000030517578,41.68000030517578,39.03764724731445,178803200,0.0,0.0
2017-10-31 00:00:00-04:00,41.974998474121094,42.412498474121094,41.73500061035156,42.2599983215332,39.580867767333984,144187200,0.0,0.0
2017-11-01 00:00:00-04:00,42.467498779296875,42.48500061035156,41.40250015258789,41.72249984741211,39.07745361328125,134551200,0.0,0.0
2017-11-02 00:00:00-04:00,41.650001525878906,42.125,41.31999969482422,42.02750015258789,39.36311340332031,165573600,0.0,0.0
2017-11-03 00:00:00-04:00,43.5,43.564998626708984,42.779998779296875,43.125,40.39103698730469,237594400,0.0,0.0
2017-11-06 00:00:00-05:00,43.092498779296875,43.747501373291016,42.93000030517578,43.5625,40.800804138183594,140105200,0.0,0.0
2017-11-07 00:00:00-05:00,43.477500915527344,43.8125,43.400001525878906,43.70249938964844,40.93193435668945,97446000,0.0,0.0
2017-11-08 00:00:00-05:00,43.665000915527344,44.060001373291016,43.58250045776367,44.060001373291016,41.266761779785156,97638000,0.0,0.0
2017-11-09 00:00:00-05:00,43.77750015258789,44.025001525878906,43.28499984741211,43.970001220703125,41.182464599609375,117930400,0.0,0.0
2017-11-10 00:00:00-05:00,43.77750015258789,43.845001220703125,43.567501068115234,43.66749954223633,41.04616928100586,100582000,0.1575,0.0
2017-11-13 00:00:00-05:00,43.375,43.625,43.349998474121094,43.49250030517578,40.88167953491211,67928400,0.0,0.0
2017-11-14 00:00:00-05:00,43.2599983215332,43.369998931884766,42.79499816894531,42.834999084472656,40.26365661621094,99130000,0.0,0.0
2017-11-15 00:00:00-05:00,42.49250030517578,42.58000183105469,42.095001220703125,42.27000045776367,39.73255920410156,116632400,0.0,0.0
2017-11-16 00:00:00-05:00,42.79499816894531,42.967498779296875,42.57500076293945,42.775001525878906,40.207252502441406,94550000,0.0,0.0
2017-11-17 00:00:00-05:00,42.7599983215332,42.84749984741211,42.40999984741211,42.537498474121094,39.98399353027344,87598000,0.0,0.0
2017-11-20 00:00:00-05:00,42.5724983215332,42.63999938964844,42.38999938964844,42.494998931884766,39.94405746459961,65049600,0.0,0.0
2017-11-21 00:00:00-05:00,42.69499969482422,43.42499923706055,42.69499969482422,43.28499984741211,40.68663024902344,100525200,0.0,0.0
2017-11-22 00:00:00-05:00,43.34000015258789,43.75,43.26250076293945,43.7400016784668,41.114315032958984,102355600,0.0,0.0
2017-11-24 00:00:00-05:00,43.775001525878906,43.875,43.662498474121094,43.74250030517578,41.116676330566406,56106800,0.0,0.0
2017-11-27 00:00:00-05:00,43.76250076293945,43.77000045776367,43.334999084472656,43.522499084472656,40.90987014770508,82867200,0.0,0.0
2017-11-28 00:00:00-05:00,43.57500076293945,43.717498779296875,42.96500015258789,43.26750183105469,40.67018127441406,105715200,0.0,0.0
2017-11-29 00:00:00-05:00,43.157501220703125,43.22999954223633,41.790000915527344,42.369998931884766,39.82655334472656,166665600,0.0,0.0
2017-11-30 00:00:00-05:00,42.60749816894531,43.03499984741211,42.11000061035156,42.962501525878906,40.38349151611328,166108800,0.0,0.0
2017-12-01 00:00:00-05:00,42.48749923706055,42.91749954223633,42.125,42.76250076293945,40.19551086425781,159037200,0.0,0.0
2017-12-04 00:00:00-05:00,43.119998931884766,43.154998779296875,42.407501220703125,42.45000076293945,39.901756286621094,130169600,0.0,0.0
2017-12-05 00:00:00-05:00,42.26499938964844,42.880001068115234,42.099998474121094,42.40999984741211,39.86415481567383,109400800,0.0,0.0
2017-12-06 00:00:00-05:00,41.875,42.54999923706055,41.6150016784668,42.252498626708984,39.71610641479492,114240000,0.0,0.0
2017-12-07 00:00:00-05:00,42.25749969482422,42.61000061035156,42.227500915527344,42.33000183105469,39.78895950317383,102693200,0.0,0.0
2017-12-08 00:00:00-05:00,42.622501373291016,42.75,42.20500183105469,42.342498779296875,39.80070877075195,93420800,0.0,0.0
2017-12-11 00:00:00-05:00,42.29999923706055,43.22249984741211,42.1974983215332,43.16749954223633,40.57617950439453,141095200,0.0,0.0
2017-12-12 00:00:00-05:00,43.037498474121094,43.09749984741211,42.8650016784668,42.92499923706055,40.34824752807617,77636800,0.0,0.0
2017-12-13 00:00:00-05:00,43.125,43.3849983215332,43.0,43.067501068115234,40.4821891784668,95273600,0.0,0.0
2017-12-14 00:00:00-05:00,43.099998474121094,43.282501220703125,42.912498474121094,43.05500030517578,40.470436096191406,81906000,0.0,0.0
2017-12-15 00:00:00-05:00,43.407501220703125,43.54249954223633,43.1150016784668,43.49250030517578,40.88167953491211,160677200,0.0,0.0
2017-12-18 00:00:00-05:00,43.720001220703125,44.29999923706055,43.71500015258789,44.10499954223633,41.45740509033203,117684400,0.0,0.0
2017-12-19 00:00:00-05:00,43.75749969482422,43.84749984741211,43.522499084472656,43.6349983215332,41.01561737060547,109745600,0.0,0.0
2017-12-20 00:00:00-05:00,43.717498779296875,43.85499954223633,43.3125,43.587501525878906,40.97098159790039,93902400,0.0,0.0
2017-12-21 00:00:00-05:00,43.54249954223633,44.005001068115234,43.525001525878906,43.752498626708984,41.12607192993164,83799600,0.0,0.0
2017-12-22 00:00:00-05:00,43.66999816894531,43.85499954223633,43.625,43.752498626708984,41.12607192993164,65397600,0.0,0.0
2017-12-26 00:00:00-05:00,42.70000076293945,42.86750030517578,42.41999816894531,42.64250183105469,40.08270263671875,132742000,0.0,0.0
2017-12-27 00:00:00-05:00,42.525001525878906,42.69499969482422,42.4275016784668,42.650001525878906,40.08974838256836,85992800,0.0,0.0
2017-12-28 00:00:00-05:00,42.75,42.962501525878906,42.619998931884766,42.77000045776367,40.202545166015625,65920800,0.0,0.0
2017-12-29 00:00:00-05:00,42.630001068115234,42.647499084472656,42.30500030517578,42.307498931884766,39.7678108215332,103999600,0.0,0.0
2018-01-02 00:00:00-05:00,42.540000915527344,43.07500076293945,42.314998626708984,43.064998626708984,40.47983932495117,102223600,0.0,0.0
2018-01-03 00:00:00-05:00,43.13249969482422,43.63750076293945,42.9900016784668,43.057498931884766,40.4727897644043,118071600,0.0,0.0
2018-01-04 00:00:00-05:00,43.1349983215332,43.36750030517578,43.02000045776367,43.25749969482422,40.66078186035156,89738400,0.0,0.0
2018-01-05 00:00:00-05:00,43.36000061035156,43.842498779296875,43.26250076293945,43.75,41.12372589111328,94640000,0.0,0.0
2018-01-08 00:00:00-05:00,43.587501525878906,43.90250015258789,43.48249816894531,43.587501525878906,40.97098159790039,82271200,0.0,0.0
2018-01-09 00:00:00-05:00,43.63750076293945,43.76499938964844,43.352500915527344,43.58250045776367,40.966270446777344,86336000,0.0,0.0
2018-01-10 00:00:00-05:00,43.290000915527344,43.57500076293945,43.25,43.5724983215332,40.956871032714844,95839600,0.0,0.0
2018-01-11 00:00:00-05:00,43.647499084472656,43.872501373291016,43.622501373291016,43.81999969482422,41.18951416015625,74670800,0.0,0.0
2018-01-12 00:00:00-05:00,44.04499816894531,44.34000015258789,43.912498474121094,44.272499084472656,41.61485290527344,101672400,0.0,0.0
2018-01-16 00:00:00-05:00,44.474998474121094,44.84749984741211,44.03499984741211,44.04750061035156,41.40336608886719,118263600,0.0,0.0
2018-01-17 00:00:00-05:00,44.037498474121094,44.8125,43.76750183105469,44.775001525878906,42.08719253540039,137547200,0.0,0.0
2018-01-18 00:00:00-05:00,44.842498779296875,45.025001525878906,44.5625,44.814998626708984,42.124778747558594,124773600,0.0,0.0
2018-01-19 00:00:00-05:00,44.65250015258789,44.89500045776367,44.352500915527344,44.6150016784668,41.936790466308594,129700400,0.0,0.0
2018-01-22 00:00:00-05:00,44.32500076293945,44.44499969482422,44.150001525878906,44.25,41.59370040893555,108434400,0.0,0.0
2018-01-23 00:00:00-05:00,44.32500076293945,44.86000061035156,44.20500183105469,44.2599983215332,41.60310363769531,130756400,0.0,0.0
2018-01-24 00:00:00-05:00,44.3125,44.32500076293945,43.29999923706055,43.55500030517578,40.940425872802734,204420400,0.0,0.0
2018-01-25 00:00:00-05:00,43.627498626708984,43.73749923706055,42.63249969482422,42.77750015258789,40.2095947265625,166116000,0.0,0.0
2018-01-26 00:00:00-05:00,43.0,43.0,42.51499938964844,42.877498626708984,40.303592681884766,156572000,0.0,0.0
2018-01-29 00:00:00-05:00,42.540000915527344,42.540000915527344,41.76750183105469,41.9900016784668,39.469364166259766,202561600,0.0,0.0
2018-01-30 00:00:00-05:00,41.38249969482422,41.842498779296875,41.17499923706055,41.74250030517578,39.23672103881836,184192800,0.0,0.0
2018-01-31 00:00:00-05:00,41.717498779296875,42.11000061035156,41.625,41.85749816894531,39.34482955932617,129915600,0.0,0.0
2018-02-01 00:00:00-05:00,41.79249954223633,42.154998779296875,41.689998626708984,41.94499969482422,39.42707443237305,188923200,0.0,0.0
2018-02-02 00:00:00-05:00,41.5,41.70000076293945,40.025001525878906,40.125,37.71632766723633,346375200,0.0,0.0
2018-02-05 00:00:00-05:00,39.775001525878906,40.970001220703125,39.0,39.122501373291016,36.77399826049805,290954000,0.0,0.0
2018-02-06 00:00:00-05:00,38.70750045776367,40.93000030517578,38.5,40.75749969482422,38.31085968017578,272975200,0.0,0.0
2018-02-07 00:00:00-05:00,40.772499084472656,40.849998474121094,39.76750183105469,39.8849983215332,37.490726470947266,206434400,0.0,0.0
2018-02-08 00:00:00-05:00,40.0724983215332,40.25,38.75749969482422,38.787498474121094,36.4591178894043,217562000,0.0,0.0
2018-02-09 00:00:00-05:00,39.26750183105469,39.47249984741211,37.560001373291016,39.102500915527344,36.90505599975586,282690400,0.1575,0.0
2018-02-12 00:00:00-05:00,39.625,40.97249984741211,39.377498626708984,40.6775016784668,38.39155960083008,243278000,0.0,0.0
2018-02-13 00:00:00-05:00,40.48749923706055,41.1875,40.412498474121094,41.084999084472656,38.776153564453125,130196800,0.0,0.0
2018-02-14 00:00:00-05:00,40.7599983215332,41.8849983215332,40.720001220703125,41.842498779296875,39.4910888671875,162579600,0.0,0.0
2018-02-15 00:00:00-05:00,42.4474983215332,43.272499084472656,42.25,43.247501373291016,40.81712341308594,204588800,0.0,0.0
2018-02-16 00:00:00-05:00,43.09000015258789,43.70500183105469,42.942501068115234,43.10749816894531,40.68498611450195,160704400,0.0,0.0
2018-02-20 00:00:00-05:00,43.01250076293945,43.564998626708984,42.85499954223633,42.962501525878906,40.54813766479492,135722000,0.0,0.0
2018-02-21 00:00:00-05:00,43.20750045776367,43.529998779296875,42.752498626708984,42.76750183105469,40.36410140991211,149886400,0.0,0.0
2018-02-22 00:00:00-05:00,42.95000076293945,43.48749923706055,42.9275016784668,43.125,40.701507568359375,123967600,0.0,0.0
2018-02-23 00:00:00-05:00,43.41749954223633,43.912498474121094,43.3849983215332,43.875,41.40935516357422,135249600,0.0,0.0
2018-02-26 00:00:00-05:00,44.087501525878906,44.84749984741211,44.0525016784668,44.74250030517578,42.228111267089844,152648800,0.0,0.0
2018-02-27 00:00:00-05:00,44.775001525878906,45.119998931884766,44.540000915527344,44.59749984741211,42.09126281738281,155712400,0.0,0.0
2018-02-28 00:00:00-05:00,44.814998626708984,45.154998779296875,44.51250076293945,44.529998779296875,42.02754592895508,151128400,0.0,0.0
2018-03-01 00:00:00-05:00,44.6349983215332,44.94499969482422,43.165000915527344,43.75,41.29138946533203,195208000,0.0,0.0
2018-03-02 00:00:00-05:00,43.20000076293945,44.07500076293945,43.11249923706055,44.0525016784668,41.57689666748047,153816000,0.0,0.0
2018-03-05 00:00:00-05:00,43.8025016784668,44.435001373291016,43.630001068115234,44.20500183105469,41.720802307128906,113605600,0.0,0.0
2018-03-06 00:00:00-05:00,44.477500915527344,44.5625,44.032501220703125,44.16749954223633,41.685420989990234,95154000,0.0,0.0
2018-03-07 00:00:00-05:00,43.73500061035156,43.962501525878906,43.567501068115234,43.75749969482422,41.298458099365234,126814000,0.0,0.0
2018-03-08 00:00:00-05:00,43.869998931884766,44.279998779296875,43.76750183105469,44.23500061035156,41.74912643432617,95096400,0.0,0.0
2018-03-09 00:00:00-05:00,44.4900016784668,45.0,44.34749984741211,44.994998931884766,42.4664306640625,128740800,0.0,0.0
2018-03-12 00:00:00-04:00,45.0724983215332,45.59749984741211,45.0525016784668,45.43000030517578,42.87697982788086,128828400,0.0,0.0
2018-03-13 00:00:00-04:00,45.647499084472656,45.875,44.810001373291016,44.99250030517578,42.46406173706055,126774000,0.0,0.0
2018-03-14 00:00:00-04:00,45.08000183105469,45.130001068115234,44.45249938964844,44.61000061035156,42.10305404663086,117473600,0.0,0.0
2018-03-15 00:00:00-04:00,44.625,45.060001373291016,44.51750183105469,44.662498474121094,42.15260696411133,90975200,0.0,0.0
2018-03-16 00:00:00-04:00,44.662498474121094,44.779998779296875,44.404998779296875,44.505001068115234,42.00395584106445,157618800,0.0,0.0
2018-03-19 00:00:00-04:00,44.33000183105469,44.36750030517578,43.415000915527344,43.82500076293945,41.36215591430664,133787200,0.0,0.0
2018-03-20 00:00:00-04:00,43.810001373291016,44.20000076293945,43.73500061035156,43.810001373291016,41.34800720214844,78597600,0.0,0.0
2018-03-21 00:00:00-04:00,43.7599983215332,43.772499084472656,42.814998626708984,42.817501068115234,40.41128158569336,148219600,0.0,0.0
2018-03-22 00:00:00-04:00,42.5,43.16999816894531,42.150001525878906,42.212501525878906,39.84029769897461,165963200,0.0,0.0
2018-03-23 00:00:00-04:00,42.09749984741211,42.47999954223633,41.23500061035156,41.23500061035156,38.9177131652832,164115200,0.0,0.0
2018-03-26 00:00:00-04:00,42.01750183105469,43.275001525878906,41.61000061035156,43.192501068115234,40.76521682739258,150164800,0.0,0.0
2018-03-27 00:00:00-04:00,43.41999816894531,43.787498474121094,41.72999954223633,42.084999084472656,39.71995544433594,163690400,0.0,0.0
2018-03-28 00:00:00-04:00,41.8125,42.505001068115234,41.29750061035156,41.619998931884766,39.28107833862305,166674000,0.0,0.0
2018-03-29 00:00:00-04:00,41.95249938964844,42.9375,41.724998474121094,41.94499969482422,39.587825775146484,153594000,0.0,0.0
2018-04-02 00:00:00-04:00,41.65999984741211,42.23500061035156,41.11750030517578,41.66999816894531,39.328277587890625,150347200,0.0,0.0
2018-04-03 00:00:00-04:00,41.90999984741211,42.1875,41.220001220703125,42.09749984741211,39.73175048828125,121112000,0.0,0.0
2018-04-04 00:00:00-04:00,41.220001220703125,43.002498626708984,41.192501068115234,42.90250015258789,40.49151611328125,138422000,0.0,0.0
2018-04-05 00:00:00-04:00,43.14500045776367,43.557498931884766,43.02000045776367,43.20000076293945,40.77229309082031,107732800,0.0,0.0
2018-04-06 00:00:00-04:00,42.74250030517578,43.119998931884766,42.04999923706055,42.095001220703125,39.729400634765625,140021200,0.0,0.0
2018-04-09 00:00:00-04:00,42.470001220703125,43.272499084472656,42.462501525878906,42.51250076293945,40.12343215942383,116070800,0.0,0.0
2018-04-10 00:00:00-04:00,43.25,43.5,42.88249969482422,43.3125,40.87846374511719,113634400,0.0,0.0
2018-04-11 00:00:00-04:00,43.057498931884766,43.47999954223633,42.92499923706055,43.11000061035156,40.687355041503906,89726400,0.0,0.0
2018-04-12 00:00:00-04:00,43.352500915527344,43.75,43.2599983215332,43.53499984741211,41.08846664428711,91557200,0.0,0.0
2018-04-13 00:00:00-04:00,43.69499969482422,43.959999084472656,43.462501525878906,43.682498931884766,41.22766876220703,100497200,0.0,0.0
2018-04-16 00:00:00-04:00,43.75749969482422,44.04750061035156,43.70750045776367,43.95500183105469,41.484859466552734,86313600,0.0,0.0
2018-04-17 00:00:00-04:00,44.122501373291016,44.73500061035156,44.102500915527344,44.560001373291016,42.05586624145508,106421600,0.0,0.0
2018-04-18 00:00:00-04:00,44.45249938964844,44.70500183105469,44.220001220703125,44.459999084472656,41.961483001708984,83018000,0.0,0.0
2018-04-19 00:00:00-04:00,43.439998626708984,43.84749984741211,43.165000915527344,43.20000076293945,40.77229309082031,139235200,0.0,0.0
2018-04-20 00:00:00-04:00,42.650001525878906,42.80500030517578,41.35749816894531,41.43000030517578,39.10176467895508,261964400,0.0,0.0
2018-04-23 00:00:00-04:00,41.70750045776367,41.72999954223633,41.022499084472656,41.310001373291016,38.98849868774414,146062000,0.0,0.0
2018-04-24 00:00:00-04:00,41.41749954223633,41.58250045776367,40.30500030517578,40.73500061035156,38.44581604003906,134768000,0.0,0.0
2018-04-25 00:00:00-04:00,40.654998779296875,41.35499954223633,40.602500915527344,40.912498474121094,38.61334228515625,113528400,0.0,0.0
2018-04-26 00:00:00-04:00,41.029998779296875,41.432498931884766,40.842498779296875,41.05500030517578,38.74783706665039,111852000,0.0,0.0
2018-04-27 00:00:00-04:00,41.0,41.08250045776367,40.157501220703125,40.58000183105469,38.299522399902344,142623200,0.0,0.0
2018-04-30 00:00:00-04:00,40.532501220703125,41.814998626708984,40.459999084472656,41.314998626708984,38.99322509765625,169709600,0.0,0.0
2018-05-01 00:00:00-04:00,41.602500915527344,42.29999923706055,41.317501068115234,42.275001525878906,39.89927291870117,214277600,0.0,0.0
2018-05-02 00:00:00-04:00,43.807498931884766,44.4375,43.45000076293945,44.14250183105469,41.66183853149414,266157600,0.0,0.0
2018-05-03 00:00:00-04:00,43.970001220703125,44.375,43.61000061035156,44.22249984741211,41.737327575683594,136272800,0.0,0.0
2018-05-04 00:00:00-04:00,44.5625,46.0625,44.54249954223633,45.95750045776367,43.37483215332031,224805200,0.0,0.0
2018-05-07 00:00:00-04:00,46.29499816894531,46.91749954223633,46.1875,46.290000915527344,43.68864440917969,169805600,0.0,0.0
2018-05-08 00:00:00-04:00,46.247501373291016,46.55500030517578,45.91749954223633,46.51250076293945,43.89863967895508,113611200,0.0,0.0
2018-05-09 00:00:00-04:00,46.63750076293945,46.849998474121094,46.30500030517578,46.84000015258789,44.207733154296875,92844800,0.0,0.0
2018-05-10 00:00:00-04:00,46.935001373291016,47.592498779296875,46.912498474121094,47.5099983215332,44.840084075927734,111957200,0.0,0.0
2018-05-11 00:00:00-04:00,47.372501373291016,47.51499938964844,46.86249923706055,47.147499084472656,44.6695442199707,104848800,0.1825,0.0
2018-05-14 00:00:00-04:00,47.252498626708984,47.38249969482422,46.96500015258789,47.037498474121094,44.56532287597656,83115200,0.0,0.0
2018-05-15 00:00:00-04:00,46.69499969482422,46.76750183105469,46.275001525878906,46.61000061035156,44.16029357910156,94780800,0.0,0.0
2018-05-16 00:00:00-04:00,46.51750183105469,47.1150016784668,46.5,47.04499816894531,44.57243347167969,76732400,0.0,0.0
2018-05-17 00:00:00-04:00,47.0,47.227500915527344,46.59000015258789,46.747501373291016,44.29056930541992,69176000,0.0,0.0
2018-05-18 00:00:00-04:00,46.79750061035156,46.95249938964844,46.532501220703125,46.57749938964844,44.12949752807617,73190800,0.0,0.0
2018-05-21 00:00:00-04:00,47.0,47.317501068115234,46.727500915527344,46.907501220703125,44.44216537475586,73603200,0.0,0.0
2018-05-22 00:00:00-04:00,47.095001220703125,47.220001220703125,46.69499969482422,46.790000915527344,44.33083724975586,60962800,0.0,0.0
2018-05-23 00:00:00-04:00,46.587501525878906,47.125,46.439998626708984,47.09000015258789,44.61506652832031,80233600,0.0,0.0
2018-05-24 00:00:00-04:00,47.192501068115234,47.209999084472656,46.5525016784668,47.037498474121094,44.56532287597656,92936000,0.0,0.0
2018-05-25 00:00:00-04:00,47.057498931884766,47.412498474121094,46.912498474121094,47.14500045776367,44.667179107666016,69844000,0.0,0.0
2018-05-29 00:00:00-04:00,46.900001525878906,47.1875,46.717498779296875,46.974998474121094,44.506107330322266,90056400,0.0,0.0
2018-05-30 00:00:00-04:00,46.93000030517578,47.0,46.69499969482422,46.875,44.4113655090332,74762000,0.0,0.0
2018-05-31 00:00:00-04:00,46.80500030517578,47.057498931884766,46.53499984741211,46.717498779296875,44.26214599609375,109931200,0.0,0.0
2018-06-01 00:00:00-04:00,46.997501373291016,47.564998626708984,46.9375,47.560001373291016,45.060367584228516,93770000,0.0,0.0
2018-06-04 00:00:00-04:00,47.90999984741211,48.35499954223633,47.837501525878906,47.95750045776367,45.43696975708008,105064800,0.0,0.0
2018-06-05 00:00:00-04:00,48.26750183105469,48.48500061035156,48.09000015258789,48.32749938964844,45.78752136230469,86264000,0.0,0.0
2018-06-06 00:00:00-04:00,48.407501220703125,48.52000045776367,47.97999954223633,48.494998931884766,45.94622039794922,83734400,0.0,0.0
2018-06-07 00:00:00-04:00,48.53499984741211,48.54999923706055,48.084999084472656,48.3650016784668,45.82306671142578,85388800,0.0,0.0
2018-06-08 00:00:00-04:00,47.79249954223633,48.0,47.442501068115234,47.92499923706055,45.40617370605469,106627200,0.0,0.0
2018-06-11 00:00:00-04:00,47.837501525878906,47.99250030517578,47.5525016784668,47.807498931884766,45.29485321044922,73234000,0.0,0.0
2018-06-12 00:00:00-04:00,47.84749984741211,48.15250015258789,47.787498474121094,48.06999969482422,45.543556213378906,67644400,0.0,0.0
2018-06-13 00:00:00-04:00,48.10499954223633,48.220001220703125,47.61000061035156,47.67499923706055,45.16931915283203,86553600,0.0,0.0
2018-06-14 00:00:00-04:00,47.88750076293945,47.89250183105469,47.55500030517578,47.70000076293945,45.1930046081543,86440400,0.0,0.0
2018-06-15 00:00:00-04:00,47.50749969482422,47.540000915527344,47.064998626708984,47.209999084472656,44.72875213623047,246876800,0.0,0.0
2018-06-18 00:00:00-04:00,46.970001220703125,47.30500030517578,46.79999923706055,47.185001373291016,44.705074310302734,73939600,0.0,0.0
2018-06-19 00:00:00-04:00,46.28499984741211,46.58250045776367,45.86249923706055,46.42250061035156,43.98264694213867,134314000,0.0,0.0
2018-06-20 00:00:00-04:00,46.587501525878906,46.79999923706055,46.432498931884766,46.625,44.17450714111328,82514800,0.0,0.0
2018-06-21 00:00:00-04:00,46.8125,47.087501525878906,46.23500061035156,46.3650016784668,43.92816925048828,102847600,0.0,0.0
2018-06-22 00:00:00-04:00,46.529998779296875,46.537498474121094,46.17499923706055,46.22999954223633,43.80026626586914,108801600,0.0,0.0
2018-06-25 00:00:00-04:00,45.849998474121094,46.22999954223633,45.182498931884766,45.54249954223633,43.14889907836914,126652400,0.0,0.0
2018-06-26 00:00:00-04:00,45.747501373291016,46.63249969482422,45.6349983215332,46.10749816894531,43.6842041015625,98276800,0.0,0.0
2018-06-27 00:00:00-04:00,46.307498931884766,46.81999969482422,46.00749969482422,46.040000915527344,43.62024688720703,101141200,0.0,0.0
2018-06-28 00:00:00-04:00,46.025001525878906,46.5525016784668,45.95000076293945,46.375,43.937644958496094,69460800,0.0,0.0
2018-06-29 00:00:00-04:00,46.5724983215332,46.79750061035156,45.727500915527344,46.27750015258789,43.84526824951172,90950800,0.0,0.0
2018-07-02 00:00:00-04:00,45.95500183105469,46.82500076293945,45.85499954223633,46.79499816894531,44.335567474365234,70925200,0.0,0.0
2018-07-03 00:00:00-04:00,46.9474983215332,46.98749923706055,45.8849983215332,45.97999954223633,43.56340408325195,55819200,0.0,0.0
2018-07-05 00:00:00-04:00,46.314998626708984,46.602500915527344,46.06999969482422,46.349998474121094,43.91395568847656,66416800,0.0,0.0
2018-07-06 00:00:00-04:00,46.35499954223633,47.10749816894531,46.29999923706055,46.99250030517578,44.5226936340332,69940800,0.0,0.0
2018-07-09 00:00:00-04:00,47.375,47.66999816894531,47.32500076293945,47.64500045776367,45.140899658203125,79026400,0.0,0.0
2018-07-10 00:00:00-04:00,47.6775016784668,47.81999969482422,47.54499816894531,47.587501525878906,45.0864143371582,63756400,0.0,0.0
2018-07-11 00:00:00-04:00,47.125,47.44499969482422,46.90250015258789,46.970001220703125,44.50137710571289,75326000,0.0,0.0
2018-07-12 00:00:00-04:00,47.38249969482422,47.852500915527344,47.32749938964844,47.75749969482422,45.24748229980469,72164400,0.0,0.0
2018-07-13 00:00:00-04:00,47.77000045776367,47.959999084472656,47.724998474121094,47.83250045776367,45.31854248046875,50055600,0.0,0.0
2018-07-16 00:00:00-04:00,47.880001068115234,48.162498474121094,47.60499954223633,47.727500915527344,45.219058990478516,60172400,0.0,0.0
2018-07-17 00:00:00-04:00,47.4375,47.967498779296875,47.29999923706055,47.86249923706055,45.34696578979492,62138000,0.0,0.0
2018-07-18 00:00:00-04:00,47.94499969482422,47.95000076293945,47.48249816894531,47.599998474121094,45.09825897216797,65573600,0.0,0.0
2018-07-19 00:00:00-04:00,47.42250061035156,48.13750076293945,47.42250061035156,47.970001220703125,45.448822021484375,81147200,0.0,0.0
2018-07-20 00:00:00-04:00,47.94499969482422,48.10749816894531,47.54249954223633,47.86000061035156,45.344600677490234,82704800,0.0,0.0
2018-07-23 00:00:00-04:00,47.66999816894531,47.9900016784668,47.38999938964844,47.90250015258789,45.38486862182617,63957600,0.0,0.0
2018-07-24 00:00:00-04:00,48.11249923706055,48.415000915527344,48.01250076293945,48.25,45.7140998840332,74791600,0.0,0.0
2018-07-25 00:00:00-04:00,48.26499938964844,48.712501525878906,48.10749816894531,48.70500183105469,46.14518737792969,66839600,0.0,0.0
2018-07-26 00:00:00-04:00,48.65250015258789,48.9900016784668,48.40250015258789,48.5525016784668,46.00070571899414,76304000,0.0,0.0
2018-07-27 00:00:00-04:00,48.747501373291016,48.79750061035156,47.525001525878906,47.744998931884766,45.23563766479492,96096000,0.0,0.0
2018-07-30 00:00:00-04:00,47.974998474121094,48.04999923706055,47.26750183105469,47.477500915527344,44.982200622558594,84118000,0.0,0.0
2018-07-31 00:00:00-04:00,47.57500076293945,48.03499984741211,47.334999084472656,47.5724983215332,45.07221984863281,157492000,0.0,0.0
2018-08-01 00:00:00-04:00,49.782501220703125,50.439998626708984,49.32749938964844,50.375,47.72740936279297,271742800,0.0,0.0
2018-08-02 00:00:00-04:00,50.14500045776367,52.095001220703125,50.087501525878906,51.84749984741211,49.122528076171875,249616000,0.0,0.0
2018-08-03 00:00:00-04:00,51.75749969482422,52.185001373291016,51.369998931884766,51.997501373291016,49.26462936401367,133789600,0.0,0.0
2018-08-06 00:00:00-04:00,52.0,52.3125,51.76750183105469,52.26750183105469,49.520450592041016,101701600,0.0,0.0
2018-08-07 00:00:00-04:00,52.33000183105469,52.375,51.689998626708984,51.77750015258789,49.05620574951172,102349600,0.0,0.0
2018-08-08 00:00:00-04:00,51.51250076293945,51.95249938964844,51.130001068115234,51.8125,49.08936309814453,90102000,0.0,0.0
2018-08-09 00:00:00-04:00,52.38249969482422,52.44499969482422,51.79999923706055,52.220001220703125,49.47544860839844,93970400,0.0,0.0
2018-08-10 00:00:00-04:00,51.84000015258789,52.275001525878906,51.66749954223633,51.88249969482422,49.32807922363281,98444800,0.1825,0.0
2018-08-13 00:00:00-04:00,52.32749938964844,52.73749923706055,51.92499923706055,52.217498779296875,49.64658737182617,103563600,0.0,0.0
2018-08-14 00:00:00-04:00,52.540000915527344,52.63999938964844,52.064998626708984,52.4375,49.85575485229492,82992000,0.0,0.0
2018-08-15 00:00:00-04:00,52.30500030517578,52.685001373291016,52.08250045776367,52.560001373291016,49.97221755981445,115230400,0.0,0.0
2018-08-16 00:00:00-04:00,52.9375,53.45249938964844,52.86750030517578,53.33000183105469,50.704315185546875,114001600,0.0,0.0
2018-08-17 00:00:00-04:00,53.36000061035156,54.48749923706055,53.290000915527344,54.39500045776367,51.71687698364258,141708000,0.0,0.0
2018-08-20 00:00:00-04:00,54.525001525878906,54.79499816894531,53.77750015258789,53.8650016784668,51.21297073364258,121150800,0.0,0.0
2018-08-21 00:00:00-04:00,54.20000076293945,54.29750061035156,53.50749969482422,53.7599983215332,51.11314010620117,104639200,0.0,0.0
2018-08-22 00:00:00-04:00,53.525001525878906,54.09000015258789,53.459999084472656,53.76250076293945,51.115516662597656,76072400,0.0,0.0
2018-08-23 00:00:00-04:00,53.662498474121094,54.26250076293945,53.650001525878906,53.872501373291016,51.2201042175293,75532800,0.0,0.0
2018-08-24 00:00:00-04:00,54.150001525878906,54.224998474121094,53.77750015258789,54.040000915527344,51.37936019897461,73905600,0.0,0.0
2018-08-27 00:00:00-04:00,54.287498474121094,54.685001373291016,54.08250045776367,54.48500061035156,51.802452087402344,82100400,0.0,0.0
2018-08-28 00:00:00-04:00,54.752498626708984,55.1349983215332,54.72999954223633,54.92499923706055,52.220787048339844,91107200,0.0,0.0
2018-08-29 00:00:00-04:00,55.037498474121094,55.872501373291016,54.852500915527344,55.744998931884766,53.00040817260742,109019200,0.0,0.0
2018-08-30 00:00:00-04:00,55.8125,57.064998626708984,55.599998474121094,56.25749969482422,53.4876708984375,195175200,0.0,0.0
2018-08-31 00:00:00-04:00,56.627498626708984,57.217498779296875,56.5,56.907501220703125,54.105682373046875,173360400,0.0,0.0
2018-09-04 00:00:00-04:00,57.102500915527344,57.29499816894531,56.657501220703125,57.09000015258789,54.27918243408203,109560400,0.0,0.0
2018-09-05 00:00:00-04:00,57.247501373291016,57.41749954223633,56.275001525878906,56.717498779296875,53.92503356933594,133332000,0.0,0.0
2018-09-06 00:00:00-04:00,56.557498931884766,56.837501525878906,55.32500076293945,55.775001525878906,53.02893829345703,137160000,0.0,0.0
2018-09-07 00:00:00-04:00,55.462501525878906,56.342498779296875,55.1775016784668,55.32500076293945,52.601097106933594,150479200,0.0,0.0
2018-09-10 00:00:00-04:00,55.23749923706055,55.462501525878906,54.11750030517578,54.58250045776367,51.89514923095703,158066000,0.0,0.0
2018-09-11 00:00:00-04:00,54.502498626708984,56.07500076293945,54.13999938964844,55.962501525878906,53.20719909667969,142996000,0.0,0.0
2018-09-12 00:00:00-04:00,56.23500061035156,56.25,54.959999084472656,55.26750183105469,52.54642105102539,197114800,0.0,0.0
2018-09-13 00:00:00-04:00,55.880001068115234,57.087501525878906,55.64250183105469,56.602500915527344,53.81569290161133,166825600,0.0,0.0
2018-09-14 00:00:00-04:00,56.4375,56.709999084472656,55.630001068115234,55.959999084472656,53.2048225402832,127997200,0.0,0.0
2018-09-17 00:00:00-04:00,55.537498474121094,55.73749923706055,54.317501068115234,54.470001220703125,51.78818130493164,148780400,0.0,0.0
2018-09-18 00:00:00-04:00,54.4474983215332,55.462501525878906,54.279998779296875,54.560001373291016,51.87376022338867,126286800,0.0,0.0
2018-09-19 00:00:00-04:00,54.625,54.904998779296875,53.82500076293945,54.592498779296875,51.90464782714844,108495200,0.0,0.0
2018-09-20 00:00:00-04:00,55.060001373291016,55.56999969482422,54.787498474121094,55.00749969482422,52.299224853515625,106435200,0.0,0.0
2018-09-21 00:00:00-04:00,55.19499969482422,55.34000015258789,54.3224983215332,54.415000915527344,51.73588943481445,384986800,0.0,0.0
2018-09-24 00:00:00-04:00,54.20500183105469,55.314998626708984,54.157501220703125,55.1974983215332,52.479862213134766,110773600,0.0,0.0
2018-09-25 00:00:00-04:00,54.9375,55.70500183105469,54.92499923706055,55.54750061035156,52.81262969970703,98217600,0.0,0.0
2018-09-26 00:00:00-04:00,55.25,55.9375,54.939998626708984,55.10499954223633,52.39192581176758,95938800,0.0,0.0
2018-09-27 00:00:00-04:00,55.95500183105469,56.61000061035156,55.8849983215332,56.23749923706055,53.46866226196289,120724800,0.0,0.0
2018-09-28 00:00:00-04:00,56.1974983215332,56.459999084472656,56.005001068115234,56.435001373291016,53.656429290771484,91717600,0.0,0.0
2018-10-01 00:00:00-04:00,56.98749923706055,57.35499954223633,56.587501525878906,56.814998626708984,54.01773452758789,94403200,0.0,0.0
2018-10-02 00:00:00-04:00,56.8125,57.5,56.657501220703125,57.31999969482422,54.49785232543945,99152800,0.0,0.0
2018-10-03 00:00:00-04:00,57.51250076293945,58.36750030517578,57.44499969482422,58.01750183105469,55.16102981567383,114619200,0.0,0.0
2018-10-04 00:00:00-04:00,57.69499969482422,58.087501525878906,56.682498931884766,56.997501373291016,54.191246032714844,128168000,0.0,0.0
2018-10-05 00:00:00-04:00,56.9900016784668,57.102500915527344,55.14500045776367,56.0724983215332,53.311790466308594,134322000,0.0,0.0
2018-10-08 00:00:00-04:00,55.5525016784668,56.20000076293945,55.04999923706055,55.942501068115234,53.18818664550781,118655600,0.0,0.0
2018-10-09 00:00:00-04:00,55.90999984741211,56.817501068115234,55.5625,56.717498779296875,53.92503356933594,107564000,0.0,0.0
2018-10-10 00:00:00-04:00,56.3650016784668,56.587501525878906,54.01250076293945,54.09000015258789,51.42689514160156,167962400,0.0,0.0
2018-10-11 00:00:00-04:00,53.630001068115234,54.875,53.08000183105469,53.61249923706055,50.972900390625,212497600,0.0,0.0
2018-10-12 00:00:00-04:00,55.10499954223633,55.720001220703125,54.209999084472656,55.52750015258789,52.79362106323242,161351600,0.0,0.0
2018-10-15 00:00:00-04:00,55.290000915527344,55.45750045776367,54.317501068115234,54.34000015258789,51.66459274291992,123164000,0.0,0.0
2018-10-16 00:00:00-04:00,54.73249816894531,55.747501373291016,54.189998626708984,55.537498474121094,52.803123474121094,116736000,0.0,0.0
2018-10-17 00:00:00-04:00,55.57500076293945,55.65999984741211,54.834999084472656,55.29750061035156,52.5749397277832,91541600,0.0,0.0
2018-10-18 00:00:00-04:00,54.46500015258789,54.935001373291016,53.25,54.005001068115234,51.3460807800293,130325200,0.0,0.0
2018-10-19 00:00:00-04:00,54.51499938964844,55.314998626708984,54.35749816894531,54.82749938964844,52.12809753417969,132314800,0.0,0.0
2018-10-22 00:00:00-04:00,54.9474983215332,55.84000015258789,54.73500061035156,55.162498474121094,52.44658660888672,115168400,0.0,0.0
2018-10-23 00:00:00-04:00,53.95750045776367,55.8125,53.67499923706055,55.682498931884766,52.940982818603516,155071200,0.0,0.0
2018-10-24 00:00:00-04:00,55.650001525878906,56.057498931884766,53.6349983215332,53.772499084472656,51.12502670288086,163702000,0.0,0.0
2018-10-25 00:00:00-04:00,54.4275016784668,55.345001220703125,54.1875,54.95000076293945,52.24455642700195,119423200,0.0,0.0
2018-10-26 00:00:00-04:00,53.974998474121094,55.04750061035156,53.16749954223633,54.07500076293945,51.412635803222656,189033600,0.0,0.0
2018-10-29 00:00:00-04:00,54.79750061035156,54.92250061035156,51.522499084472656,53.060001373291016,50.44761657714844,183742000,0.0,0.0
2018-10-30 00:00:00-04:00,52.787498474121094,53.79499816894531,52.317501068115234,53.32500076293945,50.69955825805664,146640000,0.0,0.0
2018-10-31 00:00:00-04:00,54.220001220703125,55.11249923706055,54.154998779296875,54.71500015258789,52.0211181640625,153435600,0.0,0.0
2018-11-01 00:00:00-04:00,54.76250076293945,55.59000015258789,54.20249938964844,55.55500030517578,52.819766998291016,233292800,0.0,0.0
2018-11-02 00:00:00-04:00,52.38750076293945,53.412498474121094,51.35749816894531,51.869998931884766,49.31618881225586,365314800,0.0,0.0
2018-11-05 00:00:00-05:00,51.07500076293945,51.09749984741211,49.54249954223633,50.397499084472656,47.91619110107422,264654800,0.0,0.0
2018-11-06 00:00:00-05:00,50.47999954223633,51.18000030517578,50.42250061035156,50.942501068115234,48.43437194824219,127531600,0.0,0.0
2018-11-07 00:00:00-05:00,51.49250030517578,52.51499938964844,51.032501220703125,52.48749923706055,49.903289794921875,133697600,0.0,0.0
2018-11-08 00:00:00-05:00,52.494998931884766,52.529998779296875,51.6875,52.122501373291016,49.72917556762695,101450400,0.1825,0.0
2018-11-09 00:00:00-05:00,51.38750076293945,51.502498626708984,50.5625,51.11750030517578,48.77032470703125,137463200,0.0,0.0
2018-11-12 00:00:00-05:00,49.75,49.962501525878906,48.4474983215332,48.54249954223633,46.31355667114258,204542000,0.0,0.0
2018-11-13 00:00:00-05:00,47.907501220703125,49.29499816894531,47.86249923706055,48.057498931884766,45.850826263427734,187531600,0.0,0.0
2018-11-14 00:00:00-05:00,48.474998474121094,48.619998931884766,46.48249816894531,46.70000076293945,44.555660247802734,243204000,0.0,0.0
2018-11-15 00:00:00-05:00,47.09749984741211,47.99250030517578,46.724998474121094,47.852500915527344,45.655235290527344,185915200,0.0,0.0
2018-11-16 00:00:00-05:00,47.625,48.74250030517578,47.3650016784668,48.38249969482422,46.1609001159668,147713200,0.0,0.0
2018-11-19 00:00:00-05:00,47.5,47.67499923706055,46.247501373291016,46.46500015258789,44.33144760131836,167701200,0.0,0.0
2018-11-20 00:00:00-05:00,44.592498779296875,45.36750030517578,43.877498626708984,44.244998931884766,42.21338653564453,271300800,0.0,0.0
2018-11-21 00:00:00-05:00,44.932498931884766,45.067501068115234,44.13750076293945,44.19499969482422,42.16568374633789,124496800,0.0,0.0
2018-11-23 00:00:00-05:00,43.73500061035156,44.150001525878906,43.025001525878906,43.0724983215332,41.094722747802734,94496000,0.0,0.0
2018-11-26 00:00:00-05:00,43.560001373291016,43.73749923706055,42.564998626708984,43.654998779296875,41.65047836303711,179994000,0.0,0.0
2018-11-27 00:00:00-05:00,42.877498626708984,43.692501068115234,42.720001220703125,43.560001373291016,41.55984115600586,165549600,0.0,0.0
2018-11-28 00:00:00-05:00,44.182498931884766,45.3224983215332,43.73249816894531,45.23500061035156,43.157928466796875,184250000,0.0,0.0
2018-11-29 00:00:00-05:00,45.665000915527344,45.70000076293945,44.42499923706055,44.88750076293945,42.82638931274414,167080000,0.0,0.0
2018-11-30 00:00:00-05:00,45.0724983215332,45.08250045776367,44.25749969482422,44.64500045776367,42.59501647949219,158126000,0.0,0.0
2018-12-03 00:00:00-05:00,46.1150016784668,46.23500061035156,45.3025016784668,46.20500183105469,44.083396911621094,163210000,0.0,0.0
2018-12-04 00:00:00-05:00,45.23749923706055,45.59749984741211,44.067501068115234,44.17250061035156,42.14421463012695,165377200,0.0,0.0
2018-12-06 00:00:00-05:00,42.939998626708984,43.69499969482422,42.60499954223633,43.68000030517578,41.674339294433594,172393600,0.0,0.0
2018-12-07 00:00:00-05:00,43.372501373291016,43.622501373291016,42.07500076293945,42.122501373291016,40.18834686279297,169126400,0.0,0.0
2018-12-10 00:00:00-05:00,41.25,42.522499084472656,40.83250045776367,42.400001525878906,40.453102111816406,248104000,0.0,0.0
2018-12-11 00:00:00-05:00,42.915000915527344,42.9474983215332,41.75,42.157501220703125,40.22173309326172,189126800,0.0,0.0
2018-12-12 00:00:00-05:00,42.599998474121094,42.97999954223633,42.255001068115234,42.275001525878906,40.33385467529297,142510800,0.0,0.0
2018-12-13 00:00:00-05:00,42.622501373291016,43.14250183105469,42.38750076293945,42.73749923706055,40.77510452270508,127594400,0.0,0.0
2018-12-14 00:00:00-05:00,42.25,42.27000045776367,41.31999969482422,41.369998931884766,39.47040557861328,162814800,0.0,0.0
2018-12-17 00:00:00-05:00,41.36249923706055,42.087501525878906,40.682498931884766,40.98500061035156,39.10307693481445,177151600,0.0,0.0
2018-12-18 00:00:00-05:00,41.345001220703125,41.88249969482422,41.09749984741211,41.51750183105469,39.61112594604492,135366000,0.0,0.0
2018-12-19 00:00:00-05:00,41.5,41.86249923706055,39.772499084472656,40.22249984741211,38.375587463378906,196189200,0.0,0.0
2018-12-20 00:00:00-05:00,40.099998474121094,40.52750015258789,38.82500076293945,39.20750045776367,37.40719223022461,259092000,0.0,0.0
2018-12-21 00:00:00-05:00,39.21500015258789,39.540000915527344,37.407501220703125,37.682498931884766,35.95222473144531,382978400,0.0,0.0
2018-12-24 00:00:00-05:00,37.037498474121094,37.88750076293945,36.647499084472656,36.70750045776367,35.02198791503906,148676800,0.0,0.0
2018-12-26 00:00:00-05:00,37.07500076293945,39.307498931884766,36.68000030517578,39.29249954223633,37.4882926940918,234330000,0.0,0.0
2018-12-27 00:00:00-05:00,38.959999084472656,39.192501068115234,37.51750183105469,39.037498474121094,37.2449951171875,212468400,0.0,0.0
2018-12-28 00:00:00-05:00,39.375,39.630001068115234,38.63750076293945,39.057498931884766,37.26407241821289,169165600,0.0,0.0
2018-12-31 00:00:00-05:00,39.63249969482422,39.84000015258789,39.119998931884766,39.435001373291016,37.624244689941406,140014000,0.0,0.0
