Date,Open,High,Low,Close,Adj Close,Volume,Dividends,Stock Splits
2014-01-02 00:00:00-05:00,3.8499999046325684,3.9800000190734863,3.8399999141693115,3.950000047683716,3.950000047683716,20548400,0.0,0.0
2014-01-03 00:00:00-05:00,3.9800000190734863,4.0,3.880000114440918,4.0,4.0,22887200,0.0,0.0
2014-01-06 00:00:00-05:00,4.010000228881836,4.179999828338623,3.990000009536743,4.130000114440918,4.130000114440918,42398300,0.0,0.0
2014-01-07 00:00:00-05:00,4.190000057220459,4.25,4.110000133514404,4.179999828338623,4.179999828338623,42932100,0.0,0.0
2014-01-08 00:00:00-05:00,4.230000019073486,4.260000228881836,4.139999866485596,4.179999828338623,4.179999828338623,30678700,0.0,0.0
2014-01-09 00:00:00-05:00,4.199999809265137,4.230000019073486,4.050000190734863,4.090000152587891,4.090000152587891,30667600,0.0,0.0
2014-01-10 00:00:00-05:00,4.090000152587891,4.199999809265137,4.070000171661377,4.170000076293945,4.170000076293945,20840800,0.0,0.0
2014-01-13 00:00:00-05:00,4.190000057220459,4.199999809265137,4.090000152587891,4.130000114440918,4.130000114440918,22856100,0.0,0.0
2014-01-14 00:00:00-05:00,4.139999866485596,4.300000190734863,4.130000114440918,4.300000190734863,4.300000190734863,42434800,0.0,0.0
2014-01-15 00:00:00-05:00,4.340000152587891,4.599999904632568,4.320000171661377,4.46999979019165,4.46999979019165,66613100,0.0,0.0
2014-01-16 00:00:00-05:00,4.5,4.510000228881836,4.320000171661377,4.380000114440918,4.380000114440918,46975600,0.0,0.0
2014-01-17 00:00:00-05:00,4.150000095367432,4.349999904632568,4.110000133514404,4.179999828338623,4.179999828338623,45842700,0.0,0.0
2014-01-21 00:00:00-05:00,4.309999942779541,4.340000152587891,4.130000114440918,4.170000076293945,4.170000076293945,58702900,0.0,0.0
2014-01-22 00:00:00-05:00,3.7899999618530273,3.819999933242798,3.6600000858306885,3.6700000762939453,3.6700000762939453,86329500,0.0,0.0
2014-01-23 00:00:00-05:00,3.6700000762939453,3.680000066757202,3.5799999237060547,3.619999885559082,3.619999885559082,29844700,0.0,0.0
2014-01-24 00:00:00-05:00,3.5999999046325684,3.609999895095825,3.4100000858306885,3.4700000286102295,3.4700000286102295,48095800,0.0,0.0
2014-01-27 00:00:00-05:00,3.4800000190734863,3.490000009536743,3.3499999046325684,3.4100000858306885,3.4100000858306885,31332300,0.0,0.0
2014-01-28 00:00:00-05:00,3.430000066757202,3.569999933242798,3.4100000858306885,3.5399999618530273,3.5399999618530273,27962600,0.0,0.0
2014-01-29 00:00:00-05:00,3.5199999809265137,3.559999942779541,3.450000047683716,3.4800000190734863,3.4800000190734863,21765000,0.0,0.0
2014-01-30 00:00:00-05:00,3.509999990463257,3.5199999809265137,3.450000047683716,3.4800000190734863,3.4800000190734863,17111700,0.0,0.0
2014-01-31 00:00:00-05:00,3.450000047683716,3.4700000286102295,3.430000066757202,3.430000066757202,3.430000066757202,13602100,0.0,0.0
2014-02-03 00:00:00-05:00,3.430000066757202,3.440000057220459,3.3299999237060547,3.3299999237060547,3.3299999237060547,22280200,0.0,0.0
2014-02-04 00:00:00-05:00,3.3499999046325684,3.430000066757202,3.299999952316284,3.369999885559082,3.369999885559082,22681000,0.0,0.0
2014-02-05 00:00:00-05:00,3.359999895095825,3.369999885559082,3.2899999618530273,3.309999942779541,3.309999942779541,14858900,0.0,0.0
2014-02-06 00:00:00-05:00,3.319999933242798,3.4600000381469727,3.319999933242798,3.4100000858306885,3.4100000858306885,16072900,0.0,0.0
2014-02-07 00:00:00-05:00,3.4600000381469727,3.5,3.4200000762939453,3.4700000286102295,3.4700000286102295,23119700,0.0,0.0
2014-02-10 00:00:00-05:00,3.5,3.640000104904175,3.450000047683716,3.630000114440918,3.630000114440918,21241100,0.0,0.0
2014-02-11 00:00:00-05:00,3.6600000858306885,3.75,3.6500000953674316,3.700000047683716,3.700000047683716,34198100,0.0,0.0
2014-02-12 00:00:00-05:00,3.7100000381469727,3.7300000190734863,3.630000114440918,3.690000057220459,3.690000057220459,18321300,0.0,0.0
2014-02-13 00:00:00-05:00,3.640000104904175,3.7100000381469727,3.640000104904175,3.700000047683716,3.700000047683716,13368600,0.0,0.0
2014-02-14 00:00:00-05:00,3.700000047683716,3.7200000286102295,3.640000104904175,3.690000057220459,3.690000057220459,12387900,0.0,0.0
2014-02-18 00:00:00-05:00,3.690000057220459,3.7200000286102295,3.6500000953674316,3.700000047683716,3.700000047683716,11956700,0.0,0.0
2014-02-19 00:00:00-05:00,3.700000047683716,3.740000009536743,3.680000066757202,3.7200000286102295,3.7200000286102295,14175500,0.0,0.0
2014-02-20 00:00:00-05:00,3.7200000286102295,3.75,3.6600000858306885,3.690000057220459,3.690000057220459,13276100,0.0,0.0
2014-02-21 00:00:00-05:00,3.7100000381469727,3.75,3.6600000858306885,3.690000057220459,3.690000057220459,13606800,0.0,0.0
2014-02-24 00:00:00-05:00,3.7100000381469727,3.7300000190734863,3.700000047683716,3.7100000381469727,3.7100000381469727,10717900,0.0,0.0
2014-02-25 00:00:00-05:00,3.7300000190734863,3.740000009536743,3.6600000858306885,3.690000057220459,3.690000057220459,9173500,0.0,0.0
2014-02-26 00:00:00-05:00,3.700000047683716,3.7200000286102295,3.630000114440918,3.700000047683716,3.700000047683716,13211700,0.0,0.0
2014-02-27 00:00:00-05:00,3.690000057220459,3.7699999809265137,3.680000066757202,3.7100000381469727,3.7100000381469727,18218000,0.0,0.0
2014-02-28 00:00:00-05:00,3.7300000190734863,3.7699999809265137,3.700000047683716,3.7100000381469727,3.7100000381469727,14643200,0.0,0.0
2014-03-03 00:00:00-05:00,3.6600000858306885,3.700000047683716,3.5999999046325684,3.6700000762939453,3.6700000762939453,19555800,0.0,0.0
2014-03-04 00:00:00-05:00,3.700000047683716,3.7300000190734863,3.680000066757202,3.700000047683716,3.700000047683716,10516100,0.0,0.0
2014-03-05 00:00:00-05:00,3.700000047683716,3.7300000190734863,3.690000057220459,3.7100000381469727,3.7100000381469727,10740200,0.0,0.0
2014-03-06 00:00:00-05:00,3.7200000286102295,3.75,3.7100000381469727,3.7300000190734863,3.7300000190734863,10713000,0.0,0.0
2014-03-07 00:00:00-05:00,3.75,4.019999980926514,3.75,3.950000047683716,3.950000047683716,55435800,0.0,0.0
2014-03-10 00:00:00-04:00,4.039999961853027,4.059999942779541,3.799999952316284,3.809999942779541,3.809999942779541,42135800,0.0,0.0
2014-03-11 00:00:00-04:00,3.859999895095825,4.010000228881836,3.8299999237060547,3.8499999046325684,3.8499999046325684,34951400,0.0,0.0
2014-03-12 00:00:00-04:00,3.859999895095825,3.930000066757202,3.8499999046325684,3.9100000858306885,3.9100000858306885,14700500,0.0,0.0
2014-03-13 00:00:00-04:00,3.940000057220459,3.990000009536743,3.8399999141693115,3.859999895095825,3.859999895095825,19803000,0.0,0.0
2014-03-14 00:00:00-04:00,3.8399999141693115,3.9000000953674316,3.819999933242798,3.8499999046325684,3.8499999046325684,18161500,0.0,0.0
2014-03-17 00:00:00-04:00,3.880000114440918,3.9100000858306885,3.7799999713897705,3.799999952316284,3.799999952316284,20004100,0.0,0.0
2014-03-18 00:00:00-04:00,3.819999933242798,3.9100000858306885,3.809999942779541,3.890000104904175,3.890000104904175,15273700,0.0,0.0
2014-03-19 00:00:00-04:00,3.9100000858306885,4.0,3.9000000953674316,3.9800000190734863,3.9800000190734863,28516900,0.0,0.0
2014-03-20 00:00:00-04:00,3.9600000381469727,4.050000190734863,3.9000000953674316,4.050000190734863,4.050000190734863,23600600,0.0,0.0
2014-03-21 00:00:00-04:00,4.070000171661377,4.139999866485596,4.010000228881836,4.039999961853027,4.039999961853027,23871200,0.0,0.0
2014-03-24 00:00:00-04:00,4.050000190734863,4.139999866485596,3.9800000190734863,4.050000190734863,4.050000190734863,20669500,0.0,0.0
2014-03-25 00:00:00-04:00,4.090000152587891,4.119999885559082,4.019999980926514,4.050000190734863,4.050000190734863,14517000,0.0,0.0
2014-03-26 00:00:00-04:00,4.079999923706055,4.099999904632568,4.019999980926514,4.050000190734863,4.050000190734863,14799700,0.0,0.0
2014-03-27 00:00:00-04:00,3.990000009536743,4.070000171661377,3.869999885559082,3.9100000858306885,3.9100000858306885,24532000,0.0,0.0
2014-03-28 00:00:00-04:00,3.930000066757202,3.9700000286102295,3.869999885559082,3.880000114440918,3.880000114440918,13189200,0.0,0.0
2014-03-31 00:00:00-04:00,3.930000066757202,4.019999980926514,3.9000000953674316,4.010000228881836,4.010000228881836,15386000,0.0,0.0
2014-04-01 00:00:00-04:00,4.039999961853027,4.099999904632568,4.019999980926514,4.070000171661377,4.070000171661377,18778800,0.0,0.0
2014-04-02 00:00:00-04:00,4.119999885559082,4.119999885559082,4.059999942779541,4.059999942779541,4.059999942779541,14839500,0.0,0.0
2014-04-03 00:00:00-04:00,4.070000171661377,4.099999904632568,3.9700000286102295,4.0,4.0,16802300,0.0,0.0
2014-04-04 00:00:00-04:00,4.03000020980835,4.110000133514404,3.9200000762939453,4.010000228881836,4.010000228881836,23427000,0.0,0.0
2014-04-07 00:00:00-04:00,3.9800000190734863,3.990000009536743,3.8299999237060547,3.880000114440918,3.880000114440918,24874600,0.0,0.0
2014-04-08 00:00:00-04:00,3.890000104904175,4.0,3.8299999237060547,3.990000009536743,3.990000009536743,17339100,0.0,0.0
2014-04-09 00:00:00-04:00,4.010000228881836,4.019999980926514,3.950000047683716,3.9800000190734863,3.9800000190734863,11270300,0.0,0.0
2014-04-10 00:00:00-04:00,3.9700000286102295,4.010000228881836,3.8399999141693115,3.8499999046325684,3.8499999046325684,21364300,0.0,0.0
2014-04-11 00:00:00-04:00,3.819999933242798,3.8499999046325684,3.6500000953674316,3.6500000953674316,3.6500000953674316,34428800,0.0,0.0
2014-04-14 00:00:00-04:00,3.7200000286102295,3.7799999713897705,3.6500000953674316,3.7100000381469727,3.7100000381469727,22735100,0.0,0.0
2014-04-15 00:00:00-04:00,3.740000009536743,3.819999933242798,3.7200000286102295,3.7899999618530273,3.7899999618530273,21754300,0.0,0.0
2014-04-16 00:00:00-04:00,3.809999942779541,3.8299999237060547,3.7300000190734863,3.759999990463257,3.759999990463257,18173300,0.0,0.0
2014-04-17 00:00:00-04:00,3.7799999713897705,3.799999952316284,3.690000057220459,3.690000057220459,3.690000057220459,32048100,0.0,0.0
2014-04-21 00:00:00-04:00,4.010000228881836,4.199999809265137,3.9600000381469727,4.119999885559082,4.119999885559082,102651500,0.0,0.0
2014-04-22 00:00:00-04:00,4.130000114440918,4.309999942779541,4.110000133514404,4.300000190734863,4.300000190734863,52806800,0.0,0.0
2014-04-23 00:00:00-04:00,4.28000020980835,4.300000190734863,4.159999847412109,4.25,4.25,29136300,0.0,0.0
2014-04-24 00:00:00-04:00,4.269999980926514,4.349999904632568,4.199999809265137,4.28000020980835,4.28000020980835,27532800,0.0,0.0
2014-04-25 00:00:00-04:00,4.21999979019165,4.260000228881836,4.039999961853027,4.050000190734863,4.050000190734863,37810200,0.0,0.0
2014-04-28 00:00:00-04:00,4.090000152587891,4.119999885559082,3.869999885559082,3.9600000381469727,3.9600000381469727,31737100,0.0,0.0
2014-04-29 00:00:00-04:00,4.019999980926514,4.03000020980835,3.9600000381469727,4.03000020980835,4.03000020980835,14582900,0.0,0.0
2014-04-30 00:00:00-04:00,4.0,4.099999904632568,3.990000009536743,4.090000152587891,4.090000152587891,18419200,0.0,0.0
2014-05-01 00:00:00-04:00,4.130000114440918,4.239999771118164,4.099999904632568,4.199999809265137,4.199999809265137,37807300,0.0,0.0
2014-05-02 00:00:00-04:00,4.170000076293945,4.199999809265137,4.099999904632568,4.119999885559082,4.119999885559082,14479700,0.0,0.0
2014-05-05 00:00:00-04:00,4.099999904632568,4.139999866485596,4.059999942779541,4.090000152587891,4.090000152587891,9015400,0.0,0.0
2014-05-06 00:00:00-04:00,4.059999942779541,4.130000114440918,3.9800000190734863,4.010000228881836,4.010000228881836,17929300,0.0,0.0
2014-05-07 00:00:00-04:00,4.039999961853027,4.039999961853027,3.890000104904175,3.9700000286102295,3.9700000286102295,22374700,0.0,0.0
2014-05-08 00:00:00-04:00,3.950000047683716,4.03000020980835,3.9100000858306885,3.930000066757202,3.930000066757202,14550200,0.0,0.0
2014-05-09 00:00:00-04:00,3.9100000858306885,3.930000066757202,3.8499999046325684,3.869999885559082,3.869999885559082,15982900,0.0,0.0
2014-05-12 00:00:00-04:00,3.869999885559082,4.0,3.859999895095825,3.9700000286102295,3.9700000286102295,14785500,0.0,0.0
2014-05-13 00:00:00-04:00,3.990000009536743,4.090000152587891,3.9800000190734863,4.03000020980835,4.03000020980835,11224000,0.0,0.0
2014-05-14 00:00:00-04:00,4.03000020980835,4.059999942779541,3.9800000190734863,3.9800000190734863,3.9800000190734863,10349600,0.0,0.0
2014-05-15 00:00:00-04:00,3.9600000381469727,3.9800000190734863,3.890000104904175,3.9600000381469727,3.9600000381469727,18000900,0.0,0.0
2014-05-16 00:00:00-04:00,3.950000047683716,4.050000190734863,3.9100000858306885,4.019999980926514,4.019999980926514,17166600,0.0,0.0
2014-05-19 00:00:00-04:00,4.0,4.099999904632568,3.9600000381469727,4.090000152587891,4.090000152587891,18171000,0.0,0.0
2014-05-20 00:00:00-04:00,4.090000152587891,4.110000133514404,4.0,4.050000190734863,4.050000190734863,15647500,0.0,0.0
2014-05-21 00:00:00-04:00,4.059999942779541,4.099999904632568,4.050000190734863,4.099999904632568,4.099999904632568,13369500,0.0,0.0
2014-05-22 00:00:00-04:00,4.090000152587891,4.090000152587891,4.010000228881836,4.010000228881836,4.010000228881836,11903100,0.0,0.0
2014-05-23 00:00:00-04:00,4.03000020980835,4.059999942779541,3.9700000286102295,4.019999980926514,4.019999980926514,9831100,0.0,0.0
2014-05-27 00:00:00-04:00,4.050000190734863,4.059999942779541,4.03000020980835,4.039999961853027,4.039999961853027,6922800,0.0,0.0
2014-05-28 00:00:00-04:00,4.039999961853027,4.059999942779541,3.990000009536743,4.0,4.0,12293800,0.0,0.0
2014-05-29 00:00:00-04:00,4.019999980926514,4.059999942779541,4.010000228881836,4.03000020980835,4.03000020980835,8876700,0.0,0.0
2014-05-30 00:00:00-04:00,4.019999980926514,4.03000020980835,3.9800000190734863,4.0,4.0,10030600,0.0,0.0
2014-06-02 00:00:00-04:00,4.03000020980835,4.03000020980835,3.940000057220459,3.9700000286102295,3.9700000286102295,10859500,0.0,0.0
2014-06-03 00:00:00-04:00,3.9600000381469727,3.9800000190734863,3.9200000762939453,3.940000057220459,3.940000057220459,10858800,0.0,0.0
2014-06-04 00:00:00-04:00,3.930000066757202,4.050000190734863,3.930000066757202,4.039999961853027,4.039999961853027,13286000,0.0,0.0
2014-06-05 00:00:00-04:00,4.039999961853027,4.090000152587891,4.019999980926514,4.079999923706055,4.079999923706055,13723800,0.0,0.0
2014-06-06 00:00:00-04:00,4.090000152587891,4.110000133514404,4.059999942779541,4.059999942779541,4.059999942779541,8466000,0.0,0.0
2014-06-09 00:00:00-04:00,4.050000190734863,4.099999904632568,4.039999961853027,4.070000171661377,4.070000171661377,7597200,0.0,0.0
2014-06-10 00:00:00-04:00,4.099999904632568,4.230000019073486,4.099999904632568,4.199999809265137,4.199999809265137,28322100,0.0,0.0
2014-06-11 00:00:00-04:00,4.179999828338623,4.300000190734863,4.170000076293945,4.289999961853027,4.289999961853027,20596200,0.0,0.0
2014-06-12 00:00:00-04:00,4.329999923706055,4.440000057220459,4.28000020980835,4.289999961853027,4.289999961853027,26709500,0.0,0.0
2014-06-13 00:00:00-04:00,4.360000133514404,4.389999866485596,4.239999771118164,4.28000020980835,4.28000020980835,17734600,0.0,0.0
2014-06-16 00:00:00-04:00,4.260000228881836,4.440000057220459,4.260000228881836,4.440000057220459,4.440000057220459,26192800,0.0,0.0
2014-06-17 00:00:00-04:00,4.409999847412109,4.5,4.409999847412109,4.46999979019165,4.46999979019165,19445000,0.0,0.0
2014-06-18 00:00:00-04:00,4.5,4.5,4.349999904632568,4.400000095367432,4.400000095367432,14702400,0.0,0.0
2014-06-19 00:00:00-04:00,4.420000076293945,4.449999809265137,4.329999923706055,4.360000133514404,4.360000133514404,10880500,0.0,0.0
2014-06-20 00:00:00-04:00,4.340000152587891,4.369999885559082,4.070000171661377,4.099999904632568,4.099999904632568,54721600,0.0,0.0
2014-06-23 00:00:00-04:00,4.059999942779541,4.079999923706055,3.9000000953674316,4.010000228881836,4.010000228881836,49634100,0.0,0.0
2014-06-24 00:00:00-04:00,4.010000228881836,4.070000171661377,3.930000066757202,3.940000057220459,3.940000057220459,20402400,0.0,0.0
2014-06-25 00:00:00-04:00,3.950000047683716,4.0,3.940000057220459,3.9600000381469727,3.9600000381469727,13844700,0.0,0.0
2014-06-26 00:00:00-04:00,3.950000047683716,4.090000152587891,3.940000057220459,4.03000020980835,4.03000020980835,21640500,0.0,0.0
2014-06-27 00:00:00-04:00,4.059999942779541,4.110000133514404,4.039999961853027,4.110000133514404,4.110000133514404,16034600,0.0,0.0
2014-06-30 00:00:00-04:00,4.119999885559082,4.25,4.079999923706055,4.190000057220459,4.190000057220459,25850200,0.0,0.0
2014-07-01 00:00:00-04:00,4.210000038146973,4.260000228881836,4.170000076293945,4.21999979019165,4.21999979019165,29412600,0.0,0.0
2014-07-02 00:00:00-04:00,4.230000019073486,4.349999904632568,4.21999979019165,4.340000152587891,4.340000152587891,20486500,0.0,0.0
2014-07-03 00:00:00-04:00,4.360000133514404,4.400000095367432,4.139999866485596,4.239999771118164,4.239999771118164,22521700,0.0,0.0
2014-07-07 00:00:00-04:00,4.230000019073486,4.309999942779541,4.210000038146973,4.260000228881836,4.260000228881836,21165500,0.0,0.0
2014-07-08 00:00:00-04:00,4.25,4.300000190734863,4.099999904632568,4.21999979019165,4.21999979019165,41685800,0.0,0.0
2014-07-09 00:00:00-04:00,4.210000038146973,4.289999961853027,4.199999809265137,4.230000019073486,4.230000019073486,18462200,0.0,0.0
2014-07-10 00:00:00-04:00,4.179999828338623,4.360000133514404,4.139999866485596,4.289999961853027,4.289999961853027,39245000,0.0,0.0
2014-07-11 00:00:00-04:00,4.300000190734863,4.400000095367432,4.289999961853027,4.369999885559082,4.369999885559082,22425600,0.0,0.0
2014-07-14 00:00:00-04:00,4.440000057220459,4.650000095367432,4.389999866485596,4.639999866485596,4.639999866485596,73046000,0.0,0.0
2014-07-15 00:00:00-04:00,4.630000114440918,4.800000190734863,4.409999847412109,4.53000020980835,4.53000020980835,156113700,0.0,0.0
2014-07-16 00:00:00-04:00,4.599999904632568,4.769999980926514,4.570000171661377,4.659999847412109,4.659999847412109,61848100,0.0,0.0
2014-07-17 00:00:00-04:00,4.659999847412109,4.679999828338623,4.5,4.570000171661377,4.570000171661377,51309800,0.0,0.0
2014-07-18 00:00:00-04:00,3.7300000190734863,3.8399999141693115,3.6700000762939453,3.8299999237060547,3.8299999237060547,137577700,0.0,0.0
2014-07-21 00:00:00-04:00,3.859999895095825,3.869999885559082,3.75,3.7799999713897705,3.7799999713897705,34219100,0.0,0.0
2014-07-22 00:00:00-04:00,3.819999933242798,3.859999895095825,3.7799999713897705,3.799999952316284,3.799999952316284,34004800,0.0,0.0
2014-07-23 00:00:00-04:00,3.819999933242798,3.8299999237060547,3.75,3.759999990463257,3.759999990463257,31748200,0.0,0.0
2014-07-24 00:00:00-04:00,3.75,3.799999952316284,3.7100000381469727,3.7300000190734863,3.7300000190734863,27967600,0.0,0.0
2014-07-25 00:00:00-04:00,3.7300000190734863,3.7899999618530273,3.690000057220459,3.759999990463257,3.759999990463257,31793700,0.0,0.0
2014-07-28 00:00:00-04:00,3.7699999809265137,3.7799999713897705,3.680000066757202,3.7300000190734863,3.7300000190734863,31443400,0.0,0.0
2014-07-29 00:00:00-04:00,3.740000009536743,3.8399999141693115,3.7300000190734863,3.7899999618530273,3.7899999618530273,36157400,0.0,0.0
2014-07-30 00:00:00-04:00,3.819999933242798,3.880000114440918,3.7699999809265137,3.819999933242798,3.819999933242798,42981200,0.0,0.0
2014-07-31 00:00:00-04:00,3.799999952316284,3.990000009536743,3.7799999713897705,3.9100000858306885,3.9100000858306885,112162900,0.0,0.0
2014-08-01 00:00:00-04:00,3.9100000858306885,4.010000228881836,3.869999885559082,3.9700000286102295,3.9700000286102295,33710000,0.0,0.0
2014-08-04 00:00:00-04:00,3.9700000286102295,4.019999980926514,3.930000066757202,4.0,4.0,21493200,0.0,0.0
2014-08-05 00:00:00-04:00,3.990000009536743,4.110000133514404,3.9700000286102295,4.079999923706055,4.079999923706055,40330600,0.0,0.0
2014-08-06 00:00:00-04:00,4.059999942779541,4.139999866485596,4.03000020980835,4.119999885559082,4.119999885559082,16271200,0.0,0.0
2014-08-07 00:00:00-04:00,4.139999866485596,4.199999809265137,4.070000171661377,4.099999904632568,4.099999904632568,32712300,0.0,0.0
2014-08-08 00:00:00-04:00,4.099999904632568,4.150000095367432,4.050000190734863,4.119999885559082,4.119999885559082,27166900,0.0,0.0
2014-08-11 00:00:00-04:00,4.03000020980835,4.190000057220459,3.990000009536743,4.139999866485596,4.139999866485596,29560500,0.0,0.0
2014-08-12 00:00:00-04:00,4.119999885559082,4.139999866485596,4.079999923706055,4.079999923706055,4.079999923706055,27369900,0.0,0.0
2014-08-13 00:00:00-04:00,4.079999923706055,4.150000095367432,4.03000020980835,4.110000133514404,4.110000133514404,30396800,0.0,0.0
2014-08-14 00:00:00-04:00,4.099999904632568,4.170000076293945,4.079999923706055,4.079999923706055,4.079999923706055,26148100,0.0,0.0
2014-08-15 00:00:00-04:00,4.119999885559082,4.139999866485596,4.070000171661377,4.130000114440918,4.130000114440918,33349200,0.0,0.0
2014-08-18 00:00:00-04:00,4.139999866485596,4.21999979019165,4.139999866485596,4.210000038146973,4.210000038146973,45381300,0.0,0.0
2014-08-19 00:00:00-04:00,4.199999809265137,4.300000190734863,4.199999809265137,4.269999980926514,4.269999980926514,23222100,0.0,0.0
2014-08-20 00:00:00-04:00,4.25,4.320000171661377,4.21999979019165,4.28000020980835,4.28000020980835,11986600,0.0,0.0
2014-08-21 00:00:00-04:00,4.289999961853027,4.289999961853027,4.210000038146973,4.239999771118164,4.239999771118164,11939800,0.0,0.0
2014-08-22 00:00:00-04:00,4.21999979019165,4.28000020980835,4.210000038146973,4.25,4.25,8364700,0.0,0.0
2014-08-25 00:00:00-04:00,4.269999980926514,4.269999980926514,4.179999828338623,4.179999828338623,4.179999828338623,8998200,0.0,0.0
2014-08-26 00:00:00-04:00,4.170000076293945,4.21999979019165,4.130000114440918,4.190000057220459,4.190000057220459,9183900,0.0,0.0
2014-08-27 00:00:00-04:00,4.199999809265137,4.210000038146973,4.150000095367432,4.159999847412109,4.159999847412109,7304400,0.0,0.0
2014-08-28 00:00:00-04:00,4.139999866485596,4.190000057220459,4.070000171661377,4.139999866485596,4.139999866485596,10331400,0.0,0.0
2014-08-29 00:00:00-04:00,4.150000095367432,4.190000057220459,4.139999866485596,4.170000076293945,4.170000076293945,7347200,0.0,0.0
2014-09-02 00:00:00-04:00,4.159999847412109,4.25,4.150000095367432,4.159999847412109,4.159999847412109,12603300,0.0,0.0
2014-09-03 00:00:00-04:00,4.170000076293945,4.230000019073486,4.170000076293945,4.190000057220459,4.190000057220459,9600600,0.0,0.0
2014-09-04 00:00:00-04:00,4.179999828338623,4.25,4.150000095367432,4.150000095367432,4.150000095367432,12791400,0.0,0.0
2014-09-05 00:00:00-04:00,4.170000076293945,4.190000057220459,4.150000095367432,4.150000095367432,4.150000095367432,6630200,0.0,0.0
2014-09-08 00:00:00-04:00,4.130000114440918,4.179999828338623,4.099999904632568,4.130000114440918,4.130000114440918,8396200,0.0,0.0
2014-09-09 00:00:00-04:00,4.150000095367432,4.159999847412109,4.079999923706055,4.079999923706055,4.079999923706055,8964800,0.0,0.0
2014-09-10 00:00:00-04:00,4.079999923706055,4.110000133514404,4.010000228881836,4.079999923706055,4.079999923706055,13276800,0.0,0.0
2014-09-11 00:00:00-04:00,4.03000020980835,4.079999923706055,4.019999980926514,4.079999923706055,4.079999923706055,8086800,0.0,0.0
2014-09-12 00:00:00-04:00,4.059999942779541,4.110000133514404,3.9600000381469727,3.9600000381469727,3.9600000381469727,14123900,0.0,0.0
2014-09-15 00:00:00-04:00,3.9800000190734863,4.019999980926514,3.9000000953674316,3.9100000858306885,3.9100000858306885,18257000,0.0,0.0
2014-09-16 00:00:00-04:00,3.890000104904175,3.9000000953674316,3.799999952316284,3.809999942779541,3.809999942779541,40156400,0.0,0.0
2014-09-17 00:00:00-04:00,3.819999933242798,3.880000114440918,3.799999952316284,3.819999933242798,3.819999933242798,24894600,0.0,0.0
2014-09-18 00:00:00-04:00,3.880000114440918,3.940000057220459,3.700000047683716,3.880000114440918,3.880000114440918,16141400,0.0,0.0
2014-09-19 00:00:00-04:00,3.930000066757202,3.940000057220459,3.809999942779541,3.809999942779541,3.809999942779541,23030000,0.0,0.0
2014-09-22 00:00:00-04:00,3.809999942779541,3.8299999237060547,3.75,3.759999990463257,3.759999990463257,14201400,0.0,0.0
2014-09-23 00:00:00-04:00,3.759999990463257,3.7899999618530273,3.690000057220459,3.690000057220459,3.690000057220459,16282500,0.0,0.0
2014-09-24 00:00:00-04:00,3.7100000381469727,3.75,3.690000057220459,3.700000047683716,3.700000047683716,11792600,0.0,0.0
2014-09-25 00:00:00-04:00,3.700000047683716,3.7200000286102295,3.5999999046325684,3.630000114440918,3.630000114440918,17556500,0.0,0.0
2014-09-26 00:00:00-04:00,3.630000114440918,3.6700000762939453,3.5999999046325684,3.5999999046325684,3.5999999046325684,12976300,0.0,0.0
2014-09-29 00:00:00-04:00,3.559999942779541,3.6600000858306885,3.5399999618530273,3.549999952316284,3.549999952316284,26857600,0.0,0.0
2014-09-30 00:00:00-04:00,3.559999942779541,3.5799999237060547,3.4000000953674316,3.4100000858306885,3.4100000858306885,55952200,0.0,0.0
2014-10-01 00:00:00-04:00,3.390000104904175,3.4200000762939453,3.299999952316284,3.3499999046325684,3.3499999046325684,33645900,0.0,0.0
2014-10-02 00:00:00-04:00,3.369999885559082,3.440000057220459,3.2799999713897705,3.390000104904175,3.390000104904175,27904500,0.0,0.0
2014-10-03 00:00:00-04:00,3.430000066757202,3.4600000381469727,3.369999885559082,3.4000000953674316,3.4000000953674316,16797000,0.0,0.0
2014-10-06 00:00:00-04:00,3.4200000762939453,3.440000057220459,3.299999952316284,3.359999895095825,3.359999895095825,17864800,0.0,0.0
2014-10-07 00:00:00-04:00,3.3499999046325684,3.380000114440918,3.2799999713897705,3.2799999713897705,3.2799999713897705,17720600,0.0,0.0
2014-10-08 00:00:00-04:00,3.299999952316284,3.309999942779541,3.180000066757202,3.2799999713897705,3.2799999713897705,28000000,0.0,0.0
2014-10-09 00:00:00-04:00,3.0299999713897705,3.200000047683716,2.940000057220459,2.950000047683716,2.950000047683716,69528900,0.0,0.0
2014-10-10 00:00:00-04:00,2.950000047683716,2.950000047683716,2.7100000381469727,2.7200000286102295,2.7200000286102295,41062500,0.0,0.0
2014-10-13 00:00:00-04:00,2.7799999713897705,2.8499999046325684,2.7300000190734863,2.740000009536743,2.740000009536743,38269400,0.0,0.0
2014-10-14 00:00:00-04:00,2.609999895095825,2.75,2.5999999046325684,2.619999885559082,2.619999885559082,39964200,0.0,0.0
2014-10-15 00:00:00-04:00,2.619999885559082,2.7100000381469727,2.5399999618530273,2.609999895095825,2.609999895095825,36924600,0.0,0.0
2014-10-16 00:00:00-04:00,2.559999942779541,2.7200000286102295,2.5399999618530273,2.640000104904175,2.640000104904175,38795400,0.0,0.0
2014-10-17 00:00:00-04:00,2.6700000762939453,2.859999895095825,2.6600000858306885,2.7200000286102295,2.7200000286102295,75956600,0.0,0.0
2014-10-20 00:00:00-04:00,2.7899999618530273,2.799999952316284,2.5999999046325684,2.6700000762939453,2.6700000762939453,28711000,0.0,0.0
2014-10-21 00:00:00-04:00,2.700000047683716,2.7799999713897705,2.680000066757202,2.7699999809265137,2.7699999809265137,24033800,0.0,0.0
2014-10-22 00:00:00-04:00,2.7899999618530273,2.799999952316284,2.640000104904175,2.640000104904175,2.640000104904175,23034800,0.0,0.0
2014-10-23 00:00:00-04:00,2.680000066757202,2.7100000381469727,2.6500000953674316,2.690000057220459,2.690000057220459,23731000,0.0,0.0
2014-10-24 00:00:00-04:00,2.690000057220459,2.7300000190734863,2.6700000762939453,2.680000066757202,2.680000066757202,11945800,0.0,0.0
2014-10-27 00:00:00-04:00,2.680000066757202,2.7100000381469727,2.6500000953674316,2.6600000858306885,2.6600000858306885,13307500,0.0,0.0
2014-10-28 00:00:00-04:00,2.690000057220459,2.7699999809265137,2.6700000762939453,2.7200000286102295,2.7200000286102295,22878300,0.0,0.0
2014-10-29 00:00:00-04:00,2.75,2.809999942779541,2.7300000190734863,2.7699999809265137,2.7699999809265137,15600900,0.0,0.0
2014-10-30 00:00:00-04:00,2.7899999618530273,2.7899999618530273,2.700000047683716,2.75,2.75,13026100,0.0,0.0
2014-10-31 00:00:00-04:00,2.7899999618530273,2.8299999237060547,2.75,2.799999952316284,2.799999952316284,14704800,0.0,0.0
2014-11-03 00:00:00-05:00,2.809999942779541,2.9000000953674316,2.809999942779541,2.869999885559082,2.869999885559082,11733600,0.0,0.0
2014-11-04 00:00:00-05:00,2.9000000953674316,2.9100000858306885,2.75,2.8299999237060547,2.8299999237060547,12524300,0.0,0.0
2014-11-05 00:00:00-05:00,2.8499999046325684,2.869999885559082,2.7699999809265137,2.799999952316284,2.799999952316284,9635100,0.0,0.0
2014-11-06 00:00:00-05:00,2.7799999713897705,2.799999952316284,2.75,2.759999990463257,2.759999990463257,8932900,0.0,0.0
2014-11-07 00:00:00-05:00,2.7699999809265137,2.799999952316284,2.759999990463257,2.7799999713897705,2.7799999713897705,7293800,0.0,0.0
2014-11-10 00:00:00-05:00,2.7799999713897705,2.809999942779541,2.75,2.759999990463257,2.759999990463257,12593100,0.0,0.0
2014-11-11 00:00:00-05:00,2.7799999713897705,2.7899999618530273,2.7200000286102295,2.7300000190734863,2.7300000190734863,8113500,0.0,0.0
2014-11-12 00:00:00-05:00,2.7300000190734863,2.75,2.6500000953674316,2.7100000381469727,2.7100000381469727,15875400,0.0,0.0
2014-11-13 00:00:00-05:00,2.7100000381469727,2.740000009536743,2.6500000953674316,2.6600000858306885,2.6600000858306885,10915400,0.0,0.0
2014-11-14 00:00:00-05:00,2.680000066757202,2.700000047683716,2.609999895095825,2.609999895095825,2.609999895095825,12373000,0.0,0.0
2014-11-17 00:00:00-05:00,2.619999885559082,2.690000057220459,2.609999895095825,2.6700000762939453,2.6700000762939453,12593800,0.0,0.0
2014-11-18 00:00:00-05:00,2.690000057220459,2.7300000190734863,2.630000114440918,2.6500000953674316,2.6500000953674316,14967800,0.0,0.0
2014-11-19 00:00:00-05:00,2.680000066757202,2.680000066757202,2.609999895095825,2.630000114440918,2.630000114440918,10323300,0.0,0.0
2014-11-20 00:00:00-05:00,2.5999999046325684,2.7200000286102295,2.5899999141693115,2.690000057220459,2.690000057220459,15043900,0.0,0.0
2014-11-21 00:00:00-05:00,2.7200000286102295,2.7699999809265137,2.7100000381469727,2.7699999809265137,2.7699999809265137,11311600,0.0,0.0
2014-11-24 00:00:00-05:00,2.799999952316284,2.8499999046325684,2.799999952316284,2.8299999237060547,2.8299999237060547,12293900,0.0,0.0
2014-11-25 00:00:00-05:00,2.8399999141693115,2.859999895095825,2.759999990463257,2.8299999237060547,2.8299999237060547,11073600,0.0,0.0
2014-11-26 00:00:00-05:00,2.809999942779541,2.8399999141693115,2.799999952316284,2.8399999141693115,2.8399999141693115,10553500,0.0,0.0
2014-11-28 00:00:00-05:00,2.8499999046325684,2.8499999046325684,2.7699999809265137,2.7899999618530273,2.7899999618530273,5665000,0.0,0.0
2014-12-01 00:00:00-05:00,2.7699999809265137,2.7899999618530273,2.640000104904175,2.6700000762939453,2.6700000762939453,16025100,0.0,0.0
2014-12-02 00:00:00-05:00,2.690000057220459,2.7100000381469727,2.609999895095825,2.680000066757202,2.680000066757202,12438800,0.0,0.0
2014-12-03 00:00:00-05:00,2.7100000381469727,2.819999933242798,2.690000057220459,2.740000009536743,2.740000009536743,18256500,0.0,0.0
2014-12-04 00:00:00-05:00,2.75,2.75,2.6600000858306885,2.690000057220459,2.690000057220459,14513400,0.0,0.0
2014-12-05 00:00:00-05:00,2.690000057220459,2.700000047683716,2.6600000858306885,2.6600000858306885,2.6600000858306885,9479300,0.0,0.0
2014-12-08 00:00:00-05:00,2.6500000953674316,2.680000066757202,2.5199999809265137,2.5799999237060547,2.5799999237060547,25402100,0.0,0.0
2014-12-09 00:00:00-05:00,2.549999952316284,2.5899999141693115,2.490000009536743,2.5899999141693115,2.5899999141693115,22914800,0.0,0.0
2014-12-10 00:00:00-05:00,2.5799999237060547,2.5799999237060547,2.4600000381469727,2.4800000190734863,2.4800000190734863,17690100,0.0,0.0
2014-12-11 00:00:00-05:00,2.509999990463257,2.5399999618530273,2.4600000381469727,2.490000009536743,2.490000009536743,10151600,0.0,0.0
2014-12-12 00:00:00-05:00,2.4600000381469727,2.549999952316284,2.3499999046325684,2.5199999809265137,2.5199999809265137,21211600,0.0,0.0
2014-12-15 00:00:00-05:00,2.5199999809265137,2.5999999046325684,2.4600000381469727,2.4700000286102295,2.4700000286102295,19636400,0.0,0.0
2014-12-16 00:00:00-05:00,2.440000057220459,2.5299999713897705,2.4200000762939453,2.5,2.5,17051600,0.0,0.0
2014-12-17 00:00:00-05:00,2.5,2.569999933242798,2.4600000381469727,2.549999952316284,2.549999952316284,12521300,0.0,0.0
2014-12-18 00:00:00-05:00,2.5799999237060547,2.5899999141693115,2.5399999618530273,2.549999952316284,2.549999952316284,12423900,0.0,0.0
2014-12-19 00:00:00-05:00,2.5299999713897705,2.569999933242798,2.509999990463257,2.569999933242798,2.569999933242798,14701500,0.0,0.0
2014-12-22 00:00:00-05:00,2.549999952316284,2.680000066757202,2.5199999809265137,2.6600000858306885,2.6600000858306885,15044900,0.0,0.0
2014-12-23 00:00:00-05:00,2.690000057220459,2.7200000286102295,2.6600000858306885,2.6700000762939453,2.6700000762939453,8274400,0.0,0.0
2014-12-24 00:00:00-05:00,2.630000114440918,2.700000047683716,2.630000114440918,2.6500000953674316,2.6500000953674316,4624000,0.0,0.0
2014-12-26 00:00:00-05:00,2.6500000953674316,2.690000057220459,2.6500000953674316,2.6500000953674316,2.6500000953674316,4029600,0.0,0.0
2014-12-29 00:00:00-05:00,2.640000104904175,2.6600000858306885,2.630000114440918,2.6600000858306885,2.6600000858306885,8527000,0.0,0.0
2014-12-30 00:00:00-05:00,2.640000104904175,2.700000047683716,2.630000114440918,2.630000114440918,2.630000114440918,7783700,0.0,0.0
2014-12-31 00:00:00-05:00,2.640000104904175,2.700000047683716,2.640000104904175,2.6700000762939453,2.6700000762939453,11177900,0.0,0.0
2015-01-02 00:00:00-05:00,2.6700000762939453,2.6700000762939453,2.6700000762939453,2.6700000762939453,2.6700000762939453,0,0.0,0.0
2015-01-05 00:00:00-05:00,2.6700000762939453,2.700000047683716,2.640000104904175,2.6600000858306885,2.6600000858306885,8878200,0.0,0.0
2015-01-06 00:00:00-05:00,2.6500000953674316,2.6600000858306885,2.549999952316284,2.630000114440918,2.630000114440918,13912500,0.0,0.0
2015-01-07 00:00:00-05:00,2.630000114440918,2.6500000953674316,2.5399999618530273,2.5799999237060547,2.5799999237060547,12377600,0.0,0.0
2015-01-08 00:00:00-05:00,2.5899999141693115,2.6500000953674316,2.559999942779541,2.609999895095825,2.609999895095825,11136600,0.0,0.0
2015-01-09 00:00:00-05:00,2.630000114440918,2.640000104904175,2.5799999237060547,2.630000114440918,2.630000114440918,8907600,0.0,0.0
2015-01-12 00:00:00-05:00,2.619999885559082,2.640000104904175,2.549999952316284,2.630000114440918,2.630000114440918,9979600,0.0,0.0
2015-01-13 00:00:00-05:00,2.640000104904175,2.680000066757202,2.5999999046325684,2.6600000858306885,2.6600000858306885,17907400,0.0,0.0
2015-01-14 00:00:00-05:00,2.5999999046325684,2.6600000858306885,2.5799999237060547,2.630000114440918,2.630000114440918,9989900,0.0,0.0
2015-01-15 00:00:00-05:00,2.619999885559082,2.6500000953674316,2.490000009536743,2.5199999809265137,2.5199999809265137,17744000,0.0,0.0
2015-01-16 00:00:00-05:00,2.5199999809265137,2.5299999713897705,2.390000104904175,2.390000104904175,2.390000104904175,30192400,0.0,0.0
2015-01-20 00:00:00-05:00,2.390000104904175,2.430000066757202,2.190000057220459,2.240000009536743,2.240000009536743,56713300,0.0,0.0
2015-01-21 00:00:00-05:00,2.180000066757202,2.450000047683716,2.140000104904175,2.450000047683716,2.450000047683716,46530800,0.0,0.0
2015-01-22 00:00:00-05:00,2.4200000762939453,2.5,2.369999885559082,2.4700000286102295,2.4700000286102295,36169600,0.0,0.0
2015-01-23 00:00:00-05:00,2.4800000190734863,2.5,2.430000066757202,2.450000047683716,2.450000047683716,11107200,0.0,0.0
2015-01-26 00:00:00-05:00,2.440000057220459,2.640000104904175,2.440000057220459,2.609999895095825,2.609999895095825,36571300,0.0,0.0
2015-01-27 00:00:00-05:00,2.5799999237060547,2.8399999141693115,2.559999942779541,2.700000047683716,2.700000047683716,51805800,0.0,0.0
2015-01-28 00:00:00-05:00,2.7100000381469727,2.75,2.5999999046325684,2.630000114440918,2.630000114440918,24786200,0.0,0.0
2015-01-29 00:00:00-05:00,2.630000114440918,2.690000057220459,2.509999990463257,2.609999895095825,2.609999895095825,17790200,0.0,0.0
2015-01-30 00:00:00-05:00,2.559999942779541,2.5999999046325684,2.509999990463257,2.569999933242798,2.569999933242798,12908200,0.0,0.0
2015-02-02 00:00:00-05:00,2.690000057220459,2.75,2.6500000953674316,2.6700000762939453,2.6700000762939453,25688700,0.0,0.0
2015-02-03 00:00:00-05:00,2.700000047683716,2.799999952316284,2.680000066757202,2.759999990463257,2.759999990463257,22592300,0.0,0.0
2015-02-04 00:00:00-05:00,2.7799999713897705,2.9200000762939453,2.759999990463257,2.8499999046325684,2.8499999046325684,34829300,0.0,0.0
2015-02-05 00:00:00-05:00,2.880000114440918,3.369999885559082,2.869999885559082,3.309999942779541,3.309999942779541,73355600,0.0,0.0
2015-02-06 00:00:00-05:00,3.200000047683716,3.2100000381469727,3.0,3.0299999713897705,3.0299999713897705,38300000,0.0,0.0
2015-02-09 00:00:00-05:00,3.0299999713897705,3.069999933242798,2.930000066757202,3.0399999618530273,3.0399999618530273,24133800,0.0,0.0
2015-02-10 00:00:00-05:00,3.069999933242798,3.0999999046325684,3.009999990463257,3.0399999618530273,3.0399999618530273,13995100,0.0,0.0
2015-02-11 00:00:00-05:00,3.0299999713897705,3.0999999046325684,3.0,3.069999933242798,3.069999933242798,11741100,0.0,0.0
2015-02-12 00:00:00-05:00,3.0799999237060547,3.1500000953674316,3.049999952316284,3.119999885559082,3.119999885559082,12975000,0.0,0.0
2015-02-13 00:00:00-05:00,3.130000114440918,3.180000066757202,3.109999895095825,3.1500000953674316,3.1500000953674316,9627600,0.0,0.0
2015-02-17 00:00:00-05:00,3.1600000858306885,3.1700000762939453,3.0799999237060547,3.109999895095825,3.109999895095825,8678100,0.0,0.0
2015-02-18 00:00:00-05:00,3.109999895095825,3.140000104904175,3.059999942779541,3.0799999237060547,3.0799999237060547,7286100,0.0,0.0
2015-02-19 00:00:00-05:00,3.059999942779541,3.0799999237060547,3.009999990463257,3.059999942779541,3.059999942779541,6573600,0.0,0.0
2015-02-20 00:00:00-05:00,3.0299999713897705,3.130000114440918,3.0199999809265137,3.059999942779541,3.059999942779541,10666700,0.0,0.0
2015-02-23 00:00:00-05:00,3.049999952316284,3.0999999046325684,3.0299999713897705,3.059999942779541,3.059999942779541,6323500,0.0,0.0
2015-02-24 00:00:00-05:00,3.059999942779541,3.119999885559082,3.0199999809265137,3.109999895095825,3.109999895095825,10916300,0.0,0.0
2015-02-25 00:00:00-05:00,3.0799999237060547,3.140000104904175,3.059999942779541,3.0999999046325684,3.0999999046325684,6151300,0.0,0.0
2015-02-26 00:00:00-05:00,3.0999999046325684,3.130000114440918,3.059999942779541,3.0799999237060547,3.0799999237060547,8680900,0.0,0.0
2015-02-27 00:00:00-05:00,3.069999933242798,3.119999885559082,3.069999933242798,3.109999895095825,3.109999895095825,7150200,0.0,0.0
2015-03-02 00:00:00-05:00,3.130000114440918,3.2300000190734863,3.109999895095825,3.2100000381469727,3.2100000381469727,15638100,0.0,0.0
2015-03-03 00:00:00-05:00,3.200000047683716,3.2300000190734863,3.130000114440918,3.140000104904175,3.140000104904175,8644000,0.0,0.0
2015-03-04 00:00:00-05:00,3.140000104904175,3.140000104904175,3.009999990463257,3.049999952316284,3.049999952316284,12122100,0.0,0.0
2015-03-05 00:00:00-05:00,3.0999999046325684,3.0999999046325684,2.9800000190734863,2.9800000190734863,2.9800000190734863,11472300,0.0,0.0
2015-03-06 00:00:00-05:00,2.9600000381469727,2.990000009536743,2.8299999237060547,2.9200000762939453,2.9200000762939453,16785200,0.0,0.0
2015-03-09 00:00:00-04:00,2.9200000762939453,2.9800000190734863,2.9000000953674316,2.930000066757202,2.930000066757202,12405900,0.0,0.0
2015-03-10 00:00:00-04:00,2.9700000286102295,2.9800000190734863,2.9200000762939453,2.9200000762939453,2.9200000762939453,10312400,0.0,0.0
2015-03-11 00:00:00-04:00,2.9200000762939453,2.950000047683716,2.799999952316284,2.8399999141693115,2.8399999141693115,11772800,0.0,0.0
2015-03-12 00:00:00-04:00,2.759999990463257,2.7899999618530273,2.7200000286102295,2.759999990463257,2.759999990463257,13847200,0.0,0.0
2015-03-13 00:00:00-04:00,2.740000009536743,2.7799999713897705,2.7100000381469727,2.75,2.75,8098100,0.0,0.0
2015-03-16 00:00:00-04:00,2.75,2.809999942779541,2.75,2.759999990463257,2.759999990463257,6132900,0.0,0.0
2015-03-17 00:00:00-04:00,2.75,2.799999952316284,2.740000009536743,2.7699999809265137,2.7699999809265137,7742200,0.0,0.0
2015-03-18 00:00:00-04:00,2.7699999809265137,2.819999933242798,2.7200000286102295,2.75,2.75,11385200,0.0,0.0
2015-03-19 00:00:00-04:00,2.759999990463257,2.7799999713897705,2.7300000190734863,2.740000009536743,2.740000009536743,8819400,0.0,0.0
2015-03-20 00:00:00-04:00,2.759999990463257,2.799999952316284,2.740000009536743,2.799999952316284,2.799999952316284,10764800,0.0,0.0
2015-03-23 00:00:00-04:00,2.809999942779541,2.8499999046325684,2.799999952316284,2.8399999141693115,2.8399999141693115,7450200,0.0,0.0
2015-03-24 00:00:00-04:00,2.8499999046325684,2.8499999046325684,2.759999990463257,2.7899999618530273,2.7899999618530273,8724500,0.0,0.0
2015-03-25 00:00:00-04:00,2.7799999713897705,2.7899999618530273,2.559999942779541,2.630000114440918,2.630000114440918,26985300,0.0,0.0
2015-03-26 00:00:00-04:00,2.5899999141693115,2.700000047683716,2.5299999713897705,2.6500000953674316,2.6500000953674316,28286300,0.0,0.0
2015-03-27 00:00:00-04:00,2.700000047683716,2.799999952316284,2.630000114440918,2.7200000286102295,2.7200000286102295,16844100,0.0,0.0
2015-03-30 00:00:00-04:00,2.7300000190734863,2.759999990463257,2.6600000858306885,2.700000047683716,2.700000047683716,8557500,0.0,0.0
2015-03-31 00:00:00-04:00,2.6600000858306885,2.700000047683716,2.6500000953674316,2.680000066757202,2.680000066757202,7025000,0.0,0.0
2015-04-01 00:00:00-04:00,2.6600000858306885,2.75,2.6500000953674316,2.690000057220459,2.690000057220459,11240500,0.0,0.0
2015-04-02 00:00:00-04:00,2.6600000858306885,2.700000047683716,2.6500000953674316,2.690000057220459,2.690000057220459,7047600,0.0,0.0
2015-04-06 00:00:00-04:00,2.680000066757202,2.7300000190734863,2.680000066757202,2.700000047683716,2.700000047683716,8178500,0.0,0.0
2015-04-07 00:00:00-04:00,2.700000047683716,2.740000009536743,2.690000057220459,2.700000047683716,2.700000047683716,5738100,0.0,0.0
2015-04-08 00:00:00-04:00,2.680000066757202,2.740000009536743,2.680000066757202,2.7100000381469727,2.7100000381469727,4349000,0.0,0.0
2015-04-09 00:00:00-04:00,2.690000057220459,2.75,2.690000057220459,2.7200000286102295,2.7200000286102295,7127600,0.0,0.0
2015-04-10 00:00:00-04:00,2.740000009536743,2.7799999713897705,2.7300000190734863,2.759999990463257,2.759999990463257,6184800,0.0,0.0
2015-04-13 00:00:00-04:00,2.759999990463257,2.799999952316284,2.7300000190734863,2.7799999713897705,2.7799999713897705,8391500,0.0,0.0
2015-04-14 00:00:00-04:00,2.7699999809265137,2.7899999618530273,2.6500000953674316,2.6700000762939453,2.6700000762939453,13364100,0.0,0.0
2015-04-15 00:00:00-04:00,2.700000047683716,2.740000009536743,2.6500000953674316,2.700000047683716,2.700000047683716,15281400,0.0,0.0
2015-04-16 00:00:00-04:00,2.7200000286102295,2.940000057220459,2.700000047683716,2.869999885559082,2.869999885559082,28617300,0.0,0.0
2015-04-17 00:00:00-04:00,2.5399999618530273,2.5799999237060547,2.450000047683716,2.5799999237060547,2.5799999237060547,53185300,0.0,0.0
2015-04-20 00:00:00-04:00,2.559999942779541,2.569999933242798,2.450000047683716,2.490000009536743,2.490000009536743,29164300,0.0,0.0
2015-04-21 00:00:00-04:00,2.5299999713897705,2.5299999713897705,2.3499999046325684,2.3499999046325684,2.3499999046325684,31279400,0.0,0.0
2015-04-22 00:00:00-04:00,2.3499999046325684,2.359999895095825,2.25,2.2799999713897705,2.2799999713897705,27634900,0.0,0.0
2015-04-23 00:00:00-04:00,2.2799999713897705,2.359999895095825,2.259999990463257,2.3299999237060547,2.3299999237060547,15130400,0.0,0.0
2015-04-24 00:00:00-04:00,2.359999895095825,2.380000114440918,2.299999952316284,2.299999952316284,2.299999952316284,15001200,0.0,0.0
2015-04-27 00:00:00-04:00,2.299999952316284,2.359999895095825,2.2899999618530273,2.3399999141693115,2.3399999141693115,13486900,0.0,0.0
2015-04-28 00:00:00-04:00,2.359999895095825,2.369999885559082,2.309999942779541,2.309999942779541,2.309999942779541,11448700,0.0,0.0
2015-04-29 00:00:00-04:00,2.299999952316284,2.3299999237060547,2.2699999809265137,2.2799999713897705,2.2799999713897705,11870200,0.0,0.0
2015-04-30 00:00:00-04:00,2.2799999713897705,2.309999942779541,2.259999990463257,2.259999990463257,2.259999990463257,11465300,0.0,0.0
2015-05-01 00:00:00-04:00,2.259999990463257,2.309999942779541,2.25,2.309999942779541,2.309999942779541,11662800,0.0,0.0
2015-05-04 00:00:00-04:00,2.309999942779541,2.359999895095825,2.299999952316284,2.309999942779541,2.309999942779541,9670100,0.0,0.0
2015-05-05 00:00:00-04:00,2.3399999141693115,2.3399999141693115,2.25,2.2799999713897705,2.2799999713897705,12371600,0.0,0.0
2015-05-06 00:00:00-04:00,2.2899999618530273,2.309999942779541,2.240000009536743,2.2899999618530273,2.2899999618530273,18492100,0.0,0.0
2015-05-07 00:00:00-04:00,2.319999933242798,2.319999933242798,2.259999990463257,2.319999933242798,2.319999933242798,15015600,0.0,0.0
2015-05-08 00:00:00-04:00,2.3299999237060547,2.359999895095825,2.299999952316284,2.309999942779541,2.309999942779541,9758800,0.0,0.0
2015-05-11 00:00:00-04:00,2.309999942779541,2.3499999046325684,2.309999942779541,2.319999933242798,2.319999933242798,10046900,0.0,0.0
2015-05-12 00:00:00-04:00,2.319999933242798,2.3499999046325684,2.299999952316284,2.3499999046325684,2.3499999046325684,10017500,0.0,0.0
2015-05-13 00:00:00-04:00,2.359999895095825,2.380000114440918,2.3499999046325684,2.369999885559082,2.369999885559082,7575900,0.0,0.0
2015-05-14 00:00:00-04:00,2.380000114440918,2.390000104904175,2.3299999237060547,2.3299999237060547,2.3299999237060547,8865100,0.0,0.0
2015-05-15 00:00:00-04:00,2.3299999237060547,2.380000114440918,2.319999933242798,2.319999933242798,2.319999933242798,8054800,0.0,0.0
2015-05-18 00:00:00-04:00,2.3499999046325684,2.359999895095825,2.3299999237060547,2.3499999046325684,2.3499999046325684,4732800,0.0,0.0
2015-05-19 00:00:00-04:00,2.359999895095825,2.369999885559082,2.2799999713897705,2.2799999713897705,2.2799999713897705,9588400,0.0,0.0
2015-05-20 00:00:00-04:00,2.299999952316284,2.3299999237060547,2.2799999713897705,2.319999933242798,2.319999933242798,6947700,0.0,0.0
2015-05-21 00:00:00-04:00,2.309999942779541,2.3499999046325684,2.2799999713897705,2.2799999713897705,2.2799999713897705,7127700,0.0,0.0
2015-05-22 00:00:00-04:00,2.299999952316284,2.309999942779541,2.2699999809265137,2.2799999713897705,2.2799999713897705,12845400,0.0,0.0
2015-05-26 00:00:00-04:00,2.2699999809265137,2.2799999713897705,2.2200000286102295,2.2200000286102295,2.2200000286102295,10007800,0.0,0.0
2015-05-27 00:00:00-04:00,2.240000009536743,2.2799999713897705,2.200000047683716,2.2799999713897705,2.2799999713897705,17511000,0.0,0.0
2015-05-28 00:00:00-04:00,2.2799999713897705,2.3299999237060547,2.2699999809265137,2.2699999809265137,2.2699999809265137,12354600,0.0,0.0
2015-05-29 00:00:00-04:00,2.2699999809265137,2.319999933242798,2.25,2.2799999713897705,2.2799999713897705,7750500,0.0,0.0
2015-06-01 00:00:00-04:00,2.2899999618530273,2.299999952316284,2.25,2.25,2.25,6803700,0.0,0.0
2015-06-02 00:00:00-04:00,2.259999990463257,2.299999952316284,2.25,2.299999952316284,2.299999952316284,7106000,0.0,0.0
2015-06-03 00:00:00-04:00,2.299999952316284,2.319999933242798,2.2799999713897705,2.2799999713897705,2.2799999713897705,8062300,0.0,0.0
2015-06-04 00:00:00-04:00,2.2799999713897705,2.3299999237060547,2.259999990463257,2.3299999237060547,2.3299999237060547,11575800,0.0,0.0
2015-06-05 00:00:00-04:00,2.309999942779541,2.3399999141693115,2.2899999618530273,2.3299999237060547,2.3299999237060547,7349700,0.0,0.0
2015-06-08 00:00:00-04:00,2.309999942779541,2.3299999237060547,2.2899999618530273,2.309999942779541,2.309999942779541,6212900,0.0,0.0
2015-06-09 00:00:00-04:00,2.3499999046325684,2.359999895095825,2.2799999713897705,2.2899999618530273,2.2899999618530273,12282700,0.0,0.0
2015-06-10 00:00:00-04:00,2.309999942779541,2.3499999046325684,2.299999952316284,2.319999933242798,2.319999933242798,8161200,0.0,0.0
2015-06-11 00:00:00-04:00,2.3399999141693115,2.3499999046325684,2.309999942779541,2.319999933242798,2.319999933242798,7671000,0.0,0.0
2015-06-12 00:00:00-04:00,2.309999942779541,2.3299999237060547,2.299999952316284,2.309999942779541,2.309999942779541,4557600,0.0,0.0
2015-06-15 00:00:00-04:00,2.319999933242798,2.3499999046325684,2.2899999618530273,2.319999933242798,2.319999933242798,8627800,0.0,0.0
2015-06-16 00:00:00-04:00,2.319999933242798,2.369999885559082,2.319999933242798,2.3499999046325684,2.3499999046325684,9795000,0.0,0.0
2015-06-17 00:00:00-04:00,2.369999885559082,2.5399999618530273,2.3499999046325684,2.4700000286102295,2.4700000286102295,27497900,0.0,0.0
2015-06-18 00:00:00-04:00,2.5,2.5899999141693115,2.4800000190734863,2.5199999809265137,2.5199999809265137,25400200,0.0,0.0
2015-06-19 00:00:00-04:00,2.5299999713897705,2.5899999141693115,2.4600000381469727,2.5799999237060547,2.5799999237060547,25551700,0.0,0.0
2015-06-22 00:00:00-04:00,2.609999895095825,2.6700000762939453,2.5799999237060547,2.619999885559082,2.619999885559082,19410100,0.0,0.0
2015-06-23 00:00:00-04:00,2.619999885559082,2.640000104904175,2.549999952316284,2.609999895095825,2.609999895095825,17919600,0.0,0.0
2015-06-24 00:00:00-04:00,2.5999999046325684,2.6600000858306885,2.569999933242798,2.619999885559082,2.619999885559082,17516700,0.0,0.0
2015-06-25 00:00:00-04:00,2.619999885559082,2.6600000858306885,2.569999933242798,2.5799999237060547,2.5799999237060547,18360200,0.0,0.0
2015-06-26 00:00:00-04:00,2.5399999618530273,2.549999952316284,2.369999885559082,2.4700000286102295,2.4700000286102295,97054200,0.0,0.0
2015-06-29 00:00:00-04:00,2.4100000858306885,2.4200000762939453,2.309999942779541,2.3399999141693115,2.3399999141693115,22971500,0.0,0.0
2015-06-30 00:00:00-04:00,2.430000066757202,2.430000066757202,2.3499999046325684,2.4000000953674316,2.4000000953674316,19381300,0.0,0.0
2015-07-01 00:00:00-04:00,2.4700000286102295,2.4800000190734863,2.359999895095825,2.4200000762939453,2.4200000762939453,19375000,0.0,0.0
2015-07-02 00:00:00-04:00,2.430000066757202,2.630000114440918,2.390000104904175,2.5299999713897705,2.5299999713897705,31185900,0.0,0.0
2015-07-06 00:00:00-04:00,2.4600000381469727,2.5399999618530273,2.440000057220459,2.4700000286102295,2.4700000286102295,20349400,0.0,0.0
2015-07-07 00:00:00-04:00,2.0399999618530273,2.140000104904175,2.0199999809265137,2.0899999141693115,2.0899999141693115,46418700,0.0,0.0
2015-07-08 00:00:00-04:00,2.069999933242798,2.069999933242798,2.009999990463257,2.009999990463257,2.009999990463257,15302900,0.0,0.0
2015-07-09 00:00:00-04:00,2.0399999618530273,2.059999942779541,1.9299999475479126,1.9800000190734863,1.9800000190734863,23378200,0.0,0.0
2015-07-10 00:00:00-04:00,2.0,2.0299999713897705,1.9500000476837158,1.9600000381469727,1.9600000381469727,17520800,0.0,0.0
2015-07-13 00:00:00-04:00,1.9700000286102295,1.9900000095367432,1.9500000476837158,1.9600000381469727,1.9600000381469727,9080900,0.0,0.0
2015-07-14 00:00:00-04:00,2.0299999713897705,2.059999942779541,1.9700000286102295,2.049999952316284,2.049999952316284,15812300,0.0,0.0
2015-07-15 00:00:00-04:00,2.069999933242798,2.0899999141693115,1.9500000476837158,1.9600000381469727,1.9600000381469727,13517800,0.0,0.0
2015-07-16 00:00:00-04:00,1.9700000286102295,2.0,1.8700000047683716,1.8700000047683716,1.8700000047683716,20653300,0.0,0.0
2015-07-17 00:00:00-04:00,1.8700000047683716,1.899999976158142,1.7400000095367432,1.7899999618530273,1.7899999618530273,28127100,0.0,0.0
2015-07-20 00:00:00-04:00,1.8200000524520874,1.840000033378601,1.7699999809265137,1.7999999523162842,1.7999999523162842,12142400,0.0,0.0
2015-07-21 00:00:00-04:00,1.8200000524520874,1.8300000429153442,1.7799999713897705,1.7999999523162842,1.7999999523162842,15034500,0.0,0.0
2015-07-22 00:00:00-04:00,1.7999999523162842,1.809999942779541,1.7599999904632568,1.7899999618530273,1.7899999618530273,16043400,0.0,0.0
2015-07-23 00:00:00-04:00,1.7999999523162842,1.809999942779541,1.75,1.7599999904632568,1.7599999904632568,10641900,0.0,0.0
2015-07-24 00:00:00-04:00,1.7599999904632568,1.7699999809265137,1.649999976158142,1.6699999570846558,1.6699999570846558,16478400,0.0,0.0
2015-07-27 00:00:00-04:00,1.6699999570846558,1.7000000476837158,1.6100000143051147,1.6200000047683716,1.6200000047683716,11916500,0.0,0.0
2015-07-28 00:00:00-04:00,1.6200000047683716,1.7699999809265137,1.6200000047683716,1.7699999809265137,1.7699999809265137,14614600,0.0,0.0
2015-07-29 00:00:00-04:00,1.7699999809265137,1.9900000095367432,1.7599999904632568,1.9600000381469727,1.9600000381469727,25582200,0.0,0.0
2015-07-30 00:00:00-04:00,1.940000057220459,1.9900000095367432,1.8799999952316284,1.9299999475479126,1.9299999475479126,15837400,0.0,0.0
2015-07-31 00:00:00-04:00,1.940000057220459,1.9900000095367432,1.9199999570846558,1.9299999475479126,1.9299999475479126,7733700,0.0,0.0
2015-08-03 00:00:00-04:00,1.9299999475479126,2.200000047683716,1.899999976158142,2.200000047683716,2.200000047683716,26218200,0.0,0.0
2015-08-04 00:00:00-04:00,2.180000066757202,2.180000066757202,2.049999952316284,2.130000114440918,2.130000114440918,14328400,0.0,0.0
2015-08-05 00:00:00-04:00,2.109999895095825,2.2100000381469727,2.0999999046325684,2.1600000858306885,2.1600000858306885,13236000,0.0,0.0
2015-08-06 00:00:00-04:00,2.1500000953674316,2.1700000762939453,2.0999999046325684,2.109999895095825,2.109999895095825,9475000,0.0,0.0
2015-08-07 00:00:00-04:00,2.0999999046325684,2.140000104904175,2.059999942779541,2.0899999141693115,2.0899999141693115,7680800,0.0,0.0
2015-08-10 00:00:00-04:00,1.9199999570846558,1.9800000190734863,1.8200000524520874,1.9299999475479126,1.9299999475479126,29926200,0.0,0.0
2015-08-11 00:00:00-04:00,1.909999966621399,1.9299999475479126,1.8799999952316284,1.899999976158142,1.899999976158142,7479200,0.0,0.0
2015-08-12 00:00:00-04:00,1.8799999952316284,1.9299999475479126,1.840000033378601,1.899999976158142,1.899999976158142,8521200,0.0,0.0
2015-08-13 00:00:00-04:00,1.899999976158142,1.909999966621399,1.7899999618530273,1.7899999618530273,1.7899999618530273,7839700,0.0,0.0
2015-08-14 00:00:00-04:00,1.7999999523162842,1.850000023841858,1.7899999618530273,1.840000033378601,1.840000033378601,6183400,0.0,0.0
2015-08-17 00:00:00-04:00,1.8200000524520874,1.8799999952316284,1.7999999523162842,1.7999999523162842,1.7999999523162842,9062400,0.0,0.0
2015-08-18 00:00:00-04:00,1.7899999618530273,1.8200000524520874,1.75,1.7999999523162842,1.7999999523162842,9751900,0.0,0.0
2015-08-19 00:00:00-04:00,1.7999999523162842,1.809999942779541,1.7599999904632568,1.7999999523162842,1.7999999523162842,7441200,0.0,0.0
2015-08-20 00:00:00-04:00,1.7899999618530273,1.7999999523162842,1.7000000476837158,1.7000000476837158,1.7000000476837158,13745700,0.0,0.0
2015-08-21 00:00:00-04:00,1.6799999475479126,1.7999999523162842,1.6799999475479126,1.7799999713897705,1.7799999713897705,12529500,0.0,0.0
2015-08-24 00:00:00-04:00,1.690000057220459,1.8300000429153442,1.649999976158142,1.75,1.75,17217400,0.0,0.0
2015-08-25 00:00:00-04:00,1.8200000524520874,1.8200000524520874,1.659999966621399,1.659999966621399,1.659999966621399,12097700,0.0,0.0
2015-08-26 00:00:00-04:00,1.690000057220459,1.7300000190734863,1.659999966621399,1.7200000286102295,1.7200000286102295,10715300,0.0,0.0
2015-08-27 00:00:00-04:00,1.7400000095367432,1.840000033378601,1.7400000095367432,1.7799999713897705,1.7799999713897705,11839300,0.0,0.0
2015-08-28 00:00:00-04:00,1.75,1.8700000047683716,1.75,1.850000023841858,1.850000023841858,10924600,0.0,0.0
2015-08-31 00:00:00-04:00,1.8200000524520874,1.8700000047683716,1.7899999618530273,1.809999942779541,1.809999942779541,6516000,0.0,0.0
2015-09-01 00:00:00-04:00,1.7699999809265137,1.8200000524520874,1.7100000381469727,1.7100000381469727,1.7100000381469727,8470700,0.0,0.0
2015-09-02 00:00:00-04:00,1.75,1.7699999809265137,1.7200000286102295,1.7699999809265137,1.7699999809265137,6306100,0.0,0.0
2015-09-03 00:00:00-04:00,1.7599999904632568,1.850000023841858,1.7599999904632568,1.7899999618530273,1.7899999618530273,7154200,0.0,0.0
2015-09-04 00:00:00-04:00,1.7599999904632568,1.840000033378601,1.7599999904632568,1.8200000524520874,1.8200000524520874,6725300,0.0,0.0
2015-09-08 00:00:00-04:00,1.850000023841858,1.8799999952316284,1.8300000429153442,1.8799999952316284,1.8799999952316284,6009500,0.0,0.0
2015-09-09 00:00:00-04:00,1.899999976158142,1.9700000286102295,1.8300000429153442,1.850000023841858,1.850000023841858,12612300,0.0,0.0
2015-09-10 00:00:00-04:00,1.840000033378601,1.8799999952316284,1.8300000429153442,1.840000033378601,1.840000033378601,4290400,0.0,0.0
2015-09-11 00:00:00-04:00,1.8799999952316284,2.140000104904175,1.809999942779541,2.009999990463257,2.009999990463257,31010300,0.0,0.0
2015-09-14 00:00:00-04:00,2.0,2.0,1.809999942779541,1.8200000524520874,1.8200000524520874,16458500,0.0,0.0
2015-09-15 00:00:00-04:00,1.840000033378601,1.8700000047683716,1.809999942779541,1.8600000143051147,1.8600000143051147,6524400,0.0,0.0
2015-09-16 00:00:00-04:00,1.8700000047683716,1.899999976158142,1.850000023841858,1.8899999856948853,1.8899999856948853,4928300,0.0,0.0
2015-09-17 00:00:00-04:00,1.899999976158142,1.940000057220459,1.8700000047683716,1.8899999856948853,1.8899999856948853,5831600,0.0,0.0
2015-09-18 00:00:00-04:00,1.8700000047683716,1.9199999570846558,1.850000023841858,1.8700000047683716,1.8700000047683716,11814000,0.0,0.0
2015-09-21 00:00:00-04:00,1.8700000047683716,1.899999976158142,1.809999942779541,1.809999942779541,1.809999942779541,5377800,0.0,0.0
2015-09-22 00:00:00-04:00,1.7999999523162842,1.840000033378601,1.7200000286102295,1.7300000190734863,1.7300000190734863,9975200,0.0,0.0
2015-09-23 00:00:00-04:00,1.7599999904632568,1.7799999713897705,1.690000057220459,1.7000000476837158,1.7000000476837158,9649200,0.0,0.0
2015-09-24 00:00:00-04:00,1.6799999475479126,1.7300000190734863,1.659999966621399,1.7200000286102295,1.7200000286102295,11247700,0.0,0.0
2015-09-25 00:00:00-04:00,1.75,1.75,1.6799999475479126,1.7100000381469727,1.7100000381469727,5644600,0.0,0.0
2015-09-28 00:00:00-04:00,1.690000057220459,1.7000000476837158,1.659999966621399,1.659999966621399,1.659999966621399,5693100,0.0,0.0
2015-09-29 00:00:00-04:00,1.6699999570846558,1.690000057220459,1.649999976158142,1.6699999570846558,1.6699999570846558,7005300,0.0,0.0
2015-09-30 00:00:00-04:00,1.7000000476837158,1.7200000286102295,1.6799999475479126,1.7200000286102295,1.7200000286102295,5739500,0.0,0.0
2015-10-01 00:00:00-04:00,1.7699999809265137,1.7699999809265137,1.7200000286102295,1.7400000095367432,1.7400000095367432,5531700,0.0,0.0
2015-10-02 00:00:00-04:00,1.7599999904632568,1.8300000429153442,1.7200000286102295,1.8300000429153442,1.8300000429153442,7146100,0.0,0.0
2015-10-05 00:00:00-04:00,1.8200000524520874,1.8700000047683716,1.7699999809265137,1.7999999523162842,1.7999999523162842,7595600,0.0,0.0
2015-10-06 00:00:00-04:00,1.7999999523162842,1.8600000143051147,1.7999999523162842,1.8300000429153442,1.8300000429153442,8558400,0.0,0.0
2015-10-07 00:00:00-04:00,1.8200000524520874,1.8700000047683716,1.8200000524520874,1.8600000143051147,1.8600000143051147,7859200,0.0,0.0
2015-10-08 00:00:00-04:00,1.8700000047683716,1.9500000476837158,1.850000023841858,1.9299999475479126,1.9299999475479126,9198700,0.0,0.0
2015-10-09 00:00:00-04:00,1.9199999570846558,1.9600000381469727,1.8899999856948853,1.9600000381469727,1.9600000381469727,8629100,0.0,0.0
2015-10-12 00:00:00-04:00,1.9600000381469727,1.9600000381469727,1.850000023841858,1.8700000047683716,1.8700000047683716,7686600,0.0,0.0
2015-10-13 00:00:00-04:00,1.8700000047683716,1.940000057220459,1.8600000143051147,1.9199999570846558,1.9199999570846558,6698400,0.0,0.0
2015-10-14 00:00:00-04:00,1.9199999570846558,1.9600000381469727,1.9199999570846558,1.9500000476837158,1.9500000476837158,10184300,0.0,0.0
2015-10-15 00:00:00-04:00,1.9700000286102295,2.059999942779541,1.9500000476837158,1.9700000286102295,1.9700000286102295,27327100,0.0,0.0
2015-10-16 00:00:00-04:00,2.0,2.0,1.8899999856948853,1.940000057220459,1.940000057220459,21544900,0.0,0.0
2015-10-19 00:00:00-04:00,1.909999966621399,2.009999990463257,1.909999966621399,2.009999990463257,2.009999990463257,10670800,0.0,0.0
2015-10-20 00:00:00-04:00,2.0,2.0299999713897705,1.9700000286102295,2.0199999809265137,2.0199999809265137,5584200,0.0,0.0
2015-10-21 00:00:00-04:00,2.0199999809265137,2.119999885559082,2.009999990463257,2.0999999046325684,2.0999999046325684,14944100,0.0,0.0
2015-10-22 00:00:00-04:00,2.0999999046325684,2.1600000858306885,2.0899999141693115,2.140000104904175,2.140000104904175,8208400,0.0,0.0
2015-10-23 00:00:00-04:00,2.0999999046325684,2.2100000381469727,2.0999999046325684,2.2100000381469727,2.2100000381469727,9564200,0.0,0.0
2015-10-26 00:00:00-04:00,2.2100000381469727,2.2100000381469727,2.119999885559082,2.1500000953674316,2.1500000953674316,6313500,0.0,0.0
2015-10-27 00:00:00-04:00,2.119999885559082,2.1600000858306885,2.0999999046325684,2.1500000953674316,2.1500000953674316,5755600,0.0,0.0
2015-10-28 00:00:00-04:00,2.140000104904175,2.200000047683716,2.119999885559082,2.180000066757202,2.180000066757202,6950600,0.0,0.0
2015-10-29 00:00:00-04:00,2.1500000953674316,2.180000066757202,2.109999895095825,2.130000114440918,2.130000114440918,4500400,0.0,0.0
2015-10-30 00:00:00-04:00,2.140000104904175,2.1500000953674316,2.119999885559082,2.119999885559082,2.119999885559082,4897100,0.0,0.0
2015-11-02 00:00:00-05:00,2.130000114440918,2.190000057220459,2.109999895095825,2.190000057220459,2.190000057220459,5858700,0.0,0.0
2015-11-03 00:00:00-05:00,2.1600000858306885,2.2899999618530273,2.1600000858306885,2.2799999713897705,2.2799999713897705,8705800,0.0,0.0
2015-11-04 00:00:00-05:00,2.2699999809265137,2.299999952316284,2.180000066757202,2.200000047683716,2.200000047683716,8205300,0.0,0.0
2015-11-05 00:00:00-05:00,2.2100000381469727,2.240000009536743,2.1700000762939453,2.200000047683716,2.200000047683716,4302200,0.0,0.0
2015-11-06 00:00:00-05:00,2.190000057220459,2.2100000381469727,2.130000114440918,2.1500000953674316,2.1500000953674316,8997100,0.0,0.0
2015-11-09 00:00:00-05:00,2.1500000953674316,2.180000066757202,2.0999999046325684,2.109999895095825,2.109999895095825,6231200,0.0,0.0
2015-11-10 00:00:00-05:00,2.0899999141693115,2.0999999046325684,2.0199999809265137,2.0199999809265137,2.0199999809265137,6162200,0.0,0.0
2015-11-11 00:00:00-05:00,2.0199999809265137,2.0899999141693115,2.0199999809265137,2.069999933242798,2.069999933242798,3532100,0.0,0.0
2015-11-12 00:00:00-05:00,2.049999952316284,2.069999933242798,2.0,2.0,2.0,3576800,0.0,0.0
2015-11-13 00:00:00-05:00,1.9900000095367432,2.0399999618530273,1.940000057220459,1.9900000095367432,1.9900000095367432,5920200,0.0,0.0
2015-11-16 00:00:00-05:00,1.9900000095367432,2.0199999809265137,1.9500000476837158,1.9900000095367432,1.9900000095367432,4149700,0.0,0.0
2015-11-17 00:00:00-05:00,2.009999990463257,2.0399999618530273,1.9700000286102295,1.9800000190734863,1.9800000190734863,5825100,0.0,0.0
2015-11-18 00:00:00-05:00,1.9900000095367432,2.1500000953674316,1.9800000190734863,2.119999885559082,2.119999885559082,9384700,0.0,0.0
2015-11-19 00:00:00-05:00,2.0999999046325684,2.1600000858306885,2.0899999141693115,2.140000104904175,2.140000104904175,4704300,0.0,0.0
2015-11-20 00:00:00-05:00,2.140000104904175,2.25,2.130000114440918,2.2200000286102295,2.2200000286102295,10727100,0.0,0.0
2015-11-23 00:00:00-05:00,2.2200000286102295,2.240000009536743,2.180000066757202,2.2200000286102295,2.2200000286102295,4863200,0.0,0.0
2015-11-24 00:00:00-05:00,2.200000047683716,2.4000000953674316,2.1700000762939453,2.3399999141693115,2.3399999141693115,15859700,0.0,0.0
2015-11-25 00:00:00-05:00,2.359999895095825,2.4000000953674316,2.309999942779541,2.380000114440918,2.380000114440918,6914800,0.0,0.0
2015-11-27 00:00:00-05:00,2.369999885559082,2.380000114440918,2.319999933242798,2.3299999237060547,2.3299999237060547,2606600,0.0,0.0
2015-11-30 00:00:00-05:00,2.3399999141693115,2.369999885559082,2.25,2.359999895095825,2.359999895095825,9924400,0.0,0.0
2015-12-01 00:00:00-05:00,2.359999895095825,2.369999885559082,2.309999942779541,2.3399999141693115,2.3399999141693115,5646400,0.0,0.0
2015-12-02 00:00:00-05:00,2.309999942779541,2.3399999141693115,2.2300000190734863,2.2699999809265137,2.2699999809265137,7501700,0.0,0.0
2015-12-03 00:00:00-05:00,2.25,2.309999942779541,2.200000047683716,2.2300000190734863,2.2300000190734863,7059900,0.0,0.0
2015-12-04 00:00:00-05:00,2.2300000190734863,2.2899999618530273,2.2100000381469727,2.2799999713897705,2.2799999713897705,4572600,0.0,0.0
2015-12-07 00:00:00-05:00,2.259999990463257,2.359999895095825,2.2100000381469727,2.359999895095825,2.359999895095825,8479600,0.0,0.0
2015-12-08 00:00:00-05:00,2.3399999141693115,2.4000000953674316,2.25,2.390000104904175,2.390000104904175,9055500,0.0,0.0
2015-12-09 00:00:00-05:00,2.369999885559082,2.4000000953674316,2.319999933242798,2.3499999046325684,2.3499999046325684,8710000,0.0,0.0
2015-12-10 00:00:00-05:00,2.359999895095825,2.5,2.3299999237060547,2.450000047683716,2.450000047683716,13069400,0.0,0.0
2015-12-11 00:00:00-05:00,2.4100000858306885,2.4700000286102295,2.359999895095825,2.359999895095825,2.359999895095825,11890000,0.0,0.0
2015-12-14 00:00:00-05:00,2.359999895095825,2.390000104904175,2.299999952316284,2.3399999141693115,2.3399999141693115,7625700,0.0,0.0
2015-12-15 00:00:00-05:00,2.3499999046325684,2.430000066757202,2.319999933242798,2.359999895095825,2.359999895095825,7423900,0.0,0.0
2015-12-16 00:00:00-05:00,2.390000104904175,2.549999952316284,2.369999885559082,2.5399999618530273,2.5399999618530273,19543600,0.0,0.0
2015-12-17 00:00:00-05:00,2.5199999809265137,2.5999999046325684,2.5199999809265137,2.559999942779541,2.559999942779541,11374100,0.0,0.0
2015-12-18 00:00:00-05:00,2.509999990463257,2.549999952316284,2.4200000762939453,2.450000047683716,2.450000047683716,17988100,0.0,0.0
2015-12-21 00:00:00-05:00,2.4700000286102295,2.5299999713897705,2.430000066757202,2.5299999713897705,2.5299999713897705,6876600,0.0,0.0
2015-12-22 00:00:00-05:00,2.549999952316284,2.7799999713897705,2.5399999618530273,2.7699999809265137,2.7699999809265137,24893200,0.0,0.0
2015-12-23 00:00:00-05:00,2.759999990463257,2.940000057220459,2.75,2.8299999237060547,2.8299999237060547,30365300,0.0,0.0
2015-12-24 00:00:00-05:00,2.880000114440918,3.0,2.859999895095825,2.9200000762939453,2.9200000762939453,11890900,0.0,0.0
2015-12-28 00:00:00-05:00,2.9100000858306885,3.0199999809265137,2.859999895095825,3.0,3.0,16050500,0.0,0.0
2015-12-29 00:00:00-05:00,3.0399999618530273,3.059999942779541,2.9700000286102295,3.0,3.0,15300900,0.0,0.0
2015-12-30 00:00:00-05:00,2.990000009536743,3.0399999618530273,2.930000066757202,2.9800000190734863,2.9800000190734863,10046600,0.0,0.0
2015-12-31 00:00:00-05:00,2.9700000286102295,3.009999990463257,2.869999885559082,2.869999885559082,2.869999885559082,11086100,0.0,0.0
2016-01-04 00:00:00-05:00,2.7699999809265137,2.819999933242798,2.630000114440918,2.7699999809265137,2.7699999809265137,32516800,0.0,0.0
2016-01-05 00:00:00-05:00,2.7699999809265137,2.799999952316284,2.640000104904175,2.75,2.75,12972300,0.0,0.0
2016-01-06 00:00:00-05:00,2.6600000858306885,2.7100000381469727,2.4700000286102295,2.509999990463257,2.509999990463257,23759400,0.0,0.0
2016-01-07 00:00:00-05:00,2.430000066757202,2.4800000190734863,2.259999990463257,2.2799999713897705,2.2799999713897705,22203500,0.0,0.0
2016-01-08 00:00:00-05:00,2.359999895095825,2.4200000762939453,2.0999999046325684,2.140000104904175,2.140000104904175,31822400,0.0,0.0
2016-01-11 00:00:00-05:00,2.1600000858306885,2.359999895095825,2.119999885559082,2.3399999141693115,2.3399999141693115,19629300,0.0,0.0
2016-01-12 00:00:00-05:00,2.4000000953674316,2.4600000381469727,2.2799999713897705,2.390000104904175,2.390000104904175,17986100,0.0,0.0
2016-01-13 00:00:00-05:00,2.4000000953674316,2.450000047683716,2.2100000381469727,2.25,2.25,12749700,0.0,0.0
2016-01-14 00:00:00-05:00,2.2899999618530273,2.3499999046325684,2.2100000381469727,2.2100000381469727,2.2100000381469727,15666600,0.0,0.0
2016-01-15 00:00:00-05:00,2.0999999046325684,2.130000114440918,1.9900000095367432,2.0299999713897705,2.0299999713897705,21199300,0.0,0.0
2016-01-19 00:00:00-05:00,2.0799999237060547,2.109999895095825,1.899999976158142,1.9500000476837158,1.9500000476837158,18978900,0.0,0.0
2016-01-20 00:00:00-05:00,1.809999942779541,1.9500000476837158,1.75,1.7999999523162842,1.7999999523162842,29243600,0.0,0.0
2016-01-21 00:00:00-05:00,1.8200000524520874,2.180000066757202,1.809999942779541,2.0899999141693115,2.0899999141693115,26387900,0.0,0.0
2016-01-22 00:00:00-05:00,2.109999895095825,2.1700000762939453,1.9800000190734863,2.0199999809265137,2.0199999809265137,16245500,0.0,0.0
2016-01-25 00:00:00-05:00,2.009999990463257,2.1500000953674316,2.009999990463257,2.119999885559082,2.119999885559082,13080900,0.0,0.0
2016-01-26 00:00:00-05:00,2.140000104904175,2.1500000953674316,2.0299999713897705,2.069999933242798,2.069999933242798,11097400,0.0,0.0
2016-01-27 00:00:00-05:00,2.0799999237060547,2.180000066757202,2.069999933242798,2.130000114440918,2.130000114440918,10833200,0.0,0.0
2016-01-28 00:00:00-05:00,2.1600000858306885,2.1700000762939453,2.069999933242798,2.0799999237060547,2.0799999237060547,7118400,0.0,0.0
2016-01-29 00:00:00-05:00,2.0899999141693115,2.200000047683716,2.069999933242798,2.200000047683716,2.200000047683716,11998100,0.0,0.0
2016-02-01 00:00:00-05:00,2.1700000762939453,2.190000057220459,2.109999895095825,2.140000104904175,2.140000104904175,8816100,0.0,0.0
2016-02-02 00:00:00-05:00,2.109999895095825,2.140000104904175,1.9600000381469727,1.9900000095367432,1.9900000095367432,11224100,0.0,0.0
2016-02-03 00:00:00-05:00,2.0399999618530273,2.0799999237060547,1.9500000476837158,2.069999933242798,2.069999933242798,9978600,0.0,0.0
2016-02-04 00:00:00-05:00,2.059999942779541,2.1700000762939453,2.0299999713897705,2.0899999141693115,2.0899999141693115,8284800,0.0,0.0
2016-02-05 00:00:00-05:00,2.059999942779541,2.0799999237060547,1.9800000190734863,1.9800000190734863,1.9800000190734863,7914400,0.0,0.0
2016-02-08 00:00:00-05:00,1.9700000286102295,1.9800000190734863,1.8700000047683716,1.9299999475479126,1.9299999475479126,11589000,0.0,0.0
2016-02-09 00:00:00-05:00,1.8899999856948853,2.0,1.850000023841858,1.899999976158142,1.899999976158142,14991500,0.0,0.0
2016-02-10 00:00:00-05:00,1.9199999570846558,1.9800000190734863,1.8300000429153442,1.840000033378601,1.840000033378601,9466100,0.0,0.0
2016-02-11 00:00:00-05:00,1.8200000524520874,1.940000057220459,1.809999942779541,1.8600000143051147,1.8600000143051147,7858300,0.0,0.0
2016-02-12 00:00:00-05:00,1.8899999856948853,1.909999966621399,1.8200000524520874,1.8300000429153442,1.8300000429153442,9957300,0.0,0.0
2016-02-16 00:00:00-05:00,1.8600000143051147,1.899999976158142,1.8200000524520874,1.8300000429153442,1.8300000429153442,11853400,0.0,0.0
2016-02-17 00:00:00-05:00,1.850000023841858,1.940000057220459,1.850000023841858,1.899999976158142,1.899999976158142,13770200,0.0,0.0
2016-02-18 00:00:00-05:00,1.9299999475479126,1.9800000190734863,1.899999976158142,1.909999966621399,1.909999966621399,10823400,0.0,0.0
2016-02-19 00:00:00-05:00,1.9299999475479126,1.9299999475479126,1.8300000429153442,1.909999966621399,1.909999966621399,7784100,0.0,0.0
2016-02-22 00:00:00-05:00,1.940000057220459,2.0399999618530273,1.9299999475479126,2.009999990463257,2.009999990463257,9895500,0.0,0.0
2016-02-23 00:00:00-05:00,2.0399999618530273,2.059999942779541,1.9700000286102295,1.9700000286102295,1.9700000286102295,6710600,0.0,0.0
2016-02-24 00:00:00-05:00,1.9800000190734863,2.0399999618530273,1.9299999475479126,2.0199999809265137,2.0199999809265137,6906200,0.0,0.0
2016-02-25 00:00:00-05:00,2.0199999809265137,2.0399999618530273,1.9800000190734863,2.0299999713897705,2.0299999713897705,5614400,0.0,0.0
2016-02-26 00:00:00-05:00,2.0399999618530273,2.0999999046325684,2.0299999713897705,2.069999933242798,2.069999933242798,7911500,0.0,0.0
2016-02-29 00:00:00-05:00,2.059999942779541,2.1500000953674316,2.049999952316284,2.140000104904175,2.140000104904175,11400300,0.0,0.0
2016-03-01 00:00:00-05:00,2.1600000858306885,2.200000047683716,2.119999885559082,2.180000066757202,2.180000066757202,9011200,0.0,0.0
2016-03-02 00:00:00-05:00,2.200000047683716,2.3299999237060547,2.180000066757202,2.319999933242798,2.319999933242798,10845700,0.0,0.0
2016-03-03 00:00:00-05:00,2.319999933242798,2.549999952316284,2.299999952316284,2.4600000381469727,2.4600000381469727,22092400,0.0,0.0
2016-03-04 00:00:00-05:00,2.4200000762939453,2.5,2.3399999141693115,2.369999885559082,2.369999885559082,15449000,0.0,0.0
2016-03-07 00:00:00-05:00,2.359999895095825,2.4700000286102295,2.359999895095825,2.4700000286102295,2.4700000286102295,8754300,0.0,0.0
2016-03-08 00:00:00-05:00,2.440000057220459,2.4600000381469727,2.299999952316284,2.299999952316284,2.299999952316284,10026900,0.0,0.0
2016-03-09 00:00:00-05:00,2.319999933242798,2.3499999046325684,2.200000047683716,2.259999990463257,2.259999990463257,13082400,0.0,0.0
2016-03-10 00:00:00-05:00,2.2899999618530273,2.309999942779541,2.1500000953674316,2.259999990463257,2.259999990463257,9603500,0.0,0.0
2016-03-11 00:00:00-05:00,2.2899999618530273,2.5399999618530273,2.2899999618530273,2.5199999809265137,2.5199999809265137,21382400,0.0,0.0
2016-03-14 00:00:00-04:00,2.5299999713897705,2.75,2.5,2.7200000286102295,2.7200000286102295,33848000,0.0,0.0
2016-03-15 00:00:00-04:00,2.6700000762939453,2.690000057220459,2.450000047683716,2.490000009536743,2.490000009536743,21573600,0.0,0.0
2016-03-16 00:00:00-04:00,2.5,2.640000104904175,2.490000009536743,2.630000114440918,2.630000114440918,13015700,0.0,0.0
2016-03-17 00:00:00-04:00,2.7699999809265137,2.809999942779541,2.700000047683716,2.799999952316284,2.799999952316284,29000800,0.0,0.0
2016-03-18 00:00:00-04:00,2.799999952316284,2.930000066757202,2.7699999809265137,2.930000066757202,2.930000066757202,26330500,0.0,0.0
2016-03-21 00:00:00-04:00,2.9000000953674316,2.9000000953674316,2.75,2.799999952316284,2.799999952316284,13464900,0.0,0.0
2016-03-22 00:00:00-04:00,2.7300000190734863,2.8499999046325684,2.7100000381469727,2.7899999618530273,2.7899999618530273,10315800,0.0,0.0
2016-03-23 00:00:00-04:00,2.799999952316284,2.8299999237060547,2.680000066757202,2.680000066757202,2.680000066757202,10167100,0.0,0.0
2016-03-24 00:00:00-04:00,2.690000057220459,2.809999942779541,2.619999885559082,2.7899999618530273,2.7899999618530273,10040200,0.0,0.0
2016-03-28 00:00:00-04:00,2.809999942779541,2.8399999141693115,2.7300000190734863,2.7799999713897705,2.7799999713897705,7683700,0.0,0.0
2016-03-29 00:00:00-04:00,2.740000009536743,2.880000114440918,2.700000047683716,2.859999895095825,2.859999895095825,13616200,0.0,0.0
2016-03-30 00:00:00-04:00,2.880000114440918,2.9800000190734863,2.8499999046325684,2.859999895095825,2.859999895095825,14945900,0.0,0.0
2016-03-31 00:00:00-04:00,2.8399999141693115,2.880000114440918,2.799999952316284,2.8499999046325684,2.8499999046325684,9071500,0.0,0.0
2016-04-01 00:00:00-04:00,2.7899999618530273,2.880000114440918,2.759999990463257,2.8299999237060547,2.8299999237060547,8257700,0.0,0.0
2016-04-04 00:00:00-04:00,2.8299999237060547,2.869999885559082,2.799999952316284,2.8299999237060547,2.8299999237060547,5591100,0.0,0.0
2016-04-05 00:00:00-04:00,2.759999990463257,2.8399999141693115,2.7200000286102295,2.759999990463257,2.759999990463257,9640200,0.0,0.0
2016-04-06 00:00:00-04:00,2.75,2.799999952316284,2.7200000286102295,2.799999952316284,2.799999952316284,12534600,0.0,0.0
2016-04-07 00:00:00-04:00,2.759999990463257,2.8299999237060547,2.609999895095825,2.640000104904175,2.640000104904175,13479200,0.0,0.0
2016-04-08 00:00:00-04:00,2.700000047683716,2.759999990463257,2.680000066757202,2.740000009536743,2.740000009536743,8489000,0.0,0.0
2016-04-11 00:00:00-04:00,2.759999990463257,2.819999933242798,2.740000009536743,2.759999990463257,2.759999990463257,9045100,0.0,0.0
2016-04-12 00:00:00-04:00,2.7899999618530273,2.8499999046325684,2.759999990463257,2.809999942779541,2.809999942779541,16131900,0.0,0.0
2016-04-13 00:00:00-04:00,2.7799999713897705,2.819999933242798,2.7300000190734863,2.799999952316284,2.799999952316284,8048000,0.0,0.0
2016-04-14 00:00:00-04:00,2.7699999809265137,2.7899999618530273,2.700000047683716,2.7200000286102295,2.7200000286102295,8985300,0.0,0.0
2016-04-15 00:00:00-04:00,2.7200000286102295,2.75,2.680000066757202,2.700000047683716,2.700000047683716,7487500,0.0,0.0
2016-04-18 00:00:00-04:00,2.6700000762939453,2.799999952316284,2.6500000953674316,2.759999990463257,2.759999990463257,8938800,0.0,0.0
2016-04-19 00:00:00-04:00,2.7799999713897705,2.7799999713897705,2.609999895095825,2.619999885559082,2.619999885559082,11719900,0.0,0.0
2016-04-20 00:00:00-04:00,2.619999885559082,2.7200000286102295,2.609999895095825,2.700000047683716,2.700000047683716,7926100,0.0,0.0
2016-04-21 00:00:00-04:00,2.6500000953674316,2.700000047683716,2.5999999046325684,2.619999885559082,2.619999885559082,13957200,0.0,0.0
2016-04-22 00:00:00-04:00,3.190000057220459,3.990000009536743,3.180000066757202,3.990000009536743,3.990000009536743,143265300,0.0,0.0
2016-04-25 00:00:00-04:00,3.809999942779541,3.819999933242798,3.309999942779541,3.450000047683716,3.450000047683716,80607900,0.0,0.0
2016-04-26 00:00:00-04:00,3.450000047683716,3.75,3.440000057220459,3.6600000858306885,3.6600000858306885,36336900,0.0,0.0
2016-04-27 00:00:00-04:00,3.549999952316284,3.75,3.5299999713897705,3.7300000190734863,3.7300000190734863,24186800,0.0,0.0
2016-04-28 00:00:00-04:00,3.690000057220459,3.799999952316284,3.5999999046325684,3.609999895095825,3.609999895095825,20230000,0.0,0.0
2016-04-29 00:00:00-04:00,3.690000057220459,3.690000057220459,3.450000047683716,3.549999952316284,3.549999952316284,17717800,0.0,0.0
2016-05-02 00:00:00-04:00,3.5799999237060547,3.75,3.569999933242798,3.740000009536743,3.740000009536743,16972800,0.0,0.0
2016-05-03 00:00:00-04:00,3.700000047683716,3.7100000381469727,3.5799999237060547,3.5999999046325684,3.5999999046325684,13784800,0.0,0.0
2016-05-04 00:00:00-04:00,3.5399999618530273,3.6700000762939453,3.5399999618530273,3.5999999046325684,3.5999999046325684,8688500,0.0,0.0
2016-05-05 00:00:00-04:00,3.640000104904175,3.799999952316284,3.609999895095825,3.6600000858306885,3.6600000858306885,21529600,0.0,0.0
2016-05-06 00:00:00-04:00,3.6500000953674316,3.75,3.640000104904175,3.680000066757202,3.680000066757202,11839300,0.0,0.0
2016-05-09 00:00:00-04:00,3.6600000858306885,3.680000066757202,3.450000047683716,3.6500000953674316,3.6500000953674316,16299400,0.0,0.0
2016-05-10 00:00:00-04:00,3.6600000858306885,3.680000066757202,3.559999942779541,3.640000104904175,3.640000104904175,9415100,0.0,0.0
2016-05-11 00:00:00-04:00,3.609999895095825,3.680000066757202,3.5999999046325684,3.6500000953674316,3.6500000953674316,7540300,0.0,0.0
2016-05-12 00:00:00-04:00,3.6500000953674316,3.680000066757202,3.549999952316284,3.5899999141693115,3.5899999141693115,9255800,0.0,0.0
2016-05-13 00:00:00-04:00,3.559999942779541,3.7300000190734863,3.549999952316284,3.6700000762939453,3.6700000762939453,16470100,0.0,0.0
2016-05-16 00:00:00-04:00,3.6700000762939453,3.8499999046325684,3.6500000953674316,3.7899999618530273,3.7899999618530273,14703800,0.0,0.0
2016-05-17 00:00:00-04:00,3.799999952316284,3.9800000190734863,3.690000057220459,3.7899999618530273,3.7899999618530273,20066100,0.0,0.0
2016-05-18 00:00:00-04:00,3.7899999618530273,3.9700000286102295,3.7699999809265137,3.8399999141693115,3.8399999141693115,19487500,0.0,0.0
2016-05-19 00:00:00-04:00,3.8299999237060547,3.8499999046325684,3.690000057220459,3.7699999809265137,3.7699999809265137,17696900,0.0,0.0
2016-05-20 00:00:00-04:00,3.8299999237060547,3.9000000953674316,3.809999942779541,3.869999885559082,3.869999885559082,13799600,0.0,0.0
2016-05-23 00:00:00-04:00,3.9000000953674316,4.199999809265137,3.880000114440918,4.039999961853027,4.039999961853027,35467000,0.0,0.0
2016-05-24 00:00:00-04:00,4.090000152587891,4.210000038146973,3.9200000762939453,4.199999809265137,4.199999809265137,34283900,0.0,0.0
2016-05-25 00:00:00-04:00,4.239999771118164,4.349999904632568,4.150000095367432,4.179999828338623,4.179999828338623,24703600,0.0,0.0
2016-05-26 00:00:00-04:00,4.190000057220459,4.380000114440918,4.170000076293945,4.349999904632568,4.349999904632568,22625700,0.0,0.0
2016-05-27 00:00:00-04:00,4.389999866485596,4.630000114440918,4.369999885559082,4.599999904632568,4.599999904632568,34429600,0.0,0.0
2016-05-31 00:00:00-04:00,4.670000076293945,4.710000038146973,4.5,4.570000171661377,4.570000171661377,25379200,0.0,0.0
2016-06-01 00:00:00-04:00,4.599999904632568,4.639999866485596,4.380000114440918,4.429999828338623,4.429999828338623,29696400,0.0,0.0
2016-06-02 00:00:00-04:00,4.369999885559082,4.400000095367432,4.070000171661377,4.239999771118164,4.239999771118164,35335000,0.0,0.0
2016-06-03 00:00:00-04:00,4.159999847412109,4.199999809265137,4.079999923706055,4.159999847412109,4.159999847412109,17561800,0.0,0.0
2016-06-06 00:00:00-04:00,4.199999809265137,4.510000228881836,4.170000076293945,4.46999979019165,4.46999979019165,21329600,0.0,0.0
2016-06-07 00:00:00-04:00,4.559999942779541,4.670000076293945,4.46999979019165,4.510000228881836,4.510000228881836,20676200,0.0,0.0
2016-06-08 00:00:00-04:00,4.539999961853027,4.559999942779541,4.380000114440918,4.460000038146973,4.460000038146973,16074300,0.0,0.0
2016-06-09 00:00:00-04:00,4.409999847412109,4.539999961853027,4.320000171661377,4.519999980926514,4.519999980926514,16219100,0.0,0.0
2016-06-10 00:00:00-04:00,4.400000095367432,4.46999979019165,4.300000190734863,4.320000171661377,4.320000171661377,15106500,0.0,0.0
2016-06-13 00:00:00-04:00,4.320000171661377,4.480000019073486,4.320000171661377,4.400000095367432,4.400000095367432,13500700,0.0,0.0
2016-06-14 00:00:00-04:00,4.400000095367432,4.510000228881836,4.329999923706055,4.389999866485596,4.389999866485596,16757400,0.0,0.0
2016-06-15 00:00:00-04:00,4.440000057220459,4.480000019073486,4.300000190734863,4.420000076293945,4.420000076293945,11575300,0.0,0.0
2016-06-16 00:00:00-04:00,4.5,4.75,4.460000038146973,4.75,4.75,34182700,0.0,0.0
2016-06-17 00:00:00-04:00,4.75,5.269999980926514,4.679999828338623,5.260000228881836,5.260000228881836,64894100,0.0,0.0
2016-06-20 00:00:00-04:00,5.389999866485596,5.449999809265137,5.090000152587891,5.099999904632568,5.099999904632568,43541300,0.0,0.0
2016-06-21 00:00:00-04:00,5.099999904632568,5.5,5.090000152587891,5.449999809265137,5.449999809265137,35864600,0.0,0.0
2016-06-22 00:00:00-04:00,5.460000038146973,5.519999980926514,4.960000038146973,5.019999980926514,5.019999980926514,47943300,0.0,0.0
2016-06-23 00:00:00-04:00,5.170000076293945,5.260000228881836,5.050000190734863,5.210000038146973,5.210000038146973,29159200,0.0,0.0
2016-06-24 00:00:00-04:00,4.820000171661377,5.070000171661377,4.760000228881836,4.880000114440918,4.880000114440918,36735200,0.0,0.0
2016-06-27 00:00:00-04:00,4.880000114440918,5.050000190734863,4.650000095367432,4.71999979019165,4.71999979019165,31025300,0.0,0.0
2016-06-28 00:00:00-04:00,4.949999809265137,5.190000057220459,4.909999847412109,5.119999885559082,5.119999885559082,29221400,0.0,0.0
2016-06-29 00:00:00-04:00,5.309999942779541,5.400000095367432,5.099999904632568,5.130000114440918,5.130000114440918,33118300,0.0,0.0
2016-06-30 00:00:00-04:00,5.130000114440918,5.190000057220459,4.949999809265137,5.139999866485596,5.139999866485596,26124800,0.0,0.0
2016-07-01 00:00:00-04:00,5.090000152587891,5.139999866485596,5.0,5.070000171661377,5.070000171661377,18255900,0.0,0.0
2016-07-05 00:00:00-04:00,5.03000020980835,5.050000190734863,4.880000114440918,4.960000038146973,4.960000038146973,16332500,0.0,0.0
2016-07-06 00:00:00-04:00,4.909999847412109,5.110000133514404,4.900000095367432,5.039999961853027,5.039999961853027,19392900,0.0,0.0
2016-07-07 00:00:00-04:00,5.070000171661377,5.099999904632568,4.940000057220459,5.019999980926514,5.019999980926514,15813800,0.0,0.0
2016-07-08 00:00:00-04:00,4.840000152587891,5.150000095367432,4.820000171661377,5.099999904632568,5.099999904632568,28140700,0.0,0.0
2016-07-11 00:00:00-04:00,5.130000114440918,5.190000057220459,5.0,5.010000228881836,5.010000228881836,21027900,0.0,0.0
2016-07-12 00:00:00-04:00,5.010000228881836,5.170000076293945,5.010000228881836,5.139999866485596,5.139999866485596,20832500,0.0,0.0
2016-07-13 00:00:00-04:00,5.139999866485596,5.190000057220459,5.039999961853027,5.090000152587891,5.090000152587891,14032500,0.0,0.0
2016-07-14 00:00:00-04:00,5.150000095367432,5.239999771118164,5.059999942779541,5.170000076293945,5.170000076293945,20050100,0.0,0.0
2016-07-15 00:00:00-04:00,5.199999809265137,5.199999809265137,5.099999904632568,5.139999866485596,5.139999866485596,14219300,0.0,0.0
2016-07-18 00:00:00-04:00,5.190000057220459,5.570000171661377,5.130000114440918,5.510000228881836,5.510000228881836,38619400,0.0,0.0
2016-07-19 00:00:00-04:00,5.5,5.550000190734863,5.340000152587891,5.409999847412109,5.409999847412109,23439600,0.0,0.0
2016-07-20 00:00:00-04:00,5.480000019073486,5.5,5.400000095367432,5.409999847412109,5.409999847412109,20102400,0.0,0.0
2016-07-21 00:00:00-04:00,5.429999828338623,5.449999809265137,5.099999904632568,5.21999979019165,5.21999979019165,40242000,0.0,0.0
2016-07-22 00:00:00-04:00,5.730000019073486,5.96999979019165,5.449999809265137,5.840000152587891,5.840000152587891,101838300,0.0,0.0
2016-07-25 00:00:00-04:00,5.929999828338623,6.949999809265137,5.920000076293945,6.699999809265137,6.699999809265137,118328600,0.0,0.0
2016-07-26 00:00:00-04:00,6.760000228881836,7.159999847412109,6.710000038146973,6.980000019073486,6.980000019073486,81230600,0.0,0.0
2016-07-27 00:00:00-04:00,6.929999828338623,6.980000019073486,6.679999828338623,6.849999904632568,6.849999904632568,38567300,0.0,0.0
2016-07-28 00:00:00-04:00,6.789999961853027,6.980000019073486,6.739999771118164,6.820000171661377,6.820000171661377,27515600,0.0,0.0
2016-07-29 00:00:00-04:00,6.880000114440918,6.960000038146973,6.75,6.860000133514404,6.860000133514404,22580500,0.0,0.0
2016-08-01 00:00:00-04:00,6.889999866485596,6.920000076293945,6.570000171661377,6.639999866485596,6.639999866485596,26729000,0.0,0.0
2016-08-02 00:00:00-04:00,6.559999942779541,6.599999904632568,6.150000095367432,6.260000228881836,6.260000228881836,40816400,0.0,0.0
2016-08-03 00:00:00-04:00,6.179999828338623,6.449999809265137,6.150000095367432,6.300000190734863,6.300000190734863,23807800,0.0,0.0
2016-08-04 00:00:00-04:00,6.389999866485596,6.610000133514404,6.369999885559082,6.46999979019165,6.46999979019165,22411000,0.0,0.0
2016-08-05 00:00:00-04:00,6.559999942779541,6.760000228881836,6.46999979019165,6.610000133514404,6.610000133514404,20164000,0.0,0.0
2016-08-08 00:00:00-04:00,6.699999809265137,6.849999904632568,6.650000095367432,6.679999828338623,6.679999828338623,21462200,0.0,0.0
2016-08-09 00:00:00-04:00,6.75,6.78000020980835,6.539999961853027,6.599999904632568,6.599999904632568,16772400,0.0,0.0
2016-08-10 00:00:00-04:00,6.349999904632568,6.579999923706055,6.25,6.489999771118164,6.489999771118164,29070700,0.0,0.0
2016-08-11 00:00:00-04:00,6.5,6.590000152587891,6.460000038146973,6.579999923706055,6.579999923706055,13240300,0.0,0.0
2016-08-12 00:00:00-04:00,6.599999904632568,6.789999961853027,6.550000190734863,6.730000019073486,6.730000019073486,25466400,0.0,0.0
2016-08-15 00:00:00-04:00,6.789999961853027,6.96999979019165,6.78000020980835,6.949999809265137,6.949999809265137,28339400,0.0,0.0
2016-08-16 00:00:00-04:00,6.940000057220459,6.940000057220459,6.650000095367432,6.78000020980835,6.78000020980835,26768800,0.0,0.0
2016-08-17 00:00:00-04:00,6.699999809265137,6.75,6.610000133514404,6.679999828338623,6.679999828338623,13791300,0.0,0.0
2016-08-18 00:00:00-04:00,6.739999771118164,7.070000171661377,6.730000019073486,7.039999961853027,7.039999961853027,30783300,0.0,0.0
2016-08-19 00:00:00-04:00,7.239999771118164,8.0,7.21999979019165,7.619999885559082,7.619999885559082,75129300,0.0,0.0
2016-08-22 00:00:00-04:00,7.829999923706055,7.949999809265137,7.369999885559082,7.579999923706055,7.579999923706055,41519200,0.0,0.0
2016-08-23 00:00:00-04:00,7.659999847412109,7.739999771118164,7.53000020980835,7.670000076293945,7.670000076293945,27531100,0.0,0.0
2016-08-24 00:00:00-04:00,7.670000076293945,7.670000076293945,7.369999885559082,7.429999828338623,7.429999828338623,22943900,0.0,0.0
2016-08-25 00:00:00-04:00,7.489999771118164,7.489999771118164,7.199999809265137,7.46999979019165,7.46999979019165,16451300,0.0,0.0
2016-08-26 00:00:00-04:00,7.489999771118164,7.800000190734863,7.460000038146973,7.670000076293945,7.670000076293945,31387900,0.0,0.0
2016-08-29 00:00:00-04:00,7.71999979019165,7.789999961853027,7.570000171661377,7.590000152587891,7.590000152587891,16916300,0.0,0.0
2016-08-30 00:00:00-04:00,7.610000133514404,7.639999866485596,7.409999847412109,7.489999771118164,7.489999771118164,16088100,0.0,0.0
2016-08-31 00:00:00-04:00,7.519999980926514,7.519999980926514,7.28000020980835,7.400000095367432,7.400000095367432,18808800,0.0,0.0
2016-09-01 00:00:00-04:00,7.179999828338623,7.440000057220459,7.090000152587891,7.349999904632568,7.349999904632568,22284600,0.0,0.0
2016-09-02 00:00:00-04:00,7.489999771118164,7.639999866485596,7.380000114440918,7.510000228881836,7.510000228881836,18538400,0.0,0.0
2016-09-06 00:00:00-04:00,7.559999942779541,7.599999904632568,7.25,7.340000152587891,7.340000152587891,24994600,0.0,0.0
2016-09-07 00:00:00-04:00,7.050000190734863,7.070000171661377,6.78000020980835,6.840000152587891,6.840000152587891,57721900,0.0,0.0
2016-09-08 00:00:00-04:00,6.639999866485596,6.650000095367432,6.150000095367432,6.230000019073486,6.230000019073486,90814700,0.0,0.0
2016-09-09 00:00:00-04:00,6.230000019073486,6.239999771118164,5.849999904632568,5.900000095367432,5.900000095367432,170828000,0.0,0.0
2016-09-12 00:00:00-04:00,5.829999923706055,6.070000171661377,5.769999980926514,5.940000057220459,5.940000057220459,78014400,0.0,0.0
2016-09-13 00:00:00-04:00,5.920000076293945,5.949999809265137,5.659999847412109,5.739999771118164,5.739999771118164,50819500,0.0,0.0
2016-09-14 00:00:00-04:00,5.75,6.079999923706055,5.75,6.039999961853027,6.039999961853027,64251100,0.0,0.0
2016-09-15 00:00:00-04:00,6.090000152587891,6.199999809265137,5.949999809265137,6.019999980926514,6.019999980926514,52669500,0.0,0.0
2016-09-16 00:00:00-04:00,6.21999979019165,6.21999979019165,5.96999979019165,6.050000190734863,6.050000190734863,47829400,0.0,0.0
2016-09-19 00:00:00-04:00,6.119999885559082,6.28000020980835,6.079999923706055,6.159999847412109,6.159999847412109,37837200,0.0,0.0
2016-09-20 00:00:00-04:00,6.230000019073486,6.28000020980835,6.119999885559082,6.170000076293945,6.170000076293945,28990900,0.0,0.0
2016-09-21 00:00:00-04:00,6.199999809265137,6.320000171661377,6.139999866485596,6.289999961853027,6.289999961853027,33450000,0.0,0.0
2016-09-22 00:00:00-04:00,6.349999904632568,6.440000057220459,6.329999923706055,6.369999885559082,6.369999885559082,35848200,0.0,0.0
2016-09-23 00:00:00-04:00,6.309999942779541,6.650000095367432,6.309999942779541,6.550000190734863,6.550000190734863,61022400,0.0,0.0
2016-09-26 00:00:00-04:00,6.539999961853027,6.539999961853027,6.309999942779541,6.320000171661377,6.320000171661377,29875800,0.0,0.0
2016-09-27 00:00:00-04:00,6.449999809265137,6.579999923706055,6.289999961853027,6.539999961853027,6.539999961853027,30035900,0.0,0.0
2016-09-28 00:00:00-04:00,6.570000171661377,6.650000095367432,6.480000019073486,6.590000152587891,6.590000152587891,27878300,0.0,0.0
2016-09-29 00:00:00-04:00,6.570000171661377,6.730000019073486,6.539999961853027,6.670000076293945,6.670000076293945,30746100,0.0,0.0
2016-09-30 00:00:00-04:00,6.699999809265137,7.039999961853027,6.699999809265137,6.909999847412109,6.909999847412109,47453100,0.0,0.0
2016-10-03 00:00:00-04:00,6.949999809265137,7.150000095367432,6.869999885559082,6.949999809265137,6.949999809265137,30456700,0.0,0.0
2016-10-04 00:00:00-04:00,7.0,7.090000152587891,6.889999866485596,6.96999979019165,6.96999979019165,25770000,0.0,0.0
2016-10-05 00:00:00-04:00,6.96999979019165,7.010000228881836,6.699999809265137,6.78000020980835,6.78000020980835,31235600,0.0,0.0
2016-10-06 00:00:00-04:00,6.71999979019165,6.980000019073486,6.630000114440918,6.960000038146973,6.960000038146973,27059700,0.0,0.0
2016-10-07 00:00:00-04:00,6.920000076293945,6.960000038146973,6.619999885559082,6.75,6.75,33059000,0.0,0.0
2016-10-10 00:00:00-04:00,6.820000171661377,6.940000057220459,6.800000190734863,6.840000152587891,6.840000152587891,13800500,0.0,0.0
2016-10-11 00:00:00-04:00,6.800000190734863,6.840000152587891,6.380000114440918,6.5,6.5,32510800,0.0,0.0
2016-10-12 00:00:00-04:00,6.639999866485596,6.769999980926514,6.420000076293945,6.619999885559082,6.619999885559082,33592700,0.0,0.0
2016-10-13 00:00:00-04:00,6.5,6.539999961853027,6.239999771118164,6.489999771118164,6.489999771118164,30401700,0.0,0.0
2016-10-14 00:00:00-04:00,6.920000076293945,7.119999885559082,6.739999771118164,6.75,6.75,66934400,0.0,0.0
2016-10-17 00:00:00-04:00,6.920000076293945,6.96999979019165,6.639999866485596,6.670000076293945,6.670000076293945,24261500,0.0,0.0
2016-10-18 00:00:00-04:00,6.760000228881836,6.889999866485596,6.690000057220459,6.730000019073486,6.730000019073486,25314800,0.0,0.0
2016-10-19 00:00:00-04:00,6.699999809265137,6.800000190734863,6.570000171661377,6.769999980926514,6.769999980926514,29420200,0.0,0.0
2016-10-20 00:00:00-04:00,6.809999942779541,6.980000019073486,6.769999980926514,6.960000038146973,6.960000038146973,64607500,0.0,0.0
2016-10-21 00:00:00-04:00,6.5,6.650000095367432,6.369999885559082,6.519999980926514,6.519999980926514,64243500,0.0,0.0
2016-10-24 00:00:00-04:00,6.570000171661377,7.010000228881836,6.539999961853027,7.010000228881836,7.010000228881836,52998400,0.0,0.0
2016-10-25 00:00:00-04:00,6.900000095367432,7.5,6.869999885559082,7.5,7.5,78862000,0.0,0.0
2016-10-26 00:00:00-04:00,7.400000095367432,7.480000019073486,7.260000228881836,7.289999961853027,7.289999961853027,47619300,0.0,0.0
2016-10-27 00:00:00-04:00,7.440000057220459,7.460000038146973,7.099999904632568,7.110000133514404,7.110000133514404,37804200,0.0,0.0
2016-10-28 00:00:00-04:00,7.099999904632568,7.53000020980835,7.019999980926514,7.199999809265137,7.199999809265137,77261300,0.0,0.0
2016-10-31 00:00:00-04:00,7.239999771118164,7.460000038146973,7.199999809265137,7.230000019073486,7.230000019073486,42345900,0.0,0.0
2016-11-01 00:00:00-04:00,7.320000171661377,7.429999828338623,6.920000076293945,7.090000152587891,7.090000152587891,39906900,0.0,0.0
2016-11-02 00:00:00-04:00,7.03000020980835,7.059999942779541,6.670000076293945,6.760000228881836,6.760000228881836,33852200,0.0,0.0
2016-11-03 00:00:00-04:00,6.78000020980835,6.789999961853027,6.559999942779541,6.699999809265137,6.699999809265137,33673600,0.0,0.0
2016-11-04 00:00:00-04:00,6.690000057220459,6.71999979019165,6.460000038146973,6.559999942779541,6.559999942779541,32215700,0.0,0.0
2016-11-07 00:00:00-05:00,6.789999961853027,6.989999771118164,6.760000228881836,6.960000038146973,6.960000038146973,36999200,0.0,0.0
2016-11-08 00:00:00-05:00,6.849999904632568,7.179999828338623,6.75,7.0,7.0,37728500,0.0,0.0
2016-11-09 00:00:00-05:00,6.699999809265137,7.050000190734863,6.639999866485596,6.940000057220459,6.940000057220459,38479500,0.0,0.0
2016-11-10 00:00:00-05:00,6.820000171661377,6.909999847412109,6.21999979019165,6.300000190734863,6.300000190734863,71749500,0.0,0.0
2016-11-11 00:00:00-05:00,6.639999866485596,6.690000057220459,6.46999979019165,6.690000057220459,6.690000057220459,39492200,0.0,0.0
2016-11-14 00:00:00-05:00,6.829999923706055,6.840000152587891,6.610000133514404,6.789999961853027,6.789999961853027,29596400,0.0,0.0
2016-11-15 00:00:00-05:00,6.820000171661377,7.079999923706055,6.789999961853027,6.96999979019165,6.96999979019165,28909400,0.0,0.0
2016-11-16 00:00:00-05:00,7.090000152587891,7.75,7.070000171661377,7.670000076293945,7.670000076293945,78083200,0.0,0.0
2016-11-17 00:00:00-05:00,7.789999961853027,8.770000457763672,7.769999980926514,8.460000038146973,8.460000038146973,124235500,0.0,0.0
2016-11-18 00:00:00-05:00,8.680000305175781,8.829999923706055,8.399999618530273,8.710000038146973,8.710000038146973,62336200,0.0,0.0
2016-11-21 00:00:00-05:00,8.869999885559082,9.220000267028809,8.859999656677246,8.9399995803833,8.9399995803833,65595900,0.0,0.0
2016-11-22 00:00:00-05:00,9.050000190734863,9.0600004196167,8.539999961853027,8.6899995803833,8.6899995803833,71312800,0.0,0.0
2016-11-23 00:00:00-05:00,8.720000267028809,8.859999656677246,8.5,8.800000190734863,8.800000190734863,34646000,0.0,0.0
2016-11-25 00:00:00-05:00,8.800000190734863,8.90999984741211,8.6899995803833,8.770000457763672,8.770000457763672,14214100,0.0,0.0
2016-11-28 00:00:00-05:00,8.720000267028809,8.979999542236328,8.720000267028809,8.829999923706055,8.829999923706055,25907800,0.0,0.0
2016-11-29 00:00:00-05:00,9.0,9.229999542236328,8.850000381469727,8.930000305175781,8.930000305175781,54831400,0.0,0.0
2016-11-30 00:00:00-05:00,9.020000457763672,9.119999885559082,8.899999618530273,8.90999984741211,8.90999984741211,36511900,0.0,0.0
2016-12-01 00:00:00-05:00,8.920000076293945,9.029999732971191,8.260000228881836,8.390000343322754,8.390000343322754,56682400,0.0,0.0
2016-12-02 00:00:00-05:00,8.380000114440918,8.739999771118164,8.380000114440918,8.529999732971191,8.529999732971191,42398900,0.0,0.0
2016-12-05 00:00:00-05:00,8.6899995803833,8.710000038146973,8.449999809265137,8.680000305175781,8.680000305175781,31410100,0.0,0.0
2016-12-06 00:00:00-05:00,8.949999809265137,9.539999961853027,8.819999694824219,9.449999809265137,9.449999809265137,92242900,0.0,0.0
2016-12-07 00:00:00-05:00,9.649999618530273,9.789999961853027,9.239999771118164,9.5600004196167,9.5600004196167,54897300,0.0,0.0
2016-12-08 00:00:00-05:00,9.899999618530273,10.65999984741211,9.800000190734863,10.34000015258789,10.34000015258789,104613000,0.0,0.0
2016-12-09 00:00:00-05:00,10.380000114440918,10.539999961853027,9.869999885559082,10.34000015258789,10.34000015258789,60600800,0.0,0.0
2016-12-12 00:00:00-05:00,10.399999618530273,10.930000305175781,10.380000114440918,10.680000305175781,10.680000305175781,63342900,0.0,0.0
2016-12-13 00:00:00-05:00,10.75,10.800000190734863,10.399999618530273,10.539999961853027,10.539999961853027,46967800,0.0,0.0
2016-12-14 00:00:00-05:00,10.430000305175781,10.739999771118164,10.270000457763672,10.550000190734863,10.550000190734863,46968600,0.0,0.0
2016-12-15 00:00:00-05:00,10.680000305175781,10.930000305175781,10.640000343322754,10.859999656677246,10.859999656677246,48871300,0.0,0.0
2016-12-16 00:00:00-05:00,10.9399995803833,11.229999542236328,10.600000381469727,10.65999984741211,10.65999984741211,77777700,0.0,0.0
2016-12-19 00:00:00-05:00,10.8100004196167,11.0,10.520000457763672,10.949999809265137,10.949999809265137,46085800,0.0,0.0
2016-12-20 00:00:00-05:00,11.1899995803833,11.510000228881836,11.149999618530273,11.510000228881836,11.510000228881836,59314200,0.0,0.0
2016-12-21 00:00:00-05:00,11.609999656677246,11.720000267028809,11.3100004196167,11.470000267028809,11.470000267028809,44814100,0.0,0.0
2016-12-22 00:00:00-05:00,11.649999618530273,11.75,11.470000267028809,11.600000381469727,11.600000381469727,36450800,0.0,0.0
2016-12-23 00:00:00-05:00,11.300000190734863,11.600000381469727,11.260000228881836,11.579999923706055,11.579999923706055,32288200,0.0,0.0
2016-12-27 00:00:00-05:00,11.649999618530273,12.079999923706055,11.600000381469727,12.069999694824219,12.069999694824219,44336500,0.0,0.0
2016-12-28 00:00:00-05:00,12.279999732971191,12.420000076293945,11.460000038146973,11.550000190734863,11.550000190734863,71254500,0.0,0.0
2016-12-29 00:00:00-05:00,11.239999771118164,11.619999885559082,11.010000228881836,11.59000015258789,11.59000015258789,50234300,0.0,0.0
2016-12-30 00:00:00-05:00,11.699999809265137,11.779999732971191,11.25,11.34000015258789,11.34000015258789,44095400,0.0,0.0
2017-01-03 00:00:00-05:00,11.420000076293945,11.649999618530273,11.020000457763672,11.430000305175781,11.430000305175781,55182000,0.0,0.0
2017-01-04 00:00:00-05:00,11.449999809265137,11.520000457763672,11.239999771118164,11.430000305175781,11.430000305175781,40781200,0.0,0.0
2017-01-05 00:00:00-05:00,11.430000305175781,11.6899995803833,11.229999542236328,11.239999771118164,11.239999771118164,38855200,0.0,0.0
2017-01-06 00:00:00-05:00,11.289999961853027,11.489999771118164,11.109999656677246,11.319999694824219,11.319999694824219,34453500,0.0,0.0
2017-01-09 00:00:00-05:00,11.369999885559082,11.640000343322754,11.3100004196167,11.489999771118164,11.489999771118164,37304800,0.0,0.0
2017-01-10 00:00:00-05:00,11.550000190734863,11.630000114440918,11.329999923706055,11.4399995803833,11.4399995803833,29201600,0.0,0.0
2017-01-11 00:00:00-05:00,11.390000343322754,11.40999984741211,11.149999618530273,11.199999809265137,11.199999809265137,39377000,0.0,0.0
2017-01-12 00:00:00-05:00,10.979999542236328,11.039999961853027,10.329999923706055,10.760000228881836,10.760000228881836,75244100,0.0,0.0
2017-01-13 00:00:00-05:00,10.789999961853027,10.869999885559082,10.5600004196167,10.579999923706055,10.579999923706055,38377500,0.0,0.0
2017-01-17 00:00:00-05:00,10.170000076293945,10.229999542236328,9.779999732971191,9.819999694824219,9.819999694824219,70491800,0.0,0.0
2017-01-18 00:00:00-05:00,9.539999961853027,10.100000381469727,9.420000076293945,9.880000114440918,9.880000114440918,51797600,0.0,0.0
2017-01-19 00:00:00-05:00,9.920000076293945,10.25,9.75,9.770000457763672,9.770000457763672,46151300,0.0,0.0
2017-01-20 00:00:00-05:00,9.880000114440918,9.960000038146973,9.670000076293945,9.75,9.75,27982100,0.0,0.0
2017-01-23 00:00:00-05:00,9.680000305175781,10.0600004196167,9.680000305175781,9.90999984741211,9.90999984741211,27905700,0.0,0.0
2017-01-24 00:00:00-05:00,9.949999809265137,10.489999771118164,9.949999809265137,10.4399995803833,10.4399995803833,43991200,0.0,0.0
2017-01-25 00:00:00-05:00,10.739999771118164,10.979999542236328,10.149999618530273,10.350000381469727,10.350000381469727,61778100,0.0,0.0
2017-01-26 00:00:00-05:00,10.350000381469727,10.65999984741211,10.300000190734863,10.520000457763672,10.520000457763672,35866600,0.0,0.0
2017-01-27 00:00:00-05:00,10.600000381469727,10.729999542236328,10.520000457763672,10.670000076293945,10.670000076293945,32719200,0.0,0.0
2017-01-30 00:00:00-05:00,10.619999885559082,10.680000305175781,10.300000190734863,10.609999656677246,10.609999656677246,37725000,0.0,0.0
2017-01-31 00:00:00-05:00,10.600000381469727,10.670000076293945,10.220000267028809,10.369999885559082,10.369999885559082,53704900,0.0,0.0
2017-02-01 00:00:00-05:00,10.899999618530273,12.140000343322754,10.8100004196167,12.0600004196167,12.0600004196167,165939300,0.0,0.0
2017-02-02 00:00:00-05:00,11.979999542236328,12.65999984741211,11.949999809265137,12.279999732971191,12.279999732971191,116324500,0.0,0.0
2017-02-03 00:00:00-05:00,12.369999885559082,12.5,12.039999961853027,12.239999771118164,12.239999771118164,60036700,0.0,0.0
2017-02-06 00:00:00-05:00,12.460000038146973,13.699999809265137,12.380000114440918,13.630000114440918,13.630000114440918,140474100,0.0,0.0
2017-02-07 00:00:00-05:00,14.050000190734863,14.270000457763672,13.0600004196167,13.289999961853027,13.289999961853027,158683800,0.0,0.0
2017-02-08 00:00:00-05:00,13.210000038146973,13.75,13.079999923706055,13.5600004196167,13.5600004196167,75942900,0.0,0.0
2017-02-09 00:00:00-05:00,13.779999732971191,13.890000343322754,13.399999618530273,13.420000076293945,13.420000076293945,73339900,0.0,0.0
2017-02-10 00:00:00-05:00,13.859999656677246,13.859999656677246,13.25,13.579999923706055,13.579999923706055,54579300,0.0,0.0
2017-02-13 00:00:00-05:00,13.699999809265137,13.949999809265137,13.380000114440918,13.489999771118164,13.489999771118164,57413100,0.0,0.0
2017-02-14 00:00:00-05:00,13.430000305175781,13.489999771118164,13.1899995803833,13.260000228881836,13.260000228881836,40479100,0.0,0.0
2017-02-15 00:00:00-05:00,13.199999809265137,13.4399995803833,13.149999618530273,13.300000190734863,13.300000190734863,33722300,0.0,0.0
2017-02-16 00:00:00-05:00,13.25,13.350000381469727,12.84000015258789,12.970000267028809,12.970000267028809,52502500,0.0,0.0
2017-02-17 00:00:00-05:00,12.789999961853027,13.140000343322754,12.600000381469727,13.130000114440918,13.130000114440918,40888000,0.0,0.0
2017-02-21 00:00:00-05:00,13.40999984741211,14.100000381469727,13.399999618530273,14.0,14.0,66357100,0.0,0.0
2017-02-22 00:00:00-05:00,14.300000190734863,14.5,14.039999961853027,14.279999732971191,14.279999732971191,71505000,0.0,0.0
2017-02-23 00:00:00-05:00,14.199999809265137,14.449999809265137,13.819999694824219,14.319999694824219,14.319999694824219,80317600,0.0,0.0
2017-02-24 00:00:00-05:00,14.0,14.319999694824219,13.859999656677246,14.119999885559082,14.119999885559082,46288600,0.0,0.0
2017-02-27 00:00:00-05:00,14.270000457763672,15.350000381469727,14.270000457763672,15.199999809265137,15.199999809265137,95422900,0.0,0.0
2017-02-28 00:00:00-05:00,15.449999809265137,15.550000190734863,14.350000381469727,14.460000038146973,14.460000038146973,141783000,0.0,0.0
2017-03-01 00:00:00-05:00,15.079999923706055,15.09000015258789,14.520000457763672,14.960000038146973,14.960000038146973,73450400,0.0,0.0
2017-03-02 00:00:00-05:00,14.59000015258789,14.779999732971191,13.869999885559082,13.899999618530273,13.899999618530273,104330900,0.0,0.0
2017-03-03 00:00:00-05:00,13.550000190734863,13.579999923706055,12.789999961853027,13.029999732971191,13.029999732971191,163395900,0.0,0.0
2017-03-06 00:00:00-05:00,13.0,13.34000015258789,12.380000114440918,13.039999961853027,13.039999961853027,117192600,0.0,0.0
2017-03-07 00:00:00-05:00,13.069999694824219,13.369999885559082,12.789999961853027,13.050000190734863,13.050000190734863,76666300,0.0,0.0
2017-03-08 00:00:00-05:00,13.25,13.550000190734863,13.100000381469727,13.220000267028809,13.220000267028809,71294700,0.0,0.0
2017-03-09 00:00:00-05:00,13.449999809265137,13.449999809265137,13.109999656677246,13.329999923706055,13.329999923706055,45244200,0.0,0.0
2017-03-10 00:00:00-05:00,13.5,13.930000305175781,13.449999809265137,13.90999984741211,13.90999984741211,65142200,0.0,0.0
2017-03-13 00:00:00-04:00,14.479999542236328,14.680000305175781,14.180000305175781,14.279999732971191,14.279999732971191,73078100,0.0,0.0
2017-03-14 00:00:00-04:00,14.0,14.149999618530273,13.640000343322754,14.100000381469727,14.100000381469727,52554500,0.0,0.0
2017-03-15 00:00:00-04:00,14.029999732971191,14.0600004196167,13.619999885559082,13.979999542236328,13.979999542236328,55179600,0.0,0.0
2017-03-16 00:00:00-04:00,13.789999961853027,13.880000114440918,13.649999618530273,13.649999618530273,13.649999618530273,44494800,0.0,0.0
2017-03-17 00:00:00-04:00,13.619999885559082,13.739999771118164,13.359999656677246,13.489999771118164,13.489999771118164,224892300,0.0,0.0
2017-03-20 00:00:00-04:00,13.680000305175781,14.5,13.539999961853027,14.399999618530273,14.399999618530273,91565600,0.0,0.0
2017-03-21 00:00:00-04:00,14.399999618530273,14.489999771118164,13.779999732971191,13.819999694824219,13.819999694824219,72552700,0.0,0.0
2017-03-22 00:00:00-04:00,13.699999809265137,14.149999618530273,13.550000190734863,14.100000381469727,14.100000381469727,61239500,0.0,0.0
2017-03-23 00:00:00-04:00,13.960000038146973,14.119999885559082,13.770000457763672,13.789999961853027,13.789999961853027,44549900,0.0,0.0
2017-03-24 00:00:00-04:00,14.15999984741211,14.180000305175781,13.539999961853027,13.699999809265137,13.699999809265137,50099500,0.0,0.0
2017-03-27 00:00:00-04:00,13.350000381469727,13.779999732971191,13.210000038146973,13.699999809265137,13.699999809265137,42686800,0.0,0.0
2017-03-28 00:00:00-04:00,13.75,13.859999656677246,13.550000190734863,13.6899995803833,13.6899995803833,37420200,0.0,0.0
2017-03-29 00:00:00-04:00,13.739999771118164,13.869999885559082,13.630000114440918,13.710000038146973,13.710000038146973,37863500,0.0,0.0
2017-03-30 00:00:00-04:00,13.729999542236328,14.050000190734863,13.649999618530273,14.050000190734863,14.050000190734863,44132800,0.0,0.0
2017-03-31 00:00:00-04:00,14.100000381469727,14.75,14.010000228881836,14.550000190734863,14.550000190734863,84566200,0.0,0.0
2017-04-03 00:00:00-04:00,14.600000381469727,14.739999771118164,14.300000190734863,14.640000343322754,14.640000343322754,48423700,0.0,0.0
2017-04-04 00:00:00-04:00,14.3100004196167,14.670000076293945,14.029999732971191,14.15999984741211,14.15999984741211,58413000,0.0,0.0
2017-04-05 00:00:00-04:00,14.279999732971191,14.640000343322754,14.100000381469727,14.170000076293945,14.170000076293945,58816700,0.0,0.0
2017-04-06 00:00:00-04:00,13.420000076293945,13.460000038146973,12.829999923706055,13.270000457763672,13.270000457763672,139500100,0.0,0.0
2017-04-07 00:00:00-04:00,13.329999923706055,13.680000305175781,13.220000267028809,13.520000457763672,13.520000457763672,70441000,0.0,0.0
2017-04-10 00:00:00-04:00,13.520000457763672,13.59000015258789,13.039999961853027,13.100000381469727,13.100000381469727,47178000,0.0,0.0
2017-04-11 00:00:00-04:00,13.020000457763672,13.289999961853027,12.710000038146973,13.100000381469727,13.100000381469727,59916600,0.0,0.0
2017-04-12 00:00:00-04:00,12.9399995803833,13.100000381469727,12.739999771118164,12.760000228881836,12.760000228881836,37385400,0.0,0.0
2017-04-13 00:00:00-04:00,12.510000228881836,12.720000267028809,12.220000267028809,12.3100004196167,12.3100004196167,53442600,0.0,0.0
2017-04-17 00:00:00-04:00,12.529999732971191,12.800000190734863,12.369999885559082,12.789999961853027,12.789999961853027,38188200,0.0,0.0
2017-04-18 00:00:00-04:00,12.630000114440918,12.970000267028809,12.579999923706055,12.949999809265137,12.949999809265137,37172000,0.0,0.0
2017-04-19 00:00:00-04:00,13.09000015258789,13.210000038146973,12.800000190734863,12.84000015258789,12.84000015258789,36491100,0.0,0.0
2017-04-20 00:00:00-04:00,12.979999542236328,13.149999618530273,12.880000114440918,13.109999656677246,13.109999656677246,41976100,0.0,0.0
2017-04-21 00:00:00-04:00,13.079999923706055,13.119999885559082,12.899999618530273,13.0,13.0,25689600,0.0,0.0
2017-04-24 00:00:00-04:00,13.229999542236328,13.229999542236328,13.050000190734863,13.130000114440918,13.130000114440918,36120300,0.0,0.0
2017-04-25 00:00:00-04:00,13.239999771118164,13.529999732971191,13.15999984741211,13.489999771118164,13.489999771118164,35881000,0.0,0.0
2017-04-26 00:00:00-04:00,13.420000076293945,13.529999732971191,13.220000267028809,13.40999984741211,13.40999984741211,36644500,0.0,0.0
2017-04-27 00:00:00-04:00,13.430000305175781,13.699999809265137,13.369999885559082,13.619999885559082,13.619999885559082,31327600,0.0,0.0
2017-04-28 00:00:00-04:00,13.729999542236328,13.760000228881836,13.15999984741211,13.300000190734863,13.300000190734863,50376000,0.0,0.0
2017-05-01 00:00:00-04:00,13.430000305175781,13.630000114440918,13.25,13.619999885559082,13.619999885559082,68036300,0.0,0.0
2017-05-02 00:00:00-04:00,11.729999542236328,11.760000228881836,10.300000190734863,10.319999694824219,10.319999694824219,268336500,0.0,0.0
2017-05-03 00:00:00-04:00,10.289999961853027,10.680000305175781,9.850000381469727,10.390000343322754,10.390000343322754,140899400,0.0,0.0
2017-05-04 00:00:00-04:00,10.550000190734863,10.550000190734863,9.9399995803833,10.100000381469727,10.100000381469727,77031400,0.0,0.0
2017-05-05 00:00:00-04:00,10.130000114440918,10.260000228881836,9.9399995803833,10.1899995803833,10.1899995803833,51759000,0.0,0.0
2017-05-08 00:00:00-04:00,10.220000267028809,10.220000267028809,10.0,10.039999961853027,10.039999961853027,35101100,0.0,0.0
2017-05-09 00:00:00-04:00,10.039999961853027,10.399999618530273,10.039999961853027,10.180000305175781,10.180000305175781,51017300,0.0,0.0
2017-05-10 00:00:00-04:00,10.460000038146973,10.850000381469727,10.449999809265137,10.789999961853027,10.789999961853027,65995900,0.0,0.0
2017-05-11 00:00:00-04:00,10.739999771118164,11.260000228881836,10.510000228881836,11.069999694824219,11.069999694824219,72946500,0.0,0.0
2017-05-12 00:00:00-04:00,11.199999809265137,11.399999618530273,11.079999923706055,11.260000228881836,11.260000228881836,56072600,0.0,0.0
2017-05-15 00:00:00-04:00,11.40999984741211,11.600000381469727,11.300000190734863,11.420000076293945,11.420000076293945,52565000,0.0,0.0
2017-05-16 00:00:00-04:00,11.65999984741211,12.770000457763672,11.630000114440918,12.75,12.75,164186900,0.0,0.0
2017-05-17 00:00:00-04:00,11.8100004196167,12.289999961853027,11.15999984741211,11.199999809265137,11.199999809265137,160109500,0.0,0.0
2017-05-18 00:00:00-04:00,10.989999771118164,11.489999771118164,10.8100004196167,11.279999732971191,11.279999732971191,86900100,0.0,0.0
2017-05-19 00:00:00-04:00,11.470000267028809,11.619999885559082,11.350000381469727,11.40999984741211,11.40999984741211,50319700,0.0,0.0
2017-05-22 00:00:00-04:00,11.489999771118164,11.550000190734863,10.770000457763672,11.039999961853027,11.039999961853027,78696400,0.0,0.0
2017-05-23 00:00:00-04:00,10.970000267028809,11.0600004196167,10.619999885559082,10.890000343322754,10.890000343322754,49799600,0.0,0.0
2017-05-24 00:00:00-04:00,11.050000190734863,11.0600004196167,10.710000038146973,10.890000343322754,10.890000343322754,42903900,0.0,0.0
2017-05-25 00:00:00-04:00,11.010000228881836,11.010000228881836,10.800000190734863,10.979999542236328,10.979999542236328,33584300,0.0,0.0
2017-05-26 00:00:00-04:00,10.850000381469727,11.020000457763672,10.739999771118164,11.0,11.0,31907600,0.0,0.0
2017-05-30 00:00:00-04:00,10.949999809265137,11.270000457763672,10.899999618530273,11.119999885559082,11.119999885559082,35339000,0.0,0.0
2017-05-31 00:00:00-04:00,11.289999961853027,11.489999771118164,11.100000381469727,11.1899995803833,11.1899995803833,42929000,0.0,0.0
2017-06-01 00:00:00-04:00,11.25,11.289999961853027,10.8100004196167,10.930000305175781,10.930000305175781,48002000,0.0,0.0
2017-06-02 00:00:00-04:00,10.930000305175781,10.960000038146973,10.569999694824219,10.899999618530273,10.899999618530273,43056200,0.0,0.0
2017-06-05 00:00:00-04:00,10.84000015258789,11.34000015258789,10.800000190734863,11.239999771118164,11.239999771118164,66207300,0.0,0.0
2017-06-06 00:00:00-04:00,11.270000457763672,12.239999771118164,11.239999771118164,12.029999732971191,12.029999732971191,114998600,0.0,0.0
2017-06-07 00:00:00-04:00,12.420000076293945,12.960000038146973,12.229999542236328,12.380000114440918,12.380000114440918,151005900,0.0,0.0
2017-06-08 00:00:00-04:00,12.8100004196167,12.90999984741211,12.399999618530273,12.899999618530273,12.899999618530273,89515100,0.0,0.0
2017-06-09 00:00:00-04:00,13.100000381469727,13.399999618530273,11.630000114440918,12.279999732971191,12.279999732971191,167454400,0.0,0.0
2017-06-12 00:00:00-04:00,11.75,12.350000381469727,11.270000457763672,12.09000015258789,12.09000015258789,125781800,0.0,0.0
2017-06-13 00:00:00-04:00,12.329999923706055,12.479999542236328,11.670000076293945,11.960000038146973,11.960000038146973,87302300,0.0,0.0
2017-06-14 00:00:00-04:00,11.90999984741211,12.050000190734863,11.649999618530273,11.770000457763672,11.770000457763672,51909400,0.0,0.0
2017-06-15 00:00:00-04:00,11.34000015258789,11.579999923706055,11.210000038146973,11.5,11.5,61666000,0.0,0.0
2017-06-16 00:00:00-04:00,11.65999984741211,11.829999923706055,11.279999732971191,11.4399995803833,11.4399995803833,59779500,0.0,0.0
2017-06-19 00:00:00-04:00,11.630000114440918,12.119999885559082,11.619999885559082,11.930000305175781,11.930000305175781,61803600,0.0,0.0
2017-06-20 00:00:00-04:00,12.1899995803833,12.930000305175781,12.180000305175781,12.640000343322754,12.640000343322754,118001500,0.0,0.0
2017-06-21 00:00:00-04:00,13.359999656677246,14.010000228881836,13.130000114440918,13.979999542236328,13.979999542236328,188796100,0.0,0.0
2017-06-22 00:00:00-04:00,14.100000381469727,14.5,13.5600004196167,14.380000114440918,14.380000114440918,149594200,0.0,0.0
2017-06-23 00:00:00-04:00,14.149999618530273,14.670000076293945,13.899999618530273,14.170000076293945,14.170000076293945,200777300,0.0,0.0
2017-06-26 00:00:00-04:00,14.390000343322754,14.489999771118164,13.84000015258789,14.079999923706055,14.079999923706055,101012500,0.0,0.0
2017-06-27 00:00:00-04:00,13.760000228881836,14.039999961853027,13.369999885559082,13.399999618530273,13.399999618530273,89319700,0.0,0.0
2017-06-28 00:00:00-04:00,13.649999618530273,13.699999809265137,13.09000015258789,13.229999542236328,13.229999542236328,85266900,0.0,0.0
2017-06-29 00:00:00-04:00,13.0600004196167,13.149999618530273,12.449999809265137,12.600000381469727,12.600000381469727,87634400,0.0,0.0
2017-06-30 00:00:00-04:00,12.569999694824219,12.829999923706055,12.359999656677246,12.479999542236328,12.479999542236328,59267400,0.0,0.0
2017-07-03 00:00:00-04:00,12.569999694824219,12.729999542236328,12.130000114440918,12.149999618530273,12.149999618530273,39929100,0.0,0.0
2017-07-05 00:00:00-04:00,12.359999656677246,13.210000038146973,12.319999694824219,13.1899995803833,13.1899995803833,99450200,0.0,0.0
2017-07-06 00:00:00-04:00,12.9399995803833,13.319999694824219,12.670000076293945,13.020000457763672,13.020000457763672,88927800,0.0,0.0
2017-07-07 00:00:00-04:00,13.270000457763672,13.75,13.180000305175781,13.359999656677246,13.359999656677246,88392100,0.0,0.0
2017-07-10 00:00:00-04:00,13.609999656677246,13.880000114440918,13.270000457763672,13.8100004196167,13.8100004196167,78320200,0.0,0.0
2017-07-11 00:00:00-04:00,13.770000457763672,14.100000381469727,13.619999885559082,13.890000343322754,13.890000343322754,71102300,0.0,0.0
2017-07-12 00:00:00-04:00,14.170000076293945,14.390000343322754,13.960000038146973,14.289999961853027,14.289999961853027,78508400,0.0,0.0
2017-07-13 00:00:00-04:00,14.329999923706055,14.489999771118164,13.430000305175781,13.529999732971191,13.529999732971191,111656900,0.0,0.0
2017-07-14 00:00:00-04:00,13.460000038146973,13.930000305175781,13.319999694824219,13.920000076293945,13.920000076293945,82084600,0.0,0.0
2017-07-17 00:00:00-04:00,14.029999732971191,14.119999885559082,13.510000228881836,13.800000190734863,13.800000190734863,71690800,0.0,0.0
2017-07-18 00:00:00-04:00,13.289999961853027,13.529999732971191,13.149999618530273,13.479999542236328,13.479999542236328,78366500,0.0,0.0
2017-07-19 00:00:00-04:00,13.619999885559082,13.739999771118164,13.40999984741211,13.550000190734863,13.550000190734863,51957800,0.0,0.0
2017-07-20 00:00:00-04:00,13.609999656677246,13.890000343322754,13.449999809265137,13.800000190734863,13.800000190734863,47707500,0.0,0.0
2017-07-21 00:00:00-04:00,13.699999809265137,14.050000190734863,13.619999885559082,13.880000114440918,13.880000114440918,51045700,0.0,0.0
2017-07-24 00:00:00-04:00,14.0,14.4399995803833,13.970000267028809,14.15999984741211,14.15999984741211,71014900,0.0,0.0
2017-07-25 00:00:00-04:00,14.289999961853027,14.319999694824219,13.869999885559082,14.109999656677246,14.109999656677246,98047400,0.0,0.0
2017-07-26 00:00:00-04:00,15.130000114440918,15.649999618530273,14.399999618530273,14.760000228881836,14.760000228881836,236083000,0.0,0.0
2017-07-27 00:00:00-04:00,14.989999771118164,15.039999961853027,13.699999809265137,14.119999885559082,14.119999885559082,130303700,0.0,0.0
2017-07-28 00:00:00-04:00,13.850000381469727,14.100000381469727,13.680000305175781,13.949999809265137,13.949999809265137,66763800,0.0,0.0
2017-07-31 00:00:00-04:00,14.09000015258789,14.220000267028809,13.470000267028809,13.609999656677246,13.609999656677246,69108700,0.0,0.0
2017-08-01 00:00:00-04:00,13.720000267028809,13.859999656677246,13.449999809265137,13.710000038146973,13.710000038146973,49149900,0.0,0.0
2017-08-02 00:00:00-04:00,13.8100004196167,13.930000305175781,13.119999885559082,13.369999885559082,13.369999885559082,67502200,0.0,0.0
2017-08-03 00:00:00-04:00,13.420000076293945,13.520000457763672,13.079999923706055,13.239999771118164,13.239999771118164,52557400,0.0,0.0
2017-08-04 00:00:00-04:00,13.199999809265137,13.359999656677246,13.020000457763672,13.119999885559082,13.119999885559082,64254000,0.0,0.0
2017-08-07 00:00:00-04:00,13.329999923706055,13.569999694824219,13.270000457763672,13.430000305175781,13.430000305175781,57486800,0.0,0.0
2017-08-08 00:00:00-04:00,13.479999542236328,13.550000190734863,13.079999923706055,13.109999656677246,13.109999656677246,47338000,0.0,0.0
2017-08-09 00:00:00-04:00,12.760000228881836,12.890000343322754,12.539999961853027,12.829999923706055,12.829999923706055,58861500,0.0,0.0
2017-08-10 00:00:00-04:00,12.699999809265137,12.920000076293945,12.109999656677246,12.119999885559082,12.119999885559082,83113400,0.0,0.0
2017-08-11 00:00:00-04:00,12.039999961853027,12.390000343322754,11.880000114440918,12.229999542236328,12.229999542236328,63558800,0.0,0.0
2017-08-14 00:00:00-04:00,12.579999923706055,12.850000381469727,12.579999923706055,12.760000228881836,12.760000228881836,64426100,0.0,0.0
2017-08-15 00:00:00-04:00,13.010000228881836,13.140000343322754,12.75,13.020000457763672,13.020000457763672,57990300,0.0,0.0
2017-08-16 00:00:00-04:00,13.170000076293945,13.1899995803833,12.520000457763672,12.630000114440918,12.630000114440918,64639400,0.0,0.0
2017-08-17 00:00:00-04:00,12.460000038146973,12.649999618530273,12.319999694824219,12.34000015258789,12.34000015258789,47371000,0.0,0.0
2017-08-18 00:00:00-04:00,12.430000305175781,12.5600004196167,12.25,12.369999885559082,12.369999885559082,37521700,0.0,0.0
2017-08-21 00:00:00-04:00,12.420000076293945,12.420000076293945,11.859999656677246,12.050000190734863,12.050000190734863,58888500,0.0,0.0
2017-08-22 00:00:00-04:00,12.199999809265137,12.329999923706055,12.100000381469727,12.170000076293945,12.170000076293945,39033200,0.0,0.0
2017-08-23 00:00:00-04:00,12.0,12.539999961853027,11.949999809265137,12.479999542236328,12.479999542236328,44345400,0.0,0.0
2017-08-24 00:00:00-04:00,12.6899995803833,12.710000038146973,12.390000343322754,12.5,12.5,37269700,0.0,0.0
2017-08-25 00:00:00-04:00,12.510000228881836,12.569999694824219,12.25,12.430000305175781,12.430000305175781,29732000,0.0,0.0
2017-08-28 00:00:00-04:00,12.529999732971191,12.550000190734863,12.15999984741211,12.229999542236328,12.229999542236328,35969600,0.0,0.0
2017-08-29 00:00:00-04:00,12.0,12.180000305175781,11.930000305175781,12.149999618530273,12.149999618530273,33618100,0.0,0.0
2017-08-30 00:00:00-04:00,12.1899995803833,12.680000305175781,12.15999984741211,12.670000076293945,12.670000076293945,43933000,0.0,0.0
2017-08-31 00:00:00-04:00,12.819999694824219,13.15999984741211,12.789999961853027,13.0,13.0,51822100,0.0,0.0
2017-09-01 00:00:00-04:00,13.119999885559082,13.489999771118164,13.039999961853027,13.1899995803833,13.1899995803833,53158600,0.0,0.0
2017-09-05 00:00:00-04:00,12.880000114440918,13.180000305175781,12.649999618530273,12.920000076293945,12.920000076293945,51445500,0.0,0.0
2017-09-06 00:00:00-04:00,13.020000457763672,13.079999923706055,12.75,12.859999656677246,12.859999656677246,34182400,0.0,0.0
2017-09-07 00:00:00-04:00,12.84000015258789,12.9399995803833,12.600000381469727,12.630000114440918,12.630000114440918,35816900,0.0,0.0
2017-09-08 00:00:00-04:00,12.569999694824219,12.609999656677246,12.039999961853027,12.25,12.25,60886200,0.0,0.0
2017-09-11 00:00:00-04:00,12.460000038146973,12.739999771118164,12.399999618530273,12.550000190734863,12.550000190734863,43346100,0.0,0.0
2017-09-12 00:00:00-04:00,12.65999984741211,12.680000305175781,12.210000038146973,12.300000190734863,12.300000190734863,54413100,0.0,0.0
2017-09-13 00:00:00-04:00,12.220000267028809,12.359999656677246,12.119999885559082,12.220000267028809,12.220000267028809,37210700,0.0,0.0
2017-09-14 00:00:00-04:00,12.149999618530273,12.460000038146973,12.109999656677246,12.260000228881836,12.260000228881836,37220200,0.0,0.0
2017-09-15 00:00:00-04:00,12.329999923706055,12.65999984741211,12.3100004196167,12.520000457763672,12.520000457763672,50337400,0.0,0.0
2017-09-18 00:00:00-04:00,12.770000457763672,13.300000190734863,12.739999771118164,13.079999923706055,13.079999923706055,83517400,0.0,0.0
2017-09-19 00:00:00-04:00,13.25,13.289999961853027,12.880000114440918,13.119999885559082,13.119999885559082,65455200,0.0,0.0
2017-09-20 00:00:00-04:00,13.069999694824219,13.800000190734863,12.800000190734863,13.739999771118164,13.739999771118164,102682400,0.0,0.0
2017-09-21 00:00:00-04:00,14.0,14.239999771118164,13.319999694824219,13.40999984741211,13.40999984741211,166821900,0.0,0.0
2017-09-22 00:00:00-04:00,13.199999809265137,13.399999618530273,13.119999885559082,13.300000190734863,13.300000190734863,50547000,0.0,0.0
2017-09-25 00:00:00-04:00,13.25,13.279999732971191,12.489999771118164,12.609999656677246,12.609999656677246,84172200,0.0,0.0
2017-09-26 00:00:00-04:00,12.850000381469727,12.930000305175781,12.430000305175781,12.449999809265137,12.449999809265137,68302000,0.0,0.0
2017-09-27 00:00:00-04:00,12.649999618530273,12.869999885559082,12.5,12.739999771118164,12.739999771118164,59947200,0.0,0.0
2017-09-28 00:00:00-04:00,12.760000228881836,12.84000015258789,12.550000190734863,12.739999771118164,12.739999771118164,35812300,0.0,0.0
2017-09-29 00:00:00-04:00,12.770000457763672,12.819999694824219,12.600000381469727,12.75,12.75,33926900,0.0,0.0
2017-10-02 00:00:00-04:00,12.800000190734863,12.850000381469727,12.619999885559082,12.710000038146973,12.710000038146973,34461100,0.0,0.0
2017-10-03 00:00:00-04:00,12.729999542236328,13.479999542236328,12.699999809265137,13.420000076293945,13.420000076293945,85174000,0.0,0.0
2017-10-04 00:00:00-04:00,13.3100004196167,13.5,13.149999618530273,13.3100004196167,13.3100004196167,42303200,0.0,0.0
2017-10-05 00:00:00-04:00,13.380000114440918,13.460000038146973,13.210000038146973,13.34000015258789,13.34000015258789,34758600,0.0,0.0
2017-10-06 00:00:00-04:00,13.220000267028809,13.390000343322754,13.180000305175781,13.229999542236328,13.229999542236328,28258700,0.0,0.0
2017-10-09 00:00:00-04:00,13.260000228881836,13.829999923706055,13.260000228881836,13.470000267028809,13.470000267028809,54032500,0.0,0.0
2017-10-10 00:00:00-04:00,13.720000267028809,13.789999961853027,13.4399995803833,13.699999809265137,13.699999809265137,43304000,0.0,0.0
2017-10-11 00:00:00-04:00,13.619999885559082,13.960000038146973,13.609999656677246,13.880000114440918,13.880000114440918,38746600,0.0,0.0
2017-10-12 00:00:00-04:00,13.850000381469727,14.369999885559082,13.8100004196167,14.199999809265137,14.199999809265137,69874100,0.0,0.0
2017-10-13 00:00:00-04:00,14.319999694824219,14.40999984741211,14.119999885559082,14.220000267028809,14.220000267028809,37515800,0.0,0.0
2017-10-16 00:00:00-04:00,14.25,14.350000381469727,14.119999885559082,14.260000228881836,14.260000228881836,34136800,0.0,0.0
2017-10-17 00:00:00-04:00,14.239999771118164,14.350000381469727,14.140000343322754,14.15999984741211,14.15999984741211,28995600,0.0,0.0
2017-10-18 00:00:00-04:00,14.199999809265137,14.279999732971191,13.760000228881836,14.069999694824219,14.069999694824219,39020300,0.0,0.0
2017-10-19 00:00:00-04:00,13.850000381469727,14.039999961853027,13.6899995803833,13.949999809265137,13.949999809265137,33795700,0.0,0.0
2017-10-20 00:00:00-04:00,14.029999732971191,14.09000015258789,13.800000190734863,13.8100004196167,13.8100004196167,32538900,0.0,0.0
2017-10-23 00:00:00-04:00,13.9399995803833,14.1899995803833,13.899999618530273,14.100000381469727,14.100000381469727,49838000,0.0,0.0
2017-10-24 00:00:00-04:00,14.199999809265137,14.359999656677246,14.149999618530273,14.25,14.25,84891600,0.0,0.0
2017-10-25 00:00:00-04:00,12.949999809265137,13.130000114440918,12.289999961853027,12.329999923706055,12.329999923706055,166762100,0.0,0.0
2017-10-26 00:00:00-04:00,12.449999809265137,12.460000038146973,12.0,12.010000228881836,12.010000228881836,87625400,0.0,0.0
2017-10-27 00:00:00-04:00,12.170000076293945,12.1899995803833,11.350000381469727,11.84000015258789,11.84000015258789,115650400,0.0,0.0
2017-10-30 00:00:00-04:00,11.260000228881836,11.420000076293945,10.649999618530273,10.890000343322754,10.890000343322754,137785100,0.0,0.0
2017-10-31 00:00:00-04:00,10.760000228881836,11.3100004196167,10.6899995803833,10.989999771118164,10.989999771118164,78600000,0.0,0.0
2017-11-01 00:00:00-04:00,11.25,11.289999961853027,10.720000267028809,10.800000190734863,10.800000190734863,66875500,0.0,0.0
2017-11-02 00:00:00-04:00,10.869999885559082,10.989999771118164,10.65999984741211,10.850000381469727,10.850000381469727,47942500,0.0,0.0
2017-11-03 00:00:00-04:00,10.949999809265137,11.130000114440918,10.819999694824219,11.119999885559082,11.119999885559082,44264300,0.0,0.0
2017-11-06 00:00:00-05:00,12.039999961853027,12.09000015258789,11.640000343322754,11.930000305175781,11.930000305175781,96349800,0.0,0.0
2017-11-07 00:00:00-05:00,11.9399995803833,12.270000457763672,11.920000076293945,12.050000190734863,12.050000190734863,67900200,0.0,0.0
2017-11-08 00:00:00-05:00,11.9399995803833,11.949999809265137,11.510000228881836,11.710000038146973,11.710000038146973,59065000,0.0,0.0
2017-11-09 00:00:00-05:00,11.25,11.350000381469727,11.029999732971191,11.119999885559082,11.119999885559082,76821200,0.0,0.0
2017-11-10 00:00:00-05:00,11.220000267028809,11.430000305175781,11.119999885559082,11.260000228881836,11.260000228881836,50209900,0.0,0.0
2017-11-13 00:00:00-05:00,11.180000305175781,11.199999809265137,10.920000076293945,11.09000015258789,11.09000015258789,54068300,0.0,0.0
2017-11-14 00:00:00-05:00,11.029999732971191,11.260000228881836,11.0,11.119999885559082,11.119999885559082,37245000,0.0,0.0
2017-11-15 00:00:00-05:00,11.010000228881836,11.130000114440918,10.770000457763672,11.069999694824219,11.069999694824219,33524700,0.0,0.0
2017-11-16 00:00:00-05:00,11.130000114440918,11.319999694824219,11.130000114440918,11.25,11.25,31800400,0.0,0.0
2017-11-17 00:00:00-05:00,11.300000190734863,11.75,11.279999732971191,11.380000114440918,11.380000114440918,56775600,0.0,0.0
2017-11-20 00:00:00-05:00,11.470000267028809,11.510000228881836,11.1899995803833,11.34000015258789,11.34000015258789,35960200,0.0,0.0
2017-11-21 00:00:00-05:00,11.420000076293945,11.489999771118164,11.239999771118164,11.399999618530273,11.399999618530273,31881700,0.0,0.0
2017-11-22 00:00:00-05:00,11.40999984741211,11.489999771118164,11.300000190734863,11.369999885559082,11.369999885559082,23816500,0.0,0.0
2017-11-24 00:00:00-05:00,11.380000114440918,11.420000076293945,11.300000190734863,11.380000114440918,11.380000114440918,11035800,0.0,0.0
2017-11-27 00:00:00-05:00,11.34000015258789,11.739999771118164,11.34000015258789,11.550000190734863,11.550000190734863,41798300,0.0,0.0
2017-11-28 00:00:00-05:00,11.449999809265137,11.539999961853027,11.0,11.170000076293945,11.170000076293945,65325700,0.0,0.0
2017-11-29 00:00:00-05:00,11.079999923706055,11.170000076293945,10.729999542236328,10.829999923706055,10.829999923706055,63333800,0.0,0.0
2017-11-30 00:00:00-05:00,10.869999885559082,11.029999732971191,10.760000228881836,10.890000343322754,10.890000343322754,43205000,0.0,0.0
2017-12-01 00:00:00-05:00,10.8100004196167,10.970000267028809,10.529999732971191,10.729999542236328,10.729999542236328,42128800,0.0,0.0
2017-12-04 00:00:00-05:00,10.850000381469727,10.859999656677246,9.819999694824219,10.029999732971191,10.029999732971191,97328300,0.0,0.0
2017-12-05 00:00:00-05:00,9.890000343322754,10.34000015258789,9.699999809265137,9.90999984741211,9.90999984741211,67304100,0.0,0.0
2017-12-06 00:00:00-05:00,9.899999618530273,10.050000190734863,9.710000038146973,10.0,10.0,38952200,0.0,0.0
2017-12-07 00:00:00-05:00,10.069999694824219,10.1899995803833,9.949999809265137,10.039999961853027,10.039999961853027,32665600,0.0,0.0
2017-12-08 00:00:00-05:00,10.149999618530273,10.199999809265137,9.920000076293945,9.9399995803833,9.9399995803833,34897000,0.0,0.0
2017-12-11 00:00:00-05:00,9.970000267028809,10.15999984741211,9.960000038146973,10.15999984741211,10.15999984741211,29956400,0.0,0.0
2017-12-12 00:00:00-05:00,10.130000114440918,10.140000343322754,9.880000114440918,9.899999618530273,9.899999618530273,36211000,0.0,0.0
2017-12-13 00:00:00-05:00,9.970000267028809,10.210000038146973,9.949999809265137,10.109999656677246,10.109999656677246,41494800,0.0,0.0
2017-12-14 00:00:00-05:00,10.100000381469727,10.170000076293945,9.960000038146973,10.130000114440918,10.130000114440918,29006800,0.0,0.0
2017-12-15 00:00:00-05:00,10.130000114440918,10.319999694824219,10.020000457763672,10.289999961853027,10.289999961853027,45462300,0.0,0.0
2017-12-18 00:00:00-05:00,10.600000381469727,11.0,10.510000228881836,10.979999542236328,10.979999542236328,63797700,0.0,0.0
2017-12-19 00:00:00-05:00,11.0,11.1899995803833,10.869999885559082,10.949999809265137,10.949999809265137,43852900,0.0,0.0
2017-12-20 00:00:00-05:00,11.100000381469727,11.180000305175781,10.800000190734863,10.979999542236328,10.979999542236328,31420300,0.0,0.0
2017-12-21 00:00:00-05:00,10.979999542236328,11.079999923706055,10.869999885559082,10.890000343322754,10.890000343322754,21884300,0.0,0.0
2017-12-22 00:00:00-05:00,10.75,10.770000457763672,10.199999809265137,10.539999961853027,10.539999961853027,50744500,0.0,0.0
2017-12-26 00:00:00-05:00,10.380000114440918,10.579999923706055,10.34000015258789,10.460000038146973,10.460000038146973,20437900,0.0,0.0
2017-12-27 00:00:00-05:00,10.449999809265137,10.739999771118164,10.399999618530273,10.529999732971191,10.529999732971191,22921800,0.0,0.0
2017-12-28 00:00:00-05:00,10.569999694824219,10.640000343322754,10.430000305175781,10.550000190734863,10.550000190734863,18609400,0.0,0.0
2017-12-29 00:00:00-05:00,10.569999694824219,10.579999923706055,10.270000457763672,10.279999732971191,10.279999732971191,26678900,0.0,0.0
2018-01-02 00:00:00-05:00,10.420000076293945,11.020000457763672,10.34000015258789,10.979999542236328,10.979999542236328,44146300,0.0,0.0
2018-01-03 00:00:00-05:00,11.609999656677246,12.140000343322754,11.359999656677246,11.550000190734863,11.550000190734863,154066700,0.0,0.0
2018-01-04 00:00:00-05:00,12.100000381469727,12.430000305175781,11.970000267028809,12.119999885559082,12.119999885559082,109503000,0.0,0.0
2018-01-05 00:00:00-05:00,12.1899995803833,12.220000267028809,11.65999984741211,11.880000114440918,11.880000114440918,63808900,0.0,0.0
2018-01-08 00:00:00-05:00,12.010000228881836,12.300000190734863,11.850000381469727,12.279999732971191,12.279999732971191,63346000,0.0,0.0
2018-01-09 00:00:00-05:00,12.0,12.020000457763672,11.710000038146973,11.819999694824219,11.819999694824219,62560900,0.0,0.0
2018-01-10 00:00:00-05:00,11.630000114440918,12.149999618530273,11.5600004196167,11.960000038146973,11.960000038146973,52561200,0.0,0.0
2018-01-11 00:00:00-05:00,12.069999694824219,12.1899995803833,11.899999618530273,12.140000343322754,12.140000343322754,38354900,0.0,0.0
2018-01-12 00:00:00-05:00,11.819999694824219,12.069999694824219,11.800000190734863,12.020000457763672,12.020000457763672,47149300,0.0,0.0
2018-01-16 00:00:00-05:00,12.050000190734863,12.199999809265137,11.800000190734863,11.90999984741211,11.90999984741211,42686600,0.0,0.0
2018-01-17 00:00:00-05:00,11.899999618530273,12.1899995803833,11.819999694824219,12.180000305175781,12.180000305175781,39020800,0.0,0.0
2018-01-18 00:00:00-05:00,12.180000305175781,12.680000305175781,12.149999618530273,12.470000267028809,12.470000267028809,62086200,0.0,0.0
2018-01-19 00:00:00-05:00,12.5600004196167,12.880000114440918,12.539999961853027,12.59000015258789,12.59000015258789,46800700,0.0,0.0
2018-01-22 00:00:00-05:00,12.609999656677246,12.739999771118164,12.369999885559082,12.649999618530273,12.649999618530273,34758600,0.0,0.0
2018-01-23 00:00:00-05:00,12.819999694824219,13.0,12.760000228881836,12.9399995803833,12.9399995803833,46417200,0.0,0.0
2018-01-24 00:00:00-05:00,13.020000457763672,13.050000190734863,12.600000381469727,12.710000038146973,12.710000038146973,41956400,0.0,0.0
2018-01-25 00:00:00-05:00,12.779999732971191,12.9399995803833,12.319999694824219,12.40999984741211,12.40999984741211,42966600,0.0,0.0
2018-01-26 00:00:00-05:00,12.699999809265137,12.949999809265137,12.619999885559082,12.949999809265137,12.949999809265137,44239000,0.0,0.0
2018-01-29 00:00:00-05:00,13.130000114440918,13.470000267028809,13.050000190734863,13.319999694824219,13.319999694824219,66645400,0.0,0.0
2018-01-30 00:00:00-05:00,13.119999885559082,13.270000457763672,12.6899995803833,12.869999885559082,12.869999885559082,91236400,0.0,0.0
2018-01-31 00:00:00-05:00,13.239999771118164,13.850000381469727,13.149999618530273,13.739999771118164,13.739999771118164,140977800,0.0,0.0
2018-02-01 00:00:00-05:00,13.619999885559082,13.84000015258789,13.210000038146973,13.25,13.25,67543300,0.0,0.0
2018-02-02 00:00:00-05:00,13.050000190734863,13.0600004196167,12.430000305175781,12.449999809265137,12.449999809265137,79432600,0.0,0.0
2018-02-05 00:00:00-05:00,12.050000190734863,12.180000305175781,10.930000305175781,11.569999694824219,11.569999694824219,116568900,0.0,0.0
2018-02-06 00:00:00-05:00,11.039999961853027,11.739999771118164,11.0,11.649999618530273,11.649999618530273,87123200,0.0,0.0
2018-02-07 00:00:00-05:00,11.699999809265137,11.899999618530273,11.529999732971191,11.600000381469727,11.600000381469727,55758400,0.0,0.0
2018-02-08 00:00:00-05:00,11.720000267028809,11.850000381469727,11.210000038146973,11.220000267028809,11.220000267028809,56471800,0.0,0.0
2018-02-09 00:00:00-05:00,11.539999961853027,11.569999694824219,10.630000114440918,11.3100004196167,11.3100004196167,85458200,0.0,0.0
2018-02-12 00:00:00-05:00,11.470000267028809,11.800000190734863,11.430000305175781,11.680000305175781,11.680000305175781,63160900,0.0,0.0
2018-02-13 00:00:00-05:00,11.600000381469727,11.819999694824219,11.529999732971191,11.779999732971191,11.779999732971191,33661400,0.0,0.0
2018-02-14 00:00:00-05:00,11.720000267028809,12.3100004196167,11.630000114440918,12.199999809265137,12.199999809265137,51756800,0.0,0.0
2018-02-15 00:00:00-05:00,12.399999618530273,12.630000114440918,12.069999694824219,12.1899995803833,12.1899995803833,59593800,0.0,0.0
2018-02-16 00:00:00-05:00,12.109999656677246,12.229999542236328,11.819999694824219,11.819999694824219,11.819999694824219,47332300,0.0,0.0
2018-02-20 00:00:00-05:00,11.720000267028809,12.1899995803833,11.710000038146973,12.020000457763672,12.020000457763672,47096500,0.0,0.0
2018-02-21 00:00:00-05:00,12.119999885559082,12.119999885559082,11.720000267028809,11.720000267028809,11.720000267028809,40195800,0.0,0.0
2018-02-22 00:00:00-05:00,11.819999694824219,12.0,11.630000114440918,11.84000015258789,11.84000015258789,37886300,0.0,0.0
2018-02-23 00:00:00-05:00,11.949999809265137,12.15999984741211,11.9399995803833,12.069999694824219,12.069999694824219,33317600,0.0,0.0
2018-02-26 00:00:00-05:00,12.140000343322754,12.430000305175781,12.050000190734863,12.420000076293945,12.420000076293945,42265200,0.0,0.0
2018-02-27 00:00:00-05:00,12.430000305175781,12.880000114440918,12.390000343322754,12.529999732971191,12.529999732971191,55975300,0.0,0.0
2018-02-28 00:00:00-05:00,12.65999984741211,12.729999542236328,12.100000381469727,12.109999656677246,12.109999656677246,43387500,0.0,0.0
2018-03-01 00:00:00-05:00,12.260000228881836,12.270000457763672,11.65999984741211,11.899999618530273,11.899999618530273,63207400,0.0,0.0
2018-03-02 00:00:00-05:00,11.670000076293945,11.930000305175781,11.430000305175781,11.8100004196167,11.8100004196167,58123500,0.0,0.0
2018-03-05 00:00:00-05:00,11.6899995803833,12.0600004196167,11.609999656677246,11.90999984741211,11.90999984741211,43734800,0.0,0.0
2018-03-06 00:00:00-05:00,12.010000228881836,12.050000190734863,11.710000038146973,11.760000228881836,11.760000228881836,46751200,0.0,0.0
2018-03-07 00:00:00-05:00,11.579999923706055,12.819999694824219,11.550000190734863,12.239999771118164,12.239999771118164,127603200,0.0,0.0
2018-03-08 00:00:00-05:00,12.399999618530273,12.59000015258789,11.739999771118164,11.970000267028809,11.970000267028809,76011200,0.0,0.0
2018-03-09 00:00:00-05:00,12.029999732971191,12.039999961853027,11.579999923706055,11.699999809265137,11.699999809265137,89674400,0.0,0.0
2018-03-12 00:00:00-04:00,11.760000228881836,11.819999694824219,11.479999542236328,11.520000457763672,11.520000457763672,83748700,0.0,0.0
2018-03-13 00:00:00-04:00,11.5,12.039999961853027,11.100000381469727,11.640000343322754,11.640000343322754,174302600,0.0,0.0
2018-03-14 00:00:00-04:00,11.699999809265137,11.720000267028809,11.260000228881836,11.359999656677246,11.359999656677246,80540800,0.0,0.0
2018-03-15 00:00:00-04:00,11.430000305175781,11.550000190734863,11.1899995803833,11.460000038146973,11.460000038146973,66373900,0.0,0.0
2018-03-16 00:00:00-04:00,11.489999771118164,11.550000190734863,11.319999694824219,11.470000267028809,11.470000267028809,37591000,0.0,0.0
2018-03-19 00:00:00-04:00,11.40999984741211,11.739999771118164,11.350000381469727,11.430000305175781,11.430000305175781,53308600,0.0,0.0
2018-03-20 00:00:00-04:00,11.40999984741211,11.520000457763672,11.0,11.109999656677246,11.109999656677246,65116900,0.0,0.0
2018-03-21 00:00:00-04:00,11.15999984741211,11.34000015258789,11.109999656677246,11.260000228881836,11.260000228881836,44691700,0.0,0.0
2018-03-22 00:00:00-04:00,11.100000381469727,11.260000228881836,10.850000381469727,10.90999984741211,10.90999984741211,59944200,0.0,0.0
2018-03-23 00:00:00-04:00,10.90999984741211,10.970000267028809,10.569999694824219,10.630000114440918,10.630000114440918,54844500,0.0,0.0
2018-03-26 00:00:00-04:00,10.710000038146973,10.800000190734863,10.180000305175781,10.4399995803833,10.4399995803833,75878500,0.0,0.0
2018-03-27 00:00:00-04:00,10.510000228881836,10.59000015258789,9.899999618530273,10.0,10.0,68551300,0.0,0.0
2018-03-28 00:00:00-04:00,9.989999771118164,10.170000076293945,9.789999961853027,9.8100004196167,9.8100004196167,64832100,0.0,0.0
2018-03-29 00:00:00-04:00,9.9399995803833,10.079999923706055,9.8100004196167,10.050000190734863,10.050000190734863,48681400,0.0,0.0
2018-04-02 00:00:00-04:00,9.989999771118164,10.140000343322754,9.510000228881836,9.529999732971191,9.529999732971191,64824600,0.0,0.0
2018-04-03 00:00:00-04:00,9.630000114440918,9.770000457763672,9.300000190734863,9.550000190734863,9.550000190734863,54891600,0.0,0.0
2018-04-04 00:00:00-04:00,9.079999923706055,9.8100004196167,9.039999961853027,9.770000457763672,9.770000457763672,67356900,0.0,0.0
2018-04-05 00:00:00-04:00,10.050000190734863,10.199999809265137,9.90999984741211,10.020000457763672,10.020000457763672,65758800,0.0,0.0
2018-04-06 00:00:00-04:00,9.829999923706055,10.100000381469727,9.5,9.609999656677246,9.609999656677246,51087100,0.0,0.0
2018-04-09 00:00:00-04:00,9.75,9.84000015258789,9.520000457763672,9.529999732971191,9.529999732971191,38382600,0.0,0.0
2018-04-10 00:00:00-04:00,9.75,10.039999961853027,9.710000038146973,9.979999542236328,9.979999542236328,42849200,0.0,0.0
2018-04-11 00:00:00-04:00,9.869999885559082,10.029999732971191,9.789999961853027,9.819999694824219,9.819999694824219,29169300,0.0,0.0
2018-04-12 00:00:00-04:00,9.979999542236328,10.100000381469727,9.819999694824219,10.079999923706055,10.079999923706055,47784400,0.0,0.0
2018-04-13 00:00:00-04:00,10.199999809265137,10.220000267028809,9.880000114440918,9.930000305175781,9.930000305175781,38935700,0.0,0.0
2018-04-16 00:00:00-04:00,10.0,10.170000076293945,9.899999618530273,10.09000015258789,10.09000015258789,28875100,0.0,0.0
2018-04-17 00:00:00-04:00,10.279999732971191,10.529999732971191,10.199999809265137,10.520000457763672,10.520000457763672,45360300,0.0,0.0
2018-04-18 00:00:00-04:00,10.510000228881836,10.649999618530273,10.329999923706055,10.359999656677246,10.359999656677246,42449600,0.0,0.0
2018-04-19 00:00:00-04:00,10.180000305175781,10.329999923706055,9.989999771118164,10.109999656677246,10.109999656677246,57841600,0.0,0.0
2018-04-20 00:00:00-04:00,10.050000190734863,10.140000343322754,9.949999809265137,9.989999771118164,9.989999771118164,39011900,0.0,0.0
2018-04-23 00:00:00-04:00,10.09000015258789,10.1899995803833,9.970000267028809,10.039999961853027,10.039999961853027,42971300,0.0,0.0
2018-04-24 00:00:00-04:00,10.1899995803833,10.350000381469727,9.949999809265137,10.09000015258789,10.09000015258789,44992200,0.0,0.0
2018-04-25 00:00:00-04:00,10.0600004196167,10.09000015258789,9.5600004196167,9.710000038146973,9.710000038146973,90578000,0.0,0.0
2018-04-26 00:00:00-04:00,10.869999885559082,11.1899995803833,10.609999656677246,11.039999961853027,11.039999961853027,145284100,0.0,0.0
2018-04-27 00:00:00-04:00,11.199999809265137,11.359999656677246,11.020000457763672,11.109999656677246,11.109999656677246,74347800,0.0,0.0
2018-04-30 00:00:00-04:00,11.0600004196167,11.140000343322754,10.869999885559082,10.880000114440918,10.880000114440918,50608800,0.0,0.0
2018-05-01 00:00:00-04:00,10.829999923706055,11.149999618530273,10.770000457763672,11.130000114440918,11.130000114440918,43441600,0.0,0.0
2018-05-02 00:00:00-04:00,11.100000381469727,11.15999984741211,10.970000267028809,10.970000267028809,10.970000267028809,29267300,0.0,0.0
2018-05-03 00:00:00-04:00,10.899999618530273,11.0600004196167,10.829999923706055,10.930000305175781,10.930000305175781,33310600,0.0,0.0
2018-05-04 00:00:00-04:00,10.880000114440918,11.289999961853027,10.869999885559082,11.279999732971191,11.279999732971191,47884900,0.0,0.0
2018-05-07 00:00:00-04:00,11.319999694824219,11.680000305175781,11.300000190734863,11.59000015258789,11.59000015258789,54001700,0.0,0.0
2018-05-08 00:00:00-04:00,11.489999771118164,11.65999984741211,11.399999618530273,11.609999656677246,11.609999656677246,35218400,0.0,0.0
2018-05-09 00:00:00-04:00,11.649999618530273,11.979999542236328,11.569999694824219,11.949999809265137,11.949999809265137,49605700,0.0,0.0
2018-05-10 00:00:00-04:00,11.979999542236328,12.180000305175781,11.949999809265137,12.130000114440918,12.130000114440918,49744500,0.0,0.0
2018-05-11 00:00:00-04:00,11.890000343322754,12.029999732971191,11.6899995803833,11.949999809265137,11.949999809265137,43863700,0.0,0.0
2018-05-14 00:00:00-04:00,12.140000343322754,12.359999656677246,12.109999656677246,12.229999542236328,12.229999542236328,50263800,0.0,0.0
2018-05-15 00:00:00-04:00,12.180000305175781,12.460000038146973,12.15999984741211,12.449999809265137,12.449999809265137,44183200,0.0,0.0
2018-05-16 00:00:00-04:00,12.640000343322754,12.979999542236328,12.619999885559082,12.819999694824219,12.819999694824219,73364000,0.0,0.0
2018-05-17 00:00:00-04:00,12.789999961853027,12.899999618530273,12.65999984741211,12.819999694824219,12.819999694824219,38692500,0.0,0.0
2018-05-18 00:00:00-04:00,13.0600004196167,13.260000228881836,12.90999984741211,13.0,13.0,54063400,0.0,0.0
2018-05-21 00:00:00-04:00,13.25,13.3100004196167,12.880000114440918,12.989999771118164,12.989999771118164,49714200,0.0,0.0
2018-05-22 00:00:00-04:00,13.0,13.140000343322754,12.710000038146973,12.979999542236328,12.979999542236328,43267000,0.0,0.0
2018-05-23 00:00:00-04:00,12.930000305175781,13.180000305175781,12.899999618530273,13.100000381469727,13.100000381469727,44517800,0.0,0.0
2018-05-24 00:00:00-04:00,13.0600004196167,13.430000305175781,13.029999732971191,13.40999984741211,13.40999984741211,47785700,0.0,0.0
2018-05-25 00:00:00-04:00,13.399999618530273,13.720000267028809,13.359999656677246,13.539999961853027,13.539999961853027,43850100,0.0,0.0
2018-05-29 00:00:00-04:00,13.449999809265137,13.630000114440918,13.260000228881836,13.359999656677246,13.359999656677246,39578500,0.0,0.0
2018-05-30 00:00:00-04:00,13.479999542236328,13.949999809265137,13.479999542236328,13.819999694824219,13.819999694824219,58186400,0.0,0.0
2018-05-31 00:00:00-04:00,13.739999771118164,13.930000305175781,13.6899995803833,13.729999542236328,13.729999542236328,46797700,0.0,0.0
2018-06-01 00:00:00-04:00,13.979999542236328,14.399999618530273,13.920000076293945,14.399999618530273,14.399999618530273,71677900,0.0,0.0
2018-06-04 00:00:00-04:00,14.760000228881836,14.979999542236328,14.520000457763672,14.850000381469727,14.850000381469727,74546000,0.0,0.0
2018-06-05 00:00:00-04:00,14.850000381469727,14.920000076293945,14.630000114440918,14.850000381469727,14.850000381469727,56122700,0.0,0.0
2018-06-06 00:00:00-04:00,15.069999694824219,15.739999771118164,15.039999961853027,15.670000076293945,15.670000076293945,97089000,0.0,0.0
2018-06-07 00:00:00-04:00,15.829999923706055,15.970000267028809,14.850000381469727,14.890000343322754,14.890000343322754,99860300,0.0,0.0
2018-06-08 00:00:00-04:00,14.520000457763672,15.329999923706055,14.3100004196167,15.25,15.25,81930500,0.0,0.0
2018-06-11 00:00:00-04:00,15.210000038146973,15.890000343322754,15.010000228881836,15.729999542236328,15.729999542236328,80737600,0.0,0.0
2018-06-12 00:00:00-04:00,15.84000015258789,15.949999809265137,15.430000305175781,15.850000381469727,15.850000381469727,67002600,0.0,0.0
2018-06-13 00:00:00-04:00,15.8100004196167,16.520000457763672,15.779999732971191,16.31999969482422,16.31999969482422,90227300,0.0,0.0
2018-06-14 00:00:00-04:00,16.6200008392334,16.790000915527344,15.579999923706055,16.25,16.25,113048600,0.0,0.0
2018-06-15 00:00:00-04:00,16.059999465942383,16.520000457763672,15.819999694824219,16.34000015258789,16.34000015258789,77612200,0.0,0.0
2018-06-18 00:00:00-04:00,16.18000030517578,17.34000015258789,16.1299991607666,17.110000610351562,17.110000610351562,104317400,0.0,0.0
2018-06-19 00:00:00-04:00,16.850000381469727,17.290000915527344,16.309999465942383,16.690000534057617,16.690000534057617,92542900,0.0,0.0
2018-06-20 00:00:00-04:00,16.829999923706055,17.1299991607666,16.3700008392334,16.520000457763672,16.520000457763672,76280600,0.0,0.0
2018-06-21 00:00:00-04:00,16.649999618530273,16.8700008392334,15.460000038146973,15.649999618530273,15.649999618530273,95638400,0.0,0.0
2018-06-22 00:00:00-04:00,15.779999732971191,15.90999984741211,15.5600004196167,15.800000190734863,15.800000190734863,59257100,0.0,0.0
2018-06-25 00:00:00-04:00,15.640000343322754,15.739999771118164,14.539999961853027,15.109999656677246,15.109999656677246,94418400,0.0,0.0
2018-06-26 00:00:00-04:00,15.319999694824219,15.600000381469727,15.100000381469727,15.5,15.5,54213500,0.0,0.0
2018-06-27 00:00:00-04:00,15.649999618530273,15.760000228881836,14.960000038146973,14.970000267028809,14.970000267028809,56014300,0.0,0.0
2018-06-28 00:00:00-04:00,14.850000381469727,15.359999656677246,14.75,15.3100004196167,15.3100004196167,48716800,0.0,0.0
2018-06-29 00:00:00-04:00,15.40999984741211,15.489999771118164,14.979999542236328,14.989999771118164,14.989999771118164,41527800,0.0,0.0
2018-07-02 00:00:00-04:00,14.800000190734863,15.180000305175781,14.739999771118164,15.15999984741211,15.15999984741211,43398800,0.0,0.0
2018-07-03 00:00:00-04:00,15.210000038146973,15.34000015258789,14.960000038146973,15.0,15.0,32094000,0.0,0.0
2018-07-05 00:00:00-04:00,15.130000114440918,15.5,15.020000457763672,15.5,15.5,40703300,0.0,0.0
2018-07-06 00:00:00-04:00,15.520000457763672,16.389999389648438,15.479999542236328,16.360000610351562,16.360000610351562,65101700,0.0,0.0
2018-07-09 00:00:00-04:00,16.729999542236328,16.84000015258789,16.170000076293945,16.610000610351562,16.610000610351562,58525500,0.0,0.0
2018-07-10 00:00:00-04:00,16.59000015258789,16.649999618530273,16.309999465942383,16.549999237060547,16.549999237060547,37093000,0.0,0.0
2018-07-11 00:00:00-04:00,16.149999618530273,16.530000686645508,16.020000457763672,16.270000457763672,16.270000457763672,42544100,0.0,0.0
2018-07-12 00:00:00-04:00,16.40999984741211,16.790000915527344,16.3799991607666,16.559999465942383,16.559999465942383,44188100,0.0,0.0
2018-07-13 00:00:00-04:00,16.68000030517578,16.690000534057617,16.219999313354492,16.270000457763672,16.270000457763672,40614100,0.0,0.0
2018-07-16 00:00:00-04:00,16.420000076293945,17.0,16.40999984741211,16.579999923706055,16.579999923706055,65275300,0.0,0.0
2018-07-17 00:00:00-04:00,16.5,16.8799991607666,16.479999542236328,16.8700008392334,16.8700008392334,42313500,0.0,0.0
2018-07-18 00:00:00-04:00,16.940000534057617,16.989999771118164,16.549999237060547,16.850000381469727,16.850000381469727,40881500,0.0,0.0
2018-07-19 00:00:00-04:00,16.709999084472656,16.8799991607666,16.549999237060547,16.709999084472656,16.709999084472656,41267800,0.0,0.0
2018-07-20 00:00:00-04:00,16.65999984741211,16.8799991607666,16.440000534057617,16.5,16.5,42879800,0.0,0.0
2018-07-23 00:00:00-04:00,16.469999313354492,16.68000030517578,15.899999618530273,16.65999984741211,16.65999984741211,44940800,0.0,0.0
2018-07-24 00:00:00-04:00,16.75,16.860000610351562,16.110000610351562,16.190000534057617,16.190000534057617,58201500,0.0,0.0
2018-07-25 00:00:00-04:00,16.299999237060547,16.389999389648438,15.720000267028809,16.049999237060547,16.049999237060547,82604900,0.0,0.0
2018-07-26 00:00:00-04:00,17.15999984741211,18.450000762939453,16.829999923706055,18.350000381469727,18.350000381469727,192661100,0.0,0.0
2018-07-27 00:00:00-04:00,19.06999969482422,19.8799991607666,18.309999465942383,18.940000534057617,18.940000534057617,161903800,0.0,0.0
2018-07-30 00:00:00-04:00,19.399999618530273,20.18000030517578,19.309999465942383,19.420000076293945,19.420000076293945,160823400,0.0,0.0
2018-07-31 00:00:00-04:00,19.350000381469727,19.5,18.270000457763672,18.329999923706055,18.329999923706055,118403400,0.0,0.0
2018-08-01 00:00:00-04:00,18.34000015258789,18.950000762939453,18.31999969482422,18.479999542236328,18.479999542236328,75495200,0.0,0.0
2018-08-02 00:00:00-04:00,18.170000076293945,18.829999923706055,18.0,18.790000915527344,18.790000915527344,52867100,0.0,0.0
2018-08-03 00:00:00-04:00,18.940000534057617,19.059999465942383,18.3700008392334,18.489999771118164,18.489999771118164,53232100,0.0,0.0
2018-08-06 00:00:00-04:00,18.889999389648438,19.440000534057617,18.459999084472656,19.43000030517578,19.43000030517578,83579700,0.0,0.0
2018-08-07 00:00:00-04:00,19.530000686645508,19.709999084472656,19.079999923706055,19.559999465942383,19.559999465942383,72822600,0.0,0.0
2018-08-08 00:00:00-04:00,19.459999084472656,19.770000457763672,19.260000228881836,19.579999923706055,19.579999923706055,52081400,0.0,0.0
2018-08-09 00:00:00-04:00,19.579999923706055,19.709999084472656,19.079999923706055,19.100000381469727,19.100000381469727,46653400,0.0,0.0
2018-08-10 00:00:00-04:00,19.09000015258789,19.479999542236328,18.850000381469727,19.059999465942383,19.059999465942383,65821100,0.0,0.0
2018-08-13 00:00:00-04:00,19.15999984741211,19.93000030517578,19.1200008392334,19.729999542236328,19.729999542236328,81411300,0.0,0.0
2018-08-14 00:00:00-04:00,19.969999313354492,20.280000686645508,19.6299991607666,20.020000457763672,20.020000457763672,89195500,0.0,0.0
2018-08-15 00:00:00-04:00,19.860000610351562,20.100000381469727,19.200000762939453,19.700000762939453,19.700000762939453,86355700,0.0,0.0
2018-08-16 00:00:00-04:00,19.860000610351562,20.06999969482422,19.25,19.329999923706055,19.329999923706055,69733700,0.0,0.0
2018-08-17 00:00:00-04:00,19.1200008392334,19.81999969482422,18.729999542236328,19.770000457763672,19.770000457763672,60616600,0.0,0.0
2018-08-20 00:00:00-04:00,19.790000915527344,20.079999923706055,19.350000381469727,19.979999542236328,19.979999542236328,62983200,0.0,0.0
2018-08-21 00:00:00-04:00,19.979999542236328,20.420000076293945,19.860000610351562,20.399999618530273,20.399999618530273,55629000,0.0,0.0
2018-08-22 00:00:00-04:00,20.280000686645508,20.920000076293945,20.209999084472656,20.899999618530273,20.899999618530273,62002700,0.0,0.0
2018-08-23 00:00:00-04:00,21.190000534057617,22.31999969482422,21.139999389648438,22.290000915527344,22.290000915527344,113444100,0.0,0.0
2018-08-24 00:00:00-04:00,22.90999984741211,24.0,22.670000076293945,23.979999542236328,23.979999542236328,164328200,0.0,0.0
2018-08-27 00:00:00-04:00,24.940000534057617,27.299999237060547,24.6299991607666,25.260000228881836,25.260000228881836,325058400,0.0,0.0
2018-08-28 00:00:00-04:00,25.510000228881836,26.18000030517578,24.040000915527344,25.049999237060547,25.049999237060547,215771200,0.0,0.0
2018-08-29 00:00:00-04:00,24.360000610351562,25.40999984741211,24.010000228881836,25.200000762939453,25.200000762939453,143223200,0.0,0.0
2018-08-30 00:00:00-04:00,25.290000915527344,25.670000076293945,24.760000228881836,24.889999389648438,24.889999389648438,103607300,0.0,0.0
2018-08-31 00:00:00-04:00,24.889999389648438,25.239999771118164,24.719999313354492,25.170000076293945,25.170000076293945,65206400,0.0,0.0
2018-09-04 00:00:00-04:00,25.6200008392334,28.110000610351562,25.56999969482422,28.059999465942383,28.059999465942383,192541300,0.0,0.0
2018-09-05 00:00:00-04:00,29.40999984741211,29.940000534057617,26.84000015258789,28.510000228881836,28.510000228881836,257349000,0.0,0.0
2018-09-06 00:00:00-04:00,28.1200008392334,28.579999923706055,27.190000534057617,27.84000015258789,27.84000015258789,143942900,0.0,0.0
2018-09-07 00:00:00-04:00,26.959999084472656,28.270000457763672,26.799999237060547,27.3799991607666,27.3799991607666,123348700,0.0,0.0
2018-09-10 00:00:00-04:00,28.149999618530273,29.93000030517578,27.84000015258789,29.889999389648438,29.889999389648438,162253800,0.0,0.0
2018-09-11 00:00:00-04:00,30.020000457763672,30.59000015258789,29.3700008392334,30.100000381469727,30.100000381469727,159902500,0.0,0.0
2018-09-12 00:00:00-04:00,29.90999984741211,32.290000915527344,29.450000762939453,32.209999084472656,32.209999084472656,197889600,0.0,0.0
2018-09-13 00:00:00-04:00,33.15999984741211,34.13999938964844,29.8700008392334,30.479999542236328,30.479999542236328,304147100,0.0,0.0
2018-09-14 00:00:00-04:00,31.43000030517578,33.09000015258789,30.540000915527344,32.720001220703125,32.720001220703125,217762800,0.0,0.0
2018-09-17 00:00:00-04:00,31.75,33.22999954223633,31.600000381469727,32.43000030517578,32.43000030517578,180410600,0.0,0.0
2018-09-18 00:00:00-04:00,32.9900016784668,33.369998931884766,31.200000762939453,31.93000030517578,31.93000030517578,176673200,0.0,0.0
2018-09-19 00:00:00-04:00,31.520000457763672,31.829999923706055,30.510000228881836,31.209999084472656,31.209999084472656,124287000,0.0,0.0
2018-09-20 00:00:00-04:00,32.099998474121094,32.20000076293945,30.639999389648438,31.18000030517578,31.18000030517578,123116500,0.0,0.0
2018-09-21 00:00:00-04:00,31.190000534057617,32.41999816894531,30.90999984741211,31.020000457763672,31.020000457763672,129792900,0.0,0.0
2018-09-24 00:00:00-04:00,31.1299991607666,32.650001525878906,30.90999984741211,32.61000061035156,32.61000061035156,118332600,0.0,0.0
2018-09-25 00:00:00-04:00,33.18000030517578,33.599998474121094,32.189998626708984,32.56999969482422,32.56999969482422,118570200,0.0,0.0
2018-09-26 00:00:00-04:00,32.400001525878906,32.599998474121094,31.719999313354492,32.189998626708984,32.189998626708984,79347300,0.0,0.0
2018-09-27 00:00:00-04:00,31.860000610351562,32.630001068115234,31.389999389648438,32.59000015258789,32.59000015258789,87934400,0.0,0.0
2018-09-28 00:00:00-04:00,32.2400016784668,32.779998779296875,29.979999542236328,30.889999389648438,30.889999389648438,165453500,0.0,0.0
2018-10-01 00:00:00-04:00,30.690000534057617,31.90999984741211,30.25,31.420000076293945,31.420000076293945,94742900,0.0,0.0
2018-10-02 00:00:00-04:00,30.729999542236328,30.81999969482422,28.649999618530273,29.020000457763672,29.020000457763672,145276500,0.0,0.0
2018-10-03 00:00:00-04:00,29.040000915527344,29.219999313354492,26.540000915527344,28.43000030517578,28.43000030517578,190137200,0.0,0.0
2018-10-04 00:00:00-04:00,27.989999771118164,28.829999923706055,27.3700008392334,27.780000686645508,27.780000686645508,95831200,0.0,0.0
2018-10-05 00:00:00-04:00,28.06999969482422,28.469999313354492,26.93000030517578,27.350000381469727,27.350000381469727,88008500,0.0,0.0
2018-10-08 00:00:00-04:00,26.729999542236328,27.540000915527344,25.959999084472656,26.459999084472656,26.459999084472656,103789500,0.0,0.0
2018-10-09 00:00:00-04:00,26.149999618530273,27.709999084472656,26.0,27.239999771118164,27.239999771118164,105461800,0.0,0.0
2018-10-10 00:00:00-04:00,27.3799991607666,27.399999618530273,24.90999984741211,25.0,25.0,147682900,0.0,0.0
2018-10-11 00:00:00-04:00,24.739999771118164,26.200000762939453,24.549999237060547,25.299999237060547,25.299999237060547,147013800,0.0,0.0
2018-10-12 00:00:00-04:00,26.770000457763672,26.969999313354492,25.670000076293945,26.34000015258789,26.34000015258789,111059400,0.0,0.0
2018-10-15 00:00:00-04:00,26.3799991607666,26.770000457763672,25.75,26.260000228881836,26.260000228881836,70523500,0.0,0.0
2018-10-16 00:00:00-04:00,26.6299991607666,28.229999542236328,26.170000076293945,28.18000030517578,28.18000030517578,92529000,0.0,0.0
2018-10-17 00:00:00-04:00,28.40999984741211,28.530000686645508,26.920000076293945,27.299999237060547,27.299999237060547,89466900,0.0,0.0
2018-10-18 00:00:00-04:00,27.079999923706055,27.75,26.399999618530273,26.6200008392334,26.6200008392334,79623700,0.0,0.0
2018-10-19 00:00:00-04:00,27.030000686645508,27.100000381469727,23.600000381469727,23.65999984741211,23.65999984741211,130799900,0.0,0.0
2018-10-22 00:00:00-04:00,24.459999084472656,25.639999389648438,24.09000015258789,25.030000686645508,25.030000686645508,114158900,0.0,0.0
2018-10-23 00:00:00-04:00,24.18000030517578,25.260000228881836,23.850000381469727,25.09000015258789,25.09000015258789,101763000,0.0,0.0
2018-10-24 00:00:00-04:00,25.040000915527344,25.100000381469727,22.75,22.790000915527344,22.790000915527344,134489100,0.0,0.0
2018-10-25 00:00:00-04:00,17.920000076293945,20.149999618530273,17.719999313354492,19.270000457763672,19.270000457763672,189173700,0.0,0.0
2018-10-26 00:00:00-04:00,18.489999771118164,18.780000686645508,17.049999237060547,17.6299991607666,17.6299991607666,119689000,0.0,0.0
2018-10-29 00:00:00-04:00,18.209999084472656,18.229999542236328,16.270000457763672,16.850000381469727,16.850000381469727,94479600,0.0,0.0
2018-10-30 00:00:00-04:00,16.3799991607666,17.239999771118164,16.170000076293945,17.200000762939453,17.200000762939453,99049400,0.0,0.0
2018-10-31 00:00:00-04:00,17.8700008392334,18.34000015258789,17.1200008392334,18.209999084472656,18.209999084472656,110463700,0.0,0.0
2018-11-01 00:00:00-04:00,18.40999984741211,20.329999923706055,18.079999923706055,20.219999313354492,20.219999313354492,136896500,0.0,0.0
2018-11-02 00:00:00-04:00,20.59000015258789,21.059999465942383,19.469999313354492,20.229999542236328,20.229999542236328,123788000,0.0,0.0
2018-11-05 00:00:00-05:00,20.1200008392334,20.18000030517578,18.8799991607666,19.899999618530273,19.899999618530273,108016700,0.0,0.0
2018-11-06 00:00:00-05:00,19.5,21.649999618530273,19.479999542236328,20.68000030517578,20.68000030517578,144995700,0.0,0.0
2018-11-07 00:00:00-05:00,21.420000076293945,22.219999313354492,21.06999969482422,21.84000015258789,21.84000015258789,121115800,0.0,0.0
2018-11-08 00:00:00-05:00,21.770000457763672,22.079999923706055,20.969999313354492,21.200000762939453,21.200000762939453,92387600,0.0,0.0
2018-11-09 00:00:00-05:00,20.770000457763672,21.190000534057617,20.110000610351562,21.030000686645508,21.030000686645508,85900700,0.0,0.0
2018-11-12 00:00:00-05:00,20.68000030517578,20.850000381469727,18.799999237060547,19.030000686645508,19.030000686645508,95948200,0.0,0.0
2018-11-13 00:00:00-05:00,19.280000686645508,20.020000457763672,18.969999313354492,19.610000610351562,19.610000610351562,76126000,0.0,0.0
2018-11-14 00:00:00-05:00,20.18000030517578,21.110000610351562,19.760000228881836,20.809999465942383,20.809999465942383,106344300,0.0,0.0
2018-11-15 00:00:00-05:00,20.719999313354492,21.770000457763672,20.420000076293945,21.489999771118164,21.489999771118164,97715500,0.0,0.0
2018-11-16 00:00:00-05:00,19.8700008392334,20.969999313354492,19.719999313354492,20.65999984741211,20.65999984741211,112376600,0.0,0.0
2018-11-19 00:00:00-05:00,20.399999618530273,20.59000015258789,19.09000015258789,19.110000610351562,19.110000610351562,93578200,0.0,0.0
2018-11-20 00:00:00-05:00,17.399999618530273,19.579999923706055,17.18000030517578,19.209999084472656,19.209999084472656,109869400,0.0,0.0
2018-11-21 00:00:00-05:00,20.049999237060547,20.309999465942383,18.5,18.729999542236328,18.729999542236328,81585600,0.0,0.0
2018-11-23 00:00:00-05:00,18.610000610351562,19.829999923706055,18.559999465942383,19.3799991607666,19.3799991607666,54611300,0.0,0.0
2018-11-26 00:00:00-05:00,19.959999084472656,20.190000534057617,19.110000610351562,20.079999923706055,20.079999923706055,83211000,0.0,0.0
2018-11-27 00:00:00-05:00,19.770000457763672,21.450000762939453,19.729999542236328,21.049999237060547,21.049999237060547,119230100,0.0,0.0
2018-11-28 00:00:00-05:00,21.81999969482422,21.8799991607666,20.18000030517578,21.34000015258789,21.34000015258789,134425300,0.0,0.0
2018-11-29 00:00:00-05:00,21.190000534057617,21.610000610351562,20.729999542236328,21.43000030517578,21.43000030517578,79853700,0.0,0.0
2018-11-30 00:00:00-05:00,21.299999237060547,21.360000610351562,20.520000457763672,21.299999237060547,21.299999237060547,82370700,0.0,0.0
2018-12-03 00:00:00-05:00,22.479999542236328,23.75,22.3700008392334,23.709999084472656,23.709999084472656,139607400,0.0,0.0
2018-12-04 00:00:00-05:00,23.350000381469727,23.420000076293945,21.06999969482422,21.1200008392334,21.1200008392334,127392900,0.0,0.0
2018-12-06 00:00:00-05:00,20.219999313354492,21.40999984741211,20.059999465942383,21.299999237060547,21.299999237060547,103434700,0.0,0.0
2018-12-07 00:00:00-05:00,21.299999237060547,21.3799991607666,19.170000076293945,19.459999084472656,19.459999084472656,105764500,0.0,0.0
2018-12-10 00:00:00-05:00,19.350000381469727,20.1299991607666,19.270000457763672,19.989999771118164,19.989999771118164,77984500,0.0,0.0
2018-12-11 00:00:00-05:00,20.709999084472656,21.139999389648438,19.690000534057617,19.979999542236328,19.979999542236328,88027400,0.0,0.0
2018-12-12 00:00:00-05:00,20.31999969482422,21.020000457763672,19.709999084472656,20.479999542236328,20.479999542236328,100340700,0.0,0.0
2018-12-13 00:00:00-05:00,20.6299991607666,20.8700008392334,19.760000228881836,19.860000610351562,19.860000610351562,88108300,0.0,0.0
2018-12-14 00:00:00-05:00,19.579999923706055,20.700000762939453,19.520000457763672,19.899999618530273,19.899999618530273,84713600,0.0,0.0
2018-12-17 00:00:00-05:00,20.010000228881836,20.020000457763672,18.639999389648438,18.829999923706055,18.829999923706055,115437900,0.0,0.0
2018-12-18 00:00:00-05:00,19.149999618530273,19.84000015258789,18.8799991607666,19.5,19.5,101512900,0.0,0.0
2018-12-19 00:00:00-05:00,19.440000534057617,19.719999313354492,18.0,18.15999984741211,18.15999984741211,120644500,0.0,0.0
2018-12-20 00:00:00-05:00,18.110000610351562,18.860000610351562,17.34000015258789,17.940000534057617,17.940000534057617,119394500,0.0,0.0
2018-12-21 00:00:00-05:00,18.1200008392334,18.34000015258789,16.760000228881836,16.93000030517578,16.93000030517578,132246000,0.0,0.0
2018-12-24 00:00:00-05:00,16.520000457763672,17.219999313354492,16.3700008392334,16.649999618530273,16.649999618530273,62933100,0.0,0.0
2018-12-26 00:00:00-05:00,16.8799991607666,17.90999984741211,16.030000686645508,17.899999618530273,17.899999618530273,108811800,0.0,0.0
2018-12-27 00:00:00-05:00,17.43000030517578,17.739999771118164,16.440000534057617,17.489999771118164,17.489999771118164,111373000,0.0,0.0
2018-12-28 00:00:00-05:00,17.530000686645508,18.309999465942383,17.139999389648438,17.81999969482422,17.81999969482422,109214400,0.0,0.0
2018-12-31 00:00:00-05:00,18.149999618530273,18.510000228881836,17.850000381469727,18.459999084472656,18.459999084472656,84732200,0.0,0.0
