Date,Open,High,Low,Close,Adj Close,Volume,Dividends,Stock Splits
2014-01-02 00:00:00-05:00,25.780000686645508,25.81999969482422,25.469999313354492,25.790000915527344,19.178800582885742,31833300,0.0,0.0
2014-01-03 00:00:00-05:00,25.860000610351562,25.899999618530273,25.600000381469727,25.780000686645508,19.171358108520508,27796700,0.0,0.0
2014-01-06 00:00:00-05:00,25.770000457763672,25.790000915527344,25.450000762939453,25.459999084472656,18.933387756347656,28682300,0.0,0.0
2014-01-07 00:00:00-05:00,25.540000915527344,25.729999542236328,25.469999313354492,25.59000015258789,19.030061721801758,19665100,0.0,0.0
2014-01-08 00:00:00-05:00,25.639999389648438,25.709999084472656,25.299999237060547,25.43000030517578,18.91108512878418,29680500,0.0,0.0
2014-01-09 00:00:00-05:00,25.420000076293945,25.549999237060547,25.25,25.309999465942383,18.821842193603516,20878000,0.0,0.0
2014-01-10 00:00:00-05:00,25.5,25.850000381469727,25.5,25.530000686645508,18.98544692993164,30588800,0.0,0.0
2014-01-13 00:00:00-05:00,25.6299991607666,25.989999771118164,25.420000076293945,25.5,18.96312713623047,40274500,0.0,0.0
2014-01-14 00:00:00-05:00,26.010000228881836,26.549999237060547,25.899999618530273,26.510000228881836,19.7142276763916,74142900,0.0,0.0
2014-01-15 00:00:00-05:00,26.719999313354492,27.1200008392334,26.610000610351562,26.670000076293945,19.833209991455078,58277700,0.0,0.0
2014-01-16 00:00:00-05:00,26.639999389648438,26.739999771118164,26.329999923706055,26.540000915527344,19.73653221130371,48960800,0.0,0.0
2014-01-17 00:00:00-05:00,25.360000610351562,25.860000610351562,25.25,25.850000381469727,19.223411560058594,111758900,0.0,0.0
2014-01-21 00:00:00-05:00,25.790000915527344,25.799999237060547,25.270000457763672,25.59000015258789,19.030061721801758,42286400,0.0,0.0
2014-01-22 00:00:00-05:00,25.389999389648438,25.540000915527344,25.149999618530273,25.309999465942383,18.821842193603516,48749900,0.0,0.0
2014-01-23 00:00:00-05:00,25.170000076293945,25.25,24.899999618530273,25.1299991607666,18.687990188598633,40241000,0.0,0.0
2014-01-24 00:00:00-05:00,24.8799991607666,25.190000534057617,24.790000915527344,24.809999465942383,18.450016021728516,34838700,0.0,0.0
2014-01-27 00:00:00-05:00,24.770000457763672,24.989999771118164,24.65999984741211,24.719999313354492,18.38308334350586,32564900,0.0,0.0
2014-01-28 00:00:00-05:00,24.709999084472656,25.049999237060547,24.56999969482422,24.899999618530273,18.516944885253906,32453800,0.0,0.0
2014-01-29 00:00:00-05:00,24.75,24.959999084472656,24.6299991607666,24.68000030517578,18.353334426879883,27145700,0.0,0.0
2014-01-30 00:00:00-05:00,24.75,24.889999389648438,24.540000915527344,24.739999771118164,18.39795684814453,24610100,0.0,0.0
2014-01-31 00:00:00-05:00,24.450000762939453,24.649999618530273,24.399999618530273,24.540000915527344,18.249229431152344,28623300,0.0,0.0
2014-02-03 00:00:00-05:00,24.5,24.510000228881836,23.889999389648438,23.950000762939453,17.81047248840332,52868200,0.0,0.0
2014-02-04 00:00:00-05:00,23.989999771118164,24.040000915527344,23.579999923706055,23.81999969482422,17.71380043029785,50816300,0.0,0.0
2014-02-05 00:00:00-05:00,23.700000762939453,23.760000228881836,23.5,23.520000457763672,17.657489776611328,32476200,0.225,0.0
2014-02-06 00:00:00-05:00,23.600000381469727,24.079999923706055,23.549999237060547,23.989999771118164,18.01034164428711,28008400,0.0,0.0
2014-02-07 00:00:00-05:00,24.200000762939453,24.260000228881836,23.770000457763672,24.209999084472656,18.175504684448242,30808400,0.0,0.0
2014-02-10 00:00:00-05:00,24.110000610351562,24.3700008392334,24.059999465942383,24.290000915527344,18.235572814941406,24571300,0.0,0.0
2014-02-11 00:00:00-05:00,24.350000381469727,24.520000457763672,24.329999923706055,24.469999313354492,18.370702743530273,17911700,0.0,0.0
2014-02-12 00:00:00-05:00,24.510000228881836,24.690000534057617,24.3700008392334,24.549999237060547,18.430757522583008,25874100,0.0,0.0
2014-02-13 00:00:00-05:00,24.43000030517578,24.739999771118164,24.309999465942383,24.700000762939453,18.54336929321289,22922000,0.0,0.0
2014-02-14 00:00:00-05:00,24.579999923706055,24.760000228881836,24.40999984741211,24.760000228881836,18.58841323852539,20539700,0.0,0.0
2014-02-18 00:00:00-05:00,24.670000076293945,24.780000686645508,24.549999237060547,24.760000228881836,18.58841323852539,17738100,0.0,0.0
2014-02-19 00:00:00-05:00,24.649999618530273,24.719999313354492,24.420000076293945,24.5,18.393220901489258,25686000,0.0,0.0
2014-02-20 00:00:00-05:00,24.540000915527344,24.850000381469727,24.5,24.739999771118164,18.573396682739258,20193800,0.0,0.0
2014-02-21 00:00:00-05:00,24.950000762939453,24.959999084472656,24.350000381469727,24.420000076293945,18.333158493041992,30579800,0.0,0.0
2014-02-24 00:00:00-05:00,24.510000228881836,24.8799991607666,24.40999984741211,24.6299991607666,18.490812301635742,24145500,0.0,0.0
2014-02-25 00:00:00-05:00,24.670000076293945,24.709999084472656,24.459999084472656,24.6200008392334,18.48331069946289,21539100,0.0,0.0
2014-02-26 00:00:00-05:00,24.739999771118164,24.979999542236328,24.610000610351562,24.799999237060547,18.618452072143555,19820200,0.0,0.0
2014-02-27 00:00:00-05:00,24.799999237060547,24.799999237060547,24.510000228881836,24.760000228881836,18.58841323852539,20863900,0.0,0.0
2014-02-28 00:00:00-05:00,24.790000915527344,24.850000381469727,24.56999969482422,24.760000228881836,18.58841323852539,23482700,0.0,0.0
2014-03-03 00:00:00-05:00,24.549999237060547,24.59000015258789,24.299999237060547,24.5,18.393220901489258,25728500,0.0,0.0
2014-03-04 00:00:00-05:00,24.719999313354492,24.780000686645508,24.5,24.610000610351562,18.475805282592773,23661200,0.0,0.0
2014-03-05 00:00:00-05:00,24.700000762939453,24.709999084472656,24.399999618530273,24.5,18.393220901489258,21036200,0.0,0.0
2014-03-06 00:00:00-05:00,24.56999969482422,24.649999618530273,24.3799991607666,24.6299991607666,18.490812301635742,22371700,0.0,0.0
2014-03-07 00:00:00-05:00,24.700000762939453,24.850000381469727,24.56999969482422,24.639999389648438,18.498319625854492,25373400,0.0,0.0
2014-03-10 00:00:00-04:00,24.610000610351562,24.889999389648438,24.579999923706055,24.84000015258789,18.648473739624023,24908100,0.0,0.0
2014-03-11 00:00:00-04:00,24.780000686645508,24.850000381469727,24.610000610351562,24.729999542236328,18.56589698791504,26656800,0.0,0.0
2014-03-12 00:00:00-04:00,24.649999618530273,24.8799991607666,24.610000610351562,24.760000228881836,18.58841323852539,21244800,0.0,0.0
2014-03-13 00:00:00-04:00,24.799999237060547,25.0,24.43000030517578,24.56999969482422,18.445770263671875,26243300,0.0,0.0
2014-03-14 00:00:00-04:00,24.479999542236328,24.649999618530273,24.399999618530273,24.5,18.393220901489258,21807200,0.0,0.0
2014-03-17 00:00:00-04:00,24.639999389648438,24.81999969482422,24.489999771118164,24.700000762939453,18.54336929321289,18525800,0.0,0.0
2014-03-18 00:00:00-04:00,24.68000030517578,24.899999618530273,24.549999237060547,24.81999969482422,18.633460998535156,26344000,0.0,0.0
2014-03-19 00:00:00-04:00,24.850000381469727,25.25,24.770000457763672,25.020000457763672,18.783607482910156,34229400,0.0,0.0
2014-03-20 00:00:00-04:00,25.0,25.59000015258789,24.940000534057617,25.43000030517578,19.091419219970703,37009100,0.0,0.0
2014-03-21 00:00:00-04:00,25.610000610351562,25.68000030517578,25.15999984741211,25.170000076293945,18.896215438842773,56861900,0.0,0.0
2014-03-24 00:00:00-04:00,25.209999084472656,25.3799991607666,24.920000076293945,25.1200008392334,18.858686447143555,36950600,0.0,0.0
2014-03-25 00:00:00-04:00,25.190000534057617,25.670000076293945,25.170000076293945,25.459999084472656,19.113935470581055,32317400,0.0,0.0
2014-03-26 00:00:00-04:00,25.59000015258789,25.739999771118164,25.31999969482422,25.3799991607666,19.053876876831055,26442800,0.0,0.0
2014-03-27 00:00:00-04:00,25.360000610351562,25.75,25.290000915527344,25.309999465942383,19.001325607299805,27201100,0.0,0.0
2014-03-28 00:00:00-04:00,25.40999984741211,25.809999465942383,25.31999969482422,25.6200008392334,19.234054565429688,22884500,0.0,0.0
2014-03-31 00:00:00-04:00,25.649999618530273,26.059999465942383,25.6200008392334,25.809999465942383,19.376697540283203,29336300,0.0,0.0
2014-04-01 00:00:00-04:00,25.799999237060547,26.0,25.639999389648438,25.989999771118164,19.51183319091797,23778700,0.0,0.0
2014-04-02 00:00:00-04:00,25.959999084472656,26.049999237060547,25.639999389648438,25.889999389648438,19.436750411987305,22464700,0.0,0.0
2014-04-03 00:00:00-04:00,26.149999618530273,26.459999084472656,26.139999389648438,26.40999984741211,19.8271427154541,38581300,0.0,0.0
2014-04-04 00:00:00-04:00,26.489999771118164,26.729999542236328,26.110000610351562,26.15999984741211,19.639455795288086,47918000,0.0,0.0
2014-04-07 00:00:00-04:00,26.299999237060547,26.739999771118164,26.200000762939453,26.489999771118164,19.887203216552734,49813500,0.0,0.0
2014-04-08 00:00:00-04:00,26.360000610351562,26.979999542236328,26.350000381469727,26.90999984741211,20.2025146484375,56699500,0.0,0.0
2014-04-09 00:00:00-04:00,26.93000030517578,27.020000457763672,26.729999542236328,26.979999542236328,20.255064010620117,34481800,0.0,0.0
2014-04-10 00:00:00-04:00,27.010000228881836,27.09000015258789,26.360000610351562,26.43000030517578,19.842161178588867,40478200,0.0,0.0
2014-04-11 00:00:00-04:00,26.270000457763672,26.59000015258789,26.170000076293945,26.18000030517578,19.654470443725586,36121100,0.0,0.0
2014-04-14 00:00:00-04:00,26.309999465942383,26.649999618530273,26.139999389648438,26.559999465942383,19.93975257873535,26957900,0.0,0.0
2014-04-15 00:00:00-04:00,26.510000228881836,26.829999923706055,26.360000610351562,26.770000457763672,20.097410202026367,45074400,0.0,0.0
2014-04-16 00:00:00-04:00,26.979999542236328,27.239999771118164,26.600000381469727,26.93000030517578,20.217529296875,59033600,0.0,0.0
2014-04-17 00:00:00-04:00,26.8799991607666,27.15999984741211,26.790000915527344,27.040000915527344,20.300107955932617,38108500,0.0,0.0
2014-04-21 00:00:00-04:00,27.049999237060547,27.049999237060547,26.729999542236328,26.950000762939453,20.232547760009766,20398600,0.0,0.0
2014-04-22 00:00:00-04:00,26.90999984741211,26.979999542236328,26.65999984741211,26.84000015258789,20.149965286254883,29601600,0.0,0.0
2014-04-23 00:00:00-04:00,26.799999237060547,26.969999313354492,26.719999313354492,26.75,20.082395553588867,25574300,0.0,0.0
2014-04-24 00:00:00-04:00,26.809999465942383,26.959999084472656,26.639999389648438,26.75,20.082395553588867,25432800,0.0,0.0
2014-04-25 00:00:00-04:00,26.649999618530273,26.719999313354492,26.190000534057617,26.260000228881836,19.714529037475586,33614400,0.0,0.0
2014-04-28 00:00:00-04:00,26.170000076293945,26.389999389648438,26.010000228881836,26.329999923706055,19.76708221435547,33472800,0.0,0.0
2014-04-29 00:00:00-04:00,26.360000610351562,26.65999984741211,26.350000381469727,26.479999542236328,19.87969398498535,22146000,0.0,0.0
2014-04-30 00:00:00-04:00,26.31999969482422,26.700000762939453,26.219999313354492,26.690000534057617,20.037349700927734,25863900,0.0,0.0
2014-05-01 00:00:00-04:00,26.510000228881836,26.670000076293945,26.389999389648438,26.450000762939453,19.857173919677734,19755200,0.0,0.0
2014-05-02 00:00:00-04:00,26.559999465942383,26.639999389648438,26.399999618530273,26.40999984741211,19.8271427154541,24235200,0.0,0.0
2014-05-05 00:00:00-04:00,26.15999984741211,26.260000228881836,25.989999771118164,26.170000076293945,19.815778732299805,20738900,0.225,0.0
2014-05-06 00:00:00-04:00,26.15999984741211,26.3799991607666,26.0,26.200000762939453,19.8385009765625,21818000,0.0,0.0
2014-05-07 00:00:00-04:00,26.260000228881836,26.450000762939453,26.219999313354492,26.3700008392334,19.967220306396484,24692800,0.0,0.0
2014-05-08 00:00:00-04:00,26.31999969482422,26.530000686645508,26.219999313354492,26.34000015258789,19.944507598876953,24166900,0.0,0.0
2014-05-09 00:00:00-04:00,26.3700008392334,26.40999984741211,26.219999313354492,26.299999237060547,19.91421890258789,20324400,0.0,0.0
2014-05-12 00:00:00-04:00,26.40999984741211,26.540000915527344,26.299999237060547,26.3700008392334,19.967220306396484,20607800,0.0,0.0
2014-05-13 00:00:00-04:00,26.489999771118164,26.540000915527344,26.329999923706055,26.450000762939453,20.02779769897461,20525000,0.0,0.0
2014-05-14 00:00:00-04:00,26.489999771118164,26.520000457763672,26.329999923706055,26.329999923706055,19.936933517456055,17811900,0.0,0.0
2014-05-15 00:00:00-04:00,26.329999923706055,26.5,26.010000228881836,26.010000228881836,19.694629669189453,31752700,0.0,0.0
2014-05-16 00:00:00-04:00,26.049999237060547,26.06999969482422,25.739999771118164,25.81999969482422,19.550765991210938,30017200,0.0,0.0
2014-05-19 00:00:00-04:00,25.75,26.09000015258789,25.75,26.040000915527344,19.71735382080078,22679600,0.0,0.0
2014-05-20 00:00:00-04:00,26.020000457763672,26.170000076293945,25.8799991607666,26.040000915527344,19.71735382080078,22292600,0.0,0.0
2014-05-21 00:00:00-04:00,26.100000381469727,26.25,26.0,26.200000762939453,19.8385009765625,18721300,0.0,0.0
2014-05-22 00:00:00-04:00,26.209999084472656,26.270000457763672,26.079999923706055,26.149999618530273,19.800640106201172,15926500,0.0,0.0
2014-05-23 00:00:00-04:00,26.149999618530273,26.299999237060547,26.139999389648438,26.290000915527344,19.906644821166992,17172200,0.0,0.0
2014-05-27 00:00:00-04:00,26.329999923706055,26.739999771118164,26.18000030517578,26.709999084472656,20.224666595458984,27271900,0.0,0.0
2014-05-28 00:00:00-04:00,26.700000762939453,26.940000534057617,26.65999984741211,26.8799991607666,20.353384017944336,27150100,0.0,0.0
2014-05-29 00:00:00-04:00,26.90999984741211,26.959999084472656,26.719999313354492,26.959999084472656,20.413970947265625,20638900,0.0,0.0
2014-05-30 00:00:00-04:00,26.940000534057617,27.31999969482422,26.93000030517578,27.31999969482422,20.686555862426758,43641000,0.0,0.0
2014-06-02 00:00:00-04:00,27.309999465942383,27.350000381469727,27.1200008392334,27.260000228881836,20.64112663269043,20264900,0.0,0.0
2014-06-03 00:00:00-04:00,27.219999313354492,27.700000762939453,27.1200008392334,27.65999984741211,20.944000244140625,33256300,0.0,0.0
2014-06-04 00:00:00-04:00,27.510000228881836,27.760000228881836,27.5,27.600000381469727,20.898569107055664,21612500,0.0,0.0
2014-06-05 00:00:00-04:00,27.559999465942383,27.65999984741211,27.43000030517578,27.65999984741211,20.944000244140625,26546200,0.0,0.0
2014-06-06 00:00:00-04:00,27.780000686645508,28.209999084472656,27.729999542236328,28.170000076293945,21.330175399780273,34795600,0.0,0.0
2014-06-09 00:00:00-04:00,28.100000381469727,28.420000076293945,27.829999923706055,27.90999984741211,21.13330078125,39933000,0.0,0.0
2014-06-10 00:00:00-04:00,27.850000381469727,28.329999923706055,27.719999313354492,28.239999771118164,21.3831729888916,34256900,0.0,0.0
2014-06-11 00:00:00-04:00,28.139999389648438,28.209999084472656,27.799999237060547,27.93000030517578,21.148448944091797,27747700,0.0,0.0
2014-06-12 00:00:00-04:00,27.860000610351562,28.100000381469727,27.770000457763672,27.959999084472656,21.171165466308594,31211400,0.0,0.0
2014-06-13 00:00:00-04:00,29.75,30.059999465942383,29.559999465942383,29.8700008392334,22.61740493774414,122194300,0.0,0.0
2014-06-16 00:00:00-04:00,29.719999313354492,30.149999618530273,29.670000076293945,30.010000228881836,22.72341537475586,36407800,0.0,0.0
2014-06-17 00:00:00-04:00,29.8799991607666,30.100000381469727,29.84000015258789,29.950000762939453,22.67798614501953,28440600,0.0,0.0
2014-06-18 00:00:00-04:00,29.8799991607666,29.979999542236328,29.670000076293945,29.93000030517578,22.662832260131836,34412300,0.0,0.0
2014-06-19 00:00:00-04:00,29.969999313354492,30.09000015258789,29.889999389648438,30.09000015258789,22.783985137939453,27166600,0.0,0.0
2014-06-20 00:00:00-04:00,30.06999969482422,30.200000762939453,30.030000686645508,30.200000762939453,22.867280960083008,39826400,0.0,0.0
2014-06-23 00:00:00-04:00,30.100000381469727,30.309999465942383,29.850000381469727,30.229999542236328,22.889997482299805,26528900,0.0,0.0
2014-06-24 00:00:00-04:00,30.15999984741211,30.829999923706055,30.09000015258789,30.5,23.09443473815918,53397600,0.0,0.0
2014-06-25 00:00:00-04:00,30.479999542236328,31.0,30.450000762939453,30.8799991607666,23.382169723510742,44293300,0.0,0.0
2014-06-26 00:00:00-04:00,30.809999465942383,30.899999618530273,30.610000610351562,30.780000686645508,23.30644416809082,26722300,0.0,0.0
2014-06-27 00:00:00-04:00,30.8700008392334,31.0,30.700000762939453,30.93000030517578,23.420032501220703,30776300,0.0,0.0
2014-06-30 00:00:00-04:00,30.8700008392334,31.0,30.65999984741211,30.899999618530273,23.39731216430664,21558400,0.0,0.0
2014-07-01 00:00:00-04:00,30.989999771118164,31.09000015258789,30.8700008392334,30.979999542236328,23.45789337158203,28240000,0.0,0.0
2014-07-02 00:00:00-04:00,30.989999771118164,31.049999237060547,30.799999237060547,30.979999542236328,23.45789337158203,16831200,0.0,0.0
2014-07-03 00:00:00-04:00,31.079999923706055,31.360000610351562,31.020000457763672,31.139999389648438,23.579038619995117,20437600,0.0,0.0
2014-07-07 00:00:00-04:00,31.09000015258789,31.200000762939453,30.920000076293945,31.030000686645508,23.495752334594727,22233400,0.0,0.0
2014-07-08 00:00:00-04:00,31.0,31.079999923706055,30.700000762939453,30.790000915527344,23.31403160095215,37608700,0.0,0.0
2014-07-09 00:00:00-04:00,30.84000015258789,30.979999542236328,30.690000534057617,30.889999389648438,23.389741897583008,28302400,0.0,0.0
2014-07-10 00:00:00-04:00,30.600000381469727,31.329999923706055,30.440000534057617,31.260000228881836,23.669902801513672,32455100,0.0,0.0
2014-07-11 00:00:00-04:00,31.260000228881836,31.450000762939453,31.040000915527344,31.25,23.662330627441406,20045000,0.0,0.0
2014-07-14 00:00:00-04:00,31.40999984741211,31.579999923706055,31.34000015258789,31.489999771118164,23.844057083129883,24244600,0.0,0.0
2014-07-15 00:00:00-04:00,31.579999923706055,31.799999237060547,31.15999984741211,31.709999084472656,24.010637283325195,61006100,0.0,0.0
2014-07-16 00:00:00-04:00,33.310001373291016,34.7400016784668,33.209999084472656,34.650001525878906,26.23679542541504,135834600,0.0,0.0
2014-07-17 00:00:00-04:00,34.20000076293945,34.36000061035156,33.630001068115234,33.70000076293945,25.517452239990234,70591100,0.0,0.0
2014-07-18 00:00:00-04:00,33.79999923706055,33.84000015258789,33.38999938964844,33.70000076293945,25.517452239990234,46528800,0.0,0.0
2014-07-21 00:00:00-04:00,33.54999923706055,34.22999954223633,33.540000915527344,34.060001373291016,25.790050506591797,32097200,0.0,0.0
2014-07-22 00:00:00-04:00,34.15999984741211,34.83000183105469,34.06999969482422,34.790000915527344,26.342796325683594,42915100,0.0,0.0
2014-07-23 00:00:00-04:00,34.68000030517578,34.709999084472656,34.29999923706055,34.5,26.12322425842285,26077000,0.0,0.0
2014-07-24 00:00:00-04:00,34.380001068115234,34.66999816894531,34.099998474121094,34.25,25.933916091918945,33180400,0.0,0.0
2014-07-25 00:00:00-04:00,34.150001525878906,34.369998931884766,33.93000030517578,34.25,25.933916091918945,31614000,0.0,0.0
2014-07-28 00:00:00-04:00,34.22999954223633,34.31999969482422,33.880001068115234,34.22999954223633,25.918771743774414,30972200,0.0,0.0
2014-07-29 00:00:00-04:00,34.27000045776367,34.369998931884766,34.09000015258789,34.189998626708984,25.888486862182617,26141700,0.0,0.0
2014-07-30 00:00:00-04:00,34.310001373291016,34.56999969482422,34.040000915527344,34.349998474121094,26.0096378326416,32782800,0.0,0.0
2014-07-31 00:00:00-04:00,34.09000015258789,34.25,33.810001373291016,33.88999938964844,25.66132164001465,35431200,0.0,0.0
2014-08-01 00:00:00-04:00,33.75,34.029998779296875,33.61000061035156,33.7400016784668,25.547744750976562,33472400,0.0,0.0
2014-08-04 00:00:00-04:00,33.790000915527344,34.09000015258789,33.54999923706055,34.04999923706055,25.7824764251709,27250100,0.0,0.0
2014-08-05 00:00:00-04:00,33.7599983215332,33.779998779296875,32.599998474121094,32.81999969482422,25.01643943786621,49845100,0.225,0.0
2014-08-06 00:00:00-04:00,32.599998474121094,33.189998626708984,32.38999938964844,32.849998474121094,25.039306640625,27923900,0.0,0.0
2014-08-07 00:00:00-04:00,32.93000030517578,33.150001525878906,32.540000915527344,32.68000030517578,24.909719467163086,27820100,0.0,0.0
2014-08-08 00:00:00-04:00,32.779998779296875,33.0,32.540000915527344,32.599998474121094,24.848745346069336,35484000,0.0,0.0
2014-08-11 00:00:00-04:00,32.81999969482422,33.2400016784668,32.810001373291016,33.02000045776367,25.168888092041016,27718600,0.0,0.0
2014-08-12 00:00:00-04:00,32.90999984741211,33.150001525878906,32.68000030517578,33.130001068115234,25.252729415893555,24805600,0.0,0.0
2014-08-13 00:00:00-04:00,33.2400016784668,34.150001525878906,33.22999954223633,34.099998474121094,25.992084503173828,36291000,0.0,0.0
2014-08-14 00:00:00-04:00,34.04999923706055,34.22999954223633,33.7400016784668,33.939998626708984,25.870132446289062,25458000,0.0,0.0
2014-08-15 00:00:00-04:00,34.099998474121094,34.209999084472656,33.709999084472656,34.16999816894531,26.045442581176758,28577600,0.0,0.0
2014-08-18 00:00:00-04:00,34.2599983215332,34.470001220703125,33.97999954223633,34.40999984741211,26.228384017944336,27232200,0.0,0.0
2014-08-19 00:00:00-04:00,34.5,34.5,34.25,34.34000015258789,26.175031661987305,29281900,0.0,0.0
2014-08-20 00:00:00-04:00,34.22999954223633,34.5099983215332,34.18000030517578,34.5,26.296993255615234,27140300,0.0,0.0
2014-08-21 00:00:00-04:00,34.459999084472656,35.189998626708984,34.45000076293945,35.150001525878906,26.792436599731445,37164900,0.0,0.0
2014-08-22 00:00:00-04:00,35.20000076293945,35.20000076293945,34.90999984741211,34.939998626708984,26.632369995117188,21196700,0.0,0.0
2014-08-25 00:00:00-04:00,35.09000015258789,35.150001525878906,34.650001525878906,34.810001373291016,26.53327751159668,18614500,0.0,0.0
2014-08-26 00:00:00-04:00,34.790000915527344,35.04999923706055,34.689998626708984,34.79999923706055,26.525657653808594,19664700,0.0,0.0
2014-08-27 00:00:00-04:00,34.88999938964844,34.939998626708984,34.630001068115234,34.790000915527344,26.518024444580078,17168900,0.0,0.0
2014-08-28 00:00:00-04:00,34.61000061035156,34.810001373291016,34.61000061035156,34.650001525878906,26.411319732666016,18908900,0.0,0.0
2014-08-29 00:00:00-04:00,34.810001373291016,34.939998626708984,34.66999816894531,34.91999816894531,26.61711883544922,32302800,0.0,0.0
2014-09-02 00:00:00-04:00,34.7599983215332,34.90999984741211,34.43000030517578,34.56999969482422,26.3503475189209,32094800,0.0,0.0
2014-09-03 00:00:00-04:00,34.81999969482422,34.880001068115234,34.45000076293945,34.56999969482422,26.3503475189209,26668800,0.0,0.0
2014-09-04 00:00:00-04:00,34.529998779296875,35.09000015258789,34.52000045776367,34.90999984741211,26.609500885009766,27632400,0.0,0.0
2014-09-05 00:00:00-04:00,34.91999816894531,35.119998931884766,34.83000183105469,35.0,26.6780948638916,20841900,0.0,0.0
2014-09-08 00:00:00-04:00,34.959999084472656,35.560001373291016,34.880001068115234,35.33000183105469,26.929637908935547,24859600,0.0,0.0
2014-09-09 00:00:00-04:00,35.290000915527344,35.290000915527344,34.849998474121094,34.90999984741211,26.609500885009766,22333100,0.0,0.0
2014-09-10 00:00:00-04:00,34.849998474121094,35.130001068115234,34.66999816894531,35.02000045776367,26.693347930908203,19964200,0.0,0.0
2014-09-11 00:00:00-04:00,34.790000915527344,35.02000045776367,34.529998779296875,35.02000045776367,26.693347930908203,21949000,0.0,0.0
2014-09-12 00:00:00-04:00,34.900001525878906,34.90999984741211,34.5,34.619998931884766,26.388446807861328,26732600,0.0,0.0
2014-09-15 00:00:00-04:00,34.709999084472656,34.77000045776367,34.22999954223633,34.540000915527344,26.327468872070312,22438000,0.0,0.0
2014-09-16 00:00:00-04:00,34.470001220703125,35.08000183105469,34.470001220703125,34.93000030517578,26.624746322631836,20875700,0.0,0.0
2014-09-17 00:00:00-04:00,34.90999984741211,35.20000076293945,34.7400016784668,34.97999954223633,26.6628475189209,26278900,0.0,0.0
2014-09-18 00:00:00-04:00,35.119998931884766,35.16999816894531,34.86000061035156,35.16999816894531,26.807676315307617,23809600,0.0,0.0
2014-09-19 00:00:00-04:00,35.15999984741211,35.220001220703125,34.81999969482422,34.81999969482422,26.5408935546875,46851900,0.0,0.0
2014-09-22 00:00:00-04:00,34.779998779296875,35.029998779296875,34.54999923706055,34.709999084472656,26.457050323486328,25447700,0.0,0.0
2014-09-23 00:00:00-04:00,34.709999084472656,34.709999084472656,34.380001068115234,34.41999816894531,26.236000061035156,25690700,0.0,0.0
2014-09-24 00:00:00-04:00,34.400001525878906,34.849998474121094,34.369998931884766,34.75,26.487539291381836,18829000,0.0,0.0
2014-09-25 00:00:00-04:00,34.68000030517578,34.790000915527344,33.880001068115234,34.13999938964844,26.0225772857666,34639700,0.0,0.0
2014-09-26 00:00:00-04:00,34.2599983215332,34.36000061035156,33.630001068115234,34.2599983215332,26.114046096801758,25882300,0.0,0.0
2014-09-29 00:00:00-04:00,34.060001373291016,34.9900016784668,33.939998626708984,34.900001525878906,26.601877212524414,29003100,0.0,0.0
2014-09-30 00:00:00-04:00,34.900001525878906,35.0,34.40999984741211,34.81999969482422,26.5408935546875,35274600,0.0,0.0
2014-10-01 00:00:00-04:00,34.61000061035156,34.779998779296875,33.84000015258789,33.9900016784668,25.908248901367188,35086600,0.0,0.0
2014-10-02 00:00:00-04:00,33.959999084472656,34.0,33.2599983215332,33.52000045776367,25.54999542236328,32910800,0.0,0.0
2014-10-03 00:00:00-04:00,33.65999984741211,34.18000030517578,33.470001220703125,34.029998779296875,25.938737869262695,25834600,0.0,0.0
2014-10-06 00:00:00-04:00,34.150001525878906,34.47999954223633,33.869998931884766,34.11000061035156,25.999717712402344,24321100,0.0,0.0
2014-10-07 00:00:00-04:00,34.040000915527344,34.04999923706055,33.41999816894531,33.470001220703125,25.511878967285156,25972100,0.0,0.0
2014-10-08 00:00:00-04:00,33.4900016784668,34.369998931884766,33.13999938964844,34.27000045776367,26.12167739868164,34960600,0.0,0.0
2014-10-09 00:00:00-04:00,34.150001525878906,34.43000030517578,33.58000183105469,33.619998931884766,25.626222610473633,28185700,0.0,0.0
2014-10-10 00:00:00-04:00,32.619998931884766,32.86000061035156,30.5,31.90999984741211,24.322805404663086,80917600,0.0,0.0
2014-10-13 00:00:00-04:00,31.719999313354492,32.369998931884766,31.469999313354492,31.469999313354492,23.987422943115234,42110200,0.0,0.0
2014-10-14 00:00:00-04:00,31.989999771118164,32.66999816894531,31.709999084472656,32.13999938964844,24.49811553955078,68671000,0.0,0.0
2014-10-15 00:00:00-04:00,30.540000915527344,31.649999618530273,29.649999618530273,31.280000686645508,23.84259796142578,92305200,0.0,0.0
2014-10-16 00:00:00-04:00,30.889999389648438,31.510000228881836,30.75,30.850000381469727,23.51483917236328,47787400,0.0,0.0
2014-10-17 00:00:00-04:00,31.200000762939453,31.709999084472656,30.969999313354492,31.3799991607666,23.918825149536133,37504500,0.0,0.0
2014-10-20 00:00:00-04:00,31.040000915527344,31.700000762939453,30.899999618530273,31.579999923706055,24.07126808166504,30523700,0.0,0.0
2014-10-21 00:00:00-04:00,31.670000076293945,32.619998931884766,31.579999923706055,32.61000061035156,24.85637092590332,33278400,0.0,0.0
2014-10-22 00:00:00-04:00,32.65999984741211,32.869998931884766,32.220001220703125,32.27000045776367,24.597211837768555,26725600,0.0,0.0
2014-10-23 00:00:00-04:00,32.720001220703125,32.90999984741211,32.599998474121094,32.689998626708984,24.917343139648438,22254900,0.0,0.0
2014-10-24 00:00:00-04:00,32.720001220703125,33.33000183105469,32.56999969482422,33.18000030517578,25.290834426879883,27814300,0.0,0.0
2014-10-27 00:00:00-04:00,33.08000183105469,33.29999923706055,32.77000045776367,33.20000076293945,25.306076049804688,23751900,0.0,0.0
2014-10-28 00:00:00-04:00,33.22999954223633,33.75,33.22999954223633,33.7400016784668,25.717683792114258,21857800,0.0,0.0
2014-10-29 00:00:00-04:00,33.7599983215332,33.970001220703125,33.5099983215332,33.91999816894531,25.854888916015625,24615200,0.0,0.0
2014-10-30 00:00:00-04:00,33.58000183105469,33.61000061035156,32.400001525878906,32.58000183105469,24.833494186401367,55217900,0.0,0.0
2014-10-31 00:00:00-04:00,33.7400016784668,34.0099983215332,32.630001068115234,34.0099983215332,25.923486709594727,52089700,0.0,0.0
2014-11-03 00:00:00-05:00,33.810001373291016,34.47999954223633,33.790000915527344,34.310001373291016,26.15215301513672,28703600,0.0,0.0
2014-11-04 00:00:00-05:00,34.25,34.779998779296875,34.209999084472656,34.540000915527344,26.327468872070312,34695900,0.0,0.0
2014-11-05 00:00:00-05:00,34.04999923706055,34.099998474121094,33.599998474121094,33.7599983215332,25.901662826538086,34705500,0.225,0.0
2014-11-06 00:00:00-05:00,33.689998626708984,34.22999954223633,33.40999984741211,33.81999969482422,25.947689056396484,25240600,0.0,0.0
2014-11-07 00:00:00-05:00,33.97999954223633,34.0,33.189998626708984,33.58000183105469,25.763559341430664,27604500,0.0,0.0
2014-11-10 00:00:00-05:00,33.43000030517578,33.4900016784668,33.08000183105469,33.2599983215332,25.51803970336914,30653600,0.0,0.0
2014-11-11 00:00:00-05:00,33.36000061035156,33.540000915527344,33.20000076293945,33.310001373291016,25.556411743164062,19676600,0.0,0.0
2014-11-12 00:00:00-05:00,33.22999954223633,33.41999816894531,33.0,33.380001068115234,25.610107421875,22864200,0.0,0.0
2014-11-13 00:00:00-05:00,33.349998474121094,33.86000061035156,33.34000015258789,33.68000030517578,25.84028434753418,26449300,0.0,0.0
2014-11-14 00:00:00-05:00,33.75,33.970001220703125,33.349998474121094,33.95000076293945,26.047433853149414,18104600,0.0,0.0
2014-11-17 00:00:00-05:00,33.81999969482422,34.25,33.7599983215332,34.2400016784668,26.269933700561523,17646300,0.0,0.0
2014-11-18 00:00:00-05:00,34.189998626708984,34.900001525878906,34.15999984741211,34.709999084472656,26.630529403686523,30674800,0.0,0.0
2014-11-19 00:00:00-05:00,34.689998626708984,34.790000915527344,34.25,34.349998474121094,26.354324340820312,21289600,0.0,0.0
2014-11-20 00:00:00-05:00,34.13999938964844,35.970001220703125,34.0,35.95000076293945,27.581899642944336,61994700,0.0,0.0
2014-11-21 00:00:00-05:00,35.97999954223633,36.459999084472656,35.5,35.59000015258789,27.30569076538086,56721600,0.0,0.0
2014-11-24 00:00:00-05:00,35.88999938964844,36.43000030517578,35.84000015258789,36.25,27.81206703186035,33321100,0.0,0.0
2014-11-25 00:00:00-05:00,36.36000061035156,36.47999954223633,36.150001525878906,36.31999969482422,27.865768432617188,29093200,0.0,0.0
2014-11-26 00:00:00-05:00,36.369998931884766,36.9900016784668,36.279998779296875,36.900001525878906,28.310766220092773,24060000,0.0,0.0
2014-11-28 00:00:00-05:00,37.040000915527344,37.689998626708984,36.939998626708984,37.25,28.579288482666016,19128500,0.0,0.0
2014-12-01 00:00:00-05:00,37.209999084472656,37.619998931884766,36.900001525878906,37.16999816894531,28.51791000366211,30904000,0.0,0.0
2014-12-02 00:00:00-05:00,37.18000030517578,37.599998474121094,37.18000030517578,37.599998474121094,28.84781837463379,28361100,0.0,0.0
2014-12-03 00:00:00-05:00,37.68000030517578,37.88999938964844,37.40999984741211,37.43000030517578,28.717395782470703,30660800,0.0,0.0
2014-12-04 00:00:00-05:00,37.400001525878906,37.459999084472656,37.040000915527344,37.459999084472656,28.740415573120117,23359100,0.0,0.0
2014-12-05 00:00:00-05:00,37.56999969482422,37.900001525878906,37.52000045776367,37.66999816894531,28.901533126831055,20527600,0.0,0.0
2014-12-08 00:00:00-05:00,37.459999084472656,37.72999954223633,36.939998626708984,37.20000076293945,28.540929794311523,28134800,0.0,0.0
2014-12-09 00:00:00-05:00,36.66999816894531,37.09000015258789,36.29999923706055,36.88999938964844,28.303083419799805,28487300,0.0,0.0
2014-12-10 00:00:00-05:00,36.93000030517578,37.02000045776367,36.29999923706055,36.41999816894531,27.94249153137207,27499900,0.0,0.0
2014-12-11 00:00:00-05:00,36.5,37.209999084472656,36.439998626708984,36.70000076293945,28.15731430053711,25088200,0.0,0.0
2014-12-12 00:00:00-05:00,36.45000076293945,36.81999969482422,36.220001220703125,36.22999954223633,27.79671859741211,29322500,0.0,0.0
2014-12-15 00:00:00-05:00,36.38999938964844,36.779998779296875,35.900001525878906,35.91999816894531,27.558868408203125,30633400,0.0,0.0
2014-12-16 00:00:00-05:00,35.86000061035156,36.5,35.560001373291016,35.560001373291016,27.282676696777344,31166300,0.0,0.0
2014-12-17 00:00:00-05:00,35.619998931884766,36.33000183105469,35.33000183105469,36.2400016784668,27.80438804626465,31637700,0.0,0.0
2014-12-18 00:00:00-05:00,36.75,37.02000045776367,36.43000030517578,37.02000045776367,28.402828216552734,32128100,0.0,0.0
2014-12-19 00:00:00-05:00,37.02000045776367,37.15999984741211,36.22999954223633,36.369998931884766,27.904117584228516,76786800,0.0,0.0
2014-12-22 00:00:00-05:00,36.38999938964844,37.2599983215332,36.38999938964844,37.209999084472656,28.548603057861328,29227100,0.0,0.0
2014-12-23 00:00:00-05:00,37.400001525878906,37.70000076293945,37.29999923706055,37.43000030517578,28.717395782470703,22169700,0.0,0.0
2014-12-24 00:00:00-05:00,37.470001220703125,37.599998474121094,37.18000030517578,37.439998626708984,28.72505760192871,12109100,0.0,0.0
2014-12-26 00:00:00-05:00,37.52000045776367,37.7400016784668,37.52000045776367,37.54999923706055,28.809467315673828,14037200,0.0,0.0
2014-12-29 00:00:00-05:00,37.45000076293945,37.52000045776367,37.16999816894531,37.18000030517578,28.525590896606445,12203300,0.0,0.0
2014-12-30 00:00:00-05:00,37.08000183105469,37.189998626708984,36.7599983215332,36.7599983215332,28.20334815979004,15214100,0.0,0.0
2014-12-31 00:00:00-05:00,36.630001068115234,37.040000915527344,36.290000915527344,36.290000915527344,27.842756271362305,20393600,0.0,0.0
2015-01-02 00:00:00-05:00,36.66999816894531,37.15999984741211,36.11000061035156,36.36000061035156,27.896453857421875,23605600,0.0,0.0
2015-01-05 00:00:00-05:00,36.20000076293945,36.45000076293945,35.939998626708984,35.95000076293945,27.581899642944336,32785000,0.0,0.0
2015-01-06 00:00:00-05:00,36.08000183105469,36.22999954223633,35.2599983215332,35.279998779296875,27.06784439086914,30847600,0.0,0.0
2015-01-07 00:00:00-05:00,35.63999938964844,36.06999969482422,35.27000045776367,36.02000045776367,27.63560676574707,27725200,0.0,0.0
2015-01-08 00:00:00-05:00,36.369998931884766,37.0,36.2599983215332,36.689998626708984,28.149646759033203,31765400,0.0,0.0
2015-01-09 00:00:00-05:00,36.77000045776367,37.11000061035156,36.400001525878906,36.7599983215332,28.20334815979004,22850500,0.0,0.0
2015-01-12 00:00:00-05:00,36.900001525878906,37.0,36.22999954223633,36.599998474121094,28.080589294433594,29400800,0.0,0.0
2015-01-13 00:00:00-05:00,36.869998931884766,37.4900016784668,36.290000915527344,36.5,28.00387191772461,31478000,0.0,0.0
2015-01-14 00:00:00-05:00,36.33000183105469,36.90999984741211,35.90999984741211,36.349998474121094,27.888782501220703,34250300,0.0,0.0
2015-01-15 00:00:00-05:00,36.529998779296875,36.880001068115234,36.029998779296875,36.189998626708984,27.766033172607422,47181800,0.0,0.0
2015-01-16 00:00:00-05:00,36.119998931884766,36.65999984741211,35.5099983215332,36.45000076293945,27.96550750732422,62812200,0.0,0.0
2015-01-20 00:00:00-05:00,36.099998474121094,36.459999084472656,35.56999969482422,36.09000015258789,27.689306259155273,35929400,0.0,0.0
2015-01-21 00:00:00-05:00,35.849998474121094,36.68000030517578,35.77000045776367,36.47999954223633,27.988525390625,27442600,0.0,0.0
2015-01-22 00:00:00-05:00,36.560001373291016,37.0,36.13999938964844,36.90999984741211,28.318435668945312,31809900,0.0,0.0
2015-01-23 00:00:00-05:00,36.959999084472656,37.029998779296875,36.380001068115234,36.45000076293945,27.96550750732422,27427100,0.0,0.0
2015-01-26 00:00:00-05:00,36.189998626708984,36.29999923706055,35.56999969482422,35.810001373291016,27.474475860595703,30906800,0.0,0.0
2015-01-27 00:00:00-05:00,34.400001525878906,34.720001220703125,33.54999923706055,34.189998626708984,26.231569290161133,58456200,0.0,0.0
2015-01-28 00:00:00-05:00,34.470001220703125,34.70000076293945,33.720001220703125,33.779998779296875,25.917007446289062,34929100,0.0,0.0
2015-01-29 00:00:00-05:00,33.84000015258789,34.279998779296875,33.459999084472656,34.209999084472656,26.246912002563477,29569400,0.0,0.0
2015-01-30 00:00:00-05:00,33.70000076293945,33.9900016784668,33.0,33.040000915527344,25.34925651550293,38719700,0.0,0.0
2015-02-02 00:00:00-05:00,33.060001373291016,33.75,32.650001525878906,33.650001525878906,25.817270278930664,38733800,0.0,0.0
2015-02-03 00:00:00-05:00,33.779998779296875,34.04999923706055,32.61000061035156,33.70000076293945,25.855621337890625,36038300,0.0,0.0
2015-02-04 00:00:00-05:00,33.66999816894531,33.84000015258789,33.29999923706055,33.599998474121094,25.96381378173828,25052800,0.24,0.0
2015-02-05 00:00:00-05:00,33.68000030517578,33.9900016784668,33.45000076293945,33.939998626708984,26.22653579711914,20491400,0.0,0.0
2015-02-06 00:00:00-05:00,33.91999816894531,34.0,33.13999938964844,33.29999923706055,25.73198890686035,29342400,0.0,0.0
2015-02-09 00:00:00-05:00,33.0,33.2400016784668,32.66999816894531,32.93000030517578,25.446083068847656,28705500,0.0,0.0
2015-02-10 00:00:00-05:00,33.20000076293945,33.72999954223633,33.04999923706055,33.70000076293945,26.041078567504883,20200000,0.0,0.0
2015-02-11 00:00:00-05:00,33.66999816894531,33.7599983215332,33.31999969482422,33.54999923706055,25.9251766204834,18364200,0.0,0.0
2015-02-12 00:00:00-05:00,33.97999954223633,34.130001068115234,33.7599983215332,34.130001068115234,26.373350143432617,20056700,0.0,0.0
2015-02-13 00:00:00-05:00,34.25,34.369998931884766,33.95000076293945,34.36000061035156,26.551088333129883,18037900,0.0,0.0
2015-02-17 00:00:00-05:00,34.400001525878906,34.75,34.2599983215332,34.7400016784668,26.844724655151367,19374100,0.0,0.0
2015-02-18 00:00:00-05:00,34.650001525878906,34.709999084472656,34.189998626708984,34.27000045776367,26.481548309326172,19992900,0.0,0.0
2015-02-19 00:00:00-05:00,34.25,34.41999816894531,34.04999923706055,34.209999084472656,26.43517303466797,11017500,0.0,0.0
2015-02-20 00:00:00-05:00,34.150001525878906,34.56999969482422,33.90999984741211,34.40999984741211,26.589719772338867,20955600,0.0,0.0
2015-02-23 00:00:00-05:00,34.400001525878906,34.5,33.58000183105469,33.7599983215332,26.087446212768555,25565500,0.0,0.0
2015-02-24 00:00:00-05:00,33.61000061035156,34.4900016784668,33.5099983215332,34.40999984741211,26.589719772338867,29607500,0.0,0.0
2015-02-25 00:00:00-05:00,34.029998779296875,34.150001525878906,33.72999954223633,33.95000076293945,26.23426055908203,24686300,0.0,0.0
2015-02-26 00:00:00-05:00,33.619998931884766,33.880001068115234,33.43000030517578,33.650001525878906,26.00244903564453,25928400,0.0,0.0
2015-02-27 00:00:00-05:00,33.630001068115234,33.63999938964844,33.209999084472656,33.25,25.693355560302734,24427300,0.0,0.0
2015-03-02 00:00:00-05:00,33.290000915527344,34.130001068115234,33.119998931884766,34.060001373291016,26.31926918029785,25406400,0.0,0.0
2015-03-03 00:00:00-05:00,33.95000076293945,34.380001068115234,33.90999984741211,34.099998474121094,26.350173950195312,27332000,0.0,0.0
2015-03-04 00:00:00-05:00,33.86000061035156,34.40999984741211,33.720001220703125,34.119998931884766,26.36562728881836,23005800,0.0,0.0
2015-03-05 00:00:00-05:00,34.2599983215332,34.5,33.59000015258789,33.72999954223633,26.06427001953125,21225800,0.0,0.0
2015-03-06 00:00:00-05:00,33.540000915527344,33.68000030517578,33.08000183105469,33.189998626708984,25.646989822387695,32373100,0.0,0.0
2015-03-09 00:00:00-04:00,33.20000076293945,33.27000045776367,32.47999954223633,32.720001220703125,25.28380012512207,33058800,0.0,0.0
2015-03-10 00:00:00-04:00,32.2400016784668,32.40999984741211,31.5,31.700000762939453,24.495616912841797,50278900,0.0,0.0
2015-03-11 00:00:00-04:00,31.969999313354492,32.959999084472656,31.950000762939453,32.33000183105469,24.98244285583496,49683600,0.0,0.0
2015-03-12 00:00:00-04:00,31.010000228881836,31.600000381469727,30.579999923706055,30.799999237060547,23.80015754699707,107402400,0.0,0.0
2015-03-13 00:00:00-04:00,30.6299991607666,30.979999542236328,30.360000610351562,30.93000030517578,23.900617599487305,47954700,0.0,0.0
2015-03-16 00:00:00-04:00,30.93000030517578,31.110000610351562,30.649999618530273,30.829999923706055,23.823345184326172,33074600,0.0,0.0
2015-03-17 00:00:00-04:00,30.579999923706055,30.729999542236328,30.40999984741211,30.59000015258789,23.637887954711914,29215600,0.0,0.0
2015-03-18 00:00:00-04:00,30.40999984741211,31.200000762939453,30.299999237060547,30.889999389648438,23.869705200195312,39834100,0.0,0.0
2015-03-19 00:00:00-04:00,30.780000686645508,31.100000381469727,30.690000534057617,30.739999771118164,23.753795623779297,27414200,0.0,0.0
2015-03-20 00:00:00-04:00,30.989999771118164,31.6200008392334,30.93000030517578,31.309999465942383,24.19425392150879,64777100,0.0,0.0
2015-03-23 00:00:00-04:00,31.290000915527344,31.790000915527344,31.200000762939453,31.200000762939453,24.1092529296875,29694000,0.0,0.0
2015-03-24 00:00:00-04:00,31.15999984741211,31.31999969482422,30.739999771118164,30.790000915527344,23.792430877685547,28471400,0.0,0.0
2015-03-25 00:00:00-04:00,30.809999465942383,30.889999389648438,29.860000610351562,29.889999389648438,23.096967697143555,37691000,0.0,0.0
2015-03-26 00:00:00-04:00,29.5,30.399999618530273,29.309999465942383,30.079999923706055,23.24379539489746,45450100,0.0,0.0
2015-03-27 00:00:00-04:00,30.010000228881836,33.0,29.850000381469727,32.0,24.727441787719727,73857200,0.0,0.0
2015-03-30 00:00:00-04:00,31.65999984741211,32.099998474121094,31.299999237060547,31.459999084472656,24.31016731262207,51391500,0.0,0.0
2015-03-31 00:00:00-04:00,31.43000030517578,31.93000030517578,31.200000762939453,31.270000457763672,24.163341522216797,32098500,0.0,0.0
2015-04-01 00:00:00-04:00,31.1299991607666,31.31999969482422,30.649999618530273,30.809999465942383,23.807886123657227,31532100,0.0,0.0
2015-04-02 00:00:00-04:00,30.799999237060547,31.229999542236328,30.670000076293945,30.809999465942383,23.807886123657227,20909600,0.0,0.0
2015-04-06 00:00:00-04:00,30.809999465942383,31.25,30.450000762939453,31.040000915527344,23.985618591308594,21490900,0.0,0.0
2015-04-07 00:00:00-04:00,31.06999969482422,31.59000015258789,31.0,31.260000228881836,24.15561294555664,23258300,0.0,0.0
2015-04-08 00:00:00-04:00,31.229999542236328,31.559999465942383,31.059999465942383,31.309999465942383,24.19425392150879,18250300,0.0,0.0
2015-04-09 00:00:00-04:00,30.68000030517578,31.6200008392334,30.56999969482422,31.239999771118164,24.140165328979492,34167600,0.0,0.0
2015-04-10 00:00:00-04:00,31.329999923706055,31.940000534057617,31.329999923706055,31.93000030517578,24.67334747314453,28084900,0.0,0.0
2015-04-13 00:00:00-04:00,31.809999465942383,32.04999923706055,31.709999084472656,31.729999542236328,24.51880645751953,23489000,0.0,0.0
2015-04-14 00:00:00-04:00,31.68000030517578,31.940000534057617,31.270000457763672,31.489999771118164,24.333337783813477,39754000,0.0,0.0
2015-04-15 00:00:00-04:00,32.2599983215332,32.9900016784668,32.06999969482422,32.83000183105469,25.368806838989258,61083500,0.0,0.0
2015-04-16 00:00:00-04:00,32.849998474121094,32.9900016784668,32.70000076293945,32.869998931884766,25.399715423583984,28903200,0.0,0.0
2015-04-17 00:00:00-04:00,32.5099983215332,32.70000076293945,32.220001220703125,32.470001220703125,25.090627670288086,30593600,0.0,0.0
2015-04-20 00:00:00-04:00,32.61000061035156,32.790000915527344,32.529998779296875,32.72999954223633,25.29153823852539,20649300,0.0,0.0
2015-04-21 00:00:00-04:00,32.93000030517578,32.970001220703125,32.279998779296875,32.43000030517578,25.059715270996094,19023800,0.0,0.0
2015-04-22 00:00:00-04:00,32.40999984741211,32.720001220703125,32.029998779296875,32.70000076293945,25.268354415893555,21144200,0.0,0.0
2015-04-23 00:00:00-04:00,32.040000915527344,32.40999984741211,32.0099983215332,32.349998474121094,24.99789810180664,23775300,0.0,0.0
2015-04-24 00:00:00-04:00,32.40999984741211,32.47999954223633,32.02000045776367,32.08000183105469,24.789262771606445,22759900,0.0,0.0
2015-04-27 00:00:00-04:00,32.08000183105469,32.689998626708984,32.08000183105469,32.5,25.113805770874023,25869600,0.0,0.0
2015-04-28 00:00:00-04:00,32.29999923706055,33.040000915527344,32.22999954223633,33.02000045776367,25.515625,29572800,0.0,0.0
2015-04-29 00:00:00-04:00,32.560001373291016,33.0,32.54999923706055,32.88999938964844,25.415170669555664,21819000,0.0,0.0
2015-04-30 00:00:00-04:00,32.709999084472656,32.849998474121094,32.29999923706055,32.54999923706055,25.152441024780273,22013300,0.0,0.0
2015-05-01 00:00:00-04:00,32.630001068115234,33.4900016784668,32.619998931884766,33.41999816894531,25.8247127532959,27091200,0.0,0.0
2015-05-04 00:00:00-04:00,33.27000045776367,33.5,33.220001220703125,33.43000030517578,25.832447052001953,21397300,0.0,0.0
2015-05-05 00:00:00-04:00,33.0,33.099998474121094,32.56999969482422,32.63999938964844,25.404373168945312,29779200,0.24,0.0
2015-05-06 00:00:00-04:00,32.5,32.790000915527344,31.93000030517578,32.220001220703125,25.077478408813477,31985400,0.0,0.0
2015-05-07 00:00:00-04:00,32.27000045776367,32.630001068115234,32.18000030517578,32.2400016784668,25.093042373657227,21475300,0.0,0.0
2015-05-08 00:00:00-04:00,32.5099983215332,32.880001068115234,32.34000015258789,32.79999923706055,25.528898239135742,26926500,0.0,0.0
2015-05-11 00:00:00-04:00,32.68000030517578,32.709999084472656,32.43000030517578,32.689998626708984,25.443281173706055,18358600,0.0,0.0
2015-05-12 00:00:00-04:00,32.439998626708984,32.5,32.0,32.25,25.1008243560791,24530200,0.0,0.0
2015-05-13 00:00:00-04:00,32.27000045776367,32.900001525878906,32.27000045776367,32.63999938964844,25.404373168945312,20470800,0.0,0.0
2015-05-14 00:00:00-04:00,32.86000061035156,33.130001068115234,32.77000045776367,32.970001220703125,25.661216735839844,21098900,0.0,0.0
2015-05-15 00:00:00-04:00,33.09000015258789,33.119998931884766,32.75,32.9900016784668,25.676780700683594,17149700,0.0,0.0
2015-05-18 00:00:00-04:00,32.97999954223633,33.40999984741211,32.849998474121094,33.40999984741211,26.003681182861328,23689500,0.0,0.0
2015-05-19 00:00:00-04:00,33.36000061035156,33.380001068115234,32.9900016784668,33.150001525878906,25.801315307617188,21867100,0.0,0.0
2015-05-20 00:00:00-04:00,33.060001373291016,33.5,33.0099983215332,33.369998931884766,25.9725399017334,21359800,0.0,0.0
2015-05-21 00:00:00-04:00,33.209999084472656,33.560001373291016,33.06999969482422,33.54999923706055,26.112642288208008,21269800,0.0,0.0
2015-05-22 00:00:00-04:00,33.470001220703125,33.5099983215332,33.31999969482422,33.45000076293945,26.034807205200195,20845000,0.0,0.0
2015-05-26 00:00:00-04:00,33.27000045776367,33.290000915527344,32.84000015258789,33.099998474121094,25.76239776611328,28594500,0.0,0.0
2015-05-27 00:00:00-04:00,33.20000076293945,33.849998474121094,33.130001068115234,33.709999084472656,26.237173080444336,30172700,0.0,0.0
2015-05-28 00:00:00-04:00,33.7400016784668,34.150001525878906,33.68000030517578,34.0099983215332,26.47066879272461,27065700,0.0,0.0
2015-05-29 00:00:00-04:00,34.2400016784668,34.75,34.209999084472656,34.459999084472656,26.820913314819336,43545500,0.0,0.0
2015-06-01 00:00:00-04:00,34.369998931884766,34.59000015258789,33.68000030517578,33.90999984741211,26.392837524414062,46734500,0.0,0.0
2015-06-02 00:00:00-04:00,33.63999938964844,33.75,33.13999938964844,33.27000045776367,25.894710540771484,36351100,0.0,0.0
2015-06-03 00:00:00-04:00,33.16999816894531,33.2400016784668,32.59000015258789,32.72999954223633,25.47442054748535,38138700,0.0,0.0
2015-06-04 00:00:00-04:00,32.5099983215332,32.720001220703125,32.20000076293945,32.310001373291016,25.147525787353516,33761800,0.0,0.0
2015-06-05 00:00:00-04:00,32.279998779296875,32.29999923706055,31.829999923706055,31.84000015258789,24.78171730041504,27778500,0.0,0.0
2015-06-08 00:00:00-04:00,31.809999465942383,31.950000762939453,31.209999084472656,31.299999237060547,24.361421585083008,38171600,0.0,0.0
2015-06-09 00:00:00-04:00,31.329999923706055,31.65999984741211,31.149999618530273,31.25,24.322509765625,33976700,0.0,0.0
2015-06-10 00:00:00-04:00,31.459999084472656,32.15999984741211,31.3700008392334,31.81999969482422,24.766151428222656,33336800,0.0,0.0
2015-06-11 00:00:00-04:00,31.950000762939453,32.099998474121094,31.84000015258789,31.850000381469727,24.789501190185547,24293600,0.0,0.0
2015-06-12 00:00:00-04:00,31.719999313354492,32.099998474121094,31.200000762939453,31.31999969482422,24.37698745727539,31629800,0.0,0.0
2015-06-15 00:00:00-04:00,31.1200008392334,31.510000228881836,30.940000534057617,31.389999389648438,24.43147087097168,23175000,0.0,0.0
2015-06-16 00:00:00-04:00,31.260000228881836,31.760000228881836,31.1299991607666,31.639999389648438,24.626052856445312,20254500,0.0,0.0
2015-06-17 00:00:00-04:00,31.75,32.09000015258789,31.690000534057617,31.950000762939453,24.867328643798828,28194200,0.0,0.0
2015-06-18 00:00:00-04:00,32.08000183105469,32.5,32.0,32.380001068115234,25.20201301574707,27722400,0.0,0.0
2015-06-19 00:00:00-04:00,32.400001525878906,32.56999969482422,31.959999084472656,32.06999969482422,24.960729598999023,39008400,0.0,0.0
2015-06-22 00:00:00-04:00,32.2599983215332,32.38999938964844,32.08000183105469,32.2599983215332,25.10860824584961,23608400,0.0,0.0
2015-06-23 00:00:00-04:00,32.310001373291016,32.34000015258789,31.93000030517578,32.09000015258789,24.976295471191406,17995900,0.0,0.0
2015-06-24 00:00:00-04:00,32.150001525878906,32.150001525878906,31.8799991607666,31.90999984741211,24.836200714111328,23313900,0.0,0.0
2015-06-25 00:00:00-04:00,32.02000045776367,32.31999969482422,31.989999771118164,31.989999771118164,24.898462295532227,22743300,0.0,0.0
2015-06-26 00:00:00-04:00,31.510000228881836,31.530000686645508,30.760000228881836,31.020000457763672,24.143491744995117,62157200,0.0,0.0
2015-06-29 00:00:00-04:00,30.700000762939453,30.979999542236328,30.309999465942383,30.389999389648438,23.653146743774414,35194500,0.0,0.0
2015-06-30 00:00:00-04:00,30.6299991607666,30.690000534057617,30.149999618530273,30.420000076293945,23.67650032043457,34412200,0.0,0.0
2015-07-01 00:00:00-04:00,30.489999771118164,30.549999237060547,30.010000228881836,30.18000030517578,23.489707946777344,27178900,0.0,0.0
2015-07-02 00:00:00-04:00,30.18000030517578,30.920000076293945,30.100000381469727,30.559999465942383,23.78546714782715,27105200,0.0,0.0
2015-07-06 00:00:00-04:00,30.239999771118164,30.450000762939453,29.84000015258789,30.040000915527344,23.380733489990234,32468100,0.0,0.0
2015-07-07 00:00:00-04:00,29.8700008392334,29.93000030517578,29.09000015258789,29.899999618530273,23.271770477294922,43833700,0.0,0.0
2015-07-08 00:00:00-04:00,29.399999618530273,29.670000076293945,29.149999618530273,29.5,22.9604434967041,45223800,0.0,0.0
2015-07-09 00:00:00-04:00,29.719999313354492,29.889999389648438,28.81999969482422,28.93000030517578,22.516801834106445,47167800,0.0,0.0
2015-07-10 00:00:00-04:00,29.200000762939453,29.350000381469727,28.940000534057617,29.170000076293945,22.70359992980957,31423800,0.0,0.0
2015-07-13 00:00:00-04:00,29.270000457763672,29.81999969482422,29.190000534057617,29.729999542236328,23.139453887939453,26452400,0.0,0.0
2015-07-14 00:00:00-04:00,29.65999984741211,30.110000610351562,29.440000534057617,29.649999618530273,23.077186584472656,39778300,0.0,0.0
2015-07-15 00:00:00-04:00,29.649999618530273,29.989999771118164,29.469999313354492,29.690000534057617,23.108325958251953,47852500,0.0,0.0
2015-07-16 00:00:00-04:00,30.469999313354492,30.479999542236328,29.100000381469727,29.899999618530273,23.271770477294922,81166700,0.0,0.0
2015-07-17 00:00:00-04:00,29.65999984741211,29.799999237060547,29.100000381469727,29.469999313354492,22.937101364135742,43697600,0.0,0.0
2015-07-20 00:00:00-04:00,29.6200008392334,29.6200008392334,29.06999969482422,29.100000381469727,22.649118423461914,33812900,0.0,0.0
2015-07-21 00:00:00-04:00,28.959999084472656,29.260000228881836,28.670000076293945,28.719999313354492,22.353357315063477,45191000,0.0,0.0
2015-07-22 00:00:00-04:00,28.56999969482422,28.850000381469727,28.43000030517578,28.610000610351562,22.26774024963379,36387200,0.0,0.0
2015-07-23 00:00:00-04:00,28.65999984741211,28.969999313354492,28.43000030517578,28.600000381469727,22.259958267211914,33775200,0.0,0.0
2015-07-24 00:00:00-04:00,28.530000686645508,28.639999389648438,28.059999465942383,28.059999465942383,21.839662551879883,31621000,0.0,0.0
2015-07-27 00:00:00-04:00,28.06999969482422,28.420000076293945,27.6200008392334,28.350000381469727,22.065370559692383,42161100,0.0,0.0
2015-07-28 00:00:00-04:00,28.510000228881836,29.18000030517578,28.440000534057617,28.959999084472656,22.540149688720703,33182400,0.0,0.0
2015-07-29 00:00:00-04:00,28.950000762939453,29.1299991607666,28.790000915527344,29.010000228881836,22.579069137573242,26470200,0.0,0.0
2015-07-30 00:00:00-04:00,29.100000381469727,29.450000762939453,28.850000381469727,28.90999984741211,22.501235961914062,26582400,0.0,0.0
2015-07-31 00:00:00-04:00,29.1200008392334,29.1200008392334,28.770000457763672,28.950000762939453,22.532367706298828,27158800,0.0,0.0
2015-08-03 00:00:00-04:00,29.0,29.350000381469727,28.899999618530273,29.049999237060547,22.610200881958008,26213600,0.0,0.0
2015-08-04 00:00:00-04:00,28.979999542236328,29.149999618530273,28.860000610351562,29.1299991607666,22.672468185424805,25741700,0.0,0.0
2015-08-05 00:00:00-04:00,29.190000534057617,29.389999389648438,29.020000457763672,29.1200008392334,22.852970123291016,23622700,0.24,0.0
2015-08-06 00:00:00-04:00,29.15999984741211,29.229999542236328,28.850000381469727,29.010000228881836,22.766637802124023,27958200,0.0,0.0
2015-08-07 00:00:00-04:00,28.799999237060547,28.959999084472656,28.690000534057617,28.8799991607666,22.664615631103516,25606100,0.0,0.0
2015-08-10 00:00:00-04:00,29.06999969482422,29.68000030517578,29.059999465942383,29.639999389648438,23.26106071472168,22807400,0.0,0.0
2015-08-11 00:00:00-04:00,29.469999313354492,29.479999542236328,28.959999084472656,28.969999313354492,22.73524284362793,23758900,0.0,0.0
2015-08-12 00:00:00-04:00,28.65999984741211,29.56999969482422,28.65999984741211,29.459999084472656,23.119789123535156,33589100,0.0,0.0
2015-08-13 00:00:00-04:00,29.399999618530273,29.450000762939453,28.8700008392334,28.8700008392334,22.656766891479492,18821900,0.0,0.0
2015-08-14 00:00:00-04:00,28.920000076293945,29.040000915527344,28.81999969482422,29.020000457763672,22.77448844909668,14302700,0.0,0.0
2015-08-17 00:00:00-04:00,28.829999923706055,29.200000762939453,28.709999084472656,29.079999923706055,22.82157325744629,15548300,0.0,0.0
2015-08-18 00:00:00-04:00,28.950000762939453,29.049999237060547,28.799999237060547,28.90999984741211,22.68815803527832,19182600,0.0,0.0
2015-08-19 00:00:00-04:00,28.649999618530273,28.799999237060547,28.280000686645508,28.360000610351562,22.256526947021484,30530100,0.0,0.0
2015-08-20 00:00:00-04:00,28.030000686645508,28.239999771118164,27.530000686645508,27.530000686645508,21.60515785217285,31936600,0.0,0.0
2015-08-21 00:00:00-04:00,27.329999923706055,27.6299991607666,26.559999465942383,26.559999465942383,20.843914031982422,52288400,0.0,0.0
2015-08-24 00:00:00-04:00,25.200000762939453,27.6299991607666,24.8700008392334,26.25,20.600629806518555,83234200,0.0,0.0
2015-08-25 00:00:00-04:00,27.040000915527344,27.149999618530273,25.8700008392334,25.8700008392334,20.302412033081055,59371900,0.0,0.0
2015-08-26 00:00:00-04:00,26.510000228881836,27.34000015258789,26.079999923706055,27.299999237060547,21.424654006958008,47386700,0.0,0.0
2015-08-27 00:00:00-04:00,27.719999313354492,27.90999984741211,27.010000228881836,27.719999313354492,21.7542667388916,38649400,0.0,0.0
2015-08-28 00:00:00-04:00,27.670000076293945,28.610000610351562,27.450000762939453,28.420000076293945,22.30361557006836,43452400,0.0,0.0
2015-08-31 00:00:00-04:00,28.329999923706055,29.1299991607666,28.15999984741211,28.540000915527344,22.397789001464844,42401800,0.0,0.0
2015-09-01 00:00:00-04:00,27.90999984741211,28.170000076293945,27.65999984741211,27.81999969482422,21.832740783691406,44144000,0.0,0.0
2015-09-02 00:00:00-04:00,28.350000381469727,28.600000381469727,28.139999389648438,28.600000381469727,22.44488525390625,34618800,0.0,0.0
2015-09-03 00:00:00-04:00,28.799999237060547,29.420000076293945,28.690000534057617,29.079999923706055,22.82157325744629,38665900,0.0,0.0
2015-09-04 00:00:00-04:00,28.56999969482422,28.899999618530273,28.40999984741211,28.520000457763672,22.382097244262695,29116500,0.0,0.0
2015-09-08 00:00:00-04:00,28.979999542236328,29.5,28.950000762939453,29.5,23.15118980407715,27805000,0.0,0.0
2015-09-09 00:00:00-04:00,29.719999313354492,30.1200008392334,29.170000076293945,29.239999771118164,22.9471435546875,30774100,0.0,0.0
2015-09-10 00:00:00-04:00,29.18000030517578,29.65999984741211,28.899999618530273,29.270000457763672,22.970684051513672,25195800,0.0,0.0
2015-09-11 00:00:00-04:00,29.079999923706055,29.520000457763672,29.040000915527344,29.469999313354492,23.127643585205078,21786900,0.0,0.0
2015-09-14 00:00:00-04:00,29.469999313354492,29.530000686645508,29.09000015258789,29.389999389648438,23.06485366821289,24065100,0.0,0.0
2015-09-15 00:00:00-04:00,29.559999465942383,29.940000534057617,29.479999542236328,29.729999542236328,23.331689834594727,29819000,0.0,0.0
2015-09-16 00:00:00-04:00,29.6200008392334,29.790000915527344,29.399999618530273,29.770000457763672,23.363082885742188,25957800,0.0,0.0
2015-09-17 00:00:00-04:00,29.6200008392334,30.200000762939453,29.549999237060547,29.709999084472656,23.315990447998047,29805200,0.0,0.0
2015-09-18 00:00:00-04:00,29.219999313354492,29.420000076293945,28.809999465942383,29.020000457763672,22.77448844909668,60693400,0.0,0.0
2015-09-21 00:00:00-04:00,29.09000015258789,29.34000015258789,28.940000534057617,29.15999984741211,22.884357452392578,24417100,0.0,0.0
2015-09-22 00:00:00-04:00,28.670000076293945,28.899999618530273,28.479999542236328,28.670000076293945,22.499818801879883,28576200,0.0,0.0
2015-09-23 00:00:00-04:00,29.020000457763672,29.09000015258789,28.59000015258789,28.739999771118164,22.554752349853516,25984000,0.0,0.0
2015-09-24 00:00:00-04:00,28.3799991607666,28.670000076293945,27.8700008392334,28.479999542236328,22.350704193115234,32754700,0.0,0.0
2015-09-25 00:00:00-04:00,28.940000534057617,29.1200008392334,28.6299991607666,28.809999465942383,22.609682083129883,29192300,0.0,0.0
2015-09-28 00:00:00-04:00,28.68000030517578,29.360000610351562,28.639999389648438,28.760000228881836,22.57044792175293,42291000,0.0,0.0
2015-09-29 00:00:00-04:00,28.829999923706055,29.350000381469727,28.760000228881836,29.239999771118164,22.9471435546875,34169600,0.0,0.0
2015-09-30 00:00:00-04:00,29.559999465942383,30.31999969482422,29.540000915527344,30.139999389648438,23.6534481048584,41051700,0.0,0.0
2015-10-01 00:00:00-04:00,30.209999084472656,30.280000686645508,29.459999084472656,30.0,23.543582916259766,29832800,0.0,0.0
2015-10-02 00:00:00-04:00,29.670000076293945,30.530000686645508,29.530000686645508,30.510000228881836,23.94382095336914,27901500,0.0,0.0
2015-10-05 00:00:00-04:00,30.729999542236328,31.3799991607666,30.559999465942383,31.209999084472656,24.493173599243164,34842500,0.0,0.0
2015-10-06 00:00:00-04:00,31.15999984741211,31.850000381469727,31.110000610351562,31.739999771118164,24.909107208251953,34899800,0.0,0.0
2015-10-07 00:00:00-04:00,32.0,32.41999816894531,31.719999313354492,32.31999969482422,25.364280700683594,36930100,0.0,0.0
2015-10-08 00:00:00-04:00,32.22999954223633,32.599998474121094,31.979999542236328,32.52000045776367,25.521236419677734,27794600,0.0,0.0
2015-10-09 00:00:00-04:00,32.369998931884766,32.54999923706055,31.940000534057617,32.13999938964844,25.223024368286133,24209900,0.0,0.0
2015-10-12 00:00:00-04:00,32.15999984741211,32.31999969482422,32.0,32.209999084472656,25.277956008911133,18795000,0.0,0.0
2015-10-13 00:00:00-04:00,32.029998779296875,32.47999954223633,31.979999542236328,32.040000915527344,25.14454460144043,35588600,0.0,0.0
2015-10-14 00:00:00-04:00,31.389999389648438,32.93000030517578,30.850000381469727,32.79999923706055,25.740983963012695,75954800,0.0,0.0
2015-10-15 00:00:00-04:00,32.84000015258789,33.060001373291016,32.459999084472656,32.75,25.701738357543945,37634800,0.0,0.0
2015-10-16 00:00:00-04:00,32.75,33.20000076293945,32.47999954223633,33.040000915527344,25.929332733154297,29371300,0.0,0.0
2015-10-19 00:00:00-04:00,32.880001068115234,33.619998931884766,32.869998931884766,33.59000015258789,26.360958099365234,37624000,0.0,0.0
2015-10-20 00:00:00-04:00,33.400001525878906,33.70000076293945,33.310001373291016,33.439998626708984,26.243244171142578,24416100,0.0,0.0
2015-10-21 00:00:00-04:00,33.66999816894531,34.04999923706055,33.31999969482422,33.369998931884766,26.188304901123047,31928800,0.0,0.0
2015-10-22 00:00:00-04:00,33.70000076293945,34.5,33.59000015258789,34.400001525878906,26.996633529663086,39572600,0.0,0.0
2015-10-23 00:00:00-04:00,34.540000915527344,35.029998779296875,34.400001525878906,34.900001525878906,27.389036178588867,42796600,0.0,0.0
2015-10-26 00:00:00-04:00,34.77000045776367,34.959999084472656,34.54999923706055,34.59000015258789,27.145750045776367,22646900,0.0,0.0
2015-10-27 00:00:00-04:00,34.40999984741211,34.54999923706055,34.310001373291016,34.470001220703125,27.051565170288086,22630100,0.0,0.0
2015-10-28 00:00:00-04:00,34.470001220703125,34.709999084472656,34.119998931884766,34.709999084472656,27.23992156982422,21908400,0.0,0.0
2015-10-29 00:00:00-04:00,34.20000076293945,34.290000915527344,33.77000045776367,34.029998779296875,26.70626449584961,21325200,0.0,0.0
2015-10-30 00:00:00-04:00,34.099998474121094,34.290000915527344,33.86000061035156,33.86000061035156,26.572853088378906,24693900,0.0,0.0
2015-11-02 00:00:00-05:00,33.72999954223633,34.279998779296875,33.63999938964844,34.11000061035156,26.76905059814453,21743100,0.0,0.0
2015-11-03 00:00:00-05:00,34.0,34.40999984741211,33.97999954223633,34.310001373291016,26.926015853881836,18167000,0.0,0.0
2015-11-04 00:00:00-05:00,34.27000045776367,34.27000045776367,33.900001525878906,34.150001525878906,26.989229202270508,20762100,0.24,0.0
2015-11-05 00:00:00-05:00,34.099998474121094,34.20000076293945,33.72999954223633,34.0,26.870683670043945,16486100,0.0,0.0
2015-11-06 00:00:00-05:00,33.93000030517578,33.970001220703125,33.40999984741211,33.84000015258789,26.74423599243164,23701700,0.0,0.0
2015-11-09 00:00:00-05:00,33.599998474121094,33.83000183105469,33.08000183105469,33.349998474121094,26.35697364807129,24168700,0.0,0.0
2015-11-10 00:00:00-05:00,33.16999816894531,33.27000045776367,32.810001373291016,33.209999084472656,26.2463321685791,22451700,0.0,0.0
2015-11-11 00:00:00-05:00,33.15999984741211,33.380001068115234,32.79999923706055,32.86000061035156,25.969724655151367,19864700,0.0,0.0
2015-11-12 00:00:00-05:00,32.709999084472656,32.91999816894531,32.38999938964844,32.400001525878906,25.606178283691406,23265400,0.0,0.0
2015-11-13 00:00:00-05:00,32.27000045776367,32.380001068115234,31.959999084472656,32.11000061035156,25.376989364624023,23673200,0.0,0.0
2015-11-16 00:00:00-05:00,32.09000015258789,32.2599983215332,31.93000030517578,32.099998474121094,25.36908721923828,29899700,0.0,0.0
2015-11-17 00:00:00-05:00,32.150001525878906,32.880001068115234,32.0099983215332,32.63999938964844,25.795852661132812,22636400,0.0,0.0
2015-11-18 00:00:00-05:00,32.72999954223633,33.2400016784668,32.619998931884766,33.15999984741211,26.206817626953125,18619800,0.0,0.0
2015-11-19 00:00:00-05:00,33.220001220703125,34.72999954223633,33.130001068115234,34.29999923706055,27.10778045654297,45381600,0.0,0.0
2015-11-20 00:00:00-05:00,34.47999954223633,35.290000915527344,34.47999954223633,34.65999984741211,27.39229393005371,41137700,0.0,0.0
2015-11-23 00:00:00-05:00,34.65999984741211,34.849998474121094,34.40999984741211,34.47999954223633,27.250036239624023,20152900,0.0,0.0
2015-11-24 00:00:00-05:00,34.33000183105469,34.439998626708984,33.900001525878906,34.36000061035156,27.15519142150879,21413500,0.0,0.0
2015-11-25 00:00:00-05:00,34.2599983215332,34.7400016784668,34.13999938964844,34.45000076293945,27.226329803466797,17939400,0.0,0.0
2015-11-27 00:00:00-05:00,34.540000915527344,34.68000030517578,34.400001525878906,34.459999084472656,27.234224319458008,6620900,0.0,0.0
2015-11-30 00:00:00-05:00,34.54999923706055,34.900001525878906,34.43000030517578,34.77000045776367,27.479232788085938,21785800,0.0,0.0
2015-12-01 00:00:00-05:00,35.0,35.20000076293945,34.709999084472656,35.09000015258789,27.732128143310547,23560200,0.0,0.0
2015-12-02 00:00:00-05:00,35.09000015258789,35.40999984741211,34.810001373291016,34.83000183105469,27.526643753051758,18688200,0.0,0.0
2015-12-03 00:00:00-05:00,34.970001220703125,34.9900016784668,34.0,34.040000915527344,26.902297973632812,30131100,0.0,0.0
2015-12-04 00:00:00-05:00,34.11000061035156,35.029998779296875,34.0,34.939998626708984,27.613582611083984,24901000,0.0,0.0
2015-12-07 00:00:00-05:00,34.790000915527344,35.16999816894531,34.75,34.9900016784668,27.653095245361328,17731900,0.0,0.0
2015-12-08 00:00:00-05:00,34.66999816894531,34.95000076293945,34.41999816894531,34.75,27.463420867919922,13380200,0.0,0.0
2015-12-09 00:00:00-05:00,34.880001068115234,35.220001220703125,34.5099983215332,34.810001373291016,27.510839462280273,22548300,0.0,0.0
2015-12-10 00:00:00-05:00,34.849998474121094,35.06999969482422,34.65999984741211,34.77000045776367,27.479232788085938,17400700,0.0,0.0
2015-12-11 00:00:00-05:00,34.310001373291016,34.650001525878906,34.20000076293945,34.27000045776367,27.084068298339844,21251400,0.0,0.0
2015-12-14 00:00:00-05:00,34.380001068115234,34.47999954223633,33.880001068115234,34.470001220703125,27.242130279541016,19357100,0.0,0.0
2015-12-15 00:00:00-05:00,34.650001525878906,35.349998474121094,34.63999938964844,35.18000030517578,27.803255081176758,24365900,0.0,0.0
2015-12-16 00:00:00-05:00,35.36000061035156,35.470001220703125,34.77000045776367,35.29999923706055,27.898090362548828,23257900,0.0,0.0
2015-12-17 00:00:00-05:00,35.31999969482422,35.369998931884766,34.7599983215332,34.90999984741211,27.589868545532227,24963600,0.0,0.0
2015-12-18 00:00:00-05:00,34.72999954223633,34.75,33.86000061035156,33.869998931884766,26.767940521240234,41336600,0.0,0.0
2015-12-21 00:00:00-05:00,34.11000061035156,34.29999923706055,33.81999969482422,34.2400016784668,27.06035614013672,18006800,0.0,0.0
2015-12-22 00:00:00-05:00,34.36000061035156,34.779998779296875,34.27000045776367,34.72999954223633,27.447614669799805,18422000,0.0,0.0
2015-12-23 00:00:00-05:00,34.95000076293945,35.04999923706055,34.779998779296875,35.0,27.66098976135254,12526500,0.0,0.0
2015-12-24 00:00:00-05:00,35.06999969482422,35.2599983215332,34.959999084472656,34.97999954223633,27.645187377929688,5893800,0.0,0.0
2015-12-28 00:00:00-05:00,34.95000076293945,35.0,34.56999969482422,34.93000030517578,27.605680465698242,9449400,0.0,0.0
2015-12-29 00:00:00-05:00,35.0099983215332,35.59000015258789,35.0099983215332,35.439998626708984,28.008737564086914,14188600,0.0,0.0
2015-12-30 00:00:00-05:00,35.380001068115234,35.45000076293945,34.95000076293945,34.9900016784668,27.653095245361328,11566800,0.0,0.0
2015-12-31 00:00:00-05:00,34.81999969482422,34.959999084472656,34.439998626708984,34.45000076293945,27.226329803466797,14736700,0.0,0.0
2016-01-04 00:00:00-05:00,33.880001068115234,34.0099983215332,33.459999084472656,33.9900016784668,26.862781524658203,27882200,0.0,0.0
2016-01-05 00:00:00-05:00,33.959999084472656,34.0,33.529998779296875,33.83000183105469,26.736330032348633,16709500,0.0,0.0
2016-01-06 00:00:00-05:00,33.25,33.52000045776367,32.79999923706055,33.08000183105469,26.143598556518555,25491300,0.0,0.0
2016-01-07 00:00:00-05:00,32.279998779296875,33.0099983215332,31.84000015258789,31.84000015258789,25.16360855102539,37680500,0.0,0.0
2016-01-08 00:00:00-05:00,32.09000015258789,32.220001220703125,31.43000030517578,31.510000228881836,24.902803421020508,29953800,0.0,0.0
2016-01-11 00:00:00-05:00,31.809999465942383,32.220001220703125,31.68000030517578,32.060001373291016,25.33747673034668,27732400,0.0,0.0
2016-01-12 00:00:00-05:00,32.7599983215332,32.88999938964844,32.27000045776367,32.68000030517578,25.827470779418945,28587700,0.0,0.0
2016-01-13 00:00:00-05:00,32.7599983215332,32.93000030517578,31.829999923706055,31.90999984741211,25.218929290771484,34445700,0.0,0.0
2016-01-14 00:00:00-05:00,31.969999313354492,32.869998931884766,31.799999237060547,32.7400016784668,25.874893188476562,48728200,0.0,0.0
2016-01-15 00:00:00-05:00,29.729999542236328,30.5,29.450000762939453,29.760000228881836,23.519746780395508,76373900,0.0,0.0
2016-01-19 00:00:00-05:00,29.979999542236328,30.059999465942383,29.479999542236328,29.799999237060547,23.551362991333008,28878100,0.0,0.0
2016-01-20 00:00:00-05:00,29.350000381469727,29.8700008392334,29.209999084472656,29.59000015258789,23.38539695739746,39598200,0.0,0.0
2016-01-21 00:00:00-05:00,29.649999618530273,30.030000686645508,29.239999771118164,29.65999984741211,23.440715789794922,30157400,0.0,0.0
2016-01-22 00:00:00-05:00,30.1200008392334,30.239999771118164,29.510000228881836,29.93000030517578,23.654102325439453,25326500,0.0,0.0
2016-01-25 00:00:00-05:00,29.989999771118164,30.219999313354492,29.56999969482422,29.600000381469727,23.393301010131836,26441000,0.0,0.0
2016-01-26 00:00:00-05:00,29.610000610351562,30.049999237060547,29.610000610351562,29.940000534057617,23.662012100219727,24754900,0.0,0.0
2016-01-27 00:00:00-05:00,29.8799991607666,30.219999313354492,29.639999389648438,29.809999465942383,23.559274673461914,26384100,0.0,0.0
2016-01-28 00:00:00-05:00,30.020000457763672,30.18000030517578,29.75,29.969999313354492,23.685720443725586,22028100,0.0,0.0
2016-01-29 00:00:00-05:00,30.209999084472656,31.030000686645508,30.100000381469727,31.020000457763672,24.51554298400879,38311400,0.0,0.0
2016-02-01 00:00:00-05:00,30.719999313354492,31.1200008392334,30.639999389648438,30.81999969482422,24.357481002807617,19015100,0.0,0.0
2016-02-02 00:00:00-05:00,30.450000762939453,30.489999771118164,29.6299991607666,29.799999237060547,23.551362991333008,24994300,0.0,0.0
2016-02-03 00:00:00-05:00,29.719999313354492,29.719999313354492,28.520000457763672,29.34000015258789,23.391910552978516,44660100,0.26,0.0
2016-02-04 00:00:00-05:00,29.139999389648438,29.8799991607666,29.110000610351562,29.770000457763672,23.7347354888916,29257800,0.0,0.0
2016-02-05 00:00:00-05:00,29.579999923706055,29.760000228881836,28.90999984741211,29.040000915527344,23.152725219726562,27957500,0.0,0.0
2016-02-08 00:00:00-05:00,28.739999771118164,28.979999542236328,28.299999237060547,28.81999969482422,22.977327346801758,28725900,0.0,0.0
2016-02-09 00:00:00-05:00,28.489999771118164,29.149999618530273,28.40999984741211,28.809999465942383,22.969356536865234,22902600,0.0,0.0
2016-02-10 00:00:00-05:00,28.8799991607666,29.0,28.190000534057617,28.229999542236328,22.506938934326172,27267800,0.0,0.0
2016-02-11 00:00:00-05:00,27.829999923706055,28.40999984741211,27.68000030517578,28.219999313354492,22.49896812438965,28450200,0.0,0.0
2016-02-12 00:00:00-05:00,28.56999969482422,28.700000762939453,28.139999389648438,28.639999389648438,22.833818435668945,19699000,0.0,0.0
2016-02-16 00:00:00-05:00,28.75,28.950000762939453,28.360000610351562,28.780000686645508,22.945436477661133,30705200,0.0,0.0
2016-02-17 00:00:00-05:00,28.860000610351562,29.6200008392334,28.729999542236328,29.469999313354492,23.495555877685547,27691700,0.0,0.0
2016-02-18 00:00:00-05:00,29.530000686645508,29.760000228881836,29.3799991607666,29.420000076293945,23.455686569213867,20623300,0.0,0.0
2016-02-19 00:00:00-05:00,29.200000762939453,29.329999923706055,28.709999084472656,28.709999084472656,22.889633178710938,42056700,0.0,0.0
2016-02-22 00:00:00-05:00,29.110000610351562,29.540000915527344,29.0,29.350000381469727,23.39988136291504,23893100,0.0,0.0
2016-02-23 00:00:00-05:00,29.299999237060547,29.350000381469727,28.600000381469727,28.799999237060547,22.96138572692871,26638200,0.0,0.0
2016-02-24 00:00:00-05:00,28.520000457763672,29.299999237060547,28.3799991607666,29.190000534057617,23.27231788635254,21593600,0.0,0.0
2016-02-25 00:00:00-05:00,29.31999969482422,29.6200008392334,28.950000762939453,29.6200008392334,23.61514663696289,17571400,0.0,0.0
2016-02-26 00:00:00-05:00,29.8799991607666,30.079999923706055,29.700000762939453,29.799999237060547,23.758651733398438,19902200,0.0,0.0
2016-02-29 00:00:00-05:00,29.719999313354492,30.139999389648438,29.579999923706055,29.59000015258789,23.591228485107422,22903100,0.0,0.0
2016-03-01 00:00:00-05:00,29.93000030517578,30.530000686645508,29.75,30.3700008392334,24.213098526000977,25502600,0.0,0.0
2016-03-02 00:00:00-05:00,30.299999237060547,30.8700008392334,30.1200008392334,30.540000915527344,24.3486385345459,23779800,0.0,0.0
2016-03-03 00:00:00-05:00,31.1299991607666,31.350000381469727,30.540000915527344,30.579999923706055,24.38052749633789,25625200,0.0,0.0
2016-03-04 00:00:00-05:00,30.5,30.860000610351562,30.049999237060547,30.6299991607666,24.420387268066406,20356800,0.0,0.0
2016-03-07 00:00:00-05:00,30.59000015258789,31.1200008392334,30.5,30.940000534057617,24.667537689208984,18858200,0.0,0.0
2016-03-08 00:00:00-05:00,30.829999923706055,30.8799991607666,30.3799991607666,30.559999465942383,24.364580154418945,19104900,0.0,0.0
2016-03-09 00:00:00-05:00,30.829999923706055,31.040000915527344,30.670000076293945,30.8700008392334,24.611738204956055,14707800,0.0,0.0
2016-03-10 00:00:00-05:00,31.139999389648438,31.399999618530273,30.3799991607666,31.25,24.91469955444336,29584800,0.0,0.0
2016-03-11 00:00:00-05:00,31.670000076293945,31.790000915527344,31.530000686645508,31.760000228881836,25.32130241394043,22811200,0.0,0.0
2016-03-14 00:00:00-04:00,31.65999984741211,31.690000534057617,31.299999237060547,31.43000030517578,25.058202743530273,17438600,0.0,0.0
2016-03-15 00:00:00-04:00,31.34000015258789,31.649999618530273,31.059999465942383,31.649999618530273,25.233596801757812,16927700,0.0,0.0
2016-03-16 00:00:00-04:00,31.489999771118164,31.799999237060547,31.170000076293945,31.690000534057617,25.265491485595703,26298400,0.0,0.0
2016-03-17 00:00:00-04:00,31.760000228881836,32.16999816894531,31.700000762939453,31.979999542236328,25.496702194213867,22865300,0.0,0.0
2016-03-18 00:00:00-04:00,32.15999984741211,32.689998626708984,32.060001373291016,32.68000030517578,26.054786682128906,49934200,0.0,0.0
2016-03-21 00:00:00-04:00,32.22999954223633,32.41999816894531,31.950000762939453,32.34000015258789,25.783721923828125,21760900,0.0,0.0
2016-03-22 00:00:00-04:00,32.15999984741211,32.459999084472656,31.950000762939453,32.31999969482422,25.76777458190918,22200400,0.0,0.0
2016-03-23 00:00:00-04:00,32.470001220703125,32.470001220703125,31.979999542236328,32.0,25.51264762878418,18765300,0.0,0.0
2016-03-24 00:00:00-04:00,31.8700008392334,31.950000762939453,31.700000762939453,31.8799991607666,25.416975021362305,14211900,0.0,0.0
2016-03-28 00:00:00-04:00,31.8700008392334,32.0,31.6200008392334,31.899999618530273,25.432920455932617,11433000,0.0,0.0
2016-03-29 00:00:00-04:00,31.93000030517578,32.439998626708984,31.729999542236328,32.380001068115234,25.815614700317383,15313200,0.0,0.0
2016-03-30 00:00:00-04:00,32.45000076293945,32.75,32.290000915527344,32.709999084472656,26.07870864868164,16598000,0.0,0.0
2016-03-31 00:00:00-04:00,32.529998779296875,32.65999984741211,32.31999969482422,32.349998474121094,25.791690826416016,17880000,0.0,0.0
2016-04-01 00:00:00-04:00,32.27000045776367,32.470001220703125,32.099998474121094,32.45000076293945,25.87141990661621,18049700,0.0,0.0
2016-04-04 00:00:00-04:00,32.20000076293945,32.380001068115234,31.739999771118164,32.0,25.51264762878418,21581600,0.0,0.0
2016-04-05 00:00:00-04:00,31.889999389648438,32.119998931884766,31.719999313354492,31.899999618530273,25.432920455932617,20080000,0.0,0.0
2016-04-06 00:00:00-04:00,31.969999313354492,32.22999954223633,31.770000457763672,32.08000183105469,25.576431274414062,15740600,0.0,0.0
2016-04-07 00:00:00-04:00,31.889999389648438,31.899999618530273,31.350000381469727,31.549999237060547,25.153879165649414,23738200,0.0,0.0
2016-04-08 00:00:00-04:00,31.760000228881836,32.02000045776367,31.479999542236328,31.6299991607666,25.2176570892334,17031900,0.0,0.0
2016-04-11 00:00:00-04:00,31.899999618530273,32.34000015258789,31.65999984741211,31.670000076293945,25.249547958374023,19707700,0.0,0.0
2016-04-12 00:00:00-04:00,31.8799991607666,31.940000534057617,31.3799991607666,31.860000610351562,25.401031494140625,16774200,0.0,0.0
2016-04-13 00:00:00-04:00,31.969999313354492,32.18000030517578,31.950000762939453,32.130001068115234,25.616296768188477,19968100,0.0,0.0
2016-04-14 00:00:00-04:00,31.780000686645508,31.889999389648438,31.549999237060547,31.799999237060547,25.35319709777832,21620900,0.0,0.0
2016-04-15 00:00:00-04:00,31.790000915527344,31.889999389648438,31.3799991607666,31.459999084472656,25.082124710083008,28782800,0.0,0.0
2016-04-18 00:00:00-04:00,31.43000030517578,31.719999313354492,31.3799991607666,31.649999618530273,25.233596801757812,21566600,0.0,0.0
2016-04-19 00:00:00-04:00,31.700000762939453,31.809999465942383,31.399999618530273,31.600000381469727,25.19373321533203,33619300,0.0,0.0
2016-04-20 00:00:00-04:00,31.31999969482422,32.2599983215332,31.25,32.0,25.51264762878418,57629800,0.0,0.0
2016-04-21 00:00:00-04:00,31.940000534057617,32.060001373291016,31.809999465942383,31.969999313354492,25.488727569580078,28431400,0.0,0.0
2016-04-22 00:00:00-04:00,31.739999771118164,31.860000610351562,31.219999313354492,31.639999389648438,25.225629806518555,29625600,0.0,0.0
2016-04-25 00:00:00-04:00,31.360000610351562,31.5,31.200000762939453,31.389999389648438,25.026315689086914,19315700,0.0,0.0
2016-04-26 00:00:00-04:00,31.389999389648438,31.700000762939453,31.170000076293945,31.399999618530273,25.034286499023438,20976400,0.0,0.0
2016-04-27 00:00:00-04:00,31.25,31.799999237060547,31.190000534057617,31.75,25.31333351135254,20006200,0.0,0.0
2016-04-28 00:00:00-04:00,31.450000762939453,31.709999084472656,31.030000686645508,31.110000610351562,24.803075790405273,25146400,0.0,0.0
2016-04-29 00:00:00-04:00,30.860000610351562,30.8700008392334,30.100000381469727,30.280000686645508,24.141345977783203,36443700,0.0,0.0
2016-05-02 00:00:00-04:00,30.450000762939453,30.690000534057617,30.360000610351562,30.610000610351562,24.40444564819336,21086600,0.0,0.0
2016-05-03 00:00:00-04:00,30.40999984741211,30.559999465942383,30.09000015258789,30.360000610351562,24.20512580871582,27111100,0.0,0.0
2016-05-04 00:00:00-04:00,30.170000076293945,30.209999084472656,29.700000762939453,29.850000381469727,24.004087448120117,23278800,0.26,0.0
2016-05-05 00:00:00-04:00,29.8700008392334,30.020000457763672,29.75,29.899999618530273,24.044292449951172,23393300,0.0,0.0
2016-05-06 00:00:00-04:00,29.610000610351562,30.110000610351562,29.520000457763672,30.040000915527344,24.156877517700195,19632200,0.0,0.0
2016-05-09 00:00:00-04:00,30.079999923706055,30.170000076293945,29.760000228881836,29.799999237060547,23.963878631591797,16888300,0.0,0.0
2016-05-10 00:00:00-04:00,30.0,30.18000030517578,29.81999969482422,30.139999389648438,24.237287521362305,17013800,0.0,0.0
2016-05-11 00:00:00-04:00,30.15999984741211,30.25,29.969999313354492,30.059999465942383,24.172958374023438,15754200,0.0,0.0
2016-05-12 00:00:00-04:00,30.110000610351562,30.239999771118164,29.56999969482422,29.760000228881836,23.931711196899414,20826700,0.0,0.0
2016-05-13 00:00:00-04:00,29.860000610351562,30.200000762939453,29.84000015258789,29.90999984741211,24.052337646484375,19999600,0.0,0.0
2016-05-16 00:00:00-04:00,29.899999618530273,30.559999465942383,29.8799991607666,30.389999389648438,24.43833351135254,21826100,0.0,0.0
2016-05-17 00:00:00-04:00,30.56999969482422,30.56999969482422,29.860000610351562,29.979999542236328,24.108627319335938,25709900,0.0,0.0
2016-05-18 00:00:00-04:00,30.030000686645508,30.25,29.780000686645508,29.989999771118164,24.11666488647461,22469900,0.0,0.0
2016-05-19 00:00:00-04:00,29.770000457763672,29.93000030517578,29.5,29.6299991607666,23.82717514038086,21740900,0.0,0.0
2016-05-20 00:00:00-04:00,29.729999542236328,30.3799991607666,29.700000762939453,30.149999618530273,24.245328903198242,22777300,0.0,0.0
2016-05-23 00:00:00-04:00,30.229999542236328,30.479999542236328,30.1299991607666,30.229999542236328,24.30965805053711,20881900,0.0,0.0
2016-05-24 00:00:00-04:00,30.5,31.1200008392334,30.450000762939453,31.059999465942383,24.977113723754883,23699200,0.0,0.0
2016-05-25 00:00:00-04:00,31.200000762939453,31.56999969482422,31.149999618530273,31.389999389648438,25.242488861083984,18359600,0.0,0.0
2016-05-26 00:00:00-04:00,31.489999771118164,31.6299991607666,31.399999618530273,31.489999771118164,25.32290267944336,12692300,0.0,0.0
2016-05-27 00:00:00-04:00,31.600000381469727,31.649999618530273,31.450000762939453,31.56999969482422,25.38723373413086,13341300,0.0,0.0
2016-05-31 00:00:00-04:00,31.510000228881836,31.649999618530273,31.309999465942383,31.59000015258789,25.4033145904541,23040200,0.0,0.0
2016-06-01 00:00:00-04:00,31.6200008392334,31.719999313354492,31.469999313354492,31.65999984741211,25.45960807800293,17753500,0.0,0.0
2016-06-02 00:00:00-04:00,31.559999465942383,31.760000228881836,31.450000762939453,31.760000228881836,25.540019989013672,14140100,0.0,0.0
2016-06-03 00:00:00-04:00,31.739999771118164,31.739999771118164,31.399999618530273,31.6200008392334,25.42744255065918,15777500,0.0,0.0
2016-06-06 00:00:00-04:00,31.639999389648438,31.81999969482422,31.579999923706055,31.68000030517578,25.47569465637207,15139600,0.0,0.0
2016-06-07 00:00:00-04:00,31.75,32.02000045776367,31.700000762939453,31.8799991607666,25.63652229309082,19339100,0.0,0.0
2016-06-08 00:00:00-04:00,31.799999237060547,32.0,31.790000915527344,31.889999389648438,25.64456558227539,12732100,0.0,0.0
2016-06-09 00:00:00-04:00,31.68000030517578,32.0,31.68000030517578,31.940000534057617,25.68477439880371,11276800,0.0,0.0
2016-06-10 00:00:00-04:00,31.700000762939453,32.2400016784668,31.649999618530273,32.040000915527344,25.765186309814453,35749100,0.0,0.0
2016-06-13 00:00:00-04:00,32.04999923706055,32.5,32.040000915527344,32.16999816894531,25.86972427368164,23004800,0.0,0.0
2016-06-14 00:00:00-04:00,32.0099983215332,32.2400016784668,31.790000915527344,32.13999938964844,25.84560775756836,18754300,0.0,0.0
2016-06-15 00:00:00-04:00,32.25,32.2599983215332,31.59000015258789,31.610000610351562,25.419401168823242,23783300,0.0,0.0
2016-06-16 00:00:00-04:00,31.440000534057617,31.770000457763672,31.219999313354492,31.690000534057617,25.48373031616211,18547900,0.0,0.0
2016-06-17 00:00:00-04:00,31.729999542236328,31.809999465942383,31.469999313354492,31.760000228881836,25.540019989013672,27047900,0.0,0.0
2016-06-20 00:00:00-04:00,32.06999969482422,32.439998626708984,32.0099983215332,32.16999816894531,25.86972427368164,21961600,0.0,0.0
2016-06-21 00:00:00-04:00,32.2599983215332,32.380001068115234,32.09000015258789,32.31999969482422,25.990354537963867,15476500,0.0,0.0
2016-06-22 00:00:00-04:00,32.29999923706055,32.630001068115234,32.25,32.290000915527344,25.966230392456055,18304800,0.0,0.0
2016-06-23 00:00:00-04:00,32.58000183105469,33.0,32.5,32.9900016784668,26.529138565063477,22048800,0.0,0.0
2016-06-24 00:00:00-04:00,31.799999237060547,32.31999969482422,31.399999618530273,31.549999237060547,25.37114906311035,38094300,0.0,0.0
2016-06-27 00:00:00-04:00,31.40999984741211,31.40999984741211,30.440000534057617,30.719999313354492,24.70370101928711,34965100,0.0,0.0
2016-06-28 00:00:00-04:00,30.969999313354492,31.200000762939453,30.809999465942383,31.190000534057617,25.081653594970703,23693900,0.0,0.0
2016-06-29 00:00:00-04:00,31.350000381469727,31.979999542236328,31.309999465942383,31.93000030517578,25.676733016967773,22771100,0.0,0.0
2016-06-30 00:00:00-04:00,32.0,32.880001068115234,31.969999313354492,32.79999923706055,26.37635040283203,34528900,0.0,0.0
2016-07-01 00:00:00-04:00,32.63999938964844,32.88999938964844,32.470001220703125,32.75,26.336137771606445,17084600,0.0,0.0
2016-07-05 00:00:00-04:00,32.5,32.72999954223633,32.459999084472656,32.68000030517578,26.279848098754883,20107200,0.0,0.0
2016-07-06 00:00:00-04:00,32.79999923706055,33.0,32.380001068115234,32.970001220703125,26.5130558013916,21070200,0.0,0.0
2016-07-07 00:00:00-04:00,32.959999084472656,33.54999923706055,32.959999084472656,33.20000076293945,26.69801139831543,26119400,0.0,0.0
2016-07-08 00:00:00-04:00,33.650001525878906,34.0,33.5,34.0,27.341339111328125,23341900,0.0,0.0
2016-07-11 00:00:00-04:00,34.040000915527344,34.5,34.040000915527344,34.380001068115234,27.646928787231445,23820700,0.0,0.0
2016-07-12 00:00:00-04:00,34.5099983215332,34.970001220703125,34.47999954223633,34.939998626708984,28.097244262695312,28064100,0.0,0.0
2016-07-13 00:00:00-04:00,35.040000915527344,35.25,34.880001068115234,35.0099983215332,28.153539657592773,29120900,0.0,0.0
2016-07-14 00:00:00-04:00,35.130001068115234,35.29999923706055,34.959999084472656,35.20000076293945,28.306325912475586,25296400,0.0,0.0
2016-07-15 00:00:00-04:00,35.2599983215332,35.290000915527344,34.900001525878906,35.06999969482422,28.201784133911133,23661900,0.0,0.0
2016-07-18 00:00:00-04:00,35.18000030517578,35.20000076293945,34.95000076293945,35.04999923706055,28.185697555541992,19347200,0.0,0.0
2016-07-19 00:00:00-04:00,34.88999938964844,35.15999984741211,34.849998474121094,35.150001525878906,28.26612091064453,20395400,0.0,0.0
2016-07-20 00:00:00-04:00,35.29999923706055,35.93000030517578,35.060001373291016,35.689998626708984,28.700355529785156,42994200,0.0,0.0
2016-07-21 00:00:00-04:00,34.33000183105469,34.4900016784668,33.86000061035156,34.27000045776367,27.558462142944336,63708600,0.0,0.0
2016-07-22 00:00:00-04:00,34.380001068115234,34.70000076293945,34.2599983215332,34.65999984741211,27.872081756591797,33033700,0.0,0.0
2016-07-25 00:00:00-04:00,34.619998931884766,34.7599983215332,34.56999969482422,34.689998626708984,27.896202087402344,20277700,0.0,0.0
2016-07-26 00:00:00-04:00,34.75,35.22999954223633,34.70000076293945,35.09000015258789,28.21786880493164,29644400,0.0,0.0
2016-07-27 00:00:00-04:00,35.0,35.279998779296875,34.630001068115234,34.83000183105469,28.008792877197266,23601800,0.0,0.0
2016-07-28 00:00:00-04:00,34.83000183105469,34.83000183105469,34.52000045776367,34.77000045776367,27.960527420043945,21667400,0.0,0.0
2016-07-29 00:00:00-04:00,34.77000045776367,34.91999816894531,34.599998474121094,34.86000061035156,28.03291130065918,18171200,0.0,0.0
2016-08-01 00:00:00-04:00,34.81999969482422,34.90999984741211,34.560001373291016,34.849998474121094,28.024869918823242,18824400,0.0,0.0
2016-08-02 00:00:00-04:00,34.810001373291016,34.869998931884766,34.33000183105469,34.560001373291016,27.791662216186523,20057300,0.0,0.0
2016-08-03 00:00:00-04:00,34.099998474121094,34.279998779296875,33.9900016784668,34.25,27.751150131225586,18388800,0.26,0.0
2016-08-04 00:00:00-04:00,34.290000915527344,34.619998931884766,34.220001220703125,34.58000183105469,28.018537521362305,16362600,0.0,0.0
2016-08-05 00:00:00-04:00,34.79999923706055,35.130001068115234,34.70000076293945,34.97999954223633,28.34263801574707,20046200,0.0,0.0
2016-08-08 00:00:00-04:00,34.900001525878906,35.16999816894531,34.86000061035156,35.040000915527344,28.391252517700195,19497300,0.0,0.0
2016-08-09 00:00:00-04:00,35.040000915527344,35.15999984741211,34.84000015258789,34.91999816894531,28.29401969909668,12578900,0.0,0.0
2016-08-10 00:00:00-04:00,35.0,35.0,34.5,34.529998779296875,27.978023529052734,19579000,0.0,0.0
2016-08-11 00:00:00-04:00,34.65999984741211,34.7400016784668,34.4900016784668,34.68000030517578,28.09956169128418,16364100,0.0,0.0
2016-08-12 00:00:00-04:00,34.52000045776367,34.7599983215332,34.439998626708984,34.56999969482422,28.010427474975586,15708300,0.0,0.0
2016-08-15 00:00:00-04:00,34.70000076293945,35.15999984741211,34.630001068115234,34.90999984741211,28.285911560058594,18931100,0.0,0.0
2016-08-16 00:00:00-04:00,34.77000045776367,35.209999084472656,34.77000045776367,35.209999084472656,28.52899742126465,16320900,0.0,0.0
2016-08-17 00:00:00-04:00,35.16999816894531,35.209999084472656,34.77000045776367,35.02000045776367,28.37504768371582,18221600,0.0,0.0
2016-08-18 00:00:00-04:00,34.959999084472656,35.09000015258789,34.75,34.970001220703125,28.334535598754883,16085200,0.0,0.0
2016-08-19 00:00:00-04:00,34.84000015258789,35.27000045776367,34.7400016784668,35.2400016784668,28.55330467224121,16417600,0.0,0.0
2016-08-22 00:00:00-04:00,35.20000076293945,35.45000076293945,35.119998931884766,35.36000061035156,28.65053939819336,14941400,0.0,0.0
2016-08-23 00:00:00-04:00,35.5,35.689998626708984,35.29999923706055,35.400001525878906,28.68294906616211,18316000,0.0,0.0
2016-08-24 00:00:00-04:00,35.31999969482422,35.40999984741211,35.02000045776367,35.150001525878906,28.480388641357422,16343500,0.0,0.0
2016-08-25 00:00:00-04:00,35.04999923706055,35.220001220703125,34.900001525878906,35.09000015258789,28.4317626953125,12428000,0.0,0.0
2016-08-26 00:00:00-04:00,35.11000061035156,35.58000183105469,35.04999923706055,35.2599983215332,28.56950569152832,14469900,0.0,0.0
2016-08-29 00:00:00-04:00,35.47999954223633,35.66999816894531,35.150001525878906,35.54999923706055,28.804475784301758,15264300,0.0,0.0
2016-08-30 00:00:00-04:00,35.59000015258789,35.7400016784668,35.52000045776367,35.70000076293945,28.926021575927734,15183200,0.0,0.0
2016-08-31 00:00:00-04:00,35.619998931884766,35.900001525878906,35.58000183105469,35.88999938964844,29.079954147338867,20562700,0.0,0.0
2016-09-01 00:00:00-04:00,35.9900016784668,36.040000915527344,35.58000183105469,36.02000045776367,29.185298919677734,18925800,0.0,0.0
2016-09-02 00:00:00-04:00,36.209999084472656,36.33000183105469,35.95000076293945,36.08000183105469,29.23391342163086,16726700,0.0,0.0
2016-09-06 00:00:00-04:00,36.380001068115234,36.599998474121094,36.16999816894531,36.56999969482422,29.630937576293945,22337800,0.0,0.0
2016-09-07 00:00:00-04:00,36.650001525878906,36.650001525878906,36.380001068115234,36.459999084472656,29.541810989379883,18495600,0.0,0.0
2016-09-08 00:00:00-04:00,36.349998474121094,36.59000015258789,36.119998931884766,36.439998626708984,29.525604248046875,20356500,0.0,0.0
2016-09-09 00:00:00-04:00,36.099998474121094,36.38999938964844,35.439998626708984,35.439998626708984,28.715347290039062,29457900,0.0,0.0
2016-09-12 00:00:00-04:00,35.189998626708984,36.119998931884766,35.060001373291016,36.08000183105469,29.23391342163086,22796600,0.0,0.0
2016-09-13 00:00:00-04:00,35.75,35.880001068115234,35.31999969482422,35.61000061035156,28.853097915649414,23591300,0.0,0.0
2016-09-14 00:00:00-04:00,35.5099983215332,35.81999969482422,35.400001525878906,35.619998931884766,28.86119270324707,14074500,0.0,0.0
2016-09-15 00:00:00-04:00,35.7400016784668,36.650001525878906,35.540000915527344,36.560001373291016,29.622838973999023,23736000,0.0,0.0
2016-09-16 00:00:00-04:00,37.720001220703125,38.04999923706055,37.25,37.66999816894531,30.52222442626953,74577900,0.0,0.0
2016-09-19 00:00:00-04:00,37.689998626708984,38.02000045776367,37.09000015258789,37.15999984741211,30.108985900878906,30531700,0.0,0.0
2016-09-20 00:00:00-04:00,37.41999816894531,37.43000030517578,36.939998626708984,37.13999938964844,30.0927734375,24796900,0.0,0.0
2016-09-21 00:00:00-04:00,37.209999084472656,37.459999084472656,36.86000061035156,37.45000076293945,30.343961715698242,21233700,0.0,0.0
2016-09-22 00:00:00-04:00,37.599998474121094,37.83000183105469,37.439998626708984,37.54999923706055,30.424983978271484,17013400,0.0,0.0
2016-09-23 00:00:00-04:00,37.45000076293945,37.650001525878906,37.119998931884766,37.189998626708984,30.133285522460938,18062500,0.0,0.0
2016-09-26 00:00:00-04:00,36.91999816894531,36.939998626708984,36.599998474121094,36.650001525878906,29.69576072692871,25518800,0.0,0.0
2016-09-27 00:00:00-04:00,36.900001525878906,37.220001220703125,36.630001068115234,37.18000030517578,30.125186920166016,22391600,0.0,0.0
2016-09-28 00:00:00-04:00,37.310001373291016,37.5,37.150001525878906,37.439998626708984,30.335859298706055,19020800,0.0,0.0
2016-09-29 00:00:00-04:00,37.4900016784668,37.529998779296875,37.0,37.31999969482422,30.23862648010254,17675000,0.0,0.0
2016-09-30 00:00:00-04:00,37.470001220703125,37.91999816894531,37.439998626708984,37.75,30.587038040161133,24279300,0.0,0.0
2016-10-03 00:00:00-04:00,37.689998626708984,37.95000076293945,37.529998779296875,37.65999984741211,30.51410484313965,14113600,0.0,0.0
2016-10-04 00:00:00-04:00,37.77000045776367,37.939998626708984,37.33000183105469,37.540000915527344,30.416881561279297,14393100,0.0,0.0
2016-10-05 00:00:00-04:00,37.75,38.310001373291016,37.63999938964844,37.9900016784668,30.78150177001953,22420800,0.0,0.0
2016-10-06 00:00:00-04:00,37.84000015258789,38.15999984741211,37.58000183105469,38.06999969482422,30.846323013305664,15171400,0.0,0.0
2016-10-07 00:00:00-04:00,38.08000183105469,38.220001220703125,37.779998779296875,38.099998474121094,30.870624542236328,16942500,0.0,0.0
2016-10-10 00:00:00-04:00,38.25,38.36000061035156,37.900001525878906,38.02000045776367,30.805814743041992,14954300,0.0,0.0
2016-10-11 00:00:00-04:00,37.90999984741211,38.0,36.81999969482422,37.27000045776367,30.198110580444336,27650500,0.0,0.0
2016-10-12 00:00:00-04:00,37.20000076293945,37.25,36.810001373291016,37.130001068115234,30.08467674255371,14053900,0.0,0.0
2016-10-13 00:00:00-04:00,36.849998474121094,37.130001068115234,36.459999084472656,36.970001220703125,29.955036163330078,16936000,0.0,0.0
2016-10-14 00:00:00-04:00,37.189998626708984,37.70000076293945,37.15999984741211,37.45000076293945,30.343961715698242,19123900,0.0,0.0
2016-10-17 00:00:00-04:00,37.54999923706055,37.720001220703125,37.2400016784668,37.290000915527344,30.214323043823242,15788100,0.0,0.0
2016-10-18 00:00:00-04:00,37.970001220703125,38.04999923706055,37.529998779296875,37.75,30.587038040161133,42907800,0.0,0.0
2016-10-19 00:00:00-04:00,36.06999969482422,36.09000015258789,35.22999954223633,35.5099983215332,28.772071838378906,75229000,0.0,0.0
2016-10-20 00:00:00-04:00,35.40999984741211,35.66999816894531,35.099998474121094,35.43000030517578,28.707252502441406,25669500,0.0,0.0
2016-10-21 00:00:00-04:00,35.209999084472656,35.400001525878906,34.810001373291016,35.150001525878906,28.480388641357422,20813200,0.0,0.0
2016-10-24 00:00:00-04:00,35.43000030517578,35.4900016784668,35.11000061035156,35.2599983215332,28.56950569152832,21524700,0.0,0.0
2016-10-25 00:00:00-04:00,35.13999938964844,35.25,35.0099983215332,35.099998474121094,28.439861297607422,17860300,0.0,0.0
2016-10-26 00:00:00-04:00,35.040000915527344,35.209999084472656,34.7400016784668,34.91999816894531,28.29401969909668,19977600,0.0,0.0
2016-10-27 00:00:00-04:00,35.099998474121094,35.22999954223633,34.75,34.810001373291016,28.20488929748535,14634700,0.0,0.0
2016-10-28 00:00:00-04:00,34.869998931884766,35.16999816894531,34.709999084472656,34.7400016784668,28.14818000793457,22296400,0.0,0.0
2016-10-31 00:00:00-04:00,34.91999816894531,35.08000183105469,34.84000015258789,34.869998931884766,28.253501892089844,19188600,0.0,0.0
2016-11-01 00:00:00-04:00,34.900001525878906,35.15999984741211,34.27000045776367,34.52000045776367,27.969921112060547,25368200,0.0,0.0
2016-11-02 00:00:00-04:00,34.599998474121094,34.900001525878906,34.470001220703125,34.599998474121094,28.034738540649414,21416400,0.0,0.0
2016-11-03 00:00:00-04:00,34.45000076293945,34.52000045776367,33.869998931884766,33.93000030517578,27.70002555847168,19400000,0.26,0.0
2016-11-04 00:00:00-04:00,33.529998779296875,33.93000030517578,33.41999816894531,33.61000061035156,27.438777923583984,21914700,0.0,0.0
2016-11-07 00:00:00-05:00,34.2400016784668,34.75,34.150001525878906,34.689998626708984,28.320472717285156,19296600,0.0,0.0
2016-11-08 00:00:00-05:00,34.599998474121094,34.95000076293945,34.4900016784668,34.7400016784668,28.361295700073242,14833100,0.0,0.0
2016-11-09 00:00:00-05:00,34.130001068115234,34.849998474121094,33.66999816894531,34.75,28.36945915222168,25999400,0.0,0.0
2016-11-10 00:00:00-05:00,34.95000076293945,34.95000076293945,34.029998779296875,34.5,28.165361404418945,28249900,0.0,0.0
2016-11-11 00:00:00-05:00,34.56999969482422,34.869998931884766,34.34000015258789,34.61000061035156,28.25517463684082,22665000,0.0,0.0
2016-11-14 00:00:00-05:00,34.560001373291016,34.72999954223633,34.20000076293945,34.47999954223633,28.149038314819336,22558900,0.0,0.0
2016-11-15 00:00:00-05:00,34.63999938964844,35.290000915527344,34.61000061035156,34.90999984741211,28.50008201599121,20676100,0.0,0.0
2016-11-16 00:00:00-05:00,34.900001525878906,34.91999816894531,34.540000915527344,34.84000015258789,28.44293212890625,18565500,0.0,0.0
2016-11-17 00:00:00-05:00,34.810001373291016,35.02000045776367,34.630001068115234,35.02000045776367,28.589889526367188,15748500,0.0,0.0
2016-11-18 00:00:00-05:00,34.900001525878906,35.0,34.63999938964844,34.95000076293945,28.532739639282227,16806900,0.0,0.0
2016-11-21 00:00:00-05:00,35.099998474121094,35.20000076293945,34.84000015258789,34.97999954223633,28.55722999572754,14259500,0.0,0.0
2016-11-22 00:00:00-05:00,35.18000030517578,35.5,35.11000061035156,35.47999954223633,28.965423583984375,22327400,0.0,0.0
2016-11-23 00:00:00-05:00,35.47999954223633,35.52000045776367,35.099998474121094,35.20000076293945,28.736835479736328,15843100,0.0,0.0
2016-11-25 00:00:00-05:00,35.11000061035156,35.45000076293945,35.11000061035156,35.439998626708984,28.932764053344727,6372800,0.0,0.0
2016-11-28 00:00:00-05:00,35.43000030517578,35.65999984741211,35.209999084472656,35.5099983215332,28.989913940429688,13549000,0.0,0.0
2016-11-29 00:00:00-05:00,35.63999938964844,35.63999938964844,35.27000045776367,35.310001373291016,28.826635360717773,19581000,0.0,0.0
2016-11-30 00:00:00-05:00,35.20000076293945,35.29999923706055,34.70000076293945,34.70000076293945,28.32863998413086,27016100,0.0,0.0
2016-12-01 00:00:00-05:00,34.86000061035156,34.93000030517578,33.560001373291016,33.7599983215332,27.561227798461914,29618700,0.0,0.0
2016-12-02 00:00:00-05:00,33.720001220703125,34.2599983215332,33.599998474121094,34.15999984741211,27.88779067993164,21492500,0.0,0.0
2016-12-05 00:00:00-05:00,34.310001373291016,34.41999816894531,33.970001220703125,34.38999938964844,28.0755615234375,14462000,0.0,0.0
2016-12-06 00:00:00-05:00,34.38999938964844,34.75,34.29999923706055,34.720001220703125,28.344970703125,15297700,0.0,0.0
2016-12-07 00:00:00-05:00,34.66999816894531,35.56999969482422,34.45000076293945,35.5,28.981754302978516,21710300,0.0,0.0
2016-12-08 00:00:00-05:00,35.47999954223633,36.029998779296875,35.220001220703125,35.70000076293945,29.145029067993164,19966500,0.0,0.0
2016-12-09 00:00:00-05:00,35.75,35.900001525878906,35.59000015258789,35.7599983215332,29.19400405883789,16326900,0.0,0.0
2016-12-12 00:00:00-05:00,35.779998779296875,36.09000015258789,35.66999816894531,35.970001220703125,29.365449905395508,21985800,0.0,0.0
2016-12-13 00:00:00-05:00,36.0099983215332,36.88999938964844,35.93000030517578,36.79999923706055,30.043060302734375,35773600,0.0,0.0
2016-12-14 00:00:00-05:00,36.70000076293945,36.88999938964844,36.459999084472656,36.54999923706055,29.838953018188477,30819400,0.0,0.0
2016-12-15 00:00:00-05:00,36.7400016784668,37.15999984741211,36.529998779296875,36.790000915527344,30.034893035888672,23721500,0.0,0.0
2016-12-16 00:00:00-05:00,36.720001220703125,36.869998931884766,36.09000015258789,36.310001373291016,29.643030166625977,38212800,0.0,0.0
2016-12-19 00:00:00-05:00,36.34000015258789,36.95000076293945,36.27000045776367,36.88999938964844,30.116527557373047,18744300,0.0,0.0
2016-12-20 00:00:00-05:00,36.95000076293945,37.2400016784668,36.88999938964844,37.209999084472656,30.37777328491211,18551800,0.0,0.0
2016-12-21 00:00:00-05:00,37.25,37.349998474121094,36.90999984741211,36.97999954223633,30.19000244140625,14323600,0.0,0.0
2016-12-22 00:00:00-05:00,37.22999954223633,37.2400016784668,36.810001373291016,36.93000030517578,30.14917755126953,10793900,0.0,0.0
2016-12-23 00:00:00-05:00,36.93000030517578,36.97999954223633,36.77000045776367,36.970001220703125,30.18184471130371,6287300,0.0,0.0
2016-12-27 00:00:00-05:00,36.90999984741211,37.33000183105469,36.90999984741211,37.06999969482422,30.263469696044922,9033700,0.0,0.0
2016-12-28 00:00:00-05:00,37.099998474121094,37.20000076293945,36.58000183105469,36.630001068115234,29.904273986816406,12868600,0.0,0.0
2016-12-29 00:00:00-05:00,36.5099983215332,36.720001220703125,36.43000030517578,36.65999984741211,29.92875862121582,8447300,0.0,0.0
2016-12-30 00:00:00-05:00,36.790000915527344,36.79999923706055,36.20000076293945,36.27000045776367,29.610370635986328,17468000,0.0,0.0
2017-01-03 00:00:00-05:00,36.61000061035156,36.93000030517578,36.27000045776367,36.599998474121094,29.879776000976562,20196500,0.0,0.0
2017-01-04 00:00:00-05:00,36.709999084472656,36.77000045776367,36.34000015258789,36.40999984741211,29.72466278076172,15915700,0.0,0.0
2017-01-05 00:00:00-05:00,36.45000076293945,36.720001220703125,36.310001373291016,36.349998474121094,29.67568016052246,13986000,0.0,0.0
2017-01-06 00:00:00-05:00,36.59000015258789,36.68000030517578,36.189998626708984,36.47999954223633,29.78180694580078,15114000,0.0,0.0
2017-01-09 00:00:00-05:00,36.47999954223633,36.88999938964844,36.47999954223633,36.61000061035156,29.88794708251953,19461400,0.0,0.0
2017-01-10 00:00:00-05:00,36.54999923706055,36.93000030517578,36.529998779296875,36.540000915527344,29.830787658691406,15918800,0.0,0.0
2017-01-11 00:00:00-05:00,36.5099983215332,37.0,36.5099983215332,36.95000076293945,30.16550636291504,22398400,0.0,0.0
2017-01-12 00:00:00-05:00,36.83000183105469,36.83000183105469,36.31999969482422,36.709999084472656,29.96957015991211,20391900,0.0,0.0
2017-01-13 00:00:00-05:00,36.709999084472656,36.86000061035156,36.619998931884766,36.790000915527344,30.034893035888672,15072200,0.0,0.0
2017-01-17 00:00:00-05:00,36.66999816894531,36.83000183105469,36.59000015258789,36.79999923706055,30.043060302734375,20195200,0.0,0.0
2017-01-18 00:00:00-05:00,36.88999938964844,37.0099983215332,36.61000061035156,36.7599983215332,30.010398864746094,15382500,0.0,0.0
2017-01-19 00:00:00-05:00,36.5099983215332,36.90999984741211,36.5099983215332,36.56999969482422,29.855281829833984,13654500,0.0,0.0
2017-01-20 00:00:00-05:00,36.7599983215332,37.029998779296875,36.58000183105469,36.939998626708984,30.1573543548584,23950900,0.0,0.0
2017-01-23 00:00:00-05:00,37.06999969482422,37.209999084472656,36.54999923706055,36.77000045776367,30.01856231689453,27752600,0.0,0.0
2017-01-24 00:00:00-05:00,36.84000015258789,37.7400016784668,36.810001373291016,37.619998931884766,30.712482452392578,35140900,0.0,0.0
2017-01-25 00:00:00-05:00,37.869998931884766,38.0,37.52000045776367,37.79999923706055,30.85944175720215,32276400,0.0,0.0
2017-01-26 00:00:00-05:00,37.81999969482422,37.91999816894531,37.41999816894531,37.560001373291016,30.663509368896484,34144800,0.0,0.0
2017-01-27 00:00:00-05:00,38.0,38.45000076293945,37.810001373291016,37.97999954223633,31.006404876708984,44368600,0.0,0.0
2017-01-30 00:00:00-05:00,37.7400016784668,37.84000015258789,37.33000183105469,37.41999816894531,30.54921531677246,23954700,0.0,0.0
2017-01-31 00:00:00-05:00,37.220001220703125,37.369998931884766,36.63999938964844,36.81999969482422,30.05937957763672,27059100,0.0,0.0
2017-02-01 00:00:00-05:00,36.81999969482422,36.95000076293945,36.02000045776367,36.52000045776367,29.814464569091797,28380600,0.0,0.0
2017-02-02 00:00:00-05:00,36.2599983215332,36.70000076293945,36.20000076293945,36.68000030517578,29.945085525512695,31916900,0.0,0.0
2017-02-03 00:00:00-05:00,36.689998626708984,36.81999969482422,36.45000076293945,36.52000045776367,30.027311325073242,21038100,0.26,0.0
2017-02-06 00:00:00-05:00,36.5099983215332,36.5099983215332,36.150001525878906,36.27000045776367,29.821752548217773,21427000,0.0,0.0
2017-02-07 00:00:00-05:00,36.45000076293945,36.52000045776367,36.2400016784668,36.349998474121094,29.887529373168945,18581900,0.0,0.0
2017-02-08 00:00:00-05:00,36.34000015258789,36.650001525878906,36.13999938964844,36.380001068115234,29.912195205688477,20807400,0.0,0.0
2017-02-09 00:00:00-05:00,36.5,36.5,35.400001525878906,35.459999084472656,29.155752182006836,47802700,0.0,0.0
2017-02-10 00:00:00-05:00,35.2599983215332,35.43000030517578,34.84000015258789,35.34000015258789,29.057092666625977,44106500,0.0,0.0
2017-02-13 00:00:00-05:00,35.56999969482422,35.849998474121094,35.34000015258789,35.79999923706055,29.435306549072266,28180600,0.0,0.0
2017-02-14 00:00:00-05:00,35.84000015258789,35.959999084472656,35.529998779296875,35.93000030517578,29.542194366455078,25734800,0.0,0.0
2017-02-15 00:00:00-05:00,35.97999954223633,36.060001373291016,35.66999816894531,36.04999923706055,29.640857696533203,18452200,0.0,0.0
2017-02-16 00:00:00-05:00,36.18000030517578,36.560001373291016,36.099998474121094,36.40999984741211,29.93686866760254,21317500,0.0,0.0
2017-02-17 00:00:00-05:00,36.31999969482422,36.47999954223633,36.099998474121094,36.47999954223633,29.994413375854492,18909900,0.0,0.0
2017-02-21 00:00:00-05:00,36.529998779296875,36.650001525878906,36.33000183105469,36.52000045776367,30.027311325073242,20556000,0.0,0.0
2017-02-22 00:00:00-05:00,36.34000015258789,36.400001525878906,35.790000915527344,36.06999969482422,29.657306671142578,29904400,0.0,0.0
2017-02-23 00:00:00-05:00,36.2400016784668,36.29999923706055,35.900001525878906,36.18000030517578,29.74775505065918,22775000,0.0,0.0
2017-02-24 00:00:00-05:00,36.13999938964844,36.529998779296875,35.95000076293945,36.529998779296875,30.035526275634766,18617600,0.0,0.0
2017-02-27 00:00:00-05:00,36.41999816894531,36.68000030517578,36.27000045776367,36.5099983215332,30.01909065246582,14065200,0.0,0.0
2017-02-28 00:00:00-05:00,36.41999816894531,36.459999084472656,36.0,36.20000076293945,29.764196395874023,24977000,0.0,0.0
2017-03-01 00:00:00-05:00,35.849998474121094,36.099998474121094,35.439998626708984,35.93000030517578,29.542194366455078,34085900,0.0,0.0
2017-03-02 00:00:00-05:00,35.93000030517578,36.02000045776367,35.650001525878906,35.90999984741211,29.5257511138916,23602100,0.0,0.0
2017-03-03 00:00:00-05:00,35.939998626708984,36.09000015258789,35.66999816894531,35.900001525878906,29.517536163330078,17538100,0.0,0.0
2017-03-06 00:00:00-05:00,35.790000915527344,35.79999923706055,35.41999816894531,35.56999969482422,29.246212005615234,24416700,0.0,0.0
2017-03-07 00:00:00-05:00,35.540000915527344,35.79999923706055,35.38999938964844,35.79999923706055,29.435306549072266,23434900,0.0,0.0
2017-03-08 00:00:00-05:00,35.66999816894531,35.900001525878906,35.529998779296875,35.619998931884766,29.287307739257812,20920100,0.0,0.0
2017-03-09 00:00:00-05:00,35.599998474121094,35.939998626708984,35.5,35.81999969482422,29.45175552368164,23616800,0.0,0.0
2017-03-10 00:00:00-05:00,36.119998931884766,36.29999923706055,35.779998779296875,35.90999984741211,29.5257511138916,25402300,0.0,0.0
2017-03-13 00:00:00-04:00,35.849998474121094,36.040000915527344,34.939998626708984,35.15999984741211,28.909095764160156,53582900,0.0,0.0
2017-03-14 00:00:00-04:00,35.060001373291016,35.22999954223633,34.65999984741211,35.18000030517578,28.925540924072266,28586900,0.0,0.0
2017-03-15 00:00:00-04:00,34.939998626708984,35.16999816894531,34.68000030517578,35.099998474121094,28.859750747680664,27996100,0.0,0.0
2017-03-16 00:00:00-04:00,35.16999816894531,35.36000061035156,35.06999969482422,35.13999938964844,28.892650604248047,19616100,0.0,0.0
2017-03-17 00:00:00-04:00,35.310001373291016,35.33000183105469,35.099998474121094,35.27000045776367,28.99953842163086,30778900,0.0,0.0
2017-03-20 00:00:00-04:00,35.369998931884766,35.630001068115234,35.2599983215332,35.43000030517578,29.13109016418457,17322300,0.0,0.0
2017-03-21 00:00:00-04:00,35.59000015258789,35.599998474121094,35.0,35.040000915527344,28.810422897338867,22814500,0.0,0.0
2017-03-22 00:00:00-04:00,35.220001220703125,35.459999084472656,35.0,35.369998931884766,29.081756591796875,19144500,0.0,0.0
2017-03-23 00:00:00-04:00,35.4900016784668,35.4900016784668,35.02000045776367,35.27000045776367,28.99953842163086,20640400,0.0,0.0
2017-03-24 00:00:00-04:00,35.650001525878906,35.72999954223633,35.119998931884766,35.15999984741211,28.909095764160156,22188000,0.0,0.0
2017-03-27 00:00:00-04:00,35.06999969482422,35.5,34.939998626708984,35.38999938964844,29.098203659057617,16992200,0.0,0.0
2017-03-28 00:00:00-04:00,35.34000015258789,35.709999084472656,35.209999084472656,35.599998474121094,29.270875930786133,18398100,0.0,0.0
2017-03-29 00:00:00-04:00,35.52000045776367,35.70000076293945,35.439998626708984,35.56999969482422,29.246212005615234,17202600,0.0,0.0
2017-03-30 00:00:00-04:00,35.58000183105469,35.88999938964844,35.52000045776367,35.75,29.394203186035156,16433000,0.0,0.0
2017-03-31 00:00:00-04:00,35.75,36.25,35.7400016784668,36.06999969482422,29.657306671142578,21438400,0.0,0.0
2017-04-03 00:00:00-04:00,36.189998626708984,36.7400016784668,36.119998931884766,36.15999984741211,29.731311798095703,32013600,0.0,0.0
2017-04-04 00:00:00-04:00,36.119998931884766,36.380001068115234,35.9900016784668,36.279998779296875,29.829975128173828,18918000,0.0,0.0
2017-04-05 00:00:00-04:00,36.43000030517578,36.7599983215332,36.16999816894531,36.220001220703125,29.780637741088867,22455500,0.0,0.0
2017-04-06 00:00:00-04:00,36.130001068115234,36.279998779296875,36.029998779296875,36.029998779296875,29.624420166015625,20198200,0.0,0.0
2017-04-07 00:00:00-04:00,36.06999969482422,36.31999969482422,35.9900016784668,36.029998779296875,29.624420166015625,15689500,0.0,0.0
2017-04-10 00:00:00-04:00,36.02000045776367,36.09000015258789,35.61000061035156,35.79999923706055,29.435306549072266,19973700,0.0,0.0
2017-04-11 00:00:00-04:00,35.77000045776367,35.790000915527344,35.209999084472656,35.7400016784668,29.3859806060791,22711800,0.0,0.0
2017-04-12 00:00:00-04:00,35.869998931884766,36.0099983215332,35.5,35.630001068115234,29.295536041259766,19289800,0.0,0.0
2017-04-13 00:00:00-04:00,35.54999923706055,35.7599983215332,35.25,35.25,28.983091354370117,15764000,0.0,0.0
2017-04-17 00:00:00-04:00,35.439998626708984,35.59000015258789,35.33000183105469,35.47999954223633,29.172204971313477,12560700,0.0,0.0
2017-04-18 00:00:00-04:00,35.43000030517578,35.810001373291016,35.29999923706055,35.77000045776367,29.41065216064453,12321100,0.0,0.0
2017-04-19 00:00:00-04:00,35.970001220703125,36.220001220703125,35.88999938964844,35.90999984741211,29.5257511138916,16594600,0.0,0.0
2017-04-20 00:00:00-04:00,36.18000030517578,36.27000045776367,35.86000061035156,36.18000030517578,29.74775505065918,22968300,0.0,0.0
2017-04-21 00:00:00-04:00,36.20000076293945,36.41999816894531,35.849998474121094,36.31999969482422,29.86286735534668,20390500,0.0,0.0
2017-04-24 00:00:00-04:00,36.66999816894531,36.849998474121094,36.459999084472656,36.75,30.216411590576172,26305800,0.0,0.0
2017-04-25 00:00:00-04:00,36.77000045776367,37.0,36.65999984741211,36.869998931884766,30.31507682800293,22066800,0.0,0.0
2017-04-26 00:00:00-04:00,36.779998779296875,37.22999954223633,36.779998779296875,36.93000030517578,30.364423751831055,27241000,0.0,0.0
2017-04-27 00:00:00-04:00,36.869998931884766,37.5,36.779998779296875,37.43000030517578,30.7755184173584,39890000,0.0,0.0
2017-04-28 00:00:00-04:00,36.099998474121094,36.4900016784668,35.880001068115234,36.150001525878906,29.723087310791016,56769300,0.0,0.0
2017-05-01 00:00:00-04:00,36.11000061035156,36.400001525878906,35.939998626708984,36.310001373291016,29.854642868041992,24825600,0.0,0.0
2017-05-02 00:00:00-04:00,36.369998931884766,37.029998779296875,36.349998474121094,36.970001220703125,30.397306442260742,35813000,0.0,0.0
2017-05-03 00:00:00-04:00,36.720001220703125,37.16999816894531,36.619998931884766,36.97999954223633,30.6317195892334,22040300,0.273,0.0
2017-05-04 00:00:00-04:00,36.9900016784668,37.11000061035156,36.63999938964844,36.849998474121094,30.524030685424805,16437100,0.0,0.0
2017-05-05 00:00:00-04:00,36.86000061035156,36.93000030517578,36.5,36.81999969482422,30.499189376831055,18119200,0.0,0.0
2017-05-08 00:00:00-04:00,36.72999954223633,36.849998474121094,36.47999954223633,36.540000915527344,30.267263412475586,17660200,0.0,0.0
2017-05-09 00:00:00-04:00,36.47999954223633,36.75,36.279998779296875,36.369998931884766,30.12643814086914,17819100,0.0,0.0
2017-05-10 00:00:00-04:00,36.27000045776367,36.380001068115234,35.93000030517578,36.0099983215332,29.8282413482666,25133800,0.0,0.0
2017-05-11 00:00:00-04:00,35.90999984741211,36.0,35.45000076293945,35.689998626708984,29.563173294067383,21508900,0.0,0.0
2017-05-12 00:00:00-04:00,35.720001220703125,35.7400016784668,35.400001525878906,35.529998779296875,29.430635452270508,19730800,0.0,0.0
2017-05-15 00:00:00-04:00,35.529998779296875,35.720001220703125,35.41999816894531,35.630001068115234,29.51348114013672,22120100,0.0,0.0
2017-05-16 00:00:00-04:00,35.75,35.88999938964844,35.41999816894531,35.81999969482422,29.67085075378418,22291800,0.0,0.0
2017-05-17 00:00:00-04:00,35.66999816894531,35.9900016784668,35.02000045776367,35.040000915527344,29.024751663208008,26670200,0.0,0.0
2017-05-18 00:00:00-04:00,35.189998626708984,35.470001220703125,35.08000183105469,35.220001220703125,29.173858642578125,17171900,0.0,0.0
2017-05-19 00:00:00-04:00,35.150001525878906,35.54999923706055,35.130001068115234,35.400001525878906,29.32295799255371,18340100,0.0,0.0
2017-05-22 00:00:00-04:00,35.47999954223633,36.11000061035156,35.380001068115234,35.77000045776367,29.629438400268555,14638100,0.0,0.0
2017-05-23 00:00:00-04:00,35.869998931884766,35.9900016784668,35.560001373291016,35.86000061035156,29.703989028930664,16903700,0.0,0.0
2017-05-24 00:00:00-04:00,35.97999954223633,36.18000030517578,35.88999938964844,36.119998931884766,29.919353485107422,20640600,0.0,0.0
2017-05-25 00:00:00-04:00,36.119998931884766,36.38999938964844,36.060001373291016,36.2599983215332,30.035320281982422,13148500,0.0,0.0
2017-05-26 00:00:00-04:00,36.2599983215332,36.33000183105469,36.130001068115234,36.2599983215332,30.035320281982422,11145500,0.0,0.0
2017-05-30 00:00:00-04:00,36.27000045776367,36.439998626708984,36.09000015258789,36.18000030517578,29.96905517578125,13026900,0.0,0.0
2017-05-31 00:00:00-04:00,36.310001373291016,36.380001068115234,35.869998931884766,36.11000061035156,29.911075592041016,17741900,0.0,0.0
2017-06-01 00:00:00-04:00,36.119998931884766,36.130001068115234,35.79999923706055,36.119998931884766,29.919353485107422,17510900,0.0,0.0
2017-06-02 00:00:00-04:00,36.27000045776367,36.33000183105469,36.0,36.31999969482422,30.085020065307617,19127400,0.0,0.0
2017-06-05 00:00:00-04:00,36.29999923706055,36.5,36.20000076293945,36.34000015258789,30.101593017578125,11685700,0.0,0.0
2017-06-06 00:00:00-04:00,36.15999984741211,36.45000076293945,35.97999954223633,36.130001068115234,29.92763328552246,18420900,0.0,0.0
2017-06-07 00:00:00-04:00,36.130001068115234,36.56999969482422,36.099998474121094,36.2599983215332,30.035320281982422,17192000,0.0,0.0
2017-06-08 00:00:00-04:00,36.34000015258789,36.529998779296875,36.15999984741211,36.47999954223633,30.217554092407227,17154200,0.0,0.0
2017-06-09 00:00:00-04:00,36.5,36.560001373291016,35.310001373291016,35.709999084472656,29.579744338989258,33322100,0.0,0.0
2017-06-12 00:00:00-04:00,35.59000015258789,36.0099983215332,35.40999984741211,35.72999954223633,29.596302032470703,28488300,0.0,0.0
2017-06-13 00:00:00-04:00,35.68000030517578,35.95000076293945,35.529998779296875,35.880001068115234,29.720552444458008,20588200,0.0,0.0
2017-06-14 00:00:00-04:00,35.9900016784668,36.04999923706055,35.220001220703125,35.529998779296875,29.430635452270508,19149000,0.0,0.0
2017-06-15 00:00:00-04:00,35.209999084472656,35.47999954223633,35.13999938964844,35.310001373291016,29.248403549194336,20410000,0.0,0.0
2017-06-16 00:00:00-04:00,35.279998779296875,35.33000183105469,35.0099983215332,35.209999084472656,29.16557502746582,30762800,0.0,0.0
2017-06-19 00:00:00-04:00,35.61000061035156,35.61000061035156,35.31999969482422,35.5099983215332,29.414072036743164,21583800,0.0,0.0
2017-06-20 00:00:00-04:00,35.45000076293945,35.45000076293945,34.84000015258789,34.86000061035156,28.875654220581055,21536500,0.0,0.0
2017-06-21 00:00:00-04:00,34.33000183105469,34.599998474121094,34.09000015258789,34.58000183105469,28.643726348876953,27138500,0.0,0.0
2017-06-22 00:00:00-04:00,34.560001373291016,34.630001068115234,34.290000915527344,34.36000061035156,28.46149444580078,24602900,0.0,0.0
2017-06-23 00:00:00-04:00,34.209999084472656,34.54999923706055,34.099998474121094,34.189998626708984,28.32067108154297,29260900,0.0,0.0
2017-06-26 00:00:00-04:00,34.2599983215332,34.5099983215332,34.029998779296875,34.06999969482422,28.221271514892578,18854800,0.0,0.0
2017-06-27 00:00:00-04:00,34.0,34.150001525878906,33.650001525878906,33.650001525878906,27.873374938964844,27078900,0.0,0.0
2017-06-28 00:00:00-04:00,33.77000045776367,34.2400016784668,33.7400016784668,34.20000076293945,28.328956604003906,25940100,0.0,0.0
2017-06-29 00:00:00-04:00,33.91999816894531,34.099998474121094,33.34000015258789,33.540000915527344,27.782264709472656,25215700,0.0,0.0
2017-06-30 00:00:00-04:00,33.869998931884766,33.93000030517578,33.529998779296875,33.7400016784668,27.947933197021484,24432000,0.0,0.0
2017-07-03 00:00:00-04:00,33.5099983215332,34.029998779296875,33.43000030517578,33.459999084472656,27.715991973876953,12676900,0.0,0.0
2017-07-05 00:00:00-04:00,33.52000045776367,34.43000030517578,33.4900016784668,34.34000015258789,28.44491958618164,30010800,0.0,0.0
2017-07-06 00:00:00-04:00,34.119998931884766,34.290000915527344,33.560001373291016,33.630001068115234,27.856807708740234,20733200,0.0,0.0
2017-07-07 00:00:00-04:00,33.70000076293945,34.119998931884766,33.70000076293945,33.880001068115234,28.063888549804688,18304500,0.0,0.0
2017-07-10 00:00:00-04:00,33.25,33.7400016784668,33.22999954223633,33.650001525878906,27.873374938964844,29918400,0.0,0.0
2017-07-11 00:00:00-04:00,33.63999938964844,33.93000030517578,33.43000030517578,33.91999816894531,28.09701919555664,25737500,0.0,0.0
2017-07-12 00:00:00-04:00,34.279998779296875,34.38999938964844,33.939998626708984,34.25,28.370378494262695,23768300,0.0,0.0
2017-07-13 00:00:00-04:00,34.33000183105469,34.400001525878906,34.119998931884766,34.2400016784668,28.362089157104492,15046200,0.0,0.0
2017-07-14 00:00:00-04:00,34.47999954223633,34.709999084472656,34.27000045776367,34.68000030517578,28.72655487060547,16316400,0.0,0.0
2017-07-17 00:00:00-04:00,34.7400016784668,34.7400016784668,34.36000061035156,34.470001220703125,28.552608489990234,21044400,0.0,0.0
2017-07-18 00:00:00-04:00,34.43000030517578,34.58000183105469,34.25,34.529998779296875,28.60230255126953,14362800,0.0,0.0
2017-07-19 00:00:00-04:00,34.68000030517578,34.68000030517578,34.459999084472656,34.560001373291016,28.627161026000977,17036200,0.0,0.0
2017-07-20 00:00:00-04:00,34.540000915527344,34.84000015258789,34.47999954223633,34.75,28.784543991088867,17506200,0.0,0.0
2017-07-21 00:00:00-04:00,34.540000915527344,34.81999969482422,34.400001525878906,34.72999954223633,28.767976760864258,22245000,0.0,0.0
2017-07-24 00:00:00-04:00,34.72999954223633,34.79999923706055,34.380001068115234,34.5,28.57746124267578,16146300,0.0,0.0
2017-07-25 00:00:00-04:00,34.54999923706055,34.7400016784668,34.400001525878906,34.66999816894531,28.718273162841797,18096700,0.0,0.0
2017-07-26 00:00:00-04:00,34.70000076293945,34.970001220703125,34.59000015258789,34.75,28.784543991088867,15499300,0.0,0.0
2017-07-27 00:00:00-04:00,34.779998779296875,35.25,34.66999816894531,34.970001220703125,28.96677589416504,43062800,0.0,0.0
2017-07-28 00:00:00-04:00,35.130001068115234,35.86000061035156,35.0,35.310001373291016,29.248403549194336,36291500,0.0,0.0
2017-07-31 00:00:00-04:00,35.470001220703125,35.7400016784668,35.31999969482422,35.470001220703125,29.380939483642578,27057000,0.0,0.0
2017-08-01 00:00:00-04:00,35.65999984741211,36.43000030517578,35.56999969482422,36.349998474121094,30.109874725341797,38710200,0.0,0.0
2017-08-02 00:00:00-04:00,36.33000183105469,36.66999816894531,36.060001373291016,36.63999938964844,30.3500919342041,35004300,0.0,0.0
2017-08-03 00:00:00-04:00,36.54999923706055,36.59000015258789,36.150001525878906,36.4900016784668,30.452741622924805,26611300,0.273,0.0
2017-08-04 00:00:00-04:00,36.45000076293945,36.560001373291016,36.099998474121094,36.29999923706055,30.294172286987305,20520300,0.0,0.0
2017-08-07 00:00:00-04:00,36.38999938964844,36.54999923706055,36.220001220703125,36.43000030517578,30.40267562866211,18169300,0.0,0.0
2017-08-08 00:00:00-04:00,36.369998931884766,36.70000076293945,36.29999923706055,36.40999984741211,30.385971069335938,22819900,0.0,0.0
2017-08-09 00:00:00-04:00,36.279998779296875,36.65999984741211,36.02000045776367,36.59000015258789,30.536195755004883,22796800,0.0,0.0
2017-08-10 00:00:00-04:00,36.400001525878906,36.560001373291016,36.11000061035156,36.13999938964844,30.16064453125,22693300,0.0,0.0
2017-08-11 00:00:00-04:00,36.2599983215332,36.400001525878906,35.790000915527344,35.869998931884766,29.935327529907227,19275100,0.0,0.0
2017-08-14 00:00:00-04:00,36.119998931884766,36.470001220703125,36.08000183105469,36.34000015258789,30.32756233215332,18469400,0.0,0.0
2017-08-15 00:00:00-04:00,36.29999923706055,36.31999969482422,35.81999969482422,36.0,30.043807983398438,21706600,0.0,0.0
2017-08-16 00:00:00-04:00,35.97999954223633,36.06999969482422,35.560001373291016,35.810001373291016,29.88524055480957,22014000,0.0,0.0
2017-08-17 00:00:00-04:00,35.599998474121094,35.68000030517578,35.16999816894531,35.16999816894531,29.351131439208984,19525000,0.0,0.0
2017-08-18 00:00:00-04:00,35.290000915527344,35.310001373291016,34.9900016784668,35.0099983215332,29.217601776123047,16231400,0.0,0.0
2017-08-21 00:00:00-04:00,35.09000015258789,35.279998779296875,34.70000076293945,34.91999816894531,29.142494201660156,26493300,0.0,0.0
2017-08-22 00:00:00-04:00,35.02000045776367,35.189998626708984,34.619998931884766,34.650001525878906,28.91716194152832,26097800,0.0,0.0
2017-08-23 00:00:00-04:00,34.540000915527344,34.810001373291016,34.380001068115234,34.65999984741211,28.925506591796875,19648100,0.0,0.0
2017-08-24 00:00:00-04:00,34.70000076293945,34.88999938964844,34.54999923706055,34.709999084472656,28.967243194580078,14301900,0.0,0.0
2017-08-25 00:00:00-04:00,34.81999969482422,34.93000030517578,34.58000183105469,34.66999816894531,28.933855056762695,14726800,0.0,0.0
2017-08-28 00:00:00-04:00,34.779998779296875,34.79999923706055,34.59000015258789,34.650001525878906,28.91716194152832,20712900,0.0,0.0
2017-08-29 00:00:00-04:00,34.5099983215332,34.75,34.459999084472656,34.72999954223633,28.98393440246582,15843700,0.0,0.0
2017-08-30 00:00:00-04:00,34.75,34.959999084472656,34.630001068115234,34.88999938964844,29.117456436157227,18565000,0.0,0.0
2017-08-31 00:00:00-04:00,34.939998626708984,35.18000030517578,34.869998931884766,35.06999969482422,29.267677307128906,16366800,0.0,0.0
2017-09-01 00:00:00-04:00,35.2400016784668,35.38999938964844,35.06999969482422,35.09000015258789,29.28437614440918,12822000,0.0,0.0
2017-09-05 00:00:00-04:00,35.02000045776367,35.33000183105469,34.93000030517578,35.02000045776367,29.225948333740234,18772000,0.0,0.0
2017-09-06 00:00:00-04:00,35.220001220703125,35.939998626708984,35.11000061035156,35.7599983215332,29.843505859375,28076400,0.0,0.0
2017-09-07 00:00:00-04:00,35.880001068115234,35.95000076293945,35.33000183105469,35.540000915527344,29.6599178314209,16297100,0.0,0.0
2017-09-08 00:00:00-04:00,35.41999816894531,35.540000915527344,35.08000183105469,35.189998626708984,29.367816925048828,14125000,0.0,0.0
2017-09-11 00:00:00-04:00,35.4900016784668,36.0,35.13999938964844,35.77000045776367,29.85186195373535,20037600,0.0,0.0
2017-09-12 00:00:00-04:00,35.880001068115234,36.34000015258789,35.7400016784668,36.09000015258789,30.118907928466797,19489900,0.0,0.0
2017-09-13 00:00:00-04:00,36.0,36.400001525878906,35.970001220703125,36.33000183105469,30.319210052490234,15509800,0.0,0.0
2017-09-14 00:00:00-04:00,36.189998626708984,36.70000076293945,36.15999984741211,36.47999954223633,30.44439697265625,18093900,0.0,0.0
2017-09-15 00:00:00-04:00,36.54999923706055,37.08000183105469,36.220001220703125,37.0,30.878366470336914,33596100,0.0,0.0
2017-09-18 00:00:00-04:00,37.0,37.33000183105469,36.79999923706055,37.0,30.878366470336914,19393800,0.0,0.0
2017-09-19 00:00:00-04:00,37.20000076293945,37.29999923706055,37.02000045776367,37.22999954223633,31.070301055908203,23850500,0.0,0.0
2017-09-20 00:00:00-04:00,37.22999954223633,37.290000915527344,36.65999984741211,37.06999969482422,30.93677520751953,23957500,0.0,0.0
2017-09-21 00:00:00-04:00,36.9900016784668,37.27000045776367,36.849998474121094,37.20000076293945,31.04526710510254,22954200,0.0,0.0
2017-09-22 00:00:00-04:00,36.95000076293945,37.220001220703125,36.95000076293945,37.18000030517578,31.028579711914062,21631800,0.0,0.0
2017-09-25 00:00:00-04:00,37.04999923706055,37.22999954223633,36.849998474121094,37.15999984741211,31.01188850402832,23180800,0.0,0.0
2017-09-26 00:00:00-04:00,37.209999084472656,37.63999938964844,37.0,37.470001220703125,31.270599365234375,29790400,0.0,0.0
2017-09-27 00:00:00-04:00,37.619998931884766,37.689998626708984,37.099998474121094,37.540000915527344,31.329010009765625,25981400,0.0,0.0
2017-09-28 00:00:00-04:00,37.31999969482422,37.880001068115234,37.290000915527344,37.83000183105469,31.571046829223633,21171400,0.0,0.0
2017-09-29 00:00:00-04:00,37.84000015258789,38.150001525878906,37.70000076293945,38.08000183105469,31.779674530029297,23217300,0.0,0.0
2017-10-02 00:00:00-04:00,38.119998931884766,39.09000015258789,38.08000183105469,39.040000915527344,32.58084487915039,37394500,0.0,0.0
2017-10-03 00:00:00-04:00,38.95000076293945,39.70000076293945,38.95000076293945,39.380001068115234,32.864593505859375,34002200,0.0,0.0
2017-10-04 00:00:00-04:00,39.38999938964844,39.400001525878906,38.86000061035156,39.34000015258789,32.83121109008789,28368800,0.0,0.0
2017-10-05 00:00:00-04:00,39.5,39.650001525878906,39.209999084472656,39.529998779296875,32.989768981933594,17710300,0.0,0.0
2017-10-06 00:00:00-04:00,39.599998474121094,39.88999938964844,39.41999816894531,39.630001068115234,33.07322692871094,18887500,0.0,0.0
2017-10-09 00:00:00-04:00,39.68000030517578,39.880001068115234,39.52000045776367,39.86000061035156,33.26517105102539,18494100,0.0,0.0
2017-10-10 00:00:00-04:00,39.93000030517578,39.95000076293945,39.380001068115234,39.650001525878906,33.08992385864258,29890000,0.0,0.0
2017-10-11 00:00:00-04:00,39.47999954223633,39.66999816894531,39.060001373291016,39.29999923706055,32.79782485961914,30754700,0.0,0.0
2017-10-12 00:00:00-04:00,39.349998474121094,39.38999938964844,38.97999954223633,39.189998626708984,32.70602035522461,18286900,0.0,0.0
2017-10-13 00:00:00-04:00,39.439998626708984,39.810001373291016,39.279998779296875,39.66999816894531,33.10660934448242,16829400,0.0,0.0
2017-10-16 00:00:00-04:00,39.709999084472656,39.790000915527344,39.439998626708984,39.7599983215332,33.18171691894531,12489100,0.0,0.0
2017-10-17 00:00:00-04:00,39.560001373291016,39.869998931884766,39.369998931884766,39.790000915527344,33.20675277709961,15532800,0.0,0.0
2017-10-18 00:00:00-04:00,39.79999923706055,40.290000915527344,39.599998474121094,40.25,33.59065628051758,21424600,0.0,0.0
2017-10-19 00:00:00-04:00,39.880001068115234,40.33000183105469,39.83000183105469,40.09000015258789,33.45711898803711,19222700,0.0,0.0
2017-10-20 00:00:00-04:00,40.33000183105469,40.45000076293945,40.099998474121094,40.43000030517578,33.740867614746094,18335700,0.0,0.0
2017-10-23 00:00:00-04:00,40.54999923706055,41.040000915527344,40.400001525878906,40.83000183105469,34.07469940185547,28647000,0.0,0.0
2017-10-24 00:00:00-04:00,41.0,41.04999923706055,40.720001220703125,40.95000076293945,34.17483139038086,19652400,0.0,0.0
2017-10-25 00:00:00-04:00,40.88999938964844,41.060001373291016,40.4900016784668,40.779998779296875,34.032955169677734,24031700,0.0,0.0
2017-10-26 00:00:00-04:00,40.90999984741211,41.58000183105469,40.709999084472656,41.349998474121094,34.508644104003906,38247400,0.0,0.0
2017-10-27 00:00:00-04:00,43.29999923706055,45.0,43.099998474121094,44.400001525878906,37.054039001464844,90028300,0.0,0.0
2017-10-30 00:00:00-04:00,44.47999954223633,45.189998626708984,43.880001068115234,44.369998931884766,37.028995513916016,48161500,0.0,0.0
2017-10-31 00:00:00-04:00,45.20000076293945,45.79999923706055,44.650001525878906,45.4900016784668,37.96370315551758,47000900,0.0,0.0
2017-11-01 00:00:00-04:00,45.970001220703125,46.709999084472656,45.59000015258789,46.709999084472656,38.981834411621094,47813700,0.0,0.0
2017-11-02 00:00:00-04:00,46.61000061035156,47.22999954223633,46.209999084472656,47.099998474121094,39.307315826416016,44602300,0.0,0.0
2017-11-03 00:00:00-04:00,47.20000076293945,47.29999923706055,45.599998474121094,46.34000015258789,38.673057556152344,39298100,0.0,0.0
2017-11-06 00:00:00-05:00,46.599998474121094,46.7400016784668,46.09000015258789,46.70000076293945,39.20446014404297,34035000,0.273,0.0
2017-11-07 00:00:00-05:00,46.70000076293945,47.09000015258789,46.38999938964844,46.779998779296875,39.27162551879883,24461400,0.0,0.0
2017-11-08 00:00:00-05:00,46.619998931884766,46.70000076293945,46.279998779296875,46.70000076293945,39.20446014404297,21565800,0.0,0.0
2017-11-09 00:00:00-05:00,46.04999923706055,46.38999938964844,45.650001525878906,46.29999923706055,38.868656158447266,25570400,0.0,0.0
2017-11-10 00:00:00-05:00,46.040000915527344,46.09000015258789,45.380001068115234,45.58000183105469,38.264225006103516,24095400,0.0,0.0
2017-11-13 00:00:00-05:00,45.2599983215332,45.939998626708984,45.25,45.75,38.40694046020508,18999000,0.0,0.0
2017-11-14 00:00:00-05:00,45.70000076293945,45.91999816894531,45.31999969482422,45.86000061035156,38.49927520751953,22201200,0.0,0.0
2017-11-15 00:00:00-05:00,45.38999938964844,45.810001373291016,45.16999816894531,45.459999084472656,38.16349411010742,17157200,0.0,0.0
2017-11-16 00:00:00-05:00,45.630001068115234,46.06999969482422,45.459999084472656,45.650001525878906,38.322994232177734,26439400,0.0,0.0
2017-11-17 00:00:00-05:00,45.5,45.619998931884766,44.619998931884766,44.630001068115234,37.46669006347656,63798000,0.0,0.0
2017-11-20 00:00:00-05:00,44.72999954223633,45.119998931884766,44.5,44.619998931884766,37.45831298828125,22420000,0.0,0.0
2017-11-21 00:00:00-05:00,44.720001220703125,45.220001220703125,44.709999084472656,44.939998626708984,37.72694778442383,21871000,0.0,0.0
2017-11-22 00:00:00-05:00,44.939998626708984,44.95000076293945,44.540000915527344,44.650001525878906,37.483482360839844,19538300,0.0,0.0
2017-11-24 00:00:00-05:00,44.54999923706055,44.779998779296875,44.43000030517578,44.75,37.56744384765625,6465800,0.0,0.0
2017-11-27 00:00:00-05:00,44.41999816894531,44.61000061035156,44.27000045776367,44.4900016784668,37.349178314208984,18202100,0.0,0.0
2017-11-28 00:00:00-05:00,44.650001525878906,44.84000015258789,44.31999969482422,44.72999954223633,37.5506591796875,20194100,0.0,0.0
2017-11-29 00:00:00-05:00,44.849998474121094,45.09000015258789,43.77000045776367,43.95000076293945,36.89585494995117,27036900,0.0,0.0
2017-11-30 00:00:00-05:00,44.36000061035156,45.20000076293945,44.33000183105469,44.84000015258789,37.64300537109375,34145300,0.0,0.0
2017-12-01 00:00:00-05:00,44.72999954223633,44.84000015258789,43.529998779296875,44.68000030517578,37.5086784362793,26656300,0.0,0.0
2017-12-04 00:00:00-05:00,45.02000045776367,45.29999923706055,44.33000183105469,44.4900016784668,37.349178314208984,28000800,0.0,0.0
2017-12-05 00:00:00-05:00,44.599998474121094,44.900001525878906,43.22999954223633,43.439998626708984,36.46769714355469,30626900,0.0,0.0
2017-12-06 00:00:00-05:00,43.13999938964844,43.720001220703125,42.66999816894531,43.45000076293945,36.476097106933594,27710800,0.0,0.0
2017-12-07 00:00:00-05:00,43.459999084472656,43.599998474121094,42.779998779296875,43.08000183105469,36.165496826171875,32708400,0.0,0.0
2017-12-08 00:00:00-05:00,43.349998474121094,43.58000183105469,43.11000061035156,43.349998474121094,36.39215087890625,23154700,0.0,0.0
2017-12-11 00:00:00-05:00,43.279998779296875,43.779998779296875,43.25,43.65999984741211,36.65239715576172,20425900,0.0,0.0
2017-12-12 00:00:00-05:00,43.470001220703125,43.619998931884766,43.08000183105469,43.33000183105469,36.375362396240234,16557400,0.0,0.0
2017-12-13 00:00:00-05:00,43.650001525878906,43.65999984741211,43.2400016784668,43.34000015258789,36.38374710083008,21399500,0.0,0.0
2017-12-14 00:00:00-05:00,43.43000030517578,43.56999969482422,43.02000045776367,43.2599983215332,36.31660079956055,19644900,0.0,0.0
2017-12-15 00:00:00-05:00,43.400001525878906,44.84000015258789,43.06999969482422,44.560001373291016,37.40794372558594,47477000,0.0,0.0
2017-12-18 00:00:00-05:00,45.150001525878906,46.349998474121094,45.040000915527344,46.2599983215332,38.835079193115234,50369300,0.0,0.0
2017-12-19 00:00:00-05:00,46.29999923706055,47.2599983215332,45.88999938964844,47.040000915527344,39.48988723754883,41421100,0.0,0.0
2017-12-20 00:00:00-05:00,47.470001220703125,47.63999938964844,46.65999984741211,47.560001373291016,39.92644119262695,40935000,0.0,0.0
2017-12-21 00:00:00-05:00,47.540000915527344,47.59000015258789,46.560001373291016,46.7599983215332,39.254825592041016,42963500,0.0,0.0
2017-12-22 00:00:00-05:00,46.33000183105469,47.02000045776367,46.02000045776367,46.70000076293945,39.20446014404297,33913500,0.0,0.0
2017-12-26 00:00:00-05:00,46.279998779296875,46.470001220703125,45.95000076293945,46.08000183105469,38.68397521972656,15533300,0.0,0.0
2017-12-27 00:00:00-05:00,46.11000061035156,46.36000061035156,46.0,46.11000061035156,38.70915603637695,13359700,0.0,0.0
2017-12-28 00:00:00-05:00,46.36000061035156,46.36000061035156,45.95000076293945,46.220001220703125,38.801509857177734,9504400,0.0,0.0
2017-12-29 00:00:00-05:00,46.209999084472656,46.4900016784668,46.09000015258789,46.15999984741211,38.75113296508789,17394500,0.0,0.0
2018-01-02 00:00:00-05:00,46.380001068115234,46.900001525878906,46.209999084472656,46.849998474121094,39.330387115478516,23370800,0.0,0.0
2018-01-03 00:00:00-05:00,45.470001220703125,46.209999084472656,43.650001525878906,45.2599983215332,37.99557876586914,116479000,0.0,0.0
2018-01-04 00:00:00-05:00,43.52000045776367,44.650001525878906,42.689998626708984,44.43000030517578,37.298797607421875,89209100,0.0,0.0
2018-01-05 00:00:00-05:00,44.43000030517578,45.150001525878906,43.900001525878906,44.7400016784668,37.559051513671875,41824000,0.0,0.0
2018-01-08 00:00:00-05:00,44.27000045776367,44.84000015258789,43.959999084472656,44.7400016784668,37.559051513671875,33733800,0.0,0.0
2018-01-09 00:00:00-05:00,44.70000076293945,44.84000015258789,43.4900016784668,43.619998931884766,36.61882400512695,44282300,0.0,0.0
2018-01-10 00:00:00-05:00,43.33000183105469,43.599998474121094,42.439998626708984,42.5,35.67858123779297,45735000,0.0,0.0
2018-01-11 00:00:00-05:00,42.79999923706055,43.58000183105469,42.45000076293945,43.40999984741211,36.44251251220703,35371500,0.0,0.0
2018-01-12 00:00:00-05:00,43.45000076293945,43.599998474121094,43.0099983215332,43.2400016784668,36.2998161315918,29973600,0.0,0.0
2018-01-16 00:00:00-05:00,43.54999923706055,43.790000915527344,42.88999938964844,43.13999938964844,36.215843200683594,38367200,0.0,0.0
2018-01-17 00:00:00-05:00,43.54999923706055,44.45000076293945,43.5099983215332,44.38999938964844,37.26522445678711,32368600,0.0,0.0
2018-01-18 00:00:00-05:00,44.400001525878906,44.7400016784668,44.16999816894531,44.47999954223633,37.34077835083008,26826500,0.0,0.0
2018-01-19 00:00:00-05:00,44.619998931884766,44.88999938964844,44.25,44.81999969482422,37.626220703125,25780200,0.0,0.0
2018-01-22 00:00:00-05:00,44.79999923706055,45.790000915527344,44.790000915527344,45.75,38.40694046020508,27706800,0.0,0.0
2018-01-23 00:00:00-05:00,45.810001373291016,46.09000015258789,45.630001068115234,46.060001373291016,38.66718673706055,22135100,0.0,0.0
2018-01-24 00:00:00-05:00,45.900001525878906,46.130001068115234,44.959999084472656,45.5099983215332,38.20545959472656,32464200,0.0,0.0
2018-01-25 00:00:00-05:00,45.880001068115234,46.369998931884766,45.16999816894531,45.29999923706055,38.0291748046875,36758700,0.0,0.0
2018-01-26 00:00:00-05:00,48.380001068115234,50.150001525878906,48.119998931884766,50.08000183105469,42.041954040527344,86916100,0.0,0.0
2018-01-29 00:00:00-05:00,49.599998474121094,50.849998474121094,49.369998931884766,49.97999954223633,41.9580078125,46304000,0.0,0.0
2018-01-30 00:00:00-05:00,49.47999954223633,50.060001373291016,48.7400016784668,48.790000915527344,40.959007263183594,32814600,0.0,0.0
2018-01-31 00:00:00-05:00,49.22999954223633,49.25,47.560001373291016,48.13999938964844,40.41333770751953,41619900,0.0,0.0
2018-02-01 00:00:00-05:00,47.70000076293945,48.470001220703125,47.45000076293945,47.650001525878906,40.001983642578125,28840400,0.0,0.0
2018-02-02 00:00:00-05:00,47.31999969482422,47.790000915527344,46.099998474121094,46.150001525878906,38.742733001708984,28663000,0.0,0.0
2018-02-05 00:00:00-05:00,46.349998474121094,47.2599983215332,44.5,44.52000045776367,37.37436294555664,47869000,0.0,0.0
2018-02-06 00:00:00-05:00,44.02000045776367,44.93000030517578,43.029998779296875,44.90999984741211,37.95753860473633,58145400,0.3,0.0
2018-02-07 00:00:00-05:00,44.58000183105469,46.29999923706055,44.34000015258789,45.20000076293945,38.2026481628418,37508400,0.0,0.0
2018-02-08 00:00:00-05:00,45.279998779296875,45.41999816894531,42.7400016784668,42.75,36.131935119628906,43151300,0.0,0.0
2018-02-09 00:00:00-05:00,43.5,44.279998779296875,42.040000915527344,43.95000076293945,37.14615249633789,49301100,0.0,0.0
2018-02-12 00:00:00-05:00,44.150001525878906,45.15999984741211,44.09000015258789,44.83000183105469,37.889923095703125,28379500,0.0,0.0
2018-02-13 00:00:00-05:00,44.59000015258789,44.779998779296875,44.2599983215332,44.459999084472656,37.57720947265625,19517600,0.0,0.0
2018-02-14 00:00:00-05:00,44.06999969482422,45.5099983215332,44.040000915527344,45.380001068115234,38.35478973388672,19922000,0.0,0.0
2018-02-15 00:00:00-05:00,45.880001068115234,45.9900016784668,44.95000076293945,45.91999816894531,38.811180114746094,23536800,0.0,0.0
2018-02-16 00:00:00-05:00,45.81999969482422,46.59000015258789,45.5099983215332,45.560001373291016,38.506919860839844,21475200,0.0,0.0
2018-02-20 00:00:00-05:00,45.459999084472656,46.709999084472656,45.38999938964844,46.31999969482422,39.149261474609375,25512000,0.0,0.0
2018-02-21 00:00:00-05:00,46.66999816894531,47.060001373291016,45.91999816894531,45.939998626708984,38.82808303833008,27527500,0.0,0.0
2018-02-22 00:00:00-05:00,46.13999938964844,46.560001373291016,45.619998931884766,45.79999923706055,38.70975875854492,16946400,0.0,0.0
2018-02-23 00:00:00-05:00,46.34000015258789,47.790000915527344,46.310001373291016,47.72999954223633,40.34098434448242,26040900,0.0,0.0
2018-02-26 00:00:00-05:00,48.20000076293945,49.130001068115234,48.099998474121094,49.11000061035156,41.50735092163086,26992300,0.0,0.0
2018-02-27 00:00:00-05:00,49.369998931884766,50.900001525878906,49.310001373291016,49.90999984741211,42.18350601196289,43624100,0.0,0.0
2018-02-28 00:00:00-05:00,50.18000030517578,50.34000015258789,49.279998779296875,49.290000915527344,41.65948486328125,35541200,0.0,0.0
2018-03-01 00:00:00-05:00,49.5,49.720001220703125,47.470001220703125,47.84000015258789,40.4339485168457,36326600,0.0,0.0
2018-03-02 00:00:00-05:00,47.20000076293945,49.04999923706055,46.959999084472656,48.97999954223633,41.3974723815918,33310600,0.0,0.0
2018-03-05 00:00:00-05:00,48.56999969482422,49.79999923706055,48.040000915527344,49.75,42.04827117919922,30826500,0.0,0.0
2018-03-06 00:00:00-05:00,50.15999984741211,51.33000183105469,50.150001525878906,50.709999084472656,42.85964584350586,39132300,0.0,0.0
2018-03-07 00:00:00-05:00,50.18000030517578,51.4900016784668,50.099998474121094,51.31999969482422,43.375213623046875,31801900,0.0,0.0
2018-03-08 00:00:00-05:00,51.790000915527344,52.08000183105469,50.470001220703125,50.7400016784668,42.885009765625,29481200,0.0,0.0
2018-03-09 00:00:00-05:00,51.27000045776367,52.29999923706055,51.0,52.189998626708984,44.110538482666016,32727900,0.0,0.0
2018-03-12 00:00:00-04:00,51.86000061035156,51.95000076293945,50.5,51.52000045776367,43.54425811767578,32044400,0.0,0.0
2018-03-13 00:00:00-04:00,52.52000045776367,53.779998779296875,51.38999938964844,51.779998779296875,43.764007568359375,45573900,0.0,0.0
2018-03-14 00:00:00-04:00,52.060001373291016,52.18000030517578,51.310001373291016,51.86000061035156,43.831626892089844,24993500,0.0,0.0
2018-03-15 00:00:00-04:00,52.22999954223633,52.29999923706055,50.880001068115234,50.880001068115234,43.00333786010742,25631200,0.0,0.0
2018-03-16 00:00:00-04:00,51.16999816894531,51.70000076293945,50.9900016784668,51.16999816894531,43.24843978881836,42559800,0.0,0.0
2018-03-19 00:00:00-04:00,50.7400016784668,51.22999954223633,49.93000030517578,50.83000183105469,42.96107864379883,31115200,0.0,0.0
2018-03-20 00:00:00-04:00,50.880001068115234,51.810001373291016,50.849998474121094,51.54999923706055,43.56962203979492,22215000,0.0,0.0
2018-03-21 00:00:00-04:00,51.54999923706055,52.16999816894531,51.16999816894531,51.560001373291016,43.57806396484375,23239500,0.0,0.0
2018-03-22 00:00:00-04:00,50.7400016784668,51.959999084472656,50.599998474121094,50.83000183105469,42.96107864379883,30916000,0.0,0.0
2018-03-23 00:00:00-04:00,50.59000015258789,50.9900016784668,49.36000061035156,49.36000061035156,41.7186393737793,37683900,0.0,0.0
2018-03-26 00:00:00-04:00,50.7400016784668,52.4900016784668,50.31999969482422,52.47999954223633,44.35563278198242,39306200,0.0,0.0
2018-03-27 00:00:00-04:00,53.0099983215332,53.25,50.779998779296875,51.189998626708984,43.265342712402344,38777000,0.0,0.0
2018-03-28 00:00:00-04:00,50.5,50.70000076293945,49.0099983215332,49.599998474121094,41.92148971557617,37970900,0.0,0.0
2018-03-29 00:00:00-04:00,49.97999954223633,52.08000183105469,49.869998931884766,52.08000183105469,44.01756286621094,45265800,0.0,0.0
2018-04-02 00:00:00-04:00,51.689998626708984,52.040000915527344,47.290000915527344,48.91999816894531,41.34675598144531,67187800,0.0,0.0
2018-04-03 00:00:00-04:00,49.0,49.959999084472656,48.40999984741211,49.75,42.04827117919922,39432400,0.0,0.0
2018-04-04 00:00:00-04:00,48.099998474121094,50.15999984741211,48.0099983215332,49.9900016784668,42.25111770629883,30370000,0.0,0.0
2018-04-05 00:00:00-04:00,50.0099983215332,50.720001220703125,49.970001220703125,50.380001068115234,42.58073806762695,25115400,0.0,0.0
2018-04-06 00:00:00-04:00,49.790000915527344,50.400001525878906,48.5,48.790000915527344,41.23688888549805,28215200,0.0,0.0
2018-04-09 00:00:00-04:00,49.15999984741211,51.11000061035156,49.15999984741211,49.54999923706055,41.87921905517578,31437000,0.0,0.0
2018-04-10 00:00:00-04:00,51.119998931884766,51.4900016784668,50.34000015258789,51.27000045776367,43.33295440673828,25906400,0.0,0.0
2018-04-11 00:00:00-04:00,50.9900016784668,51.72999954223633,50.81999969482422,51.099998474121094,43.189273834228516,17568400,0.0,0.0
2018-04-12 00:00:00-04:00,51.4900016784668,53.27000045776367,51.45000076293945,52.720001220703125,44.5584831237793,29781400,0.0,0.0
2018-04-13 00:00:00-04:00,53.060001373291016,53.209999084472656,51.599998474121094,51.86000061035156,43.831626892089844,20884900,0.0,0.0
2018-04-16 00:00:00-04:00,52.290000915527344,52.529998779296875,51.790000915527344,52.400001525878906,44.28803253173828,18855500,0.0,0.0
2018-04-17 00:00:00-04:00,52.90999984741211,53.70000076293945,52.88999938964844,53.540000915527344,45.25154495239258,21228700,0.0,0.0
2018-04-18 00:00:00-04:00,53.52000045776367,54.36000061035156,53.34000015258789,53.61000061035156,45.31070327758789,22164700,0.0,0.0
2018-04-19 00:00:00-04:00,52.95000076293945,52.959999084472656,51.61000061035156,52.220001220703125,44.13588333129883,25422400,0.0,0.0
2018-04-20 00:00:00-04:00,52.16999816894531,52.279998779296875,50.880001068115234,51.529998779296875,43.552703857421875,26910100,0.0,0.0
2018-04-23 00:00:00-04:00,51.689998626708984,51.88999938964844,50.849998474121094,51.099998474121094,43.189273834228516,21706700,0.0,0.0
2018-04-24 00:00:00-04:00,51.869998931884766,53.63999938964844,51.13999938964844,51.45000076293945,43.4850959777832,42494700,0.0,0.0
2018-04-25 00:00:00-04:00,51.86000061035156,52.099998474121094,50.599998474121094,51.380001068115234,43.42593002319336,25752800,0.0,0.0
2018-04-26 00:00:00-04:00,52.2599983215332,53.27000045776367,52.06999969482422,53.04999923706055,44.83740234375,39575000,0.0,0.0
2018-04-27 00:00:00-04:00,55.439998626708984,55.790000915527344,52.22999954223633,52.72999954223633,44.56694030761719,69888100,0.0,0.0
2018-04-30 00:00:00-04:00,52.560001373291016,53.369998931884766,51.209999084472656,51.619998931884766,43.62876892089844,36417400,0.0,0.0
2018-05-01 00:00:00-04:00,51.63999938964844,53.41999816894531,51.439998626708984,53.33000183105469,45.07405471801758,27600800,0.0,0.0
2018-05-02 00:00:00-04:00,53.09000015258789,53.20000076293945,52.150001525878906,52.310001373291016,44.211952209472656,25778300,0.0,0.0
2018-05-03 00:00:00-04:00,51.88999938964844,52.560001373291016,51.209999084472656,52.279998779296875,44.18660354614258,28561000,0.0,0.0
2018-05-04 00:00:00-04:00,51.619998931884766,52.84000015258789,51.0,52.779998779296875,44.86665344238281,25642500,0.3,0.0
2018-05-07 00:00:00-04:00,52.86000061035156,53.58000183105469,52.83000183105469,53.33000183105469,45.33419418334961,20285700,0.0,0.0
2018-05-08 00:00:00-04:00,53.290000915527344,53.630001068115234,52.79999923706055,53.630001068115234,45.5892219543457,21026800,0.0,0.0
2018-05-09 00:00:00-04:00,53.7599983215332,54.369998931884766,53.189998626708984,54.34000015258789,46.19276428222656,19827500,0.0,0.0
2018-05-10 00:00:00-04:00,54.54999923706055,55.0,54.099998474121094,54.97999954223633,46.73680877685547,18715900,0.0,0.0
2018-05-11 00:00:00-04:00,54.619998931884766,55.189998626708984,54.43000030517578,54.66999816894531,46.473289489746094,15405000,0.0,0.0
2018-05-14 00:00:00-04:00,54.77000045776367,55.2400016784668,54.7400016784668,54.900001525878906,46.668800354003906,21878200,0.0,0.0
2018-05-15 00:00:00-04:00,54.58000183105469,54.75,53.560001373291016,53.91999816894531,45.83574295043945,21712600,0.0,0.0
2018-05-16 00:00:00-04:00,54.16999816894531,54.70000076293945,53.959999084472656,54.63999938964844,46.44778823852539,16260500,0.0,0.0
2018-05-17 00:00:00-04:00,54.54999923706055,55.439998626708984,54.41999816894531,54.810001373291016,46.59230041503906,16872600,0.0,0.0
2018-05-18 00:00:00-04:00,54.529998779296875,54.540000915527344,53.470001220703125,53.5,45.47871017456055,23679900,0.0,0.0
2018-05-21 00:00:00-04:00,54.36000061035156,55.220001220703125,53.86000061035156,54.31999969482422,46.17576217651367,25367400,0.0,0.0
2018-05-22 00:00:00-04:00,54.72999954223633,55.04999923706055,54.04999923706055,54.45000076293945,46.286277770996094,19009600,0.0,0.0
2018-05-23 00:00:00-04:00,54.0,55.22999954223633,53.84000015258789,55.209999084472656,46.932315826416016,20555400,0.0,0.0
2018-05-24 00:00:00-04:00,55.18000030517578,55.29999923706055,54.130001068115234,54.75,46.54127883911133,19667100,0.0,0.0
2018-05-25 00:00:00-04:00,54.79999923706055,55.5,54.540000915527344,55.439998626708984,47.12783432006836,18550000,0.0,0.0
2018-05-29 00:00:00-04:00,55.119998931884766,55.810001373291016,54.810001373291016,55.31999969482422,47.02582931518555,24253500,0.0,0.0
2018-05-30 00:00:00-04:00,55.88999938964844,56.20000076293945,55.619998931884766,55.68000030517578,47.33185958862305,24711500,0.0,0.0
2018-05-31 00:00:00-04:00,55.66999816894531,55.86000061035156,55.060001373291016,55.20000076293945,46.923824310302734,30962100,0.0,0.0
2018-06-01 00:00:00-04:00,55.84000015258789,57.099998474121094,55.79999923706055,57.08000183105469,48.521949768066406,31183200,0.0,0.0
2018-06-04 00:00:00-04:00,57.0099983215332,57.599998474121094,56.779998779296875,56.83000183105469,48.309444427490234,22538100,0.0,0.0
2018-06-05 00:00:00-04:00,56.900001525878906,57.119998931884766,56.220001220703125,56.529998779296875,48.054420471191406,21687000,0.0,0.0
2018-06-06 00:00:00-04:00,56.529998779296875,57.060001373291016,56.08000183105469,57.029998779296875,48.47944259643555,22955400,0.0,0.0
2018-06-07 00:00:00-04:00,56.91999816894531,57.0,55.619998931884766,55.880001068115234,47.50187301635742,27596100,0.0,0.0
2018-06-08 00:00:00-04:00,55.560001373291016,55.70000076293945,54.65999984741211,55.04999923706055,46.796321868896484,30822900,0.0,0.0
2018-06-11 00:00:00-04:00,54.79999923706055,55.09000015258789,54.2599983215332,54.52000045776367,46.34577941894531,25752400,0.0,0.0
2018-06-12 00:00:00-04:00,54.869998931884766,55.029998779296875,54.220001220703125,54.81999969482422,46.60080337524414,23294900,0.0,0.0
2018-06-13 00:00:00-04:00,54.97999954223633,55.70000076293945,54.90999984741211,55.029998779296875,46.77930450439453,22631400,0.0,0.0
2018-06-14 00:00:00-04:00,55.45000076293945,55.86000061035156,55.18000030517578,55.540000915527344,47.21284866333008,23419800,0.0,0.0
2018-06-15 00:00:00-04:00,55.16999816894531,55.380001068115234,54.58000183105469,55.11000061035156,46.847328186035156,39194700,0.0,0.0
2018-06-18 00:00:00-04:00,54.29999923706055,54.29999923706055,52.34000015258789,53.220001220703125,45.24069595336914,40764400,0.0,0.0
2018-06-19 00:00:00-04:00,52.13999938964844,52.95000076293945,51.880001068115234,52.93000030517578,44.99416732788086,31780900,0.0,0.0
2018-06-20 00:00:00-04:00,53.189998626708984,53.75,52.689998626708984,53.459999084472656,45.4447021484375,21403000,0.0,0.0
2018-06-21 00:00:00-04:00,54.380001068115234,54.529998779296875,51.939998626708984,52.189998626708984,44.36511993408203,44435600,0.0,0.0
2018-06-22 00:00:00-04:00,52.619998931884766,53.09000015258789,52.29999923706055,52.5,44.628631591796875,34682100,0.0,0.0
2018-06-25 00:00:00-04:00,51.16999816894531,51.75,49.90999984741211,50.709999084472656,43.10700988769531,45356500,0.0,0.0
2018-06-26 00:00:00-04:00,49.95000076293945,50.40999984741211,49.36000061035156,49.66999816894531,42.222938537597656,37543000,0.0,0.0
2018-06-27 00:00:00-04:00,49.34000015258789,50.060001373291016,48.75,48.7599983215332,41.449378967285156,33338800,0.0,0.0
2018-06-28 00:00:00-04:00,48.58000183105469,49.4900016784668,48.5,49.25,41.86591720581055,29055700,0.0,0.0
2018-06-29 00:00:00-04:00,49.529998779296875,50.11000061035156,49.5,49.709999084472656,42.256935119628906,28906500,0.0,0.0
2018-07-02 00:00:00-04:00,49.040000915527344,50.27000045776367,48.83000183105469,50.20000076293945,42.67347717285156,23755500,0.0,0.0
2018-07-03 00:00:00-04:00,50.58000183105469,50.86000061035156,49.43000030517578,49.470001220703125,42.05293273925781,16327900,0.0,0.0
2018-07-05 00:00:00-04:00,49.97999954223633,50.959999084472656,49.75,50.75,43.14101791381836,26163500,0.0,0.0
2018-07-06 00:00:00-04:00,50.77000045776367,51.5,50.400001525878906,51.369998931884766,43.668052673339844,19968000,0.0,0.0
2018-07-09 00:00:00-04:00,51.63999938964844,51.88999938964844,51.0,51.86000061035156,44.0845947265625,21361600,0.0,0.0
2018-07-10 00:00:00-04:00,52.099998474121094,52.2599983215332,51.84000015258789,52.15999984741211,44.339622497558594,17362900,0.0,0.0
2018-07-11 00:00:00-04:00,51.689998626708984,51.869998931884766,51.189998626708984,51.20000076293945,43.52354431152344,18665600,0.0,0.0
2018-07-12 00:00:00-04:00,52.04999923706055,52.47999954223633,51.72999954223633,52.349998474121094,44.501121520996094,20292700,0.0,0.0
2018-07-13 00:00:00-04:00,52.400001525878906,52.41999816894531,51.7599983215332,52.220001220703125,44.39060974121094,13749300,0.0,0.0
2018-07-16 00:00:00-04:00,52.150001525878906,52.31999969482422,51.869998931884766,52.0099983215332,44.212100982666016,15951500,0.0,0.0
2018-07-17 00:00:00-04:00,51.04999923706055,51.880001068115234,51.0099983215332,51.75,43.9910888671875,15754500,0.0,0.0
2018-07-18 00:00:00-04:00,51.869998931884766,51.970001220703125,51.470001220703125,51.720001220703125,43.965576171875,14649000,0.0,0.0
2018-07-19 00:00:00-04:00,51.599998474121094,52.0099983215332,51.04999923706055,51.97999954223633,44.186607360839844,15954600,0.0,0.0
2018-07-20 00:00:00-04:00,51.83000183105469,52.06999969482422,51.33000183105469,51.90999984741211,44.127098083496094,17380500,0.0,0.0
2018-07-23 00:00:00-04:00,51.77000045776367,52.5,51.33000183105469,52.310001373291016,44.467124938964844,15945500,0.0,0.0
2018-07-24 00:00:00-04:00,52.7599983215332,53.29999923706055,52.08000183105469,52.18000030517578,44.35661697387695,17788700,0.0,0.0
2018-07-25 00:00:00-04:00,52.209999084472656,52.45000076293945,51.09000015258789,52.43000030517578,44.56913375854492,19854800,0.0,0.0
2018-07-26 00:00:00-04:00,52.45000076293945,53.18000030517578,51.869998931884766,52.15999984741211,44.339622497558594,28282500,0.0,0.0
2018-07-27 00:00:00-04:00,48.7599983215332,49.20000076293945,47.47999954223633,47.68000030517578,40.531307220458984,67816700,0.0,0.0
2018-07-30 00:00:00-04:00,47.630001068115234,47.9900016784668,46.43000030517578,47.689998626708984,40.5398063659668,35696600,0.0,0.0
2018-07-31 00:00:00-04:00,48.2400016784668,48.68000030517578,47.689998626708984,48.099998474121094,40.888328552246094,36581200,0.0,0.0
2018-08-01 00:00:00-04:00,48.060001373291016,48.90999984741211,48.0,48.810001373291016,41.49188232421875,28060700,0.0,0.0
2018-08-02 00:00:00-04:00,48.5,49.52000045776367,48.20000076293945,49.47999954223633,42.061431884765625,26452500,0.0,0.0
2018-08-03 00:00:00-04:00,49.5,49.779998779296875,49.16999816894531,49.630001068115234,42.188941955566406,22008200,0.0,0.0
2018-08-06 00:00:00-04:00,48.77000045776367,49.310001373291016,48.31999969482422,49.29999923706055,42.16328048706055,26669000,0.3,0.0
2018-08-07 00:00:00-04:00,49.43000030517578,49.83000183105469,49.40999984741211,49.70000076293945,42.50537872314453,28322700,0.0,0.0
2018-08-08 00:00:00-04:00,49.599998474121094,50.130001068115234,49.439998626708984,49.959999084472656,42.72774887084961,21990600,0.0,0.0
2018-08-09 00:00:00-04:00,49.86000061035156,50.599998474121094,49.720001220703125,50.13999938964844,42.881683349609375,23795600,0.0,0.0
2018-08-10 00:00:00-04:00,48.5099983215332,49.16999816894531,48.29999923706055,48.849998474121094,41.778419494628906,28712400,0.0,0.0
2018-08-13 00:00:00-04:00,48.91999816894531,49.2400016784668,48.380001068115234,48.45000076293945,41.43632888793945,17070600,0.0,0.0
2018-08-14 00:00:00-04:00,48.66999816894531,48.7599983215332,47.650001525878906,48.119998931884766,41.15410232543945,23061600,0.0,0.0
2018-08-15 00:00:00-04:00,47.779998779296875,48.0,46.900001525878906,47.459999084472656,40.58964157104492,26739900,0.0,0.0
2018-08-16 00:00:00-04:00,47.75,47.95000076293945,47.04999923706055,47.16999816894531,40.34161376953125,24358000,0.0,0.0
2018-08-17 00:00:00-04:00,47.0,47.38999938964844,46.33000183105469,47.099998474121094,40.28175735473633,26382000,0.0,0.0
2018-08-20 00:00:00-04:00,47.04999923706055,47.119998931884766,46.189998626708984,46.5,39.76860427856445,24334000,0.0,0.0
2018-08-21 00:00:00-04:00,46.65999984741211,47.849998474121094,46.63999938964844,47.619998931884766,40.726478576660156,19254300,0.0,0.0
2018-08-22 00:00:00-04:00,47.25,47.349998474121094,46.91999816894531,47.04999923706055,40.23899841308594,23182500,0.0,0.0
2018-08-23 00:00:00-04:00,46.86000061035156,47.16999816894531,46.709999084472656,46.97999954223633,40.17912673950195,31343200,0.0,0.0
2018-08-24 00:00:00-04:00,47.290000915527344,47.88999938964844,47.08000183105469,47.65999984741211,40.760684967041016,18214700,0.0,0.0
2018-08-27 00:00:00-04:00,48.0,48.38999938964844,47.630001068115234,48.349998474121094,41.350799560546875,17170300,0.0,0.0
2018-08-28 00:00:00-04:00,48.54999923706055,48.790000915527344,48.310001373291016,48.56999969482422,41.53895950317383,13472400,0.0,0.0
2018-08-29 00:00:00-04:00,48.70000076293945,48.86000061035156,48.400001525878906,48.75,41.69289016723633,13479100,0.0,0.0
2018-08-30 00:00:00-04:00,48.52000045776367,48.83000183105469,48.09000015258789,48.2400016784668,41.25672912597656,16418800,0.0,0.0
2018-08-31 00:00:00-04:00,47.959999084472656,48.560001373291016,47.91999816894531,48.43000030517578,41.41923141479492,16484000,0.0,0.0
2018-09-04 00:00:00-04:00,48.380001068115234,48.43000030517578,47.560001373291016,47.959999084472656,41.01726150512695,15682900,0.0,0.0
2018-09-05 00:00:00-04:00,47.75,48.119998931884766,47.470001220703125,47.720001220703125,40.81199645996094,20857200,0.0,0.0
2018-09-06 00:00:00-04:00,47.7599983215332,47.959999084472656,47.209999084472656,47.2599983215332,40.41858673095703,19318100,0.0,0.0
2018-09-07 00:00:00-04:00,46.90999984741211,47.47999954223633,46.36000061035156,46.45000076293945,39.72584533691406,25958300,0.0,0.0
2018-09-10 00:00:00-04:00,46.560001373291016,46.7599983215332,46.22999954223633,46.29999923706055,39.597572326660156,21522400,0.0,0.0
2018-09-11 00:00:00-04:00,46.0,46.029998779296875,44.88999938964844,44.93000030517578,38.425880432128906,32455300,0.0,0.0
2018-09-12 00:00:00-04:00,44.560001373291016,44.97999954223633,44.060001373291016,44.93000030517578,38.425880432128906,29778700,0.0,0.0
2018-09-13 00:00:00-04:00,45.68000030517578,45.849998474121094,45.11000061035156,45.56999969482422,38.97323226928711,18657100,0.0,0.0
2018-09-14 00:00:00-04:00,45.779998779296875,45.970001220703125,45.349998474121094,45.540000915527344,38.94758224487305,22998700,0.0,0.0
2018-09-17 00:00:00-04:00,45.290000915527344,45.900001525878906,45.189998626708984,45.41999816894531,38.84495162963867,17603200,0.0,0.0
2018-09-18 00:00:00-04:00,45.58000183105469,46.529998779296875,45.40999984741211,46.099998474121094,39.426517486572266,20528100,0.0,0.0
2018-09-19 00:00:00-04:00,46.09000015258789,46.439998626708984,45.88999938964844,46.150001525878906,39.469276428222656,15918900,0.0,0.0
2018-09-20 00:00:00-04:00,46.779998779296875,47.36000061035156,46.52000045776367,47.20000076293945,40.36727523803711,21999300,0.0,0.0
2018-09-21 00:00:00-04:00,47.119998931884766,47.41999816894531,46.369998931884766,46.65999984741211,39.90544509887695,52650600,0.0,0.0
2018-09-24 00:00:00-04:00,46.310001373291016,47.0,46.150001525878906,46.90999984741211,40.119258880615234,17847000,0.0,0.0
2018-09-25 00:00:00-04:00,46.220001220703125,46.38999938964844,45.79999923706055,45.90999984741211,39.264015197753906,23389900,0.0,0.0
2018-09-26 00:00:00-04:00,46.040000915527344,46.29999923706055,45.58000183105469,45.70000076293945,39.084415435791016,23957700,0.0,0.0
2018-09-27 00:00:00-04:00,45.90999984741211,46.16999816894531,45.72999954223633,45.880001068115234,39.23836898803711,15415500,0.0,0.0
2018-09-28 00:00:00-04:00,45.619998931884766,47.75,45.459999084472656,47.290000915527344,40.44424819946289,46223500,0.0,0.0
2018-10-01 00:00:00-04:00,46.790000915527344,47.220001220703125,46.20000076293945,46.45000076293945,39.72584533691406,23796200,0.0,0.0
2018-10-02 00:00:00-04:00,47.5099983215332,48.880001068115234,47.31999969482422,48.099998474121094,41.13699722290039,42121100,0.0,0.0
2018-10-03 00:00:00-04:00,48.619998931884766,49.720001220703125,48.560001373291016,48.7599983215332,41.701454162597656,39211900,0.0,0.0
2018-10-04 00:00:00-04:00,48.84000015258789,48.86000061035156,47.619998931884766,48.130001068115234,41.16264724731445,30108300,0.0,0.0
2018-10-05 00:00:00-04:00,48.22999954223633,48.34000015258789,46.65999984741211,47.029998779296875,40.22188949584961,28901400,0.0,0.0
2018-10-08 00:00:00-04:00,46.959999084472656,47.349998474121094,46.52000045776367,47.029998779296875,40.22188949584961,19376800,0.0,0.0
2018-10-09 00:00:00-04:00,47.18000030517578,47.619998931884766,46.540000915527344,46.54999923706055,39.81137466430664,23285700,0.0,0.0
2018-10-10 00:00:00-04:00,46.060001373291016,46.119998931884766,44.79999923706055,44.79999923706055,38.3147087097168,43109500,0.0,0.0
2018-10-11 00:00:00-04:00,45.150001525878906,45.61000061035156,43.72999954223633,44.22999954223633,37.82721710205078,43648800,0.0,0.0
2018-10-12 00:00:00-04:00,45.27000045776367,45.34000015258789,44.22999954223633,44.880001068115234,38.38313293457031,32087400,0.0,0.0
2018-10-15 00:00:00-04:00,44.630001068115234,45.13999938964844,44.439998626708984,44.529998779296875,38.08378982543945,21633000,0.0,0.0
2018-10-16 00:00:00-04:00,44.900001525878906,46.0099983215332,44.83000183105469,45.939998626708984,39.28968048095703,21472000,0.0,0.0
2018-10-17 00:00:00-04:00,46.0,46.33000183105469,45.540000915527344,45.88999938964844,39.246917724609375,23124400,0.0,0.0
2018-10-18 00:00:00-04:00,45.650001525878906,45.75,44.83000183105469,44.970001220703125,38.46010208129883,26638800,0.0,0.0
2018-10-19 00:00:00-04:00,45.02000045776367,45.18000030517578,43.86000061035156,44.0,37.63052749633789,28368500,0.0,0.0
2018-10-22 00:00:00-04:00,44.5,45.34000015258789,44.099998474121094,45.0099983215332,38.494319915771484,34508800,0.0,0.0
2018-10-23 00:00:00-04:00,44.18000030517578,45.09000015258789,43.90999984741211,44.5,38.05813217163086,38590300,0.0,0.0
2018-10-24 00:00:00-04:00,44.15999984741211,44.36000061035156,42.36000061035156,42.41999816894531,36.27923583984375,33631800,0.0,0.0
2018-10-25 00:00:00-04:00,43.540000915527344,44.939998626708984,43.279998779296875,44.310001373291016,37.89563751220703,48255300,0.0,0.0
2018-10-26 00:00:00-04:00,45.59000015258789,46.439998626708984,44.70000076293945,45.689998626708984,39.075870513916016,67280400,0.0,0.0
2018-10-29 00:00:00-04:00,46.5,46.75,44.439998626708984,45.400001525878906,38.82785415649414,35732200,0.0,0.0
2018-10-30 00:00:00-04:00,45.529998779296875,47.880001068115234,45.459999084472656,47.7599983215332,40.84620666503906,43975200,0.0,0.0
2018-10-31 00:00:00-04:00,48.290000915527344,48.560001373291016,46.83000183105469,46.880001068115234,40.09360885620117,33369100,0.0,0.0
2018-11-01 00:00:00-04:00,46.95000076293945,48.470001220703125,46.86000061035156,48.220001220703125,41.239620208740234,28335300,0.0,0.0
2018-11-02 00:00:00-04:00,48.130001068115234,48.25,46.75,47.11000061035156,40.290313720703125,30759800,0.0,0.0
2018-11-05 00:00:00-05:00,47.34000015258789,48.25,46.91999816894531,47.970001220703125,41.02581787109375,23751200,0.0,0.0
2018-11-06 00:00:00-05:00,47.79999923706055,47.91999816894531,47.029998779296875,47.25,40.66434860229492,23839600,0.3,0.0
2018-11-07 00:00:00-05:00,47.630001068115234,48.75,47.59000015258789,48.720001220703125,41.929466247558594,29913200,0.0,0.0
2018-11-08 00:00:00-05:00,48.4900016784668,49.290000915527344,48.459999084472656,48.9900016784668,42.161834716796875,26581700,0.0,0.0
2018-11-09 00:00:00-05:00,48.790000915527344,49.029998779296875,47.869998931884766,48.11000061035156,41.404483795166016,21761400,0.0,0.0
2018-11-12 00:00:00-05:00,47.709999084472656,47.79999923706055,46.599998474121094,46.650001525878906,40.14797592163086,24412800,0.0,0.0
2018-11-13 00:00:00-05:00,46.9900016784668,48.25,46.9900016784668,47.38999938964844,40.784828186035156,29315900,0.0,0.0
2018-11-14 00:00:00-05:00,47.849998474121094,47.970001220703125,46.88999938964844,47.09000015258789,40.52665710449219,25632700,0.0,0.0
2018-11-15 00:00:00-05:00,47.0099983215332,48.2400016784668,46.720001220703125,48.11000061035156,41.404483795166016,29581000,0.0,0.0
2018-11-16 00:00:00-05:00,47.77000045776367,49.04999923706055,47.689998626708984,48.83000183105469,42.024139404296875,31670600,0.0,0.0
2018-11-19 00:00:00-05:00,48.61000061035156,49.150001525878906,47.779998779296875,48.0,41.3098258972168,26859000,0.0,0.0
2018-11-20 00:00:00-05:00,47.400001525878906,48.119998931884766,47.09000015258789,47.38999938964844,40.784828186035156,29200800,0.0,0.0
2018-11-21 00:00:00-05:00,47.849998474121094,47.880001068115234,47.02000045776367,47.029998779296875,40.475013732910156,19011400,0.0,0.0
2018-11-23 00:00:00-05:00,46.689998626708984,47.06999969482422,46.52000045776367,46.540000915527344,40.053306579589844,8906900,0.0,0.0
2018-11-26 00:00:00-05:00,47.27000045776367,47.459999084472656,46.70000076293945,47.45000076293945,40.836483001708984,20723000,0.0,0.0
2018-11-27 00:00:00-05:00,46.939998626708984,48.220001220703125,46.59000015258789,48.06999969482422,41.37006759643555,27621000,0.0,0.0
2018-11-28 00:00:00-05:00,47.939998626708984,48.880001068115234,47.650001525878906,48.86000061035156,42.04995346069336,28003200,0.0,0.0
2018-11-29 00:00:00-05:00,48.4900016784668,48.560001373291016,47.630001068115234,47.70000076293945,41.05162811279297,23592500,0.0,0.0
2018-11-30 00:00:00-05:00,47.95000076293945,49.31999969482422,47.560001373291016,49.310001373291016,42.43723678588867,43313700,0.0,0.0
2018-12-03 00:00:00-05:00,50.0,50.5,49.529998779296875,50.130001068115234,43.142948150634766,30870400,0.0,0.0
2018-12-04 00:00:00-05:00,49.52000045776367,49.599998474121094,47.68000030517578,47.75,41.09466552734375,35397700,0.0,0.0
2018-12-06 00:00:00-05:00,46.79999923706055,48.38999938964844,46.52000045776367,48.369998931884766,41.62825393676758,31661700,0.0,0.0
2018-12-07 00:00:00-05:00,47.939998626708984,48.060001373291016,46.22999954223633,46.2400016784668,39.79512023925781,34016400,0.0,0.0
2018-12-10 00:00:00-05:00,46.279998779296875,47.459999084472656,46.0099983215332,47.209999084472656,40.62992477416992,23289000,0.0,0.0
2018-12-11 00:00:00-05:00,47.900001525878906,48.59000015258789,47.130001068115234,47.380001068115234,40.77623748779297,23851000,0.0,0.0
2018-12-12 00:00:00-05:00,48.58000183105469,48.63999938964844,47.40999984741211,47.83000183105469,41.16352081298828,31305000,0.0,0.0
2018-12-13 00:00:00-05:00,48.2599983215332,48.58000183105469,47.86000061035156,48.290000915527344,41.55938720703125,19526000,0.0,0.0
2018-12-14 00:00:00-05:00,47.88999938964844,48.7599983215332,47.849998474121094,47.86000061035156,41.18932342529297,26372100,0.0,0.0
2018-12-17 00:00:00-05:00,47.86000061035156,48.40999984741211,46.65999984741211,47.08000183105469,40.51804733276367,26598700,0.0,0.0
2018-12-18 00:00:00-05:00,47.470001220703125,48.45000076293945,47.36000061035156,47.7400016784668,41.0860595703125,29014300,0.0,0.0
2018-12-19 00:00:00-05:00,47.4900016784668,47.72999954223633,45.380001068115234,45.56999969482422,39.218505859375,39717600,0.0,0.0
2018-12-20 00:00:00-05:00,45.40999984741211,46.310001373291016,45.0099983215332,45.540000915527344,39.19268798828125,37750900,0.0,0.0
2018-12-21 00:00:00-05:00,45.75,46.650001525878906,44.79999923706055,44.84000015258789,38.59025955200195,52768300,0.0,0.0
2018-12-24 00:00:00-05:00,44.630001068115234,45.16999816894531,43.540000915527344,43.59000015258789,37.51447677612305,19241600,0.0,0.0
2018-12-26 00:00:00-05:00,44.0,46.20000076293945,43.5099983215332,46.189998626708984,39.75209426879883,28677600,0.0,0.0
2018-12-27 00:00:00-05:00,45.619998931884766,46.380001068115234,44.66999816894531,46.36000061035156,39.898399353027344,29970700,0.0,0.0
2018-12-28 00:00:00-05:00,46.5099983215332,47.7400016784668,46.29999923706055,46.75,40.234039306640625,24758700,0.0,0.0
2018-12-31 00:00:00-05:00,47.09000015258789,47.47999954223633,46.54999923706055,46.93000030517578,40.388954162597656,20490400,0.0,0.0
