Date,Open,High,Low,Close,Adj Close,Volume,Dividends,Stock Splits
2014-01-02 00:00:00-05:00,54.83000183105469,55.220001220703125,54.189998626708984,54.709999084472656,54.501808166503906,43195500,0.0,0.0
2014-01-03 00:00:00-05:00,55.02000045776367,55.650001525878906,54.529998779296875,54.560001373291016,54.352378845214844,38246200,0.0,0.0
2014-01-06 00:00:00-05:00,54.41999816894531,57.2599983215332,54.04999923706055,57.20000076293945,56.982330322265625,68852600,0.0,0.0
2014-01-07 00:00:00-05:00,57.70000076293945,58.54999923706055,57.220001220703125,57.91999816894531,57.699588775634766,77207400,0.0,0.0
2014-01-08 00:00:00-05:00,57.599998474121094,58.40999984741211,57.22999954223633,58.22999954223633,58.00840759277344,56682400,0.0,0.0
2014-01-09 00:00:00-05:00,58.650001525878906,58.959999084472656,56.650001525878906,57.220001220703125,57.00225830078125,92253300,0.0,0.0
2014-01-10 00:00:00-05:00,57.130001068115234,58.29999923706055,57.060001373291016,57.939998626708984,57.71951675415039,42449500,0.0,0.0
2014-01-13 00:00:00-05:00,57.90999984741211,58.25,55.380001068115234,55.90999984741211,55.697242736816406,63010900,0.0,0.0
2014-01-14 00:00:00-05:00,56.459999084472656,57.779998779296875,56.099998474121094,57.7400016784668,57.52027893066406,37503600,0.0,0.0
2014-01-15 00:00:00-05:00,57.97999954223633,58.56999969482422,57.27000045776367,57.599998474121094,57.38080978393555,33663400,0.0,0.0
2014-01-16 00:00:00-05:00,57.2599983215332,58.02000045776367,56.83000183105469,57.189998626708984,56.97237014770508,34541800,0.0,0.0
2014-01-17 00:00:00-05:00,57.29999923706055,57.81999969482422,56.06999969482422,56.29999923706055,56.085758209228516,40849200,0.0,0.0
2014-01-21 00:00:00-05:00,56.599998474121094,58.58000183105469,56.5,58.5099983215332,58.2873420715332,48669200,0.0,0.0
2014-01-22 00:00:00-05:00,58.849998474121094,59.310001373291016,57.099998474121094,57.5099983215332,57.29115295410156,61352900,0.0,0.0
2014-01-23 00:00:00-05:00,56.369998931884766,56.68000030517578,55.689998626708984,56.630001068115234,56.41449737548828,47951800,0.0,0.0
2014-01-24 00:00:00-05:00,56.150001525878906,56.41999816894531,54.400001525878906,54.45000076293945,54.242794036865234,55200700,0.0,0.0
2014-01-27 00:00:00-05:00,54.72999954223633,54.939998626708984,51.849998474121094,53.54999923706055,53.34621810913086,73924100,0.0,0.0
2014-01-28 00:00:00-05:00,54.02000045776367,55.279998779296875,54.0,55.13999938964844,54.930171966552734,48191200,0.0,0.0
2014-01-29 00:00:00-05:00,54.61000061035156,54.95000076293945,53.189998626708984,53.529998779296875,53.3262939453125,92995600,0.0,0.0
2014-01-30 00:00:00-05:00,62.119998931884766,62.5,60.459999084472656,61.08000183105469,60.84756851196289,150178900,0.0,0.0
2014-01-31 00:00:00-05:00,60.470001220703125,63.369998931884766,60.16999816894531,62.56999969482422,62.3318977355957,87794600,0.0,0.0
2014-02-03 00:00:00-05:00,63.029998779296875,63.77000045776367,60.70000076293945,61.47999954223633,61.24604034423828,74866600,0.0,0.0
2014-02-04 00:00:00-05:00,62.04999923706055,63.13999938964844,61.81999969482422,62.75,62.51121139526367,45985500,0.0,0.0
2014-02-05 00:00:00-05:00,62.7400016784668,63.15999984741211,61.27000045776367,62.189998626708984,61.95334243774414,51685100,0.0,0.0
2014-02-06 00:00:00-05:00,61.459999084472656,62.779998779296875,61.459999084472656,62.15999984741211,61.92345428466797,42086500,0.0,0.0
2014-02-07 00:00:00-05:00,62.27000045776367,64.56999969482422,62.220001220703125,64.31999969482422,64.07524108886719,60704300,0.0,0.0
2014-02-10 00:00:00-05:00,64.30000305175781,64.48999786376953,63.470001220703125,63.54999923706055,63.30816650390625,43666100,0.0,0.0
2014-02-11 00:00:00-05:00,63.75,65.0,63.349998474121094,64.8499984741211,64.60321807861328,45675600,0.0,0.0
2014-02-12 00:00:00-05:00,64.91999816894531,65.05999755859375,64.05000305175781,64.44999694824219,64.2047348022461,47282100,0.0,0.0
2014-02-13 00:00:00-05:00,64.18000030517578,67.33000183105469,64.05000305175781,67.33000183105469,67.07379150390625,61911700,0.0,0.0
2014-02-14 00:00:00-05:00,67.5,67.58000183105469,66.72000122070312,67.08999633789062,66.8346939086914,36694900,0.0,0.0
2014-02-18 00:00:00-05:00,66.94000244140625,67.54000091552734,66.06999969482422,67.30000305175781,67.04389953613281,43809900,0.0,0.0
2014-02-19 00:00:00-05:00,67.05000305175781,69.08000183105469,67.0,68.05999755859375,67.8010025024414,62087100,0.0,0.0
2014-02-20 00:00:00-05:00,67.7300033569336,70.11000061035156,65.7300033569336,69.62999725341797,69.36502838134766,130928900,0.0,0.0
2014-02-21 00:00:00-05:00,69.69000244140625,69.95999908447266,68.44999694824219,68.58999633789062,68.32898712158203,70932400,0.0,0.0
2014-02-24 00:00:00-05:00,68.73999786376953,71.44000244140625,68.54000091552734,70.77999877929688,70.51065063476562,76620300,0.0,0.0
2014-02-25 00:00:00-05:00,70.94999694824219,71.0,69.44999694824219,69.8499984741211,69.58419036865234,52077000,0.0,0.0
2014-02-26 00:00:00-05:00,70.19000244140625,71.22000122070312,68.8499984741211,69.26000213623047,68.99644470214844,55322700,0.0,0.0
2014-02-27 00:00:00-05:00,69.33999633789062,70.01000213623047,68.87000274658203,68.94000244140625,68.67765808105469,41653700,0.0,0.0
2014-02-28 00:00:00-05:00,69.47000122070312,69.87999725341797,67.37999725341797,68.45999908447266,68.1994857788086,66783700,0.0,0.0
2014-03-03 00:00:00-05:00,66.95999908447266,68.05000305175781,66.51000213623047,67.41000366210938,67.15348052978516,56824100,0.0,0.0
2014-03-04 00:00:00-05:00,68.66000366210938,68.9000015258789,67.62000274658203,68.80000305175781,68.53819274902344,42013500,0.0,0.0
2014-03-05 00:00:00-05:00,69.69000244140625,71.97000122070312,69.62000274658203,71.56999969482422,71.29764556884766,74567700,0.0,0.0
2014-03-06 00:00:00-05:00,71.87999725341797,71.88999938964844,70.25,70.83999633789062,70.57042694091797,46026500,0.0,0.0
2014-03-07 00:00:00-05:00,71.08000183105469,71.18000030517578,69.47000122070312,69.80000305175781,69.53437805175781,38927000,0.0,0.0
2014-03-10 00:00:00-04:00,70.7699966430664,72.1500015258789,70.51000213623047,72.02999877929688,71.75589752197266,59871600,0.0,0.0
2014-03-11 00:00:00-04:00,72.5,72.58999633789062,69.95999908447266,70.0999984741211,69.83323669433594,59408300,0.0,0.0
2014-03-12 00:00:00-04:00,69.86000061035156,71.3499984741211,69.0,70.87999725341797,70.61027526855469,46340500,0.0,0.0
2014-03-13 00:00:00-04:00,71.29000091552734,71.3499984741211,68.1500015258789,68.83000183105469,68.56807708740234,57091000,0.0,0.0
2014-03-14 00:00:00-04:00,68.48999786376953,69.43000030517578,67.45999908447266,67.72000122070312,67.4623031616211,48227000,0.0,0.0
2014-03-17 00:00:00-04:00,68.18000030517578,68.94999694824219,66.62000274658203,68.73999786376953,68.47840881347656,52197000,0.0,0.0
2014-03-18 00:00:00-04:00,68.76000213623047,69.5999984741211,68.30000305175781,69.19000244140625,68.92671203613281,40827000,0.0,0.0
2014-03-19 00:00:00-04:00,69.16999816894531,69.29000091552734,67.47000122070312,68.23999786376953,67.98031616210938,43981000,0.0,0.0
2014-03-20 00:00:00-04:00,68.01000213623047,68.2300033569336,66.81999969482422,66.97000122070312,66.71514892578125,44439000,0.0,0.0
2014-03-21 00:00:00-04:00,67.52999877929688,67.91999816894531,66.18000030517578,67.23999786376953,66.98411560058594,59999900,0.0,0.0
2014-03-24 00:00:00-04:00,67.19000244140625,67.36000061035156,63.36000061035156,64.0999984741211,63.85607147216797,85696000,0.0,0.0
2014-03-25 00:00:00-04:00,64.88999938964844,66.19000244140625,63.779998779296875,64.88999938964844,64.64306640625,68786000,0.0,0.0
2014-03-26 00:00:00-04:00,64.73999786376953,64.94999694824219,60.369998931884766,60.38999938964844,60.160194396972656,97503900,0.0,0.0
2014-03-27 00:00:00-04:00,60.5099983215332,61.900001525878906,57.97999954223633,60.970001220703125,60.73798751831055,112650000,0.0,0.0
2014-03-28 00:00:00-04:00,61.34000015258789,61.95000076293945,59.34000015258789,60.0099983215332,59.78163528442383,67052000,0.0,0.0
2014-03-31 00:00:00-04:00,60.779998779296875,61.52000045776367,59.869998931884766,60.2400016784668,60.010765075683594,53011000,0.0,0.0
2014-04-01 00:00:00-04:00,60.459999084472656,62.65999984741211,60.2400016784668,62.619998931884766,62.38170623779297,59291000,0.0,0.0
2014-04-02 00:00:00-04:00,63.209999084472656,63.90999984741211,62.209999084472656,62.720001220703125,62.481327056884766,66277000,0.0,0.0
2014-04-03 00:00:00-04:00,62.54999923706055,63.16999816894531,59.130001068115234,59.4900016784668,59.26361846923828,83859000,0.0,0.0
2014-04-04 00:00:00-04:00,59.939998626708984,60.20000076293945,56.31999969482422,56.75,56.53404235839844,125214400,0.0,0.0
2014-04-07 00:00:00-04:00,55.900001525878906,58.0,55.439998626708984,56.95000076293945,56.73328399658203,108488000,0.0,0.0
2014-04-08 00:00:00-04:00,57.68000030517578,58.709999084472656,57.16999816894531,58.189998626708984,57.96855926513672,78836000,0.0,0.0
2014-04-09 00:00:00-04:00,59.630001068115234,62.459999084472656,59.189998626708984,62.40999984741211,62.17250442504883,100215000,0.0,0.0
2014-04-10 00:00:00-04:00,63.08000183105469,63.18000030517578,58.68000030517578,59.15999984741211,58.934871673583984,114988000,0.0,0.0
2014-04-11 00:00:00-04:00,57.599998474121094,60.310001373291016,57.310001373291016,58.529998779296875,58.30727005004883,91452000,0.0,0.0
2014-04-14 00:00:00-04:00,60.09000015258789,60.45000076293945,57.779998779296875,58.88999938964844,58.66590118408203,72325000,0.0,0.0
2014-04-15 00:00:00-04:00,59.290000915527344,59.68000030517578,55.880001068115234,59.09000015258789,58.86513900756836,108623000,0.0,0.0
2014-04-16 00:00:00-04:00,59.790000915527344,60.189998626708984,57.7400016784668,59.720001220703125,59.49274444580078,78774000,0.0,0.0
2014-04-17 00:00:00-04:00,59.29999923706055,60.58000183105469,58.720001220703125,58.939998626708984,58.71570587158203,88040000,0.0,0.0
2014-04-21 00:00:00-04:00,59.459999084472656,61.2400016784668,59.150001525878906,61.2400016784668,61.006961822509766,60364000,0.0,0.0
2014-04-22 00:00:00-04:00,62.650001525878906,63.439998626708984,62.220001220703125,63.029998779296875,62.79014587402344,60631000,0.0,0.0
2014-04-23 00:00:00-04:00,63.45000076293945,63.47999954223633,61.2599983215332,61.36000061035156,61.12649917602539,95908700,0.0,0.0
2014-04-24 00:00:00-04:00,63.599998474121094,63.650001525878906,59.77000045776367,60.869998931884766,60.638362884521484,138769000,0.0,0.0
2014-04-25 00:00:00-04:00,59.970001220703125,60.0099983215332,57.56999969482422,57.709999084472656,57.49039077758789,92502000,0.0,0.0
2014-04-28 00:00:00-04:00,58.04999923706055,58.310001373291016,54.65999984741211,56.13999938964844,55.92636489868164,107758000,0.0,0.0
2014-04-29 00:00:00-04:00,56.09000015258789,58.279998779296875,55.84000015258789,58.150001525878906,57.928714752197266,75557000,0.0,0.0
2014-04-30 00:00:00-04:00,57.58000183105469,59.849998474121094,57.15999984741211,59.779998779296875,59.552513122558594,76093000,0.0,0.0
2014-05-01 00:00:00-04:00,60.43000030517578,62.279998779296875,60.209999084472656,61.150001525878906,60.917301177978516,82429000,0.0,0.0
2014-05-02 00:00:00-04:00,61.29999923706055,61.88999938964844,60.18000030517578,60.459999084472656,60.22991943359375,54189000,0.0,0.0
2014-05-05 00:00:00-04:00,59.66999816894531,61.349998474121094,59.18000030517578,61.220001220703125,60.98703384399414,46057000,0.0,0.0
2014-05-06 00:00:00-04:00,60.97999954223633,61.150001525878906,58.4900016784668,58.529998779296875,58.30727005004883,55901000,0.0,0.0
2014-05-07 00:00:00-04:00,58.77000045776367,59.29999923706055,56.2599983215332,57.38999938964844,57.171607971191406,78587000,0.0,0.0
2014-05-08 00:00:00-04:00,57.22999954223633,58.81999969482422,56.5,56.7599983215332,56.54400634765625,61251000,0.0,0.0
2014-05-09 00:00:00-04:00,56.849998474121094,57.650001525878906,56.380001068115234,57.2400016784668,57.02218246459961,52584000,0.0,0.0
2014-05-12 00:00:00-04:00,57.97999954223633,59.900001525878906,57.97999954223633,59.83000183105469,59.602325439453125,48575000,0.0,0.0
2014-05-13 00:00:00-04:00,59.65999984741211,60.88999938964844,59.5099983215332,59.83000183105469,59.602325439453125,48525000,0.0,0.0
2014-05-14 00:00:00-04:00,59.529998779296875,60.45000076293945,58.95000076293945,59.22999954223633,59.00460433959961,47429000,0.0,0.0
2014-05-15 00:00:00-04:00,59.2599983215332,59.380001068115234,57.52000045776367,57.91999816894531,57.699588775634766,56814000,0.0,0.0
2014-05-16 00:00:00-04:00,58.310001373291016,58.45000076293945,57.310001373291016,58.02000045776367,57.79920959472656,47933000,0.0,0.0
2014-05-19 00:00:00-04:00,57.88999938964844,59.560001373291016,57.56999969482422,59.209999084472656,58.98468017578125,43034000,0.0,0.0
2014-05-20 00:00:00-04:00,59.5,60.189998626708984,58.18000030517578,58.560001373291016,58.337158203125,53931000,0.0,0.0
2014-05-21 00:00:00-04:00,58.560001373291016,60.5,58.25,60.4900016784668,60.25981521606445,58992000,0.0,0.0
2014-05-22 00:00:00-04:00,60.939998626708984,61.47999954223633,60.400001525878906,60.52000045776367,60.28969955444336,54200000,0.0,0.0
2014-05-23 00:00:00-04:00,60.40999984741211,61.45000076293945,60.150001525878906,61.349998474121094,61.116539001464844,38294000,0.0,0.0
2014-05-27 00:00:00-04:00,61.619998931884766,63.5099983215332,61.56999969482422,63.47999954223633,63.23843002319336,55682000,0.0,0.0
2014-05-28 00:00:00-04:00,63.38999938964844,64.13999938964844,62.619998931884766,63.5099983215332,63.26831817626953,47795000,0.0,0.0
2014-05-29 00:00:00-04:00,63.84000015258789,64.30000305175781,63.5099983215332,63.83000183105469,63.587100982666016,42700000,0.0,0.0
2014-05-30 00:00:00-04:00,63.95000076293945,64.16999816894531,62.560001373291016,63.29999923706055,63.05911636352539,45253500,0.0,0.0
2014-06-02 00:00:00-04:00,63.22999954223633,63.59000015258789,62.04999923706055,63.08000183105469,62.8399543762207,35996000,0.0,0.0
2014-06-03 00:00:00-04:00,62.619998931884766,63.41999816894531,62.31999969482422,62.869998931884766,62.63075637817383,32217000,0.0,0.0
2014-06-04 00:00:00-04:00,62.45000076293945,63.59000015258789,62.06999969482422,63.34000015258789,63.098968505859375,36514000,0.0,0.0
2014-06-05 00:00:00-04:00,63.65999984741211,64.36000061035156,62.81999969482422,63.189998626708984,62.94953536987305,47352000,0.0,0.0
2014-06-06 00:00:00-04:00,63.369998931884766,63.47999954223633,62.150001525878906,62.5,62.26216506958008,42442000,0.0,0.0
2014-06-09 00:00:00-04:00,62.400001525878906,63.34000015258789,61.790000915527344,62.880001068115234,62.64072036743164,37617000,0.0,0.0
2014-06-10 00:00:00-04:00,63.529998779296875,65.81999969482422,63.5,65.7699966430664,65.51971435546875,69338000,0.0,0.0
2014-06-11 00:00:00-04:00,65.31999969482422,65.80000305175781,64.9000015258789,65.77999877929688,65.52967834472656,44242000,0.0,0.0
2014-06-12 00:00:00-04:00,65.8499984741211,66.47000122070312,64.05999755859375,64.29000091552734,64.04535675048828,55730000,0.0,0.0
2014-06-13 00:00:00-04:00,64.69999694824219,64.97000122070312,63.83000183105469,64.5,64.25454711914062,29419000,0.0,0.0
2014-06-16 00:00:00-04:00,64.16000366210938,64.87999725341797,63.75,64.19000244140625,63.94573211669922,31046000,0.0,0.0
2014-06-17 00:00:00-04:00,64.0999984741211,64.87999725341797,63.93000030517578,64.4000015258789,64.1549301147461,27715000,0.0,0.0
2014-06-18 00:00:00-04:00,64.48999786376953,65.75,64.05000305175781,65.5999984741211,65.3503646850586,35570000,0.0,0.0
2014-06-19 00:00:00-04:00,65.45999908447266,65.58000183105469,64.20999908447266,64.33999633789062,64.09515380859375,34245000,0.0,0.0
2014-06-20 00:00:00-04:00,64.45999908447266,64.80999755859375,63.349998474121094,64.5,64.25454711914062,46466000,0.0,0.0
2014-06-23 00:00:00-04:00,64.31999969482422,65.66000366210938,64.22000122070312,65.37000274658203,65.12124633789062,34560000,0.0,0.0
2014-06-24 00:00:00-04:00,65.36000061035156,67.16999816894531,65.2699966430664,65.72000122070312,65.46990966796875,57335000,0.0,0.0
2014-06-25 00:00:00-04:00,65.58000183105469,67.4800033569336,65.56999969482422,67.44000244140625,67.18336486816406,44308000,0.0,0.0
2014-06-26 00:00:00-04:00,68.0,68.0,66.9000015258789,67.12999725341797,66.87454223632812,47714000,0.0,0.0
2014-06-27 00:00:00-04:00,67.30999755859375,67.69999694824219,66.83999633789062,67.5999984741211,67.3427505493164,46461000,0.0,0.0
2014-06-30 00:00:00-04:00,67.45999908447266,67.91999816894531,67.12999725341797,67.29000091552734,67.033935546875,27102800,0.0,0.0
2014-07-01 00:00:00-04:00,67.58000183105469,68.44000244140625,67.38999938964844,68.05999755859375,67.8010025024414,33243000,0.0,0.0
2014-07-02 00:00:00-04:00,68.04000091552734,68.30000305175781,65.79000091552734,66.44999694824219,66.19712829589844,41895000,0.0,0.0
2014-07-03 00:00:00-04:00,66.86000061035156,67.0,65.76000213623047,66.29000091552734,66.0377426147461,25203200,0.0,0.0
2014-07-07 00:00:00-04:00,66.30000305175781,66.56999969482422,65.12000274658203,65.29000091552734,65.04154968261719,28745000,0.0,0.0
2014-07-08 00:00:00-04:00,65.05999755859375,65.55999755859375,62.209999084472656,62.7599983215332,62.52117156982422,68926000,0.0,0.0
2014-07-09 00:00:00-04:00,63.40999984741211,65.12000274658203,63.150001525878906,64.97000122070312,64.7227554321289,51432000,0.0,0.0
2014-07-10 00:00:00-04:00,63.310001373291016,65.33999633789062,63.04999923706055,64.87000274658203,64.6231460571289,44422000,0.0,0.0
2014-07-11 00:00:00-04:00,65.27999877929688,66.58999633789062,64.79000091552734,66.33999633789062,66.0875473022461,39212000,0.0,0.0
2014-07-14 00:00:00-04:00,67.12999725341797,68.16999816894531,66.9000015258789,67.9000015258789,67.64161682128906,38537000,0.0,0.0
2014-07-15 00:00:00-04:00,67.95999908447266,68.08999633789062,66.26000213623047,67.16999816894531,66.91438293457031,44213200,0.0,0.0
2014-07-16 00:00:00-04:00,67.54000091552734,67.94000244140625,67.06999969482422,67.66000366210938,67.40253448486328,29541600,0.0,0.0
2014-07-17 00:00:00-04:00,67.02999877929688,67.8499984741211,66.04000091552734,66.41000366210938,66.15727996826172,38188000,0.0,0.0
2014-07-18 00:00:00-04:00,66.80000305175781,68.45999908447266,66.16000366210938,68.41999816894531,68.15962982177734,42456000,0.0,0.0
2014-07-21 00:00:00-04:00,68.80999755859375,69.95999908447266,68.5,69.4000015258789,69.13590240478516,49539000,0.0,0.0
2014-07-22 00:00:00-04:00,69.76000213623047,69.7699966430664,68.61000061035156,69.2699966430664,69.00638580322266,40398000,0.0,0.0
2014-07-23 00:00:00-04:00,69.73999786376953,71.33000183105469,69.61000061035156,71.29000091552734,71.01871490478516,78435000,0.0,0.0
2014-07-24 00:00:00-04:00,75.95999908447266,76.73999786376953,74.51000213623047,74.9800033569336,74.6946792602539,124168000,0.0,0.0
2014-07-25 00:00:00-04:00,74.98999786376953,75.66999816894531,74.66000366210938,75.19000244140625,74.90387725830078,45917000,0.0,0.0
2014-07-28 00:00:00-04:00,75.16999816894531,75.5,73.8499984741211,74.91999816894531,74.63489532470703,41725000,0.0,0.0
2014-07-29 00:00:00-04:00,74.72000122070312,74.91999816894531,73.41999816894531,73.70999908447266,73.42950439453125,41324000,0.0,0.0
2014-07-30 00:00:00-04:00,74.20999908447266,75.19000244140625,74.12999725341797,74.68000030517578,74.39581298828125,36853000,0.0,0.0
2014-07-31 00:00:00-04:00,74.0,74.16999816894531,72.44000244140625,72.6500015258789,72.37353515625,43992000,0.0,0.0
2014-08-01 00:00:00-04:00,72.22000122070312,73.22000122070312,71.55000305175781,72.36000061035156,72.08464813232422,43535000,0.0,0.0
2014-08-04 00:00:00-04:00,72.36000061035156,73.87999725341797,72.36000061035156,73.51000213623047,73.23027038574219,30777000,0.0,0.0
2014-08-05 00:00:00-04:00,73.19999694824219,73.58999633789062,72.18000030517578,72.69000244140625,72.41339111328125,34986000,0.0,0.0
2014-08-06 00:00:00-04:00,72.0199966430664,73.72000122070312,71.79000091552734,72.47000122070312,72.1942138671875,30986000,0.0,0.0
2014-08-07 00:00:00-04:00,73.0,74.0,72.69999694824219,73.16999816894531,72.89154815673828,38141000,0.0,0.0
2014-08-08 00:00:00-04:00,73.4000015258789,73.43000030517578,72.55999755859375,73.05999755859375,72.78197479248047,27202000,0.0,0.0
2014-08-11 00:00:00-04:00,73.45999908447266,73.91000366210938,73.05999755859375,73.44000244140625,73.16053771972656,24591000,0.0,0.0
2014-08-12 00:00:00-04:00,73.08999633789062,73.33000183105469,72.22000122070312,72.83000183105469,72.5528564453125,27419000,0.0,0.0
2014-08-13 00:00:00-04:00,73.12000274658203,74.25,73.05000305175781,73.7699966430664,73.48926544189453,29266000,0.0,0.0
2014-08-14 00:00:00-04:00,73.97000122070312,74.37999725341797,73.69000244140625,74.30000305175781,74.01725006103516,22207000,0.0,0.0
2014-08-15 00:00:00-04:00,74.31999969482422,74.6500015258789,73.0,73.62999725341797,73.34980773925781,38846600,0.0,0.0
2014-08-18 00:00:00-04:00,74.0,74.72000122070312,73.95999908447266,74.58999633789062,74.30615234375,23974000,0.0,0.0
2014-08-19 00:00:00-04:00,74.80999755859375,75.58000183105469,74.51000213623047,75.29000091552734,75.00349426269531,26679000,0.0,0.0
2014-08-20 00:00:00-04:00,74.97000122070312,75.18000030517578,74.62000274658203,74.80999755859375,74.52532196044922,22917000,0.0,0.0
2014-08-21 00:00:00-04:00,74.91999816894531,75.19000244140625,74.41000366210938,74.56999969482422,74.2862319946289,20102000,0.0,0.0
2014-08-22 00:00:00-04:00,74.33999633789062,74.7300033569336,73.56999969482422,74.56999969482422,74.2862319946289,20897000,0.0,0.0
2014-08-25 00:00:00-04:00,74.94000244140625,75.27999877929688,74.79000091552734,75.0199966430664,74.7345199584961,19734000,0.0,0.0
2014-08-26 00:00:00-04:00,75.0,75.98999786376953,74.7300033569336,75.95999908447266,75.67094421386719,23993000,0.0,0.0
2014-08-27 00:00:00-04:00,75.2699966430664,75.48999786376953,74.45999908447266,74.62999725341797,74.34600830078125,36323000,0.0,0.0
2014-08-28 00:00:00-04:00,74.0,74.43000030517578,73.7300033569336,73.86000061035156,73.57893371582031,21947000,0.0,0.0
2014-08-29 00:00:00-04:00,74.30000305175781,74.81999969482422,74.01000213623047,74.81999969482422,74.53528594970703,26241000,0.0,0.0
2014-09-02 00:00:00-04:00,75.01000213623047,76.69999694824219,74.81999969482422,76.68000030517578,76.3882064819336,34979000,0.0,0.0
2014-09-03 00:00:00-04:00,77.13999938964844,77.4800033569336,75.5999984741211,75.83000183105469,75.54144287109375,32389000,0.0,0.0
2014-09-04 00:00:00-04:00,75.88999938964844,76.93000030517578,75.52999877929688,75.94999694824219,75.66098022460938,26676000,0.0,0.0
2014-09-05 00:00:00-04:00,76.0999984741211,77.37999725341797,75.5999984741211,77.26000213623047,76.96600341796875,29476000,0.0,0.0
2014-09-08 00:00:00-04:00,77.26000213623047,78.16999816894531,77.01000213623047,77.88999938964844,77.59359741210938,28183000,0.0,0.0
2014-09-09 00:00:00-04:00,77.58999633789062,78.16999816894531,76.19999694824219,76.66999816894531,76.37823486328125,28882000,0.0,0.0
2014-09-10 00:00:00-04:00,76.5199966430664,77.94999694824219,76.51000213623047,77.43000030517578,77.13534545898438,29909000,0.0,0.0
2014-09-11 00:00:00-04:00,77.12999725341797,78.36000061035156,77.05000305175781,77.91999816894531,77.62348175048828,32219000,0.0,0.0
2014-09-12 00:00:00-04:00,78.0199966430664,78.30000305175781,77.0999984741211,77.4800033569336,77.18516540527344,26676800,0.0,0.0
2014-09-15 00:00:00-04:00,77.1500015258789,77.25,73.43000030517578,74.58000183105469,74.29618835449219,49679000,0.0,0.0
2014-09-16 00:00:00-04:00,73.5199966430664,76.2300033569336,73.06999969482422,76.08000183105469,75.79048156738281,37742000,0.0,0.0
2014-09-17 00:00:00-04:00,75.95999908447266,77.25,75.56999969482422,76.43000030517578,76.13916015625,28693000,0.0,0.0
2014-09-18 00:00:00-04:00,76.7699966430664,77.33000183105469,76.5199966430664,77.0,76.70698547363281,23031000,0.0,0.0
2014-09-19 00:00:00-04:00,77.4000015258789,78.30000305175781,76.44000244140625,77.91000366210938,77.61351776123047,76671000,0.0,0.0
2014-09-22 00:00:00-04:00,77.0,77.52999877929688,75.94999694824219,76.80000305175781,76.50774383544922,31961000,0.0,0.0
2014-09-23 00:00:00-04:00,76.33000183105469,78.62999725341797,76.04000091552734,78.29000091552734,77.99208068847656,36814000,0.0,0.0
2014-09-24 00:00:00-04:00,78.0999984741211,78.62000274658203,77.51000213623047,78.54000091552734,78.24112701416016,30680000,0.0,0.0
2014-09-25 00:00:00-04:00,78.5999984741211,78.94000244140625,77.12999725341797,77.22000122070312,76.9261474609375,37533000,0.0,0.0
2014-09-26 00:00:00-04:00,77.58999633789062,78.83999633789062,77.33000183105469,78.79000091552734,78.49018096923828,28872000,0.0,0.0
2014-09-29 00:00:00-04:00,78.12000274658203,79.19999694824219,77.91000366210938,79.0,78.6993637084961,34031000,0.0,0.0
2014-09-30 00:00:00-04:00,79.3499984741211,79.70999908447266,78.5999984741211,79.04000091552734,78.73921966552734,35899000,0.0,0.0
2014-10-01 00:00:00-04:00,78.77999877929688,78.81999969482422,75.9000015258789,76.55000305175781,76.25869750976562,55090000,0.0,0.0
2014-10-02 00:00:00-04:00,76.56999969482422,77.4800033569336,75.63999938964844,77.08000183105469,76.78668975830078,36488000,0.0,0.0
2014-10-03 00:00:00-04:00,77.76000213623047,78.05999755859375,77.26000213623047,77.44000244140625,77.14531707763672,23340000,0.0,0.0
2014-10-06 00:00:00-04:00,77.19000244140625,77.88999938964844,76.8499984741211,77.55999755859375,77.26485443115234,25729000,0.0,0.0
2014-10-07 00:00:00-04:00,77.05000305175781,77.94999694824219,76.23999786376953,76.29000091552734,75.99968719482422,25317000,0.0,0.0
2014-10-08 00:00:00-04:00,76.18000030517578,77.70999908447266,75.0999984741211,77.5199966430664,77.2249984741211,32976000,0.0,0.0
2014-10-09 00:00:00-04:00,77.27999877929688,77.76000213623047,75.8499984741211,75.91000366210938,75.62113952636719,32487000,0.0,0.0
2014-10-10 00:00:00-04:00,75.58999633789062,76.5,72.76000213623047,72.91000366210938,72.63255310058594,52146000,0.0,0.0
2014-10-13 00:00:00-04:00,73.2300033569336,74.77999877929688,72.5199966430664,72.98999786376953,72.71224212646484,43938000,0.0,0.0
2014-10-14 00:00:00-04:00,74.0,74.18000030517578,72.05000305175781,73.58999633789062,73.3099594116211,50299000,0.0,0.0
2014-10-15 00:00:00-04:00,71.69000244140625,73.80000305175781,70.31999969482422,73.20999908447266,72.93140411376953,61528000,0.0,0.0
2014-10-16 00:00:00-04:00,70.79000091552734,73.3499984741211,70.58000183105469,72.62999725341797,72.3536148071289,53529000,0.0,0.0
2014-10-17 00:00:00-04:00,74.2300033569336,76.0,73.75,75.94999694824219,75.66098022460938,76342000,0.0,0.0
2014-10-20 00:00:00-04:00,75.5999984741211,77.08999633789062,75.37999725341797,76.94999694824219,76.65717315673828,34701000,0.0,0.0
2014-10-21 00:00:00-04:00,77.55999755859375,78.73999786376953,77.1500015258789,78.69000244140625,78.39055633544922,32252000,0.0,0.0
2014-10-22 00:00:00-04:00,78.81999969482422,79.8499984741211,78.01000213623047,78.37000274658203,78.07176971435547,41862000,0.0,0.0
2014-10-23 00:00:00-04:00,79.37999725341797,80.62999725341797,79.01000213623047,80.04000091552734,79.73542022705078,35056000,0.0,0.0
2014-10-24 00:00:00-04:00,80.19999694824219,80.81999969482422,79.31999969482422,80.66999816894531,80.3630142211914,32248000,0.0,0.0
2014-10-27 00:00:00-04:00,80.73999786376953,80.80000305175781,79.76000213623047,80.27999877929688,79.97450256347656,30169000,0.0,0.0
2014-10-28 00:00:00-04:00,80.18000030517578,81.16000366210938,79.56999969482422,80.7699966430664,80.46263122558594,74212000,0.0,0.0
2014-10-29 00:00:00-04:00,75.44999694824219,76.87999725341797,74.77999877929688,75.86000061035156,75.57132720947266,106120000,0.0,0.0
2014-10-30 00:00:00-04:00,75.05000305175781,75.3499984741211,72.9000015258789,74.11000061035156,73.8279800415039,83270000,0.0,0.0
2014-10-31 00:00:00-04:00,74.93000030517578,75.69999694824219,74.44999694824219,74.98999786376953,74.70463562011719,44544000,0.0,0.0
2014-11-03 00:00:00-05:00,75.47000122070312,75.5199966430664,73.69999694824219,73.87999725341797,73.59886169433594,40727000,0.0,0.0
2014-11-04 00:00:00-05:00,74.2300033569336,75.7699966430664,73.6500015258789,75.76000213623047,75.47171020507812,39326000,0.0,0.0
2014-11-05 00:00:00-05:00,76.51000213623047,76.80000305175781,74.41999816894531,74.83000183105469,74.54524993896484,35913000,0.0,0.0
2014-11-06 00:00:00-05:00,74.88999938964844,75.5999984741211,74.30999755859375,75.26000213623047,74.9736099243164,21383000,0.0,0.0
2014-11-07 00:00:00-05:00,75.38999938964844,75.86000061035156,75.0199966430664,75.5999984741211,75.31230926513672,20774000,0.0,0.0
2014-11-10 00:00:00-05:00,75.36000061035156,75.4800033569336,74.61000061035156,75.0,74.71459197998047,21575100,0.0,0.0
2014-11-11 00:00:00-05:00,74.94999694824219,74.9800033569336,74.02999877929688,74.61000061035156,74.32608032226562,18715700,0.0,0.0
2014-11-12 00:00:00-05:00,74.27999877929688,75.13999938964844,73.54000091552734,74.72000122070312,74.43566131591797,26536600,0.0,0.0
2014-11-13 00:00:00-05:00,74.73999786376953,75.23999786376953,73.63999938964844,74.25,73.96745300292969,26448500,0.0,0.0
2014-11-14 00:00:00-05:00,74.2699966430664,74.93000030517578,74.04000091552734,74.87999725341797,74.59504699707031,19476900,0.0,0.0
2014-11-17 00:00:00-05:00,74.87999725341797,75.66000366210938,73.87999725341797,74.23999786376953,73.95748901367188,28701200,0.0,0.0
2014-11-18 00:00:00-05:00,74.44999694824219,74.80000305175781,73.9000015258789,74.33999633789062,74.05709838867188,20690500,0.0,0.0
2014-11-19 00:00:00-05:00,74.01000213623047,74.54000091552734,73.11000061035156,73.33000183105469,73.05095672607422,25441200,0.0,0.0
2014-11-20 00:00:00-05:00,72.80000305175781,73.98999786376953,72.51000213623047,73.5999984741211,73.31991577148438,19154900,0.0,0.0
2014-11-21 00:00:00-05:00,74.5,74.5,73.5,73.75,73.46935272216797,23060400,0.0,0.0
2014-11-24 00:00:00-05:00,73.54000091552734,74.3499984741211,73.3499984741211,74.01000213623047,73.72836303710938,22103800,0.0,0.0
2014-11-25 00:00:00-05:00,74.20999908447266,75.73999786376953,74.12999725341797,75.62999725341797,75.34220123291016,32250200,0.0,0.0
2014-11-26 00:00:00-05:00,75.52999877929688,77.77999877929688,75.51000213623047,77.62000274658203,77.32463073730469,32695300,0.0,0.0
2014-11-28 00:00:00-05:00,77.66999816894531,78.2699966430664,77.2300033569336,77.69999694824219,77.40430450439453,15992000,0.0,0.0
2014-12-01 00:00:00-05:00,77.26000213623047,77.30999755859375,74.80000305175781,75.0999984741211,74.814208984375,31789900,0.0,0.0
2014-12-02 00:00:00-05:00,75.33000183105469,75.91000366210938,75.04000091552734,75.45999908447266,75.17284393310547,16773900,0.0,0.0
2014-12-03 00:00:00-05:00,75.37999725341797,75.7300033569336,74.4000015258789,74.87999725341797,74.59504699707031,16689900,0.0,0.0
2014-12-04 00:00:00-05:00,74.83000183105469,75.55000305175781,74.66000366210938,75.23999786376953,74.95367431640625,14362800,0.0,0.0
2014-12-05 00:00:00-05:00,75.80000305175781,76.76000213623047,75.36000061035156,76.36000061035156,76.06941986083984,24306400,0.0,0.0
2014-12-08 00:00:00-05:00,76.18000030517578,77.25,75.4000015258789,76.5199966430664,76.22881317138672,25733900,0.0,0.0
2014-12-09 00:00:00-05:00,75.19999694824219,76.93000030517578,74.77999877929688,76.83999633789062,76.54759216308594,25358600,0.0,0.0
2014-12-10 00:00:00-05:00,76.6500015258789,77.55000305175781,76.06999969482422,76.18000030517578,75.89009857177734,32210500,0.0,0.0
2014-12-11 00:00:00-05:00,76.5199966430664,78.5199966430664,76.4800033569336,77.7300033569336,77.4342041015625,33462100,0.0,0.0
2014-12-12 00:00:00-05:00,77.16000366210938,78.87999725341797,77.0199966430664,77.83000183105469,77.53382110595703,28091600,0.0,0.0
2014-12-15 00:00:00-05:00,78.45999908447266,78.58000183105469,76.55999755859375,76.98999786376953,76.697021484375,29396500,0.0,0.0
2014-12-16 00:00:00-05:00,76.19000244140625,77.38999938964844,74.58999633789062,74.69000244140625,74.40577697753906,31554600,0.0,0.0
2014-12-17 00:00:00-05:00,75.01000213623047,76.41000366210938,74.9000015258789,76.11000061035156,75.82037353515625,29203900,0.0,0.0
2014-12-18 00:00:00-05:00,76.88999938964844,78.4000015258789,76.51000213623047,78.4000015258789,78.10165405273438,34222100,0.0,0.0
2014-12-19 00:00:00-05:00,78.75,80.0,78.33000183105469,79.87999725341797,79.5760269165039,43335000,0.0,0.0
2014-12-22 00:00:00-05:00,80.08000183105469,81.88999938964844,80.0,81.44999694824219,81.14004516601562,31395800,0.0,0.0
2014-12-23 00:00:00-05:00,82.0199966430664,82.16999816894531,80.4000015258789,80.61000061035156,80.30325317382812,19865800,0.0,0.0
2014-12-24 00:00:00-05:00,81.02999877929688,81.43000030517578,80.75,80.7699966430664,80.46263122558594,7685500,0.0,0.0
2014-12-26 00:00:00-05:00,81.0199966430664,81.27999877929688,80.51000213623047,80.77999877929688,80.47260284423828,10647400,0.0,0.0
2014-12-29 00:00:00-05:00,80.48999786376953,80.95999908447266,79.70999908447266,80.0199966430664,79.71548461914062,14134700,0.0,0.0
2014-12-30 00:00:00-05:00,79.8499984741211,80.58999633789062,79.0999984741211,79.22000122070312,78.91854095458984,14370800,0.0,0.0
2014-12-31 00:00:00-05:00,79.54000091552734,79.80000305175781,77.86000061035156,78.0199966430664,77.72310638427734,19935400,0.0,0.0
2015-01-02 00:00:00-05:00,78.58000183105469,78.93000030517578,77.69999694824219,78.44999694824219,78.15145874023438,18177500,0.0,0.0
2015-01-05 00:00:00-05:00,77.9800033569336,79.25,76.86000061035156,77.19000244140625,76.8962631225586,26452200,0.0,0.0
2015-01-06 00:00:00-05:00,77.2300033569336,77.58999633789062,75.36000061035156,76.1500015258789,75.8602294921875,27399300,0.0,0.0
2015-01-07 00:00:00-05:00,76.76000213623047,77.36000061035156,75.81999969482422,76.1500015258789,75.8602294921875,22045300,0.0,0.0
2015-01-08 00:00:00-05:00,76.73999786376953,78.2300033569336,76.08000183105469,78.18000030517578,77.88249969482422,23961000,0.0,0.0
2015-01-09 00:00:00-05:00,78.19999694824219,78.62000274658203,77.19999694824219,77.73999786376953,77.44416046142578,21157000,0.0,0.0
2015-01-12 00:00:00-05:00,77.83999633789062,78.0,76.20999908447266,76.72000122070312,76.42805480957031,19190200,0.0,0.0
2015-01-13 00:00:00-05:00,77.2300033569336,78.08000183105469,75.8499984741211,76.44999694824219,76.15907287597656,25179600,0.0,0.0
2015-01-14 00:00:00-05:00,76.41999816894531,77.19999694824219,76.02999877929688,76.27999877929688,75.98973083496094,25918600,0.0,0.0
2015-01-15 00:00:00-05:00,76.4000015258789,76.56999969482422,73.54000091552734,74.05000305175781,73.76821899414062,34134000,0.0,0.0
2015-01-16 00:00:00-05:00,74.04000091552734,75.31999969482422,73.83999633789062,75.18000030517578,74.89391326904297,21791500,0.0,0.0
2015-01-20 00:00:00-05:00,75.72000122070312,76.30999755859375,74.81999969482422,76.23999786376953,75.94986724853516,22821600,0.0,0.0
2015-01-21 00:00:00-05:00,76.16000366210938,77.30000305175781,75.8499984741211,76.73999786376953,76.44796752929688,25096700,0.0,0.0
2015-01-22 00:00:00-05:00,77.16999816894531,77.75,76.68000030517578,77.6500015258789,77.3545150756836,19519500,0.0,0.0
2015-01-23 00:00:00-05:00,77.6500015258789,78.19000244140625,77.04000091552734,77.83000183105469,77.53382110595703,16746500,0.0,0.0
2015-01-26 00:00:00-05:00,77.9800033569336,78.47000122070312,77.29000091552734,77.5,77.20507049560547,19260800,0.0,0.0
2015-01-27 00:00:00-05:00,76.70999908447266,76.87999725341797,75.62999725341797,75.77999877929688,75.49163055419922,20110000,0.0,0.0
2015-01-28 00:00:00-05:00,76.9000015258789,77.63999938964844,76.0,76.23999786376953,75.94986724853516,53306400,0.0,0.0
2015-01-29 00:00:00-05:00,76.8499984741211,78.0199966430664,74.20999908447266,78.0,77.70317840576172,61293500,0.0,0.0
2015-01-30 00:00:00-05:00,78.0,78.16000366210938,75.75,75.91000366210938,75.62113952636719,42649500,0.0,0.0
2015-02-02 00:00:00-05:00,76.11000061035156,76.13999938964844,73.75,74.98999786376953,74.70463562011719,41955300,0.0,0.0
2015-02-03 00:00:00-05:00,75.19000244140625,75.58000183105469,73.86000061035156,75.4000015258789,75.11307525634766,26957700,0.0,0.0
2015-02-04 00:00:00-05:00,75.08999633789062,76.3499984741211,75.01000213623047,75.62999725341797,75.34220123291016,20277400,0.0,0.0
2015-02-05 00:00:00-05:00,75.70999908447266,75.9800033569336,75.20999908447266,75.61000061035156,75.32227325439453,15062600,0.0,0.0
2015-02-06 00:00:00-05:00,75.68000030517578,75.69999694824219,74.25,74.47000122070312,74.18661499023438,21211000,0.0,0.0
2015-02-09 00:00:00-05:00,74.05000305175781,74.83000183105469,73.44999694824219,74.44000244140625,74.15673065185547,16194300,0.0,0.0
2015-02-10 00:00:00-05:00,74.8499984741211,75.33999633789062,74.5,75.19000244140625,74.90387725830078,15811300,0.0,0.0
2015-02-11 00:00:00-05:00,75.08999633789062,76.75,75.02999877929688,76.51000213623047,76.21885681152344,20877400,0.0,0.0
2015-02-12 00:00:00-05:00,76.86000061035156,76.87000274658203,75.88999938964844,76.2300033569336,75.9399185180664,17235000,0.0,0.0
2015-02-13 00:00:00-05:00,76.45999908447266,76.4800033569336,75.5,75.73999786376953,75.45177459716797,18621900,0.0,0.0
2015-02-17 00:00:00-05:00,75.30000305175781,76.91000366210938,75.08000183105469,75.5999984741211,75.31230926513672,25254400,0.0,0.0
2015-02-18 00:00:00-05:00,75.94000244140625,76.9000015258789,75.44999694824219,76.70999908447266,76.4180908203125,22426400,0.0,0.0
2015-02-19 00:00:00-05:00,76.98999786376953,79.83999633789062,76.94999694824219,79.41999816894531,79.1177749633789,45851200,0.0,0.0
2015-02-20 00:00:00-05:00,79.55000305175781,80.33999633789062,79.19999694824219,79.9000015258789,79.595947265625,36931700,0.0,0.0
2015-02-23 00:00:00-05:00,79.95999908447266,80.19000244140625,78.37999725341797,78.83999633789062,78.53997039794922,24139100,0.0,0.0
2015-02-24 00:00:00-05:00,78.5,79.4800033569336,78.0999984741211,78.44999694824219,78.15145874023438,18897100,0.0,0.0
2015-02-25 00:00:00-05:00,78.5,80.19999694824219,78.5,79.55999755859375,79.25724029541016,25593800,0.0,0.0
2015-02-26 00:00:00-05:00,79.87999725341797,81.37000274658203,79.72000122070312,80.41000366210938,80.10401153564453,31111900,0.0,0.0
2015-02-27 00:00:00-05:00,80.68000030517578,81.2300033569336,78.62000274658203,78.97000122070312,78.66948699951172,30739200,0.0,0.0
2015-03-02 00:00:00-05:00,79.0,79.86000061035156,78.5199966430664,79.75,79.44651794433594,21662500,0.0,0.0
2015-03-03 00:00:00-05:00,79.61000061035156,79.69999694824219,78.5199966430664,79.5999984741211,79.29708862304688,18635000,0.0,0.0
2015-03-04 00:00:00-05:00,79.30000305175781,81.1500015258789,78.8499984741211,80.9000015258789,80.5921401977539,28126700,0.0,0.0
2015-03-05 00:00:00-05:00,81.2300033569336,81.98999786376953,81.05000305175781,81.20999908447266,80.90096282958984,27825700,0.0,0.0
2015-03-06 00:00:00-05:00,80.9000015258789,81.33000183105469,79.83000183105469,80.01000213623047,79.70552825927734,24488600,0.0,0.0
2015-03-09 00:00:00-04:00,79.68000030517578,79.91000366210938,78.62999725341797,79.44000244140625,79.13770294189453,18925100,0.0,0.0
2015-03-10 00:00:00-04:00,78.5,79.26000213623047,77.55000305175781,77.55000305175781,77.25489044189453,23067100,0.0,0.0
2015-03-11 00:00:00-04:00,77.80000305175781,78.43000030517578,77.26000213623047,77.56999969482422,77.27481842041016,20215700,0.0,0.0
2015-03-12 00:00:00-04:00,78.0999984741211,79.05000305175781,77.91000366210938,78.93000030517578,78.629638671875,16093300,0.0,0.0
2015-03-13 00:00:00-04:00,78.5999984741211,79.37999725341797,77.68000030517578,78.05000305175781,77.75299072265625,18557300,0.0,0.0
2015-03-16 00:00:00-04:00,77.95999908447266,78.12000274658203,77.36000061035156,78.06999969482422,77.77290344238281,19305400,0.0,0.0
2015-03-17 00:00:00-04:00,78.36000061035156,79.77999877929688,78.33999633789062,79.36000061035156,79.05801391601562,22170000,0.0,0.0
2015-03-18 00:00:00-04:00,79.25,81.23999786376953,79.16999816894531,80.91000366210938,80.60210418701172,36912400,0.0,0.0
2015-03-19 00:00:00-04:00,81.12000274658203,83.0,81.0,82.75,82.43510437011719,42099500,0.0,0.0
2015-03-20 00:00:00-04:00,83.38999938964844,84.5999984741211,83.06999969482422,83.80000305175781,83.48110961914062,44466300,0.0,0.0
2015-03-23 00:00:00-04:00,83.91999816894531,84.95999908447266,83.30000305175781,84.43000030517578,84.10870361328125,27357300,0.0,0.0
2015-03-24 00:00:00-04:00,84.70999908447266,86.06999969482422,84.5199966430664,85.30999755859375,84.98535919189453,32576500,0.0,0.0
2015-03-25 00:00:00-04:00,85.5,85.5199966430664,82.91999816894531,82.91999816894531,82.60446166992188,37436100,0.0,0.0
2015-03-26 00:00:00-04:00,82.72000122070312,83.7699966430664,82.13999938964844,83.01000213623047,82.6941146850586,32794800,0.0,0.0
2015-03-27 00:00:00-04:00,83.37999725341797,83.94999694824219,82.87999725341797,83.30000305175781,82.9830093383789,18372600,0.0,0.0
2015-03-30 00:00:00-04:00,83.80999755859375,84.33999633789062,82.41000366210938,83.19999694824219,82.88338470458984,24527700,0.0,0.0
2015-03-31 00:00:00-04:00,82.9000015258789,83.5,82.20999908447266,82.22000122070312,81.90711975097656,19734300,0.0,0.0
2015-04-01 00:00:00-04:00,82.5,82.72000122070312,80.87000274658203,81.66999816894531,81.35921478271484,22058200,0.0,0.0
2015-04-02 00:00:00-04:00,82.25,82.55999755859375,81.44000244140625,81.55999755859375,81.2496337890625,19664100,0.0,0.0
2015-04-06 00:00:00-04:00,80.80000305175781,82.80999755859375,80.80000305175781,82.44000244140625,82.12628936767578,19062900,0.0,0.0
2015-04-07 00:00:00-04:00,82.6500015258789,83.41999816894531,82.22000122070312,82.31999969482422,82.00674438476562,17467000,0.0,0.0
2015-04-08 00:00:00-04:00,82.62999725341797,83.0999984741211,81.83999633789062,82.27999877929688,81.9668960571289,18966700,0.0,0.0
2015-04-09 00:00:00-04:00,82.5,82.80000305175781,81.70999908447266,82.16999816894531,81.85730743408203,15927300,0.0,0.0
2015-04-10 00:00:00-04:00,82.20999908447266,82.61000061035156,81.91000366210938,82.04000091552734,81.72779846191406,12529700,0.0,0.0
2015-04-13 00:00:00-04:00,81.93000030517578,83.94000244140625,81.91999816894531,83.01000213623047,82.6941146850586,26883100,0.0,0.0
2015-04-14 00:00:00-04:00,83.16999816894531,83.69000244140625,82.44000244140625,83.5199966430664,83.2021713256836,19634200,0.0,0.0
2015-04-15 00:00:00-04:00,83.55000305175781,83.66000366210938,82.2699966430664,82.70999908447266,82.39525604248047,22390900,0.0,0.0
2015-04-16 00:00:00-04:00,82.47000122070312,83.06999969482422,82.1500015258789,82.30999755859375,81.99678039550781,13769700,0.0,0.0
2015-04-17 00:00:00-04:00,81.4800033569336,82.11000061035156,80.37000274658203,80.77999877929688,80.47260284423828,24215000,0.0,0.0
2015-04-20 00:00:00-04:00,81.54000091552734,83.1500015258789,81.23999786376953,83.08999633789062,82.77381134033203,28796800,0.0,0.0
2015-04-21 00:00:00-04:00,84.0,84.48999786376953,83.54000091552734,83.62000274658203,83.30179595947266,27171900,0.0,0.0
2015-04-22 00:00:00-04:00,84.31999969482422,84.73999786376953,83.6500015258789,84.62999725341797,84.30794525146484,45548000,0.0,0.0
2015-04-23 00:00:00-04:00,84.0999984741211,85.58999633789062,82.41000366210938,82.41000366210938,82.09639739990234,73728100,0.0,0.0
2015-04-24 00:00:00-04:00,82.7699966430664,82.94000244140625,81.4800033569336,81.52999877929688,81.21974182128906,29660400,0.0,0.0
2015-04-27 00:00:00-04:00,81.87000274658203,82.93000030517578,81.62999725341797,81.91000366210938,81.59830474853516,25446000,0.0,0.0
2015-04-28 00:00:00-04:00,81.83000183105469,81.9000015258789,80.2300033569336,80.68000030517578,80.37297821044922,23775300,0.0,0.0
2015-04-29 00:00:00-04:00,80.01000213623047,81.38999938964844,79.5199966430664,80.47000122070312,80.16378021240234,26430300,0.0,0.0
2015-04-30 00:00:00-04:00,80.01000213623047,80.95999908447266,78.31999969482422,78.7699966430664,78.47024536132812,28999000,0.0,0.0
2015-05-01 00:00:00-04:00,79.23999786376953,79.76000213623047,78.11000061035156,78.98999786376953,78.68940734863281,24136400,0.0,0.0
2015-05-04 00:00:00-04:00,79.33000183105469,79.69000244140625,78.62999725341797,78.80999755859375,78.51008605957031,14692000,0.0,0.0
2015-05-05 00:00:00-04:00,78.55000305175781,78.80000305175781,77.22000122070312,77.55999755859375,77.26485443115234,22311300,0.0,0.0
2015-05-06 00:00:00-04:00,77.97000122070312,78.80999755859375,77.05000305175781,78.0999984741211,77.80279541015625,28663000,0.0,0.0
2015-05-07 00:00:00-04:00,78.0,78.94000244140625,77.55999755859375,78.43000030517578,78.13153076171875,19749400,0.0,0.0
2015-05-08 00:00:00-04:00,79.0999984741211,79.2300033569336,78.02999877929688,78.51000213623047,78.21123504638672,19943600,0.0,0.0
2015-05-11 00:00:00-04:00,78.4800033569336,79.02999877929688,77.93000030517578,78.01000213623047,77.71314239501953,18874100,0.0,0.0
2015-05-12 00:00:00-04:00,77.87000274658203,77.88999938964844,76.79000091552734,77.45999908447266,77.16523742675781,21285300,0.0,0.0
2015-05-13 00:00:00-04:00,77.72000122070312,78.52999877929688,77.6500015258789,78.44000244140625,78.1415023803711,21512300,0.0,0.0
2015-05-14 00:00:00-04:00,78.94000244140625,81.8499984741211,78.66999816894531,81.37000274658203,81.06035614013672,49438000,0.0,0.0
2015-05-15 00:00:00-04:00,81.41000366210938,81.5199966430664,80.18000030517578,80.41999816894531,80.11396789550781,27069900,0.0,0.0
2015-05-18 00:00:00-04:00,80.33000183105469,81.37999725341797,80.2300033569336,80.87999725341797,80.57221221923828,21613700,0.0,0.0
2015-05-19 00:00:00-04:00,81.25,81.69000244140625,80.55000305175781,80.62999725341797,80.32316589355469,17955400,0.0,0.0
2015-05-20 00:00:00-04:00,80.47000122070312,81.0999984741211,79.45999908447266,80.55000305175781,80.24347686767578,23056900,0.0,0.0
2015-05-21 00:00:00-04:00,80.19000244140625,80.91999816894531,80.08000183105469,80.4800033569336,80.17375183105469,13402700,0.0,0.0
2015-05-22 00:00:00-04:00,80.3499984741211,81.30999755859375,80.25,80.54000091552734,80.23350524902344,19567900,0.0,0.0
2015-05-26 00:00:00-04:00,80.43000030517578,80.5999984741211,79.08000183105469,79.33000183105469,79.02811431884766,16321300,0.0,0.0
2015-05-27 00:00:00-04:00,79.5999984741211,80.66000366210938,79.43000030517578,80.55000305175781,80.24347686767578,14160900,0.0,0.0
2015-05-28 00:00:00-04:00,80.25,81.06999969482422,80.0,80.1500015258789,79.8449935913086,11982000,0.0,0.0
2015-05-29 00:00:00-04:00,79.94999694824219,80.06999969482422,78.87999725341797,79.19000244140625,78.88865661621094,16134600,0.0,0.0
2015-06-01 00:00:00-04:00,79.30000305175781,80.37999725341797,78.66000366210938,80.29000091552734,79.9844741821289,18119000,0.0,0.0
2015-06-02 00:00:00-04:00,79.76000213623047,81.3499984741211,79.55999755859375,80.44000244140625,80.13389587402344,18923300,0.0,0.0
2015-06-03 00:00:00-04:00,81.3499984741211,82.52999877929688,81.25,82.44000244140625,82.12628936767578,31775000,0.0,0.0
2015-06-04 00:00:00-04:00,82.13999938964844,82.94999694824219,81.51000213623047,82.05000305175781,81.7377700805664,20863900,0.0,0.0
2015-06-05 00:00:00-04:00,81.87000274658203,82.45999908447266,81.51000213623047,82.13999938964844,81.82742309570312,16143100,0.0,0.0
2015-06-08 00:00:00-04:00,81.81999969482422,82.0,80.12999725341797,80.66999816894531,80.3630142211914,16915500,0.0,0.0
2015-06-09 00:00:00-04:00,80.5999984741211,81.19000244140625,79.31999969482422,80.66999816894531,80.3630142211914,16497500,0.0,0.0
2015-06-10 00:00:00-04:00,80.83000183105469,82.5999984741211,80.80999755859375,82.16000366210938,81.84735107421875,21531200,0.0,0.0
2015-06-11 00:00:00-04:00,82.30999755859375,82.9000015258789,81.36000061035156,81.83000183105469,81.51860046386719,18656800,0.0,0.0
2015-06-12 00:00:00-04:00,81.37000274658203,82.08999633789062,81.19999694824219,81.52999877929688,81.21974182128906,11417900,0.0,0.0
2015-06-15 00:00:00-04:00,80.55000305175781,80.93000030517578,80.06999969482422,80.70999908447266,80.40286254882812,18805100,0.0,0.0
2015-06-16 00:00:00-04:00,80.81999969482422,81.51000213623047,80.44999694824219,81.05999755859375,80.75153350830078,13693700,0.0,0.0
2015-06-17 00:00:00-04:00,81.76000213623047,82.22000122070312,81.33999633789062,81.79000091552734,81.47876739501953,18350300,0.0,0.0
2015-06-18 00:00:00-04:00,81.63999938964844,83.19000244140625,81.56999969482422,82.91000366210938,82.59449768066406,26782600,0.0,0.0
2015-06-19 00:00:00-04:00,82.83000183105469,82.9800033569336,82.12000274658203,82.51000213623047,82.1960220336914,23353200,0.0,0.0
2015-06-22 00:00:00-04:00,83.41000366210938,84.97000122070312,83.30999755859375,84.73999786376953,84.41752624511719,29383100,0.0,0.0
2015-06-23 00:00:00-04:00,84.95999908447266,87.97000122070312,84.76000213623047,87.87999725341797,87.54557800292969,50667900,0.0,0.0
2015-06-24 00:00:00-04:00,87.66000366210938,89.25,87.44999694824219,88.86000061035156,88.52185821533203,41370200,0.0,0.0
2015-06-25 00:00:00-04:00,89.26000213623047,89.4000015258789,87.83999633789062,87.9800033569336,87.64521026611328,27302000,0.0,0.0
2015-06-26 00:00:00-04:00,88.12000274658203,88.33999633789062,86.83000183105469,88.01000213623047,87.67508697509766,38214600,0.0,0.0
2015-06-29 00:00:00-04:00,86.61000061035156,87.5,85.7300033569336,85.80000305175781,85.47349548339844,35957900,0.0,0.0
2015-06-30 00:00:00-04:00,86.5999984741211,86.69999694824219,85.56999969482422,85.7699966430664,85.44359588623047,23016500,0.0,0.0
2015-07-01 00:00:00-04:00,86.7699966430664,87.94999694824219,86.48999786376953,86.91000366210938,86.57926940917969,25260000,0.0,0.0
2015-07-02 00:00:00-04:00,87.4000015258789,87.44000244140625,86.33999633789062,87.29000091552734,86.95783233642578,16908800,0.0,0.0
2015-07-06 00:00:00-04:00,86.48999786376953,88.19000244140625,86.38999938964844,87.55000305175781,87.21684265136719,24635900,0.0,0.0
2015-07-07 00:00:00-04:00,87.80000305175781,87.8499984741211,85.2300033569336,87.22000122070312,86.88809967041016,33059900,0.0,0.0
2015-07-08 00:00:00-04:00,86.29000091552734,86.75,85.44999694824219,85.6500015258789,85.32406616210938,24399300,0.0,0.0
2015-07-09 00:00:00-04:00,86.7300033569336,87.5999984741211,85.6500015258789,85.87999725341797,85.55319213867188,23307400,0.0,0.0
2015-07-10 00:00:00-04:00,87.3499984741211,88.22000122070312,86.7699966430664,87.94999694824219,87.61531829833984,23245900,0.0,0.0
2015-07-13 00:00:00-04:00,88.66000366210938,90.22000122070312,88.41999816894531,90.0999984741211,89.75713348388672,29976700,0.0,0.0
2015-07-14 00:00:00-04:00,90.45999908447266,90.80000305175781,89.6500015258789,89.68000030517578,89.33873748779297,26627800,0.0,0.0
2015-07-15 00:00:00-04:00,90.0,90.98999786376953,89.41999816894531,89.76000213623047,89.41842651367188,30886600,0.0,0.0
2015-07-16 00:00:00-04:00,90.27999877929688,90.86000061035156,89.7699966430664,90.8499984741211,90.5042724609375,21804100,0.0,0.0
2015-07-17 00:00:00-04:00,92.55000305175781,95.38999938964844,92.54000091552734,94.97000122070312,94.60859680175781,54001600,0.0,0.0
2015-07-20 00:00:00-04:00,95.8499984741211,98.5999984741211,95.36000061035156,97.91000366210938,97.53742218017578,54860500,0.0,0.0
2015-07-21 00:00:00-04:00,98.94999694824219,99.23999786376953,97.13999938964844,98.38999938964844,98.01558685302734,39453300,0.0,0.0
2015-07-22 00:00:00-04:00,96.73999786376953,97.58000183105469,95.91999816894531,97.04000091552734,96.67071533203125,28299500,0.0,0.0
2015-07-23 00:00:00-04:00,96.95999908447266,97.44999694824219,94.80999755859375,95.44000244140625,95.07681274414062,29418800,0.0,0.0
2015-07-24 00:00:00-04:00,97.3499984741211,97.76000213623047,95.87999725341797,96.94999694824219,96.58106994628906,33444900,0.0,0.0
2015-07-27 00:00:00-04:00,96.58000183105469,96.61000061035156,93.83000183105469,94.16999816894531,93.8116455078125,38585400,0.0,0.0
2015-07-28 00:00:00-04:00,94.83999633789062,95.55999755859375,93.30999755859375,95.29000091552734,94.9273910522461,35236000,0.0,0.0
2015-07-29 00:00:00-04:00,96.31999969482422,97.27999877929688,94.73999786376953,96.98999786376953,96.62091827392578,64648300,0.0,0.0
2015-07-30 00:00:00-04:00,94.91000366210938,95.80999755859375,91.80000305175781,95.20999908447266,94.84768676757812,86211300,0.0,0.0
2015-07-31 00:00:00-04:00,94.94999694824219,96.33000183105469,93.94999694824219,94.01000213623047,93.65225982666016,46509000,0.0,0.0
2015-08-03 00:00:00-04:00,93.52999877929688,95.08000183105469,92.80000305175781,94.13999938964844,93.7817611694336,29343100,0.0,0.0
2015-08-04 00:00:00-04:00,93.79000091552734,94.7300033569336,93.33000183105469,94.05999755859375,93.70205688476562,20136000,0.0,0.0
2015-08-05 00:00:00-04:00,95.25,97.08999633789062,95.18000030517578,96.44000244140625,96.07301330566406,29813200,0.0,0.0
2015-08-06 00:00:00-04:00,97.18000030517578,98.73999786376953,94.41999816894531,95.12000274658203,94.75804138183594,42271300,0.0,0.0
2015-08-07 00:00:00-04:00,95.37999725341797,95.4000015258789,93.61000061035156,94.30000305175781,93.94115447998047,23199100,0.0,0.0
2015-08-10 00:00:00-04:00,95.68000030517578,95.9000015258789,93.62999725341797,94.1500015258789,93.7917251586914,21624200,0.0,0.0
2015-08-11 00:00:00-04:00,93.7300033569336,94.76000213623047,92.9000015258789,93.62000274658203,93.26374816894531,22491000,0.0,0.0
2015-08-12 00:00:00-04:00,92.69999694824219,94.44000244140625,91.19000244140625,94.19000244140625,93.83158111572266,27050500,0.0,0.0
2015-08-13 00:00:00-04:00,94.05000305175781,94.7300033569336,93.3499984741211,93.43000030517578,93.07445526123047,17451800,0.0,0.0
2015-08-14 00:00:00-04:00,93.54000091552734,94.72000122070312,93.20999908447266,94.41999816894531,94.0606918334961,15929700,0.0,0.0
2015-08-17 00:00:00-04:00,94.41999816894531,94.45999908447266,93.38999938964844,93.93000030517578,93.57255554199219,18313500,0.0,0.0
2015-08-18 00:00:00-04:00,94.08000183105469,95.8499984741211,94.04000091552734,95.16999816894531,94.8078384399414,22278800,0.0,0.0
2015-08-19 00:00:00-04:00,94.62999725341797,96.0999984741211,94.16000366210938,95.30999755859375,94.94730377197266,23251300,0.0,0.0
2015-08-20 00:00:00-04:00,93.54000091552734,94.7699966430664,90.45999908447266,90.55999755859375,90.21537780761719,44598200,0.0,0.0
2015-08-21 00:00:00-04:00,87.5199966430664,89.18000030517578,85.61000061035156,86.05999755859375,85.73250579833984,62778700,0.0,0.0
2015-08-24 00:00:00-04:00,77.02999877929688,82.08999633789062,72.0,82.08999633789062,81.7776107788086,83710700,0.0,0.0
2015-08-25 00:00:00-04:00,86.94999694824219,87.66999816894531,83.0,83.0,82.68415069580078,52021200,0.0,0.0
2015-08-26 00:00:00-04:00,85.94999694824219,87.45999908447266,83.26000213623047,87.19000244140625,86.85820770263672,45124300,0.0,0.0
2015-08-27 00:00:00-04:00,89.0999984741211,90.05999755859375,87.19000244140625,89.7300033569336,89.38854217529297,42431400,0.0,0.0
2015-08-28 00:00:00-04:00,89.87999725341797,91.4800033569336,89.79000091552734,91.01000213623047,90.6636734008789,33215900,0.0,0.0
2015-08-31 00:00:00-04:00,90.5999984741211,91.05000305175781,88.88999938964844,89.43000030517578,89.08968353271484,32850700,0.0,0.0
2015-09-01 00:00:00-04:00,86.8499984741211,89.38999938964844,86.5,87.2300033569336,86.89805603027344,36097400,0.0,0.0
2015-09-02 00:00:00-04:00,88.80999755859375,89.88999938964844,87.62999725341797,89.88999938964844,89.54793548583984,27190500,0.0,0.0
2015-09-03 00:00:00-04:00,89.76000213623047,89.81999969482422,87.7300033569336,88.1500015258789,87.81455993652344,27048200,0.0,0.0
2015-09-04 00:00:00-04:00,87.19999694824219,88.38999938964844,86.69999694824219,88.26000213623047,87.92414093017578,27328700,0.0,0.0
2015-09-08 00:00:00-04:00,89.69000244140625,90.23999786376953,88.83000183105469,89.52999877929688,89.18930053710938,27012500,0.0,0.0
2015-09-09 00:00:00-04:00,90.77999877929688,91.9800033569336,90.16999816894531,90.44000244140625,90.09584045410156,32551100,0.0,0.0
2015-09-10 00:00:00-04:00,90.06999969482422,92.05999755859375,89.62999725341797,91.9800033569336,91.6299819946289,26437400,0.0,0.0
2015-09-11 00:00:00-04:00,91.68000030517578,92.08000183105469,91.12999725341797,92.05000305175781,91.69972229003906,21185000,0.0,0.0
2015-09-14 00:00:00-04:00,92.30999755859375,92.62000274658203,91.5999984741211,92.30999755859375,91.95872497558594,20127900,0.0,0.0
2015-09-15 00:00:00-04:00,92.37000274658203,93.25,91.79000091552734,92.9000015258789,92.54647827148438,18859400,0.0,0.0
2015-09-16 00:00:00-04:00,92.9000015258789,93.5999984741211,92.62999725341797,93.44999694824219,93.09439086914062,16321200,0.0,0.0
2015-09-17 00:00:00-04:00,93.37000274658203,95.51000213623047,92.9000015258789,94.33999633789062,93.98099517822266,27841800,0.0,0.0
2015-09-18 00:00:00-04:00,93.19999694824219,95.19000244140625,93.05000305175781,94.4000015258789,94.040771484375,62300000,0.0,0.0
2015-09-21 00:00:00-04:00,94.62000274658203,96.48999786376953,94.5199966430664,95.55000305175781,95.18639373779297,28790000,0.0,0.0
2015-09-22 00:00:00-04:00,93.7699966430664,94.68000030517578,91.91999816894531,92.95999908447266,92.60624694824219,36888900,0.0,0.0
2015-09-23 00:00:00-04:00,93.4000015258789,94.31999969482422,92.80000305175781,93.97000122070312,93.6124038696289,21701400,0.0,0.0
2015-09-24 00:00:00-04:00,93.05999755859375,94.7699966430664,92.23999786376953,94.41000366210938,94.05072784423828,29106000,0.0,0.0
2015-09-25 00:00:00-04:00,95.79000091552734,95.8499984741211,92.05999755859375,92.7699966430664,92.4169692993164,28961600,0.0,0.0
2015-09-28 00:00:00-04:00,92.08000183105469,92.29000091552734,88.18000030517578,89.20999908447266,88.87052154541016,41199900,0.0,0.0
2015-09-29 00:00:00-04:00,89.0999984741211,90.05999755859375,85.72000122070312,86.66999816894531,86.3401870727539,42281800,0.0,0.0
2015-09-30 00:00:00-04:00,88.44000244140625,90.0199966430664,88.01000213623047,89.9000015258789,89.55789184570312,36169100,0.0,0.0
2015-10-01 00:00:00-04:00,90.05000305175781,90.94999694824219,88.36000061035156,90.94999694824219,90.6039047241211,29283700,0.0,0.0
2015-10-02 00:00:00-04:00,88.9000015258789,92.19999694824219,88.37000274658203,92.06999969482422,91.71963500976562,37881700,0.0,0.0
2015-10-05 00:00:00-04:00,92.94000244140625,94.2699966430664,92.66000366210938,94.01000213623047,93.65225982666016,27292500,0.0,0.0
2015-10-06 00:00:00-04:00,94.08000183105469,94.16999816894531,92.33999633789062,92.80000305175781,92.44686126708984,22172800,0.0,0.0
2015-10-07 00:00:00-04:00,93.11000061035156,93.66000366210938,91.37000274658203,92.4000015258789,92.04837799072266,24129300,0.0,0.0
2015-10-08 00:00:00-04:00,91.88999938964844,93.22000122070312,90.47000122070312,92.47000122070312,92.11811828613281,27290500,0.0,0.0
2015-10-09 00:00:00-04:00,92.9000015258789,93.73999786376953,92.23999786376953,93.23999786376953,92.88518524169922,20012900,0.0,0.0
2015-10-12 00:00:00-04:00,93.31999969482422,94.5999984741211,92.66999816894531,94.26000213623047,93.90129852294922,18449600,0.0,0.0
2015-10-13 00:00:00-04:00,93.66000366210938,95.37000274658203,93.55000305175781,94.12000274658203,93.7618408203125,19480300,0.0,0.0
2015-10-14 00:00:00-04:00,94.08000183105469,95.19999694824219,93.61000061035156,94.06999969482422,93.71202850341797,19253400,0.0,0.0
2015-10-15 00:00:00-04:00,94.98999786376953,96.30000305175781,94.9000015258789,95.95999908447266,95.5948257446289,27557500,0.0,0.0
2015-10-16 00:00:00-04:00,96.18000030517578,97.58999633789062,95.3499984741211,97.54000091552734,97.1688232421875,25412900,0.0,0.0
2015-10-19 00:00:00-04:00,97.18000030517578,98.56999969482422,96.91999816894531,98.47000122070312,98.09528350830078,23729900,0.0,0.0
2015-10-20 00:00:00-04:00,98.7300033569336,99.58999633789062,96.55999755859375,97.0,96.63087463378906,30881800,0.0,0.0
2015-10-21 00:00:00-04:00,97.37000274658203,98.18000030517578,96.47000122070312,97.11000061035156,96.74046325683594,21917800,0.0,0.0
2015-10-22 00:00:00-04:00,97.79000091552734,99.7300033569336,97.55000305175781,99.66999816894531,99.29071044921875,26392100,0.0,0.0
2015-10-23 00:00:00-04:00,101.91000366210938,102.8499984741211,100.16000366210938,102.19000244140625,101.80113220214844,42809700,0.0,0.0
2015-10-26 00:00:00-04:00,102.19999694824219,103.80999755859375,101.55000305175781,103.7699966430664,103.37510681152344,25961200,0.0,0.0
2015-10-27 00:00:00-04:00,102.94000244140625,104.0999984741211,102.4000015258789,103.69999694824219,103.30537414550781,23795500,0.0,0.0
2015-10-28 00:00:00-04:00,103.9000015258789,104.4800033569336,102.91999816894531,104.19999694824219,103.80347442626953,24081500,0.0,0.0
2015-10-29 00:00:00-04:00,103.95999908447266,105.12000274658203,103.5199966430664,104.87999725341797,104.48088836669922,20316700,0.0,0.0
2015-10-30 00:00:00-04:00,104.51000213623047,104.72000122070312,101.6500015258789,101.97000122070312,101.58196258544922,33487100,0.0,0.0
2015-11-02 00:00:00-05:00,101.72000122070312,103.47000122070312,101.18000030517578,103.30999755859375,102.91686248779297,24003900,0.0,0.0
2015-11-03 00:00:00-05:00,103.22000122070312,103.6500015258789,102.4000015258789,102.58000183105469,102.18965148925781,21242300,0.0,0.0
2015-11-04 00:00:00-05:00,103.19000244140625,104.13999938964844,102.4800033569336,103.94000244140625,103.54447174072266,43469300,0.0,0.0
2015-11-05 00:00:00-05:00,108.80000305175781,110.6500015258789,107.94999694824219,108.76000213623047,108.34612274169922,63232900,0.0,0.0
2015-11-06 00:00:00-05:00,108.04000091552734,108.73999786376953,105.91000366210938,107.0999984741211,106.69243621826172,35084300,0.0,0.0
2015-11-09 00:00:00-05:00,107.0,108.25,105.86000061035156,106.48999786376953,106.08475494384766,26383500,0.0,0.0
2015-11-10 00:00:00-05:00,105.95999908447266,108.1500015258789,105.23999786376953,107.91000366210938,107.4993667602539,25031700,0.0,0.0
2015-11-11 00:00:00-05:00,108.2699966430664,109.87000274658203,107.11000061035156,109.01000213623047,108.59517669677734,25057100,0.0,0.0
2015-11-12 00:00:00-05:00,108.4800033569336,109.38999938964844,108.0,108.0199966430664,107.60894775390625,20924700,0.0,0.0
2015-11-13 00:00:00-05:00,107.70999908447266,108.25,103.83000183105469,103.94999694824219,103.55442810058594,30278400,0.0,0.0
2015-11-16 00:00:00-05:00,103.31999969482422,104.16999816894531,100.47000122070312,104.04000091552734,103.64408874511719,49309200,0.0,0.0
2015-11-17 00:00:00-05:00,104.62000274658203,106.19999694824219,104.13999938964844,105.12999725341797,104.72993469238281,26807200,0.0,0.0
2015-11-18 00:00:00-05:00,105.80000305175781,107.87999725341797,105.38999938964844,107.7699966430664,107.3598861694336,23836500,0.0,0.0
2015-11-19 00:00:00-05:00,107.36000061035156,107.7300033569336,105.94999694824219,106.26000213623047,105.85563659667969,25520600,0.0,0.0
2015-11-20 00:00:00-05:00,106.83999633789062,107.87000274658203,106.62000274658203,107.31999969482422,106.91161346435547,22129600,0.0,0.0
2015-11-23 00:00:00-05:00,107.19000244140625,107.47000122070312,106.08000183105469,106.94999694824219,106.54301452636719,19897200,0.0,0.0
2015-11-24 00:00:00-05:00,106.0,106.48999786376953,104.38999938964844,105.73999786376953,105.33761596679688,23577300,0.0,0.0
2015-11-25 00:00:00-05:00,106.33000183105469,106.5999984741211,105.0999984741211,105.41000366210938,105.00888061523438,15150800,0.0,0.0
2015-11-27 00:00:00-05:00,105.77999877929688,105.95999908447266,104.86000061035156,105.44999694824219,105.04872131347656,5913100,0.0,0.0
2015-11-30 00:00:00-05:00,105.83999633789062,106.0999984741211,103.75,104.23999786376953,103.84332275390625,20383200,0.0,0.0
2015-12-01 00:00:00-05:00,104.83000183105469,107.1500015258789,104.5,107.12000274658203,106.71237182617188,22781900,0.0,0.0
2015-12-02 00:00:00-05:00,107.0,107.91999816894531,105.79000091552734,106.06999969482422,105.6663589477539,24429100,0.0,0.0
2015-12-03 00:00:00-05:00,106.2699966430664,106.8499984741211,103.3499984741211,104.37999725341797,103.9827880859375,23236500,0.0,0.0
2015-12-04 00:00:00-05:00,104.80999755859375,107.7300033569336,104.11000061035156,106.18000030517578,105.77594757080078,21224700,0.0,0.0
2015-12-07 00:00:00-05:00,106.4800033569336,106.83000183105469,104.66000366210938,105.61000061035156,105.20811462402344,15474900,0.0,0.0
2015-12-08 00:00:00-05:00,104.0,106.91000366210938,103.94999694824219,106.48999786376953,106.08475494384766,20401800,0.0,0.0
2015-12-09 00:00:00-05:00,106.18000030517578,106.44000244140625,103.55000305175781,104.5999984741211,104.20195007324219,23517300,0.0,0.0
2015-12-10 00:00:00-05:00,105.05000305175781,106.4000015258789,104.41000366210938,105.41999816894531,105.01883697509766,17454300,0.0,0.0
2015-12-11 00:00:00-05:00,104.1500015258789,104.33999633789062,101.91000366210938,102.12000274658203,101.73139190673828,26427700,0.0,0.0
2015-12-14 00:00:00-05:00,102.29000091552734,104.73999786376953,101.45999908447266,104.66000366210938,104.26172637939453,24648100,0.0,0.0
2015-12-15 00:00:00-05:00,105.30000305175781,105.80000305175781,104.27999877929688,104.55000305175781,104.15214538574219,21764300,0.0,0.0
2015-12-16 00:00:00-05:00,105.37000274658203,107.08999633789062,104.19000244140625,106.79000091552734,106.38362121582031,22680500,0.0,0.0
2015-12-17 00:00:00-05:00,107.48999786376953,107.75,106.12999725341797,106.22000122070312,105.8157958984375,21675700,0.0,0.0
2015-12-18 00:00:00-05:00,106.08000183105469,106.58999633789062,103.97000122070312,104.04000091552734,103.64408874511719,35994200,0.0,0.0
2015-12-21 00:00:00-05:00,104.91000366210938,105.1500015258789,103.5999984741211,104.7699966430664,104.37130737304688,16138800,0.0,0.0
2015-12-22 00:00:00-05:00,105.22000122070312,105.66000366210938,104.80999755859375,105.51000213623047,105.1084976196289,14597100,0.0,0.0
2015-12-23 00:00:00-05:00,105.88999938964844,106.11000061035156,103.86000061035156,104.62999725341797,104.2318344116211,19599700,0.0,0.0
2015-12-24 00:00:00-05:00,104.73999786376953,105.31999969482422,104.5,105.0199966430664,104.620361328125,6501800,0.0,0.0
2015-12-28 00:00:00-05:00,105.0199966430664,105.9800033569336,104.52999877929688,105.93000030517578,105.52689361572266,13069700,0.0,0.0
2015-12-29 00:00:00-05:00,106.41999816894531,107.73999786376953,106.25,107.26000213623047,106.8518295288086,17179900,0.0,0.0
2015-12-30 00:00:00-05:00,107.0,107.25,106.05999755859375,106.22000122070312,105.8157958984375,13115000,0.0,0.0
2015-12-31 00:00:00-05:00,106.0,106.16999816894531,104.62000274658203,104.66000366210938,104.26172637939453,18391100,0.0,0.0
2016-01-04 00:00:00-05:00,101.94999694824219,102.23999786376953,99.75,102.22000122070312,101.83101654052734,37912400,0.0,0.0
2016-01-05 00:00:00-05:00,102.88999938964844,103.70999908447266,101.66999816894531,102.7300033569336,102.33907318115234,23258200,0.0,0.0
2016-01-06 00:00:00-05:00,101.12999725341797,103.7699966430664,100.9000015258789,102.97000122070312,102.57815551757812,25096200,0.0,0.0
2016-01-07 00:00:00-05:00,100.5,101.43000030517578,97.30000305175781,97.91999816894531,97.54737854003906,45172900,0.0,0.0
2016-01-08 00:00:00-05:00,99.87999725341797,100.5,97.02999877929688,97.33000183105469,96.9596176147461,35402300,0.0,0.0
2016-01-11 00:00:00-05:00,97.91000366210938,98.5999984741211,95.38999938964844,97.51000213623047,97.1389389038086,29932400,0.0,0.0
2016-01-12 00:00:00-05:00,99.0,99.95999908447266,97.55000305175781,99.37000274658203,98.99185943603516,28395400,0.0,0.0
2016-01-13 00:00:00-05:00,100.58000183105469,100.58000183105469,95.20999908447266,95.44000244140625,95.07681274414062,33410600,0.0,0.0
2016-01-14 00:00:00-05:00,95.8499984741211,98.87000274658203,92.44999694824219,98.37000274658203,97.99566650390625,48658600,0.0,0.0
2016-01-15 00:00:00-05:00,93.9800033569336,96.37999725341797,93.54000091552734,94.97000122070312,94.60859680175781,46132800,0.0,0.0
2016-01-19 00:00:00-05:00,96.52999877929688,97.41999816894531,93.91999816894531,95.26000213623047,94.89749145507812,30998300,0.0,0.0
2016-01-20 00:00:00-05:00,92.83000183105469,95.0,89.37000274658203,94.3499984741211,93.990966796875,59051400,0.0,0.0
2016-01-21 00:00:00-05:00,94.91000366210938,95.98999786376953,92.62000274658203,94.16000366210938,93.80168151855469,30518900,0.0,0.0
2016-01-22 00:00:00-05:00,96.41000366210938,98.06999969482422,95.48999786376953,97.94000244140625,97.56729888916016,30495400,0.0,0.0
2016-01-25 00:00:00-05:00,98.72000122070312,99.4800033569336,96.93000030517578,97.01000213623047,96.6408462524414,32482000,0.0,0.0
2016-01-26 00:00:00-05:00,97.76000213623047,97.87999725341797,95.66000366210938,97.33999633789062,96.9695816040039,26877100,0.0,0.0
2016-01-27 00:00:00-05:00,97.79000091552734,97.8499984741211,94.2300033569336,94.44999694824219,94.090576171875,58699400,0.0,0.0
2016-01-28 00:00:00-05:00,107.19999694824219,110.33999633789062,104.80999755859375,109.11000061035156,108.69479370117188,107475300,0.0,0.0
2016-01-29 00:00:00-05:00,108.98999786376953,112.83999633789062,108.83999633789062,112.20999908447266,111.78299713134766,62739500,0.0,0.0
2016-02-01 00:00:00-05:00,112.2699966430664,115.72000122070312,112.01000213623047,115.08999633789062,114.65202331542969,46132700,0.0,0.0
2016-02-02 00:00:00-05:00,114.80000305175781,117.58999633789062,113.19999694824219,114.61000061035156,114.17386627197266,59778600,0.0,0.0
2016-02-03 00:00:00-05:00,115.2699966430664,115.33999633789062,109.75,112.69000244140625,112.26116180419922,56919300,0.0,0.0
2016-02-04 00:00:00-05:00,111.80000305175781,111.94000244140625,109.25,110.48999786376953,110.06954193115234,38890200,0.0,0.0
2016-02-05 00:00:00-05:00,109.51000213623047,109.58000183105469,103.18000030517578,104.06999969482422,103.6739730834961,76894700,0.0,0.0
2016-02-08 00:00:00-05:00,100.41000366210938,102.68000030517578,97.45999908447266,99.75,99.37041473388672,71229700,0.0,0.0
2016-02-09 00:00:00-05:00,97.13999938964844,102.4000015258789,96.81999969482422,99.54000091552734,99.16120910644531,62709000,0.0,0.0
2016-02-10 00:00:00-05:00,101.55000305175781,103.25,100.23999786376953,101.0,100.61565399169922,45179400,0.0,0.0
2016-02-11 00:00:00-05:00,99.5999984741211,105.11000061035156,98.87999725341797,101.91000366210938,101.5221939086914,43670600,0.0,0.0
2016-02-12 00:00:00-05:00,103.73999786376953,104.23999786376953,101.08999633789062,102.01000213623047,101.62181854248047,36176800,0.0,0.0
2016-02-16 00:00:00-05:00,103.80000305175781,103.93000030517578,100.23999786376953,101.61000061035156,101.22333526611328,45687200,0.0,0.0
2016-02-17 00:00:00-05:00,102.0199966430664,105.72000122070312,100.4000015258789,105.19999694824219,104.79966735839844,44073400,0.0,0.0
2016-02-18 00:00:00-05:00,105.80000305175781,106.0,103.02999877929688,103.47000122070312,103.07625579833984,29593500,0.0,0.0
2016-02-19 00:00:00-05:00,102.55000305175781,105.0199966430664,102.05999755859375,104.56999969482422,104.17206573486328,32404500,0.0,0.0
2016-02-22 00:00:00-05:00,105.48999786376953,108.25,105.33999633789062,107.16000366210938,106.7522201538086,35709700,0.0,0.0
2016-02-23 00:00:00-05:00,106.8499984741211,107.47000122070312,105.12000274658203,105.45999908447266,105.05868530273438,25319300,0.0,0.0
2016-02-24 00:00:00-05:00,104.20999908447266,106.94999694824219,102.73999786376953,106.87999725341797,106.47328186035156,34412400,0.0,0.0
2016-02-25 00:00:00-05:00,107.11000061035156,108.06999969482422,105.61000061035156,108.06999969482422,107.65875244140625,29906300,0.0,0.0
2016-02-26 00:00:00-05:00,108.69999694824219,109.44999694824219,107.16000366210938,107.91999816894531,107.50931549072266,26686200,0.0,0.0
2016-02-29 00:00:00-05:00,107.5999984741211,108.91000366210938,106.75,106.91999816894531,106.51313018798828,32779000,0.0,0.0
2016-03-01 00:00:00-05:00,107.83000183105469,109.81999969482422,107.5999984741211,109.81999969482422,109.40209197998047,26817300,0.0,0.0
2016-03-02 00:00:00-05:00,109.68000030517578,110.55000305175781,108.7699966430664,109.94999694824219,109.53160095214844,25670200,0.0,0.0
2016-03-03 00:00:00-05:00,110.25,110.30000305175781,108.54000091552734,109.58000183105469,109.16300964355469,21353100,0.0,0.0
2016-03-04 00:00:00-05:00,110.05000305175781,110.05000305175781,107.93000030517578,108.38999938964844,107.97752380371094,24938900,0.0,0.0
2016-03-07 00:00:00-05:00,108.06999969482422,108.06999969482422,104.72000122070312,105.7300033569336,105.32765197753906,31436400,0.0,0.0
2016-03-08 00:00:00-05:00,104.77999877929688,107.37000274658203,104.4000015258789,105.93000030517578,105.52689361572266,25617000,0.0,0.0
2016-03-09 00:00:00-05:00,106.69999694824219,107.51000213623047,105.48999786376953,107.51000213623047,107.10088348388672,20493300,0.0,0.0
2016-03-10 00:00:00-05:00,107.91000366210938,108.66000366210938,105.7699966430664,107.31999969482422,106.91161346435547,24854300,0.0,0.0
2016-03-11 00:00:00-05:00,108.4800033569336,109.41999816894531,107.91999816894531,109.41000366210938,108.99365997314453,20697600,0.0,0.0
2016-03-14 00:00:00-04:00,109.27999877929688,110.33000183105469,108.7699966430664,109.88999938964844,109.47181701660156,17249400,0.0,0.0
2016-03-15 00:00:00-04:00,109.11000061035156,110.83000183105469,108.83999633789062,110.66999816894531,110.24885559082031,17618500,0.0,0.0
2016-03-16 00:00:00-04:00,110.48999786376953,112.5,110.0999984741211,112.18000030517578,111.75311279296875,24744800,0.0,0.0
2016-03-17 00:00:00-04:00,112.1500015258789,112.69000244140625,110.7300033569336,111.0199966430664,110.59752655029297,24241200,0.0,0.0
2016-03-18 00:00:00-04:00,111.55999755859375,112.41999816894531,110.2699966430664,111.44999694824219,111.02589416503906,36256900,0.0,0.0
2016-03-21 00:00:00-04:00,111.66000366210938,112.37000274658203,111.02999877929688,111.8499984741211,111.42436981201172,18448000,0.0,0.0
2016-03-22 00:00:00-04:00,111.36000061035156,112.87999725341797,111.16999816894531,112.25,111.82283782958984,19001100,0.0,0.0
2016-03-23 00:00:00-04:00,112.01000213623047,113.19000244140625,112.0,112.54000091552734,112.11174011230469,18562000,0.0,0.0
2016-03-24 00:00:00-04:00,112.12999725341797,113.08999633789062,111.68000030517578,113.05000305175781,112.61980438232422,17839100,0.0,0.0
2016-03-28 00:00:00-04:00,113.31999969482422,114.58999633789062,112.94999694824219,113.69000244140625,113.25736999511719,21351800,0.0,0.0
2016-03-29 00:00:00-04:00,113.83000183105469,116.31999969482422,113.63999938964844,116.13999938964844,115.69804382324219,29825300,0.0,0.0
2016-03-30 00:00:00-04:00,116.7300033569336,116.98999786376953,114.36000061035156,114.69999694824219,114.26351165771484,33235200,0.0,0.0
2016-03-31 00:00:00-04:00,114.69999694824219,115.01000213623047,113.7699966430664,114.0999984741211,113.66580963134766,21207500,0.0,0.0
2016-04-01 00:00:00-04:00,113.75,116.16999816894531,113.3499984741211,116.05999755859375,115.61833953857422,24760500,0.0,0.0
2016-04-04 00:00:00-04:00,114.06999969482422,114.55000305175781,111.61000061035156,112.55000305175781,112.12171173095703,48487900,0.0,0.0
2016-04-05 00:00:00-04:00,112.11000061035156,113.31999969482422,111.9000015258789,112.22000122070312,111.79296875,22962400,0.0,0.0
2016-04-06 00:00:00-04:00,112.47000122070312,113.80999755859375,112.41999816894531,113.70999908447266,113.27729034423828,20814600,0.0,0.0
2016-04-07 00:00:00-04:00,113.79000091552734,114.88999938964844,113.06999969482422,113.63999938964844,113.20755767822266,20714500,0.0,0.0
2016-04-08 00:00:00-04:00,114.25,114.33000183105469,109.9000015258789,110.62999725341797,110.20899963378906,48497800,0.0,0.0
2016-04-11 00:00:00-04:00,110.69999694824219,110.91000366210938,108.7699966430664,108.98999786376953,108.57524871826172,39762300,0.0,0.0
2016-04-12 00:00:00-04:00,109.33999633789062,111.16000366210938,108.98999786376953,110.61000061035156,110.1890869140625,26248100,0.0,0.0
2016-04-13 00:00:00-04:00,112.2300033569336,112.6500015258789,106.5199966430664,110.51000213623047,110.08946990966797,88227400,0.0,0.0
2016-04-14 00:00:00-04:00,110.62000274658203,112.04000091552734,110.26000213623047,110.83999633789062,110.41820526123047,28473300,0.0,0.0
2016-04-15 00:00:00-04:00,110.79000091552734,110.97000122070312,109.19999694824219,109.63999938964844,109.2227783203125,20922800,0.0,0.0
2016-04-18 00:00:00-04:00,109.73999786376953,110.80999755859375,109.19999694824219,110.44999694824219,110.02969360351562,21167200,0.0,0.0
2016-04-19 00:00:00-04:00,111.0999984741211,112.44999694824219,109.16000366210938,112.29000091552734,111.86268615722656,30210500,0.0,0.0
2016-04-20 00:00:00-04:00,112.43000030517578,113.2699966430664,111.55999755859375,112.41999816894531,111.99220275878906,21027900,0.0,0.0
2016-04-21 00:00:00-04:00,112.55000305175781,114.04000091552734,112.30999755859375,113.44000244140625,113.00831604003906,20875200,0.0,0.0
2016-04-22 00:00:00-04:00,111.20999908447266,111.75,109.01000213623047,110.55999755859375,110.13926696777344,38458200,0.0,0.0
2016-04-25 00:00:00-04:00,109.87000274658203,110.66999816894531,109.06999969482422,110.0999984741211,109.68102264404297,21017900,0.0,0.0
2016-04-26 00:00:00-04:00,110.48999786376953,110.5,108.1500015258789,108.76000213623047,108.34612274169922,22521500,0.0,0.0
2016-04-27 00:00:00-04:00,107.94000244140625,108.94000244140625,106.30999755859375,108.88999938964844,108.47562408447266,52213100,0.0,0.0
2016-04-28 00:00:00-04:00,119.58000183105469,120.79000091552734,116.2300033569336,116.7300033569336,116.28580474853516,87110100,0.0,0.0
2016-04-29 00:00:00-04:00,116.81999969482422,117.83999633789062,115.83999633789062,117.58000183105469,117.132568359375,37140600,0.0,0.0
2016-05-02 00:00:00-04:00,117.83000183105469,118.7300033569336,116.56999969482422,118.56999969482422,118.11878967285156,28095200,0.0,0.0
2016-05-03 00:00:00-04:00,117.5199966430664,118.16000366210938,117.0199966430664,117.43000030517578,116.98313903808594,24117500,0.0,0.0
2016-05-04 00:00:00-04:00,116.61000061035156,118.30000305175781,116.56999969482422,118.05999755859375,117.61073303222656,23448400,0.0,0.0
2016-05-05 00:00:00-04:00,118.04000091552734,118.9800033569336,117.25,117.80999755859375,117.36168670654297,22056700,0.0,0.0
2016-05-06 00:00:00-04:00,117.16000366210938,119.63999938964844,117.11000061035156,119.48999786376953,119.03529357910156,26395600,0.0,0.0
2016-05-09 00:00:00-04:00,119.54000091552734,120.27999877929688,118.9000015258789,119.23999786376953,118.78623962402344,21138100,0.0,0.0
2016-05-10 00:00:00-04:00,119.62000274658203,120.5,119.0,120.5,120.04145812988281,23220000,0.0,0.0
2016-05-11 00:00:00-04:00,120.41000366210938,121.08000183105469,119.41999816894531,119.5199966430664,119.06517791748047,22038400,0.0,0.0
2016-05-12 00:00:00-04:00,119.9800033569336,120.83999633789062,118.9000015258789,120.27999877929688,119.8222885131836,22035500,0.0,0.0
2016-05-13 00:00:00-04:00,120.37999725341797,120.63999938964844,119.68000030517578,119.80999755859375,119.35407257080078,18124300,0.0,0.0
2016-05-16 00:00:00-04:00,119.37999725341797,119.61000061035156,117.3499984741211,118.66999816894531,118.2184066772461,31247800,0.0,0.0
2016-05-17 00:00:00-04:00,118.81999969482422,119.01000213623047,117.19999694824219,117.3499984741211,116.90343475341797,21328600,0.0,0.0
2016-05-18 00:00:00-04:00,116.80000305175781,118.2699966430664,116.7300033569336,117.6500015258789,117.20230102539062,21642300,0.0,0.0
2016-05-19 00:00:00-04:00,117.05000305175781,117.48999786376953,115.87999725341797,116.80999755859375,116.36549377441406,20544100,0.0,0.0
2016-05-20 00:00:00-04:00,116.95999908447266,117.98999786376953,116.94999694824219,117.3499984741211,116.90343475341797,18944800,0.0,0.0
2016-05-23 00:00:00-04:00,117.41999816894531,117.5999984741211,115.94000244140625,115.97000122070312,115.52869415283203,20441000,0.0,0.0
2016-05-24 00:00:00-04:00,116.23999786376953,117.7300033569336,116.12000274658203,117.69999694824219,117.2520980834961,20183600,0.0,0.0
2016-05-25 00:00:00-04:00,118.12999725341797,118.66999816894531,117.37999725341797,117.88999938964844,117.44137573242188,20019800,0.0,0.0
2016-05-26 00:00:00-04:00,118.23999786376953,119.76000213623047,117.91999816894531,119.47000122070312,119.01536560058594,18481300,0.0,0.0
2016-05-27 00:00:00-04:00,119.55999755859375,119.8499984741211,119.01000213623047,119.37999725341797,118.92570495605469,13493600,0.0,0.0
2016-05-31 00:00:00-04:00,119.45999908447266,120.0999984741211,118.12000274658203,118.80999755859375,118.35787963867188,23547600,0.0,0.0
2016-06-01 00:00:00-04:00,118.5,119.08000183105469,117.81999969482422,118.77999877929688,118.32799530029297,15029500,0.0,0.0
2016-06-02 00:00:00-04:00,118.69000244140625,119.44000244140625,118.22000122070312,118.93000030517578,118.47742462158203,13228300,0.0,0.0
2016-06-03 00:00:00-04:00,118.9800033569336,118.9800033569336,117.86000061035156,118.47000122070312,118.01917266845703,14135100,0.0,0.0
2016-06-06 00:00:00-04:00,118.62000274658203,119.43000030517578,118.36000061035156,118.79000091552734,118.33795928955078,12744700,0.0,0.0
2016-06-07 00:00:00-04:00,119.23999786376953,119.30000305175781,117.66999816894531,117.76000213623047,117.31187438964844,17103000,0.0,0.0
2016-06-08 00:00:00-04:00,117.76000213623047,118.5999984741211,117.2699966430664,118.38999938964844,117.9394760131836,14505600,0.0,0.0
2016-06-09 00:00:00-04:00,118.12999725341797,118.68000030517578,117.70999908447266,118.55999755859375,118.10883331298828,13859200,0.0,0.0
2016-06-10 00:00:00-04:00,117.54000091552734,118.11000061035156,116.26000213623047,116.62000274658203,116.17620849609375,18510800,0.0,0.0
2016-06-13 00:00:00-04:00,115.0,115.4800033569336,113.30999755859375,113.94999694824219,113.51637268066406,31718200,0.0,0.0
2016-06-14 00:00:00-04:00,114.06999969482422,114.94999694824219,113.58000183105469,114.94000244140625,114.50260925292969,17618500,0.0,0.0
2016-06-15 00:00:00-04:00,115.30000305175781,115.44000244140625,114.06999969482422,114.5999984741211,114.16389465332031,19819400,0.0,0.0
2016-06-16 00:00:00-04:00,113.87000274658203,114.5,112.94000244140625,114.38999938964844,113.9546890258789,19236300,0.0,0.0
2016-06-17 00:00:00-04:00,114.41999816894531,114.43000030517578,112.55999755859375,113.0199966430664,112.58991241455078,24644300,0.0,0.0
2016-06-20 00:00:00-04:00,113.7699966430664,114.72000122070312,112.75,113.37000274658203,112.93858337402344,20785400,0.0,0.0
2016-06-21 00:00:00-04:00,114.12000274658203,115.20999908447266,113.97000122070312,114.37999725341797,113.94474029541016,19166300,0.0,0.0
2016-06-22 00:00:00-04:00,114.6500015258789,114.73999786376953,113.61000061035156,113.91000366210938,113.47653198242188,14846300,0.0,0.0
2016-06-23 00:00:00-04:00,114.37000274658203,115.08999633789062,113.54000091552734,115.08000183105469,114.64207458496094,16176900,0.0,0.0
2016-06-24 00:00:00-04:00,111.01000213623047,113.68000030517578,111.0,112.08000183105469,111.65348815917969,40643100,0.0,0.0
2016-06-27 00:00:00-04:00,111.56999969482422,111.56999969482422,108.2300033569336,108.97000122070312,108.55532836914062,36130400,0.0,0.0
2016-06-28 00:00:00-04:00,110.62999725341797,112.75,110.55000305175781,112.69999694824219,112.27112579345703,26813800,0.0,0.0
2016-06-29 00:00:00-04:00,113.37000274658203,114.25,113.04000091552734,114.16000366210938,113.72557067871094,20968300,0.0,0.0
2016-06-30 00:00:00-04:00,114.66999816894531,115.18000030517578,113.66999816894531,114.27999877929688,113.84512329101562,23192700,0.0,0.0
2016-07-01 00:00:00-04:00,114.19999694824219,115.12999725341797,113.80999755859375,114.19000244140625,113.75545501708984,14980000,0.0,0.0
2016-07-05 00:00:00-04:00,113.94000244140625,114.19999694824219,112.97000122070312,114.19999694824219,113.76541900634766,14207000,0.0,0.0
2016-07-06 00:00:00-04:00,113.36000061035156,116.79000091552734,112.97000122070312,116.69999694824219,116.25591278076172,24337600,0.0,0.0
2016-07-07 00:00:00-04:00,116.62999725341797,116.97000122070312,115.36000061035156,115.8499984741211,115.40914154052734,16630200,0.0,0.0
2016-07-08 00:00:00-04:00,116.43000030517578,117.5,115.8499984741211,117.23999786376953,116.79385375976562,18142600,0.0,0.0
2016-07-11 00:00:00-04:00,117.70999908447266,118.69999694824219,117.5,117.87000274658203,117.42147064208984,17711600,0.0,0.0
2016-07-12 00:00:00-04:00,118.62999725341797,118.72000122070312,117.56999969482422,117.93000030517578,117.4812240600586,15217700,0.0,0.0
2016-07-13 00:00:00-04:00,118.38999938964844,118.4000015258789,116.68000030517578,116.77999877929688,116.33560943603516,16207700,0.0,0.0
2016-07-14 00:00:00-04:00,117.5,117.63999938964844,116.69999694824219,117.29000091552734,116.84366607666016,14579700,0.0,0.0
2016-07-15 00:00:00-04:00,117.73999786376953,118.27999877929688,116.58000183105469,116.86000061035156,116.4153060913086,16646000,0.0,0.0
2016-07-18 00:00:00-04:00,117.31999969482422,119.61000061035156,116.88999938964844,119.37000274658203,118.91575622558594,20868400,0.0,0.0
2016-07-19 00:00:00-04:00,118.98999786376953,120.8499984741211,118.66000366210938,120.61000061035156,120.15103149414062,21541300,0.0,0.0
2016-07-20 00:00:00-04:00,121.25,122.19999694824219,120.55999755859375,121.91999816894531,121.45603942871094,20046500,0.0,0.0
2016-07-21 00:00:00-04:00,121.91999816894531,122.0999984741211,120.25,120.61000061035156,120.15103149414062,17801700,0.0,0.0
2016-07-22 00:00:00-04:00,119.9000015258789,121.01000213623047,119.30999755859375,121.0,120.53954315185547,18422400,0.0,0.0
2016-07-25 00:00:00-04:00,121.38999938964844,121.8499984741211,117.77999877929688,121.62999725341797,121.16715240478516,18487400,0.0,0.0
2016-07-26 00:00:00-04:00,122.0,122.06999969482422,120.75,121.22000122070312,120.75871276855469,17612000,0.0,0.0
2016-07-27 00:00:00-04:00,122.41999816894531,125.0,121.51000213623047,123.33999633789062,122.87063598632812,52654200,0.0,0.0
2016-07-28 00:00:00-04:00,127.5199966430664,128.3300018310547,123.62999725341797,125.0,124.52433013916016,78955800,0.0,0.0
2016-07-29 00:00:00-04:00,124.6500015258789,125.83999633789062,123.70999908447266,123.94000244140625,123.4683609008789,35058800,0.0,0.0
2016-08-01 00:00:00-04:00,123.8499984741211,124.58000183105469,122.86000061035156,124.30999755859375,123.83695220947266,25006900,0.0,0.0
2016-08-02 00:00:00-04:00,124.05999755859375,124.80000305175781,122.06999969482422,123.08999633789062,122.62158966064453,23968400,0.0,0.0
2016-08-03 00:00:00-04:00,123.08999633789062,123.91999816894531,122.30999755859375,122.51000213623047,122.04380798339844,18525300,0.0,0.0
2016-08-04 00:00:00-04:00,122.94000244140625,124.79000091552734,122.51000213623047,124.36000061035156,123.88676452636719,21066000,0.0,0.0
2016-08-05 00:00:00-04:00,124.9800033569336,125.83999633789062,124.62000274658203,125.1500015258789,124.67375946044922,20184000,0.0,0.0
2016-08-08 00:00:00-04:00,125.25,125.44999694824219,124.55000305175781,125.26000213623047,124.78333282470703,15233900,0.0,0.0
2016-08-09 00:00:00-04:00,125.33999633789062,126.08999633789062,124.52999877929688,125.05999755859375,124.58409118652344,19621000,0.0,0.0
2016-08-10 00:00:00-04:00,125.06999969482422,125.4800033569336,124.54000091552734,124.87999725341797,124.40478515625,10670100,0.0,0.0
2016-08-11 00:00:00-04:00,125.19999694824219,125.37999725341797,124.75,124.9000015258789,124.4247055053711,11729500,0.0,0.0
2016-08-12 00:00:00-04:00,124.69999694824219,125.0,124.18000030517578,124.87999725341797,124.40478515625,12159000,0.0,0.0
2016-08-15 00:00:00-04:00,124.91000366210938,124.91999816894531,123.69999694824219,123.9000015258789,123.42851257324219,19295100,0.0,0.0
2016-08-16 00:00:00-04:00,123.5,123.91999816894531,122.77999877929688,123.30000305175781,122.83080291748047,14222400,0.0,0.0
2016-08-17 00:00:00-04:00,123.66000366210938,124.37999725341797,122.8499984741211,124.37000274658203,123.89672088623047,13794200,0.0,0.0
2016-08-18 00:00:00-04:00,124.01000213623047,124.26000213623047,123.63999938964844,123.91000366210938,123.4384765625,12400800,0.0,0.0
2016-08-19 00:00:00-04:00,123.5999984741211,124.16000366210938,123.27999877929688,123.55999755859375,123.08979797363281,11688300,0.0,0.0
2016-08-22 00:00:00-04:00,123.33000183105469,124.83000183105469,123.11000061035156,124.1500015258789,123.67756652832031,14386400,0.0,0.0
2016-08-23 00:00:00-04:00,124.51000213623047,125.08999633789062,124.25,124.37000274658203,123.89672088623047,13309500,0.0,0.0
2016-08-24 00:00:00-04:00,124.47000122070312,124.69000244140625,123.08999633789062,123.4800033569336,123.01011657714844,12243700,0.0,0.0
2016-08-25 00:00:00-04:00,123.12000274658203,124.37000274658203,123.0999984741211,123.88999938964844,123.41854095458984,10730800,0.0,0.0
2016-08-26 00:00:00-04:00,124.05000305175781,125.19000244140625,123.91000366210938,124.95999908447266,124.48448181152344,17504800,0.0,0.0
2016-08-29 00:00:00-04:00,124.3499984741211,126.7300033569336,124.3499984741211,126.54000091552734,126.05846405029297,15925900,0.0,0.0
2016-08-30 00:00:00-04:00,126.5999984741211,126.5999984741211,125.1500015258789,125.83999633789062,125.36112213134766,17804300,0.0,0.0
2016-08-31 00:00:00-04:00,125.5999984741211,126.22000122070312,125.0999984741211,126.12000274658203,125.64006805419922,14200600,0.0,0.0
2016-09-01 00:00:00-04:00,126.37999725341797,126.62999725341797,125.5999984741211,126.16999816894531,125.68987274169922,13536100,0.0,0.0
2016-09-02 00:00:00-04:00,126.8499984741211,126.86000061035156,126.0,126.51000213623047,126.0285873413086,12118800,0.0,0.0
2016-09-06 00:00:00-04:00,126.66999816894531,129.94000244140625,126.47000122070312,129.72999572753906,129.236328125,26278400,0.0,0.0
2016-09-07 00:00:00-04:00,130.0399932861328,131.97999572753906,129.9499969482422,131.0500030517578,130.55130004882812,27990800,0.0,0.0
2016-09-08 00:00:00-04:00,130.9199981689453,131.0800018310547,129.80999755859375,130.27000427246094,129.77427673339844,15676600,0.0,0.0
2016-09-09 00:00:00-04:00,129.7100067138672,129.9499969482422,127.0999984741211,127.0999984741211,126.6163330078125,27100700,0.0,0.0
2016-09-12 00:00:00-04:00,125.95999908447266,128.75999450683594,125.75,128.69000244140625,128.20028686523438,21252800,0.0,0.0
2016-09-13 00:00:00-04:00,128.02999877929688,128.35000610351562,126.66000366210938,127.20999908447266,126.72591400146484,18016200,0.0,0.0
2016-09-14 00:00:00-04:00,126.88999938964844,128.8000030517578,126.88999938964844,127.7699966430664,127.28378295898438,15691100,0.0,0.0
2016-09-15 00:00:00-04:00,127.9800033569336,129.10000610351562,127.66999816894531,128.35000610351562,127.8615951538086,15077200,0.0,0.0
2016-09-16 00:00:00-04:00,128.1999969482422,129.17999267578125,128.1999969482422,129.07000732421875,128.578857421875,24119200,0.0,0.0
2016-09-19 00:00:00-04:00,129.91000366210938,129.94000244140625,128.25999450683594,128.64999389648438,128.16043090820312,14958800,0.0,0.0
2016-09-20 00:00:00-04:00,128.64999389648438,129.1699981689453,128.02999877929688,128.63999938964844,128.15048217773438,11083800,0.0,0.0
2016-09-21 00:00:00-04:00,129.1300048828125,130.00999450683594,128.38999938964844,129.94000244140625,129.4455108642578,14068300,0.0,0.0
2016-09-22 00:00:00-04:00,130.5,130.72999572753906,129.55999755859375,130.0800018310547,129.58499145507812,15538300,0.0,0.0
2016-09-23 00:00:00-04:00,127.55999755859375,128.60000610351562,127.30000305175781,127.95999908447266,127.47306060791016,28326300,0.0,0.0
2016-09-26 00:00:00-04:00,127.37000274658203,128.16000366210938,126.80000305175781,127.30999755859375,126.82553100585938,15064900,0.0,0.0
2016-09-27 00:00:00-04:00,127.61000061035156,129.00999450683594,127.43000030517578,128.69000244140625,128.20028686523438,15637100,0.0,0.0
2016-09-28 00:00:00-04:00,129.2100067138672,129.47000122070312,128.39999389648438,129.22999572753906,128.7382354736328,12047600,0.0,0.0
2016-09-29 00:00:00-04:00,129.17999267578125,129.2899932861328,127.55000305175781,128.08999633789062,127.6025619506836,14532200,0.0,0.0
2016-09-30 00:00:00-04:00,128.02999877929688,128.58999633789062,127.44999694824219,128.27000427246094,127.7818832397461,18402900,0.0,0.0
2016-10-03 00:00:00-04:00,128.3800048828125,129.08999633789062,127.80000305175781,128.77000427246094,128.27996826171875,13156900,0.0,0.0
2016-10-04 00:00:00-04:00,129.1699981689453,129.27999877929688,127.55000305175781,128.19000244140625,127.70218658447266,14307500,0.0,0.0
2016-10-05 00:00:00-04:00,128.25,128.8000030517578,127.83000183105469,128.47000122070312,127.98111724853516,12386800,0.0,0.0
2016-10-06 00:00:00-04:00,128.42999267578125,129.05999755859375,128.0800018310547,128.74000549316406,128.2500762939453,11682700,0.0,0.0
2016-10-07 00:00:00-04:00,129.0399932861328,129.25,128.3300018310547,128.99000549316406,128.4991455078125,12804400,0.0,0.0
2016-10-10 00:00:00-04:00,129.67999267578125,130.6999969482422,129.1999969482422,130.24000549316406,129.744384765625,15138700,0.0,0.0
2016-10-11 00:00:00-04:00,130.22999572753906,130.63999938964844,128.22999572753906,128.8800048828125,128.3895721435547,17537900,0.0,0.0
2016-10-12 00:00:00-04:00,129.00999450683594,129.66000366210938,128.4600067138672,129.0500030517578,128.5589141845703,11073000,0.0,0.0
2016-10-13 00:00:00-04:00,128.2100067138672,128.25,126.75,127.81999969482422,127.3335952758789,17139300,0.0,0.0
2016-10-14 00:00:00-04:00,128.49000549316406,128.9499969482422,127.58000183105469,127.87999725341797,127.39336395263672,13345300,0.0,0.0
2016-10-17 00:00:00-04:00,128.1999969482422,128.47000122070312,127.31999969482422,127.54000091552734,127.05465698242188,11351700,0.0,0.0
2016-10-18 00:00:00-04:00,128.67999267578125,129.38999938964844,128.00999450683594,128.57000732421875,128.0807342529297,13504000,0.0,0.0
2016-10-19 00:00:00-04:00,128.74000549316406,130.47000122070312,128.60000610351562,130.11000061035156,129.6148681640625,16752300,0.0,0.0
2016-10-20 00:00:00-04:00,130.07000732421875,130.66000366210938,129.5,130.0,129.5052947998047,13167500,0.0,0.0
2016-10-21 00:00:00-04:00,129.77999877929688,132.1300048828125,129.6999969482422,132.07000732421875,131.5674285888672,19088800,0.0,0.0
2016-10-24 00:00:00-04:00,132.72000122070312,133.41000366210938,132.14999389648438,133.27999877929688,132.77279663085938,17470200,0.0,0.0
2016-10-25 00:00:00-04:00,133.5,133.5,132.22000122070312,132.2899932861328,131.7865753173828,13336800,0.0,0.0
2016-10-26 00:00:00-04:00,131.63999938964844,132.25999450683594,130.94000244140625,131.0399932861328,130.5413360595703,13084700,0.0,0.0
2016-10-27 00:00:00-04:00,131.74000549316406,131.8000030517578,129.27000427246094,129.69000244140625,129.1964874267578,16741400,0.0,0.0
2016-10-28 00:00:00-04:00,130.5,132.97000122070312,129.92999267578125,131.2899932861328,130.79039001464844,24545500,0.0,0.0
2016-10-31 00:00:00-04:00,132.00999450683594,132.1199951171875,130.8800048828125,130.99000549316406,130.4915313720703,15669000,0.0,0.0
2016-11-01 00:00:00-04:00,131.41000366210938,131.94000244140625,128.64999389648438,129.5,129.0072021484375,22077800,0.0,0.0
2016-11-02 00:00:00-04:00,130.22999572753906,130.22999572753906,126.27999877929688,127.16999816894531,126.68606567382812,39640900,0.0,0.0
2016-11-03 00:00:00-04:00,122.0,123.27999877929688,119.5,120.0,119.54335021972656,63766300,0.0,0.0
2016-11-04 00:00:00-04:00,119.58999633789062,121.93000030517578,119.25,120.75,120.2905044555664,30545500,0.0,0.0
2016-11-07 00:00:00-05:00,122.83000183105469,123.20999908447266,121.3499984741211,122.1500015258789,121.6851806640625,23008900,0.0,0.0
2016-11-08 00:00:00-05:00,122.02999877929688,124.61000061035156,121.54000091552734,124.22000122070312,123.7472915649414,19460800,0.0,0.0
2016-11-09 00:00:00-05:00,121.5,123.80999755859375,120.51000213623047,123.18000030517578,122.71125793457031,31916000,0.0,0.0
2016-11-10 00:00:00-05:00,123.93000030517578,124.18000030517578,115.2699966430664,120.80000305175781,120.3403091430664,67846700,0.0,0.0
2016-11-11 00:00:00-05:00,119.52999877929688,120.69999694824219,118.1500015258789,119.0199966430664,118.56707000732422,32840100,0.0,0.0
2016-11-14 00:00:00-05:00,119.12999725341797,119.12999725341797,113.55000305175781,115.08000183105469,114.64207458496094,51377000,0.0,0.0
2016-11-15 00:00:00-05:00,116.7300033569336,118.48999786376953,115.83000183105469,117.19999694824219,116.7540054321289,34681400,0.0,0.0
2016-11-16 00:00:00-05:00,114.4800033569336,117.87999725341797,114.20999908447266,116.33999633789062,115.89727783203125,32397900,0.0,0.0
2016-11-17 00:00:00-05:00,116.80999755859375,117.79000091552734,116.01000213623047,117.79000091552734,117.34176635742188,18597800,0.0,0.0
2016-11-18 00:00:00-05:00,118.38999938964844,119.12999725341797,116.83999633789062,117.0199966430664,116.5746841430664,22879300,0.0,0.0
2016-11-21 00:00:00-05:00,118.19999694824219,121.94999694824219,117.80000305175781,121.7699966430664,121.30661010742188,35415400,0.0,0.0
2016-11-22 00:00:00-05:00,122.4000015258789,122.9800033569336,120.9000015258789,121.47000122070312,121.00775909423828,26089200,0.0,0.0
2016-11-23 00:00:00-05:00,121.2300033569336,121.30999755859375,119.94000244140625,120.83999633789062,120.3801498413086,15672100,0.0,0.0
2016-11-25 00:00:00-05:00,121.01000213623047,121.13999938964844,120.06999969482422,120.37999725341797,119.92190551757812,8658600,0.0,0.0
2016-11-28 00:00:00-05:00,120.12000274658203,121.69000244140625,119.81999969482422,120.41000366210938,119.95179748535156,18101300,0.0,0.0
2016-11-29 00:00:00-05:00,120.56999969482422,122.0999984741211,120.4000015258789,120.87000274658203,120.41004943847656,18891000,0.0,0.0
2016-11-30 00:00:00-05:00,120.31999969482422,121.79000091552734,117.94999694824219,118.41999816894531,117.9693603515625,30188900,0.0,0.0
2016-12-01 00:00:00-05:00,118.37999725341797,118.44999694824219,114.0,115.0999984741211,114.66199493408203,43277000,0.0,0.0
2016-12-02 00:00:00-05:00,115.11000061035156,116.4800033569336,114.30000305175781,115.4000015258789,114.96086120605469,25070400,0.0,0.0
2016-12-05 00:00:00-05:00,115.94999694824219,117.56999969482422,115.06999969482422,117.43000030517578,116.98313903808594,20201500,0.0,0.0
2016-12-06 00:00:00-05:00,117.69000244140625,117.80000305175781,116.33000183105469,117.30999755859375,116.86357879638672,19131200,0.0,0.0
2016-12-07 00:00:00-05:00,117.0,117.94999694824219,116.56999969482422,117.94999694824219,117.50115203857422,21913700,0.0,0.0
2016-12-08 00:00:00-05:00,117.9800033569336,119.5,117.63999938964844,118.91000366210938,118.45750427246094,22442800,0.0,0.0
2016-12-09 00:00:00-05:00,119.22000122070312,119.94000244140625,118.94999694824219,119.68000030517578,119.22457122802734,17464700,0.0,0.0
2016-12-12 00:00:00-05:00,119.22000122070312,119.23999786376953,117.6500015258789,117.7699966430664,117.32183074951172,17805500,0.0,0.0
2016-12-13 00:00:00-05:00,117.86000061035156,121.5199966430664,117.61000061035156,120.30999755859375,119.8521728515625,29768000,0.0,0.0
2016-12-14 00:00:00-05:00,120.0,121.69000244140625,118.8499984741211,120.20999908447266,119.75255584716797,25913100,0.0,0.0
2016-12-15 00:00:00-05:00,120.08000183105469,122.5,119.62999725341797,120.56999969482422,120.1111831665039,20139600,0.0,0.0
2016-12-16 00:00:00-05:00,120.9000015258789,121.5,119.2699966430664,119.87000274658203,119.41384887695312,25324300,0.0,0.0
2016-12-19 00:00:00-05:00,119.8499984741211,120.36000061035156,118.51000213623047,119.23999786376953,118.78623962402344,15918100,0.0,0.0
2016-12-20 00:00:00-05:00,119.5,119.7699966430664,118.80000305175781,119.08999633789062,118.63681030273438,13684400,0.0,0.0
2016-12-21 00:00:00-05:00,118.91999816894531,119.19999694824219,118.4800033569336,119.04000091552734,118.58700561523438,10767600,0.0,0.0
2016-12-22 00:00:00-05:00,118.86000061035156,118.98999786376953,116.93000030517578,117.4000015258789,116.9532470703125,16258600,0.0,0.0
2016-12-23 00:00:00-05:00,117.0,117.55999755859375,116.30000305175781,117.2699966430664,116.82373809814453,10890000,0.0,0.0
2016-12-27 00:00:00-05:00,116.95999908447266,118.68000030517578,116.86000061035156,118.01000213623047,117.56092834472656,12051500,0.0,0.0
2016-12-28 00:00:00-05:00,118.19000244140625,118.25,116.6500015258789,116.91999816894531,116.47506713867188,12087400,0.0,0.0
2016-12-29 00:00:00-05:00,117.0,117.52999877929688,116.05999755859375,116.3499984741211,115.90724182128906,9934900,0.0,0.0
2016-12-30 00:00:00-05:00,116.5999984741211,116.83000183105469,114.7699966430664,115.05000305175781,114.61219787597656,18684100,0.0,0.0
2017-01-03 00:00:00-05:00,116.02999877929688,117.83999633789062,115.51000213623047,116.86000061035156,116.4153060913086,20663900,0.0,0.0
2017-01-04 00:00:00-05:00,117.55000305175781,119.66000366210938,117.29000091552734,118.69000244140625,118.23833465576172,19630900,0.0,0.0
2017-01-05 00:00:00-05:00,118.86000061035156,120.94999694824219,118.31999969482422,120.66999816894531,120.21080780029297,19492200,0.0,0.0
2017-01-06 00:00:00-05:00,120.9800033569336,123.87999725341797,120.02999877929688,123.41000366210938,122.94038391113281,28545300,0.0,0.0
2017-01-09 00:00:00-05:00,123.55000305175781,125.43000030517578,123.04000091552734,124.9000015258789,124.4247055053711,22880400,0.0,0.0
2017-01-10 00:00:00-05:00,124.81999969482422,125.5,124.27999877929688,124.3499984741211,123.87680053710938,17324600,0.0,0.0
2017-01-11 00:00:00-05:00,124.3499984741211,126.12000274658203,124.05999755859375,126.08999633789062,125.61017608642578,18356500,0.0,0.0
2017-01-12 00:00:00-05:00,125.61000061035156,126.7300033569336,124.80000305175781,126.62000274658203,126.1381607055664,18653900,0.0,0.0
2017-01-13 00:00:00-05:00,127.48999786376953,129.27000427246094,127.37000274658203,128.33999633789062,127.85160064697266,24884300,0.0,0.0
2017-01-17 00:00:00-05:00,128.0399932861328,128.33999633789062,127.4000015258789,127.87000274658203,127.38340759277344,15294500,0.0,0.0
2017-01-18 00:00:00-05:00,128.41000366210938,128.42999267578125,126.83999633789062,127.91999816894531,127.43321228027344,13145900,0.0,0.0
2017-01-19 00:00:00-05:00,128.22999572753906,128.35000610351562,127.44999694824219,127.55000305175781,127.06462860107422,12195500,0.0,0.0
2017-01-20 00:00:00-05:00,128.10000610351562,128.47999572753906,126.77999877929688,127.04000091552734,126.55656433105469,19097200,0.0,0.0
2017-01-23 00:00:00-05:00,127.30999755859375,129.25,126.94999694824219,128.92999267578125,128.43934631347656,16593600,0.0,0.0
2017-01-24 00:00:00-05:00,129.3800048828125,129.89999389648438,128.3800048828125,129.3699951171875,128.877685546875,15162700,0.0,0.0
2017-01-25 00:00:00-05:00,130.0,131.74000549316406,129.77000427246094,131.47999572753906,130.97964477539062,18731300,0.0,0.0
2017-01-26 00:00:00-05:00,131.6300048828125,133.13999938964844,131.44000244140625,132.77999877929688,132.27471923828125,20020100,0.0,0.0
2017-01-27 00:00:00-05:00,132.67999267578125,132.9499969482422,131.0800018310547,132.17999267578125,131.677001953125,19539500,0.0,0.0
2017-01-30 00:00:00-05:00,131.5800018310547,131.5800018310547,129.60000610351562,130.97999572753906,130.4815673828125,18956100,0.0,0.0
2017-01-31 00:00:00-05:00,130.1699981689453,130.66000366210938,129.52000427246094,130.32000732421875,129.8240966796875,19790500,0.0,0.0
2017-02-01 00:00:00-05:00,132.25,133.49000549316406,130.67999267578125,133.22999572753906,132.72300720214844,50139800,0.0,0.0
2017-02-02 00:00:00-05:00,133.22000122070312,135.49000549316406,130.39999389648438,130.83999633789062,130.34210205078125,54366400,0.0,0.0
2017-02-03 00:00:00-05:00,131.24000549316406,132.85000610351562,130.75999450683594,130.97999572753906,130.4815673828125,24804900,0.0,0.0
2017-02-06 00:00:00-05:00,130.97999572753906,132.05999755859375,130.3000030517578,132.05999755859375,131.5574493408203,17058500,0.0,0.0
2017-02-07 00:00:00-05:00,132.24000549316406,133.0,131.66000366210938,131.83999633789062,131.33828735351562,14596400,0.0,0.0
2017-02-08 00:00:00-05:00,132.60000610351562,134.44000244140625,132.44000244140625,134.1999969482422,133.68931579589844,22390600,0.0,0.0
2017-02-09 00:00:00-05:00,134.49000549316406,134.5,133.30999755859375,134.13999938964844,133.62954711914062,16470600,0.0,0.0
2017-02-10 00:00:00-05:00,134.10000610351562,134.94000244140625,133.67999267578125,134.19000244140625,133.67935180664062,15061900,0.0,0.0
2017-02-13 00:00:00-05:00,134.6999969482422,134.6999969482422,133.6999969482422,134.0500030517578,133.53988647460938,13526200,0.0,0.0
2017-02-14 00:00:00-05:00,134.10000610351562,134.22999572753906,132.5500030517578,133.85000610351562,133.3406524658203,14364900,0.0,0.0
2017-02-15 00:00:00-05:00,133.4499969482422,133.6999969482422,132.66000366210938,133.44000244140625,132.9322052001953,13226500,0.0,0.0
2017-02-16 00:00:00-05:00,133.07000732421875,133.8699951171875,133.02000427246094,133.83999633789062,133.3306884765625,12831100,0.0,0.0
2017-02-17 00:00:00-05:00,133.5,134.08999633789062,133.1699981689453,133.52999877929688,133.02186584472656,12276500,0.0,0.0
2017-02-21 00:00:00-05:00,133.5,133.91000366210938,132.89999389648438,133.72000122070312,133.21115112304688,14759100,0.0,0.0
2017-02-22 00:00:00-05:00,133.60000610351562,136.7899932861328,133.4600067138672,136.1199951171875,135.6020050048828,27360100,0.0,0.0
2017-02-23 00:00:00-05:00,135.88999938964844,136.1199951171875,134.3300018310547,135.36000061035156,134.84490966796875,18422500,0.0,0.0
2017-02-24 00:00:00-05:00,134.16000366210938,135.6199951171875,134.16000366210938,135.44000244140625,134.9246063232422,12625700,0.0,0.0
2017-02-27 00:00:00-05:00,135.25999450683594,137.17999267578125,135.02000427246094,136.41000366210938,135.89089965820312,14306700,0.0,0.0
2017-02-28 00:00:00-05:00,136.7899932861328,136.80999755859375,134.75,135.5399932861328,135.02420043945312,16112100,0.0,0.0
2017-03-01 00:00:00-05:00,136.47000122070312,137.47999572753906,136.3000030517578,137.4199981689453,136.8970489501953,16257000,0.0,0.0
2017-03-02 00:00:00-05:00,137.08999633789062,137.82000732421875,136.30999755859375,136.75999450683594,136.23956298828125,12294800,0.0,0.0
2017-03-03 00:00:00-05:00,136.6300048828125,137.3300018310547,136.0800018310547,137.1699981689453,136.6479949951172,11160600,0.0,0.0
2017-03-06 00:00:00-05:00,136.8800048828125,137.8300018310547,136.50999450683594,137.4199981689453,136.8970489501953,12748200,0.0,0.0
2017-03-07 00:00:00-05:00,137.02999877929688,138.3699951171875,136.99000549316406,137.3000030517578,136.77752685546875,13527100,0.0,0.0
2017-03-08 00:00:00-05:00,137.14999389648438,137.99000549316406,137.0500030517578,137.72000122070312,137.1959228515625,10184500,0.0,0.0
2017-03-09 00:00:00-05:00,137.72000122070312,138.57000732421875,137.39999389648438,138.24000549316406,137.7139434814453,15535300,0.0,0.0
2017-03-10 00:00:00-05:00,138.91000366210938,139.49000549316406,138.22000122070312,138.7899932861328,138.2618408203125,16314100,0.0,0.0
2017-03-13 00:00:00-04:00,138.7100067138672,139.67999267578125,138.6699981689453,139.60000610351562,139.06875610351562,10955500,0.0,0.0
2017-03-14 00:00:00-04:00,139.4600067138672,139.4600067138672,138.52000427246094,139.32000732421875,138.7898406982422,12944000,0.0,0.0
2017-03-15 00:00:00-04:00,139.2899932861328,140.10000610351562,138.49000549316406,139.72000122070312,139.18832397460938,19344800,0.0,0.0
2017-03-16 00:00:00-04:00,140.1999969482422,140.25,139.72999572753906,139.99000549316406,139.45729064941406,13612900,0.0,0.0
2017-03-17 00:00:00-04:00,140.33999633789062,140.33999633789062,139.6999969482422,139.83999633789062,139.30784606933594,20592800,0.0,0.0
2017-03-20 00:00:00-04:00,139.7100067138672,140.19000244140625,139.25,139.94000244140625,139.407470703125,12099500,0.0,0.0
2017-03-21 00:00:00-04:00,141.14999389648438,142.30999755859375,138.39999389648438,138.50999450683594,137.98291015625,29894800,0.0,0.0
2017-03-22 00:00:00-04:00,137.92999267578125,139.7899932861328,137.60000610351562,139.58999633789062,139.05880737304688,17055400,0.0,0.0
2017-03-23 00:00:00-04:00,139.47999572753906,140.38999938964844,139.08999633789062,139.52999877929688,138.99903869628906,13022800,0.0,0.0
2017-03-24 00:00:00-04:00,140.0800018310547,141.02000427246094,139.75999450683594,140.33999633789062,139.80593872070312,16664700,0.0,0.0
2017-03-27 00:00:00-04:00,139.0500030517578,140.64999389648438,138.77000427246094,140.32000732421875,139.78604125976562,12800500,0.0,0.0
2017-03-28 00:00:00-04:00,140.36000061035156,141.9499969482422,140.00999450683594,141.75999450683594,141.22055053710938,14679400,0.0,0.0
2017-03-29 00:00:00-04:00,141.99000549316406,142.86000061035156,141.42999267578125,142.64999389648438,142.10714721679688,16527600,0.0,0.0
2017-03-30 00:00:00-04:00,142.39999389648438,142.9499969482422,141.85000610351562,142.41000366210938,141.86807250976562,12404000,0.0,0.0
2017-03-31 00:00:00-04:00,142.30999755859375,142.6300048828125,141.88999938964844,142.0500030517578,141.5094451904297,11478300,0.0,0.0
2017-04-03 00:00:00-04:00,141.92999267578125,142.47000122070312,140.82000732421875,142.27999877929688,141.73855590820312,13564000,0.0,0.0
2017-04-04 00:00:00-04:00,141.86000061035156,142.08999633789062,141.27000427246094,141.72999572753906,141.19065856933594,12948600,0.0,0.0
2017-04-05 00:00:00-04:00,142.25999450683594,143.44000244140625,141.2899932861328,141.85000610351562,141.31021118164062,17158100,0.0,0.0
2017-04-06 00:00:00-04:00,142.11000061035156,142.22000122070312,140.91000366210938,141.1699981689453,140.63278198242188,15103400,0.0,0.0
2017-04-07 00:00:00-04:00,141.1999969482422,141.5500030517578,140.24000549316406,140.77999877929688,140.24427795410156,11818300,0.0,0.0
2017-04-10 00:00:00-04:00,141.0,141.42999267578125,140.6300048828125,141.0399932861328,140.5032958984375,9039400,0.0,0.0
2017-04-11 00:00:00-04:00,140.8000030517578,141.02999877929688,138.80999755859375,139.9199981689453,139.38755798339844,16638100,0.0,0.0
2017-04-12 00:00:00-04:00,139.72000122070312,140.39999389648438,139.44000244140625,139.5800018310547,139.04884338378906,11612500,0.0,0.0
2017-04-13 00:00:00-04:00,139.6199951171875,140.5800018310547,139.3300018310547,139.38999938964844,138.8595428466797,10965600,0.0,0.0
2017-04-17 00:00:00-04:00,139.75999450683594,141.5500030517578,139.75,141.4199981689453,140.88185119628906,11519700,0.0,0.0
2017-04-18 00:00:00-04:00,141.27000427246094,141.91000366210938,140.61000061035156,140.9600067138672,140.42359924316406,14807500,0.0,0.0
2017-04-19 00:00:00-04:00,141.35000610351562,143.0399932861328,141.27000427246094,142.27000427246094,141.72862243652344,15563900,0.0,0.0
2017-04-20 00:00:00-04:00,142.9499969482422,144.25,142.69000244140625,143.8000030517578,143.25277709960938,15968200,0.0,0.0
2017-04-21 00:00:00-04:00,143.89999389648438,144.1699981689453,142.27000427246094,143.67999267578125,143.13323974609375,12382000,0.0,0.0
2017-04-24 00:00:00-04:00,144.9600067138672,145.6699981689453,144.33999633789062,145.47000122070312,144.9164276123047,14407200,0.0,0.0
2017-04-25 00:00:00-04:00,145.7899932861328,147.14999389648438,145.7899932861328,146.49000549316406,145.9325714111328,17767500,0.0,0.0
2017-04-26 00:00:00-04:00,147.08999633789062,147.58999633789062,146.08999633789062,146.55999755859375,146.0022735595703,12395000,0.0,0.0
2017-04-27 00:00:00-04:00,146.6699981689453,147.75,146.13999938964844,147.6999969482422,147.137939453125,11275100,0.0,0.0
2017-04-28 00:00:00-04:00,149.5,151.52999877929688,149.07000732421875,150.25,149.67823791503906,30652200,0.0,0.0
2017-05-01 00:00:00-04:00,151.74000549316406,152.57000732421875,151.4199981689453,152.4600067138672,151.8798370361328,25218300,0.0,0.0
2017-05-02 00:00:00-04:00,153.33999633789062,153.44000244140625,151.66000366210938,152.77999877929688,152.1986083984375,21870400,0.0,0.0
2017-05-03 00:00:00-04:00,153.60000610351562,153.60000610351562,151.33999633789062,151.8000030517578,151.2223358154297,29782500,0.0,0.0
2017-05-04 00:00:00-04:00,150.1699981689453,151.52000427246094,148.72000122070312,150.85000610351562,150.2759552001953,36225500,0.0,0.0
2017-05-05 00:00:00-04:00,151.4499969482422,151.6300048828125,149.7899932861328,150.24000549316406,149.6682891845703,17148500,0.0,0.0
2017-05-08 00:00:00-04:00,150.7100067138672,151.0800018310547,149.74000549316406,151.05999755859375,150.48516845703125,15827500,0.0,0.0
2017-05-09 00:00:00-04:00,151.49000549316406,152.58999633789062,150.2100067138672,150.47999572753906,149.9073486328125,17453900,0.0,0.0
2017-05-10 00:00:00-04:00,150.22999572753906,150.52000427246094,148.86000061035156,150.2899932861328,149.71807861328125,12080700,0.0,0.0
2017-05-11 00:00:00-04:00,150.30999755859375,150.64999389648438,149.41000366210938,150.0399932861328,149.4690399169922,11841900,0.0,0.0
2017-05-12 00:00:00-04:00,150.39999389648438,150.4600067138672,149.6300048828125,150.3300018310547,149.7579345703125,9598200,0.0,0.0
2017-05-15 00:00:00-04:00,150.1699981689453,151.47999572753906,149.77000427246094,150.19000244140625,149.61846923828125,15064700,0.0,0.0
2017-05-16 00:00:00-04:00,150.11000061035156,150.2100067138672,149.02999877929688,149.77999877929688,149.21002197265625,14550800,0.0,0.0
2017-05-17 00:00:00-04:00,148.0,148.6699981689453,144.4199981689453,144.85000610351562,144.29879760742188,28300100,0.0,0.0
2017-05-18 00:00:00-04:00,144.72000122070312,148.14999389648438,144.50999450683594,147.66000366210938,147.09811401367188,23031600,0.0,0.0
2017-05-19 00:00:00-04:00,148.4499969482422,149.38999938964844,147.9600067138672,148.05999755859375,147.49658203125,16187900,0.0,0.0
2017-05-22 00:00:00-04:00,148.0800018310547,148.58999633789062,147.69000244140625,148.24000549316406,147.67588806152344,12586700,0.0,0.0
2017-05-23 00:00:00-04:00,148.52000427246094,148.80999755859375,147.25,148.07000732421875,147.50653076171875,12817800,0.0,0.0
2017-05-24 00:00:00-04:00,148.50999450683594,150.22999572753906,148.4199981689453,150.0399932861328,149.4690399169922,17862400,0.0,0.0
2017-05-25 00:00:00-04:00,150.3000030517578,152.58999633789062,149.9499969482422,151.9600067138672,151.38174438476562,19891400,0.0,0.0
2017-05-26 00:00:00-04:00,152.22999572753906,152.25,151.14999389648438,152.1300048828125,151.55108642578125,14996200,0.0,0.0
2017-05-30 00:00:00-04:00,151.97000122070312,152.89999389648438,151.63999938964844,152.3800048828125,151.80014038085938,13226000,0.0,0.0
2017-05-31 00:00:00-04:00,152.6999969482422,153.35000610351562,151.08999633789062,151.4600067138672,150.88365173339844,18023900,0.0,0.0
2017-06-01 00:00:00-04:00,151.75,152.2899932861328,150.3000030517578,151.52999877929688,150.953369140625,14530600,0.0,0.0
2017-06-02 00:00:00-04:00,151.85000610351562,153.6300048828125,151.3000030517578,153.61000061035156,153.0254669189453,16854400,0.0,0.0
2017-06-05 00:00:00-04:00,153.63999938964844,154.7100067138672,153.41000366210938,153.6300048828125,153.04537963867188,12520400,0.0,0.0
2017-06-06 00:00:00-04:00,153.41000366210938,154.52000427246094,152.47999572753906,152.80999755859375,152.22850036621094,13457100,0.0,0.0
2017-06-07 00:00:00-04:00,153.27000427246094,153.75,152.33999633789062,153.1199951171875,152.53732299804688,12066700,0.0,0.0
2017-06-08 00:00:00-04:00,154.0800018310547,154.72999572753906,153.10000610351562,154.7100067138672,154.1212615966797,17799400,0.0,0.0
2017-06-09 00:00:00-04:00,154.77000427246094,155.58999633789062,146.61000061035156,149.60000610351562,149.0307159423828,35577700,0.0,0.0
2017-06-12 00:00:00-04:00,148.1699981689453,149.1999969482422,144.55999755859375,148.44000244140625,147.8751220703125,33170200,0.0,0.0
2017-06-13 00:00:00-04:00,150.14999389648438,151.17999267578125,148.89999389648438,150.67999267578125,150.10659790039062,20483400,0.0,0.0
2017-06-14 00:00:00-04:00,151.25999450683594,152.39999389648438,149.0500030517578,150.25,149.67823791503906,20808800,0.0,0.0
2017-06-15 00:00:00-04:00,147.6699981689453,150.0399932861328,146.3699951171875,149.8000030517578,149.22994995117188,18994200,0.0,0.0
2017-06-16 00:00:00-04:00,149.58999633789062,150.8300018310547,148.60000610351562,150.63999938964844,150.06675720214844,22882400,0.0,0.0
2017-06-19 00:00:00-04:00,151.7100067138672,153.57000732421875,151.7100067138672,152.8699951171875,152.28826904296875,19026500,0.0,0.0
2017-06-20 00:00:00-04:00,152.8800048828125,153.83999633789062,152.2100067138672,152.25,151.67062377929688,14743900,0.0,0.0
2017-06-21 00:00:00-04:00,152.36000061035156,154.0800018310547,151.8800048828125,153.91000366210938,153.32431030273438,15039800,0.0,0.0
2017-06-22 00:00:00-04:00,153.00999450683594,154.5500030517578,152.91000366210938,153.39999389648438,152.8162384033203,13005500,0.0,0.0
2017-06-23 00:00:00-04:00,152.72000122070312,155.1999969482422,152.64999389648438,155.07000732421875,154.4799041748047,18027000,0.0,0.0
2017-06-26 00:00:00-04:00,156.25,156.5,153.1999969482422,153.58999633789062,153.00552368164062,18049700,0.0,0.0
2017-06-27 00:00:00-04:00,152.83999633789062,153.30999755859375,150.38999938964844,150.5800018310547,150.00698852539062,19360800,0.0,0.0
2017-06-28 00:00:00-04:00,150.9199981689453,153.47000122070312,149.86000061035156,153.24000549316406,152.6568603515625,16719100,0.0,0.0
2017-06-29 00:00:00-04:00,152.27999877929688,152.5,148.9199981689453,151.0399932861328,150.46522521972656,23973500,0.0,0.0
2017-06-30 00:00:00-04:00,151.89999389648438,151.9199981689453,150.05999755859375,150.97999572753906,150.40545654296875,17666000,0.0,0.0
2017-07-03 00:00:00-04:00,151.72000122070312,152.14999389648438,147.8000030517578,148.42999267578125,147.86514282226562,13862700,0.0,0.0
2017-07-05 00:00:00-04:00,149.0,150.85000610351562,148.1300048828125,150.33999633789062,149.7678985595703,14334300,0.0,0.0
2017-07-06 00:00:00-04:00,149.02999877929688,150.0399932861328,148.0,148.82000732421875,148.25369262695312,14951800,0.0,0.0
2017-07-07 00:00:00-04:00,149.25,151.99000549316406,149.19000244140625,151.44000244140625,150.86370849609375,13615900,0.0,0.0
2017-07-10 00:00:00-04:00,151.69000244140625,153.97999572753906,151.50999450683594,153.5,152.91586303710938,13378700,0.0,0.0
2017-07-11 00:00:00-04:00,153.3699951171875,155.4199981689453,152.91000366210938,155.27000427246094,154.67913818359375,13667700,0.0,0.0
2017-07-12 00:00:00-04:00,156.49000549316406,159.16000366210938,156.1999969482422,158.89999389648438,158.29531860351562,22739400,0.0,0.0
2017-07-13 00:00:00-04:00,158.74000549316406,159.77999877929688,158.4199981689453,159.25999450683594,158.65394592285156,13929200,0.0,0.0
2017-07-14 00:00:00-04:00,160.1300048828125,160.32000732421875,159.3300018310547,159.97000122070312,159.3612518310547,16371200,0.0,0.0
2017-07-17 00:00:00-04:00,160.25,160.77999877929688,158.80999755859375,159.72999572753906,159.12216186523438,12858800,0.0,0.0
2017-07-18 00:00:00-04:00,159.66000366210938,163.72999572753906,159.4199981689453,162.86000061035156,162.24024963378906,23722900,0.0,0.0
2017-07-19 00:00:00-04:00,163.58999633789062,165.6999969482422,163.1699981689453,164.13999938964844,163.515380859375,26273600,0.0,0.0
2017-07-20 00:00:00-04:00,164.8000030517578,165.0,162.80999755859375,164.52999877929688,163.90390014648438,18523100,0.0,0.0
2017-07-21 00:00:00-04:00,164.16000366210938,165.0500030517578,163.75,164.42999267578125,163.8042755126953,14744000,0.0,0.0
2017-07-24 00:00:00-04:00,164.63999938964844,166.1699981689453,164.30999755859375,166.0,165.36830139160156,17367000,0.0,0.0
2017-07-25 00:00:00-04:00,165.00999450683594,165.5399932861328,163.86000061035156,165.27999877929688,164.6510467529297,15383200,0.0,0.0
2017-07-26 00:00:00-04:00,166.00999450683594,166.00999450683594,164.10000610351562,165.61000061035156,164.97979736328125,35236900,0.0,0.0
2017-07-27 00:00:00-04:00,174.6999969482422,175.49000549316406,167.5,170.44000244140625,169.79141235351562,68910700,0.0,0.0
2017-07-28 00:00:00-04:00,169.07000732421875,173.42999267578125,169.0500030517578,172.4499969482422,171.7937469482422,24557600,0.0,0.0
2017-07-31 00:00:00-04:00,172.0,172.72000122070312,168.5500030517578,169.25,168.60592651367188,25478900,0.0,0.0
2017-08-01 00:00:00-04:00,169.82000732421875,170.47000122070312,169.0500030517578,169.86000061035156,169.21360778808594,14385000,0.0,0.0
2017-08-02 00:00:00-04:00,170.3000030517578,170.5500030517578,166.91000366210938,169.3000030517578,168.65574645996094,17433800,0.0,0.0
2017-08-03 00:00:00-04:00,169.3000030517578,169.6999969482422,168.25,168.58999633789062,167.9484405517578,10793800,0.0,0.0
2017-08-04 00:00:00-04:00,168.97000122070312,170.05999755859375,168.69000244140625,169.6199951171875,168.9745330810547,10777700,0.0,0.0
2017-08-07 00:00:00-04:00,169.9499969482422,172.05999755859375,169.66000366210938,171.97999572753906,171.32554626464844,12787800,0.0,0.0
2017-08-08 00:00:00-04:00,171.8800048828125,173.0500030517578,170.6199951171875,171.22999572753906,170.57839965820312,14393500,0.0,0.0
2017-08-09 00:00:00-04:00,169.97999572753906,171.4499969482422,169.55999755859375,171.17999267578125,170.52857971191406,10815000,0.0,0.0
2017-08-10 00:00:00-04:00,170.05999755859375,170.58999633789062,166.85000610351562,167.39999389648438,166.76295471191406,20832700,0.0,0.0
2017-08-11 00:00:00-04:00,167.9499969482422,168.82000732421875,166.85000610351562,168.0800018310547,167.44039916992188,13791200,0.0,0.0
2017-08-14 00:00:00-04:00,170.08999633789062,171.0800018310547,169.2899932861328,170.75,170.10023498535156,12954200,0.0,0.0
2017-08-15 00:00:00-04:00,171.49000549316406,171.5,170.00999450683594,171.0,170.34927368164062,8729200,0.0,0.0
2017-08-16 00:00:00-04:00,171.25,171.3800048828125,169.24000549316406,170.0,169.3530731201172,15779900,0.0,0.0
2017-08-17 00:00:00-04:00,169.33999633789062,169.86000061035156,166.85000610351562,166.91000366210938,166.27484130859375,17216000,0.0,0.0
2017-08-18 00:00:00-04:00,166.83999633789062,168.6699981689453,166.2100067138672,167.41000366210938,166.77294921875,15093600,0.0,0.0
2017-08-21 00:00:00-04:00,167.16000366210938,168.0,165.82000732421875,167.77999877929688,167.1415252685547,11907500,0.0,0.0
2017-08-22 00:00:00-04:00,168.27999877929688,169.8699951171875,167.14999389648438,169.63999938964844,168.99444580078125,11391000,0.0,0.0
2017-08-23 00:00:00-04:00,168.83999633789062,169.36000061035156,168.1999969482422,168.7100067138672,168.0679931640625,9856500,0.0,0.0
2017-08-24 00:00:00-04:00,168.8800048828125,169.2899932861328,166.41000366210938,167.74000549316406,167.1016845703125,14030400,0.0,0.0
2017-08-25 00:00:00-04:00,167.86000061035156,168.3800048828125,166.17999267578125,166.32000732421875,165.68710327148438,12614500,0.0,0.0
2017-08-28 00:00:00-04:00,166.91000366210938,167.6999969482422,166.3300018310547,167.24000549316406,166.6035919189453,8553700,0.0,0.0
2017-08-29 00:00:00-04:00,165.25,168.42999267578125,165.0,168.0500030517578,167.41050720214844,11121000,0.0,0.0
2017-08-30 00:00:00-04:00,168.1699981689453,170.17999267578125,167.6300048828125,169.9199981689453,169.2733917236328,11138300,0.0,0.0
2017-08-31 00:00:00-04:00,170.39999389648438,172.14999389648438,170.05999755859375,171.97000122070312,171.3155975341797,17226500,0.0,0.0
2017-09-01 00:00:00-04:00,172.39999389648438,172.9199981689453,171.30999755859375,172.02000427246094,171.3654022216797,11677600,0.0,0.0
2017-09-05 00:00:00-04:00,171.27000427246094,172.38999938964844,169.5500030517578,170.72000122070312,170.0703582763672,13210900,0.0,0.0
2017-09-06 00:00:00-04:00,170.91000366210938,172.47999572753906,169.57000732421875,172.08999633789062,171.4351043701172,13906300,0.0,0.0
2017-09-07 00:00:00-04:00,171.94000244140625,173.30999755859375,170.27000427246094,173.2100067138672,172.55087280273438,18049500,0.0,0.0
2017-09-08 00:00:00-04:00,173.08999633789062,173.49000549316406,170.8000030517578,170.9499969482422,170.29945373535156,10998500,0.0,0.0
2017-09-11 00:00:00-04:00,172.39999389648438,173.88999938964844,172.1999969482422,173.50999450683594,172.8497314453125,12372000,0.0,0.0
2017-09-12 00:00:00-04:00,173.75999450683594,174.0,171.75,172.9600067138672,172.3018341064453,11186300,0.0,0.0
2017-09-13 00:00:00-04:00,173.00999450683594,173.1699981689453,172.05999755859375,173.0500030517578,172.3914794921875,9119300,0.0,0.0
2017-09-14 00:00:00-04:00,172.25999450683594,172.27999877929688,170.5,170.9600067138672,170.3094482421875,15615700,0.0,0.0
2017-09-15 00:00:00-04:00,170.8800048828125,172.33999633789062,170.25999450683594,171.63999938964844,170.98684692382812,15660500,0.0,0.0
2017-09-18 00:00:00-04:00,171.99000549316406,172.07000732421875,169.33999633789062,170.00999450683594,169.36305236816406,12954000,0.0,0.0
2017-09-19 00:00:00-04:00,170.6199951171875,172.55999755859375,170.36000061035156,172.52000427246094,171.86349487304688,13168600,0.0,0.0
2017-09-20 00:00:00-04:00,172.5,173.0500030517578,170.6999969482422,172.1699981689453,171.5148162841797,12264100,0.0,0.0
2017-09-21 00:00:00-04:00,171.69000244140625,172.27000427246094,170.00999450683594,171.11000061035156,170.45884704589844,11161400,0.0,0.0
2017-09-22 00:00:00-04:00,170.2100067138672,171.72999572753906,169.22000122070312,170.5399932861328,169.89102172851562,12097100,0.0,0.0
2017-09-25 00:00:00-04:00,169.24000549316406,169.3000030517578,161.55999755859375,162.8699951171875,162.25021362304688,41251600,0.0,0.0
2017-09-26 00:00:00-04:00,164.5,165.5,162.77999877929688,164.2100067138672,163.58511352539062,23363300,0.0,0.0
2017-09-27 00:00:00-04:00,165.89999389648438,168.33999633789062,165.57000732421875,167.67999267578125,167.04190063476562,19242500,0.0,0.0
2017-09-28 00:00:00-04:00,167.94000244140625,169.07000732421875,167.16000366210938,168.72999572753906,168.08790588378906,12178700,0.0,0.0
2017-09-29 00:00:00-04:00,168.8300018310547,171.66000366210938,168.80999755859375,170.8699951171875,170.2197723388672,15340400,0.0,0.0
2017-10-02 00:00:00-04:00,171.38999938964844,171.8699951171875,168.75,169.47000122070312,168.82508850097656,13392300,0.0,0.0
2017-10-03 00:00:00-04:00,169.3000030517578,170.72999572753906,169.1999969482422,169.9600067138672,169.31324768066406,8190300,0.0,0.0
2017-10-04 00:00:00-04:00,169.8300018310547,170.6699981689453,168.2899932861328,168.4199981689453,167.7790985107422,12127900,0.0,0.0
2017-10-05 00:00:00-04:00,169.17999267578125,171.30999755859375,168.60000610351562,171.24000549316406,170.58836364746094,14580600,0.0,0.0
2017-10-06 00:00:00-04:00,170.25,172.3699951171875,169.75,172.22999572753906,171.5745849609375,13124500,0.0,0.0
2017-10-09 00:00:00-04:00,172.6999969482422,174.8800048828125,172.0,172.5,171.8435821533203,14570400,0.0,0.0
2017-10-10 00:00:00-04:00,173.0,173.1999969482422,170.8000030517578,171.58999633789062,170.93702697753906,11341100,0.0,0.0
2017-10-11 00:00:00-04:00,171.9499969482422,172.77999877929688,171.39999389648438,172.74000549316406,172.08265686035156,11283700,0.0,0.0
2017-10-12 00:00:00-04:00,172.61000061035156,173.85000610351562,172.2899932861328,172.5500030517578,171.89337158203125,10351000,0.0,0.0
2017-10-13 00:00:00-04:00,173.4499969482422,174.64999389648438,173.1999969482422,173.74000549316406,173.078857421875,13658300,0.0,0.0
2017-10-16 00:00:00-04:00,174.49000549316406,175.0,174.05999755859375,174.52000427246094,173.85589599609375,11498800,0.0,0.0
2017-10-17 00:00:00-04:00,174.7100067138672,176.1300048828125,174.36000061035156,176.11000061035156,175.43983459472656,15990100,0.0,0.0
2017-10-18 00:00:00-04:00,176.64999389648438,176.74000549316406,175.75,176.02999877929688,175.36013793945312,12752400,0.0,0.0
2017-10-19 00:00:00-04:00,174.92999267578125,176.02999877929688,172.6300048828125,174.55999755859375,173.89572143554688,14048400,0.0,0.0
2017-10-20 00:00:00-04:00,175.5,175.8800048828125,174.6300048828125,174.97999572753906,174.3141326904297,12602200,0.0,0.0
2017-10-23 00:00:00-04:00,175.1999969482422,175.33999633789062,171.25,171.27000427246094,170.61825561523438,13852700,0.0,0.0
2017-10-24 00:00:00-04:00,172.3000030517578,173.24000549316406,171.5,171.8000030517578,171.14622497558594,12267900,0.0,0.0
2017-10-25 00:00:00-04:00,171.89999389648438,172.25,168.88999938964844,170.60000610351562,169.9508056640625,15868200,0.0,0.0
2017-10-26 00:00:00-04:00,171.3800048828125,172.2899932861328,170.38999938964844,170.6300048828125,169.98068237304688,11833100,0.0,0.0
2017-10-27 00:00:00-04:00,174.14999389648438,178.2100067138672,173.89999389648438,177.8800048828125,177.20310974121094,30285300,0.0,0.0
2017-10-30 00:00:00-04:00,179.25999450683594,180.69000244140625,177.61000061035156,179.8699951171875,179.18551635742188,24353200,0.0,0.0
2017-10-31 00:00:00-04:00,180.57000732421875,180.8000030517578,178.94000244140625,180.05999755859375,179.37478637695312,20174200,0.0,0.0
2017-11-01 00:00:00-04:00,182.36000061035156,182.89999389648438,180.57000732421875,182.66000366210938,181.96490478515625,40918300,0.0,0.0
2017-11-02 00:00:00-04:00,180.6300048828125,181.94000244140625,177.33999633789062,178.9199981689453,178.2391357421875,35529900,0.0,0.0
2017-11-03 00:00:00-04:00,179.2899932861328,179.86000061035156,176.7100067138672,178.9199981689453,178.2391357421875,17822100,0.0,0.0
2017-11-06 00:00:00-05:00,178.55999755859375,180.4499969482422,178.30999755859375,180.1699981689453,179.484375,13312700,0.0,0.0
2017-11-07 00:00:00-05:00,180.5,180.75,178.9600067138672,180.25,179.5640869140625,12928200,0.0,0.0
2017-11-08 00:00:00-05:00,179.7899932861328,180.35000610351562,179.11000061035156,179.55999755859375,178.876708984375,10494100,0.0,0.0
2017-11-09 00:00:00-05:00,178.30999755859375,179.39999389648438,177.08999633789062,179.3000030517578,178.61770629882812,12610300,0.0,0.0
2017-11-10 00:00:00-05:00,178.35000610351562,179.10000610351562,177.9600067138672,178.4600067138672,177.7808837890625,11070200,0.0,0.0
2017-11-13 00:00:00-05:00,177.5,179.0399932861328,177.3000030517578,178.77000427246094,178.0897216796875,9523400,0.0,0.0
2017-11-14 00:00:00-05:00,178.1300048828125,178.97000122070312,177.17999267578125,178.07000732421875,177.3923797607422,9585900,0.0,0.0
2017-11-15 00:00:00-05:00,176.66000366210938,178.57000732421875,176.39999389648438,177.9499969482422,177.27284240722656,10253700,0.0,0.0
2017-11-16 00:00:00-05:00,178.75999450683594,179.8300018310547,178.5,179.58999633789062,178.90658569335938,15607600,0.0,0.0
2017-11-17 00:00:00-05:00,179.3000030517578,179.97999572753906,178.89999389648438,179.0,178.31883239746094,13018000,0.0,0.0
2017-11-20 00:00:00-05:00,178.8699951171875,179.5,178.10000610351562,178.74000549316406,178.05982971191406,10052400,0.0,0.0
2017-11-21 00:00:00-05:00,179.14999389648438,181.88999938964844,178.99000549316406,181.86000061035156,181.16793823242188,14504000,0.0,0.0
2017-11-22 00:00:00-05:00,181.3000030517578,181.72999572753906,180.44000244140625,180.8699951171875,180.1817169189453,10376300,0.0,0.0
2017-11-24 00:00:00-05:00,180.39999389648438,183.14999389648438,180.2899932861328,182.77999877929688,182.08445739746094,9426300,0.0,0.0
2017-11-27 00:00:00-05:00,182.55999755859375,183.72999572753906,181.99000549316406,183.02999877929688,182.33348083496094,12344500,0.0,0.0
2017-11-28 00:00:00-05:00,183.50999450683594,184.25,182.08999633789062,182.4199981689453,181.72581481933594,14379700,0.0,0.0
2017-11-29 00:00:00-05:00,181.88999938964844,181.97000122070312,174.0,175.1300048828125,174.46356201171875,41933500,0.0,0.0
2017-11-30 00:00:00-05:00,176.85000610351562,178.27999877929688,175.1999969482422,177.17999267578125,176.50575256347656,25307600,0.0,0.0
2017-12-01 00:00:00-05:00,176.02999877929688,177.47999572753906,172.33999633789062,175.10000610351562,174.43368530273438,20182500,0.0,0.0
2017-12-04 00:00:00-05:00,176.2899932861328,176.57000732421875,170.7899932861328,171.47000122070312,170.81748962402344,24459400,0.0,0.0
2017-12-05 00:00:00-05:00,170.4499969482422,175.3800048828125,169.00999450683594,172.8300018310547,172.17230224609375,20184900,0.0,0.0
2017-12-06 00:00:00-05:00,172.5,176.77000427246094,171.89999389648438,176.05999755859375,175.3900146484375,20255800,0.0,0.0
2017-12-07 00:00:00-05:00,175.8000030517578,180.38999938964844,175.8000030517578,180.13999938964844,179.45449829101562,20404500,0.0,0.0
2017-12-08 00:00:00-05:00,181.52999877929688,182.27999877929688,178.74000549316406,179.0,178.31883239746094,19883800,0.0,0.0
2017-12-11 00:00:00-05:00,179.3000030517578,180.22000122070312,178.8000030517578,179.0399932861328,178.35867309570312,13168600,0.0,0.0
2017-12-12 00:00:00-05:00,178.60000610351562,179.17999267578125,176.60000610351562,176.9600067138672,176.28660583496094,16854100,0.0,0.0
2017-12-13 00:00:00-05:00,177.3000030517578,179.16000366210938,177.25,178.3000030517578,177.62149047851562,14615700,0.0,0.0
2017-12-14 00:00:00-05:00,178.2899932861328,180.36000061035156,177.67999267578125,178.38999938964844,177.71115112304688,13591000,0.0,0.0
2017-12-15 00:00:00-05:00,179.02000427246094,180.49000549316406,178.36000061035156,180.17999267578125,179.4943389892578,28463100,0.0,0.0
2017-12-18 00:00:00-05:00,181.00999450683594,181.3000030517578,179.75,180.82000732421875,180.13192749023438,17265400,0.0,0.0
2017-12-19 00:00:00-05:00,179.9499969482422,180.0800018310547,178.22000122070312,179.50999450683594,178.82688903808594,14920600,0.0,0.0
2017-12-20 00:00:00-05:00,179.80999755859375,179.80999755859375,177.36000061035156,177.88999938964844,177.2130584716797,11860500,0.0,0.0
2017-12-21 00:00:00-05:00,177.94000244140625,178.67999267578125,177.0500030517578,177.4499969482422,176.77471923828125,11600700,0.0,0.0
2017-12-22 00:00:00-05:00,177.13999938964844,177.52999877929688,176.22999572753906,177.1999969482422,176.5256805419922,8509500,0.0,0.0
2017-12-26 00:00:00-05:00,176.6300048828125,177.0,174.6699981689453,175.99000549316406,175.32029724121094,8897300,0.0,0.0
2017-12-27 00:00:00-05:00,176.5500030517578,178.44000244140625,176.25999450683594,177.6199951171875,176.94407653808594,9496100,0.0,0.0
2017-12-28 00:00:00-05:00,177.9499969482422,178.94000244140625,177.67999267578125,177.9199981689453,177.24295043945312,12220800,0.0,0.0
2017-12-29 00:00:00-05:00,178.0,178.85000610351562,176.4600067138672,176.4600067138672,175.7884979248047,10261500,0.0,0.0
2018-01-02 00:00:00-05:00,177.67999267578125,181.5800018310547,177.5500030517578,181.4199981689453,180.72962951660156,18151900,0.0,0.0
2018-01-03 00:00:00-05:00,181.8800048828125,184.77999877929688,181.3300018310547,184.6699981689453,183.96725463867188,16886600,0.0,0.0
2018-01-04 00:00:00-05:00,184.89999389648438,186.2100067138672,184.10000610351562,184.3300018310547,183.62855529785156,13880900,0.0,0.0
2018-01-05 00:00:00-05:00,185.58999633789062,186.89999389648438,184.92999267578125,186.85000610351562,186.1389617919922,13574500,0.0,0.0
2018-01-08 00:00:00-05:00,187.1999969482422,188.89999389648438,186.3300018310547,188.27999877929688,187.5635223388672,17994700,0.0,0.0
2018-01-09 00:00:00-05:00,188.6999969482422,188.8000030517578,187.10000610351562,187.8699951171875,187.1550750732422,12393100,0.0,0.0
2018-01-10 00:00:00-05:00,186.94000244140625,187.88999938964844,185.6300048828125,187.83999633789062,187.12518310546875,10529900,0.0,0.0
2018-01-11 00:00:00-05:00,188.39999389648438,188.39999389648438,187.3800048828125,187.77000427246094,187.0554656982422,9588600,0.0,0.0
2018-01-12 00:00:00-05:00,178.05999755859375,181.47999572753906,177.39999389648438,179.3699951171875,178.68740844726562,77551300,0.0,0.0
2018-01-16 00:00:00-05:00,181.5,181.75,178.0399932861328,178.38999938964844,177.71115112304688,36183800,0.0,0.0
2018-01-17 00:00:00-05:00,179.25999450683594,179.32000732421875,175.8000030517578,177.60000610351562,176.92416381835938,27992400,0.0,0.0
2018-01-18 00:00:00-05:00,178.1300048828125,180.97999572753906,177.0800018310547,179.8000030517578,179.11578369140625,23304900,0.0,0.0
2018-01-19 00:00:00-05:00,180.85000610351562,182.3699951171875,180.1699981689453,181.2899932861328,180.60011291503906,26826500,0.0,0.0
2018-01-22 00:00:00-05:00,180.8000030517578,185.38999938964844,180.41000366210938,185.3699951171875,184.66458129882812,21059500,0.0,0.0
2018-01-23 00:00:00-05:00,186.0500030517578,189.5500030517578,185.5500030517578,189.35000610351562,188.62945556640625,25678800,0.0,0.0
2018-01-24 00:00:00-05:00,189.88999938964844,190.66000366210938,186.52000427246094,186.5500030517578,185.84011840820312,24334500,0.0,0.0
2018-01-25 00:00:00-05:00,187.9499969482422,188.6199951171875,186.60000610351562,187.47999572753906,186.7665557861328,17377700,0.0,0.0
2018-01-26 00:00:00-05:00,187.75,190.0,186.80999755859375,190.0,189.2769775390625,17759200,0.0,0.0
2018-01-29 00:00:00-05:00,188.75,188.83999633789062,185.6300048828125,185.97999572753906,185.2722625732422,20453200,0.0,0.0
2018-01-30 00:00:00-05:00,187.6199951171875,188.17999267578125,181.83999633789062,187.1199951171875,186.4079132080078,20858600,0.0,0.0
2018-01-31 00:00:00-05:00,188.3699951171875,189.8300018310547,185.22000122070312,186.88999938964844,186.17880249023438,43275100,0.0,0.0
2018-02-01 00:00:00-05:00,188.22000122070312,195.32000732421875,187.88999938964844,193.08999633789062,192.35520935058594,54211300,0.0,0.0
2018-02-02 00:00:00-05:00,192.0399932861328,194.2100067138672,189.97999572753906,190.27999877929688,189.555908203125,26677500,0.0,0.0
2018-02-05 00:00:00-05:00,186.92999267578125,190.61000061035156,180.61000061035156,181.25999450683594,180.5702362060547,33128200,0.0,0.0
2018-02-06 00:00:00-05:00,178.57000732421875,185.77000427246094,177.74000549316406,185.30999755859375,184.6048126220703,37758500,0.0,0.0
2018-02-07 00:00:00-05:00,184.14999389648438,185.0800018310547,179.9499969482422,180.17999267578125,179.4943389892578,27601900,0.0,0.0
2018-02-08 00:00:00-05:00,181.00999450683594,181.83999633789062,171.47999572753906,171.5800018310547,170.9270782470703,38478300,0.0,0.0
2018-02-09 00:00:00-05:00,174.75999450683594,176.89999389648438,167.17999267578125,176.11000061035156,175.43983459472656,39887600,0.0,0.0
2018-02-12 00:00:00-05:00,177.05999755859375,177.5500030517578,171.83999633789062,176.41000366210938,175.73870849609375,32092100,0.0,0.0
2018-02-13 00:00:00-05:00,175.6199951171875,175.97000122070312,173.10000610351562,173.14999389648438,172.49110412597656,21809400,0.0,0.0
2018-02-14 00:00:00-05:00,173.4499969482422,179.80999755859375,173.2100067138672,179.52000427246094,178.83685302734375,28929700,0.0,0.0
2018-02-15 00:00:00-05:00,180.5,180.5,176.83999633789062,179.9600067138672,179.2751922607422,20922100,0.0,0.0
2018-02-16 00:00:00-05:00,178.99000549316406,179.8800048828125,176.3000030517578,177.36000061035156,176.68508911132812,20645300,0.0,0.0
2018-02-20 00:00:00-05:00,175.77000427246094,177.9499969482422,175.11000061035156,176.00999450683594,175.3402099609375,21204900,0.0,0.0
2018-02-21 00:00:00-05:00,176.7100067138672,181.27000427246094,176.39999389648438,177.91000366210938,177.23297119140625,23200800,0.0,0.0
2018-02-22 00:00:00-05:00,178.6999969482422,180.2100067138672,177.41000366210938,178.99000549316406,178.3088836669922,18464200,0.0,0.0
2018-02-23 00:00:00-05:00,179.89999389648438,183.38999938964844,179.50999450683594,183.2899932861328,182.59249877929688,19007300,0.0,0.0
2018-02-26 00:00:00-05:00,184.5800018310547,185.66000366210938,183.22000122070312,184.92999267578125,184.22625732421875,17599700,0.0,0.0
2018-02-27 00:00:00-05:00,184.4499969482422,184.6999969482422,181.4600067138672,181.4600067138672,180.76947021484375,15849800,0.0,0.0
2018-02-28 00:00:00-05:00,182.3000030517578,182.8800048828125,178.13999938964844,178.32000732421875,177.6414337158203,18783000,0.0,0.0
2018-03-01 00:00:00-05:00,179.00999450683594,180.1199951171875,174.41000366210938,175.94000244140625,175.27047729492188,23201600,0.0,0.0
2018-03-02 00:00:00-05:00,173.2899932861328,177.11000061035156,172.99000549316406,176.6199951171875,175.94789123535156,20025900,0.0,0.0
2018-03-05 00:00:00-05:00,176.1999969482422,181.14999389648438,175.88999938964844,180.39999389648438,179.7135009765625,16189300,0.0,0.0
2018-03-06 00:00:00-05:00,181.77999877929688,182.3800048828125,179.11000061035156,179.77999877929688,179.0958709716797,15086800,0.0,0.0
2018-03-07 00:00:00-05:00,178.74000549316406,183.82000732421875,178.07000732421875,183.7100067138672,183.01092529296875,19097300,0.0,0.0
2018-03-08 00:00:00-05:00,183.55999755859375,184.39999389648438,181.4499969482422,182.33999633789062,181.6461181640625,17225900,0.0,0.0
2018-03-09 00:00:00-05:00,183.91000366210938,185.50999450683594,183.2100067138672,185.22999572753906,184.52511596679688,18526300,0.0,0.0
2018-03-12 00:00:00-04:00,185.22999572753906,186.10000610351562,184.22000122070312,184.75999450683594,184.05690002441406,15301200,0.0,0.0
2018-03-13 00:00:00-04:00,185.61000061035156,185.99000549316406,181.11000061035156,181.8800048828125,181.18788146972656,18067500,0.0,0.0
2018-03-14 00:00:00-04:00,182.60000610351562,184.25,181.85000610351562,184.19000244140625,183.4890899658203,16821700,0.0,0.0
2018-03-15 00:00:00-04:00,183.24000549316406,184.0,182.19000244140625,183.86000061035156,183.16033935546875,15614300,0.0,0.0
2018-03-16 00:00:00-04:00,184.49000549316406,185.3300018310547,183.41000366210938,185.08999633789062,184.38565063476562,24403400,0.0,0.0
2018-03-19 00:00:00-04:00,177.00999450683594,177.1699981689453,170.05999755859375,172.55999755859375,171.90335083007812,88140100,0.0,0.0
2018-03-20 00:00:00-04:00,167.47000122070312,170.1999969482422,161.9499969482422,168.14999389648438,167.5101318359375,129851800,0.0,0.0
2018-03-21 00:00:00-04:00,164.8000030517578,173.39999389648438,163.3000030517578,169.38999938964844,168.7454071044922,106598800,0.0,0.0
2018-03-22 00:00:00-04:00,166.1300048828125,170.27000427246094,163.72000122070312,164.88999938964844,164.26254272460938,73743000,0.0,0.0
2018-03-23 00:00:00-04:00,165.44000244140625,166.60000610351562,159.02000427246094,159.38999938964844,158.78346252441406,53609700,0.0,0.0
2018-03-26 00:00:00-04:00,160.82000732421875,161.10000610351562,149.02000427246094,160.05999755859375,159.45089721679688,126116600,0.0,0.0
2018-03-27 00:00:00-04:00,156.30999755859375,162.85000610351562,150.75,152.22000122070312,151.6407470703125,79117000,0.0,0.0
2018-03-28 00:00:00-04:00,151.64999389648438,155.8800048828125,150.8000030517578,153.02999877929688,152.44764709472656,60029200,0.0,0.0
2018-03-29 00:00:00-04:00,155.14999389648438,161.4199981689453,154.13999938964844,159.7899932861328,159.1819305419922,59434300,0.0,0.0
2018-04-02 00:00:00-04:00,157.80999755859375,159.1999969482422,154.11000061035156,155.38999938964844,154.79867553710938,36796000,0.0,0.0
2018-04-03 00:00:00-04:00,156.5500030517578,157.38999938964844,150.80999755859375,156.11000061035156,155.51593017578125,42543900,0.0,0.0
2018-04-04 00:00:00-04:00,152.02999877929688,155.55999755859375,150.50999450683594,155.10000610351562,154.50978088378906,49885600,0.0,0.0
2018-04-05 00:00:00-04:00,161.55999755859375,161.57000732421875,156.64999389648438,159.33999633789062,158.733642578125,41449600,0.0,0.0
2018-04-06 00:00:00-04:00,157.72999572753906,161.4199981689453,156.80999755859375,157.1999969482422,156.60179138183594,41644800,0.0,0.0
2018-04-09 00:00:00-04:00,157.82000732421875,160.52999877929688,156.0399932861328,157.92999267578125,157.32901000976562,34915200,0.0,0.0
2018-04-10 00:00:00-04:00,157.92999267578125,165.97999572753906,157.00999450683594,165.0399932861328,164.41197204589844,57889300,0.0,0.0
2018-04-11 00:00:00-04:00,165.36000061035156,168.64999389648438,163.25,166.32000732421875,165.68710327148438,56144600,0.0,0.0
2018-04-12 00:00:00-04:00,166.97999572753906,167.4499969482422,163.10000610351562,163.8699951171875,163.2464141845703,38263000,0.0,0.0
2018-04-13 00:00:00-04:00,164.5800018310547,165.6999969482422,163.77000427246094,164.52000427246094,163.89395141601562,19990600,0.0,0.0
2018-04-16 00:00:00-04:00,165.72000122070312,165.77999877929688,163.38999938964844,164.8300018310547,164.2027587890625,18119400,0.0,0.0
2018-04-17 00:00:00-04:00,165.8300018310547,169.0,165.66000366210938,168.66000366210938,168.01817321777344,22743000,0.0,0.0
2018-04-18 00:00:00-04:00,166.8800048828125,168.1199951171875,165.77000427246094,166.36000061035156,165.7269287109375,20969600,0.0,0.0
2018-04-19 00:00:00-04:00,166.1999969482422,168.3300018310547,165.1999969482422,168.10000610351562,167.4603271484375,22235000,0.0,0.0
2018-04-20 00:00:00-04:00,167.7899932861328,168.42999267578125,165.80999755859375,166.27999877929688,165.647216796875,19119400,0.0,0.0
2018-04-23 00:00:00-04:00,167.27000427246094,168.4499969482422,165.08999633789062,165.83999633789062,165.20892333984375,23088100,0.0,0.0
2018-04-24 00:00:00-04:00,165.42999267578125,166.10000610351562,158.19000244140625,159.69000244140625,159.0823211669922,35079900,0.0,0.0
2018-04-25 00:00:00-04:00,160.13999938964844,161.05999755859375,156.19000244140625,159.69000244140625,159.0823211669922,41083600,0.0,0.0
2018-04-26 00:00:00-04:00,173.22000122070312,176.27000427246094,170.8000030517578,174.16000366210938,173.49725341796875,77556900,0.0,0.0
2018-04-27 00:00:00-04:00,176.80999755859375,177.10000610351562,172.60000610351562,173.58999633789062,172.92941284179688,29804700,0.0,0.0
2018-04-30 00:00:00-04:00,173.7899932861328,175.72000122070312,171.7100067138672,172.0,171.34547424316406,20750500,0.0,0.0
2018-05-01 00:00:00-04:00,172.0,174.02000427246094,170.22999572753906,173.86000061035156,173.19839477539062,26025900,0.0,0.0
2018-05-02 00:00:00-04:00,174.25,178.0800018310547,174.1999969482422,176.07000732421875,175.39999389648438,30424500,0.0,0.0
2018-05-03 00:00:00-04:00,175.1300048828125,176.1199951171875,172.1199951171875,174.02000427246094,173.3577880859375,24026100,0.0,0.0
2018-05-04 00:00:00-04:00,173.0800018310547,176.97999572753906,173.05999755859375,176.61000061035156,175.93792724609375,17677800,0.0,0.0
2018-05-07 00:00:00-04:00,177.35000610351562,179.5,177.1699981689453,177.97000122070312,177.29275512695312,18697200,0.0,0.0
2018-05-08 00:00:00-04:00,178.25,179.0399932861328,177.11000061035156,178.9199981689453,178.2391357421875,15577200,0.0,0.0
2018-05-09 00:00:00-04:00,179.6699981689453,183.00999450683594,178.77999877929688,182.66000366210938,181.96490478515625,23282800,0.0,0.0
2018-05-10 00:00:00-04:00,183.14999389648438,186.1300048828125,182.5,185.52999877929688,184.82398986816406,21071400,0.0,0.0
2018-05-11 00:00:00-04:00,184.85000610351562,188.32000732421875,184.17999267578125,186.99000549316406,186.27842712402344,21207800,0.0,0.0
2018-05-14 00:00:00-04:00,187.7100067138672,187.86000061035156,186.1999969482422,186.63999938964844,185.9297637939453,15646700,0.0,0.0
2018-05-15 00:00:00-04:00,184.8800048828125,185.2899932861328,183.1999969482422,184.32000732421875,183.61859130859375,15429400,0.0,0.0
2018-05-16 00:00:00-04:00,183.6999969482422,184.32000732421875,182.66000366210938,183.1999969482422,182.50283813476562,16975500,0.0,0.0
2018-05-17 00:00:00-04:00,182.67999267578125,184.05999755859375,182.22000122070312,183.75999450683594,183.06072998046875,14840700,0.0,0.0
2018-05-18 00:00:00-04:00,183.49000549316406,184.19000244140625,182.61000061035156,182.67999267578125,181.9848175048828,13130500,0.0,0.0
2018-05-21 00:00:00-04:00,183.77000427246094,185.3000030517578,183.1300048828125,184.49000549316406,183.78793334960938,13532900,0.0,0.0
2018-05-22 00:00:00-04:00,184.92999267578125,185.4199981689453,183.42999267578125,183.8000030517578,183.10057067871094,12731400,0.0,0.0
2018-05-23 00:00:00-04:00,182.5,186.91000366210938,182.17999267578125,186.89999389648438,186.18878173828125,16628100,0.0,0.0
2018-05-24 00:00:00-04:00,185.8800048828125,186.8000030517578,185.02999877929688,185.92999267578125,185.2224578857422,12354700,0.0,0.0
2018-05-25 00:00:00-04:00,186.02000427246094,186.3300018310547,184.4499969482422,184.9199981689453,184.21629333496094,10965100,0.0,0.0
2018-05-29 00:00:00-04:00,184.33999633789062,186.80999755859375,183.7100067138672,185.74000549316406,185.03318786621094,16398900,0.0,0.0
2018-05-30 00:00:00-04:00,186.5399932861328,188.0,185.25,187.6699981689453,186.95584106445312,13736900,0.0,0.0
2018-05-31 00:00:00-04:00,187.8699951171875,192.72000122070312,187.47999572753906,191.77999877929688,191.0502166748047,30782600,0.0,0.0
2018-06-01 00:00:00-04:00,193.07000732421875,194.5500030517578,192.07000732421875,193.99000549316406,193.25180053710938,17307200,0.0,0.0
2018-06-04 00:00:00-04:00,191.83999633789062,193.97999572753906,191.47000122070312,193.27999877929688,192.54449462890625,18939800,0.0,0.0
2018-06-05 00:00:00-04:00,194.3000030517578,195.0,192.6199951171875,192.94000244140625,192.20578002929688,15544300,0.0,0.0
2018-06-06 00:00:00-04:00,191.02999877929688,192.52999877929688,189.11000061035156,191.33999633789062,190.61187744140625,22558900,0.0,0.0
2018-06-07 00:00:00-04:00,190.75,190.97000122070312,186.77000427246094,188.17999267578125,187.46389770507812,21503200,0.0,0.0
2018-06-08 00:00:00-04:00,187.52999877929688,189.47999572753906,186.42999267578125,189.10000610351562,188.3804168701172,12677100,0.0,0.0
2018-06-11 00:00:00-04:00,188.80999755859375,192.60000610351562,188.8000030517578,191.5399932861328,190.8111114501953,12928900,0.0,0.0
2018-06-12 00:00:00-04:00,192.1699981689453,193.27999877929688,191.55999755859375,192.39999389648438,191.66783142089844,11562700,0.0,0.0
2018-06-13 00:00:00-04:00,192.74000549316406,194.5,191.91000366210938,192.41000366210938,191.6778106689453,15853800,0.0,0.0
2018-06-14 00:00:00-04:00,193.10000610351562,197.27999877929688,192.91000366210938,196.80999755859375,196.06106567382812,19120900,0.0,0.0
2018-06-15 00:00:00-04:00,195.7899932861328,197.07000732421875,194.63999938964844,195.85000610351562,195.10472106933594,21860900,0.0,0.0
2018-06-18 00:00:00-04:00,194.8000030517578,199.5800018310547,194.1300048828125,198.30999755859375,197.55535888671875,16826000,0.0,0.0
2018-06-19 00:00:00-04:00,196.24000549316406,197.9600067138672,193.7899932861328,197.49000549316406,196.7384796142578,19994000,0.0,0.0
2018-06-20 00:00:00-04:00,199.10000610351562,203.5500030517578,198.80999755859375,202.0,201.23130798339844,28230900,0.0,0.0
2018-06-21 00:00:00-04:00,202.75999450683594,203.38999938964844,200.08999633789062,201.5,200.7332305908203,19045700,0.0,0.0
2018-06-22 00:00:00-04:00,201.16000366210938,202.24000549316406,199.30999755859375,201.74000549316406,200.97230529785156,17420200,0.0,0.0
2018-06-25 00:00:00-04:00,200.0,200.0,193.11000061035156,196.35000610351562,195.60281372070312,25275100,0.0,0.0
2018-06-26 00:00:00-04:00,197.60000610351562,199.10000610351562,196.22999572753906,199.0,198.2427215576172,17897600,0.0,0.0
2018-06-27 00:00:00-04:00,199.17999267578125,200.75,195.8000030517578,195.83999633789062,195.09475708007812,18734400,0.0,0.0
2018-06-28 00:00:00-04:00,195.17999267578125,197.33999633789062,193.25999450683594,196.22999572753906,195.48324584960938,18172400,0.0,0.0
2018-06-29 00:00:00-04:00,197.32000732421875,197.60000610351562,193.9600067138672,194.32000732421875,193.58053588867188,15811600,0.0,0.0
2018-07-02 00:00:00-04:00,193.3699951171875,197.4499969482422,192.22000122070312,197.36000061035156,196.60897827148438,13961600,0.0,0.0
2018-07-03 00:00:00-04:00,194.5500030517578,195.39999389648438,192.52000427246094,192.72999572753906,191.99658203125,13489500,0.0,0.0
2018-07-05 00:00:00-04:00,194.74000549316406,198.64999389648438,194.02999877929688,198.4499969482422,197.69480895996094,19684200,0.0,0.0
2018-07-06 00:00:00-04:00,198.4499969482422,203.63999938964844,197.6999969482422,203.22999572753906,202.4566192626953,19740100,0.0,0.0
2018-07-09 00:00:00-04:00,204.92999267578125,205.8000030517578,202.1199951171875,204.74000549316406,203.9608917236328,18149400,0.0,0.0
2018-07-10 00:00:00-04:00,204.5,204.91000366210938,202.25999450683594,203.5399932861328,202.76544189453125,13190100,0.0,0.0
2018-07-11 00:00:00-04:00,202.22000122070312,204.5,201.75,202.5399932861328,201.7692413330078,12927400,0.0,0.0
2018-07-12 00:00:00-04:00,203.42999267578125,207.0800018310547,203.19000244140625,206.9199981689453,206.132568359375,15454700,0.0,0.0
2018-07-13 00:00:00-04:00,207.80999755859375,208.42999267578125,206.4499969482422,207.32000732421875,206.53106689453125,11486800,0.0,0.0
2018-07-16 00:00:00-04:00,207.5,208.72000122070312,206.83999633789062,207.22999572753906,206.44140625,11078200,0.0,0.0
2018-07-17 00:00:00-04:00,204.89999389648438,210.4600067138672,204.83999633789062,209.99000549316406,209.19091796875,15349900,0.0,0.0
2018-07-18 00:00:00-04:00,209.82000732421875,210.99000549316406,208.44000244140625,209.36000061035156,208.5633087158203,15334900,0.0,0.0
2018-07-19 00:00:00-04:00,208.77000427246094,209.99000549316406,207.75999450683594,208.08999633789062,207.29812622070312,11350400,0.0,0.0
2018-07-20 00:00:00-04:00,208.85000610351562,211.5,208.5,209.94000244140625,209.14109802246094,16163900,0.0,0.0
2018-07-23 00:00:00-04:00,210.5800018310547,211.6199951171875,208.8000030517578,210.91000366210938,210.10740661621094,16732000,0.0,0.0
2018-07-24 00:00:00-04:00,215.11000061035156,216.1999969482422,212.60000610351562,214.6699981689453,213.8531036376953,28468700,0.0,0.0
2018-07-25 00:00:00-04:00,215.72000122070312,218.6199951171875,214.27000427246094,217.5,216.67233276367188,58954200,0.0,0.0
2018-07-26 00:00:00-04:00,174.88999938964844,180.1300048828125,173.75,176.25999450683594,175.58924865722656,169803700,0.0,0.0
2018-07-27 00:00:00-04:00,179.8699951171875,179.92999267578125,173.0,174.88999938964844,174.22447204589844,60073700,0.0,0.0
2018-07-30 00:00:00-04:00,175.3000030517578,175.3000030517578,166.55999755859375,171.05999755859375,170.40904235839844,65280800,0.0,0.0
2018-07-31 00:00:00-04:00,170.6699981689453,174.24000549316406,170.0,172.5800018310547,171.92327880859375,40356500,0.0,0.0
2018-08-01 00:00:00-04:00,173.92999267578125,175.0800018310547,170.89999389648438,171.64999389648438,170.99681091308594,34042100,0.0,0.0
2018-08-02 00:00:00-04:00,170.67999267578125,176.7899932861328,170.27000427246094,176.3699951171875,175.69882202148438,32400000,0.0,0.0
2018-08-03 00:00:00-04:00,177.69000244140625,178.85000610351562,176.14999389648438,177.77999877929688,177.1034698486328,24763400,0.0,0.0
2018-08-06 00:00:00-04:00,178.97000122070312,185.7899932861328,178.3800048828125,185.69000244140625,184.98336791992188,49716200,0.0,0.0
2018-08-07 00:00:00-04:00,186.5,188.3000030517578,183.72000122070312,183.80999755859375,183.11053466796875,33398600,0.0,0.0
2018-08-08 00:00:00-04:00,184.75,186.85000610351562,183.75999450683594,185.17999267578125,184.47531127929688,22205200,0.0,0.0
2018-08-09 00:00:00-04:00,185.85000610351562,186.57000732421875,182.47999572753906,183.08999633789062,182.39324951171875,19732100,0.0,0.0
2018-08-10 00:00:00-04:00,182.0399932861328,182.10000610351562,179.4199981689453,180.25999450683594,179.5740203857422,21500400,0.0,0.0
2018-08-13 00:00:00-04:00,180.10000610351562,182.61000061035156,178.89999389648438,180.0500030517578,179.36483764648438,17423300,0.0,0.0
2018-08-14 00:00:00-04:00,180.7100067138672,181.99000549316406,178.6199951171875,181.11000061035156,180.42079162597656,19102000,0.0,0.0
2018-08-15 00:00:00-04:00,179.33999633789062,180.8699951171875,174.77999877929688,179.52999877929688,178.84681701660156,33020200,0.0,0.0
2018-08-16 00:00:00-04:00,180.4199981689453,180.5,174.00999450683594,174.6999969482422,174.03518676757812,31351800,0.0,0.0
2018-08-17 00:00:00-04:00,174.5,176.22000122070312,172.0399932861328,173.8000030517578,173.1386260986328,24893200,0.0,0.0
2018-08-20 00:00:00-04:00,174.0399932861328,174.57000732421875,170.91000366210938,172.5,171.8435821533203,21518000,0.0,0.0
2018-08-21 00:00:00-04:00,172.80999755859375,174.1699981689453,171.38999938964844,172.6199951171875,171.96311950683594,19578500,0.0,0.0
2018-08-22 00:00:00-04:00,172.2100067138672,174.24000549316406,172.1300048828125,173.63999938964844,172.979248046875,16894100,0.0,0.0
2018-08-23 00:00:00-04:00,173.08999633789062,175.5500030517578,172.8300018310547,172.89999389648438,172.24205017089844,18053600,0.0,0.0
2018-08-24 00:00:00-04:00,173.6999969482422,174.82000732421875,172.9199981689453,174.64999389648438,173.9853973388672,14631600,0.0,0.0
2018-08-27 00:00:00-04:00,175.99000549316406,178.6699981689453,175.7899932861328,177.4600067138672,176.78469848632812,17921900,0.0,0.0
2018-08-28 00:00:00-04:00,178.10000610351562,178.24000549316406,175.8300018310547,176.25999450683594,175.58924865722656,15910700,0.0,0.0
2018-08-29 00:00:00-04:00,176.3000030517578,176.7899932861328,174.75,175.89999389648438,175.2306365966797,18494100,0.0,0.0
2018-08-30 00:00:00-04:00,175.89999389648438,179.7899932861328,175.6999969482422,177.63999938964844,176.96400451660156,24216500,0.0,0.0
2018-08-31 00:00:00-04:00,177.14999389648438,177.6199951171875,174.97999572753906,175.72999572753906,175.061279296875,18065200,0.0,0.0
2018-09-04 00:00:00-04:00,173.5,173.88999938964844,168.8000030517578,171.16000366210938,170.5086669921875,29809000,0.0,0.0
2018-09-05 00:00:00-04:00,169.49000549316406,171.1300048828125,166.6699981689453,167.17999267578125,166.54380798339844,31226700,0.0,0.0
2018-09-06 00:00:00-04:00,166.97999572753906,166.97999572753906,160.0,162.52999877929688,161.91151428222656,41514800,0.0,0.0
2018-09-07 00:00:00-04:00,160.30999755859375,164.6300048828125,160.16000366210938,163.0399932861328,162.4195556640625,24300600,0.0,0.0
2018-09-10 00:00:00-04:00,163.50999450683594,165.00999450683594,162.16000366210938,164.17999267578125,163.5552215576172,20197700,0.0,0.0
2018-09-11 00:00:00-04:00,163.94000244140625,167.19000244140625,163.72000122070312,165.94000244140625,165.3085174560547,20457100,0.0,0.0
2018-09-12 00:00:00-04:00,163.25,164.49000549316406,161.8000030517578,162.0,161.38351440429688,24078100,0.0,0.0
2018-09-13 00:00:00-04:00,162.0,163.32000732421875,160.86000061035156,161.36000061035156,160.74595642089844,25453800,0.0,0.0
2018-09-14 00:00:00-04:00,161.72000122070312,162.83999633789062,160.33999633789062,162.32000732421875,161.7023162841797,21770400,0.0,0.0
2018-09-17 00:00:00-04:00,161.9199981689453,162.05999755859375,159.77000427246094,160.5800018310547,159.9689483642578,21005300,0.0,0.0
2018-09-18 00:00:00-04:00,159.38999938964844,161.75999450683594,158.8699951171875,160.3000030517578,159.6899871826172,22465200,0.0,0.0
2018-09-19 00:00:00-04:00,160.0800018310547,163.44000244140625,159.47999572753906,163.05999755859375,162.43948364257812,19629000,0.0,0.0
2018-09-20 00:00:00-04:00,164.5,166.4499969482422,164.47000122070312,166.02000427246094,165.3882293701172,18936000,0.0,0.0
2018-09-21 00:00:00-04:00,166.63999938964844,167.25,162.80999755859375,162.92999267578125,162.3099822998047,45994800,0.0,0.0
2018-09-24 00:00:00-04:00,161.02999877929688,165.6999969482422,160.8800048828125,165.41000366210938,164.7805633544922,19222800,0.0,0.0
2018-09-25 00:00:00-04:00,161.99000549316406,165.58999633789062,161.14999389648438,164.91000366210938,164.282470703125,27622800,0.0,0.0
2018-09-26 00:00:00-04:00,164.3000030517578,169.3000030517578,164.2100067138672,166.9499969482422,166.314697265625,25252200,0.0,0.0
2018-09-27 00:00:00-04:00,167.5500030517578,171.77000427246094,167.2100067138672,168.83999633789062,168.197509765625,27266900,0.0,0.0
2018-09-28 00:00:00-04:00,168.3300018310547,168.7899932861328,162.55999755859375,164.4600067138672,163.83416748046875,34265600,0.0,0.0
2018-10-01 00:00:00-04:00,163.02999877929688,165.8800048828125,161.25999450683594,162.44000244140625,161.82186889648438,26407700,0.0,0.0
2018-10-02 00:00:00-04:00,161.5800018310547,162.27999877929688,158.6699981689453,159.3300018310547,158.72369384765625,36031000,0.0,0.0
2018-10-03 00:00:00-04:00,160.0,163.66000366210938,159.52999877929688,162.42999267578125,161.81187438964844,23109500,0.0,0.0
2018-10-04 00:00:00-04:00,161.4600067138672,161.4600067138672,157.35000610351562,158.85000610351562,158.24551391601562,25739600,0.0,0.0
2018-10-05 00:00:00-04:00,159.2100067138672,160.89999389648438,156.1999969482422,157.3300018310547,156.73130798339844,25744000,0.0,0.0
2018-10-08 00:00:00-04:00,155.5399932861328,158.33999633789062,154.38999938964844,157.25,156.65159606933594,24046000,0.0,0.0
2018-10-09 00:00:00-04:00,157.69000244140625,160.58999633789062,157.4199981689453,157.89999389648438,157.29913330078125,18844400,0.0,0.0
2018-10-10 00:00:00-04:00,156.82000732421875,157.69000244140625,151.30999755859375,151.3800048828125,150.80393981933594,30610000,0.0,0.0
2018-10-11 00:00:00-04:00,150.1300048828125,154.80999755859375,149.16000366210938,153.35000610351562,152.76644897460938,35338900,0.0,0.0
2018-10-12 00:00:00-04:00,156.72999572753906,156.88999938964844,151.3000030517578,153.74000549316406,153.15496826171875,25293500,0.0,0.0
2018-10-15 00:00:00-04:00,153.32000732421875,155.57000732421875,152.5500030517578,153.52000427246094,152.93580627441406,15433500,0.0,0.0
2018-10-16 00:00:00-04:00,155.39999389648438,159.4600067138672,155.00999450683594,158.77999877929688,158.17578125,19180100,0.0,0.0
2018-10-17 00:00:00-04:00,159.55999755859375,160.49000549316406,157.9499969482422,159.4199981689453,158.8133544921875,17592000,0.0,0.0
2018-10-18 00:00:00-04:00,158.50999450683594,158.66000366210938,153.27999877929688,154.9199981689453,154.33047485351562,21675100,0.0,0.0
2018-10-19 00:00:00-04:00,155.86000061035156,157.35000610351562,153.5500030517578,154.0500030517578,153.46377563476562,19761300,0.0,0.0
2018-10-22 00:00:00-04:00,154.75999450683594,157.33999633789062,154.4600067138672,154.77999877929688,154.1909942626953,15424700,0.0,0.0
2018-10-23 00:00:00-04:00,151.22000122070312,154.77000427246094,150.85000610351562,154.38999938964844,153.802490234375,19095000,0.0,0.0
2018-10-24 00:00:00-04:00,154.27999877929688,154.64999389648438,145.60000610351562,146.0399932861328,145.4842529296875,27744600,0.0,0.0
2018-10-25 00:00:00-04:00,147.72999572753906,152.2100067138672,147.0,150.9499969482422,150.37557983398438,22105700,0.0,0.0
2018-10-26 00:00:00-04:00,145.82000732421875,149.0,143.8000030517578,145.3699951171875,144.81680297851562,31303300,0.0,0.0
2018-10-29 00:00:00-04:00,148.5,148.8300018310547,139.02999877929688,142.08999633789062,141.54928588867188,31336800,0.0,0.0
2018-10-30 00:00:00-04:00,139.94000244140625,146.63999938964844,139.74000549316406,146.22000122070312,145.66357421875,50528300,0.0,0.0
2018-10-31 00:00:00-04:00,155.0,156.39999389648438,148.9600067138672,151.7899932861328,151.2123565673828,60101300,0.0,0.0
2018-11-01 00:00:00-04:00,151.52000427246094,152.75,149.35000610351562,151.75,151.17254638671875,25640800,0.0,0.0
2018-11-02 00:00:00-04:00,151.8000030517578,154.1300048828125,148.9600067138672,150.35000610351562,149.77786254882812,24708700,0.0,0.0
2018-11-05 00:00:00-05:00,150.10000610351562,150.19000244140625,147.44000244140625,148.67999267578125,148.11419677734375,15971200,0.0,0.0
2018-11-06 00:00:00-05:00,149.30999755859375,150.97000122070312,148.0,149.94000244140625,149.36941528320312,16667100,0.0,0.0
2018-11-07 00:00:00-05:00,151.57000732421875,153.00999450683594,149.8300018310547,151.52999877929688,150.953369140625,21877400,0.0,0.0
2018-11-08 00:00:00-05:00,150.49000549316406,150.94000244140625,146.74000549316406,147.8699951171875,147.3072967529297,24145800,0.0,0.0
2018-11-09 00:00:00-05:00,146.75,147.75999450683594,144.07000732421875,144.9600067138672,144.4083709716797,17326900,0.0,0.0
2018-11-12 00:00:00-05:00,144.47999572753906,145.0399932861328,140.49000549316406,141.5500030517578,141.01136779785156,18542100,0.0,0.0
2018-11-13 00:00:00-05:00,142.0,144.8800048828125,141.6199951171875,142.16000366210938,141.61903381347656,15141700,0.0,0.0
2018-11-14 00:00:00-05:00,143.6999969482422,145.5800018310547,141.5500030517578,144.22000122070312,143.67117309570312,22068400,0.0,0.0
2018-11-15 00:00:00-05:00,142.3300018310547,144.83999633789062,140.8300018310547,143.85000610351562,143.30259704589844,30320300,0.0,0.0
2018-11-16 00:00:00-05:00,141.07000732421875,141.77000427246094,137.77000427246094,139.52999877929688,138.99903869628906,37250600,0.0,0.0
2018-11-19 00:00:00-05:00,137.61000061035156,137.75,131.2100067138672,131.5500030517578,131.0493927001953,44362700,0.0,0.0
2018-11-20 00:00:00-05:00,127.02999877929688,134.16000366210938,126.8499984741211,132.42999267578125,131.92604064941406,41939500,0.0,0.0
2018-11-21 00:00:00-05:00,134.39999389648438,137.19000244140625,134.1300048828125,134.82000732421875,134.3069610595703,25469700,0.0,0.0
2018-11-23 00:00:00-05:00,133.64999389648438,134.5,131.25999450683594,131.72999572753906,131.2287139892578,11886100,0.0,0.0
2018-11-26 00:00:00-05:00,133.0,137.0,132.77999877929688,136.3800048828125,135.86102294921875,24263600,0.0,0.0
2018-11-27 00:00:00-05:00,135.75,136.61000061035156,133.7100067138672,135.0,134.48626708984375,20750300,0.0,0.0
2018-11-28 00:00:00-05:00,136.27999877929688,136.7899932861328,131.85000610351562,136.75999450683594,136.23956298828125,29847500,0.0,0.0
2018-11-29 00:00:00-05:00,135.9199981689453,139.99000549316406,135.66000366210938,138.67999267578125,138.1522674560547,24238700,0.0,0.0
2018-11-30 00:00:00-05:00,138.25999450683594,140.97000122070312,137.36000061035156,140.61000061035156,140.07492065429688,25732600,0.0,0.0
2018-12-03 00:00:00-05:00,143.0,143.67999267578125,140.75999450683594,141.08999633789062,140.55308532714844,24819200,0.0,0.0
2018-12-04 00:00:00-05:00,140.72999572753906,143.38999938964844,137.16000366210938,137.92999267578125,137.4051055908203,30307400,0.0,0.0
2018-12-06 00:00:00-05:00,133.82000732421875,139.6999969482422,133.6699981689453,139.6300048828125,139.09866333007812,28218100,0.0,0.0
2018-12-07 00:00:00-05:00,139.25,140.8699951171875,136.66000366210938,137.4199981689453,136.8970489501953,21195500,0.0,0.0
2018-12-10 00:00:00-05:00,139.60000610351562,143.0500030517578,139.00999450683594,141.85000610351562,141.31021118164062,26422200,0.0,0.0
2018-12-11 00:00:00-05:00,143.8800048828125,143.8800048828125,141.10000610351562,142.0800018310547,141.53933715820312,20300300,0.0,0.0
2018-12-12 00:00:00-05:00,143.0800018310547,147.19000244140625,142.50999450683594,144.5,143.9501190185547,23696900,0.0,0.0
2018-12-13 00:00:00-05:00,145.57000732421875,145.85000610351562,143.19000244140625,145.00999450683594,144.4581756591797,18148600,0.0,0.0
2018-12-14 00:00:00-05:00,143.33999633789062,146.00999450683594,142.50999450683594,144.05999755859375,143.5117950439453,21785800,0.0,0.0
2018-12-17 00:00:00-05:00,143.0800018310547,144.9199981689453,138.4199981689453,140.19000244140625,139.65652465820312,24334000,0.0,0.0
2018-12-18 00:00:00-05:00,141.0800018310547,145.92999267578125,139.8300018310547,143.66000366210938,143.1133270263672,24709100,0.0,0.0
2018-12-19 00:00:00-05:00,141.2100067138672,144.91000366210938,132.5,133.24000549316406,132.73297119140625,57404900,0.0,0.0
2018-12-20 00:00:00-05:00,130.6999969482422,135.57000732421875,130.0,133.39999389648438,132.89234924316406,40297900,0.0,0.0
2018-12-21 00:00:00-05:00,133.38999938964844,134.89999389648438,123.41999816894531,124.94999694824219,124.47451782226562,56901500,0.0,0.0
2018-12-24 00:00:00-05:00,123.0999984741211,129.74000549316406,123.0199966430664,124.05999755859375,123.58789825439453,22066000,0.0,0.0
2018-12-26 00:00:00-05:00,126.0,134.24000549316406,125.88999938964844,134.17999267578125,133.6693878173828,39723400,0.0,0.0
2018-12-27 00:00:00-05:00,132.44000244140625,134.99000549316406,129.6699981689453,134.52000427246094,134.0081024169922,31202500,0.0,0.0
2018-12-28 00:00:00-05:00,135.33999633789062,135.9199981689453,132.1999969482422,133.1999969482422,132.69309997558594,22627600,0.0,0.0
2018-12-31 00:00:00-05:00,134.4499969482422,134.63999938964844,129.9499969482422,131.08999633789062,130.59115600585938,24625300,0.0,0.0
