Date,Open,High,Low,Close,Adj Close,Volume,Dividends,Stock Splits
2014-01-02 00:00:00-05:00,37.349998474121094,37.400001525878906,37.099998474121094,37.15999984741211,30.99641227722168,30632200,0.0,0.0
2014-01-03 00:00:00-05:00,37.20000076293945,37.220001220703125,36.599998474121094,36.90999984741211,30.787874221801758,31134800,0.0,0.0
2014-01-06 00:00:00-05:00,36.849998474121094,36.88999938964844,36.11000061035156,36.130001068115234,30.137258529663086,43603700,0.0,0.0
2014-01-07 00:00:00-05:00,36.33000183105469,36.4900016784668,36.209999084472656,36.40999984741211,30.370800018310547,35802800,0.0,0.0
2014-01-08 00:00:00-05:00,36.0,36.13999938964844,35.58000183105469,35.7599983215332,29.828622817993164,59971700,0.0,0.0
2014-01-09 00:00:00-05:00,35.880001068115234,35.90999984741211,35.400001525878906,35.529998779296875,29.63678550720215,36516300,0.0,0.0
2014-01-10 00:00:00-05:00,35.900001525878906,36.150001525878906,35.75,36.040000915527344,30.06218719482422,40548800,0.0,0.0
2014-01-13 00:00:00-05:00,35.9900016784668,36.02000045776367,34.83000183105469,34.97999954223633,29.17800521850586,45901900,0.0,0.0
2014-01-14 00:00:00-05:00,34.72999954223633,35.880001068115234,34.630001068115234,35.779998779296875,29.845308303833008,41623300,0.0,0.0
2014-01-15 00:00:00-05:00,35.900001525878906,36.790000915527344,35.849998474121094,36.7599983215332,30.662761688232422,44812600,0.0,0.0
2014-01-16 00:00:00-05:00,36.689998626708984,37.0,36.310001373291016,36.88999938964844,30.77120018005371,38018700,0.0,0.0
2014-01-17 00:00:00-05:00,36.83000183105469,36.83000183105469,36.150001525878906,36.380001068115234,30.345787048339844,46267500,0.0,0.0
2014-01-21 00:00:00-05:00,36.81999969482422,36.81999969482422,36.060001373291016,36.16999816894531,30.170629501342773,31567300,0.0,0.0
2014-01-22 00:00:00-05:00,36.2599983215332,36.31999969482422,35.75,35.93000030517578,29.970420837402344,21904300,0.0,0.0
2014-01-23 00:00:00-05:00,36.09000015258789,36.130001068115234,35.52000045776367,36.060001373291016,30.078868865966797,43954000,0.0,0.0
2014-01-24 00:00:00-05:00,37.45000076293945,37.54999923706055,36.529998779296875,36.810001373291016,30.704463958740234,76395500,0.0,0.0
2014-01-27 00:00:00-05:00,36.869998931884766,36.88999938964844,35.97999954223633,36.029998779296875,30.05384635925293,44420800,0.0,0.0
2014-01-28 00:00:00-05:00,36.119998931884766,36.38999938964844,35.75,36.27000045776367,30.254039764404297,36205500,0.0,0.0
2014-01-29 00:00:00-05:00,35.97999954223633,36.880001068115234,35.900001525878906,36.65999984741211,30.579349517822266,52745900,0.0,0.0
2014-01-30 00:00:00-05:00,36.790000915527344,36.880001068115234,36.22999954223633,36.86000061035156,30.74617576599121,35036300,0.0,0.0
2014-01-31 00:00:00-05:00,36.95000076293945,37.88999938964844,36.560001373291016,37.84000015258789,31.563621520996094,93162300,0.0,0.0
2014-02-03 00:00:00-05:00,37.7400016784668,37.9900016784668,36.43000030517578,36.47999954223633,30.4292049407959,64063100,0.0,0.0
2014-02-04 00:00:00-05:00,36.970001220703125,37.189998626708984,36.25,36.349998474121094,30.32076644897461,54697900,0.0,0.0
2014-02-05 00:00:00-05:00,36.290000915527344,36.470001220703125,35.79999923706055,35.81999969482422,29.878677368164062,55814400,0.0,0.0
2014-02-06 00:00:00-05:00,35.79999923706055,36.25,35.689998626708984,36.18000030517578,30.1789608001709,35351800,0.0,0.0
2014-02-07 00:00:00-05:00,36.31999969482422,36.59000015258789,36.0099983215332,36.560001373291016,30.495943069458008,33260500,0.0,0.0
2014-02-10 00:00:00-05:00,36.630001068115234,36.79999923706055,36.290000915527344,36.79999923706055,30.696125030517578,26767000,0.0,0.0
2014-02-11 00:00:00-05:00,36.880001068115234,37.2599983215332,36.86000061035156,37.16999816894531,31.004756927490234,32141400,0.0,0.0
2014-02-12 00:00:00-05:00,37.349998474121094,37.599998474121094,37.29999923706055,37.470001220703125,31.25499153137207,27051800,0.0,0.0
2014-02-13 00:00:00-05:00,37.33000183105469,37.86000061035156,37.33000183105469,37.61000061035156,31.371776580810547,37635500,0.0,0.0
2014-02-14 00:00:00-05:00,37.38999938964844,37.779998779296875,37.33000183105469,37.619998931884766,31.380111694335938,31407500,0.0,0.0
2014-02-18 00:00:00-05:00,37.630001068115234,37.779998779296875,37.40999984741211,37.41999816894531,31.447341918945312,32834000,0.28,0.0
2014-02-19 00:00:00-05:00,37.220001220703125,37.75,37.209999084472656,37.5099983215332,31.522977828979492,29750400,0.0,0.0
2014-02-20 00:00:00-05:00,37.56999969482422,37.869998931884766,37.400001525878906,37.75,31.72467613220215,27526100,0.0,0.0
2014-02-21 00:00:00-05:00,37.939998626708984,38.349998474121094,37.86000061035156,37.97999954223633,31.9179630279541,38021300,0.0,0.0
2014-02-24 00:00:00-05:00,37.689998626708984,37.97999954223633,37.540000915527344,37.689998626708984,31.67425537109375,32085100,0.0,0.0
2014-02-25 00:00:00-05:00,37.61000061035156,37.849998474121094,37.349998474121094,37.540000915527344,31.54819107055664,30736500,0.0,0.0
2014-02-26 00:00:00-05:00,37.58000183105469,37.7400016784668,37.189998626708984,37.470001220703125,31.4893741607666,41041800,0.0,0.0
2014-02-27 00:00:00-05:00,37.45000076293945,37.88999938964844,37.22999954223633,37.86000061035156,31.817115783691406,33903400,0.0,0.0
2014-02-28 00:00:00-05:00,37.97999954223633,38.459999084472656,37.81999969482422,38.310001373291016,32.19528579711914,41215000,0.0,0.0
2014-03-03 00:00:00-05:00,37.91999816894531,38.130001068115234,37.4900016784668,37.779998779296875,31.749893188476562,29717500,0.0,0.0
2014-03-04 00:00:00-05:00,38.20000076293945,38.47999954223633,38.06999969482422,38.40999984741211,32.279327392578125,26802400,0.0,0.0
2014-03-05 00:00:00-05:00,38.25,38.27000045776367,37.93000030517578,38.11000061035156,32.027225494384766,20520100,0.0,0.0
2014-03-06 00:00:00-05:00,38.13999938964844,38.2400016784668,37.88999938964844,38.150001525878906,32.06083297729492,23582200,0.0,0.0
2014-03-07 00:00:00-05:00,38.279998779296875,38.36000061035156,37.689998626708984,37.900001525878906,31.850738525390625,26591600,0.0,0.0
2014-03-10 00:00:00-04:00,37.9900016784668,38.0099983215332,37.720001220703125,37.81999969482422,31.783498764038086,19006600,0.0,0.0
2014-03-11 00:00:00-04:00,37.869998931884766,38.22999954223633,37.720001220703125,38.02000045776367,31.95159149169922,25216400,0.0,0.0
2014-03-12 00:00:00-04:00,37.79999923706055,38.43000030517578,37.790000915527344,38.27000045776367,32.161685943603516,30494100,0.0,0.0
2014-03-13 00:00:00-04:00,38.41999816894531,38.45000076293945,37.63999938964844,37.88999938964844,31.842323303222656,32169700,0.0,0.0
2014-03-14 00:00:00-04:00,37.650001525878906,38.13999938964844,37.5099983215332,37.70000076293945,31.682661056518555,27195600,0.0,0.0
2014-03-17 00:00:00-04:00,37.900001525878906,38.40999984741211,37.790000915527344,38.04999923706055,31.976791381835938,20479600,0.0,0.0
2014-03-18 00:00:00-04:00,38.2599983215332,39.900001525878906,38.220001220703125,39.54999923706055,33.23738098144531,64063900,0.0,0.0
2014-03-19 00:00:00-04:00,39.470001220703125,39.54999923706055,38.90999984741211,39.27000045776367,33.002071380615234,35597200,0.0,0.0
2014-03-20 00:00:00-04:00,39.25,40.650001525878906,39.2400016784668,40.33000183105469,33.892887115478516,59269800,0.0,0.0
2014-03-21 00:00:00-04:00,40.720001220703125,40.939998626708984,40.0099983215332,40.15999984741211,33.75002670288086,80721800,0.0,0.0
2014-03-24 00:00:00-04:00,40.34000015258789,40.63999938964844,39.86000061035156,40.5,34.03575897216797,46098400,0.0,0.0
2014-03-25 00:00:00-04:00,40.65999984741211,40.9900016784668,39.959999084472656,40.34000015258789,33.901275634765625,43193100,0.0,0.0
2014-03-26 00:00:00-04:00,40.47999954223633,40.709999084472656,39.599998474121094,39.790000915527344,33.43907165527344,41977500,0.0,0.0
2014-03-27 00:00:00-04:00,39.7400016784668,39.970001220703125,39.34000015258789,39.36000061035156,33.077701568603516,35369200,0.0,0.0
2014-03-28 00:00:00-04:00,39.790000915527344,40.63999938964844,39.68000030517578,40.29999923706055,33.86766815185547,43472700,0.0,0.0
2014-03-31 00:00:00-04:00,40.43000030517578,41.5,40.400001525878906,40.9900016784668,34.447532653808594,46886300,0.0,0.0
2014-04-01 00:00:00-04:00,41.150001525878906,41.59000015258789,41.06999969482422,41.41999816894531,34.80889129638672,32605000,0.0,0.0
2014-04-02 00:00:00-04:00,41.439998626708984,41.65999984741211,41.16999816894531,41.349998474121094,34.75006866455078,28666700,0.0,0.0
2014-04-03 00:00:00-04:00,41.290000915527344,41.290000915527344,40.709999084472656,41.0099983215332,34.46432876586914,30139600,0.0,0.0
2014-04-04 00:00:00-04:00,41.25,41.38999938964844,39.63999938964844,39.869998931884766,33.50630187988281,51409600,0.0,0.0
2014-04-07 00:00:00-04:00,39.959999084472656,40.27000045776367,39.7400016784668,39.79999923706055,33.44746398925781,37559600,0.0,0.0
2014-04-08 00:00:00-04:00,39.75,39.93000030517578,39.20000076293945,39.81999969482422,33.464290618896484,35918600,0.0,0.0
2014-04-09 00:00:00-04:00,39.93000030517578,40.54999923706055,39.880001068115234,40.470001220703125,34.01053237915039,27398700,0.0,0.0
2014-04-10 00:00:00-04:00,40.439998626708984,40.689998626708984,39.09000015258789,39.36000061035156,33.077701568603516,45960800,0.0,0.0
2014-04-11 00:00:00-04:00,39.0,39.790000915527344,39.0,39.209999084472656,32.95164108276367,34330200,0.0,0.0
2014-04-14 00:00:00-04:00,39.11000061035156,39.40999984741211,38.900001525878906,39.18000030517578,32.926429748535156,32006600,0.0,0.0
2014-04-15 00:00:00-04:00,39.34000015258789,39.959999084472656,39.04999923706055,39.75,33.40545654296875,33968700,0.0,0.0
2014-04-16 00:00:00-04:00,40.060001373291016,40.41999816894531,39.90999984741211,40.400001525878906,33.95170211791992,30615800,0.0,0.0
2014-04-17 00:00:00-04:00,40.0099983215332,40.20000076293945,39.5099983215332,40.0099983215332,33.62395477294922,36688400,0.0,0.0
2014-04-21 00:00:00-04:00,40.130001068115234,40.150001525878906,39.790000915527344,39.939998626708984,33.56511688232422,22221200,0.0,0.0
2014-04-22 00:00:00-04:00,39.959999084472656,40.13999938964844,39.83000183105469,39.9900016784668,33.607147216796875,27056700,0.0,0.0
2014-04-23 00:00:00-04:00,39.9900016784668,39.9900016784668,39.470001220703125,39.689998626708984,33.35503387451172,24602800,0.0,0.0
2014-04-24 00:00:00-04:00,39.7400016784668,39.970001220703125,39.29999923706055,39.86000061035156,33.49789810180664,42381600,0.0,0.0
2014-04-25 00:00:00-04:00,40.290000915527344,40.68000030517578,39.75,39.90999984741211,33.53990936279297,56876800,0.0,0.0
2014-04-28 00:00:00-04:00,40.13999938964844,41.290000915527344,40.09000015258789,40.869998931884766,34.346683502197266,50610200,0.0,0.0
2014-04-29 00:00:00-04:00,41.099998474121094,41.189998626708984,40.38999938964844,40.5099983215332,34.04414367675781,29636200,0.0,0.0
2014-04-30 00:00:00-04:00,40.400001525878906,40.5,40.16999816894531,40.400001525878906,33.95170211791992,35458700,0.0,0.0
2014-05-01 00:00:00-04:00,40.2400016784668,40.36000061035156,39.95000076293945,40.0,33.61555480957031,28787400,0.0,0.0
2014-05-02 00:00:00-04:00,40.310001373291016,40.34000015258789,39.65999984741211,39.689998626708984,33.35503387451172,43416600,0.0,0.0
2014-05-05 00:00:00-04:00,39.52000045776367,39.63999938964844,39.29999923706055,39.43000030517578,33.13652801513672,22460900,0.0,0.0
2014-05-06 00:00:00-04:00,39.290000915527344,39.349998474121094,38.95000076293945,39.060001373291016,32.82557678222656,27112400,0.0,0.0
2014-05-07 00:00:00-04:00,39.220001220703125,39.5099983215332,38.5099983215332,39.41999816894531,33.12812042236328,41744500,0.0,0.0
2014-05-08 00:00:00-04:00,39.34000015258789,39.900001525878906,38.970001220703125,39.63999938964844,33.31301498413086,32120400,0.0,0.0
2014-05-09 00:00:00-04:00,39.540000915527344,39.849998474121094,39.369998931884766,39.540000915527344,33.228973388671875,29647600,0.0,0.0
2014-05-12 00:00:00-04:00,39.7400016784668,40.02000045776367,39.650001525878906,39.970001220703125,33.59033966064453,22782600,0.0,0.0
2014-05-13 00:00:00-04:00,39.91999816894531,40.5,39.849998474121094,40.41999816894531,34.20816421508789,27004800,0.28,0.0
2014-05-14 00:00:00-04:00,40.29999923706055,40.45000076293945,40.04999923706055,40.2400016784668,34.055809020996094,18818700,0.0,0.0
2014-05-15 00:00:00-04:00,40.09000015258789,40.400001525878906,39.5099983215332,39.599998474121094,33.51416778564453,37793200,0.0,0.0
2014-05-16 00:00:00-04:00,39.66999816894531,39.84000015258789,39.27000045776367,39.83000183105469,33.708824157714844,29867100,0.0,0.0
2014-05-19 00:00:00-04:00,39.61000061035156,39.81999969482422,39.459999084472656,39.75,33.6411247253418,24537400,0.0,0.0
2014-05-20 00:00:00-04:00,39.68000030517578,39.939998626708984,39.459999084472656,39.68000030517578,33.58189010620117,21320900,0.0,0.0
2014-05-21 00:00:00-04:00,39.79999923706055,40.349998474121094,39.7400016784668,40.349998474121094,34.1489143371582,22398700,0.0,0.0
2014-05-22 00:00:00-04:00,40.290000915527344,40.349998474121094,39.849998474121094,40.099998474121094,33.93732833862305,20201800,0.0,0.0
2014-05-23 00:00:00-04:00,40.369998931884766,40.369998931884766,40.0,40.119998931884766,33.95425033569336,18020000,0.0,0.0
2014-05-27 00:00:00-04:00,40.2599983215332,40.2599983215332,39.810001373291016,40.189998626708984,34.01350402832031,26160600,0.0,0.0
2014-05-28 00:00:00-04:00,40.13999938964844,40.189998626708984,39.81999969482422,40.0099983215332,33.86116409301758,25711500,0.0,0.0
2014-05-29 00:00:00-04:00,40.150001525878906,40.349998474121094,39.90999984741211,40.34000015258789,34.14044189453125,19888200,0.0,0.0
2014-05-30 00:00:00-04:00,40.45000076293945,40.970001220703125,40.25,40.939998626708984,34.64822769165039,34567600,0.0,0.0
2014-06-02 00:00:00-04:00,40.95000076293945,41.09000015258789,40.68000030517578,40.790000915527344,34.52130126953125,18504300,0.0,0.0
2014-06-03 00:00:00-04:00,40.599998474121094,40.68000030517578,40.25,40.290000915527344,34.09812545776367,18068900,0.0,0.0
2014-06-04 00:00:00-04:00,40.209999084472656,40.369998931884766,39.86000061035156,40.31999969482422,34.123512268066406,23209000,0.0,0.0
2014-06-05 00:00:00-04:00,40.59000015258789,41.25,40.400001525878906,41.209999084472656,34.876739501953125,31865200,0.0,0.0
2014-06-06 00:00:00-04:00,41.47999954223633,41.65999984741211,41.2400016784668,41.47999954223633,35.105255126953125,24060500,0.0,0.0
2014-06-09 00:00:00-04:00,41.38999938964844,41.47999954223633,41.02000045776367,41.27000045776367,34.927520751953125,15019200,0.0,0.0
2014-06-10 00:00:00-04:00,41.029998779296875,41.15999984741211,40.86000061035156,41.11000061035156,34.79212188720703,15117700,0.0,0.0
2014-06-11 00:00:00-04:00,40.93000030517578,41.06999969482422,40.77000045776367,40.86000061035156,34.580543518066406,18040000,0.0,0.0
2014-06-12 00:00:00-04:00,40.810001373291016,40.880001068115234,40.290000915527344,40.58000183105469,34.343563079833984,29818900,0.0,0.0
2014-06-13 00:00:00-04:00,41.099998474121094,41.56999969482422,40.86000061035156,41.22999954223633,34.89368438720703,26310000,0.0,0.0
2014-06-16 00:00:00-04:00,41.040000915527344,41.61000061035156,41.040000915527344,41.5,35.1221809387207,24205300,0.0,0.0
2014-06-17 00:00:00-04:00,41.290000915527344,41.90999984741211,40.34000015258789,41.68000030517578,35.27451705932617,22518600,0.0,0.0
2014-06-18 00:00:00-04:00,41.61000061035156,41.7400016784668,41.18000030517578,41.650001525878906,35.24912643432617,27097000,0.0,0.0
2014-06-19 00:00:00-04:00,41.56999969482422,41.77000045776367,41.33000183105469,41.5099983215332,35.130645751953125,19828200,0.0,0.0
2014-06-20 00:00:00-04:00,41.45000076293945,41.83000183105469,41.380001068115234,41.68000030517578,35.27451705932617,47764900,0.0,0.0
2014-06-23 00:00:00-04:00,41.72999954223633,42.0,41.689998626708984,41.9900016784668,35.536865234375,18743900,0.0,0.0
2014-06-24 00:00:00-04:00,41.83000183105469,41.939998626708984,41.560001373291016,41.75,35.33376693725586,26509100,0.0,0.0
2014-06-25 00:00:00-04:00,41.70000076293945,42.04999923706055,41.459999084472656,42.029998779296875,35.57071304321289,20049100,0.0,0.0
2014-06-26 00:00:00-04:00,41.93000030517578,41.939998626708984,41.43000030517578,41.720001220703125,35.3083610534668,23604400,0.0,0.0
2014-06-27 00:00:00-04:00,41.61000061035156,42.290000915527344,41.5099983215332,42.25,35.75691223144531,74640000,0.0,0.0
2014-06-30 00:00:00-04:00,42.16999816894531,42.209999084472656,41.70000076293945,41.70000076293945,35.29143142700195,30793100,0.0,0.0
2014-07-01 00:00:00-04:00,41.86000061035156,42.150001525878906,41.689998626708984,41.869998931884766,35.435306549072266,26917000,0.0,0.0
2014-07-02 00:00:00-04:00,41.72999954223633,41.900001525878906,41.529998779296875,41.900001525878906,35.46071243286133,20208100,0.0,0.0
2014-07-03 00:00:00-04:00,41.90999984741211,41.9900016784668,41.560001373291016,41.79999923706055,35.37605667114258,15969300,0.0,0.0
2014-07-07 00:00:00-04:00,41.75,42.119998931884766,41.709999084472656,41.9900016784668,35.536865234375,21952400,0.0,0.0
2014-07-08 00:00:00-04:00,41.869998931884766,42.0,41.61000061035156,41.779998779296875,35.3591423034668,31218200,0.0,0.0
2014-07-09 00:00:00-04:00,41.97999954223633,41.9900016784668,41.529998779296875,41.66999816894531,35.26604461669922,18445900,0.0,0.0
2014-07-10 00:00:00-04:00,41.369998931884766,42.0,41.04999923706055,41.689998626708984,35.282981872558594,21854700,0.0,0.0
2014-07-11 00:00:00-04:00,41.70000076293945,42.09000015258789,41.47999954223633,42.09000015258789,35.62150955200195,24083000,0.0,0.0
2014-07-14 00:00:00-04:00,42.220001220703125,42.45000076293945,42.040000915527344,42.13999938964844,35.66380310058594,21881100,0.0,0.0
2014-07-15 00:00:00-04:00,42.33000183105469,42.470001220703125,42.029998779296875,42.45000076293945,35.9261589050293,28748700,0.0,0.0
2014-07-16 00:00:00-04:00,42.5099983215332,44.310001373291016,42.47999954223633,44.08000183105469,37.30567169189453,63318000,0.0,0.0
2014-07-17 00:00:00-04:00,45.45000076293945,45.709999084472656,44.25,44.529998779296875,37.686519622802734,82180300,0.0,0.0
2014-07-18 00:00:00-04:00,44.650001525878906,44.84000015258789,44.25,44.689998626708984,37.82191467285156,43407500,0.0,0.0
2014-07-21 00:00:00-04:00,44.560001373291016,45.15999984741211,44.220001220703125,44.84000015258789,37.9488639831543,37604400,0.0,0.0
2014-07-22 00:00:00-04:00,45.0,45.150001525878906,44.59000015258789,44.83000183105469,37.94041061401367,43095800,0.0,0.0
2014-07-23 00:00:00-04:00,45.45000076293945,45.45000076293945,44.619998931884766,44.869998931884766,37.97425842285156,52362900,0.0,0.0
2014-07-24 00:00:00-04:00,44.93000030517578,45.0,44.31999969482422,44.400001525878906,37.57648468017578,30725300,0.0,0.0
2014-07-25 00:00:00-04:00,44.29999923706055,44.65999984741211,44.29999923706055,44.5,37.66111755371094,26737700,0.0,0.0
2014-07-28 00:00:00-04:00,44.36000061035156,44.5099983215332,43.93000030517578,43.970001220703125,37.21257781982422,29684200,0.0,0.0
2014-07-29 00:00:00-04:00,43.90999984741211,44.09000015258789,43.63999938964844,43.88999938964844,37.14488220214844,27763100,0.0,0.0
2014-07-30 00:00:00-04:00,44.06999969482422,44.099998474121094,43.290000915527344,43.58000183105469,36.882511138916016,31921400,0.0,0.0
2014-07-31 00:00:00-04:00,43.380001068115234,43.689998626708984,43.08000183105469,43.15999984741211,36.52705383300781,31537500,0.0,0.0
2014-08-01 00:00:00-04:00,43.209999084472656,43.25,42.599998474121094,42.86000061035156,36.273162841796875,31170300,0.0,0.0
2014-08-04 00:00:00-04:00,42.970001220703125,43.470001220703125,42.810001373291016,43.369998931884766,36.70477294921875,34277400,0.0,0.0
2014-08-05 00:00:00-04:00,43.310001373291016,43.459999084472656,42.83000183105469,43.08000183105469,36.459346771240234,26266400,0.0,0.0
2014-08-06 00:00:00-04:00,42.7400016784668,43.16999816894531,42.209999084472656,42.7400016784668,36.17160415649414,24634000,0.0,0.0
2014-08-07 00:00:00-04:00,42.84000015258789,43.45000076293945,42.650001525878906,43.22999954223633,36.5863037109375,30314900,0.0,0.0
2014-08-08 00:00:00-04:00,43.22999954223633,43.31999969482422,42.90999984741211,43.20000076293945,36.5609130859375,28942700,0.0,0.0
2014-08-11 00:00:00-04:00,43.2599983215332,43.45000076293945,43.02000045776367,43.20000076293945,36.5609130859375,20351600,0.0,0.0
2014-08-12 00:00:00-04:00,43.040000915527344,43.59000015258789,43.0,43.52000045776367,36.83174133300781,21431100,0.0,0.0
2014-08-13 00:00:00-04:00,43.68000030517578,44.18000030517578,43.52000045776367,44.08000183105469,37.30567169189453,22889500,0.0,0.0
2014-08-14 00:00:00-04:00,44.08000183105469,44.41999816894531,44.0099983215332,44.27000045776367,37.46648406982422,19313200,0.0,0.0
2014-08-15 00:00:00-04:00,44.58000183105469,44.900001525878906,44.400001525878906,44.790000915527344,37.90655517578125,41611300,0.0,0.0
2014-08-18 00:00:00-04:00,44.939998626708984,45.11000061035156,44.68000030517578,45.11000061035156,38.1773796081543,26891100,0.0,0.0
2014-08-19 00:00:00-04:00,44.970001220703125,45.34000015258789,44.83000183105469,45.33000183105469,38.60319900512695,28139500,0.28,0.0
2014-08-20 00:00:00-04:00,45.34000015258789,45.400001525878906,44.900001525878906,44.95000076293945,38.279563903808594,24770500,0.0,0.0
2014-08-21 00:00:00-04:00,44.84000015258789,45.25,44.83000183105469,45.220001220703125,38.50949478149414,22285500,0.0,0.0
2014-08-22 00:00:00-04:00,45.349998474121094,45.470001220703125,45.06999969482422,45.150001525878906,38.44989013671875,18294500,0.0,0.0
2014-08-25 00:00:00-04:00,45.400001525878906,45.439998626708984,45.040000915527344,45.16999816894531,38.46692657470703,16910000,0.0,0.0
2014-08-26 00:00:00-04:00,45.310001373291016,45.400001525878906,44.939998626708984,45.0099983215332,38.33066177368164,14873100,0.0,0.0
2014-08-27 00:00:00-04:00,44.900001525878906,45.0,44.7599983215332,44.869998931884766,38.21142578125,21287900,0.0,0.0
2014-08-28 00:00:00-04:00,44.75,44.97999954223633,44.61000061035156,44.880001068115234,38.21996307373047,17657600,0.0,0.0
2014-08-29 00:00:00-04:00,45.09000015258789,45.439998626708984,44.86000061035156,45.43000030517578,38.6883430480957,21607600,0.0,0.0
2014-09-02 00:00:00-04:00,45.43000030517578,45.459999084472656,44.849998474121094,45.09000015258789,38.3987922668457,22976800,0.0,0.0
2014-09-03 00:00:00-04:00,44.529998779296875,45.11000061035156,44.529998779296875,44.959999084472656,38.28809356689453,33684500,0.0,0.0
2014-09-04 00:00:00-04:00,44.7400016784668,45.27000045776367,44.720001220703125,45.2599983215332,38.5435676574707,26475500,0.0,0.0
2014-09-05 00:00:00-04:00,45.11000061035156,45.93000030517578,45.11000061035156,45.90999984741211,39.09710693359375,36939400,0.0,0.0
2014-09-08 00:00:00-04:00,46.02000045776367,46.79999923706055,45.9900016784668,46.470001220703125,39.574005126953125,45736700,0.0,0.0
2014-09-09 00:00:00-04:00,46.470001220703125,46.970001220703125,46.41999816894531,46.7599983215332,39.820960998535156,40302400,0.0,0.0
2014-09-10 00:00:00-04:00,46.81999969482422,46.939998626708984,46.279998779296875,46.84000015258789,39.88909149169922,27302400,0.0,0.0
2014-09-11 00:00:00-04:00,46.7400016784668,47.0,46.470001220703125,47.0,40.02536392211914,29216400,0.0,0.0
2014-09-12 00:00:00-04:00,46.90999984741211,47.02000045776367,46.599998474121094,46.70000076293945,39.769874572753906,38244700,0.0,0.0
2014-09-15 00:00:00-04:00,46.540000915527344,46.709999084472656,46.099998474121094,46.2400016784668,39.37814712524414,37667600,0.0,0.0
2014-09-16 00:00:00-04:00,46.38999938964844,46.849998474121094,46.290000915527344,46.7599983215332,39.820960998535156,27910600,0.0,0.0
2014-09-17 00:00:00-04:00,46.2599983215332,46.689998626708984,46.22999954223633,46.52000045776367,39.61659240722656,38311900,0.0,0.0
2014-09-18 00:00:00-04:00,46.59000015258789,46.83000183105469,46.459999084472656,46.68000030517578,39.752845764160156,35556600,0.0,0.0
2014-09-19 00:00:00-04:00,46.810001373291016,47.56999969482422,46.599998474121094,47.52000045776367,40.46818923950195,202522400,0.0,0.0
2014-09-22 00:00:00-04:00,47.29999923706055,47.380001068115234,46.97999954223633,47.060001373291016,40.07646560668945,38686100,0.0,0.0
2014-09-23 00:00:00-04:00,46.849998474121094,46.97999954223633,46.470001220703125,46.560001373291016,39.65066909790039,33430300,0.0,0.0
2014-09-24 00:00:00-04:00,46.630001068115234,47.11000061035156,46.34000015258789,47.08000183105469,40.09348678588867,26582700,0.0,0.0
2014-09-25 00:00:00-04:00,46.880001068115234,47.09000015258789,46.029998779296875,46.040000915527344,39.20781326293945,33077400,0.0,0.0
2014-09-26 00:00:00-04:00,45.93000030517578,46.619998931884766,45.7599983215332,46.40999984741211,39.52292251586914,27078800,0.0,0.0
2014-09-29 00:00:00-04:00,45.97999954223633,46.560001373291016,45.7599983215332,46.439998626708984,39.5484619140625,26091000,0.0,0.0
2014-09-30 00:00:00-04:00,46.369998931884766,46.47999954223633,46.0099983215332,46.36000061035156,39.480342864990234,33033100,0.0,0.0
2014-10-01 00:00:00-04:00,46.27000045776367,46.529998779296875,45.849998474121094,45.900001525878906,39.08859634399414,38088400,0.0,0.0
2014-10-02 00:00:00-04:00,45.83000183105469,46.099998474121094,45.63999938964844,45.7599983215332,38.969356536865234,25119400,0.0,0.0
2014-10-03 00:00:00-04:00,45.97999954223633,46.29999923706055,45.61000061035156,46.09000015258789,39.250404357910156,32453200,0.0,0.0
2014-10-06 00:00:00-04:00,46.119998931884766,46.29999923706055,45.91999816894531,46.09000015258789,39.250404357910156,20604000,0.0,0.0
2014-10-07 00:00:00-04:00,45.86000061035156,45.93000030517578,45.41999816894531,45.529998779296875,38.77350997924805,25723700,0.0,0.0
2014-10-08 00:00:00-04:00,45.47999954223633,46.88999938964844,45.34000015258789,46.779998779296875,39.837982177734375,33031000,0.0,0.0
2014-10-09 00:00:00-04:00,46.5,46.79999923706055,45.7400016784668,45.849998474121094,39.046024322509766,34422800,0.0,0.0
2014-10-10 00:00:00-04:00,45.599998474121094,46.119998931884766,43.95000076293945,44.029998779296875,37.4960823059082,51978100,0.0,0.0
2014-10-13 00:00:00-04:00,43.81999969482422,44.560001373291016,43.4900016784668,43.650001525878906,37.1724967956543,37100200,0.0,0.0
2014-10-14 00:00:00-04:00,43.869998931884766,44.380001068115234,43.560001373291016,43.72999954223633,37.240623474121094,38115700,0.0,0.0
2014-10-15 00:00:00-04:00,43.0,43.38999938964844,42.099998474121094,43.220001220703125,36.80629348754883,60218700,0.0,0.0
2014-10-16 00:00:00-04:00,42.529998779296875,43.08000183105469,42.220001220703125,42.7400016784668,36.397525787353516,49040400,0.0,0.0
2014-10-17 00:00:00-04:00,43.20000076293945,43.939998626708984,42.790000915527344,43.630001068115234,37.155452728271484,40683300,0.0,0.0
2014-10-20 00:00:00-04:00,43.060001373291016,44.13999938964844,42.810001373291016,44.08000183105469,37.5386848449707,34527900,0.0,0.0
2014-10-21 00:00:00-04:00,44.36000061035156,44.97999954223633,44.189998626708984,44.880001068115234,38.21996307373047,36433800,0.0,0.0
2014-10-22 00:00:00-04:00,45.0,45.06999969482422,44.22999954223633,44.380001068115234,37.79415512084961,33570900,0.0,0.0
2014-10-23 00:00:00-04:00,44.619998931884766,45.45000076293945,44.529998779296875,45.02000045776367,38.33919143676758,45451900,0.0,0.0
2014-10-24 00:00:00-04:00,46.83000183105469,46.900001525878906,45.18000030517578,46.130001068115234,39.28447723388672,61076700,0.0,0.0
2014-10-27 00:00:00-04:00,45.709999084472656,46.099998474121094,45.709999084472656,45.90999984741211,39.09710693359375,30371300,0.0,0.0
2014-10-28 00:00:00-04:00,45.86000061035156,46.5,45.77000045776367,46.4900016784668,39.59103775024414,29049800,0.0,0.0
2014-10-29 00:00:00-04:00,46.439998626708984,46.70000076293945,46.34000015258789,46.619998931884766,39.701751708984375,30276100,0.0,0.0
2014-10-30 00:00:00-04:00,46.31999969482422,46.31999969482422,45.77000045776367,46.04999923706055,39.21632766723633,30073900,0.0,0.0
2014-10-31 00:00:00-04:00,46.939998626708984,46.970001220703125,46.47999954223633,46.95000076293945,39.98277282714844,35849700,0.0,0.0
2014-11-03 00:00:00-05:00,46.88999938964844,47.459999084472656,46.72999954223633,47.439998626708984,40.400062561035156,23130400,0.0,0.0
2014-11-04 00:00:00-05:00,47.29999923706055,47.72999954223633,47.25,47.56999969482422,40.510780334472656,21530800,0.0,0.0
2014-11-05 00:00:00-05:00,47.79999923706055,47.900001525878906,47.2599983215332,47.86000061035156,40.75773620605469,22449600,0.0,0.0
2014-11-06 00:00:00-05:00,47.86000061035156,48.86000061035156,47.790000915527344,48.70000076293945,41.473079681396484,33037800,0.0,0.0
2014-11-07 00:00:00-05:00,48.91999816894531,48.91999816894531,48.290000915527344,48.68000030517578,41.456050872802734,28000600,0.0,0.0
2014-11-10 00:00:00-05:00,48.650001525878906,49.150001525878906,48.54999923706055,48.88999938964844,41.634891510009766,36370100,0.0,0.0
2014-11-11 00:00:00-05:00,48.849998474121094,48.95000076293945,48.650001525878906,48.869998931884766,41.61784744262695,23445200,0.0,0.0
2014-11-12 00:00:00-05:00,48.560001373291016,48.91999816894531,48.52000045776367,48.779998779296875,41.54122543334961,22722100,0.0,0.0
2014-11-13 00:00:00-05:00,48.810001373291016,49.650001525878906,48.709999084472656,49.61000061035156,42.24803924560547,26210400,0.0,0.0
2014-11-14 00:00:00-05:00,49.7400016784668,50.04999923706055,49.38999938964844,49.58000183105469,42.222496032714844,29081700,0.0,0.0
2014-11-17 00:00:00-05:00,49.40999984741211,49.709999084472656,49.13999938964844,49.459999084472656,42.120296478271484,30318600,0.0,0.0
2014-11-18 00:00:00-05:00,49.130001068115234,49.33000183105469,48.70000076293945,48.7400016784668,41.76895523071289,23995500,0.31,0.0
2014-11-19 00:00:00-05:00,48.65999984741211,48.75,47.93000030517578,48.220001220703125,41.32332992553711,26177500,0.0,0.0
2014-11-20 00:00:00-05:00,48.0,48.70000076293945,47.869998931884766,48.70000076293945,41.73466110229492,21510600,0.0,0.0
2014-11-21 00:00:00-05:00,49.02000045776367,49.04999923706055,47.56999969482422,47.97999954223633,41.117652893066406,42884800,0.0,0.0
2014-11-24 00:00:00-05:00,47.9900016784668,48.0,47.38999938964844,47.59000015258789,40.78342056274414,35434200,0.0,0.0
2014-11-25 00:00:00-05:00,47.65999984741211,47.970001220703125,47.45000076293945,47.470001220703125,40.68059158325195,28008000,0.0,0.0
2014-11-26 00:00:00-05:00,47.4900016784668,47.9900016784668,47.279998779296875,47.75,40.92053985595703,27163600,0.0,0.0
2014-11-28 00:00:00-05:00,47.95000076293945,48.20000076293945,47.61000061035156,47.810001373291016,40.971961975097656,21534400,0.0,0.0
2014-12-01 00:00:00-05:00,47.880001068115234,48.779998779296875,47.709999084472656,48.619998931884766,41.66611099243164,31191600,0.0,0.0
2014-12-02 00:00:00-05:00,48.84000015258789,49.04999923706055,48.20000076293945,48.459999084472656,41.52899169921875,25773500,0.0,0.0
2014-12-03 00:00:00-05:00,48.439998626708984,48.5,47.810001373291016,48.08000183105469,41.203338623046875,23534800,0.0,0.0
2014-12-04 00:00:00-05:00,48.38999938964844,49.060001373291016,48.20000076293945,48.84000015258789,41.854637145996094,30320400,0.0,0.0
2014-12-05 00:00:00-05:00,48.81999969482422,48.970001220703125,48.380001068115234,48.41999816894531,41.494712829589844,27313400,0.0,0.0
2014-12-08 00:00:00-05:00,48.2599983215332,48.349998474121094,47.45000076293945,47.70000076293945,40.877689361572266,26663100,0.0,0.0
2014-12-09 00:00:00-05:00,47.11000061035156,47.91999816894531,47.04999923706055,47.59000015258789,40.78342056274414,24330500,0.0,0.0
2014-12-10 00:00:00-05:00,47.58000183105469,47.65999984741211,46.70000076293945,46.900001525878906,40.19211196899414,30431800,0.0,0.0
2014-12-11 00:00:00-05:00,47.08000183105469,47.7400016784668,46.68000030517578,47.16999816894531,40.42349624633789,29060400,0.0,0.0
2014-12-12 00:00:00-05:00,46.779998779296875,47.72999954223633,46.66999816894531,46.95000076293945,40.234954833984375,34248400,0.0,0.0
2014-12-15 00:00:00-05:00,47.20000076293945,47.66999816894531,46.54999923706055,46.66999816894531,39.9949951171875,29247800,0.0,0.0
2014-12-16 00:00:00-05:00,45.900001525878906,46.34000015258789,45.130001068115234,45.15999984741211,38.70096969604492,47801400,0.0,0.0
2014-12-17 00:00:00-05:00,45.04999923706055,45.95000076293945,44.900001525878906,45.7400016784668,39.19801330566406,34970900,0.0,0.0
2014-12-18 00:00:00-05:00,46.58000183105469,47.52000045776367,46.34000015258789,47.52000045776367,40.723426818847656,40105600,0.0,0.0
2014-12-19 00:00:00-05:00,47.630001068115234,48.099998474121094,47.16999816894531,47.65999984741211,40.84339904785156,64551200,0.0,0.0
2014-12-22 00:00:00-05:00,47.779998779296875,48.119998931884766,47.709999084472656,47.97999954223633,41.117652893066406,26566000,0.0,0.0
2014-12-23 00:00:00-05:00,48.369998931884766,48.79999923706055,48.130001068115234,48.45000076293945,41.520416259765625,23648100,0.0,0.0
2014-12-24 00:00:00-05:00,48.63999938964844,48.63999938964844,48.08000183105469,48.13999938964844,41.25476837158203,11437800,0.0,0.0
2014-12-26 00:00:00-05:00,48.40999984741211,48.40999984741211,47.81999969482422,47.880001068115234,41.03194046020508,13197800,0.0,0.0
2014-12-29 00:00:00-05:00,47.70000076293945,47.779998779296875,47.2599983215332,47.45000076293945,40.6634407043457,14439500,0.0,0.0
2014-12-30 00:00:00-05:00,47.439998626708984,47.619998931884766,46.84000015258789,47.02000045776367,40.29494857788086,16384700,0.0,0.0
2014-12-31 00:00:00-05:00,46.72999954223633,47.439998626708984,46.45000076293945,46.45000076293945,39.806480407714844,21552500,0.0,0.0
2015-01-02 00:00:00-05:00,46.65999984741211,47.41999816894531,46.540000915527344,46.7599983215332,40.072120666503906,27913900,0.0,0.0
2015-01-05 00:00:00-05:00,46.369998931884766,46.72999954223633,46.25,46.33000183105469,39.70362854003906,39673900,0.0,0.0
2015-01-06 00:00:00-05:00,46.380001068115234,46.75,45.540000915527344,45.650001525878906,39.12089538574219,36447900,0.0,0.0
2015-01-07 00:00:00-05:00,45.97999954223633,46.459999084472656,45.4900016784668,46.22999954223633,39.61792755126953,29114100,0.0,0.0
2015-01-08 00:00:00-05:00,46.75,47.75,46.720001220703125,47.59000015258789,40.78342056274414,29645200,0.0,0.0
2015-01-09 00:00:00-05:00,47.61000061035156,47.81999969482422,46.900001525878906,47.189998626708984,40.44062805175781,23944200,0.0,0.0
2015-01-12 00:00:00-05:00,47.41999816894531,47.540000915527344,46.36000061035156,46.599998474121094,39.935020446777344,23651900,0.0,0.0
2015-01-13 00:00:00-05:00,46.970001220703125,47.90999984741211,46.060001373291016,46.36000061035156,39.72935104370117,35270600,0.0,0.0
2015-01-14 00:00:00-05:00,45.959999084472656,46.2400016784668,45.619998931884766,45.959999084472656,39.38656234741211,29719600,0.0,0.0
2015-01-15 00:00:00-05:00,46.220001220703125,46.380001068115234,45.40999984741211,45.47999954223633,38.97521209716797,32750800,0.0,0.0
2015-01-16 00:00:00-05:00,45.310001373291016,46.279998779296875,45.16999816894531,46.2400016784668,39.62651824951172,35695300,0.0,0.0
2015-01-20 00:00:00-05:00,46.29999923706055,46.650001525878906,45.56999969482422,46.38999938964844,39.75505065917969,36161900,0.0,0.0
2015-01-21 00:00:00-05:00,45.939998626708984,46.13999938964844,45.47999954223633,45.91999816894531,39.35227584838867,39081100,0.0,0.0
2015-01-22 00:00:00-05:00,46.380001068115234,47.13999938964844,46.08000183105469,47.130001068115234,40.38921356201172,35898000,0.0,0.0
2015-01-23 00:00:00-05:00,47.36000061035156,47.38999938964844,46.79999923706055,47.18000030517578,40.43206024169922,26211600,0.0,0.0
2015-01-26 00:00:00-05:00,47.0,47.130001068115234,46.2400016784668,47.0099983215332,40.286373138427734,42525500,0.0,0.0
2015-01-27 00:00:00-05:00,42.95000076293945,43.20000076293945,42.11000061035156,42.65999984741211,36.55853271484375,169164000,0.0,0.0
2015-01-28 00:00:00-05:00,42.7400016784668,42.790000915527344,41.15999984741211,41.189998626708984,35.29877853393555,84507100,0.0,0.0
2015-01-29 00:00:00-05:00,40.93000030517578,42.119998931884766,40.790000915527344,42.0099983215332,36.00149154663086,63585300,0.0,0.0
2015-01-30 00:00:00-05:00,41.54999923706055,41.58000183105469,40.349998474121094,40.400001525878906,34.62177658081055,78004900,0.0,0.0
2015-02-02 00:00:00-05:00,40.59000015258789,41.369998931884766,40.22999954223633,41.279998779296875,35.37591552734375,50352500,0.0,0.0
2015-02-03 00:00:00-05:00,41.630001068115234,41.93000030517578,41.04999923706055,41.599998474121094,35.650146484375,52082400,0.0,0.0
2015-02-04 00:00:00-05:00,41.939998626708984,42.209999084472656,41.36000061035156,41.84000015258789,35.85581588745117,41614800,0.0,0.0
2015-02-05 00:00:00-05:00,42.220001220703125,42.63999938964844,41.86000061035156,42.45000076293945,36.378578186035156,36548200,0.0,0.0
2015-02-06 00:00:00-05:00,42.68000030517578,42.790000915527344,42.150001525878906,42.40999984741211,36.344295501708984,34616600,0.0,0.0
2015-02-09 00:00:00-05:00,42.2400016784668,42.7400016784668,42.209999084472656,42.36000061035156,36.30144119262695,31381100,0.0,0.0
2015-02-10 00:00:00-05:00,42.7400016784668,42.77000045776367,42.18000030517578,42.599998474121094,36.50712203979492,29670700,0.0,0.0
2015-02-11 00:00:00-05:00,42.650001525878906,42.650001525878906,42.209999084472656,42.380001068115234,36.31858444213867,38262500,0.0,0.0
2015-02-12 00:00:00-05:00,42.65999984741211,43.09000015258789,42.5099983215332,43.09000015258789,36.92703628540039,33268800,0.0,0.0
2015-02-13 00:00:00-05:00,43.380001068115234,43.869998931884766,43.150001525878906,43.869998931884766,37.59547805786133,40264900,0.0,0.0
2015-02-17 00:00:00-05:00,43.970001220703125,44.0,43.189998626708984,43.58000183105469,37.612735748291016,33695700,0.31,0.0
2015-02-18 00:00:00-05:00,43.630001068115234,43.70000076293945,43.38999938964844,43.529998779296875,37.569580078125,27111700,0.0,0.0
2015-02-19 00:00:00-05:00,43.18000030517578,43.529998779296875,43.04999923706055,43.5,37.54369354248047,27603400,0.0,0.0
2015-02-20 00:00:00-05:00,43.5099983215332,43.880001068115234,43.290000915527344,43.86000061035156,37.85438919067383,29721100,0.0,0.0
2015-02-23 00:00:00-05:00,43.70000076293945,44.189998626708984,43.650001525878906,44.150001525878906,38.10469055175781,32518800,0.0,0.0
2015-02-24 00:00:00-05:00,44.150001525878906,44.29999923706055,43.91999816894531,44.09000015258789,38.05290603637695,25271700,0.0,0.0
2015-02-25 00:00:00-05:00,43.95000076293945,44.09000015258789,43.79999923706055,43.9900016784668,37.96659469604492,29759800,0.0,0.0
2015-02-26 00:00:00-05:00,43.9900016784668,44.22999954223633,43.88999938964844,44.060001373291016,38.02701187133789,28957300,0.0,0.0
2015-02-27 00:00:00-05:00,44.130001068115234,44.20000076293945,43.65999984741211,43.849998474121094,37.84576416015625,33807700,0.0,0.0
2015-03-02 00:00:00-05:00,43.66999816894531,44.189998626708984,43.54999923706055,43.880001068115234,37.871673583984375,31924000,0.0,0.0
2015-03-03 00:00:00-05:00,43.560001373291016,43.83000183105469,43.09000015258789,43.279998779296875,37.35380172729492,31748600,0.0,0.0
2015-03-04 00:00:00-05:00,43.0099983215332,43.209999084472656,42.880001068115234,43.060001373291016,37.1639404296875,25748700,0.0,0.0
2015-03-05 00:00:00-05:00,43.06999969482422,43.2400016784668,42.81999969482422,43.11000061035156,37.20709228515625,23193500,0.0,0.0
2015-03-06 00:00:00-05:00,43.0,43.11000061035156,42.150001525878906,42.36000061035156,36.559783935546875,36248800,0.0,0.0
2015-03-09 00:00:00-04:00,42.189998626708984,43.130001068115234,42.189998626708984,42.849998474121094,36.98268127441406,32108000,0.0,0.0
2015-03-10 00:00:00-04:00,42.349998474121094,42.709999084472656,42.029998779296875,42.029998779296875,36.27497482299805,39159700,0.0,0.0
2015-03-11 00:00:00-04:00,42.310001373291016,42.369998931884766,41.84000015258789,41.97999954223633,36.231815338134766,32215300,0.0,0.0
2015-03-12 00:00:00-04:00,41.33000183105469,41.650001525878906,40.86000061035156,41.02000045776367,35.403263092041016,59992500,0.0,0.0
2015-03-13 00:00:00-04:00,40.70000076293945,41.470001220703125,40.61000061035156,41.380001068115234,35.71397399902344,58007700,0.0,0.0
2015-03-16 00:00:00-04:00,41.470001220703125,41.63999938964844,41.279998779296875,41.560001373291016,35.86934280395508,35273500,0.0,0.0
2015-03-17 00:00:00-04:00,41.369998931884766,41.83000183105469,41.150001525878906,41.70000076293945,35.99015808105469,31673400,0.0,0.0
2015-03-18 00:00:00-04:00,41.43000030517578,42.83000183105469,41.33000183105469,42.5,36.68062973022461,44194800,0.0,0.0
2015-03-19 00:00:00-04:00,42.2599983215332,42.59000015258789,42.220001220703125,42.290000915527344,36.499385833740234,33879100,0.0,0.0
2015-03-20 00:00:00-04:00,42.560001373291016,42.97999954223633,42.4900016784668,42.880001068115234,37.00859069824219,71904500,0.0,0.0
2015-03-23 00:00:00-04:00,42.880001068115234,43.130001068115234,42.779998779296875,42.86000061035156,36.991310119628906,26246100,0.0,0.0
2015-03-24 00:00:00-04:00,42.779998779296875,43.16999816894531,42.75,42.900001525878906,37.025840759277344,25513300,0.0,0.0
2015-03-25 00:00:00-04:00,42.91999816894531,42.93000030517578,41.439998626708984,41.459999084472656,35.78302001953125,43469900,0.0,0.0
2015-03-26 00:00:00-04:00,41.220001220703125,41.61000061035156,40.91999816894531,41.209999084472656,35.56725311279297,37495600,0.0,0.0
2015-03-27 00:00:00-04:00,41.119998931884766,41.43000030517578,40.83000183105469,40.970001220703125,35.360137939453125,34401400,0.0,0.0
2015-03-30 00:00:00-04:00,41.099998474121094,41.540000915527344,40.90999984741211,40.959999084472656,35.35147476196289,35049700,0.0,0.0
2015-03-31 00:00:00-04:00,40.779998779296875,41.029998779296875,40.540000915527344,40.65999984741211,35.092567443847656,34887200,0.0,0.0
2015-04-01 00:00:00-04:00,40.599998474121094,40.7599983215332,40.310001373291016,40.720001220703125,35.144351959228516,36865300,0.0,0.0
2015-04-02 00:00:00-04:00,40.65999984741211,40.7400016784668,40.119998931884766,40.290000915527344,34.773231506347656,37487500,0.0,0.0
2015-04-06 00:00:00-04:00,40.34000015258789,41.779998779296875,40.18000030517578,41.54999923706055,35.86069107055664,39223700,0.0,0.0
2015-04-07 00:00:00-04:00,41.61000061035156,41.90999984741211,41.310001373291016,41.529998779296875,35.84342575073242,28809400,0.0,0.0
2015-04-08 00:00:00-04:00,41.459999084472656,41.689998626708984,41.040000915527344,41.41999816894531,35.74850082397461,24753400,0.0,0.0
2015-04-09 00:00:00-04:00,41.25,41.619998931884766,41.25,41.47999954223633,35.800289154052734,25723900,0.0,0.0
2015-04-10 00:00:00-04:00,41.630001068115234,41.95000076293945,41.40999984741211,41.720001220703125,36.007423400878906,28022000,0.0,0.0
2015-04-13 00:00:00-04:00,41.400001525878906,42.060001373291016,41.38999938964844,41.7599983215332,36.04194259643555,30276700,0.0,0.0
2015-04-14 00:00:00-04:00,41.79999923706055,42.029998779296875,41.38999938964844,41.650001525878906,35.94700241088867,24244400,0.0,0.0
2015-04-15 00:00:00-04:00,41.7599983215332,42.459999084472656,41.68000030517578,42.2599983215332,36.473480224609375,27343600,0.0,0.0
2015-04-16 00:00:00-04:00,41.95000076293945,42.34000015258789,41.81999969482422,42.15999984741211,36.387176513671875,22509700,0.0,0.0
2015-04-17 00:00:00-04:00,41.66999816894531,41.7400016784668,41.15999984741211,41.619998931884766,35.921112060546875,42387600,0.0,0.0
2015-04-20 00:00:00-04:00,41.72999954223633,43.16999816894531,41.68000030517578,42.90999984741211,37.03448486328125,46057700,0.0,0.0
2015-04-21 00:00:00-04:00,43.0,43.150001525878906,42.529998779296875,42.63999938964844,36.801448822021484,26013800,0.0,0.0
2015-04-22 00:00:00-04:00,42.66999816894531,43.130001068115234,42.54999923706055,42.9900016784668,37.10353088378906,25064300,0.0,0.0
2015-04-23 00:00:00-04:00,42.88999938964844,43.61000061035156,42.79999923706055,43.34000015258789,37.405601501464844,46309500,0.0,0.0
2015-04-24 00:00:00-04:00,45.65999984741211,48.13999938964844,45.650001525878906,47.869998931884766,41.3153190612793,130933700,0.0,0.0
2015-04-27 00:00:00-04:00,47.22999954223633,48.130001068115234,47.220001220703125,48.029998779296875,41.45342254638672,59248200,0.0,0.0
2015-04-28 00:00:00-04:00,47.779998779296875,49.209999084472656,47.70000076293945,49.15999984741211,42.42868423461914,60730800,0.0,0.0
2015-04-29 00:00:00-04:00,48.720001220703125,49.310001373291016,48.5,49.060001373291016,42.342376708984375,47804600,0.0,0.0
2015-04-30 00:00:00-04:00,48.70000076293945,49.540000915527344,48.599998474121094,48.63999938964844,41.979881286621094,64725500,0.0,0.0
2015-05-01 00:00:00-04:00,48.58000183105469,48.880001068115234,48.400001525878906,48.65999984741211,41.99715805053711,38937300,0.0,0.0
2015-05-04 00:00:00-04:00,48.369998931884766,48.869998931884766,48.18000030517578,48.2400016784668,41.63466262817383,34039500,0.0,0.0
2015-05-05 00:00:00-04:00,47.81999969482422,48.15999984741211,47.310001373291016,47.599998474121094,41.0822868347168,50369200,0.0,0.0
2015-05-06 00:00:00-04:00,47.56999969482422,47.77000045776367,46.02000045776367,46.279998779296875,39.94303894042969,52433000,0.0,0.0
2015-05-07 00:00:00-04:00,46.27000045776367,47.09000015258789,46.15999984741211,46.70000076293945,40.30552673339844,32971700,0.0,0.0
2015-05-08 00:00:00-04:00,47.54999923706055,47.97999954223633,47.52000045776367,47.75,41.211753845214844,35364900,0.0,0.0
2015-05-11 00:00:00-04:00,47.54999923706055,47.90999984741211,47.369998931884766,47.369998931884766,40.8837776184082,24609400,0.0,0.0
2015-05-12 00:00:00-04:00,46.849998474121094,47.68000030517578,46.41999816894531,47.349998474121094,40.86652374267578,29928300,0.0,0.0
2015-05-13 00:00:00-04:00,48.189998626708984,48.31999969482422,47.56999969482422,47.630001068115234,41.108192443847656,34184600,0.0,0.0
2015-05-14 00:00:00-04:00,48.029998779296875,48.81999969482422,48.029998779296875,48.720001220703125,42.048927307128906,32980900,0.0,0.0
2015-05-15 00:00:00-04:00,48.869998931884766,48.90999984741211,48.04999923706055,48.29999923706055,41.68644332885742,28642700,0.0,0.0
2015-05-18 00:00:00-04:00,47.97999954223633,48.220001220703125,47.61000061035156,48.0099983215332,41.43614959716797,24136500,0.0,0.0
2015-05-19 00:00:00-04:00,47.560001373291016,47.810001373291016,47.18000030517578,47.58000183105469,41.331912994384766,28574800,0.31,0.0
2015-05-20 00:00:00-04:00,47.38999938964844,47.93000030517578,47.27000045776367,47.58000183105469,41.331912994384766,25047900,0.0,0.0
2015-05-21 00:00:00-04:00,47.279998779296875,47.599998474121094,47.0099983215332,47.41999816894531,41.19291305541992,22410700,0.0,0.0
2015-05-22 00:00:00-04:00,47.29999923706055,47.349998474121094,46.81999969482422,46.900001525878906,40.741207122802734,25720600,0.0,0.0
2015-05-26 00:00:00-04:00,46.83000183105469,46.880001068115234,46.189998626708984,46.59000015258789,40.47191619873047,29581900,0.0,0.0
2015-05-27 00:00:00-04:00,46.81999969482422,47.77000045776367,46.619998931884766,47.61000061035156,41.35797882080078,27335600,0.0,0.0
2015-05-28 00:00:00-04:00,47.5,48.02000045776367,47.38999938964844,47.45000076293945,41.2189826965332,19283700,0.0,0.0
2015-05-29 00:00:00-04:00,47.43000030517578,47.56999969482422,46.59000015258789,46.86000061035156,40.706459045410156,36519600,0.0,0.0
2015-06-01 00:00:00-04:00,47.060001373291016,47.77000045776367,46.619998931884766,47.22999954223633,41.02787399291992,28837300,0.0,0.0
2015-06-02 00:00:00-04:00,46.93000030517578,47.349998474121094,46.619998931884766,46.91999816894531,40.75858688354492,21498300,0.0,0.0
2015-06-03 00:00:00-04:00,47.369998931884766,47.7400016784668,46.81999969482422,46.849998474121094,40.6977653503418,28002200,0.0,0.0
2015-06-04 00:00:00-04:00,46.790000915527344,47.15999984741211,46.20000076293945,46.36000061035156,40.27212142944336,27745500,0.0,0.0
2015-06-05 00:00:00-04:00,46.310001373291016,46.52000045776367,45.84000015258789,46.13999938964844,40.08100891113281,25438100,0.0,0.0
2015-06-08 00:00:00-04:00,46.29999923706055,46.43000030517578,45.66999816894531,45.72999954223633,39.724849700927734,22121600,0.0,0.0
2015-06-09 00:00:00-04:00,45.7599983215332,45.939998626708984,45.459999084472656,45.650001525878906,39.65536117553711,24406100,0.0,0.0
2015-06-10 00:00:00-04:00,45.790000915527344,46.83000183105469,45.689998626708984,46.61000061035156,40.489288330078125,28417400,0.0,0.0
2015-06-11 00:00:00-04:00,46.65999984741211,46.91999816894531,46.130001068115234,46.439998626708984,40.341617584228516,27347800,0.0,0.0
2015-06-12 00:00:00-04:00,46.220001220703125,46.470001220703125,45.900001525878906,45.970001220703125,39.93333435058594,23931000,0.0,0.0
2015-06-15 00:00:00-04:00,45.45000076293945,45.650001525878906,45.02000045776367,45.47999954223633,39.507686614990234,33254500,0.0,0.0
2015-06-16 00:00:00-04:00,45.349998474121094,46.2400016784668,45.29999923706055,45.83000183105469,39.81172561645508,27070300,0.0,0.0
2015-06-17 00:00:00-04:00,45.72999954223633,46.06999969482422,45.36000061035156,45.970001220703125,39.93333435058594,28704100,0.0,0.0
2015-06-18 00:00:00-04:00,46.220001220703125,46.79999923706055,46.16999816894531,46.720001220703125,40.5848503112793,32658300,0.0,0.0
2015-06-19 00:00:00-04:00,46.790000915527344,46.83000183105469,45.9900016784668,46.099998474121094,40.04627227783203,63837000,0.0,0.0
2015-06-22 00:00:00-04:00,46.33000183105469,46.720001220703125,46.15999984741211,46.22999954223633,40.159183502197266,20318100,0.0,0.0
2015-06-23 00:00:00-04:00,46.130001068115234,46.279998779296875,45.619998931884766,45.90999984741211,39.881202697753906,25896500,0.0,0.0
2015-06-24 00:00:00-04:00,45.66999816894531,46.25,45.54999923706055,45.63999938964844,39.64666748046875,34890900,0.0,0.0
2015-06-25 00:00:00-04:00,46.029998779296875,46.060001373291016,45.5,45.650001525878906,39.65536117553711,20616000,0.0,0.0
2015-06-26 00:00:00-04:00,45.650001525878906,46.279998779296875,45.029998779296875,45.2599983215332,39.31657028198242,49835300,0.0,0.0
2015-06-29 00:00:00-04:00,45.040000915527344,45.22999954223633,44.36000061035156,44.369998931884766,38.54343795776367,34081700,0.0,0.0
2015-06-30 00:00:00-04:00,44.709999084472656,44.720001220703125,43.939998626708984,44.150001525878906,38.352333068847656,35945400,0.0,0.0
2015-07-01 00:00:00-04:00,44.459999084472656,45.22999954223633,44.099998474121094,44.45000076293945,38.61293029785156,28343900,0.0,0.0
2015-07-02 00:00:00-04:00,44.47999954223633,44.75,44.060001373291016,44.400001525878906,38.56949996948242,21752000,0.0,0.0
2015-07-06 00:00:00-04:00,43.959999084472656,44.47999954223633,43.95000076293945,44.38999938964844,38.56080627441406,23034000,0.0,0.0
2015-07-07 00:00:00-04:00,44.34000015258789,44.4900016784668,43.31999969482422,44.29999923706055,38.482635498046875,36435800,0.0,0.0
2015-07-08 00:00:00-04:00,44.439998626708984,44.900001525878906,44.029998779296875,44.2400016784668,38.43050003051758,39785900,0.0,0.0
2015-07-09 00:00:00-04:00,44.75,45.220001220703125,44.5,44.52000045776367,38.67374801635742,32424700,0.0,0.0
2015-07-10 00:00:00-04:00,45.0099983215332,45.13999938964844,44.56999969482422,44.61000061035156,38.75193405151367,25465800,0.0,0.0
2015-07-13 00:00:00-04:00,44.97999954223633,45.619998931884766,44.95000076293945,45.540000915527344,39.55978775024414,28178300,0.0,0.0
2015-07-14 00:00:00-04:00,45.45000076293945,45.959999084472656,45.310001373291016,45.619998931884766,39.62928771972656,22880300,0.0,0.0
2015-07-15 00:00:00-04:00,45.68000030517578,45.88999938964844,45.43000030517578,45.7599983215332,39.75089645385742,26629600,0.0,0.0
2015-07-16 00:00:00-04:00,46.0099983215332,46.689998626708984,45.970001220703125,46.65999984741211,40.53273010253906,26271700,0.0,0.0
2015-07-17 00:00:00-04:00,46.54999923706055,46.779998779296875,46.2599983215332,46.619998931884766,40.497982025146484,29467100,0.0,0.0
2015-07-20 00:00:00-04:00,46.650001525878906,47.130001068115234,46.439998626708984,46.91999816894531,40.75858688354492,30631900,0.0,0.0
2015-07-21 00:00:00-04:00,46.779998779296875,47.33000183105469,46.47999954223633,47.279998779296875,41.07130432128906,42781900,0.0,0.0
2015-07-22 00:00:00-04:00,45.439998626708984,46.93000030517578,45.20000076293945,45.540000915527344,39.55978775024414,59152400,0.0,0.0
2015-07-23 00:00:00-04:00,45.27000045776367,46.22999954223633,45.099998474121094,46.11000061035156,40.05494689941406,33934000,0.0,0.0
2015-07-24 00:00:00-04:00,45.90999984741211,46.31999969482422,45.79999923706055,45.939998626708984,39.90727996826172,32333200,0.0,0.0
2015-07-27 00:00:00-04:00,45.939998626708984,46.0099983215332,45.25,45.349998474121094,39.39474105834961,39701400,0.0,0.0
2015-07-28 00:00:00-04:00,45.58000183105469,45.63999938964844,44.790000915527344,45.34000015258789,39.38605880737305,34328900,0.0,0.0
2015-07-29 00:00:00-04:00,45.400001525878906,46.779998779296875,45.2599983215332,46.290000915527344,40.2113037109375,40945900,0.0,0.0
2015-07-30 00:00:00-04:00,46.2599983215332,47.400001525878906,45.93000030517578,46.880001068115234,40.72383117675781,39777900,0.0,0.0
2015-07-31 00:00:00-04:00,47.290000915527344,47.369998931884766,46.5,46.70000076293945,40.567466735839844,31201500,0.0,0.0
2015-08-03 00:00:00-04:00,46.97999954223633,47.0,46.45000076293945,46.810001373291016,40.663021087646484,24125900,0.0,0.0
2015-08-04 00:00:00-04:00,46.75,47.709999084472656,46.68000030517578,47.540000915527344,41.29716491699219,33403900,0.0,0.0
2015-08-05 00:00:00-04:00,47.97999954223633,48.40999984741211,47.540000915527344,47.58000183105469,41.331912994384766,26959700,0.0,0.0
2015-08-06 00:00:00-04:00,47.709999084472656,47.77000045776367,46.33000183105469,46.619998931884766,40.497982025146484,27368000,0.0,0.0
2015-08-07 00:00:00-04:00,46.38999938964844,46.779998779296875,46.2599983215332,46.7400016784668,40.602210998535156,19163000,0.0,0.0
2015-08-10 00:00:00-04:00,46.95000076293945,47.4900016784668,46.84000015258789,47.33000183105469,41.11473846435547,23079900,0.0,0.0
2015-08-11 00:00:00-04:00,46.81999969482422,46.939998626708984,45.900001525878906,46.40999984741211,40.3155632019043,29237400,0.0,0.0
2015-08-12 00:00:00-04:00,46.189998626708984,46.900001525878906,45.709999084472656,46.7400016784668,40.602210998535156,30181400,0.0,0.0
2015-08-13 00:00:00-04:00,47.060001373291016,47.099998474121094,46.4900016784668,46.72999954223633,40.59352493286133,22627200,0.0,0.0
2015-08-14 00:00:00-04:00,46.529998779296875,47.099998474121094,46.52000045776367,47.0,40.82807922363281,21473400,0.0,0.0
2015-08-17 00:00:00-04:00,46.810001373291016,47.45000076293945,46.56999969482422,47.31999969482422,41.106056213378906,21099700,0.0,0.0
2015-08-18 00:00:00-04:00,46.84000015258789,47.43000030517578,46.70000076293945,47.27000045776367,41.33340835571289,23574100,0.31,0.0
2015-08-19 00:00:00-04:00,46.779998779296875,47.08000183105469,46.29999923706055,46.61000061035156,40.75629425048828,31485500,0.0,0.0
2015-08-20 00:00:00-04:00,46.06999969482422,46.470001220703125,45.65999984741211,45.65999984741211,39.92558670043945,36238200,0.0,0.0
2015-08-21 00:00:00-04:00,45.29999923706055,45.47999954223633,43.06999969482422,43.06999969482422,37.660865783691406,70053100,0.0,0.0
2015-08-24 00:00:00-04:00,40.45000076293945,42.689998626708984,39.720001220703125,41.68000030517578,36.4454460144043,88753700,0.0,0.0
2015-08-25 00:00:00-04:00,42.56999969482422,43.2400016784668,40.38999938964844,40.470001220703125,35.38740158081055,70616600,0.0,0.0
2015-08-26 00:00:00-04:00,42.0099983215332,42.84000015258789,41.060001373291016,42.709999084472656,37.34608840942383,63408000,0.0,0.0
2015-08-27 00:00:00-04:00,43.22999954223633,43.95000076293945,42.93000030517578,43.900001525878906,38.38664627075195,50943200,0.0,0.0
2015-08-28 00:00:00-04:00,43.400001525878906,44.150001525878906,43.38999938964844,43.93000030517578,38.41286087036133,28246700,0.0,0.0
2015-08-31 00:00:00-04:00,43.560001373291016,43.93000030517578,43.099998474121094,43.52000045776367,38.054359436035156,34441700,0.0,0.0
2015-09-01 00:00:00-04:00,42.16999816894531,42.59000015258789,41.65999984741211,41.81999969482422,36.5678596496582,49688900,0.0,0.0
2015-09-02 00:00:00-04:00,42.36000061035156,43.380001068115234,41.880001068115234,43.36000061035156,37.914451599121094,37671500,0.0,0.0
2015-09-03 00:00:00-04:00,43.40999984741211,43.97999954223633,43.279998779296875,43.5,38.0368537902832,28285200,0.0,0.0
2015-09-04 00:00:00-04:00,42.810001373291016,43.040000915527344,42.20000076293945,42.61000061035156,37.25865936279297,37138800,0.0,0.0
2015-09-08 00:00:00-04:00,43.29999923706055,44.0,43.20000076293945,43.88999938964844,38.377891540527344,32469800,0.0,0.0
2015-09-09 00:00:00-04:00,44.209999084472656,44.400001525878906,42.90999984741211,43.06999969482422,37.660865783691406,33469500,0.0,0.0
2015-09-10 00:00:00-04:00,43.119998931884766,43.790000915527344,42.75,43.290000915527344,37.853240966796875,31366600,0.0,0.0
2015-09-11 00:00:00-04:00,43.13999938964844,43.59000015258789,42.939998626708984,43.47999954223633,38.019386291503906,27132500,0.0,0.0
2015-09-14 00:00:00-04:00,43.43000030517578,43.439998626708984,42.86000061035156,43.040000915527344,37.634647369384766,23656000,0.0,0.0
2015-09-15 00:00:00-04:00,43.189998626708984,44.290000915527344,43.08000183105469,43.97999954223633,38.45658874511719,28882200,0.0,0.0
2015-09-16 00:00:00-04:00,43.970001220703125,44.380001068115234,43.84000015258789,44.29999923706055,38.73640060424805,23372200,0.0,0.0
2015-09-17 00:00:00-04:00,44.290000915527344,45.0,44.08000183105469,44.25,38.69268035888672,32768200,0.0,0.0
2015-09-18 00:00:00-04:00,43.5,43.9900016784668,43.33000183105469,43.47999954223633,38.019386291503906,63143700,0.0,0.0
2015-09-21 00:00:00-04:00,43.619998931884766,44.470001220703125,43.599998474121094,44.11000061035156,38.57026290893555,26177200,0.0,0.0
2015-09-22 00:00:00-04:00,43.380001068115234,44.04999923706055,43.310001373291016,43.900001525878906,38.38664627075195,28085900,0.0,0.0
2015-09-23 00:00:00-04:00,43.93000030517578,44.16999816894531,43.5099983215332,43.869998931884766,38.36042022705078,17145200,0.0,0.0
2015-09-24 00:00:00-04:00,43.45000076293945,44.130001068115234,43.27000045776367,43.90999984741211,38.39537811279297,27905600,0.0,0.0
2015-09-25 00:00:00-04:00,44.47999954223633,44.72999954223633,43.7599983215332,43.939998626708984,38.4216194152832,29384600,0.0,0.0
2015-09-28 00:00:00-04:00,43.83000183105469,44.09000015258789,43.209999084472656,43.290000915527344,37.853240966796875,27613800,0.0,0.0
2015-09-29 00:00:00-04:00,43.369998931884766,43.56999969482422,43.04999923706055,43.439998626708984,37.984405517578125,32763600,0.0,0.0
2015-09-30 00:00:00-04:00,43.880001068115234,44.29999923706055,43.65999984741211,44.2599983215332,38.7014274597168,34958900,0.0,0.0
2015-10-01 00:00:00-04:00,44.75,44.75,43.75,44.61000061035156,39.0074577331543,28657900,0.0,0.0
2015-10-02 00:00:00-04:00,44.27000045776367,45.56999969482422,43.91999816894531,45.56999969482422,39.84690475463867,41839000,0.0,0.0
2015-10-05 00:00:00-04:00,45.75,46.88999938964844,45.70000076293945,46.630001068115234,40.77378463745117,34369300,0.0,0.0
2015-10-06 00:00:00-04:00,46.33000183105469,47.18000030517578,46.220001220703125,46.75,40.87871170043945,27017200,0.0,0.0
2015-10-07 00:00:00-04:00,47.099998474121094,47.349998474121094,45.95000076293945,46.79999923706055,40.92243576049805,27711500,0.0,0.0
2015-10-08 00:00:00-04:00,46.560001373291016,47.52000045776367,46.5,47.45000076293945,41.49078369140625,33772700,0.0,0.0
2015-10-09 00:00:00-04:00,47.45000076293945,47.540000915527344,46.91999816894531,47.11000061035156,41.19348907470703,28600600,0.0,0.0
2015-10-12 00:00:00-04:00,46.97999954223633,47.06999969482422,46.5,47.0,41.0973014831543,19769100,0.0,0.0
2015-10-13 00:00:00-04:00,46.560001373291016,47.130001068115234,46.560001373291016,46.88999938964844,41.00111389160156,19987800,0.0,0.0
2015-10-14 00:00:00-04:00,46.650001525878906,47.099998474121094,46.529998779296875,46.68000030517578,40.81748962402344,24697800,0.0,0.0
2015-10-15 00:00:00-04:00,47.0099983215332,47.029998779296875,46.529998779296875,47.0099983215332,41.106056213378906,27189400,0.0,0.0
2015-10-16 00:00:00-04:00,47.02000045776367,47.540000915527344,46.900001525878906,47.5099983215332,41.54325485229492,26450300,0.0,0.0
2015-10-19 00:00:00-04:00,47.41999816894531,47.880001068115234,47.02000045776367,47.619998931884766,41.63943862915039,29387600,0.0,0.0
2015-10-20 00:00:00-04:00,47.439998626708984,47.810001373291016,47.02000045776367,47.77000045776367,41.77061080932617,30802200,0.0,0.0
2015-10-21 00:00:00-04:00,47.91999816894531,47.9900016784668,47.11000061035156,47.20000076293945,41.272193908691406,25144300,0.0,0.0
2015-10-22 00:00:00-04:00,47.529998779296875,48.95000076293945,47.09000015258789,48.029998779296875,41.997955322265625,56637100,0.0,0.0
2015-10-23 00:00:00-04:00,52.29999923706055,54.06999969482422,52.25,52.869998931884766,46.230106353759766,135227100,0.0,0.0
2015-10-26 00:00:00-04:00,52.529998779296875,54.31999969482422,52.5,54.25,47.43678665161133,64633300,0.0,0.0
2015-10-27 00:00:00-04:00,53.9900016784668,54.369998931884766,53.58000183105469,53.689998626708984,46.94712448120117,50999900,0.0,0.0
2015-10-28 00:00:00-04:00,53.540000915527344,53.97999954223633,52.86000061035156,53.97999954223633,47.20069885253906,47000800,0.0,0.0
2015-10-29 00:00:00-04:00,53.540000915527344,53.83000183105469,53.220001220703125,53.36000061035156,46.65857696533203,30202100,0.0,0.0
2015-10-30 00:00:00-04:00,53.31999969482422,53.9900016784668,52.619998931884766,52.63999938964844,46.02898406982422,46619800,0.0,0.0
2015-11-02 00:00:00-05:00,52.849998474121094,53.36000061035156,52.619998931884766,53.2400016784668,46.55363464355469,30285000,0.0,0.0
2015-11-03 00:00:00-05:00,52.93000030517578,54.38999938964844,52.900001525878906,54.150001525878906,47.349342346191406,36596900,0.0,0.0
2015-11-04 00:00:00-05:00,54.18000030517578,54.880001068115234,54.060001373291016,54.400001525878906,47.567955017089844,37087800,0.0,0.0
2015-11-05 00:00:00-05:00,54.4900016784668,54.70000076293945,54.0,54.380001068115234,47.55046463012695,31468500,0.0,0.0
2015-11-06 00:00:00-05:00,54.09000015258789,54.97999954223633,53.959999084472656,54.91999816894531,48.02265167236328,32851200,0.0,0.0
2015-11-09 00:00:00-05:00,54.54999923706055,54.869998931884766,53.560001373291016,54.15999984741211,47.35810089111328,32513100,0.0,0.0
2015-11-10 00:00:00-05:00,54.06999969482422,54.130001068115234,53.27000045776367,53.5099983215332,46.78972244262695,55283700,0.0,0.0
2015-11-11 00:00:00-05:00,53.70000076293945,54.20000076293945,53.459999084472656,53.650001525878906,46.912147521972656,36516300,0.0,0.0
2015-11-12 00:00:00-05:00,53.47999954223633,53.97999954223633,53.189998626708984,53.31999969482422,46.62358474731445,35361100,0.0,0.0
2015-11-13 00:00:00-05:00,53.06999969482422,53.290000915527344,52.529998779296875,52.84000015258789,46.20386505126953,36848200,0.0,0.0
2015-11-16 00:00:00-05:00,53.08000183105469,53.88999938964844,52.849998474121094,53.77000045776367,47.01708221435547,32165200,0.0,0.0
2015-11-17 00:00:00-05:00,53.16999816894531,53.529998779296875,52.849998474121094,52.970001220703125,46.629737854003906,31551300,0.36,0.0
2015-11-18 00:00:00-05:00,53.0,53.97999954223633,52.97999954223633,53.849998474121094,47.40441131591797,29710000,0.0,0.0
2015-11-19 00:00:00-05:00,53.9900016784668,54.65999984741211,53.779998779296875,53.939998626708984,47.48362731933594,28149200,0.0,0.0
2015-11-20 00:00:00-05:00,54.25,54.29999923706055,53.27000045776367,54.189998626708984,47.703704833984375,37147600,0.0,0.0
2015-11-23 00:00:00-05:00,54.25,54.459999084472656,53.75,54.189998626708984,47.703704833984375,28235900,0.0,0.0
2015-11-24 00:00:00-05:00,53.91999816894531,54.439998626708984,53.58000183105469,54.25,47.75652313232422,24600000,0.0,0.0
2015-11-25 00:00:00-05:00,54.09000015258789,54.22999954223633,53.689998626708984,53.689998626708984,47.26356887817383,21005100,0.0,0.0
2015-11-27 00:00:00-05:00,53.79999923706055,54.08000183105469,53.790000915527344,53.93000030517578,47.474822998046875,9009100,0.0,0.0
2015-11-30 00:00:00-05:00,54.540000915527344,54.959999084472656,54.0,54.349998474121094,47.84455108642578,56241400,0.0,0.0
2015-12-01 00:00:00-05:00,54.40999984741211,55.22999954223633,54.29999923706055,55.220001220703125,48.61042404174805,39952800,0.0,0.0
2015-12-02 00:00:00-05:00,55.31999969482422,55.959999084472656,55.060001373291016,55.209999084472656,48.601627349853516,47274900,0.0,0.0
2015-12-03 00:00:00-05:00,55.4900016784668,55.77000045776367,53.93000030517578,54.20000076293945,47.71250915527344,38627800,0.0,0.0
2015-12-04 00:00:00-05:00,54.119998931884766,56.22999954223633,54.099998474121094,55.90999984741211,49.21783447265625,43963700,0.0,0.0
2015-12-07 00:00:00-05:00,55.790000915527344,55.970001220703125,55.290000915527344,55.810001373291016,49.129798889160156,30709800,0.0,0.0
2015-12-08 00:00:00-05:00,55.470001220703125,56.099998474121094,54.9900016784668,55.790000915527344,49.11220169067383,32878000,0.0,0.0
2015-12-09 00:00:00-05:00,55.369998931884766,55.869998931884766,54.5099983215332,54.97999954223633,48.39915084838867,36373200,0.0,0.0
2015-12-10 00:00:00-05:00,55.38999938964844,55.65999984741211,55.0099983215332,55.27000045776367,48.65443801879883,31775800,0.0,0.0
2015-12-11 00:00:00-05:00,54.709999084472656,55.099998474121094,54.0099983215332,54.060001373291016,47.58926773071289,39549500,0.0,0.0
2015-12-14 00:00:00-05:00,54.33000183105469,55.209999084472656,53.68000030517578,55.13999938964844,48.53999328613281,46768900,0.0,0.0
2015-12-15 00:00:00-05:00,55.65999984741211,55.900001525878906,55.09000015258789,55.20000076293945,48.59281921386719,39843000,0.0,0.0
2015-12-16 00:00:00-05:00,55.540000915527344,56.25,54.7599983215332,56.130001068115234,49.4115104675293,37503300,0.0,0.0
2015-12-17 00:00:00-05:00,56.36000061035156,56.790000915527344,55.529998779296875,55.70000076293945,49.032962799072266,41280900,0.0,0.0
2015-12-18 00:00:00-05:00,55.77000045776367,56.0,54.029998779296875,54.130001068115234,47.650882720947266,84684200,0.0,0.0
2015-12-21 00:00:00-05:00,54.880001068115234,55.349998474121094,54.22999954223633,54.83000183105469,48.2671012878418,37246300,0.0,0.0
2015-12-22 00:00:00-05:00,54.9900016784668,55.47999954223633,54.5,55.349998474121094,48.72486877441406,28322200,0.0,0.0
2015-12-23 00:00:00-05:00,55.70000076293945,55.880001068115234,55.439998626708984,55.81999969482422,49.13859558105469,27279800,0.0,0.0
2015-12-24 00:00:00-05:00,55.86000061035156,55.959999084472656,55.43000030517578,55.66999816894531,49.00656509399414,9558500,0.0,0.0
2015-12-28 00:00:00-05:00,55.349998474121094,55.95000076293945,54.97999954223633,55.95000076293945,49.2530403137207,22458300,0.0,0.0
2015-12-29 00:00:00-05:00,56.290000915527344,56.849998474121094,56.060001373291016,56.54999923706055,49.78123474121094,27731400,0.0,0.0
2015-12-30 00:00:00-05:00,56.470001220703125,56.779998779296875,56.290000915527344,56.310001373291016,49.569942474365234,21704500,0.0,0.0
2015-12-31 00:00:00-05:00,56.040000915527344,56.189998626708984,55.41999816894531,55.47999954223633,48.83930587768555,27334100,0.0,0.0
2016-01-04 00:00:00-05:00,54.31999969482422,54.79999923706055,53.38999938964844,54.79999923706055,48.240692138671875,53778000,0.0,0.0
2016-01-05 00:00:00-05:00,54.93000030517578,55.38999938964844,54.540000915527344,55.04999923706055,48.46078109741211,34079700,0.0,0.0
2016-01-06 00:00:00-05:00,54.31999969482422,54.400001525878906,53.63999938964844,54.04999923706055,47.58047103881836,39518900,0.0,0.0
2016-01-07 00:00:00-05:00,52.70000076293945,53.4900016784668,52.06999969482422,52.16999816894531,45.92548751831055,56564900,0.0,0.0
2016-01-08 00:00:00-05:00,52.369998931884766,53.279998779296875,52.150001525878906,52.33000183105469,46.06633758544922,48754000,0.0,0.0
2016-01-11 00:00:00-05:00,52.5099983215332,52.849998474121094,51.459999084472656,52.29999923706055,46.03992462158203,36943800,0.0,0.0
2016-01-12 00:00:00-05:00,52.7599983215332,53.099998474121094,52.060001373291016,52.779998779296875,46.46249008178711,36095500,0.0,0.0
2016-01-13 00:00:00-05:00,53.79999923706055,54.06999969482422,51.29999923706055,51.63999938964844,45.45893478393555,66883600,0.0,0.0
2016-01-14 00:00:00-05:00,52.0,53.41999816894531,51.56999969482422,53.11000061035156,46.75299072265625,52381900,0.0,0.0
2016-01-15 00:00:00-05:00,51.310001373291016,51.970001220703125,50.34000015258789,50.9900016784668,44.88673400878906,71820700,0.0,0.0
2016-01-19 00:00:00-05:00,51.47999954223633,51.68000030517578,50.060001373291016,50.560001373291016,44.50819396972656,43564500,0.0,0.0
2016-01-20 00:00:00-05:00,49.97999954223633,51.380001068115234,49.099998474121094,50.790000915527344,44.710670471191406,63273000,0.0,0.0
2016-01-21 00:00:00-05:00,51.0,51.58000183105469,50.29999923706055,50.47999954223633,44.43777084350586,40191200,0.0,0.0
2016-01-22 00:00:00-05:00,51.40999984741211,52.33000183105469,51.2599983215332,52.290000915527344,46.0311279296875,37555800,0.0,0.0
2016-01-25 00:00:00-05:00,51.939998626708984,52.650001525878906,51.650001525878906,51.790000915527344,45.590972900390625,34707700,0.0,0.0
2016-01-26 00:00:00-05:00,51.790000915527344,52.439998626708984,51.54999923706055,52.16999816894531,45.92548751831055,28900800,0.0,0.0
2016-01-27 00:00:00-05:00,52.0099983215332,52.20000076293945,51.02000045776367,51.220001220703125,45.089195251464844,36775200,0.0,0.0
2016-01-28 00:00:00-05:00,51.86000061035156,52.209999084472656,51.25,52.060001373291016,45.82865905761719,62513800,0.0,0.0
2016-01-29 00:00:00-05:00,54.72999954223633,55.09000015258789,54.0,55.09000015258789,48.49598693847656,83611700,0.0,0.0
2016-02-01 00:00:00-05:00,54.880001068115234,55.09000015258789,54.5,54.709999084472656,48.16147232055664,44208500,0.0,0.0
2016-02-02 00:00:00-05:00,54.16999816894531,54.2599983215332,52.650001525878906,53.0,46.65614318847656,56313800,0.0,0.0
2016-02-03 00:00:00-05:00,53.25,53.38999938964844,51.2599983215332,52.15999984741211,45.916690826416016,57559800,0.0,0.0
2016-02-04 00:00:00-05:00,52.099998474121094,52.810001373291016,51.369998931884766,52.0,45.77583694458008,46987100,0.0,0.0
2016-02-05 00:00:00-05:00,51.939998626708984,52.0,49.560001373291016,50.15999984741211,44.15608596801758,62009000,0.0,0.0
2016-02-08 00:00:00-05:00,49.54999923706055,49.56999969482422,48.189998626708984,49.40999984741211,43.495849609375,59290500,0.0,0.0
2016-02-09 00:00:00-05:00,49.02000045776367,50.2400016784668,48.66999816894531,49.279998779296875,43.38142776489258,46740500,0.0,0.0
2016-02-10 00:00:00-05:00,49.88999938964844,50.38999938964844,49.52000045776367,49.709999084472656,43.759944915771484,38237000,0.0,0.0
2016-02-11 00:00:00-05:00,48.68000030517578,50.11000061035156,48.5099983215332,49.689998626708984,43.74233627319336,48878600,0.0,0.0
2016-02-12 00:00:00-05:00,50.25,50.68000030517578,49.75,50.5,44.45539474487305,34243300,0.0,0.0
2016-02-16 00:00:00-05:00,50.900001525878906,51.09000015258789,50.130001068115234,51.09000015258789,45.29767990112305,37291200,0.36,0.0
2016-02-17 00:00:00-05:00,51.4900016784668,52.77000045776367,51.45000076293945,52.41999816894531,46.476890563964844,40789000,0.0,0.0
2016-02-18 00:00:00-05:00,52.33000183105469,52.95000076293945,52.099998474121094,52.189998626708984,46.27296447753906,27176000,0.0,0.0
2016-02-19 00:00:00-05:00,51.970001220703125,52.279998779296875,51.529998779296875,51.81999969482422,45.94491195678711,33559100,0.0,0.0
2016-02-22 00:00:00-05:00,52.279998779296875,53.0,52.279998779296875,52.650001525878906,46.68081283569336,25008300,0.0,0.0
2016-02-23 00:00:00-05:00,52.34000015258789,52.369998931884766,50.97999954223633,51.18000030517578,45.377479553222656,28895300,0.0,0.0
2016-02-24 00:00:00-05:00,50.689998626708984,51.5,50.20000076293945,51.36000061035156,45.537071228027344,33014500,0.0,0.0
2016-02-25 00:00:00-05:00,51.72999954223633,52.099998474121094,50.61000061035156,52.099998474121094,46.19316482543945,26939500,0.0,0.0
2016-02-26 00:00:00-05:00,52.599998474121094,52.68000030517578,51.099998474121094,51.29999923706055,45.48386764526367,35975900,0.0,0.0
2016-02-29 00:00:00-05:00,51.349998474121094,51.650001525878906,50.65999984741211,50.880001068115234,45.11148452758789,31654000,0.0,0.0
2016-03-01 00:00:00-05:00,50.970001220703125,52.59000015258789,50.91999816894531,52.58000183105469,46.61875915527344,33024500,0.0,0.0
2016-03-02 00:00:00-05:00,52.40999984741211,52.959999084472656,52.15999984741211,52.95000076293945,46.94680404663086,29289900,0.0,0.0
2016-03-03 00:00:00-05:00,52.970001220703125,52.970001220703125,51.779998779296875,52.349998474121094,46.414825439453125,24427800,0.0,0.0
2016-03-04 00:00:00-05:00,52.400001525878906,52.45000076293945,51.709999084472656,52.029998779296875,46.131107330322266,33034200,0.0,0.0
2016-03-07 00:00:00-05:00,51.560001373291016,51.79999923706055,50.58000183105469,51.029998779296875,45.24448776245117,38407800,0.0,0.0
2016-03-08 00:00:00-05:00,50.79999923706055,52.130001068115234,50.599998474121094,51.650001525878906,45.794185638427734,33835100,0.0,0.0
2016-03-09 00:00:00-05:00,51.88999938964844,52.849998474121094,51.86000061035156,52.84000015258789,46.84927749633789,28251600,0.0,0.0
2016-03-10 00:00:00-05:00,52.93000030517578,52.939998626708984,51.15999984741211,52.04999923706055,46.14884948730469,38387800,0.0,0.0
2016-03-11 00:00:00-05:00,53.0,53.06999969482422,52.380001068115234,53.06999969482422,47.05318832397461,32275700,0.0,0.0
2016-03-14 00:00:00-04:00,52.709999084472656,53.59000015258789,52.630001068115234,53.16999816894531,47.14187240600586,24083600,0.0,0.0
2016-03-15 00:00:00-04:00,52.75,53.59000015258789,52.7400016784668,53.59000015258789,47.51423263549805,21104800,0.0,0.0
2016-03-16 00:00:00-04:00,53.45000076293945,54.599998474121094,53.400001525878906,54.349998474121094,48.188072204589844,31691700,0.0,0.0
2016-03-17 00:00:00-04:00,54.209999084472656,55.0,54.0,54.65999984741211,48.462921142578125,28223900,0.0,0.0
2016-03-18 00:00:00-04:00,54.91999816894531,54.970001220703125,53.45000076293945,53.4900016784668,47.42558670043945,67625500,0.0,0.0
2016-03-21 00:00:00-04:00,53.25,53.93000030517578,52.93000030517578,53.86000061035156,47.75362777709961,23925700,0.0,0.0
2016-03-22 00:00:00-04:00,53.61000061035156,54.25,53.459999084472656,54.06999969482422,47.9398193359375,23124100,0.0,0.0
2016-03-23 00:00:00-04:00,54.11000061035156,54.2400016784668,53.7400016784668,53.970001220703125,47.851165771484375,20129000,0.0,0.0
2016-03-24 00:00:00-04:00,53.84000015258789,54.33000183105469,53.72999954223633,54.209999084472656,48.06394958496094,19950000,0.0,0.0
2016-03-28 00:00:00-04:00,54.209999084472656,54.290000915527344,53.33000183105469,53.540000915527344,47.46991729736328,17025100,0.0,0.0
2016-03-29 00:00:00-04:00,53.65999984741211,54.86000061035156,53.45000076293945,54.709999084472656,48.50726318359375,23924300,0.0,0.0
2016-03-30 00:00:00-04:00,54.93000030517578,55.63999938964844,54.900001525878906,55.04999923706055,48.80870819091797,23008300,0.0,0.0
2016-03-31 00:00:00-04:00,54.95000076293945,55.59000015258789,54.86000061035156,55.22999954223633,48.96830749511719,26360500,0.0,0.0
2016-04-01 00:00:00-04:00,55.04999923706055,55.61000061035156,54.56999969482422,55.56999969482422,49.26976013183594,24399200,0.0,0.0
2016-04-04 00:00:00-04:00,55.43000030517578,55.65999984741211,55.0,55.43000030517578,49.145626068115234,18928800,0.0,0.0
2016-04-05 00:00:00-04:00,55.189998626708984,55.29999923706055,54.459999084472656,54.560001373291016,48.374271392822266,19272300,0.0,0.0
2016-04-06 00:00:00-04:00,54.36000061035156,55.20000076293945,54.209999084472656,55.119998931884766,48.87077331542969,21188700,0.0,0.0
2016-04-07 00:00:00-04:00,54.869998931884766,54.90999984741211,54.22999954223633,54.459999084472656,48.28559875488281,19225100,0.0,0.0
2016-04-08 00:00:00-04:00,54.66999816894531,55.279998779296875,54.31999969482422,54.41999816894531,48.25013732910156,22167200,0.0,0.0
2016-04-11 00:00:00-04:00,54.4900016784668,55.150001525878906,54.29999923706055,54.310001373291016,48.152626037597656,21414200,0.0,0.0
2016-04-12 00:00:00-04:00,54.369998931884766,54.779998779296875,53.7599983215332,54.650001525878906,48.454078674316406,24944300,0.0,0.0
2016-04-13 00:00:00-04:00,55.119998931884766,55.439998626708984,54.88999938964844,55.349998474121094,49.07469177246094,20818000,0.0,0.0
2016-04-14 00:00:00-04:00,55.220001220703125,55.58000183105469,55.06999969482422,55.36000061035156,49.08358383178711,20877100,0.0,0.0
2016-04-15 00:00:00-04:00,55.29999923706055,55.91999816894531,55.11000061035156,55.650001525878906,49.340694427490234,28793800,0.0,0.0
2016-04-18 00:00:00-04:00,55.4900016784668,56.59000015258789,55.209999084472656,56.459999084472656,50.0588493347168,23786000,0.0,0.0
2016-04-19 00:00:00-04:00,56.630001068115234,56.77000045776367,55.68000030517578,56.38999938964844,49.99679183959961,29596800,0.0,0.0
2016-04-20 00:00:00-04:00,56.290000915527344,56.5,55.4900016784668,55.59000015258789,49.28749465942383,36195700,0.0,0.0
2016-04-21 00:00:00-04:00,55.79999923706055,56.22999954223633,55.41999816894531,55.779998779296875,49.45595169067383,38909100,0.0,0.0
2016-04-22 00:00:00-04:00,51.90999984741211,52.43000030517578,50.77000045776367,51.779998779296875,45.9094352722168,126834100,0.0,0.0
2016-04-25 00:00:00-04:00,51.779998779296875,52.130001068115234,51.630001068115234,52.11000061035156,46.20204544067383,33226900,0.0,0.0
2016-04-26 00:00:00-04:00,52.2599983215332,52.349998474121094,51.09000015258789,51.439998626708984,45.60800552368164,33532600,0.0,0.0
2016-04-27 00:00:00-04:00,51.47999954223633,51.5,50.54999923706055,50.939998626708984,45.16468048095703,43369300,0.0,0.0
2016-04-28 00:00:00-04:00,50.619998931884766,50.77000045776367,49.560001373291016,49.900001525878906,44.24259567260742,43134800,0.0,0.0
2016-04-29 00:00:00-04:00,49.349998474121094,50.25,49.349998474121094,49.869998931884766,44.21599578857422,48411700,0.0,0.0
2016-05-02 00:00:00-04:00,50.0,50.75,49.779998779296875,50.61000061035156,44.87209701538086,33114500,0.0,0.0
2016-05-03 00:00:00-04:00,50.34000015258789,50.40999984741211,49.599998474121094,49.779998779296875,44.136192321777344,26460200,0.0,0.0
2016-05-04 00:00:00-04:00,49.84000015258789,50.060001373291016,49.459999084472656,49.869998931884766,44.21599578857422,24257600,0.0,0.0
2016-05-05 00:00:00-04:00,49.869998931884766,50.29999923706055,49.72999954223633,49.939998626708984,44.27806854248047,25390700,0.0,0.0
2016-05-06 00:00:00-04:00,49.91999816894531,50.38999938964844,49.65999984741211,50.38999938964844,44.677032470703125,24787300,0.0,0.0
2016-05-09 00:00:00-04:00,50.4900016784668,50.59000015258789,50.0,50.06999969482422,44.393314361572266,17951600,0.0,0.0
2016-05-10 00:00:00-04:00,50.33000183105469,51.099998474121094,50.189998626708984,51.02000045776367,45.23561477661133,22891000,0.0,0.0
2016-05-11 00:00:00-04:00,51.130001068115234,51.779998779296875,51.0,51.04999923706055,45.26220703125,24039100,0.0,0.0
2016-05-12 00:00:00-04:00,51.20000076293945,51.810001373291016,50.91999816894531,51.5099983215332,45.67005920410156,24102800,0.0,0.0
2016-05-13 00:00:00-04:00,51.439998626708984,51.900001525878906,51.040000915527344,51.08000183105469,45.28881072998047,22592300,0.0,0.0
2016-05-16 00:00:00-04:00,50.79999923706055,51.959999084472656,50.75,51.83000183105469,45.95378112792969,20032000,0.0,0.0
2016-05-17 00:00:00-04:00,51.720001220703125,51.72999954223633,50.36000061035156,50.5099983215332,45.0966682434082,27803500,0.36,0.0
2016-05-18 00:00:00-04:00,50.47999954223633,51.13999938964844,50.29999923706055,50.810001373291016,45.36453628540039,24907500,0.0,0.0
2016-05-19 00:00:00-04:00,50.470001220703125,50.619998931884766,49.81999969482422,50.31999969482422,44.927032470703125,23842400,0.0,0.0
2016-05-20 00:00:00-04:00,50.47999954223633,51.220001220703125,50.400001525878906,50.619998931884766,45.19487762451172,23905800,0.0,0.0
2016-05-23 00:00:00-04:00,50.599998474121094,50.68000030517578,49.97999954223633,50.029998779296875,44.6681022644043,26118700,0.0,0.0
2016-05-24 00:00:00-04:00,50.70000076293945,51.709999084472656,50.400001525878906,51.59000015258789,46.0609245300293,34757900,0.0,0.0
2016-05-25 00:00:00-04:00,51.91999816894531,52.4900016784668,51.790000915527344,52.119998931884766,46.53411865234375,24040200,0.0,0.0
2016-05-26 00:00:00-04:00,51.93000030517578,51.97999954223633,51.36000061035156,51.88999938964844,46.32876968383789,24335200,0.0,0.0
2016-05-27 00:00:00-04:00,51.91999816894531,52.31999969482422,51.77000045776367,52.31999969482422,46.71268844604492,17721400,0.0,0.0
2016-05-31 00:00:00-04:00,52.2599983215332,53.0,52.08000183105469,53.0,47.31980895996094,37653100,0.0,0.0
2016-06-01 00:00:00-04:00,52.439998626708984,52.95000076293945,52.439998626708984,52.849998474121094,47.18587875366211,25324800,0.0,0.0
2016-06-02 00:00:00-04:00,52.63999938964844,52.7400016784668,51.84000015258789,52.47999954223633,46.85552978515625,22840800,0.0,0.0
2016-06-03 00:00:00-04:00,52.380001068115234,52.41999816894531,51.599998474121094,51.790000915527344,46.23948287963867,23368300,0.0,0.0
2016-06-06 00:00:00-04:00,51.9900016784668,52.349998474121094,51.88999938964844,52.130001068115234,46.54305648803711,18243300,0.0,0.0
2016-06-07 00:00:00-04:00,52.2400016784668,52.72999954223633,52.099998474121094,52.099998474121094,46.51626968383789,20866800,0.0,0.0
2016-06-08 00:00:00-04:00,52.02000045776367,52.439998626708984,51.869998931884766,52.040000915527344,46.46268844604492,21149400,0.0,0.0
2016-06-09 00:00:00-04:00,52.0,52.0,51.4900016784668,51.619998931884766,46.087703704833984,20305700,0.0,0.0
2016-06-10 00:00:00-04:00,51.04999923706055,52.04999923706055,51.040000915527344,51.47999954223633,45.96270751953125,25833200,0.0,0.0
2016-06-13 00:00:00-04:00,49.58000183105469,50.720001220703125,49.060001373291016,50.13999938964844,44.76633071899414,83217800,0.0,0.0
2016-06-14 00:00:00-04:00,49.900001525878906,50.099998474121094,49.56999969482422,49.83000183105469,44.489559173583984,42577100,0.0,0.0
2016-06-15 00:00:00-04:00,49.779998779296875,50.119998931884766,49.689998626708984,49.689998626708984,44.36455154418945,33757600,0.0,0.0
2016-06-16 00:00:00-04:00,49.52000045776367,50.470001220703125,49.5099983215332,50.38999938964844,44.98952102661133,31188600,0.0,0.0
2016-06-17 00:00:00-04:00,50.40999984741211,50.43000030517578,49.81999969482422,50.130001068115234,44.75739669799805,45710500,0.0,0.0
2016-06-20 00:00:00-04:00,50.63999938964844,50.83000183105469,50.029998779296875,50.06999969482422,44.703819274902344,35607900,0.0,0.0
2016-06-21 00:00:00-04:00,50.20000076293945,51.43000030517578,50.15999984741211,51.189998626708984,45.703800201416016,34097800,0.0,0.0
2016-06-22 00:00:00-04:00,51.08000183105469,51.459999084472656,50.95000076293945,50.9900016784668,45.525230407714844,28816800,0.0,0.0
2016-06-23 00:00:00-04:00,51.279998779296875,52.060001373291016,51.150001525878906,51.90999984741211,46.346622467041016,29028800,0.0,0.0
2016-06-24 00:00:00-04:00,49.810001373291016,50.939998626708984,49.52000045776367,49.83000183105469,44.489559173583984,133503000,0.0,0.0
2016-06-27 00:00:00-04:00,49.099998474121094,49.150001525878906,48.040000915527344,48.43000030517578,43.239585876464844,50216300,0.0,0.0
2016-06-28 00:00:00-04:00,48.91999816894531,49.470001220703125,48.66999816894531,49.439998626708984,44.1413459777832,38140700,0.0,0.0
2016-06-29 00:00:00-04:00,49.90999984741211,50.720001220703125,49.79999923706055,50.540000915527344,45.123443603515625,31304000,0.0,0.0
2016-06-30 00:00:00-04:00,50.720001220703125,51.29999923706055,50.5,51.16999816894531,45.68592071533203,28527800,0.0,0.0
2016-07-01 00:00:00-04:00,51.130001068115234,51.720001220703125,51.06999969482422,51.15999984741211,45.677001953125,21400400,0.0,0.0
2016-07-05 00:00:00-04:00,50.83000183105469,51.279998779296875,50.7400016784668,51.16999816894531,45.68592071533203,24806400,0.0,0.0
2016-07-06 00:00:00-04:00,50.779998779296875,51.540000915527344,50.38999938964844,51.380001068115234,45.8734245300293,28167500,0.0,0.0
2016-07-07 00:00:00-04:00,51.41999816894531,51.61000061035156,51.06999969482422,51.380001068115234,45.8734245300293,19585200,0.0,0.0
2016-07-08 00:00:00-04:00,51.72999954223633,52.36000061035156,51.54999923706055,52.29999923706055,46.694828033447266,28391000,0.0,0.0
2016-07-11 00:00:00-04:00,52.5,52.83000183105469,52.470001220703125,52.59000015258789,46.95374298095703,22269200,0.0,0.0
2016-07-12 00:00:00-04:00,52.939998626708984,53.400001525878906,52.790000915527344,53.209999084472656,47.50729751586914,27317600,0.0,0.0
2016-07-13 00:00:00-04:00,53.560001373291016,53.86000061035156,53.18000030517578,53.5099983215332,47.775142669677734,25356800,0.0,0.0
2016-07-14 00:00:00-04:00,53.84000015258789,53.9900016784668,53.58000183105469,53.7400016784668,47.980491638183594,24545500,0.0,0.0
2016-07-15 00:00:00-04:00,53.95000076293945,54.0,53.209999084472656,53.70000076293945,47.944786071777344,32024400,0.0,0.0
2016-07-18 00:00:00-04:00,53.70000076293945,54.34000015258789,53.54999923706055,53.959999084472656,48.176918029785156,31433900,0.0,0.0
2016-07-19 00:00:00-04:00,53.709999084472656,53.900001525878906,52.93000030517578,53.09000015258789,47.400150299072266,53336500,0.0,0.0
2016-07-20 00:00:00-04:00,56.150001525878906,56.84000015258789,55.529998779296875,55.90999984741211,49.91793441772461,89893300,0.0,0.0
2016-07-21 00:00:00-04:00,55.97999954223633,56.22999954223633,55.7599983215332,55.79999923706055,49.819725036621094,32776700,0.0,0.0
2016-07-22 00:00:00-04:00,56.08000183105469,56.630001068115234,55.779998779296875,56.56999969482422,50.50719451904297,32157200,0.0,0.0
2016-07-25 00:00:00-04:00,56.470001220703125,56.7400016784668,56.2599983215332,56.72999954223633,50.650054931640625,25610600,0.0,0.0
2016-07-26 00:00:00-04:00,56.52000045776367,57.290000915527344,56.5099983215332,56.7599983215332,50.676841735839844,28079000,0.0,0.0
2016-07-27 00:00:00-04:00,56.61000061035156,56.79999923706055,56.11000061035156,56.189998626708984,50.167911529541016,32327500,0.0,0.0
2016-07-28 00:00:00-04:00,56.0,56.369998931884766,55.720001220703125,56.209999084472656,50.18577194213867,37550400,0.0,0.0
2016-07-29 00:00:00-04:00,56.2599983215332,56.7599983215332,56.04999923706055,56.68000030517578,50.60540771484375,30558700,0.0,0.0
2016-08-01 00:00:00-04:00,56.599998474121094,56.75,56.13999938964844,56.58000183105469,50.51612854003906,26003400,0.0,0.0
2016-08-02 00:00:00-04:00,56.849998474121094,56.900001525878906,56.310001373291016,56.58000183105469,50.51612854003906,35122000,0.0,0.0
2016-08-03 00:00:00-04:00,56.68000030517578,57.11000061035156,56.4900016784668,56.970001220703125,50.86431884765625,22075600,0.0,0.0
2016-08-04 00:00:00-04:00,56.79999923706055,57.52000045776367,56.66999816894531,57.38999938964844,51.23932647705078,26587700,0.0,0.0
2016-08-05 00:00:00-04:00,57.650001525878906,58.209999084472656,57.45000076293945,57.959999084472656,51.748226165771484,29335200,0.0,0.0
2016-08-08 00:00:00-04:00,58.060001373291016,58.09000015258789,57.779998779296875,58.060001373291016,51.83750534057617,19473500,0.0,0.0
2016-08-09 00:00:00-04:00,58.16999816894531,58.5,58.02000045776367,58.20000076293945,51.96250534057617,16920700,0.0,0.0
2016-08-10 00:00:00-04:00,58.15999984741211,58.31999969482422,57.81999969482422,58.02000045776367,51.80179977416992,15756900,0.0,0.0
2016-08-11 00:00:00-04:00,58.029998779296875,58.45000076293945,58.029998779296875,58.29999923706055,52.051780700683594,18162300,0.0,0.0
2016-08-12 00:00:00-04:00,58.029998779296875,58.189998626708984,57.619998931884766,57.939998626708984,51.730369567871094,21655200,0.0,0.0
2016-08-15 00:00:00-04:00,58.0099983215332,58.5,57.959999084472656,58.119998931884766,51.89106750488281,19283900,0.0,0.0
2016-08-16 00:00:00-04:00,57.61000061035156,57.619998931884766,57.27000045776367,57.439998626708984,51.60359191894531,20523500,0.36,0.0
2016-08-17 00:00:00-04:00,57.540000915527344,57.68000030517578,57.22999954223633,57.560001373291016,51.711395263671875,18856400,0.0,0.0
2016-08-18 00:00:00-04:00,57.41999816894531,57.70000076293945,57.27000045776367,57.599998474121094,51.74732971191406,14214300,0.0,0.0
2016-08-19 00:00:00-04:00,57.43000030517578,57.72999954223633,57.20000076293945,57.619998931884766,51.76529312133789,17271000,0.0,0.0
2016-08-22 00:00:00-04:00,57.599998474121094,57.75,57.2599983215332,57.66999816894531,51.81022262573242,15221900,0.0,0.0
2016-08-23 00:00:00-04:00,57.900001525878906,58.18000030517578,57.849998474121094,57.88999938964844,52.00788116455078,18732400,0.0,0.0
2016-08-24 00:00:00-04:00,57.79999923706055,58.040000915527344,57.720001220703125,57.95000076293945,52.06177520751953,18151500,0.0,0.0
2016-08-25 00:00:00-04:00,57.880001068115234,58.290000915527344,57.779998779296875,58.16999816894531,52.25941848754883,18552600,0.0,0.0
2016-08-26 00:00:00-04:00,58.279998779296875,58.70000076293945,57.689998626708984,58.029998779296875,52.13364028930664,20971200,0.0,0.0
2016-08-29 00:00:00-04:00,58.18000030517578,58.599998474121094,58.099998474121094,58.099998474121094,52.196533203125,16417200,0.0,0.0
2016-08-30 00:00:00-04:00,57.97999954223633,58.189998626708984,57.61000061035156,57.88999938964844,52.00788116455078,16930200,0.0,0.0
2016-08-31 00:00:00-04:00,57.650001525878906,57.79999923706055,57.29999923706055,57.459999084472656,51.621551513671875,20860300,0.0,0.0
2016-09-01 00:00:00-04:00,57.0099983215332,57.81999969482422,57.0099983215332,57.59000015258789,51.73835754394531,26075400,0.0,0.0
2016-09-02 00:00:00-04:00,57.66999816894531,58.189998626708984,57.41999816894531,57.66999816894531,51.81022262573242,18900500,0.0,0.0
2016-09-06 00:00:00-04:00,57.779998779296875,57.79999923706055,57.209999084472656,57.61000061035156,51.756317138671875,16278400,0.0,0.0
2016-09-07 00:00:00-04:00,57.470001220703125,57.84000015258789,57.40999984741211,57.65999984741211,51.80123519897461,17493400,0.0,0.0
2016-09-08 00:00:00-04:00,57.630001068115234,57.790000915527344,57.18000030517578,57.43000030517578,51.59461212158203,20146100,0.0,0.0
2016-09-09 00:00:00-04:00,56.790000915527344,57.52000045776367,56.209999084472656,56.209999084472656,50.49856185913086,35113900,0.0,0.0
2016-09-12 00:00:00-04:00,56.0,57.209999084472656,55.61000061035156,57.04999923706055,51.25321960449219,29303000,0.0,0.0
2016-09-13 00:00:00-04:00,56.5,56.650001525878906,56.04999923706055,56.529998779296875,50.78605651855469,30130200,0.0,0.0
2016-09-14 00:00:00-04:00,56.38999938964844,56.630001068115234,56.029998779296875,56.2599983215332,50.54349136352539,24062500,0.0,0.0
2016-09-15 00:00:00-04:00,56.150001525878906,57.349998474121094,55.97999954223633,57.189998626708984,51.37900924682617,26847000,0.0,0.0
2016-09-16 00:00:00-04:00,57.630001068115234,57.630001068115234,56.75,57.25,51.43290328979492,44607000,0.0,0.0
2016-09-19 00:00:00-04:00,57.27000045776367,57.75,56.849998474121094,56.93000030517578,51.145408630371094,20937100,0.0,0.0
2016-09-20 00:00:00-04:00,57.349998474121094,57.349998474121094,56.75,56.810001373291016,51.03760528564453,17384000,0.0,0.0
2016-09-21 00:00:00-04:00,57.5099983215332,57.849998474121094,57.08000183105469,57.7599983215332,51.89107131958008,33707300,0.0,0.0
2016-09-22 00:00:00-04:00,57.91999816894531,58.0,57.630001068115234,57.81999969482422,51.94498062133789,19822200,0.0,0.0
2016-09-23 00:00:00-04:00,57.869998931884766,57.90999984741211,57.380001068115234,57.43000030517578,51.59461212158203,19955300,0.0,0.0
2016-09-26 00:00:00-04:00,57.08000183105469,57.13999938964844,56.83000183105469,56.900001525878906,51.11845779418945,21688700,0.0,0.0
2016-09-27 00:00:00-04:00,56.93000030517578,58.060001373291016,56.68000030517578,57.95000076293945,52.06177520751953,28065100,0.0,0.0
2016-09-28 00:00:00-04:00,57.880001068115234,58.060001373291016,57.66999816894531,58.029998779296875,52.13364028930664,20536400,0.0,0.0
2016-09-29 00:00:00-04:00,57.810001373291016,58.16999816894531,57.209999084472656,57.400001525878906,51.56765365600586,25463500,0.0,0.0
2016-09-30 00:00:00-04:00,57.56999969482422,57.77000045776367,57.34000015258789,57.599998474121094,51.74732971191406,29910800,0.0,0.0
2016-10-03 00:00:00-04:00,57.40999984741211,57.54999923706055,57.060001373291016,57.41999816894531,51.585609436035156,19189500,0.0,0.0
2016-10-04 00:00:00-04:00,57.27000045776367,57.599998474121094,56.970001220703125,57.2400016784668,51.423919677734375,20085900,0.0,0.0
2016-10-05 00:00:00-04:00,57.290000915527344,57.959999084472656,57.2599983215332,57.63999938964844,51.783267974853516,16726400,0.0,0.0
2016-10-06 00:00:00-04:00,57.7400016784668,57.86000061035156,57.279998779296875,57.7400016784668,51.87312316894531,16212600,0.0,0.0
2016-10-07 00:00:00-04:00,57.849998474121094,57.97999954223633,57.41999816894531,57.79999923706055,51.92702102661133,20089000,0.0,0.0
2016-10-10 00:00:00-04:00,57.90999984741211,58.38999938964844,57.869998931884766,58.040000915527344,52.142616271972656,18196500,0.0,0.0
2016-10-11 00:00:00-04:00,57.88999938964844,58.02000045776367,56.88999938964844,57.189998626708984,51.37900924682617,26497400,0.0,0.0
2016-10-12 00:00:00-04:00,57.11000061035156,57.27000045776367,56.400001525878906,57.11000061035156,51.30712127685547,22177500,0.0,0.0
2016-10-13 00:00:00-04:00,56.70000076293945,57.29999923706055,56.31999969482422,56.91999816894531,51.13642883300781,25313700,0.0,0.0
2016-10-14 00:00:00-04:00,57.119998931884766,57.7400016784668,57.119998931884766,57.41999816894531,51.585609436035156,27402500,0.0,0.0
2016-10-17 00:00:00-04:00,57.36000061035156,57.459999084472656,56.869998931884766,57.220001220703125,51.405948638916016,23830000,0.0,0.0
2016-10-18 00:00:00-04:00,57.529998779296875,57.95000076293945,57.40999984741211,57.65999984741211,51.80123519897461,19149500,0.0,0.0
2016-10-19 00:00:00-04:00,57.470001220703125,57.84000015258789,57.400001525878906,57.529998779296875,51.6844367980957,22878400,0.0,0.0
2016-10-20 00:00:00-04:00,57.5,57.52000045776367,56.65999984741211,57.25,51.43290328979492,49455600,0.0,0.0
2016-10-21 00:00:00-04:00,60.279998779296875,60.45000076293945,59.4900016784668,59.65999984741211,53.598018646240234,80032200,0.0,0.0
2016-10-24 00:00:00-04:00,59.939998626708984,61.0,59.93000030517578,61.0,54.80186462402344,54067000,0.0,0.0
2016-10-25 00:00:00-04:00,60.849998474121094,61.369998931884766,60.79999923706055,60.9900016784668,54.79288101196289,35137200,0.0,0.0
2016-10-26 00:00:00-04:00,60.810001373291016,61.20000076293945,60.470001220703125,60.630001068115234,54.46946716308594,29911600,0.0,0.0
2016-10-27 00:00:00-04:00,60.61000061035156,60.83000183105469,60.09000015258789,60.099998474121094,53.993316650390625,28479900,0.0,0.0
2016-10-28 00:00:00-04:00,60.0099983215332,60.52000045776367,59.58000183105469,59.869998931884766,53.78669357299805,33574700,0.0,0.0
2016-10-31 00:00:00-04:00,60.15999984741211,60.41999816894531,59.91999816894531,59.91999816894531,53.831607818603516,26434700,0.0,0.0
2016-11-01 00:00:00-04:00,59.970001220703125,60.02000045776367,59.25,59.79999923706055,53.72378158569336,24533000,0.0,0.0
2016-11-02 00:00:00-04:00,59.81999969482422,59.93000030517578,59.29999923706055,59.43000030517578,53.39139175415039,22147000,0.0,0.0
2016-11-03 00:00:00-04:00,59.529998779296875,59.63999938964844,59.11000061035156,59.209999084472656,53.19374084472656,21600400,0.0,0.0
2016-11-04 00:00:00-04:00,58.650001525878906,59.279998779296875,58.52000045776367,58.709999084472656,52.74454879760742,28697000,0.0,0.0
2016-11-07 00:00:00-05:00,59.779998779296875,60.52000045776367,59.779998779296875,60.41999816894531,54.280792236328125,31664800,0.0,0.0
2016-11-08 00:00:00-05:00,60.54999923706055,60.779998779296875,60.150001525878906,60.470001220703125,54.32572555541992,22935400,0.0,0.0
2016-11-09 00:00:00-05:00,60.0,60.59000015258789,59.20000076293945,60.16999816894531,54.05620574951172,49632500,0.0,0.0
2016-11-10 00:00:00-05:00,60.47999954223633,60.4900016784668,57.630001068115234,58.70000076293945,52.73556900024414,57822400,0.0,0.0
2016-11-11 00:00:00-05:00,58.22999954223633,59.119998931884766,58.0099983215332,59.02000045776367,53.02304458618164,38767800,0.0,0.0
2016-11-14 00:00:00-05:00,59.02000045776367,59.08000183105469,57.279998779296875,58.119998931884766,52.2144889831543,41328400,0.0,0.0
2016-11-15 00:00:00-05:00,58.33000183105469,59.4900016784668,58.31999969482422,58.869998931884766,53.24559020996094,35904100,0.39,0.0
2016-11-16 00:00:00-05:00,58.939998626708984,59.65999984741211,58.810001373291016,59.650001525878906,53.95106887817383,27332500,0.0,0.0
2016-11-17 00:00:00-05:00,60.40999984741211,60.95000076293945,59.970001220703125,60.63999938964844,54.84646987915039,32132700,0.0,0.0
2016-11-18 00:00:00-05:00,60.779998779296875,61.13999938964844,60.29999923706055,60.349998474121094,54.58418655395508,27686300,0.0,0.0
2016-11-21 00:00:00-05:00,60.5,60.970001220703125,60.41999816894531,60.86000061035156,55.04545593261719,19652600,0.0,0.0
2016-11-22 00:00:00-05:00,60.97999954223633,61.2599983215332,60.810001373291016,61.119998931884766,55.280609130859375,23206700,0.0,0.0
2016-11-23 00:00:00-05:00,61.0099983215332,61.099998474121094,60.25,60.400001525878906,54.62942123413086,21848900,0.0,0.0
2016-11-25 00:00:00-05:00,60.29999923706055,60.529998779296875,60.130001068115234,60.529998779296875,54.746986389160156,8409600,0.0,0.0
2016-11-28 00:00:00-05:00,60.34000015258789,61.02000045776367,60.209999084472656,60.61000061035156,54.81934356689453,20732600,0.0,0.0
2016-11-29 00:00:00-05:00,60.650001525878906,61.40999984741211,60.52000045776367,61.09000015258789,55.25348663330078,22366700,0.0,0.0
2016-11-30 00:00:00-05:00,60.86000061035156,61.18000030517578,60.220001220703125,60.2599983215332,54.50278854370117,34655400,0.0,0.0
2016-12-01 00:00:00-05:00,60.11000061035156,60.150001525878906,58.939998626708984,59.20000076293945,53.5440559387207,34542100,0.0,0.0
2016-12-02 00:00:00-05:00,59.08000183105469,59.470001220703125,58.79999923706055,59.25,53.589271545410156,25515700,0.0,0.0
2016-12-05 00:00:00-05:00,59.70000076293945,60.59000015258789,59.560001373291016,60.220001220703125,54.46660614013672,23552700,0.0,0.0
2016-12-06 00:00:00-05:00,60.43000030517578,60.459999084472656,59.79999923706055,59.95000076293945,54.22239303588867,19907000,0.0,0.0
2016-12-07 00:00:00-05:00,60.0099983215332,61.380001068115234,59.79999923706055,61.369998931884766,55.506736755371094,30809000,0.0,0.0
2016-12-08 00:00:00-05:00,61.29999923706055,61.58000183105469,60.84000015258789,61.0099983215332,55.18111801147461,21220800,0.0,0.0
2016-12-09 00:00:00-05:00,61.18000030517578,61.9900016784668,61.130001068115234,61.970001220703125,56.04941940307617,27349400,0.0,0.0
2016-12-12 00:00:00-05:00,61.81999969482422,62.29999923706055,61.720001220703125,62.16999816894531,56.230289459228516,20198100,0.0,0.0
2016-12-13 00:00:00-05:00,62.5,63.41999816894531,62.2400016784668,62.97999954223633,56.96290969848633,35718900,0.0,0.0
2016-12-14 00:00:00-05:00,63.0,63.45000076293945,62.529998779296875,62.68000030517578,56.69157409667969,30352700,0.0,0.0
2016-12-15 00:00:00-05:00,62.70000076293945,63.150001525878906,62.29999923706055,62.58000183105469,56.601131439208984,27669900,0.0,0.0
2016-12-16 00:00:00-05:00,62.95000076293945,62.95000076293945,62.119998931884766,62.29999923706055,56.347877502441406,42453100,0.0,0.0
2016-12-19 00:00:00-05:00,62.560001373291016,63.77000045776367,62.41999816894531,63.619998931884766,57.5417594909668,34338200,0.0,0.0
2016-12-20 00:00:00-05:00,63.689998626708984,63.79999923706055,63.029998779296875,63.540000915527344,57.46940612792969,26028400,0.0,0.0
2016-12-21 00:00:00-05:00,63.43000030517578,63.70000076293945,63.119998931884766,63.540000915527344,57.46940612792969,17096300,0.0,0.0
2016-12-22 00:00:00-05:00,63.84000015258789,64.0999984741211,63.40999984741211,63.54999923706055,57.47843933105469,22176600,0.0,0.0
2016-12-23 00:00:00-05:00,63.45000076293945,63.540000915527344,62.79999923706055,63.2400016784668,57.198081970214844,12403800,0.0,0.0
2016-12-27 00:00:00-05:00,63.209999084472656,64.06999969482422,63.209999084472656,63.279998779296875,57.2342529296875,11763200,0.0,0.0
2016-12-28 00:00:00-05:00,63.400001525878906,63.400001525878906,62.83000183105469,62.9900016784668,56.97196960449219,14653300,0.0,0.0
2016-12-29 00:00:00-05:00,62.86000061035156,63.20000076293945,62.72999954223633,62.900001525878906,56.89055252075195,10250600,0.0,0.0
2016-12-30 00:00:00-05:00,62.959999084472656,62.9900016784668,62.029998779296875,62.13999938964844,56.20316696166992,25579900,0.0,0.0
2017-01-03 00:00:00-05:00,62.790000915527344,62.84000015258789,62.130001068115234,62.58000183105469,56.601131439208984,20694100,0.0,0.0
2017-01-04 00:00:00-05:00,62.47999954223633,62.75,62.119998931884766,62.29999923706055,56.347877502441406,21340000,0.0,0.0
2017-01-05 00:00:00-05:00,62.189998626708984,62.65999984741211,62.029998779296875,62.29999923706055,56.347877502441406,24876000,0.0,0.0
2017-01-06 00:00:00-05:00,62.29999923706055,63.150001525878906,62.040000915527344,62.84000015258789,56.836280822753906,19922900,0.0,0.0
2017-01-09 00:00:00-05:00,62.7599983215332,63.08000183105469,62.540000915527344,62.63999938964844,56.65538024902344,20382700,0.0,0.0
2017-01-10 00:00:00-05:00,62.72999954223633,63.06999969482422,62.279998779296875,62.619998931884766,56.63730239868164,18593000,0.0,0.0
2017-01-11 00:00:00-05:00,62.61000061035156,63.22999954223633,62.43000030517578,63.189998626708984,57.15284729003906,21517300,0.0,0.0
2017-01-12 00:00:00-05:00,63.060001373291016,63.400001525878906,61.95000076293945,62.61000061035156,56.62826156616211,20968200,0.0,0.0
2017-01-13 00:00:00-05:00,62.619998931884766,62.869998931884766,62.349998474121094,62.70000076293945,56.70966720581055,19422300,0.0,0.0
2017-01-17 00:00:00-05:00,62.68000030517578,62.70000076293945,62.029998779296875,62.529998779296875,56.555912017822266,20664000,0.0,0.0
2017-01-18 00:00:00-05:00,62.66999816894531,62.70000076293945,62.119998931884766,62.5,56.52876281738281,19670100,0.0,0.0
2017-01-19 00:00:00-05:00,62.2400016784668,62.97999954223633,62.20000076293945,62.29999923706055,56.347877502441406,18451700,0.0,0.0
2017-01-20 00:00:00-05:00,62.66999816894531,62.81999969482422,62.369998931884766,62.7400016784668,56.745849609375,30213500,0.0,0.0
2017-01-23 00:00:00-05:00,62.70000076293945,63.119998931884766,62.56999969482422,62.959999084472656,56.94481658935547,23097600,0.0,0.0
2017-01-24 00:00:00-05:00,63.20000076293945,63.7400016784668,62.939998626708984,63.52000045776367,57.45132064819336,24672900,0.0,0.0
2017-01-25 00:00:00-05:00,63.95000076293945,64.0999984741211,63.45000076293945,63.68000030517578,57.59602737426758,23672700,0.0,0.0
2017-01-26 00:00:00-05:00,64.12000274658203,64.54000091552734,63.54999923706055,64.2699966430664,58.129669189453125,43554600,0.0,0.0
2017-01-27 00:00:00-05:00,65.38999938964844,65.91000366210938,64.88999938964844,65.77999877929688,59.49541091918945,44818000,0.0,0.0
2017-01-30 00:00:00-05:00,65.69000244140625,65.79000091552734,64.80000305175781,65.12999725341797,58.90750503540039,31651400,0.0,0.0
2017-01-31 00:00:00-05:00,64.86000061035156,65.1500015258789,64.26000213623047,64.6500015258789,58.47336196899414,25270500,0.0,0.0
2017-02-01 00:00:00-05:00,64.36000061035156,64.62000274658203,63.470001220703125,63.58000183105469,57.505584716796875,39671500,0.0,0.0
2017-02-02 00:00:00-05:00,63.25,63.40999984741211,62.75,63.16999816894531,57.134761810302734,45827000,0.0,0.0
2017-02-03 00:00:00-05:00,63.5,63.70000076293945,63.06999969482422,63.68000030517578,57.59602737426758,30301800,0.0,0.0
2017-02-06 00:00:00-05:00,63.5,63.650001525878906,63.13999938964844,63.63999938964844,57.559852600097656,19796400,0.0,0.0
2017-02-07 00:00:00-05:00,63.7400016784668,63.779998779296875,63.22999954223633,63.43000030517578,57.36991882324219,20277200,0.0,0.0
2017-02-08 00:00:00-05:00,63.56999969482422,63.810001373291016,63.220001220703125,63.34000015258789,57.28852081298828,18096400,0.0,0.0
2017-02-09 00:00:00-05:00,63.52000045776367,64.44000244140625,63.31999969482422,64.05999755859375,57.93972396850586,22644400,0.0,0.0
2017-02-10 00:00:00-05:00,64.25,64.30000305175781,63.97999954223633,64.0,57.885467529296875,18170700,0.0,0.0
2017-02-13 00:00:00-05:00,64.23999786376953,64.86000061035156,64.12999725341797,64.72000122070312,58.53667068481445,22920100,0.0,0.0
2017-02-14 00:00:00-05:00,64.41000366210938,64.72000122070312,64.0199966430664,64.56999969482422,58.75506591796875,23108400,0.39,0.0
2017-02-15 00:00:00-05:00,64.5,64.56999969482422,64.16000366210938,64.52999877929688,58.718658447265625,17005200,0.0,0.0
2017-02-16 00:00:00-05:00,64.73999786376953,65.23999786376953,64.44000244140625,64.5199966430664,58.70954895019531,20546300,0.0,0.0
2017-02-17 00:00:00-05:00,64.47000122070312,64.69000244140625,64.30000305175781,64.62000274658203,58.80055618286133,21248800,0.0,0.0
2017-02-21 00:00:00-05:00,64.61000061035156,64.94999694824219,64.44999694824219,64.48999786376953,58.68225860595703,20655900,0.0,0.0
2017-02-22 00:00:00-05:00,64.33000183105469,64.38999938964844,64.05000305175781,64.36000061035156,58.5639762878418,19292700,0.0,0.0
2017-02-23 00:00:00-05:00,64.41999816894531,64.7300033569336,64.19000244140625,64.62000274658203,58.80055618286133,20273100,0.0,0.0
2017-02-24 00:00:00-05:00,64.52999877929688,64.80000305175781,64.13999938964844,64.62000274658203,58.80055618286133,21796800,0.0,0.0
2017-02-27 00:00:00-05:00,64.54000091552734,64.54000091552734,64.05000305175781,64.2300033569336,58.445674896240234,15871500,0.0,0.0
2017-02-28 00:00:00-05:00,64.08000183105469,64.19999694824219,63.7599983215332,63.97999954223633,58.21818923950195,23239800,0.0,0.0
2017-03-01 00:00:00-05:00,64.12999725341797,64.98999786376953,64.0199966430664,64.94000244140625,59.09173583984375,26937500,0.0,0.0
2017-03-02 00:00:00-05:00,64.69000244140625,64.75,63.880001068115234,64.01000213623047,58.2454948425293,24539600,0.0,0.0
2017-03-03 00:00:00-05:00,63.9900016784668,64.27999877929688,63.619998931884766,64.25,58.463897705078125,18135900,0.0,0.0
2017-03-06 00:00:00-05:00,63.970001220703125,64.55999755859375,63.810001373291016,64.2699966430664,58.48207473754883,18750300,0.0,0.0
2017-03-07 00:00:00-05:00,64.19000244140625,64.77999877929688,64.19000244140625,64.4000015258789,58.600372314453125,18521000,0.0,0.0
2017-03-08 00:00:00-05:00,64.26000213623047,65.08000183105469,64.25,64.98999786376953,59.137245178222656,21510900,0.0,0.0
2017-03-09 00:00:00-05:00,65.19000244140625,65.19999694824219,64.4800033569336,64.7300033569336,58.90065383911133,19846800,0.0,0.0
2017-03-10 00:00:00-05:00,65.11000061035156,65.26000213623047,64.75,64.93000030517578,59.082645416259766,19538200,0.0,0.0
2017-03-13 00:00:00-04:00,65.01000213623047,65.19000244140625,64.56999969482422,64.70999908447266,58.8824462890625,20100000,0.0,0.0
2017-03-14 00:00:00-04:00,64.52999877929688,64.55000305175781,64.1500015258789,64.41000366210938,58.609474182128906,14280200,0.0,0.0
2017-03-15 00:00:00-04:00,64.55000305175781,64.91999816894531,64.25,64.75,58.91884231567383,24833800,0.0,0.0
2017-03-16 00:00:00-04:00,64.75,64.76000213623047,64.30000305175781,64.63999938964844,58.81875991821289,20674300,0.0,0.0
2017-03-17 00:00:00-04:00,64.91000366210938,65.23999786376953,64.68000030517578,64.87000274658203,59.028045654296875,49219700,0.0,0.0
2017-03-20 00:00:00-04:00,64.91000366210938,65.18000030517578,64.72000122070312,64.93000030517578,59.082645416259766,14598100,0.0,0.0
2017-03-21 00:00:00-04:00,65.19000244140625,65.5,64.12999725341797,64.20999908447266,58.42748260498047,26640500,0.0,0.0
2017-03-22 00:00:00-04:00,64.12000274658203,65.13999938964844,64.12000274658203,65.02999877929688,59.17362976074219,20680000,0.0,0.0
2017-03-23 00:00:00-04:00,64.94000244140625,65.23999786376953,64.7699966430664,64.87000274658203,59.028045654296875,19269200,0.0,0.0
2017-03-24 00:00:00-04:00,65.36000061035156,65.44999694824219,64.76000213623047,64.9800033569336,59.12814712524414,22617100,0.0,0.0
2017-03-27 00:00:00-04:00,64.62999725341797,65.22000122070312,64.3499984741211,65.0999984741211,59.23733139038086,18614700,0.0,0.0
2017-03-28 00:00:00-04:00,64.95999908447266,65.47000122070312,64.6500015258789,65.29000091552734,59.41022872924805,20080400,0.0,0.0
2017-03-29 00:00:00-04:00,65.12000274658203,65.5,64.94999694824219,65.47000122070312,59.574005126953125,13618400,0.0,0.0
2017-03-30 00:00:00-04:00,65.41999816894531,65.9800033569336,65.36000061035156,65.70999908447266,59.79240417480469,15122800,0.0,0.0
2017-03-31 00:00:00-04:00,65.6500015258789,66.19000244140625,65.44999694824219,65.86000061035156,59.928897857666016,21040300,0.0,0.0
2017-04-03 00:00:00-04:00,65.80999755859375,65.94000244140625,65.19000244140625,65.55000305175781,59.64680862426758,20400900,0.0,0.0
2017-04-04 00:00:00-04:00,65.38999938964844,65.80999755859375,65.27999877929688,65.7300033569336,59.810611724853516,12997400,0.0,0.0
2017-04-05 00:00:00-04:00,66.30000305175781,66.3499984741211,65.44000244140625,65.55999755859375,59.6558952331543,21448600,0.0,0.0
2017-04-06 00:00:00-04:00,65.5999984741211,66.05999755859375,65.4800033569336,65.7300033569336,59.810611724853516,18103500,0.0,0.0
2017-04-07 00:00:00-04:00,65.8499984741211,65.95999908447266,65.44000244140625,65.68000030517578,59.765098571777344,14108500,0.0,0.0
2017-04-10 00:00:00-04:00,65.61000061035156,65.81999969482422,65.36000061035156,65.52999877929688,59.628604888916016,17952700,0.0,0.0
2017-04-11 00:00:00-04:00,65.5999984741211,65.61000061035156,64.8499984741211,65.4800033569336,59.58311462402344,18791500,0.0,0.0
2017-04-12 00:00:00-04:00,65.41999816894531,65.51000213623047,65.11000061035156,65.2300033569336,59.35564041137695,17108500,0.0,0.0
2017-04-13 00:00:00-04:00,65.29000091552734,65.86000061035156,64.94999694824219,64.94999694824219,59.10083770751953,17896500,0.0,0.0
2017-04-17 00:00:00-04:00,65.04000091552734,65.48999786376953,65.01000213623047,65.4800033569336,59.58311462402344,16689300,0.0,0.0
2017-04-18 00:00:00-04:00,65.33000183105469,65.70999908447266,65.16000366210938,65.38999938964844,59.50122833251953,15155600,0.0,0.0
2017-04-19 00:00:00-04:00,65.6500015258789,65.75,64.88999938964844,65.04000091552734,59.18273162841797,26992800,0.0,0.0
2017-04-20 00:00:00-04:00,65.45999908447266,65.75,65.13999938964844,65.5,59.60131072998047,22299500,0.0,0.0
2017-04-21 00:00:00-04:00,65.66999816894531,66.69999694824219,65.44999694824219,66.4000015258789,60.42024612426758,32522600,0.0,0.0
2017-04-24 00:00:00-04:00,67.4800033569336,67.66000366210938,67.0999984741211,67.52999877929688,61.4484977722168,29770000,0.0,0.0
2017-04-25 00:00:00-04:00,67.9000015258789,68.04000091552734,67.5999984741211,67.91999816894531,61.80337142944336,30242700,0.0,0.0
2017-04-26 00:00:00-04:00,68.08000183105469,68.30999755859375,67.62000274658203,67.83000183105469,61.72148513793945,26190800,0.0,0.0
2017-04-27 00:00:00-04:00,68.1500015258789,68.37999725341797,67.58000183105469,68.2699966430664,62.12184524536133,34971000,0.0,0.0
2017-04-28 00:00:00-04:00,68.91000366210938,69.13999938964844,67.69000244140625,68.45999908447266,62.294742584228516,39548800,0.0,0.0
2017-05-01 00:00:00-04:00,68.68000030517578,69.55000305175781,68.5,69.41000366210938,63.15919494628906,31954400,0.0,0.0
2017-05-02 00:00:00-04:00,69.70999908447266,69.70999908447266,69.12999725341797,69.30000305175781,63.05908966064453,23906100,0.0,0.0
2017-05-03 00:00:00-04:00,69.37999725341797,69.37999725341797,68.70999908447266,69.08000183105469,62.858909606933594,28928000,0.0,0.0
2017-05-04 00:00:00-04:00,69.02999877929688,69.08000183105469,68.63999938964844,68.80999755859375,62.61322784423828,21749400,0.0,0.0
2017-05-05 00:00:00-04:00,68.9000015258789,69.02999877929688,68.48999786376953,69.0,62.78610610961914,19128800,0.0,0.0
2017-05-08 00:00:00-04:00,68.97000122070312,69.05000305175781,68.41999816894531,68.94000244140625,62.73151397705078,18566100,0.0,0.0
2017-05-09 00:00:00-04:00,68.86000061035156,69.27999877929688,68.68000030517578,69.04000091552734,62.8225212097168,22858400,0.0,0.0
2017-05-10 00:00:00-04:00,68.98999786376953,69.55999755859375,68.91999816894531,69.30999755859375,63.06818771362305,17977800,0.0,0.0
2017-05-11 00:00:00-04:00,68.36000061035156,68.7300033569336,68.12000274658203,68.45999908447266,62.294742584228516,28789400,0.0,0.0
2017-05-12 00:00:00-04:00,68.61000061035156,68.61000061035156,68.04000091552734,68.37999725341797,62.22193908691406,18714100,0.0,0.0
2017-05-15 00:00:00-04:00,68.13999938964844,68.4800033569336,67.56999969482422,68.43000030517578,62.26744842529297,31530300,0.0,0.0
2017-05-16 00:00:00-04:00,68.2300033569336,69.44000244140625,68.16000366210938,69.41000366210938,63.52122497558594,34956000,0.39,0.0
2017-05-17 00:00:00-04:00,68.88999938964844,69.0999984741211,67.43000030517578,67.4800033569336,61.75495910644531,30548800,0.0,0.0
2017-05-18 00:00:00-04:00,67.4000015258789,68.12999725341797,67.13999938964844,67.70999908447266,61.96543884277344,25201300,0.0,0.0
2017-05-19 00:00:00-04:00,67.5,68.0999984741211,67.43000030517578,67.69000244140625,61.947147369384766,26961100,0.0,0.0
2017-05-22 00:00:00-04:00,67.88999938964844,68.5,67.5,68.44999694824219,62.64265823364258,16237600,0.0,0.0
2017-05-23 00:00:00-04:00,68.72000122070312,68.75,68.37999725341797,68.68000030517578,62.8531379699707,15425800,0.0,0.0
2017-05-24 00:00:00-04:00,68.87000274658203,68.87999725341797,68.44999694824219,68.7699966430664,62.93551254272461,14593900,0.0,0.0
2017-05-25 00:00:00-04:00,68.97000122070312,69.87999725341797,68.91000366210938,69.62000274658203,63.7133903503418,21854100,0.0,0.0
2017-05-26 00:00:00-04:00,69.80000305175781,70.22000122070312,69.5199966430664,69.95999908447266,64.0245361328125,19827900,0.0,0.0
2017-05-30 00:00:00-04:00,69.79000091552734,70.41000366210938,69.7699966430664,70.41000366210938,64.43638610839844,17072800,0.0,0.0
2017-05-31 00:00:00-04:00,70.52999877929688,70.73999786376953,69.80999755859375,69.83999633789062,63.91473388671875,30436400,0.0,0.0
2017-06-01 00:00:00-04:00,70.23999786376953,70.61000061035156,69.44999694824219,70.0999984741211,64.1526870727539,21603600,0.0,0.0
2017-06-02 00:00:00-04:00,70.44000244140625,71.86000061035156,70.23999786376953,71.76000213623047,65.6718521118164,34770300,0.0,0.0
2017-06-05 00:00:00-04:00,71.97000122070312,72.88999938964844,71.80999755859375,72.27999877929688,66.14772033691406,33316800,0.0,0.0
2017-06-06 00:00:00-04:00,72.30000305175781,72.62000274658203,72.2699966430664,72.5199966430664,66.36737823486328,31511100,0.0,0.0
2017-06-07 00:00:00-04:00,72.63999938964844,72.7699966430664,71.94999694824219,72.38999938964844,66.24839782714844,22301800,0.0,0.0
2017-06-08 00:00:00-04:00,72.51000213623047,72.5199966430664,71.5,71.94999694824219,65.84574127197266,24588300,0.0,0.0
2017-06-09 00:00:00-04:00,72.04000091552734,72.08000183105469,68.58999633789062,70.31999969482422,64.35401916503906,49187400,0.0,0.0
2017-06-12 00:00:00-04:00,69.25,69.94000244140625,68.12999725341797,69.77999877929688,63.859825134277344,47761700,0.0,0.0
2017-06-13 00:00:00-04:00,70.0199966430664,70.81999969482422,69.95999908447266,70.6500015258789,64.65601348876953,25258600,0.0,0.0
2017-06-14 00:00:00-04:00,70.91000366210938,71.0999984741211,69.43000030517578,70.2699966430664,64.30823516845703,25510700,0.0,0.0
2017-06-15 00:00:00-04:00,69.2699966430664,70.20999908447266,68.80000305175781,69.9000015258789,63.96965026855469,26068700,0.0,0.0
2017-06-16 00:00:00-04:00,69.7300033569336,70.02999877929688,69.22000122070312,70.0,64.06116485595703,48345100,0.0,0.0
2017-06-19 00:00:00-04:00,70.5,70.94000244140625,70.3499984741211,70.87000274658203,64.85736083984375,23798300,0.0,0.0
2017-06-20 00:00:00-04:00,70.81999969482422,70.87000274658203,69.87000274658203,69.91000366210938,63.97880935668945,21512200,0.0,0.0
2017-06-21 00:00:00-04:00,70.20999908447266,70.62000274658203,69.94000244140625,70.2699966430664,64.30823516845703,19891100,0.0,0.0
2017-06-22 00:00:00-04:00,70.54000091552734,70.58999633789062,69.70999908447266,70.26000213623047,64.29911804199219,22965700,0.0,0.0
2017-06-23 00:00:00-04:00,70.08999633789062,71.25,69.91999816894531,71.20999908447266,65.16848754882812,27617300,0.0,0.0
2017-06-26 00:00:00-04:00,71.4000015258789,71.70999908447266,70.44000244140625,70.52999877929688,64.54619598388672,19607000,0.0,0.0
2017-06-27 00:00:00-04:00,70.11000061035156,70.18000030517578,69.18000030517578,69.20999908447266,63.33818054199219,25215100,0.0,0.0
2017-06-28 00:00:00-04:00,69.20999908447266,69.83999633789062,68.79000091552734,69.80000305175781,63.87814712524414,25806200,0.0,0.0
2017-06-29 00:00:00-04:00,69.37999725341797,69.48999786376953,68.08999633789062,68.48999786376953,62.67926788330078,28918700,0.0,0.0
2017-06-30 00:00:00-04:00,68.77999877929688,69.37999725341797,68.73999786376953,68.93000030517578,63.081939697265625,24161100,0.0,0.0
2017-07-03 00:00:00-04:00,69.33000183105469,69.5999984741211,68.0199966430664,68.16999816894531,62.386444091796875,16165500,0.0,0.0
2017-07-05 00:00:00-04:00,68.26000213623047,69.44000244140625,68.22000122070312,69.08000183105469,63.21921157836914,21176300,0.0,0.0
2017-07-06 00:00:00-04:00,68.2699966430664,68.77999877929688,68.12000274658203,68.56999969482422,62.752471923828125,21117600,0.0,0.0
2017-07-07 00:00:00-04:00,68.69999694824219,69.83999633789062,68.69999694824219,69.45999908447266,63.566986083984375,16878300,0.0,0.0
2017-07-10 00:00:00-04:00,69.45999908447266,70.25,69.19999694824219,69.9800033569336,64.04286193847656,15014500,0.0,0.0
2017-07-11 00:00:00-04:00,70.0,70.68000030517578,69.75,69.98999786376953,64.052001953125,17460000,0.0,0.0
2017-07-12 00:00:00-04:00,70.69000244140625,71.27999877929688,70.55000305175781,71.1500015258789,65.11360168457031,17750900,0.0,0.0
2017-07-13 00:00:00-04:00,71.5,72.04000091552734,71.30999755859375,71.7699966430664,65.68098449707031,20269800,0.0,0.0
2017-07-14 00:00:00-04:00,72.23999786376953,73.2699966430664,71.95999908447266,72.77999877929688,66.60531616210938,25868100,0.0,0.0
2017-07-17 00:00:00-04:00,72.80000305175781,73.44999694824219,72.72000122070312,73.3499984741211,67.12694549560547,21803900,0.0,0.0
2017-07-18 00:00:00-04:00,73.08999633789062,73.38999938964844,72.66000366210938,73.30000305175781,67.08118438720703,26435300,0.0,0.0
2017-07-19 00:00:00-04:00,73.5,74.04000091552734,73.44999694824219,73.86000061035156,67.59367370605469,22416200,0.0,0.0
2017-07-20 00:00:00-04:00,74.18000030517578,74.30000305175781,73.27999877929688,74.22000122070312,67.92313385009766,42361000,0.0,0.0
2017-07-21 00:00:00-04:00,73.44999694824219,74.29000091552734,73.16999816894531,73.79000091552734,67.52960205078125,46717100,0.0,0.0
2017-07-24 00:00:00-04:00,73.52999877929688,73.75,73.12999725341797,73.5999984741211,67.35572814941406,21394800,0.0,0.0
2017-07-25 00:00:00-04:00,73.80000305175781,74.30999755859375,73.5,74.19000244140625,67.89568328857422,22018700,0.0,0.0
2017-07-26 00:00:00-04:00,74.33999633789062,74.37999725341797,73.80999755859375,74.05000305175781,67.7675552368164,16252200,0.0,0.0
2017-07-27 00:00:00-04:00,73.76000213623047,74.41999816894531,72.31999969482422,73.16000366210938,66.95306396484375,36844200,0.0,0.0
2017-07-28 00:00:00-04:00,72.66999816894531,73.30999755859375,72.54000091552734,73.04000091552734,66.8432388305664,18306700,0.0,0.0
2017-07-31 00:00:00-04:00,73.30000305175781,73.44000244140625,72.41000366210938,72.69999694824219,66.5320816040039,23600100,0.0,0.0
2017-08-01 00:00:00-04:00,73.0999984741211,73.41999816894531,72.48999786376953,72.58000183105469,66.4222640991211,22132300,0.0,0.0
2017-08-02 00:00:00-04:00,72.55000305175781,72.55999755859375,71.44000244140625,72.26000213623047,66.12942504882812,26499200,0.0,0.0
2017-08-03 00:00:00-04:00,72.19000244140625,72.44000244140625,71.8499984741211,72.1500015258789,66.02873992919922,18214400,0.0,0.0
2017-08-04 00:00:00-04:00,72.4000015258789,73.04000091552734,72.23999786376953,72.68000030517578,66.51380157470703,22579000,0.0,0.0
2017-08-07 00:00:00-04:00,72.80000305175781,72.9000015258789,72.26000213623047,72.4000015258789,66.25753784179688,18705700,0.0,0.0
2017-08-08 00:00:00-04:00,72.08999633789062,73.12999725341797,71.75,72.79000091552734,66.61444854736328,22044600,0.0,0.0
2017-08-09 00:00:00-04:00,72.25,72.51000213623047,72.05000305175781,72.47000122070312,66.32159423828125,22213400,0.0,0.0
2017-08-10 00:00:00-04:00,71.9000015258789,72.19000244140625,71.3499984741211,71.41000366210938,65.35153198242188,24734500,0.0,0.0
2017-08-11 00:00:00-04:00,71.61000061035156,72.69999694824219,71.27999877929688,72.5,66.34904479980469,21443700,0.0,0.0
2017-08-14 00:00:00-04:00,73.05999755859375,73.72000122070312,72.94999694824219,73.58999633789062,67.34658813476562,20096600,0.0,0.0
2017-08-15 00:00:00-04:00,73.58999633789062,73.58999633789062,73.04000091552734,73.22000122070312,67.36498260498047,19181400,0.39,0.0
2017-08-16 00:00:00-04:00,73.33999633789062,74.0999984741211,73.16999816894531,73.6500015258789,67.7605972290039,18150400,0.0,0.0
2017-08-17 00:00:00-04:00,73.58000183105469,73.87000274658203,72.4000015258789,72.4000015258789,66.61054992675781,22977500,0.0,0.0
2017-08-18 00:00:00-04:00,72.2699966430664,72.83999633789062,71.93000030517578,72.48999786376953,66.693359375,18761500,0.0,0.0
2017-08-21 00:00:00-04:00,72.47000122070312,72.4800033569336,71.69999694824219,72.1500015258789,66.38053894042969,17734800,0.0,0.0
2017-08-22 00:00:00-04:00,72.3499984741211,73.23999786376953,72.3499984741211,73.16000366210938,67.30978393554688,14343700,0.0,0.0
2017-08-23 00:00:00-04:00,72.95999908447266,73.1500015258789,72.52999877929688,72.72000122070312,66.90497589111328,13766500,0.0,0.0
2017-08-24 00:00:00-04:00,72.73999786376953,72.86000061035156,72.06999969482422,72.69000244140625,66.87735748291016,17098300,0.0,0.0
2017-08-25 00:00:00-04:00,72.86000061035156,73.3499984741211,72.4800033569336,72.81999969482422,66.99696350097656,12794300,0.0,0.0
2017-08-28 00:00:00-04:00,73.05999755859375,73.08999633789062,72.55000305175781,72.83000183105469,67.00616455078125,14569700,0.0,0.0
2017-08-29 00:00:00-04:00,72.25,73.16000366210938,72.05000305175781,73.05000305175781,67.20858764648438,11478400,0.0,0.0
2017-08-30 00:00:00-04:00,73.01000213623047,74.20999908447266,72.83000183105469,74.01000213623047,68.0918197631836,16897800,0.0,0.0
2017-08-31 00:00:00-04:00,74.02999877929688,74.95999908447266,73.80000305175781,74.7699966430664,68.79102325439453,27652800,0.0,0.0
2017-09-01 00:00:00-04:00,74.70999908447266,74.73999786376953,73.63999938964844,73.94000244140625,68.02739715576172,21736200,0.0,0.0
2017-09-05 00:00:00-04:00,73.33999633789062,73.88999938964844,72.9800033569336,73.61000061035156,67.72379302978516,21556000,0.0,0.0
2017-09-06 00:00:00-04:00,73.73999786376953,74.04000091552734,73.3499984741211,73.4000015258789,67.53059387207031,16535800,0.0,0.0
2017-09-07 00:00:00-04:00,73.68000030517578,74.5999984741211,73.5999984741211,74.33999633789062,68.39543914794922,17471200,0.0,0.0
2017-09-08 00:00:00-04:00,74.33000183105469,74.44000244140625,73.83999633789062,73.9800033569336,68.06420135498047,14703800,0.0,0.0
2017-09-11 00:00:00-04:00,74.30999755859375,74.94000244140625,74.30999755859375,74.76000213623047,68.78184509277344,17910400,0.0,0.0
2017-09-12 00:00:00-04:00,74.76000213623047,75.23999786376953,74.37000274658203,74.68000030517578,68.70824432373047,14394900,0.0,0.0
2017-09-13 00:00:00-04:00,74.93000030517578,75.2300033569336,74.55000305175781,75.20999908447266,69.19584655761719,13380800,0.0,0.0
2017-09-14 00:00:00-04:00,75.0,75.48999786376953,74.5199966430664,74.7699966430664,68.79102325439453,15733900,0.0,0.0
2017-09-15 00:00:00-04:00,74.83000183105469,75.38999938964844,74.06999969482422,75.30999755859375,69.28785705566406,38578400,0.0,0.0
2017-09-18 00:00:00-04:00,75.2300033569336,75.97000122070312,75.04000091552734,75.16000366210938,69.14984893798828,23307000,0.0,0.0
2017-09-19 00:00:00-04:00,75.20999908447266,75.70999908447266,75.01000213623047,75.44000244140625,69.40745544433594,16093300,0.0,0.0
2017-09-20 00:00:00-04:00,75.3499984741211,75.55000305175781,74.30999755859375,74.94000244140625,68.94744873046875,21587900,0.0,0.0
2017-09-21 00:00:00-04:00,75.11000061035156,75.23999786376953,74.11000061035156,74.20999908447266,68.27581024169922,19186100,0.0,0.0
2017-09-22 00:00:00-04:00,73.98999786376953,74.51000213623047,73.8499984741211,74.41000366210938,68.45983123779297,14111400,0.0,0.0
2017-09-25 00:00:00-04:00,74.08999633789062,74.25,72.91999816894531,73.26000213623047,67.40176391601562,24149200,0.0,0.0
2017-09-26 00:00:00-04:00,73.66999816894531,73.80999755859375,72.98999786376953,73.26000213623047,67.40176391601562,18019600,0.0,0.0
2017-09-27 00:00:00-04:00,73.55000305175781,74.16999816894531,73.16999816894531,73.8499984741211,67.94461059570312,19565100,0.0,0.0
2017-09-28 00:00:00-04:00,73.54000091552734,73.97000122070312,73.30999755859375,73.87000274658203,67.96302032470703,10883800,0.0,0.0
2017-09-29 00:00:00-04:00,73.94000244140625,74.54000091552734,73.87999725341797,74.48999786376953,68.53341674804688,17079100,0.0,0.0
2017-10-02 00:00:00-04:00,74.70999908447266,75.01000213623047,74.30000305175781,74.61000061035156,68.64382934570312,15304800,0.0,0.0
2017-10-03 00:00:00-04:00,74.66999816894531,74.87999725341797,74.19000244140625,74.26000213623047,68.3218002319336,12190400,0.0,0.0
2017-10-04 00:00:00-04:00,74.08999633789062,74.72000122070312,73.70999908447266,74.69000244140625,68.71742248535156,13317700,0.0,0.0
2017-10-05 00:00:00-04:00,75.22000122070312,76.12000274658203,74.95999908447266,75.97000122070312,69.89508819580078,21195300,0.0,0.0
2017-10-06 00:00:00-04:00,75.66999816894531,76.02999877929688,75.54000091552734,76.0,69.92266845703125,13959800,0.0,0.0
2017-10-09 00:00:00-04:00,75.97000122070312,76.55000305175781,75.86000061035156,76.29000091552734,70.18949890136719,11386500,0.0,0.0
2017-10-10 00:00:00-04:00,76.33000183105469,76.62999725341797,76.13999938964844,76.29000091552734,70.18949890136719,13944500,0.0,0.0
2017-10-11 00:00:00-04:00,76.36000061035156,76.45999908447266,75.94999694824219,76.41999816894531,70.30909729003906,15388900,0.0,0.0
2017-10-12 00:00:00-04:00,76.48999786376953,77.29000091552734,76.37000274658203,77.12000274658203,70.953125,16876500,0.0,0.0
2017-10-13 00:00:00-04:00,77.58999633789062,77.87000274658203,77.29000091552734,77.48999786376953,71.29351806640625,15335700,0.0,0.0
2017-10-16 00:00:00-04:00,77.41999816894531,77.80999755859375,77.3499984741211,77.6500015258789,71.44073486328125,12380100,0.0,0.0
2017-10-17 00:00:00-04:00,77.47000122070312,77.62000274658203,77.25,77.58999633789062,71.38553619384766,16824000,0.0,0.0
2017-10-18 00:00:00-04:00,77.66999816894531,77.8499984741211,77.37000274658203,77.61000061035156,71.4039306640625,13300700,0.0,0.0
2017-10-19 00:00:00-04:00,77.56999969482422,77.93000030517578,77.3499984741211,77.91000366210938,71.67996978759766,15092800,0.0,0.0
2017-10-20 00:00:00-04:00,78.31999969482422,78.97000122070312,78.22000122070312,78.80999755859375,72.5079574584961,22866400,0.0,0.0
2017-10-23 00:00:00-04:00,78.98999786376953,79.33999633789062,78.76000213623047,78.83000183105469,72.52638244628906,20627200,0.0,0.0
2017-10-24 00:00:00-04:00,78.9000015258789,79.19999694824219,78.45999908447266,78.86000061035156,72.5539779663086,17517200,0.0,0.0
2017-10-25 00:00:00-04:00,78.58000183105469,79.0999984741211,78.01000213623047,78.62999725341797,72.34235382080078,20410800,0.0,0.0
2017-10-26 00:00:00-04:00,79.19999694824219,79.41999816894531,78.75,78.76000213623047,72.46197509765625,32120700,0.0,0.0
2017-10-27 00:00:00-04:00,84.37000274658203,86.19999694824219,83.61000061035156,83.80999755859375,77.10816192626953,71066700,0.0,0.0
2017-10-30 00:00:00-04:00,83.69999694824219,84.33000183105469,83.11000061035156,83.88999938964844,77.1817398071289,31756700,0.0,0.0
2017-10-31 00:00:00-04:00,84.36000061035156,84.36000061035156,83.11000061035156,83.18000030517578,76.52853393554688,27086600,0.0,0.0
2017-11-01 00:00:00-04:00,83.68000030517578,83.76000213623047,82.87999725341797,83.18000030517578,76.52853393554688,22307400,0.0,0.0
2017-11-02 00:00:00-04:00,83.3499984741211,84.45999908447266,83.12000274658203,84.05000305175781,77.3289566040039,23992900,0.0,0.0
2017-11-03 00:00:00-04:00,84.08000183105469,84.54000091552734,83.4000015258789,84.13999938964844,77.41178131103516,17633500,0.0,0.0
2017-11-06 00:00:00-05:00,84.19999694824219,84.69999694824219,84.08000183105469,84.47000122070312,77.71539306640625,19860900,0.0,0.0
2017-11-07 00:00:00-05:00,84.7699966430664,84.9000015258789,83.93000030517578,84.2699966430664,77.53136444091797,17939700,0.0,0.0
2017-11-08 00:00:00-05:00,84.13999938964844,84.61000061035156,83.83000183105469,84.55999755859375,77.79818725585938,18034200,0.0,0.0
2017-11-09 00:00:00-05:00,84.11000061035156,84.2699966430664,82.9000015258789,84.08999633789062,77.36573791503906,21178400,0.0,0.0
2017-11-10 00:00:00-05:00,83.79000091552734,84.0999984741211,83.2300033569336,83.87000274658203,77.16336059570312,19397800,0.0,0.0
2017-11-13 00:00:00-05:00,83.66000366210938,83.94000244140625,83.45999908447266,83.93000030517578,77.21857452392578,14196900,0.0,0.0
2017-11-14 00:00:00-05:00,83.5,84.0999984741211,82.9800033569336,84.05000305175781,77.3289566040039,18801300,0.0,0.0
2017-11-15 00:00:00-05:00,83.47000122070312,83.69000244140625,82.69000244140625,82.9800033569336,76.72791290283203,19383100,0.42,0.0
2017-11-16 00:00:00-05:00,83.0999984741211,83.41999816894531,82.94000244140625,83.19999694824219,76.93135833740234,20962800,0.0,0.0
2017-11-17 00:00:00-05:00,83.12000274658203,83.12000274658203,82.23999786376953,82.4000015258789,76.19164276123047,22079000,0.0,0.0
2017-11-20 00:00:00-05:00,82.4000015258789,82.58999633789062,82.25,82.52999877929688,76.31184387207031,16315000,0.0,0.0
2017-11-21 00:00:00-05:00,82.73999786376953,83.83999633789062,82.73999786376953,83.72000122070312,77.41215515136719,21237500,0.0,0.0
2017-11-22 00:00:00-05:00,83.83000183105469,83.9000015258789,83.04000091552734,83.11000061035156,76.84812927246094,20553100,0.0,0.0
2017-11-24 00:00:00-05:00,83.01000213623047,83.43000030517578,82.77999877929688,83.26000213623047,76.98686218261719,7425600,0.0,0.0
2017-11-27 00:00:00-05:00,83.30999755859375,83.9800033569336,83.30000305175781,83.87000274658203,77.5508804321289,18265200,0.0,0.0
2017-11-28 00:00:00-05:00,84.06999969482422,85.05999755859375,84.0199966430664,84.87999725341797,78.48477935791016,21926000,0.0,0.0
2017-11-29 00:00:00-05:00,84.70999908447266,84.91999816894531,83.18000030517578,83.33999633789062,77.0608139038086,27381100,0.0,0.0
2017-11-30 00:00:00-05:00,83.51000213623047,84.5199966430664,83.33999633789062,84.16999816894531,77.82827758789062,33054600,0.0,0.0
2017-12-01 00:00:00-05:00,83.5999984741211,84.80999755859375,83.22000122070312,84.26000213623047,77.9114990234375,29532100,0.0,0.0
2017-12-04 00:00:00-05:00,84.41999816894531,84.43000030517578,80.69999694824219,81.08000183105469,74.97107696533203,39094900,0.0,0.0
2017-12-05 00:00:00-05:00,81.33999633789062,82.68000030517578,80.9800033569336,81.58999633789062,75.44265747070312,26152300,0.0,0.0
2017-12-06 00:00:00-05:00,81.55000305175781,83.13999938964844,81.43000030517578,82.77999877929688,76.54300689697266,26162100,0.0,0.0
2017-12-07 00:00:00-05:00,82.54000091552734,82.80000305175781,82.0,82.48999786376953,76.2748794555664,23184500,0.0,0.0
2017-12-08 00:00:00-05:00,83.62999725341797,84.58000183105469,83.33000183105469,84.16000366210938,77.81903839111328,24489100,0.0,0.0
2017-12-11 00:00:00-05:00,84.29000091552734,85.37000274658203,84.12000274658203,85.2300033569336,78.80841064453125,22857900,0.0,0.0
2017-12-12 00:00:00-05:00,85.30999755859375,86.05000305175781,85.08000183105469,85.58000183105469,79.13204193115234,23924100,0.0,0.0
2017-12-13 00:00:00-05:00,85.73999786376953,86.0,85.16999816894531,85.3499984741211,78.91938781738281,22062700,0.0,0.0
2017-12-14 00:00:00-05:00,85.43000030517578,85.87000274658203,84.52999877929688,84.69000244140625,78.30911254882812,19306000,0.0,0.0
2017-12-15 00:00:00-05:00,85.26000213623047,87.08999633789062,84.87999725341797,86.8499984741211,80.30635070800781,53936700,0.0,0.0
2017-12-18 00:00:00-05:00,87.12000274658203,87.5,86.2300033569336,86.37999725341797,79.87176513671875,22283800,0.0,0.0
2017-12-19 00:00:00-05:00,86.3499984741211,86.3499984741211,85.2699966430664,85.83000183105469,79.36319732666016,23524800,0.0,0.0
2017-12-20 00:00:00-05:00,86.19999694824219,86.30000305175781,84.70999908447266,85.5199966430664,79.0765609741211,23674900,0.0,0.0
2017-12-21 00:00:00-05:00,86.05000305175781,86.0999984741211,85.4000015258789,85.5,79.05805969238281,17990700,0.0,0.0
2017-12-22 00:00:00-05:00,85.4000015258789,85.62999725341797,84.91999816894531,85.51000213623047,79.06732177734375,14145800,0.0,0.0
2017-12-26 00:00:00-05:00,85.30999755859375,85.52999877929688,85.02999877929688,85.4000015258789,78.96560668945312,9891200,0.0,0.0
2017-12-27 00:00:00-05:00,85.6500015258789,85.9800033569336,85.22000122070312,85.70999908447266,79.25223541259766,14678000,0.0,0.0
2017-12-28 00:00:00-05:00,85.9000015258789,85.93000030517578,85.55000305175781,85.72000122070312,79.26148986816406,10594300,0.0,0.0
2017-12-29 00:00:00-05:00,85.62999725341797,86.05000305175781,85.5,85.54000091552734,79.09504699707031,18717400,0.0,0.0
2018-01-02 00:00:00-05:00,86.12999725341797,86.30999755859375,85.5,85.94999694824219,79.47418212890625,22483800,0.0,0.0
2018-01-03 00:00:00-05:00,86.05999755859375,86.51000213623047,85.97000122070312,86.3499984741211,79.84400939941406,26061400,0.0,0.0
2018-01-04 00:00:00-05:00,86.58999633789062,87.66000366210938,86.56999969482422,87.11000061035156,80.54676818847656,21912000,0.0,0.0
2018-01-05 00:00:00-05:00,87.66000366210938,88.41000366210938,87.43000030517578,88.19000244140625,81.5453872680664,23407100,0.0,0.0
2018-01-08 00:00:00-05:00,88.19999694824219,88.58000183105469,87.5999984741211,88.27999877929688,81.62861633300781,22113000,0.0,0.0
2018-01-09 00:00:00-05:00,88.6500015258789,88.7300033569336,87.86000061035156,88.22000122070312,81.57313537597656,19484300,0.0,0.0
2018-01-10 00:00:00-05:00,87.86000061035156,88.19000244140625,87.41000366210938,87.81999969482422,81.20326232910156,18652200,0.0,0.0
2018-01-11 00:00:00-05:00,88.12999725341797,88.12999725341797,87.23999786376953,88.08000183105469,81.44368743896484,17808900,0.0,0.0
2018-01-12 00:00:00-05:00,88.66999816894531,89.77999877929688,88.44999694824219,89.5999984741211,82.84917449951172,24271500,0.0,0.0
2018-01-16 00:00:00-05:00,90.0999984741211,90.79000091552734,88.01000213623047,88.3499984741211,81.69332122802734,36599700,0.0,0.0
2018-01-17 00:00:00-05:00,89.08000183105469,90.27999877929688,88.75,90.13999938964844,83.34848022460938,25621200,0.0,0.0
2018-01-18 00:00:00-05:00,89.80000305175781,90.66999816894531,89.66000366210938,90.0999984741211,83.31148529052734,24159700,0.0,0.0
2018-01-19 00:00:00-05:00,90.13999938964844,90.61000061035156,89.66000366210938,90.0,83.2190170288086,36875000,0.0,0.0
2018-01-22 00:00:00-05:00,90.0,91.62000274658203,89.73999786376953,91.61000061035156,84.70771026611328,23601600,0.0,0.0
2018-01-23 00:00:00-05:00,91.9000015258789,92.30000305175781,91.54000091552734,91.9000015258789,84.97586822509766,23412800,0.0,0.0
2018-01-24 00:00:00-05:00,92.55000305175781,93.43000030517578,91.58000183105469,91.81999969482422,84.9018783569336,33277500,0.0,0.0
2018-01-25 00:00:00-05:00,92.47000122070312,93.23999786376953,91.93000030517578,92.33000183105469,85.37346649169922,26383200,0.0,0.0
2018-01-26 00:00:00-05:00,93.12000274658203,94.05999755859375,92.58000183105469,94.05999755859375,86.97311401367188,29172200,0.0,0.0
2018-01-29 00:00:00-05:00,95.13999938964844,95.44999694824219,93.72000122070312,93.91999816894531,86.84365844726562,31569900,0.0,0.0
2018-01-30 00:00:00-05:00,93.30000305175781,93.66000366210938,92.0999984741211,92.73999786376953,85.75257110595703,38635100,0.0,0.0
2018-01-31 00:00:00-05:00,93.75,95.4000015258789,93.51000213623047,95.01000213623047,87.85154724121094,48756300,0.0,0.0
2018-02-01 00:00:00-05:00,94.79000091552734,96.06999969482422,93.58000183105469,94.26000213623047,87.15805053710938,47227900,0.0,0.0
2018-02-02 00:00:00-05:00,93.63999938964844,93.97000122070312,91.5,91.77999877929688,84.86491394042969,47867800,0.0,0.0
2018-02-05 00:00:00-05:00,90.55999755859375,93.23999786376953,88.0,88.0,81.36971282958984,51031500,0.0,0.0
2018-02-06 00:00:00-05:00,86.88999938964844,91.4800033569336,85.25,91.33000183105469,84.44880676269531,67998600,0.0,0.0
2018-02-07 00:00:00-05:00,90.48999786376953,91.7699966430664,89.19999694824219,89.61000061035156,82.85838317871094,41107600,0.0,0.0
2018-02-08 00:00:00-05:00,89.70999908447266,89.87999725341797,84.76000213623047,85.01000213623047,78.60498046875,55628700,0.0,0.0
2018-02-09 00:00:00-05:00,86.30000305175781,88.93000030517578,83.83000183105469,88.18000030517578,81.53614044189453,63499100,0.0,0.0
2018-02-12 00:00:00-05:00,88.73999786376953,89.77999877929688,87.93000030517578,89.12999725341797,82.41456604003906,35720300,0.0,0.0
2018-02-13 00:00:00-05:00,88.93000030517578,90.0,87.80000305175781,89.83000183105469,83.06181335449219,26407700,0.0,0.0
2018-02-14 00:00:00-05:00,88.51000213623047,90.98999786376953,88.41000366210938,90.80999755859375,84.36244201660156,34960900,0.42,0.0
2018-02-15 00:00:00-05:00,91.20999908447266,92.72000122070312,90.62000274658203,92.66000366210938,86.0810775756836,27823900,0.0,0.0
2018-02-16 00:00:00-05:00,92.44999694824219,93.5,91.80000305175781,92.0,85.46794128417969,30596900,0.0,0.0
2018-02-20 00:00:00-05:00,91.4800033569336,93.05999755859375,91.01000213623047,92.72000122070312,86.13681030273438,30911700,0.0,0.0
2018-02-21 00:00:00-05:00,92.9800033569336,93.36000061035156,91.48999786376953,91.48999786376953,84.99412536621094,26922500,0.0,0.0
2018-02-22 00:00:00-05:00,92.05000305175781,92.7300033569336,91.36000061035156,91.7300033569336,85.21710968017578,24392800,0.0,0.0
2018-02-23 00:00:00-05:00,93.5999984741211,94.06999969482422,92.36000061035156,94.05999755859375,87.38166809082031,26329200,0.0,0.0
2018-02-26 00:00:00-05:00,94.4000015258789,95.44999694824219,94.25,95.41999816894531,88.6451187133789,30199800,0.0,0.0
2018-02-27 00:00:00-05:00,95.73999786376953,95.83999633789062,94.19999694824219,94.19999694824219,87.51173400878906,25869100,0.0,0.0
2018-02-28 00:00:00-05:00,94.83999633789062,95.70999908447266,93.62999725341797,93.7699966430664,87.11227416992188,31167300,0.0,0.0
2018-03-01 00:00:00-05:00,93.98999786376953,94.56999969482422,91.83999633789062,92.8499984741211,86.25758361816406,37135600,0.0,0.0
2018-03-02 00:00:00-05:00,91.58000183105469,93.1500015258789,90.86000061035156,93.05000305175781,86.44340515136719,32830400,0.0,0.0
2018-03-05 00:00:00-05:00,92.33999633789062,94.2699966430664,92.26000213623047,93.63999938964844,86.99151611328125,23901600,0.0,0.0
2018-03-06 00:00:00-05:00,94.33999633789062,94.48999786376953,92.94000244140625,93.31999969482422,86.6942367553711,22175800,0.0,0.0
2018-03-07 00:00:00-05:00,93.16000366210938,93.94000244140625,92.43000030517578,93.86000061035156,87.19587707519531,26716100,0.0,0.0
2018-03-08 00:00:00-05:00,94.2699966430664,95.0999984741211,93.7699966430664,94.43000030517578,87.72541046142578,25887800,0.0,0.0
2018-03-09 00:00:00-05:00,95.29000091552734,96.54000091552734,95.0,96.54000091552734,89.68560028076172,36937300,0.0,0.0
2018-03-12 00:00:00-04:00,96.5,97.20999908447266,96.04000091552734,96.7699966430664,89.89926147460938,26073700,0.0,0.0
2018-03-13 00:00:00-04:00,97.0,97.23999786376953,93.97000122070312,94.41000366210938,87.70682525634766,35387800,0.0,0.0
2018-03-14 00:00:00-04:00,95.12000274658203,95.41000366210938,93.5,93.8499984741211,87.18656158447266,32132000,0.0,0.0
2018-03-15 00:00:00-04:00,93.52999877929688,94.58000183105469,92.83000183105469,94.18000030517578,87.49317169189453,27611000,0.0,0.0
2018-03-16 00:00:00-04:00,94.68000030517578,95.37999725341797,93.91999816894531,94.5999984741211,87.88333892822266,49081300,0.0,0.0
2018-03-19 00:00:00-04:00,93.73999786376953,93.9000015258789,92.11000061035156,92.88999938964844,86.29473114013672,33344100,0.0,0.0
2018-03-20 00:00:00-04:00,93.05000305175781,93.7699966430664,93.0,93.12999725341797,86.5177001953125,23075200,0.0,0.0
2018-03-21 00:00:00-04:00,92.93000030517578,94.05000305175781,92.20999908447266,92.4800033569336,85.9138412475586,24457100,0.0,0.0
2018-03-22 00:00:00-04:00,91.2699966430664,91.75,89.66000366210938,89.79000091552734,83.41484069824219,38604700,0.0,0.0
2018-03-23 00:00:00-04:00,89.5,90.45999908447266,87.08000183105469,87.18000030517578,80.99014282226562,44068900,0.0,0.0
2018-03-26 00:00:00-04:00,90.61000061035156,94.0,90.4000015258789,93.77999877929688,87.12154388427734,56396800,0.0,0.0
2018-03-27 00:00:00-04:00,94.94000244140625,95.13999938964844,88.51000213623047,89.47000122070312,83.11756134033203,56569000,0.0,0.0
2018-03-28 00:00:00-04:00,89.81999969482422,91.2300033569336,88.87000274658203,89.38999938964844,83.04324340820312,52501100,0.0,0.0
2018-03-29 00:00:00-04:00,90.18000030517578,92.29000091552734,88.4000015258789,91.2699966430664,84.78974914550781,45867500,0.0,0.0
2018-04-02 00:00:00-04:00,90.47000122070312,90.87999725341797,87.51000213623047,88.5199966430664,82.23500061035156,48515400,0.0,0.0
2018-04-03 00:00:00-04:00,89.58000183105469,90.05000305175781,87.88999938964844,89.70999908447266,83.34053039550781,37213800,0.0,0.0
2018-04-04 00:00:00-04:00,87.8499984741211,92.76000213623047,87.7300033569336,92.33000183105469,85.77452087402344,35560000,0.0,0.0
2018-04-05 00:00:00-04:00,92.44000244140625,93.06999969482422,91.4000015258789,92.37999725341797,85.82096099853516,29771900,0.0,0.0
2018-04-06 00:00:00-04:00,91.48999786376953,92.45999908447266,89.4800033569336,90.2300033569336,83.82361602783203,38026000,0.0,0.0
2018-04-09 00:00:00-04:00,91.04000091552734,93.16999816894531,90.62000274658203,90.7699966430664,84.32526397705078,31533900,0.0,0.0
2018-04-10 00:00:00-04:00,92.38999938964844,93.27999877929688,91.63999938964844,92.87999725341797,86.28546905517578,26812000,0.0,0.0
2018-04-11 00:00:00-04:00,92.01000213623047,93.29000091552734,91.4800033569336,91.86000061035156,85.337890625,24872100,0.0,0.0
2018-04-12 00:00:00-04:00,92.43000030517578,94.16000366210938,92.43000030517578,93.58000183105469,86.93574523925781,26758900,0.0,0.0
2018-04-13 00:00:00-04:00,94.05000305175781,94.18000030517578,92.44000244140625,93.08000183105469,86.47125244140625,23346100,0.0,0.0
2018-04-16 00:00:00-04:00,94.06999969482422,94.66000366210938,93.41999816894531,94.16999816894531,87.4838638305664,20288100,0.0,0.0
2018-04-17 00:00:00-04:00,95.0,96.54000091552734,94.87999725341797,96.06999969482422,89.24894714355469,26771000,0.0,0.0
2018-04-18 00:00:00-04:00,96.22000122070312,96.72000122070312,95.5199966430664,96.44000244140625,89.59268951416016,21043300,0.0,0.0
2018-04-19 00:00:00-04:00,96.44000244140625,97.06999969482422,95.33999633789062,96.11000061035156,89.28612518310547,23552500,0.0,0.0
2018-04-20 00:00:00-04:00,95.91000366210938,96.11000061035156,94.05000305175781,95.0,88.25492858886719,31154400,0.0,0.0
2018-04-23 00:00:00-04:00,95.73999786376953,96.29000091552734,94.62999725341797,95.3499984741211,88.58008575439453,22331800,0.0,0.0
2018-04-24 00:00:00-04:00,96.23999786376953,96.47000122070312,92.41000366210938,93.12000274658203,86.5084228515625,34524800,0.0,0.0
2018-04-25 00:00:00-04:00,93.30000305175781,93.30000305175781,90.27999877929688,92.30999755859375,85.75592041015625,33729300,0.0,0.0
2018-04-26 00:00:00-04:00,93.55000305175781,95.1500015258789,93.0999984741211,94.26000213623047,87.56745147705078,42529000,0.0,0.0
2018-04-27 00:00:00-04:00,97.5999984741211,97.9000015258789,93.91000366210938,95.81999969482422,89.0167236328125,48272800,0.0,0.0
2018-04-30 00:00:00-04:00,96.33000183105469,96.4000015258789,93.1500015258789,93.5199966430664,86.88001251220703,41523600,0.0,0.0
2018-05-01 00:00:00-04:00,93.20999908447266,95.29000091552734,92.79000091552734,95.0,88.25492858886719,31408900,0.0,0.0
2018-05-02 00:00:00-04:00,94.98999786376953,95.16999816894531,93.19000244140625,93.51000213623047,86.8707275390625,27471000,0.0,0.0
2018-05-03 00:00:00-04:00,92.95999908447266,94.93000030517578,92.44999694824219,94.06999969482422,87.39095306396484,31142500,0.0,0.0
2018-05-04 00:00:00-04:00,93.31999969482422,95.37000274658203,92.91999816894531,95.16000366210938,88.40357971191406,22531300,0.0,0.0
2018-05-07 00:00:00-04:00,95.16999816894531,96.70999908447266,95.0999984741211,96.22000122070312,89.38831329345703,24242000,0.0,0.0
2018-05-08 00:00:00-04:00,95.8499984741211,96.16000366210938,95.05999755859375,95.80999755859375,89.00740814208984,23484600,0.0,0.0
2018-05-09 00:00:00-04:00,96.01000213623047,96.97000122070312,95.05000305175781,96.94000244140625,90.05718231201172,27327400,0.0,0.0
2018-05-10 00:00:00-04:00,97.45999908447266,97.94999694824219,97.05000305175781,97.91000366210938,90.95832061767578,22388100,0.0,0.0
2018-05-11 00:00:00-04:00,97.80000305175781,97.87000274658203,97.04000091552734,97.69999694824219,90.76322174072266,16778300,0.0,0.0
2018-05-14 00:00:00-04:00,97.91999816894531,98.69000244140625,97.30999755859375,98.02999877929688,91.06980895996094,19454100,0.0,0.0
2018-05-15 00:00:00-04:00,97.23999786376953,97.8499984741211,96.33999633789062,97.31999969482422,90.41020965576172,24594000,0.0,0.0
2018-05-16 00:00:00-04:00,97.36000061035156,97.4000015258789,96.62000274658203,97.1500015258789,90.64346313476562,17384700,0.42,0.0
2018-05-17 00:00:00-04:00,96.76000213623047,97.54000091552734,95.83000183105469,96.18000030517578,89.73843383789062,17246700,0.0,0.0
2018-05-18 00:00:00-04:00,96.01000213623047,96.93000030517578,96.01000213623047,96.36000061035156,89.90637969970703,17865800,0.0,0.0
2018-05-21 00:00:00-04:00,97.0,98.01000213623047,96.80000305175781,97.5999984741211,91.0633544921875,19422500,0.0,0.0
2018-05-22 00:00:00-04:00,97.68000030517578,98.16999816894531,97.19999694824219,97.5,90.97003173828125,15441200,0.0,0.0
2018-05-23 00:00:00-04:00,96.70999908447266,98.7300033569336,96.31999969482422,98.66000366210938,92.0523452758789,21251200,0.0,0.0
2018-05-24 00:00:00-04:00,98.7300033569336,98.94000244140625,96.80999755859375,98.30999755859375,91.72578430175781,26649300,0.0,0.0
2018-05-25 00:00:00-04:00,98.30000305175781,98.9800033569336,97.86000061035156,98.36000061035156,91.77243041992188,18363900,0.0,0.0
2018-05-29 00:00:00-04:00,97.83999633789062,98.87999725341797,97.2300033569336,98.01000213623047,91.44589233398438,28671000,0.0,0.0
2018-05-30 00:00:00-04:00,98.30999755859375,99.25,97.91000366210938,98.94999694824219,92.32291412353516,22158500,0.0,0.0
2018-05-31 00:00:00-04:00,99.29000091552734,99.98999786376953,98.61000061035156,98.83999633789062,92.22027587890625,34140900,0.0,0.0
2018-06-01 00:00:00-04:00,99.27999877929688,100.86000061035156,99.16999816894531,100.79000091552734,94.0396957397461,28655600,0.0,0.0
2018-06-04 00:00:00-04:00,101.26000213623047,101.86000061035156,100.8499984741211,101.66999816894531,94.86074829101562,27281600,0.0,0.0
2018-06-05 00:00:00-04:00,102.0,102.33000183105469,101.52999877929688,102.19000244140625,95.34593200683594,23514400,0.0,0.0
2018-06-06 00:00:00-04:00,102.4800033569336,102.5999984741211,101.9000015258789,102.48999786376953,95.62581634521484,21122900,0.0,0.0
2018-06-07 00:00:00-04:00,102.6500015258789,102.69000244140625,100.37999725341797,100.87999725341797,94.12366485595703,28232200,0.0,0.0
2018-06-08 00:00:00-04:00,101.08999633789062,101.94999694824219,100.54000091552734,101.62999725341797,94.82342529296875,22165100,0.0,0.0
2018-06-11 00:00:00-04:00,101.01000213623047,101.58999633789062,100.66999816894531,101.05000305175781,94.28228759765625,23490900,0.0,0.0
2018-06-12 00:00:00-04:00,101.0999984741211,101.44999694824219,100.75,101.30999755859375,94.52486419677734,18325200,0.0,0.0
2018-06-13 00:00:00-04:00,101.72000122070312,102.01000213623047,100.55999755859375,100.8499984741211,94.09565734863281,29492900,0.0,0.0
2018-06-14 00:00:00-04:00,101.6500015258789,102.02999877929688,101.0,101.41999816894531,94.62748718261719,25691800,0.0,0.0
2018-06-15 00:00:00-04:00,101.51000213623047,101.52999877929688,100.06999969482422,100.12999725341797,93.42388153076172,65738600,0.0,0.0
2018-06-18 00:00:00-04:00,100.01000213623047,101.11000061035156,99.41999816894531,100.86000061035156,94.10501098632812,23586000,0.0,0.0
2018-06-19 00:00:00-04:00,99.6500015258789,101.0,99.5,100.86000061035156,94.10501098632812,28653100,0.0,0.0
2018-06-20 00:00:00-04:00,101.37000274658203,102.5199966430664,101.12000274658203,101.87000274658203,95.04735565185547,26180800,0.0,0.0
2018-06-21 00:00:00-04:00,102.08000183105469,102.45999908447266,100.87999725341797,101.13999938964844,94.36625671386719,23198200,0.0,0.0
2018-06-22 00:00:00-04:00,100.41000366210938,100.7699966430664,99.62999725341797,100.41000366210938,93.68511962890625,38923100,0.0,0.0
2018-06-25 00:00:00-04:00,100.0,100.11000061035156,97.30000305175781,98.38999938964844,91.80040740966797,35433300,0.0,0.0
2018-06-26 00:00:00-04:00,98.81999969482422,100.08000183105469,98.75,99.08000183105469,92.44422912597656,26897200,0.0,0.0
2018-06-27 00:00:00-04:00,99.58000183105469,100.0199966430664,97.4000015258789,97.54000091552734,91.00736999511719,31298400,0.0,0.0
2018-06-28 00:00:00-04:00,97.37999725341797,99.11000061035156,97.26000213623047,98.62999725341797,92.02433776855469,26650700,0.0,0.0
2018-06-29 00:00:00-04:00,98.93000030517578,99.91000366210938,98.33000183105469,98.61000061035156,92.00569152832031,28053200,0.0,0.0
2018-07-02 00:00:00-04:00,98.0999984741211,100.05999755859375,98.0,100.01000213623047,93.31192016601562,19564500,0.0,0.0
2018-07-03 00:00:00-04:00,100.4800033569336,100.62999725341797,98.94000244140625,99.05000305175781,92.41620635986328,14670300,0.0,0.0
2018-07-05 00:00:00-04:00,99.5,99.91999816894531,99.02999877929688,99.76000213623047,93.07866668701172,18977400,0.0,0.0
2018-07-06 00:00:00-04:00,99.88999938964844,101.43000030517578,99.66999816894531,101.16000366210938,94.38489532470703,19234600,0.0,0.0
2018-07-09 00:00:00-04:00,101.6500015258789,102.25,101.25,101.8499984741211,95.02869415283203,18212000,0.0,0.0
2018-07-10 00:00:00-04:00,102.0,102.51000213623047,101.86000061035156,102.12000274658203,95.28060913085938,19293100,0.0,0.0
2018-07-11 00:00:00-04:00,101.1500015258789,102.33999633789062,101.0999984741211,101.9800033569336,95.14999389648438,19644600,0.0,0.0
2018-07-12 00:00:00-04:00,102.7699966430664,104.41000366210938,102.7300033569336,104.19000244140625,97.21195983886719,24335900,0.0,0.0
2018-07-13 00:00:00-04:00,104.37000274658203,105.5999984741211,104.08999633789062,105.43000030517578,98.36894226074219,24635200,0.0,0.0
2018-07-16 00:00:00-04:00,105.4000015258789,105.81999969482422,104.5199966430664,104.91000366210938,97.88375854492188,21786900,0.0,0.0
2018-07-17 00:00:00-04:00,104.61000061035156,106.5,104.31999969482422,105.94999694824219,98.85409545898438,25901700,0.0,0.0
2018-07-18 00:00:00-04:00,105.94000244140625,106.05000305175781,104.72000122070312,105.12000274658203,98.07968139648438,29493900,0.0,0.0
2018-07-19 00:00:00-04:00,104.93000030517578,105.30999755859375,103.88999938964844,104.4000015258789,97.40790557861328,40171600,0.0,0.0
2018-07-20 00:00:00-04:00,108.08000183105469,108.19999694824219,106.08000183105469,106.2699966430664,99.15267944335938,56004000,0.0,0.0
2018-07-23 00:00:00-04:00,106.30000305175781,108.13999938964844,106.12999725341797,107.97000122070312,100.73883056640625,29707000,0.0,0.0
2018-07-24 00:00:00-04:00,108.56999969482422,108.81999969482422,107.26000213623047,107.66000366210938,100.44956970214844,26316600,0.0,0.0
2018-07-25 00:00:00-04:00,107.95999908447266,111.1500015258789,107.5999984741211,110.83000183105469,103.40725708007812,30702100,0.0,0.0
2018-07-26 00:00:00-04:00,110.73999786376953,111.0,109.5,109.62000274658203,102.27830505371094,31372100,0.0,0.0
2018-07-27 00:00:00-04:00,110.18000030517578,110.18000030517578,106.13999938964844,107.68000030517578,100.46822357177734,37005300,0.0,0.0
2018-07-30 00:00:00-04:00,107.19000244140625,107.52999877929688,104.76000213623047,105.37000274658203,98.31294250488281,34668300,0.0,0.0
2018-07-31 00:00:00-04:00,106.48999786376953,106.72000122070312,105.37999725341797,106.08000183105469,98.97539520263672,27655200,0.0,0.0
2018-08-01 00:00:00-04:00,106.02999877929688,106.44999694824219,105.41999816894531,106.27999877929688,99.16200256347656,23628700,0.0,0.0
2018-08-02 00:00:00-04:00,105.4000015258789,108.08999633789062,104.83999633789062,107.56999969482422,100.36560821533203,26104300,0.0,0.0
2018-08-03 00:00:00-04:00,107.80000305175781,108.05000305175781,106.81999969482422,108.04000091552734,100.80412292480469,18659600,0.0,0.0
2018-08-06 00:00:00-04:00,108.12000274658203,108.41999816894531,107.55999755859375,108.12999725341797,100.8880844116211,20265900,0.0,0.0
2018-08-07 00:00:00-04:00,108.55999755859375,109.0999984741211,108.16999816894531,108.87999725341797,101.58787536621094,16080200,0.0,0.0
2018-08-08 00:00:00-04:00,109.33000183105469,109.75,108.76000213623047,109.48999786376953,102.15701293945312,15487500,0.0,0.0
2018-08-09 00:00:00-04:00,109.70999908447266,110.16000366210938,109.5999984741211,109.66999816894531,102.3249740600586,13677200,0.0,0.0
2018-08-10 00:00:00-04:00,109.41999816894531,109.69000244140625,108.37999725341797,109.0,101.6998291015625,18183700,0.0,0.0
2018-08-13 00:00:00-04:00,109.23999786376953,109.58000183105469,108.0999984741211,108.20999908447266,100.9627456665039,18472500,0.0,0.0
2018-08-14 00:00:00-04:00,108.55999755859375,109.75,108.04000091552734,109.55999755859375,102.22232055664062,16788300,0.0,0.0
2018-08-15 00:00:00-04:00,108.48999786376953,108.98999786376953,106.81999969482422,107.66000366210938,100.83614349365234,29982800,0.42,0.0
2018-08-16 00:00:00-04:00,108.30000305175781,108.86000061035156,107.30000305175781,107.63999938964844,100.8174057006836,21384300,0.0,0.0
2018-08-17 00:00:00-04:00,107.36000061035156,107.9000015258789,106.69000244140625,107.58000183105469,100.7612075805664,18061500,0.0,0.0
2018-08-20 00:00:00-04:00,107.51000213623047,107.9000015258789,106.4800033569336,106.87000274658203,100.09619903564453,17914200,0.0,0.0
2018-08-21 00:00:00-04:00,106.91999816894531,107.3499984741211,105.8499984741211,105.9800033569336,99.26261901855469,22881900,0.0,0.0
2018-08-22 00:00:00-04:00,105.8499984741211,107.33999633789062,105.77999877929688,107.05999755859375,100.274169921875,18000600,0.0,0.0
2018-08-23 00:00:00-04:00,107.1500015258789,108.18000030517578,106.87000274658203,107.55999755859375,100.74246215820312,18167700,0.0,0.0
2018-08-24 00:00:00-04:00,107.66999816894531,108.55999755859375,107.55999755859375,108.4000015258789,101.52923583984375,17234000,0.0,0.0
2018-08-27 00:00:00-04:00,109.2699966430664,109.63999938964844,108.51000213623047,109.5999984741211,102.65315246582031,19662300,0.0,0.0
2018-08-28 00:00:00-04:00,109.94000244140625,110.5,109.79000091552734,110.26000213623047,103.27134704589844,19151500,0.0,0.0
2018-08-29 00:00:00-04:00,110.44999694824219,112.02999877929688,110.2699966430664,112.0199966430664,104.9197769165039,20818000,0.0,0.0
2018-08-30 00:00:00-04:00,111.66999816894531,112.61000061035156,111.44000244140625,111.94999694824219,104.8542251586914,22798700,0.0,0.0
2018-08-31 00:00:00-04:00,111.69000244140625,112.77999877929688,111.5199966430664,112.33000183105469,105.21013641357422,23222700,0.0,0.0
2018-09-04 00:00:00-04:00,110.8499984741211,111.95999908447266,110.22000122070312,111.70999908447266,104.62942504882812,22634600,0.0,0.0
2018-09-05 00:00:00-04:00,111.01000213623047,111.41999816894531,108.0999984741211,108.48999786376953,101.61351776123047,32872400,0.0,0.0
2018-09-06 00:00:00-04:00,108.25,108.98999786376953,107.51000213623047,108.73999786376953,101.84767150878906,23477600,0.0,0.0
2018-09-07 00:00:00-04:00,108.2300033569336,108.72000122070312,107.2300033569336,108.20999908447266,101.35127258300781,22498600,0.0,0.0
2018-09-10 00:00:00-04:00,108.83999633789062,109.63999938964844,108.36000061035156,109.37999725341797,102.4471206665039,20727900,0.0,0.0
2018-09-11 00:00:00-04:00,108.9000015258789,111.58999633789062,108.88999938964844,111.23999786376953,104.18921661376953,24301800,0.0,0.0
2018-09-12 00:00:00-04:00,111.43000030517578,111.8499984741211,110.51000213623047,111.70999908447266,104.62942504882812,18891100,0.0,0.0
2018-09-13 00:00:00-04:00,112.12000274658203,113.7300033569336,112.12000274658203,112.91000366210938,105.75337219238281,26055600,0.0,0.0
2018-09-14 00:00:00-04:00,113.36000061035156,113.7300033569336,112.44000244140625,113.37000274658203,106.18421173095703,19122300,0.0,0.0
2018-09-17 00:00:00-04:00,113.69000244140625,113.69999694824219,111.86000061035156,112.13999938964844,105.03215789794922,20736500,0.0,0.0
2018-09-18 00:00:00-04:00,112.19000244140625,113.69999694824219,111.72000122070312,113.20999908447266,106.03435516357422,22170900,0.0,0.0
2018-09-19 00:00:00-04:00,113.05000305175781,113.31999969482422,111.04000091552734,111.69999694824219,104.62004089355469,21728400,0.0,0.0
2018-09-20 00:00:00-04:00,112.27999877929688,113.80000305175781,111.93000030517578,113.56999969482422,106.37154388427734,23714500,0.0,0.0
2018-09-21 00:00:00-04:00,114.0,115.29000091552734,113.51000213623047,114.26000213623047,107.01779174804688,71229700,0.0,0.0
2018-09-24 00:00:00-04:00,113.02999877929688,114.9000015258789,112.22000122070312,114.66999816894531,107.40180969238281,27334500,0.0,0.0
2018-09-25 00:00:00-04:00,114.80000305175781,115.0999984741211,113.75,114.44999694824219,107.19575500488281,22668000,0.0,0.0
2018-09-26 00:00:00-04:00,114.47000122070312,115.05999755859375,113.73999786376953,113.9800033569336,106.75553894042969,19352000,0.0,0.0
2018-09-27 00:00:00-04:00,114.77999877929688,114.91000366210938,114.19999694824219,114.41000366210938,107.15830993652344,19091300,0.0,0.0
2018-09-28 00:00:00-04:00,114.19000244140625,114.56999969482422,113.68000030517578,114.37000274658203,107.1208267211914,21647800,0.0,0.0
2018-10-01 00:00:00-04:00,114.75,115.68000030517578,114.7300033569336,115.61000061035156,108.28221893310547,18883100,0.0,0.0
2018-10-02 00:00:00-04:00,115.30000305175781,115.83999633789062,114.44000244140625,115.1500015258789,107.85137939453125,20787200,0.0,0.0
2018-10-03 00:00:00-04:00,115.41999816894531,116.18000030517578,114.93000030517578,115.16999816894531,107.8701171875,16648000,0.0,0.0
2018-10-04 00:00:00-04:00,114.61000061035156,114.76000213623047,111.62999725341797,112.79000091552734,105.64098358154297,34821700,0.0,0.0
2018-10-05 00:00:00-04:00,112.62999725341797,113.16999816894531,110.63999938964844,112.12999725341797,105.0228042602539,29068900,0.0,0.0
2018-10-08 00:00:00-04:00,111.66000366210938,112.02999877929688,109.33999633789062,110.8499984741211,103.82392883300781,29640600,0.0,0.0
2018-10-09 00:00:00-04:00,111.13999938964844,113.08000183105469,110.80000305175781,112.26000213623047,105.14456939697266,26198600,0.0,0.0
2018-10-10 00:00:00-04:00,111.23999786376953,111.5,105.79000091552734,106.16000366210938,99.43122100830078,61376300,0.0,0.0
2018-10-11 00:00:00-04:00,105.3499984741211,108.93000030517578,104.19999694824219,105.91000366210938,99.19706726074219,63904300,0.0,0.0
2018-10-12 00:00:00-04:00,109.01000213623047,111.23999786376953,107.12000274658203,109.56999969482422,102.62506866455078,47742100,0.0,0.0
2018-10-15 00:00:00-04:00,108.91000366210938,109.4800033569336,106.94999694824219,107.5999984741211,100.77996063232422,32068100,0.0,0.0
2018-10-16 00:00:00-04:00,109.54000091552734,111.41000366210938,108.94999694824219,111.0,103.96442413330078,31610200,0.0,0.0
2018-10-17 00:00:00-04:00,111.68000030517578,111.80999755859375,109.55000305175781,110.70999908447266,103.69280242919922,26548200,0.0,0.0
2018-10-18 00:00:00-04:00,110.0999984741211,110.52999877929688,107.83000183105469,108.5,101.62287902832031,32506200,0.0,0.0
2018-10-19 00:00:00-04:00,108.93000030517578,110.86000061035156,108.20999908447266,108.66000366210938,101.77275848388672,32785500,0.0,0.0
2018-10-22 00:00:00-04:00,109.31999969482422,110.54000091552734,108.23999786376953,109.62999725341797,102.68124389648438,26545600,0.0,0.0
2018-10-23 00:00:00-04:00,107.7699966430664,108.97000122070312,105.11000061035156,108.0999984741211,101.24824523925781,43770400,0.0,0.0
2018-10-24 00:00:00-04:00,108.41000366210938,108.48999786376953,101.58999633789062,102.31999969482422,95.83458709716797,63897800,0.0,0.0
2018-10-25 00:00:00-04:00,106.55000305175781,109.2699966430664,106.1500015258789,108.30000305175781,101.43557739257812,61646800,0.0,0.0
2018-10-26 00:00:00-04:00,105.69000244140625,108.75,104.76000213623047,106.95999908447266,100.18048095703125,55523100,0.0,0.0
2018-10-29 00:00:00-04:00,108.11000061035156,108.69999694824219,101.62999725341797,103.8499984741211,97.26763153076172,55162000,0.0,0.0
2018-10-30 00:00:00-04:00,103.66000366210938,104.37999725341797,100.11000061035156,103.7300033569336,97.15524291992188,65350900,0.0,0.0
2018-10-31 00:00:00-04:00,105.44000244140625,108.13999938964844,105.38999938964844,106.80999755859375,100.03999328613281,51062400,0.0,0.0
2018-11-01 00:00:00-04:00,107.05000305175781,107.31999969482422,105.52999877929688,105.91999816894531,99.20640563964844,33384200,0.0,0.0
2018-11-02 00:00:00-04:00,106.4800033569336,107.31999969482422,104.9800033569336,106.16000366210938,99.43122100830078,37680200,0.0,0.0
2018-11-05 00:00:00-05:00,106.37000274658203,107.73999786376953,105.9000015258789,107.51000213623047,100.69564056396484,27922100,0.0,0.0
2018-11-06 00:00:00-05:00,107.37999725341797,108.83999633789062,106.27999877929688,107.72000122070312,100.89231872558594,24340200,0.0,0.0
2018-11-07 00:00:00-05:00,109.44000244140625,112.23999786376953,109.4000015258789,111.95999908447266,104.86357879638672,37901700,0.0,0.0
2018-11-08 00:00:00-05:00,111.80000305175781,112.20999908447266,110.91000366210938,111.75,104.66690063476562,25644100,0.0,0.0
2018-11-09 00:00:00-05:00,110.8499984741211,111.44999694824219,108.76000213623047,109.56999969482422,102.62506866455078,32039200,0.0,0.0
2018-11-12 00:00:00-05:00,109.41999816894531,109.95999908447266,106.0999984741211,106.87000274658203,100.09619903564453,33621800,0.0,0.0
2018-11-13 00:00:00-05:00,107.55000305175781,108.73999786376953,106.63999938964844,106.94000244140625,100.1617660522461,35374600,0.0,0.0
2018-11-14 00:00:00-05:00,108.0999984741211,108.26000213623047,104.47000122070312,104.97000122070312,98.74137115478516,39495100,0.46,0.0
2018-11-15 00:00:00-05:00,104.98999786376953,107.80000305175781,103.91000366210938,107.27999877929688,100.91429138183594,38505200,0.0,0.0
2018-11-16 00:00:00-05:00,107.08000183105469,108.87999725341797,106.80000305175781,108.29000091552734,101.86437225341797,33502100,0.0,0.0
2018-11-19 00:00:00-05:00,108.2699966430664,108.55999755859375,103.55000305175781,104.62000274658203,98.41213989257812,44773900,0.0,0.0
2018-11-20 00:00:00-05:00,101.80000305175781,102.97000122070312,99.3499984741211,101.70999908447266,95.6748046875,64052500,0.0,0.0
2018-11-21 00:00:00-05:00,103.5999984741211,104.43000030517578,102.23999786376953,103.11000061035156,96.99173736572266,28130600,0.0,0.0
2018-11-23 00:00:00-05:00,102.16999816894531,103.80999755859375,102.0,103.06999969482422,96.95411682128906,13823100,0.0,0.0
2018-11-26 00:00:00-05:00,104.79000091552734,106.62999725341797,104.58000183105469,106.47000122070312,100.15237426757812,32336200,0.0,0.0
2018-11-27 00:00:00-05:00,106.2699966430664,107.33000183105469,105.36000061035156,107.13999938964844,100.7826156616211,29124500,0.0,0.0
2018-11-28 00:00:00-05:00,107.88999938964844,111.33000183105469,107.86000061035156,111.12000274658203,104.52645111083984,46788500,0.0,0.0
2018-11-29 00:00:00-05:00,110.33000183105469,111.12000274658203,109.02999877929688,110.19000244140625,103.65162658691406,28123200,0.0,0.0
2018-11-30 00:00:00-05:00,110.69999694824219,110.97000122070312,109.36000061035156,110.88999938964844,104.31009674072266,33665600,0.0,0.0
2018-12-03 00:00:00-05:00,113.0,113.41999816894531,110.7300033569336,112.08999633789062,105.43888092041016,34732800,0.0,0.0
2018-12-04 00:00:00-05:00,111.94000244140625,112.63999938964844,108.20999908447266,108.5199966430664,102.08073425292969,45197000,0.0,0.0
2018-12-06 00:00:00-05:00,105.81999969482422,109.23999786376953,105.0,109.19000244140625,102.71097564697266,49107400,0.0,0.0
2018-12-07 00:00:00-05:00,108.37999725341797,109.44999694824219,104.30000305175781,104.81999969482422,98.60028076171875,45044900,0.0,0.0
2018-12-10 00:00:00-05:00,104.80000305175781,107.9800033569336,103.88999938964844,107.58999633789062,101.20589447021484,40801500,0.0,0.0
2018-12-11 00:00:00-05:00,109.80000305175781,110.94999694824219,107.44000244140625,108.58999633789062,102.14656066894531,42381900,0.0,0.0
2018-12-12 00:00:00-05:00,110.88999938964844,111.2699966430664,109.04000091552734,109.08000183105469,102.60748291015625,36183000,0.0,0.0
2018-12-13 00:00:00-05:00,109.58000183105469,110.87000274658203,108.62999725341797,109.44999694824219,102.95552825927734,31333400,0.0,0.0
2018-12-14 00:00:00-05:00,108.25,109.26000213623047,105.5,106.02999877929688,99.73846435546875,47043100,0.0,0.0
2018-12-17 00:00:00-05:00,105.41000366210938,105.80000305175781,101.70999908447266,102.88999938964844,96.7847671508789,56957300,0.0,0.0
2018-12-18 00:00:00-05:00,103.75,104.51000213623047,102.5199966430664,103.97000122070312,97.80071258544922,49319200,0.0,0.0
2018-12-19 00:00:00-05:00,103.6500015258789,106.87999725341797,101.3499984741211,103.69000244140625,97.53731536865234,68198200,0.0,0.0
2018-12-20 00:00:00-05:00,103.05000305175781,104.30999755859375,98.77999877929688,101.51000213623047,95.48667907714844,70334200,0.0,0.0
2018-12-21 00:00:00-05:00,101.62999725341797,103.0,97.45999908447266,98.2300033569336,92.40130615234375,111242100,0.0,0.0
2018-12-24 00:00:00-05:00,97.68000030517578,97.97000122070312,93.9800033569336,94.12999725341797,88.54460144042969,43935200,0.0,0.0
2018-12-26 00:00:00-05:00,95.13999938964844,100.69000244140625,93.95999908447266,100.55999755859375,94.59305572509766,51634800,0.0,0.0
2018-12-27 00:00:00-05:00,99.30000305175781,101.19000244140625,96.4000015258789,101.18000030517578,95.17627716064453,49498500,0.0,0.0
2018-12-28 00:00:00-05:00,102.08999633789062,102.41000366210938,99.5199966430664,100.38999938964844,94.43315124511719,38196300,0.0,0.0
2018-12-31 00:00:00-05:00,101.29000091552734,102.4000015258789,100.44000244140625,101.56999969482422,95.5431137084961,33173800,0.0,0.0
