Date,Open,High,Low,Close,Adj Close,Volume,Dividends,Stock Splits
2014-01-02 00:00:00-05:00,52.40142822265625,52.51142883300781,51.5428581237793,51.83142852783203,51.83142852783203,12325600,0.0,0.0
2014-01-03 00:00:00-05:00,52.0,52.49571228027344,51.842857360839844,51.871429443359375,51.871429443359375,10817100,0.0,0.0
2014-01-06 00:00:00-05:00,51.88999938964844,52.04428482055664,50.47571563720703,51.36714172363281,51.36714172363281,15501500,0.0,0.0
2014-01-07 00:00:00-05:00,49.68428421020508,49.698570251464844,48.15285873413086,48.5,48.5,36167600,0.0,0.0
2014-01-08 00:00:00-05:00,48.104286193847656,49.42571258544922,48.07428741455078,48.71285629272461,48.71285629272461,20001100,0.0,0.0
2014-01-09 00:00:00-05:00,48.82428741455078,49.13999938964844,47.85714340209961,48.150001525878906,48.150001525878906,17007200,0.0,0.0
2014-01-10 00:00:00-05:00,48.29571533203125,48.37714385986328,47.218570709228516,47.448570251464844,47.448570251464844,16237900,0.0,0.0
2014-01-13 00:00:00-05:00,47.30428695678711,49.810001373291016,47.30428695678711,48.11571502685547,48.11571502685547,27237000,0.0,0.0
2014-01-14 00:00:00-05:00,48.77714157104492,48.79999923706055,47.5099983215332,48.279998779296875,48.279998779296875,19740000,0.0,0.0
2014-01-15 00:00:00-05:00,47.85714340209961,48.36714172363281,45.58142852783203,47.1971435546875,47.1971435546875,40432000,0.0,0.0
2014-01-16 00:00:00-05:00,46.915714263916016,47.69571304321289,46.00285720825195,47.38285827636719,47.38285827636719,21135800,0.0,0.0
2014-01-17 00:00:00-05:00,47.43857192993164,47.83142852783203,46.89142990112305,47.1485710144043,47.1485710144043,16417100,0.0,0.0
2014-01-21 00:00:00-05:00,47.461429595947266,47.49571228027344,45.75,46.95857238769531,46.95857238769531,25220300,0.0,0.0
2014-01-22 00:00:00-05:00,47.07143020629883,47.77714157104492,46.764286041259766,47.67571258544922,47.67571258544922,48342000,0.0,0.0
2014-01-23 00:00:00-05:00,55.342857360839844,56.51856994628906,53.92714309692383,55.531429290771484,55.531429290771484,91280000,0.0,0.0
2014-01-24 00:00:00-05:00,54.81142807006836,55.81428527832031,54.76856994628906,55.1542854309082,55.1542854309082,35466900,0.0,0.0
2014-01-27 00:00:00-05:00,55.3414306640625,55.92856979370117,52.93714141845703,54.461429595947266,54.461429595947266,32526900,0.0,0.0
2014-01-28 00:00:00-05:00,54.47428512573242,58.2014274597168,54.394287109375,58.11000061035156,58.11000061035156,43590400,0.0,0.0
2014-01-29 00:00:00-05:00,57.58856964111328,58.191429138183594,56.86428451538086,57.202857971191406,57.202857971191406,28968100,0.0,0.0
2014-01-30 00:00:00-05:00,58.157142639160156,58.45571517944336,57.35857009887695,57.810001373291016,57.810001373291016,18379200,0.0,0.0
2014-01-31 00:00:00-05:00,57.47285842895508,58.91428756713867,57.47142791748047,58.47571563720703,58.47571563720703,23625000,0.0,0.0
2014-02-03 00:00:00-05:00,58.842857360839844,58.878570556640625,57.24571228027344,57.76856994628906,57.76856994628906,20145300,0.0,0.0
2014-02-04 00:00:00-05:00,57.92142868041992,58.361427307128906,56.71571350097656,57.987144470214844,57.987144470214844,18066300,0.0,0.0
2014-02-05 00:00:00-05:00,57.592857360839844,58.25,56.85714340209961,57.77428436279297,57.77428436279297,16762900,0.0,0.0
2014-02-06 00:00:00-05:00,58.060001373291016,58.7014274597168,57.202857971191406,58.272857666015625,58.272857666015625,12852000,0.0,0.0
2014-02-07 00:00:00-05:00,59.06285858154297,61.5,58.65142822265625,61.42571258544922,61.42571258544922,32921000,0.0,0.0
2014-02-10 00:00:00-05:00,61.34714126586914,61.76714324951172,60.611427307128906,61.49142837524414,61.49142837524414,13812400,0.0,0.0
2014-02-11 00:00:00-05:00,61.422855377197266,62.25143051147461,60.78714370727539,61.99856948852539,61.99856948852539,13667500,0.0,0.0
2014-02-12 00:00:00-05:00,62.111427307128906,62.128570556640625,60.79142761230469,61.27571487426758,61.27571487426758,15673000,0.0,0.0
2014-02-13 00:00:00-05:00,60.81285858154297,62.78428649902344,60.71428680419922,62.36428451538086,62.36428451538086,18700500,0.0,0.0
2014-02-14 00:00:00-05:00,62.43714141845703,62.52857208251953,61.66999816894531,62.21571350097656,62.21571350097656,11985400,0.0,0.0
2014-02-18 00:00:00-05:00,62.422855377197266,63.03428649902344,61.14285659790039,62.407142639160156,62.407142639160156,15507800,0.0,0.0
2014-02-19 00:00:00-05:00,61.667144775390625,62.32143020629883,61.138572692871094,61.17571258544922,61.17571258544922,16031400,0.0,0.0
2014-02-20 00:00:00-05:00,61.478572845458984,62.538570404052734,61.308570861816406,62.13571548461914,62.13571548461914,11965100,0.0,0.0
2014-02-21 00:00:00-05:00,62.67142868041992,62.67142868041992,61.378570556640625,61.74714279174805,61.74714279174805,13483400,0.0,0.0
2014-02-24 00:00:00-05:00,62.209999084472656,64.2414321899414,61.21428680419922,63.85714340209961,63.85714340209961,26043500,0.0,0.0
2014-02-25 00:00:00-05:00,64.28571319580078,65.39856719970703,63.57143020629883,64.71857452392578,64.71857452392578,18700500,0.0,0.0
2014-02-26 00:00:00-05:00,65.12857055664062,65.14286041259766,63.71428680419922,64.11285400390625,64.11285400390625,15010100,0.0,0.0
2014-02-27 00:00:00-05:00,63.977142333984375,64.87571716308594,63.977142333984375,64.60428619384766,64.60428619384766,10304700,0.0,0.0
2014-02-28 00:00:00-05:00,64.73285675048828,64.88571166992188,63.0,63.66143035888672,63.66143035888672,15751400,0.0,0.0
2014-03-03 00:00:00-05:00,63.02714157104492,63.67856979370117,62.58571243286133,63.65571212768555,63.65571212768555,13528200,0.0,0.0
2014-03-04 00:00:00-05:00,64.41714477539062,65.0,63.65571212768555,64.99714660644531,64.99714660644531,12387900,0.0,0.0
2014-03-05 00:00:00-05:00,64.855712890625,65.26285552978516,64.5585708618164,64.78571319580078,64.78571319580078,10868900,0.0,0.0
2014-03-06 00:00:00-05:00,64.9914321899414,65.42857360839844,64.14142608642578,64.35857391357422,64.35857391357422,11809000,0.0,0.0
2014-03-07 00:00:00-05:00,64.86714172363281,64.93428802490234,63.644287109375,64.0528564453125,64.0528564453125,11573800,0.0,0.0
2014-03-10 00:00:00-04:00,64.06714630126953,64.1114273071289,61.728572845458984,62.849998474121094,62.849998474121094,15439200,0.0,0.0
2014-03-11 00:00:00-04:00,63.23428726196289,63.81142807006836,62.235713958740234,62.49714279174805,62.49714279174805,10448200,0.0,0.0
2014-03-12 00:00:00-04:00,61.95428466796875,62.78571319580078,61.38285827636719,62.36857223510742,62.36857223510742,12134500,0.0,0.0
2014-03-13 00:00:00-04:00,62.81571578979492,62.89714431762695,61.182857513427734,61.43714141845703,61.43714141845703,11390400,0.0,0.0
2014-03-14 00:00:00-04:00,61.104286193847656,62.14142990112305,60.42856979370117,60.64142990112305,60.64142990112305,14989100,0.0,0.0
2014-03-17 00:00:00-04:00,61.16999816894531,61.5428581237793,60.33000183105469,60.388572692871094,60.388572692871094,10695300,0.0,0.0
2014-03-18 00:00:00-04:00,60.33856964111328,60.894287109375,59.5,60.03571319580078,60.03571319580078,14688100,0.0,0.0
2014-03-19 00:00:00-04:00,59.98143005371094,60.77857208251953,59.58000183105469,60.012855529785156,60.012855529785156,10531500,0.0,0.0
2014-03-20 00:00:00-04:00,59.952857971191406,61.74285888671875,59.92856979370117,60.61000061035156,60.61000061035156,14494900,0.0,0.0
2014-03-21 00:00:00-04:00,60.871429443359375,61.191429138183594,57.96285629272461,57.99856948852539,57.99856948852539,26770800,0.0,0.0
2014-03-24 00:00:00-04:00,57.92714309692383,58.06428527832031,52.657142639160156,54.128570556640625,54.128570556640625,42483700,0.0,0.0
2014-03-25 00:00:00-04:00,54.14285659790039,54.9900016784668,52.25,52.977142333984375,52.977142333984375,30356900,0.0,0.0
2014-03-26 00:00:00-04:00,53.28714370727539,53.92142868041992,52.36714172363281,53.182857513427734,53.182857513427734,27152300,0.0,0.0
2014-03-27 00:00:00-04:00,53.00143051147461,53.97571563720703,51.64714431762695,52.02571487426758,52.02571487426758,28672000,0.0,0.0
2014-03-28 00:00:00-04:00,51.459999084472656,52.71428680419922,50.82143020629883,51.26714324951172,51.26714324951172,24699500,0.0,0.0
2014-03-31 00:00:00-04:00,51.644287109375,52.4085693359375,49.98285675048828,50.290000915527344,50.290000915527344,22125600,0.0,0.0
2014-04-01 00:00:00-04:00,50.25,52.17856979370117,50.24856948852539,52.09857177734375,52.09857177734375,21338800,0.0,0.0
2014-04-02 00:00:00-04:00,52.237144470214844,53.00714111328125,51.18571472167969,51.84000015258789,51.84000015258789,24194100,0.0,0.0
2014-04-03 00:00:00-04:00,51.61857223510742,52.157142639160156,50.014286041259766,50.66999816894531,50.66999816894531,21983500,0.0,0.0
2014-04-04 00:00:00-04:00,50.77857208251953,50.85714340209961,47.98285675048828,48.18714141845703,48.18714141845703,34958000,0.0,0.0
2014-04-07 00:00:00-04:00,48.644287109375,49.74142837524414,47.301429748535156,48.28571319580078,48.28571319580078,37351300,0.0,0.0
2014-04-08 00:00:00-04:00,48.57857131958008,50.112857818603516,48.3414306640625,49.8414306640625,49.8414306640625,25761400,0.0,0.0
2014-04-09 00:00:00-04:00,50.14714431762695,50.55714416503906,49.021427154541016,50.432857513427734,50.432857513427734,20511400,0.0,0.0
2014-04-10 00:00:00-04:00,50.63999938964844,51.06856918334961,47.71571350097656,47.81856918334961,47.81856918334961,24871000,0.0,0.0
2014-04-11 00:00:00-04:00,47.25714111328125,47.83142852783203,46.22999954223633,46.672855377197266,46.672855377197266,30146200,0.0,0.0
2014-04-14 00:00:00-04:00,47.55571365356445,47.85714340209961,46.505714416503906,47.36857223510742,47.36857223510742,17994200,0.0,0.0
2014-04-15 00:00:00-04:00,47.01142883300781,47.36714172363281,44.58571243286133,46.61000061035156,46.61000061035156,30799300,0.0,0.0
2014-04-16 00:00:00-04:00,47.2928581237793,47.709999084472656,46.19428634643555,47.34428787231445,47.34428787231445,16114700,0.0,0.0
2014-04-17 00:00:00-04:00,48.10857009887695,49.961429595947266,47.5,49.39142990112305,49.39142990112305,32116000,0.0,0.0
2014-04-21 00:00:00-04:00,49.900001525878906,49.91428756713867,48.32857131958008,49.78428649902344,49.78428649902344,47892600,0.0,0.0
2014-04-22 00:00:00-04:00,53.80428695678711,54.41143035888672,52.11857223510742,53.271427154541016,53.271427154541016,64702400,0.0,0.0
2014-04-23 00:00:00-04:00,51.81856918334961,52.5,50.42856979370117,50.5,50.5,40285000,0.0,0.0
2014-04-24 00:00:00-04:00,50.35714340209961,50.842857360839844,47.82857131958008,49.15285873413086,49.15285873413086,30639000,0.0,0.0
2014-04-25 00:00:00-04:00,48.20857238769531,48.772857666015625,46.0,46.01142883300781,46.01142883300781,33071500,0.0,0.0
2014-04-28 00:00:00-04:00,45.43571472167969,45.842857360839844,42.78571319580078,44.887142181396484,44.887142181396484,47123300,0.0,0.0
2014-04-29 00:00:00-04:00,44.605712890625,46.37571334838867,44.575714111328125,45.69571304321289,45.69571304321289,23132900,0.0,0.0
2014-04-30 00:00:00-04:00,45.417144775390625,46.05714416503906,44.32143020629883,46.005714416503906,46.005714416503906,23618700,0.0,0.0
2014-05-01 00:00:00-04:00,46.2928581237793,49.38428497314453,46.150001525878906,48.07428741455078,48.07428741455078,37001300,0.0,0.0
2014-05-02 00:00:00-04:00,48.21571350097656,49.128570556640625,47.72142791748047,48.66428756713867,48.66428756713867,26194700,0.0,0.0
2014-05-05 00:00:00-04:00,48.29571533203125,49.354286193847656,48.014286041259766,49.1971435546875,49.1971435546875,20330800,0.0,0.0
2014-05-06 00:00:00-04:00,49.10285568237305,49.674285888671875,46.52000045776367,46.59857177734375,46.59857177734375,22722700,0.0,0.0
2014-05-07 00:00:00-04:00,46.59000015258789,46.834285736083984,45.029998779296875,45.79142761230469,45.79142761230469,25680900,0.0,0.0
2014-05-08 00:00:00-04:00,45.308570861816406,47.388572692871094,44.9085693359375,45.9514274597168,45.9514274597168,21168700,0.0,0.0
2014-05-09 00:00:00-04:00,46.01142883300781,47.13428497314453,45.33571243286133,46.93571472167969,46.93571472167969,17968300,0.0,0.0
2014-05-12 00:00:00-04:00,47.26571273803711,49.361427307128906,47.21714401245117,49.349998474121094,49.349998474121094,21395500,0.0,0.0
2014-05-13 00:00:00-04:00,49.2071418762207,50.61000061035156,48.67714309692383,49.5914306640625,49.5914306640625,20832000,0.0,0.0
2014-05-14 00:00:00-04:00,49.57857131958008,50.628570556640625,49.43714141845703,50.26856994628906,50.26856994628906,19891900,0.0,0.0
2014-05-15 00:00:00-04:00,50.121429443359375,50.255714416503906,48.48285675048828,49.16999816894531,49.16999816894531,23370200,0.0,0.0
2014-05-16 00:00:00-04:00,49.35285568237305,49.99571228027344,48.5485725402832,49.98285675048828,49.98285675048828,19072200,0.0,0.0
2014-05-19 00:00:00-04:00,49.57143020629883,52.459999084472656,49.50714111328125,52.07143020629883,52.07143020629883,25393200,0.0,0.0
2014-05-20 00:00:00-04:00,52.144287109375,53.24285888671875,51.771427154541016,53.0957145690918,53.0957145690918,28828100,0.0,0.0
2014-05-21 00:00:00-04:00,53.58856964111328,55.81285858154297,53.33571243286133,55.79999923706055,55.79999923706055,39939900,0.0,0.0
2014-05-22 00:00:00-04:00,55.84000015258789,56.78571319580078,55.35714340209961,55.97142791748047,55.97142791748047,33222700,0.0,0.0
2014-05-23 00:00:00-04:00,55.948570251464844,57.49571228027344,55.665714263916016,57.478572845458984,57.478572845458984,22122100,0.0,0.0
2014-05-27 00:00:00-04:00,57.42856979370117,57.459999084472656,56.16428756713867,56.97285842895508,56.97285842895508,26735100,0.0,0.0
2014-05-28 00:00:00-04:00,56.74285888671875,57.88571548461914,56.21428680419922,57.31999969482422,57.31999969482422,19873700,0.0,0.0
2014-05-29 00:00:00-04:00,57.628570556640625,59.42714309692383,57.07857131958008,59.31428527832031,59.31428527832031,22844500,0.0,0.0
2014-05-30 00:00:00-04:00,59.31142807006836,60.24856948852539,58.801429748535156,59.689998626708984,59.689998626708984,29248800,0.0,0.0
2014-06-02 00:00:00-04:00,59.92571258544922,60.415714263916016,58.92856979370117,60.29428482055664,60.29428482055664,20480600,0.0,0.0
2014-06-03 00:00:00-04:00,59.99856948852539,60.79999923706055,59.57857131958008,59.65285873413086,59.65285873413086,17133200,0.0,0.0
2014-06-04 00:00:00-04:00,59.53714370727539,60.64285659790039,59.0428581237793,60.45857238769531,60.45857238769531,17432800,0.0,0.0
2014-06-05 00:00:00-04:00,60.53571319580078,61.342857360839844,59.79571533203125,61.19285583496094,61.19285583496094,18930800,0.0,0.0
2014-06-06 00:00:00-04:00,61.43000030517578,62.12714385986328,61.19428634643555,61.4471435546875,61.4471435546875,15730400,0.0,0.0
2014-06-09 00:00:00-04:00,61.35714340209961,61.521427154541016,60.012855529785156,60.441429138183594,60.441429138183594,16678900,0.0,0.0
2014-06-10 00:00:00-04:00,60.788570404052734,62.29142761230469,60.71714401245117,61.18428421020508,61.18428421020508,22920100,0.0,0.0
2014-06-11 00:00:00-04:00,60.74714279174805,61.79999923706055,60.71428680419922,61.42856979370117,61.42856979370117,13745900,0.0,0.0
2014-06-12 00:00:00-04:00,61.29571533203125,61.46428680419922,60.07143020629883,60.349998474121094,60.349998474121094,15803200,0.0,0.0
2014-06-13 00:00:00-04:00,60.42856979370117,61.128570556640625,59.6014289855957,61.1014289855957,61.1014289855957,15778700,0.0,0.0
2014-06-16 00:00:00-04:00,60.932857513427734,61.6014289855957,60.48857116699219,61.46571350097656,61.46571350097656,12506200,0.0,0.0
2014-06-17 00:00:00-04:00,62.577144622802734,64.01285552978516,62.538570404052734,63.378570556640625,63.378570556640625,28996100,0.0,0.0
2014-06-18 00:00:00-04:00,63.38142776489258,64.4028549194336,62.89285659790039,64.0971450805664,64.0971450805664,18786600,0.0,0.0
2014-06-19 00:00:00-04:00,64.20428466796875,64.21286010742188,62.58000183105469,63.05571365356445,63.05571365356445,17308200,0.0,0.0
2014-06-20 00:00:00-04:00,63.02857208251953,63.26856994628906,62.13999938964844,62.88285827636719,62.88285827636719,13222300,0.0,0.0
2014-06-23 00:00:00-04:00,62.76571273803711,63.12285614013672,62.22142791748047,62.788570404052734,62.788570404052734,10672900,0.0,0.0
2014-06-24 00:00:00-04:00,62.57857131958008,64.27714538574219,62.21428680419922,62.33714294433594,62.33714294433594,20367200,0.0,0.0
2014-06-25 00:00:00-04:00,62.14285659790039,63.53714370727539,61.9042854309082,63.45857238769531,63.45857238769531,15752100,0.0,0.0
2014-06-26 00:00:00-04:00,62.970001220703125,63.16285705566406,62.39285659790039,62.801429748535156,62.801429748535156,14237300,0.0,0.0
2014-06-27 00:00:00-04:00,62.61714172363281,63.31285858154297,62.485713958740234,63.1542854309082,63.1542854309082,15587600,0.0,0.0
2014-06-30 00:00:00-04:00,63.26571273803711,63.83856964111328,62.81285858154297,62.94285583496094,62.94285583496094,10588900,0.0,0.0
2014-07-01 00:00:00-04:00,65.17571258544922,67.66857147216797,65.04285430908203,67.5857162475586,67.5857162475586,37995300,0.0,0.0
2014-07-02 00:00:00-04:00,67.63999938964844,67.98143005371094,66.57714080810547,66.67713928222656,66.67713928222656,17309600,0.0,0.0
2014-07-03 00:00:00-04:00,67.16571044921875,67.51714324951172,66.98143005371094,67.47856903076172,67.47856903076172,11359600,0.0,0.0
2014-07-07 00:00:00-04:00,67.44285583496094,67.46142578125,65.71428680419922,65.8028564453125,65.8028564453125,18296600,0.0,0.0
2014-07-08 00:00:00-04:00,65.6642837524414,65.85713958740234,62.75428771972656,63.57857131958008,63.57857131958008,26182800,0.0,0.0
2014-07-09 00:00:00-04:00,63.7400016784668,64.1914291381836,62.81856918334961,63.28571319580078,63.28571319580078,21011200,0.0,0.0
2014-07-10 00:00:00-04:00,62.05571365356445,63.45571517944336,61.17142868041992,62.650001525878906,62.650001525878906,24388700,0.0,0.0
2014-07-11 00:00:00-04:00,63.06571578979492,63.4471435546875,62.45000076293945,62.8514289855957,62.8514289855957,14219100,0.0,0.0
2014-07-14 00:00:00-04:00,63.32857131958008,65.06857299804688,62.71428680419922,64.65428924560547,64.65428924560547,17433500,0.0,0.0
2014-07-15 00:00:00-04:00,64.38428497314453,64.48143005371094,63.18143081665039,64.15571594238281,64.15571594238281,13505800,0.0,0.0
2014-07-16 00:00:00-04:00,64.86714172363281,65.0999984741211,63.342857360839844,63.49142837524414,63.49142837524414,13438600,0.0,0.0
2014-07-17 00:00:00-04:00,63.325714111328125,64.12142944335938,62.612857818603516,62.76571273803711,62.76571273803711,13266400,0.0,0.0
2014-07-18 00:00:00-04:00,62.97285842895508,63.47142791748047,62.25,63.452857971191406,63.452857971191406,11760700,0.0,0.0
2014-07-21 00:00:00-04:00,64.52714538574219,65.35713958740234,63.94571304321289,64.56428527832031,64.56428527832031,34671000,0.0,0.0
2014-07-22 00:00:00-04:00,63.28285598754883,63.52428436279297,60.72285842895508,61.584285736083984,61.584285736083984,57174600,0.0,0.0
2014-07-23 00:00:00-04:00,61.487144470214844,62.2014274597168,60.93000030517578,61.128570556640625,61.128570556640625,17267600,0.0,0.0
2014-07-24 00:00:00-04:00,61.35285568237305,61.45857238769531,59.86000061035156,60.76856994628906,60.76856994628906,18621400,0.0,0.0
2014-07-25 00:00:00-04:00,60.71428680419922,61.167144775390625,60.05714416503906,60.26571273803711,60.26571273803711,11610200,0.0,0.0
2014-07-28 00:00:00-04:00,60.31571578979492,60.84428787231445,59.788570404052734,60.665714263916016,60.665714263916016,11960900,0.0,0.0
2014-07-29 00:00:00-04:00,60.45857238769531,61.198570251464844,60.45857238769531,60.611427307128906,60.611427307128906,9282000,0.0,0.0
2014-07-30 00:00:00-04:00,60.67856979370117,62.18428421020508,60.61571502685547,62.051429748535156,62.051429748535156,15263500,0.0,0.0
2014-07-31 00:00:00-04:00,61.46571350097656,61.85285568237305,60.18428421020508,60.388572692871094,60.388572692871094,13820100,0.0,0.0
2014-08-01 00:00:00-04:00,60.25143051147461,61.104286193847656,58.93000030517578,60.771427154541016,60.771427154541016,18947600,0.0,0.0
2014-08-04 00:00:00-04:00,61.02857208251953,61.42856979370117,60.111427307128906,60.38571548461914,60.38571548461914,10686900,0.0,0.0
2014-08-05 00:00:00-04:00,60.18571472167969,61.14285659790039,60.04428482055664,60.407142639160156,60.407142639160156,10653300,0.0,0.0
2014-08-06 00:00:00-04:00,60.14285659790039,62.128570556640625,60.07857131958008,61.47142791748047,61.47142791748047,15835400,0.0,0.0
2014-08-07 00:00:00-04:00,62.18571472167969,64.27857208251953,62.07857131958008,64.23857116699219,64.23857116699219,27313300,0.0,0.0
2014-08-08 00:00:00-04:00,64.31428527832031,64.42428588867188,63.150001525878906,63.69285583496094,63.69285583496094,15495200,0.0,0.0
2014-08-11 00:00:00-04:00,64.17428588867188,65.37857055664062,64.10143280029297,64.5057144165039,64.5057144165039,13246800,0.0,0.0
2014-08-12 00:00:00-04:00,64.47856903076172,64.71428680419922,63.34428787231445,63.772857666015625,63.772857666015625,10845100,0.0,0.0
2014-08-13 00:00:00-04:00,64.0857162475586,64.8885726928711,63.83142852783203,64.50428771972656,64.50428771972656,9058000,0.0,0.0
2014-08-14 00:00:00-04:00,64.60143280029297,65.0,64.03142547607422,64.41000366210938,64.41000366210938,6676600,0.0,0.0
2014-08-15 00:00:00-04:00,64.49857330322266,66.0,64.0857162475586,65.58428955078125,65.58428955078125,22036700,0.0,0.0
2014-08-18 00:00:00-04:00,66.0085678100586,67.07142639160156,65.89286041259766,66.57142639160156,66.57142639160156,13496000,0.0,0.0
2014-08-19 00:00:00-04:00,66.72714233398438,67.21428680419922,66.06143188476562,66.87857055664062,66.87857055664062,10897600,0.0,0.0
2014-08-20 00:00:00-04:00,66.71428680419922,67.67857360839844,66.36285400390625,67.4557113647461,67.4557113647461,12163900,0.0,0.0
2014-08-21 00:00:00-04:00,67.32571411132812,68.02143096923828,66.80999755859375,67.43571472167969,67.43571472167969,11746700,0.0,0.0
2014-08-22 00:00:00-04:00,67.27714538574219,68.50714111328125,67.1500015258789,68.4557113647461,68.4557113647461,13735400,0.0,0.0
2014-08-25 00:00:00-04:00,68.79285430908203,69.32856750488281,68.21857452392578,68.70428466796875,68.70428466796875,13484800,0.0,0.0
2014-08-26 00:00:00-04:00,68.35713958740234,68.8357162475586,67.79285430908203,68.4800033569336,68.4800033569336,10137400,0.0,0.0
2014-08-27 00:00:00-04:00,68.4857177734375,68.60713958740234,67.66143035888672,67.81428527832031,67.81428527832031,10394300,0.0,0.0
2014-08-28 00:00:00-04:00,67.52143096923828,68.21142578125,67.2585678100586,67.88714599609375,67.88714599609375,7584500,0.0,0.0
2014-08-29 00:00:00-04:00,68.12142944335938,68.64286041259766,67.73428344726562,68.23428344726562,68.23428344726562,9838500,0.0,0.0
2014-09-02 00:00:00-04:00,68.35713958740234,68.39856719970703,67.79856872558594,68.0857162475586,68.0857162475586,8806700,0.0,0.0
2014-09-03 00:00:00-04:00,68.64571380615234,69.65714263916016,68.07571411132812,68.19857025146484,68.19857025146484,16219000,0.0,0.0
2014-09-04 00:00:00-04:00,68.44428253173828,68.81285858154297,67.4471435546875,67.52428436279297,67.52428436279297,11958800,0.0,0.0
2014-09-05 00:00:00-04:00,67.60428619384766,68.19285583496094,67.1528549194336,67.95428466796875,67.95428466796875,11953200,0.0,0.0
2014-09-08 00:00:00-04:00,67.77143096923828,68.65714263916016,67.74285888671875,68.47571563720703,68.47571563720703,7668500,0.0,0.0
2014-09-09 00:00:00-04:00,69.47142791748047,69.89856719970703,68.05714416503906,68.43000030517578,68.43000030517578,19737900,0.0,0.0
2014-09-10 00:00:00-04:00,68.5999984741211,69.25,68.14856719970703,69.19857025146484,69.19857025146484,9104900,0.0,0.0
2014-09-11 00:00:00-04:00,68.93856811523438,69.19428253173828,68.52428436279297,68.7942886352539,68.7942886352539,7865200,0.0,0.0
2014-09-12 00:00:00-04:00,69.09285736083984,69.2699966430664,68.01714324951172,68.07856750488281,68.07856750488281,13425300,0.0,0.0
2014-09-15 00:00:00-04:00,68.22000122070312,68.22000122070312,65.2642822265625,65.39286041259766,65.39286041259766,20617100,0.0,0.0
2014-09-16 00:00:00-04:00,64.05714416503906,65.44857025146484,63.657142639160156,65.27285766601562,65.27285766601562,26838700,0.0,0.0
2014-09-17 00:00:00-04:00,65.27285766601562,65.5528564453125,64.47000122070312,64.93285369873047,64.93285369873047,12133100,0.0,0.0
2014-09-18 00:00:00-04:00,65.35285949707031,65.9085693359375,64.76000213623047,65.57286071777344,65.57286071777344,10630200,0.0,0.0
2014-09-19 00:00:00-04:00,65.85713958740234,65.90428924560547,64.88143157958984,65.36000061035156,65.36000061035156,11960900,0.0,0.0
2014-09-22 00:00:00-04:00,65.18142700195312,65.27857208251953,62.6971435546875,63.25428771972656,63.25428771972656,16169300,0.0,0.0
2014-09-23 00:00:00-04:00,63.03285598754883,64.00142669677734,62.92856979370117,63.41428756713867,63.41428756713867,11471600,0.0,0.0
2014-09-24 00:00:00-04:00,63.494285583496094,64.52285766601562,63.220001220703125,64.36571502685547,64.36571502685547,9551500,0.0,0.0
2014-09-25 00:00:00-04:00,64.27143096923828,64.62142944335938,63.202857971191406,63.355712890625,63.355712890625,9839900,0.0,0.0
2014-09-26 00:00:00-04:00,63.57143020629883,64.37714385986328,63.41285705566406,64.10713958740234,64.10713958740234,10404800,0.0,0.0
2014-09-29 00:00:00-04:00,63.43857192993164,64.36285400390625,63.145713806152344,64.22285461425781,64.22285461425781,9516500,0.0,0.0
2014-09-30 00:00:00-04:00,64.61428833007812,65.31285858154297,64.25714111328125,64.45428466796875,64.45428466796875,12472600,0.0,0.0
2014-10-01 00:00:00-04:00,64.09857177734375,64.28571319580078,62.470001220703125,62.68571472167969,62.68571472167969,15416100,0.0,0.0
2014-10-02 00:00:00-04:00,62.70000076293945,64.355712890625,62.55428695678711,64.2828598022461,64.2828598022461,18450600,0.0,0.0
2014-10-03 00:00:00-04:00,64.7414321899414,65.80000305175781,64.644287109375,65.64856719970703,65.64856719970703,15290100,0.0,0.0
2014-10-06 00:00:00-04:00,66.0,66.7442855834961,65.85713958740234,66.21142578125,66.21142578125,13709500,0.0,0.0
2014-10-07 00:00:00-04:00,65.87142944335938,66.6114273071289,65.14286041259766,65.17857360839844,65.17857360839844,13759200,0.0,0.0
2014-10-08 00:00:00-04:00,65.2357177734375,66.80000305175781,64.48285675048828,66.69428253173828,66.69428253173828,14332500,0.0,0.0
2014-10-09 00:00:00-04:00,66.66143035888672,66.855712890625,65.65142822265625,65.94571685791016,65.94571685791016,14928200,0.0,0.0
2014-10-10 00:00:00-04:00,65.68571472167969,66.40571594238281,64.4914321899414,64.58285522460938,64.58285522460938,19110700,0.0,0.0
2014-10-13 00:00:00-04:00,64.46428680419922,64.6385726928711,61.85714340209961,62.6542854309082,62.6542854309082,20216700,0.0,0.0
2014-10-14 00:00:00-04:00,63.644287109375,64.56999969482422,62.59000015258789,64.16000366210938,64.16000366210938,16747500,0.0,0.0
2014-10-15 00:00:00-04:00,63.49571228027344,64.42571258544922,61.45428466796875,64.08428955078125,64.08428955078125,59927700,0.0,0.0
2014-10-16 00:00:00-04:00,47.53285598754883,52.310001373291016,47.28571319580078,51.67142868041992,51.67142868041992,92304800,0.0,0.0
2014-10-17 00:00:00-04:00,51.40142822265625,51.43857192993164,48.78571319580078,51.012855529785156,51.012855529785156,79160900,0.0,0.0
2014-10-20 00:00:00-04:00,50.85714340209961,52.74142837524414,50.7928581237793,51.317142486572266,51.317142486572266,33529300,0.0,0.0
2014-10-21 00:00:00-04:00,51.75143051147461,52.3985710144043,50.77714157104492,52.28428649902344,52.28428649902344,19365500,0.0,0.0
2014-10-22 00:00:00-04:00,52.71285629272461,54.56856918334961,51.88571548461914,53.521427154541016,53.521427154541016,32150300,0.0,0.0
2014-10-23 00:00:00-04:00,54.36000061035156,55.11000061035156,54.03571319580078,54.720001220703125,54.720001220703125,19916400,0.0,0.0
2014-10-24 00:00:00-04:00,54.6542854309082,55.28571319580078,54.40142822265625,55.00285720825195,55.00285720825195,14657300,0.0,0.0
2014-10-27 00:00:00-04:00,54.842857360839844,54.92856979370117,53.81428527832031,54.20000076293945,54.20000076293945,14944300,0.0,0.0
2014-10-28 00:00:00-04:00,54.25,55.26714324951172,54.04999923706055,55.174285888671875,55.174285888671875,11736900,0.0,0.0
2014-10-29 00:00:00-04:00,55.174285888671875,55.2400016784668,53.96714401245117,54.014286041259766,54.014286041259766,12507600,0.0,0.0
2014-10-30 00:00:00-04:00,53.93000030517578,54.619998931884766,53.514286041259766,54.144287109375,54.144287109375,10593800,0.0,0.0
2014-10-31 00:00:00-04:00,54.91428756713867,56.25285720825195,54.85714340209961,56.11000061035156,56.11000061035156,20470100,0.0,0.0
2014-11-03 00:00:00-05:00,56.17571258544922,56.50285720825195,55.01571273803711,55.487144470214844,55.487144470214844,17581200,0.0,0.0
2014-11-04 00:00:00-05:00,55.27428436279297,55.32143020629883,54.11000061035156,54.682857513427734,54.682857513427734,11389700,0.0,0.0
2014-11-05 00:00:00-05:00,55.08714294433594,55.40571212768555,53.77000045776367,54.34000015258789,54.34000015258789,13645800,0.0,0.0
2014-11-06 00:00:00-05:00,54.0,55.047142028808594,53.907142639160156,54.75714111328125,54.75714111328125,9991800,0.0,0.0
2014-11-07 00:00:00-05:00,54.77714157104492,55.03571319580078,54.18571472167969,54.880001068115234,54.880001068115234,9303700,0.0,0.0
2014-11-10 00:00:00-05:00,54.71428680419922,55.63571548461914,54.14285659790039,55.32428741455078,55.32428741455078,9711100,0.0,0.0
2014-11-11 00:00:00-05:00,55.32428741455078,56.29999923706055,54.54428482055664,54.650001525878906,54.650001525878906,14838600,0.0,0.0
2014-11-12 00:00:00-05:00,54.4471435546875,55.137142181396484,53.862857818603516,54.83714294433594,54.83714294433594,10958500,0.0,0.0
2014-11-13 00:00:00-05:00,54.922855377197266,55.00714111328125,53.932857513427734,54.2014274597168,54.2014274597168,10490200,0.0,0.0
2014-11-14 00:00:00-05:00,54.1971435546875,55.317142486572266,54.08142852783203,55.1485710144043,55.1485710144043,10988600,0.0,0.0
2014-11-17 00:00:00-05:00,55.05428695678711,55.64285659790039,54.39285659790039,54.448570251464844,54.448570251464844,9225300,0.0,0.0
2014-11-18 00:00:00-05:00,54.42856979370117,54.985713958740234,54.361427307128906,54.432857513427734,54.432857513427734,7921200,0.0,0.0
2014-11-19 00:00:00-05:00,54.744285583496094,55.2928581237793,51.808570861816406,51.871429443359375,51.871429443359375,24515400,0.0,0.0
2014-11-20 00:00:00-05:00,51.869998931884766,53.32285690307617,51.57143020629883,52.5914306640625,52.5914306640625,15425200,0.0,0.0
2014-11-21 00:00:00-05:00,53.211429595947266,53.32143020629883,51.35714340209961,51.468570709228516,51.468570709228516,17878000,0.0,0.0
2014-11-24 00:00:00-05:00,51.50857162475586,51.922855377197266,50.771427154541016,50.924285888671875,50.924285888671875,17864000,0.0,0.0
2014-11-25 00:00:00-05:00,50.145713806152344,50.34714126586914,49.14285659790039,49.855712890625,49.855712890625,28100800,0.0,0.0
2014-11-26 00:00:00-05:00,50.1542854309082,50.52714157104492,49.74571228027344,50.165714263916016,50.165714263916016,10063200,0.0,0.0
2014-11-28 00:00:00-05:00,50.512855529785156,50.57143020629883,49.42714309692383,49.512855529785156,49.512855529785156,6702500,0.0,0.0
2014-12-01 00:00:00-05:00,49.28571319580078,49.57143020629883,48.23428726196289,48.83000183105469,48.83000183105469,11964400,0.0,0.0
2014-12-02 00:00:00-05:00,48.75714111328125,50.477142333984375,48.691429138183594,50.33000183105469,50.33000183105469,14271600,0.0,0.0
2014-12-03 00:00:00-05:00,50.22142791748047,50.73143005371094,49.18143081665039,50.73143005371094,50.73143005371094,13819400,0.0,0.0
2014-12-04 00:00:00-05:00,50.42856979370117,51.13571548461914,49.9085693359375,50.08571243286133,50.08571243286133,11853800,0.0,0.0
2014-12-05 00:00:00-05:00,50.14714431762695,50.64285659790039,49.73285675048828,50.13142776489258,50.13142776489258,9930200,0.0,0.0
2014-12-08 00:00:00-05:00,49.88142776489258,49.98285675048828,48.290000915527344,48.49714279174805,48.49714279174805,13621300,0.0,0.0
2014-12-09 00:00:00-05:00,47.81999969482422,49.33714294433594,47.00285720825195,49.111427307128906,49.111427307128906,17976700,0.0,0.0
2014-12-10 00:00:00-05:00,49.021427154541016,49.24714279174805,47.665714263916016,47.7599983215332,47.7599983215332,12644800,0.0,0.0
2014-12-11 00:00:00-05:00,48.012855529785156,48.70000076293945,47.65571212768555,47.80428695678711,47.80428695678711,11769100,0.0,0.0
2014-12-12 00:00:00-05:00,47.417144775390625,48.32285690307617,46.97999954223633,47.78285598754883,47.78285598754883,13521200,0.0,0.0
2014-12-15 00:00:00-05:00,48.05571365356445,48.41857147216797,46.61857223510742,46.720001220703125,46.720001220703125,12019000,0.0,0.0
2014-12-16 00:00:00-05:00,46.42714309692383,47.06999969482422,45.14285659790039,45.20571517944336,45.20571517944336,16947700,0.0,0.0
2014-12-17 00:00:00-05:00,45.37571334838867,47.86714172363281,45.077144622802734,47.66428756713867,47.66428756713867,20192900,0.0,0.0
2014-12-18 00:00:00-05:00,48.400001525878906,48.92856979370117,47.23285675048828,47.77428436279297,47.77428436279297,15639400,0.0,0.0
2014-12-19 00:00:00-05:00,47.900001525878906,48.720001220703125,47.621429443359375,48.58856964111328,48.58856964111328,15047900,0.0,0.0
2014-12-22 00:00:00-05:00,48.5428581237793,49.2400016784668,47.74856948852539,48.09714126586914,48.09714126586914,7994000,0.0,0.0
2014-12-23 00:00:00-05:00,48.28714370727539,48.42856979370117,47.47285842895508,48.06142807006836,48.06142807006836,8291500,0.0,0.0
2014-12-24 00:00:00-05:00,48.07285690307617,49.06999969482422,47.99856948852539,48.871429443359375,48.871429443359375,5411000,0.0,0.0
2014-12-26 00:00:00-05:00,48.84428787231445,49.48428726196289,48.53428649902344,48.57857131958008,48.57857131958008,8847300,0.0,0.0
2014-12-29 00:00:00-05:00,47.970001220703125,49.104286193847656,47.65285873413086,48.84714126586914,48.84714126586914,8588300,0.0,0.0
2014-12-30 00:00:00-05:00,48.71428680419922,49.13999938964844,48.538570404052734,49.03285598754883,49.03285598754883,7011200,0.0,0.0
2014-12-31 00:00:00-05:00,49.03285598754883,49.39142990112305,48.78714370727539,48.801429748535156,48.801429748535156,8627500,0.0,0.0
2015-01-02 00:00:00-05:00,49.15142822265625,50.33142852783203,48.73143005371094,49.84857177734375,49.84857177734375,13475000,0.0,0.0
2015-01-05 00:00:00-05:00,49.25857162475586,49.25857162475586,47.14714431762695,47.31142807006836,47.31142807006836,18165000,0.0,0.0
2015-01-06 00:00:00-05:00,47.34714126586914,47.63999938964844,45.66143035888672,46.50143051147461,46.50143051147461,16037700,0.0,0.0
2015-01-07 00:00:00-05:00,47.34714126586914,47.42142868041992,46.271427154541016,46.74285888671875,46.74285888671875,9849700,0.0,0.0
2015-01-08 00:00:00-05:00,47.119998931884766,47.83571243286133,46.478572845458984,47.779998779296875,47.779998779296875,9601900,0.0,0.0
2015-01-09 00:00:00-05:00,47.63142776489258,48.02000045776367,46.8985710144043,47.04142761230469,47.04142761230469,9578100,0.0,0.0
2015-01-12 00:00:00-05:00,47.09000015258789,47.198570251464844,45.264286041259766,45.547142028808594,45.547142028808594,12944400,0.0,0.0
2015-01-13 00:00:00-05:00,46.021427154541016,47.0485725402832,45.900001525878906,46.255714416503906,46.255714416503906,18721500,0.0,0.0
2015-01-14 00:00:00-05:00,47.07143020629883,47.369998931884766,45.68000030517578,46.31999969482422,46.31999969482422,19884900,0.0,0.0
2015-01-15 00:00:00-05:00,46.547142028808594,46.78571319580078,45.84428787231445,46.25143051147461,46.25143051147461,11669000,0.0,0.0
2015-01-16 00:00:00-05:00,46.85714340209961,48.25,46.38142776489258,48.191429138183594,48.191429138183594,19696600,0.0,0.0
2015-01-20 00:00:00-05:00,48.57143020629883,50.0,47.71428680419922,49.82857131958008,49.82857131958008,40551000,0.0,0.0
2015-01-21 00:00:00-05:00,59.23428726196289,59.2400016784668,57.40999984741211,58.468570709228516,58.468570709228516,66902500,0.0,0.0
2015-01-22 00:00:00-05:00,58.57143020629883,61.37428665161133,57.82857131958008,61.20571517944336,61.20571517944336,33319300,0.0,0.0
2015-01-23 00:00:00-05:00,60.98857116699219,62.74285888671875,60.88142776489258,62.494285583496094,62.494285583496094,26784100,0.0,0.0
2015-01-26 00:00:00-05:00,62.57143020629883,63.8985710144043,61.9571418762207,63.79428482055664,63.79428482055664,21268800,0.0,0.0
2015-01-27 00:00:00-05:00,63.08714294433594,65.33999633789062,63.04999923706055,64.88143157958984,64.88143157958984,24612700,0.0,0.0
2015-01-28 00:00:00-05:00,64.7414321899414,64.82142639160156,63.08142852783203,63.20857238769531,63.20857238769531,24532900,0.0,0.0
2015-01-29 00:00:00-05:00,63.20428466796875,63.92714309692383,62.5,63.400001525878906,63.400001525878906,15127700,0.0,0.0
2015-01-30 00:00:00-05:00,63.13285827636719,63.98428726196289,62.65571212768555,63.11428451538086,63.11428451538086,13215300,0.0,0.0
2015-02-02 00:00:00-05:00,62.842857360839844,63.42856979370117,61.95571517944336,63.0099983215332,63.0099983215332,12990600,0.0,0.0
2015-02-03 00:00:00-05:00,63.31999969482422,65.4671401977539,62.72999954223633,65.27428436279297,65.27428436279297,16440200,0.0,0.0
2015-02-04 00:00:00-05:00,65.04142761230469,65.17428588867188,63.88999938964844,64.10143280029297,64.10143280029297,12450900,0.0,0.0
2015-02-05 00:00:00-05:00,64.54142761230469,65.1385726928711,63.665714263916016,64.12999725341797,64.12999725341797,14248500,0.0,0.0
2015-02-06 00:00:00-05:00,64.25,64.42857360839844,63.17571258544922,63.47999954223633,63.47999954223633,8898400,0.0,0.0
2015-02-09 00:00:00-05:00,63.198570251464844,63.78571319580078,62.637142181396484,63.29571533203125,63.29571533203125,8173200,0.0,0.0
2015-02-10 00:00:00-05:00,63.459999084472656,65.15714263916016,63.1014289855957,64.8499984741211,64.8499984741211,15418900,0.0,0.0
2015-02-11 00:00:00-05:00,64.83000183105469,66.14142608642578,64.55714416503906,64.98428344726562,64.98428344726562,13953100,0.0,0.0
2015-02-12 00:00:00-05:00,65.0585708618164,65.60713958740234,64.45143127441406,65.24714660644531,65.24714660644531,8464400,0.0,0.0
2015-02-13 00:00:00-05:00,65.42857360839844,66.62999725341797,65.42285919189453,66.5857162475586,66.5857162475586,12968900,0.0,0.0
2015-02-17 00:00:00-05:00,66.51571655273438,67.37142944335938,65.94428253173828,67.13714599609375,67.13714599609375,11170600,0.0,0.0
2015-02-18 00:00:00-05:00,67.02285766601562,68.06999969482422,66.64571380615234,67.86571502685547,67.86571502685547,10316600,0.0,0.0
2015-02-19 00:00:00-05:00,67.85713958740234,68.71428680419922,67.57428741455078,67.80000305175781,67.80000305175781,10432100,0.0,0.0
2015-02-20 00:00:00-05:00,67.94999694824219,68.37428283691406,67.63714599609375,68.31428527832031,68.31428527832031,9422000,0.0,0.0
2015-02-23 00:00:00-05:00,68.30000305175781,68.31428527832031,67.14286041259766,67.40571594238281,67.40571594238281,9031400,0.0,0.0
2015-02-24 00:00:00-05:00,67.37285614013672,68.08428955078125,67.355712890625,67.83999633789062,67.83999633789062,6075300,0.0,0.0
2015-02-25 00:00:00-05:00,67.80714416503906,68.7942886352539,67.80714416503906,68.33285522460938,68.33285522460938,6854400,0.0,0.0
2015-02-26 00:00:00-05:00,68.62571716308594,69.5,68.43000030517578,69.00428771972656,69.00428771972656,10852800,0.0,0.0
2015-02-27 00:00:00-05:00,69.08142852783203,69.42857360839844,67.81857299804688,67.84428405761719,67.84428405761719,11516400,0.0,0.0
2015-03-02 00:00:00-05:00,67.71428680419922,68.60713958740234,67.23428344726562,68.60713958740234,68.60713958740234,10187100,0.0,0.0
2015-03-03 00:00:00-05:00,68.34428405761719,68.45714569091797,67.50714111328125,67.81571197509766,67.81571197509766,7426300,0.0,0.0
2015-03-04 00:00:00-05:00,67.52999877929688,67.92571258544922,66.18285369873047,67.11000061035156,67.11000061035156,17453800,0.0,0.0
2015-03-05 00:00:00-05:00,67.42857360839844,67.46428680419922,66.41999816894531,66.80714416503906,66.80714416503906,11244800,0.0,0.0
2015-03-06 00:00:00-05:00,66.64286041259766,66.92571258544922,64.84428405761719,64.87428283691406,64.87428283691406,12888400,0.0,0.0
2015-03-09 00:00:00-04:00,64.98999786376953,65.09285736083984,62.82857131958008,63.66143035888672,63.66143035888672,18970700,0.0,0.0
2015-03-10 00:00:00-04:00,63.01571273803711,63.3514289855957,61.98285675048828,62.15142822265625,62.15142822265625,17947300,0.0,0.0
2015-03-11 00:00:00-04:00,62.2400016784668,63.939998626708984,62.2400016784668,62.88428497314453,62.88428497314453,16363200,0.0,0.0
2015-03-12 00:00:00-04:00,63.34714126586914,64.58285522460938,63.34000015258789,64.04571533203125,64.04571533203125,14654500,0.0,0.0
2015-03-13 00:00:00-04:00,63.907142639160156,64.05714416503906,62.36714172363281,62.628570556640625,62.628570556640625,10161200,0.0,0.0
2015-03-16 00:00:00-04:00,61.547142028808594,61.547142028808594,59.619998931884766,60.281429290771484,60.281429290771484,26796000,0.0,0.0
2015-03-17 00:00:00-04:00,59.71285629272461,60.69428634643555,59.38428497314453,59.788570404052734,59.788570404052734,18428200,0.0,0.0
2015-03-18 00:00:00-04:00,59.73857116699219,60.650001525878906,59.29999923706055,60.44571304321289,60.44571304321289,14634900,0.0,0.0
2015-03-19 00:00:00-04:00,60.459999084472656,61.211429595947266,60.255714416503906,60.744285583496094,60.744285583496094,11449900,0.0,0.0
2015-03-20 00:00:00-04:00,61.33714294433594,61.78571319580078,60.895713806152344,61.18571472167969,61.18571472167969,13641600,0.0,0.0
2015-03-23 00:00:00-04:00,60.88999938964844,61.15571212768555,60.33000183105469,60.71428680419922,60.71428680419922,7664300,0.0,0.0
2015-03-24 00:00:00-04:00,61.13571548461914,63.09857177734375,61.11857223510742,62.611427307128906,62.611427307128906,16888900,0.0,0.0
2015-03-25 00:00:00-04:00,62.68428421020508,62.691429138183594,60.244285583496094,60.25,60.25,21652400,0.0,0.0
2015-03-26 00:00:00-04:00,59.628570556640625,60.4471435546875,59.38999938964844,59.75143051147461,59.75143051147461,16039100,0.0,0.0
2015-03-27 00:00:00-04:00,59.33000183105469,59.84714126586914,58.57285690307617,59.25285720825195,59.25285720825195,15852200,0.0,0.0
2015-03-30 00:00:00-04:00,59.71571350097656,60.56428527832031,59.36428451538086,60.36714172363281,60.36714172363281,13272700,0.0,0.0
2015-03-31 00:00:00-04:00,60.11000061035156,60.41999816894531,59.45571517944336,59.52714157104492,59.52714157104492,14248500,0.0,0.0
2015-04-01 00:00:00-04:00,59.64285659790039,59.78571319580078,58.702857971191406,59.01714324951172,59.01714324951172,14639800,0.0,0.0
2015-04-02 00:00:00-04:00,59.07143020629883,59.60714340209961,58.861427307128906,59.1542854309082,59.1542854309082,9864400,0.0,0.0
2015-04-06 00:00:00-04:00,58.76856994628906,60.4471435546875,58.46428680419922,60.33000183105469,60.33000183105469,10730300,0.0,0.0
2015-04-07 00:00:00-04:00,60.49714279174805,60.84857177734375,60.0428581237793,60.494285583496094,60.494285583496094,9977100,0.0,0.0
2015-04-08 00:00:00-04:00,61.2014274597168,63.10714340209961,61.18428421020508,63.04999923706055,63.04999923706055,22327900,0.0,0.0
2015-04-09 00:00:00-04:00,63.0,63.13571548461914,62.11428451538086,62.78571319580078,62.78571319580078,13455400,0.0,0.0
2015-04-10 00:00:00-04:00,64.39714050292969,64.99571228027344,63.9471435546875,64.93856811523438,64.93856811523438,22367100,0.0,0.0
2015-04-13 00:00:00-04:00,67.23999786376953,69.28571319580078,67.05714416503906,67.81143188476562,67.81143188476562,44436700,0.0,0.0
2015-04-14 00:00:00-04:00,68.85713958740234,69.14286041259766,67.42143249511719,68.38714599609375,68.38714599609375,28641900,0.0,0.0
2015-04-15 00:00:00-04:00,68.70428466796875,68.70428466796875,67.36428833007812,67.92285919189453,67.92285919189453,42528500,0.0,0.0
2015-04-16 00:00:00-04:00,76.0,81.25,75.71428680419922,80.29285430908203,80.29285430908203,104500900,0.0,0.0
2015-04-17 00:00:00-04:00,79.77857208251953,82.14286041259766,79.71428680419922,81.6500015258789,81.6500015258789,58306500,0.0,0.0
2015-04-20 00:00:00-04:00,81.78571319580078,82.30428314208984,80.38143157958984,81.05571746826172,81.05571746826172,30766400,0.0,0.0
2015-04-21 00:00:00-04:00,81.23428344726562,81.48428344726562,79.80000305175781,80.06285858154297,80.06285858154297,15925700,0.0,0.0
2015-04-22 00:00:00-04:00,80.21142578125,80.71286010742188,79.5442886352539,79.66857147216797,79.66857147216797,12089700,0.0,0.0
2015-04-23 00:00:00-04:00,79.65571594238281,80.34285736083984,78.9557113647461,79.86571502685547,79.86571502685547,12687500,0.0,0.0
2015-04-24 00:00:00-04:00,80.17285919189453,80.8085708618164,79.50714111328125,79.77143096923828,79.77143096923828,11045300,0.0,0.0
2015-04-27 00:00:00-04:00,80.29285430908203,81.78571319580078,80.2300033569336,80.86856842041016,80.86856842041016,15246700,0.0,0.0
2015-04-28 00:00:00-04:00,80.58999633789062,81.27857208251953,79.94428253173828,80.43714141845703,80.43714141845703,8826300,0.0,0.0
2015-04-29 00:00:00-04:00,80.06999969482422,81.05571746826172,79.644287109375,80.40714263916016,80.40714263916016,9534700,0.0,0.0
2015-04-30 00:00:00-04:00,80.23714447021484,80.8357162475586,79.12428283691406,79.5,79.5,10565100,0.0,0.0
2015-05-01 00:00:00-04:00,79.855712890625,79.9671401977539,78.894287109375,79.57571411132812,79.57571411132812,8906100,0.0,0.0
2015-05-04 00:00:00-04:00,79.57142639160156,79.71428680419922,78.9000015258789,79.27143096923828,79.27143096923828,7967400,0.0,0.0
2015-05-05 00:00:00-04:00,81.23857116699219,82.44285583496094,80.75714111328125,80.79285430908203,80.79285430908203,27116600,0.0,0.0
2015-05-06 00:00:00-04:00,81.02857208251953,81.21428680419922,79.52143096923828,80.07714080810547,80.07714080810547,11504500,0.0,0.0
2015-05-07 00:00:00-04:00,80.11428833007812,80.7942886352539,79.45714569091797,80.74857330322266,80.74857330322266,10220700,0.0,0.0
2015-05-08 00:00:00-04:00,81.04142761230469,82.1528549194336,80.96428680419922,82.0857162475586,82.0857162475586,13828500,0.0,0.0
2015-05-11 00:00:00-04:00,82.32428741455078,84.85713958740234,82.18571472167969,84.27857208251953,84.27857208251953,23882600,0.0,0.0
2015-05-12 00:00:00-04:00,83.8085708618164,83.8085708618164,82.99285888671875,83.37714385986328,83.37714385986328,11907000,0.0,0.0
2015-05-13 00:00:00-04:00,83.40428924560547,84.1971435546875,82.6914291381836,82.87285614013672,82.87285614013672,11155900,0.0,0.0
2015-05-14 00:00:00-04:00,83.28571319580078,83.92428588867188,82.33000183105469,83.8357162475586,83.8357162475586,8898400,0.0,0.0
2015-05-15 00:00:00-04:00,86.36428833007812,88.34857177734375,85.7557144165039,87.60713958740234,87.60713958740234,37053100,0.0,0.0
2015-05-18 00:00:00-04:00,87.5442886352539,88.53428649902344,87.02428436279297,88.26714324951172,88.26714324951172,14812000,0.0,0.0
2015-05-19 00:00:00-04:00,88.8885726928711,89.78571319580078,87.80999755859375,88.06857299804688,88.06857299804688,19101600,0.0,0.0
2015-05-20 00:00:00-04:00,88.21428680419922,89.10857391357422,87.36285400390625,88.79000091552734,88.79000091552734,12756800,0.0,0.0
2015-05-21 00:00:00-04:00,89.08142852783203,89.57142639160156,88.18142700195312,89.00285339355469,89.00285339355469,12767300,0.0,0.0
2015-05-22 00:00:00-04:00,89.17857360839844,89.40714263916016,88.69285583496094,88.83856964111328,88.83856964111328,7466200,0.0,0.0
2015-05-26 00:00:00-04:00,88.87428283691406,89.06143188476562,87.78571319580078,87.99285888671875,87.99285888671875,9646000,0.0,0.0
2015-05-27 00:00:00-04:00,88.14286041259766,89.90714263916016,87.92857360839844,89.85713958740234,89.85713958740234,10506300,0.0,0.0
2015-05-28 00:00:00-04:00,89.71428680419922,89.855712890625,88.93000030517578,89.50714111328125,89.50714111328125,7821800,0.0,0.0
2015-05-29 00:00:00-04:00,89.47285461425781,90.2057113647461,88.9557113647461,89.15142822265625,89.15142822265625,12712000,0.0,0.0
2015-06-01 00:00:00-04:00,88.83714294433594,89.12142944335938,87.94428253173828,89.00285339355469,89.00285339355469,9926000,0.0,0.0
2015-06-02 00:00:00-04:00,88.71142578125,89.67857360839844,88.40571594238281,89.12999725341797,89.12999725341797,7529200,0.0,0.0
2015-06-03 00:00:00-04:00,89.24285888671875,89.73285675048828,88.644287109375,88.8085708618164,88.8085708618164,6237700,0.0,0.0
2015-06-04 00:00:00-04:00,88.37857055664062,89.42857360839844,88.04285430908203,89.34857177734375,89.34857177734375,10074400,0.0,0.0
2015-06-05 00:00:00-04:00,89.21428680419922,90.54000091552734,89.12571716308594,90.45999908447266,90.45999908447266,11624200,0.0,0.0
2015-06-08 00:00:00-04:00,90.71428680419922,90.81571197509766,88.99571228027344,89.60428619384766,89.60428619384766,11148900,0.0,0.0
2015-06-09 00:00:00-04:00,89.33428955078125,92.71428680419922,89.33428955078125,92.44999694824219,92.44999694824219,22024800,0.0,0.0
2015-06-10 00:00:00-04:00,93.39571380615234,98.97000122070312,93.22571563720703,95.87142944335938,95.87142944335938,57121400,0.0,0.0
2015-06-11 00:00:00-04:00,96.88999938964844,96.91857147216797,94.08714294433594,95.09428405761719,95.09428405761719,26623100,0.0,0.0
2015-06-12 00:00:00-04:00,94.91571044921875,95.34285736083984,94.12428283691406,94.41857147216797,94.41857147216797,10278800,0.0,0.0
2015-06-15 00:00:00-04:00,92.85713958740234,93.5914306640625,91.6585693359375,93.43142700195312,93.43142700195312,19054000,0.0,0.0
2015-06-16 00:00:00-04:00,94.24285888671875,95.60713958740234,93.6914291381836,95.27285766601562,95.27285766601562,16043300,0.0,0.0
2015-06-17 00:00:00-04:00,95.13285827636719,95.13285827636719,93.95714569091797,94.27143096923828,94.27143096923828,9905000,0.0,0.0
2015-06-18 00:00:00-04:00,94.65142822265625,95.3414306640625,94.36856842041016,94.74285888671875,94.74285888671875,8962800,0.0,0.0
2015-06-19 00:00:00-04:00,96.24285888671875,96.41857147216797,93.82142639160156,93.87142944335938,93.87142944335938,19814900,0.0,0.0
2015-06-22 00:00:00-04:00,95.04285430908203,96.69285583496094,94.18856811523438,96.4142837524414,96.4142837524414,16732800,0.0,0.0
2015-06-23 00:00:00-04:00,96.3357162475586,97.38999938964844,95.75,97.31285858154297,97.31285858154297,15626100,0.0,0.0
2015-06-24 00:00:00-04:00,100.0142822265625,100.89142608642578,96.39714050292969,96.94428253173828,96.94428253173828,77138600,0.0,0.0
2015-06-25 00:00:00-04:00,95.48143005371094,96.0,93.45857238769531,94.89142608642578,94.89142608642578,41623400,0.0,0.0
2015-06-26 00:00:00-04:00,95.30000305175781,95.31428527832031,93.08856964111328,93.08856964111328,93.08856964111328,30314900,0.0,0.0
2015-06-29 00:00:00-04:00,91.5057144165039,92.91285705566406,91.11714172363281,92.23143005371094,92.23143005371094,24575600,0.0,0.0
2015-06-30 00:00:00-04:00,93.35713958740234,94.355712890625,92.78571319580078,93.84857177734375,93.84857177734375,16880500,0.0,0.0
2015-07-01 00:00:00-04:00,94.80571746826172,95.23857116699219,93.21857452392578,93.63571166992188,93.63571166992188,14699300,0.0,0.0
2015-07-02 00:00:00-04:00,93.99857330322266,94.19857025146484,93.21428680419922,94.0442886352539,94.0442886352539,11053000,0.0,0.0
2015-07-06 00:00:00-04:00,93.47285461425781,94.92857360839844,93.33999633789062,94.57142639160156,94.57142639160156,11808300,0.0,0.0
2015-07-07 00:00:00-04:00,95.01285552978516,95.42713928222656,92.62285614013672,94.0914306640625,94.0914306640625,21573300,0.0,0.0
2015-07-08 00:00:00-04:00,93.47142791748047,93.99571228027344,92.28428649902344,93.50714111328125,93.50714111328125,12990600,0.0,0.0
2015-07-09 00:00:00-04:00,94.9000015258789,95.84571075439453,94.28571319580078,95.72714233398438,95.72714233398438,16731400,0.0,0.0
2015-07-10 00:00:00-04:00,97.52285766601562,98.50285339355469,96.9000015258789,97.22856903076172,97.22856903076172,21636300,0.0,0.0
2015-07-13 00:00:00-04:00,98.09857177734375,102.3085708618164,98.07856750488281,101.08714294433594,101.08714294433594,33205200,0.0,0.0
2015-07-14 00:00:00-04:00,101.27143096923828,101.63571166992188,99.6528549194336,100.37142944335938,100.37142944335938,19736500,0.0,0.0
2015-07-15 00:00:00-04:00,99.97000122070312,100.75,97.05000305175781,98.12999725341797,98.12999725341797,30898600,0.0,7.0
2015-07-16 00:00:00-04:00,111.0199966430664,116.48999786376953,107.68000030517578,115.80999755859375,115.80999755859375,63461000,0.0,0.0
2015-07-17 00:00:00-04:00,117.33999633789062,117.87999725341797,114.23999786376953,114.7699966430664,114.7699966430664,25136900,0.0,0.0
2015-07-20 00:00:00-04:00,114.69999694824219,114.69999694824219,110.13999938964844,110.55000305175781,110.55000305175781,22676900,0.0,0.0
2015-07-21 00:00:00-04:00,110.20999908447266,113.70999908447266,109.31999969482422,112.51000213623047,112.51000213623047,14085400,0.0,0.0
2015-07-22 00:00:00-04:00,112.13999938964844,113.87999725341797,110.55999755859375,111.5,111.5,10500500,0.0,0.0
2015-07-23 00:00:00-04:00,110.91000366210938,112.18000030517578,109.83999633789062,110.0999984741211,110.0999984741211,8306800,0.0,0.0
2015-07-24 00:00:00-04:00,111.55000305175781,111.68000030517578,108.9000015258789,109.33999633789062,109.33999633789062,8125100,0.0,0.0
2015-07-27 00:00:00-04:00,107.79000091552734,109.86000061035156,106.25,106.43000030517578,106.43000030517578,11302600,0.0,0.0
2015-07-28 00:00:00-04:00,107.29000091552734,107.94000244140625,103.87999725341797,106.9000015258789,106.9000015258789,11155900,0.0,0.0
2015-07-29 00:00:00-04:00,106.83000183105469,107.75,105.4000015258789,107.08000183105469,107.08000183105469,6695600,0.0,0.0
2015-07-30 00:00:00-04:00,106.4000015258789,111.9000015258789,105.4000015258789,111.55999755859375,111.55999755859375,14229200,0.0,0.0
2015-07-31 00:00:00-04:00,111.94999694824219,115.0,111.1500015258789,114.30999755859375,114.30999755859375,16349100,0.0,0.0
2015-08-03 00:00:00-04:00,114.5999984741211,114.5999984741211,111.77999877929688,112.55999755859375,112.55999755859375,10144800,0.0,0.0
2015-08-04 00:00:00-04:00,113.1500015258789,122.79000091552734,113.0,121.1500015258789,121.1500015258789,29653300,0.0,0.0
2015-08-05 00:00:00-04:00,125.62000274658203,129.2899932861328,122.70999908447266,123.70999908447266,123.70999908447266,26946500,0.0,0.0
2015-08-06 00:00:00-04:00,126.29000091552734,128.85000610351562,122.04000091552734,126.44999694824219,126.44999694824219,24716700,0.0,0.0
2015-08-07 00:00:00-04:00,126.41999816894531,126.5999984741211,121.30000305175781,123.5199966430664,123.5199966430664,17360700,0.0,0.0
2015-08-10 00:00:00-04:00,126.08999633789062,126.5,121.51000213623047,123.02999877929688,123.02999877929688,13424600,0.0,0.0
2015-08-11 00:00:00-04:00,120.01000213623047,123.76000213623047,120.0,122.73999786376953,122.73999786376953,11596800,0.0,0.0
2015-08-12 00:00:00-04:00,121.47000122070312,122.44999694824219,118.66000366210938,120.51000213623047,120.51000213623047,13822500,0.0,0.0
2015-08-13 00:00:00-04:00,120.98999786376953,125.7300033569336,119.33999633789062,123.7300033569336,123.7300033569336,15284400,0.0,0.0
2015-08-14 00:00:00-04:00,124.95999908447266,125.0,123.0,123.38999938964844,123.38999938964844,8667700,0.0,0.0
2015-08-17 00:00:00-04:00,123.13999938964844,125.69999694824219,122.58999633789062,125.36000061035156,125.36000061035156,9233800,0.0,0.0
2015-08-18 00:00:00-04:00,125.26000213623047,126.75,123.55000305175781,124.05000305175781,124.05000305175781,9382000,0.0,0.0
2015-08-19 00:00:00-04:00,123.5,123.69999694824219,121.5,122.05999755859375,122.05999755859375,10115300,0.0,0.0
2015-08-20 00:00:00-04:00,119.80000305175781,121.44999694824219,111.33999633789062,112.48999786376953,112.48999786376953,28045300,0.0,0.0
2015-08-21 00:00:00-04:00,106.19999694824219,110.0,102.75,103.95999908447266,103.95999908447266,33228300,0.0,0.0
2015-08-24 00:00:00-04:00,88.75,109.62999725341797,85.5,96.87999725341797,96.87999725341797,59951900,0.0,0.0
2015-08-25 00:00:00-04:00,107.75,107.87999725341797,101.5,101.5199966430664,101.5199966430664,37620700,0.0,0.0
2015-08-26 00:00:00-04:00,107.1500015258789,110.27999877929688,102.0199966430664,110.12999725341797,110.12999725341797,36164600,0.0,0.0
2015-08-27 00:00:00-04:00,114.94000244140625,118.25,113.0199966430664,117.66000366210938,117.66000366210938,37056100,0.0,0.0
2015-08-28 00:00:00-04:00,116.3499984741211,119.3499984741211,115.87999725341797,117.62999725341797,117.62999725341797,20240200,0.0,0.0
2015-08-31 00:00:00-04:00,115.23999786376953,117.0,113.76000213623047,115.02999877929688,115.02999877929688,17005600,0.0,0.0
2015-09-01 00:00:00-04:00,109.3499984741211,111.23999786376953,103.81999969482422,105.79000091552734,105.79000091552734,35977100,0.0,0.0
2015-09-02 00:00:00-04:00,109.30999755859375,109.5,100.30000305175781,105.44000244140625,105.44000244140625,39843300,0.0,0.0
2015-09-03 00:00:00-04:00,102.69000244140625,104.16999816894531,100.11000061035156,101.05999755859375,101.05999755859375,29546700,0.0,0.0
2015-09-04 00:00:00-04:00,98.05000305175781,99.93000030517578,97.33999633789062,98.79000091552734,98.79000091552734,24212000,0.0,0.0
2015-09-08 00:00:00-04:00,102.08000183105469,102.5,93.55000305175781,94.94999694824219,94.94999694824219,43479700,0.0,0.0
2015-09-09 00:00:00-04:00,96.51000213623047,102.79000091552734,95.5199966430664,99.18000030517578,99.18000030517578,35524400,0.0,0.0
2015-09-10 00:00:00-04:00,99.41999816894531,100.8499984741211,96.77999877929688,99.4800033569336,99.4800033569336,21031900,0.0,0.0
2015-09-11 00:00:00-04:00,98.56999969482422,100.8499984741211,97.2300033569336,97.51000213623047,97.51000213623047,17373900,0.0,0.0
2015-09-14 00:00:00-04:00,96.83999633789062,97.91000366210938,94.33000183105469,95.69000244140625,95.69000244140625,15546000,0.0,0.0
2015-09-15 00:00:00-04:00,95.22000122070312,99.6500015258789,93.61000061035156,99.16000366210938,99.16000366210938,22591100,0.0,0.0
2015-09-16 00:00:00-04:00,99.69999694824219,104.4800033569336,99.33000183105469,104.08000183105469,104.08000183105469,28058200,0.0,0.0
2015-09-17 00:00:00-04:00,103.66999816894531,107.5,101.83000183105469,104.20999908447266,104.20999908447266,25817700,0.0,0.0
2015-09-18 00:00:00-04:00,102.0,104.36000061035156,100.70999908447266,102.62000274658203,102.62000274658203,21715000,0.0,0.0
2015-09-21 00:00:00-04:00,103.30000305175781,103.7699966430664,99.55999755859375,100.30000305175781,100.30000305175781,17900600,0.0,0.0
2015-09-22 00:00:00-04:00,98.29000091552734,99.9000015258789,97.0,98.47000122070312,98.47000122070312,16717900,0.0,0.0
2015-09-23 00:00:00-04:00,98.5999984741211,99.73999786376953,97.66000366210938,98.06999969482422,98.06999969482422,10264500,0.0,0.0
2015-09-24 00:00:00-04:00,97.11000061035156,104.0,96.77999877929688,103.76000213623047,103.76000213623047,21274500,0.0,0.0
2015-09-25 00:00:00-04:00,105.30000305175781,105.44999694824219,101.56999969482422,102.23999786376953,102.23999786376953,19066600,0.0,0.0
2015-09-28 00:00:00-04:00,101.56999969482422,103.33000183105469,97.83999633789062,99.47000122070312,99.47000122070312,17026600,0.0,0.0
2015-09-29 00:00:00-04:00,99.62999725341797,100.62999725341797,96.8499984741211,98.3499984741211,98.3499984741211,17405900,0.0,0.0
2015-09-30 00:00:00-04:00,99.91000366210938,103.45999908447266,99.05000305175781,103.26000213623047,103.26000213623047,17027600,0.0,0.0
2015-10-01 00:00:00-04:00,102.91000366210938,106.11000061035156,101.12000274658203,105.9800033569336,105.9800033569336,17426900,0.0,0.0
2015-10-02 00:00:00-04:00,103.01000213623047,106.87000274658203,101.44999694824219,106.11000061035156,106.11000061035156,21526700,0.0,0.0
2015-10-05 00:00:00-04:00,107.4800033569336,112.27999877929688,105.76000213623047,111.25,111.25,21157900,0.0,0.0
2015-10-06 00:00:00-04:00,110.33000183105469,112.25,105.63999938964844,108.33000183105469,108.33000183105469,20629800,0.0,0.0
2015-10-07 00:00:00-04:00,108.83999633789062,109.77999877929688,106.75,108.0999984741211,108.0999984741211,12329500,0.0,0.0
2015-10-08 00:00:00-04:00,107.94000244140625,115.05000305175781,102.5999984741211,114.93000030517578,114.93000030517578,42831900,0.0,0.0
2015-10-09 00:00:00-04:00,114.11000061035156,115.83000183105469,112.44000244140625,113.33000183105469,113.33000183105469,22455200,0.0,0.0
2015-10-12 00:00:00-04:00,114.44999694824219,115.41999816894531,112.36000061035156,113.44999694824219,113.44999694824219,12624500,0.0,0.0
2015-10-13 00:00:00-04:00,112.8499984741211,113.72000122070312,108.77999877929688,109.7300033569336,109.7300033569336,17512100,0.0,0.0
2015-10-14 00:00:00-04:00,111.5,111.62999725341797,108.05000305175781,110.2300033569336,110.2300033569336,33231500,0.0,0.0
2015-10-15 00:00:00-04:00,103.7699966430664,104.87999725341797,99.0999984741211,101.08999633789062,101.08999633789062,48484300,0.0,0.0
2015-10-16 00:00:00-04:00,100.20999908447266,101.6500015258789,98.41000366210938,98.98999786376953,98.98999786376953,21340500,0.0,0.0
2015-10-19 00:00:00-04:00,98.06999969482422,103.62000274658203,96.26000213623047,101.69000244140625,101.69000244140625,29964700,0.0,0.0
2015-10-20 00:00:00-04:00,101.05999755859375,102.11000061035156,97.58000183105469,98.98999786376953,98.98999786376953,17345600,0.0,0.0
2015-10-21 00:00:00-04:00,99.66999816894531,100.33999633789062,97.01000213623047,97.95999908447266,97.95999908447266,13728500,0.0,0.0
2015-10-22 00:00:00-04:00,98.06999969482422,99.93000030517578,96.86000061035156,97.31999969482422,97.31999969482422,12786800,0.0,0.0
2015-10-23 00:00:00-04:00,97.61000061035156,101.55999755859375,97.2699966430664,100.04000091552734,100.04000091552734,18019900,0.0,0.0
2015-10-26 00:00:00-04:00,100.05000305175781,103.30999755859375,99.37999725341797,103.04000091552734,103.04000091552734,12234800,0.0,0.0
2015-10-27 00:00:00-04:00,102.58000183105469,104.72000122070312,101.2300033569336,103.06999969482422,103.06999969482422,12066400,0.0,0.0
2015-10-28 00:00:00-04:00,102.9000015258789,106.20999908447266,102.05999755859375,105.80000305175781,105.80000305175781,13094000,0.0,0.0
2015-10-29 00:00:00-04:00,105.0,106.91000366210938,104.75,105.12000274658203,105.12000274658203,9841400,0.0,0.0
2015-10-30 00:00:00-04:00,105.12000274658203,110.0999984741211,104.9000015258789,108.37999725341797,108.37999725341797,15571500,0.0,0.0
2015-11-02 00:00:00-05:00,109.19999694824219,109.37000274658203,106.30000305175781,107.63999938964844,107.63999938964844,11784600,0.0,0.0
2015-11-03 00:00:00-05:00,107.36000061035156,111.05000305175781,107.23999786376953,109.73999786376953,109.73999786376953,12484100,0.0,0.0
2015-11-04 00:00:00-05:00,110.36000061035156,114.27999877929688,109.38999938964844,114.05000305175781,114.05000305175781,17505000,0.0,0.0
2015-11-05 00:00:00-05:00,113.75,115.68000030517578,111.72000122070312,113.5,113.5,13814900,0.0,0.0
2015-11-06 00:00:00-05:00,113.38999938964844,114.80000305175781,112.05000305175781,114.05999755859375,114.05999755859375,10936600,0.0,0.0
2015-11-09 00:00:00-05:00,113.36000061035156,114.0,108.63999938964844,109.86000061035156,109.86000061035156,16154600,0.0,0.0
2015-11-10 00:00:00-05:00,108.86000061035156,112.83999633789062,108.01000213623047,112.69999694824219,112.69999694824219,11166400,0.0,0.0
2015-11-11 00:00:00-05:00,113.08000183105469,114.61000061035156,111.41000366210938,112.86000061035156,112.86000061035156,11039200,0.0,0.0
2015-11-12 00:00:00-05:00,112.5199966430664,115.25,108.19999694824219,108.91999816894531,108.91999816894531,17568200,0.0,0.0
2015-11-13 00:00:00-05:00,108.33999633789062,109.06999969482422,103.2699966430664,103.6500015258789,103.6500015258789,18819400,0.0,0.0
2015-11-16 00:00:00-05:00,102.97000122070312,111.6500015258789,101.86000061035156,111.3499984741211,111.3499984741211,19866200,0.0,0.0
2015-11-17 00:00:00-05:00,112.11000061035156,118.79000091552734,111.69999694824219,117.0999984741211,117.0999984741211,33016300,0.0,0.0
2015-11-18 00:00:00-05:00,117.94000244140625,121.0,116.0999984741211,120.62999725341797,120.62999725341797,23353600,0.0,0.0
2015-11-19 00:00:00-05:00,120.25,123.12999725341797,119.61000061035156,120.22000122070312,120.22000122070312,19253200,0.0,0.0
2015-11-20 00:00:00-05:00,120.8499984741211,124.06999969482422,119.20999908447266,123.83999633789062,123.83999633789062,17977000,0.0,0.0
2015-11-23 00:00:00-05:00,124.30000305175781,126.19999694824219,121.66000366210938,125.02999877929688,125.02999877929688,15727000,0.0,0.0
2015-11-24 00:00:00-05:00,123.66999816894531,124.66000366210938,120.02999877929688,123.30999755859375,123.30999755859375,18335300,0.0,0.0
2015-11-25 00:00:00-05:00,124.2300033569336,125.19999694824219,122.36000061035156,124.16000366210938,124.16000366210938,10980700,0.0,0.0
2015-11-27 00:00:00-05:00,123.8499984741211,126.38999938964844,123.58999633789062,125.44000244140625,125.44000244140625,6645500,0.0,0.0
2015-11-30 00:00:00-05:00,126.02999877929688,126.5999984741211,122.88999938964844,123.33000183105469,123.33000183105469,13894000,0.0,0.0
2015-12-01 00:00:00-05:00,124.47000122070312,125.56999969482422,122.41999816894531,125.37000274658203,125.37000274658203,12550800,0.0,0.0
2015-12-02 00:00:00-05:00,125.52999877929688,131.35000610351562,124.93000030517578,128.92999267578125,128.92999267578125,24105700,0.0,0.0
2015-12-03 00:00:00-05:00,129.6199951171875,132.1999969482422,126.38999938964844,126.80999755859375,126.80999755859375,26647300,0.0,0.0
2015-12-04 00:00:00-05:00,127.0,130.99000549316406,125.75,130.92999267578125,130.92999267578125,20250400,0.0,0.0
2015-12-07 00:00:00-05:00,131.19000244140625,133.27000427246094,122.75,125.36000061035156,125.36000061035156,23351600,0.0,0.0
2015-12-08 00:00:00-05:00,121.51000213623047,128.24000549316406,121.0999984741211,126.9800033569336,126.9800033569336,18591100,0.0,0.0
2015-12-09 00:00:00-05:00,127.69999694824219,128.77999877929688,122.33000183105469,124.19999694824219,124.19999694824219,17788800,0.0,0.0
2015-12-10 00:00:00-05:00,124.5,125.20999908447266,121.62000274658203,122.91000366210938,122.91000366210938,13474100,0.0,0.0
2015-12-11 00:00:00-05:00,121.44999694824219,123.0,118.5999984741211,118.91000366210938,118.91000366210938,16105300,0.0,0.0
2015-12-14 00:00:00-05:00,119.7699966430664,120.9000015258789,114.66000366210938,120.66999816894531,120.66999816894531,18679300,0.0,0.0
2015-12-15 00:00:00-05:00,121.93000030517578,123.30000305175781,118.54000091552734,118.5999984741211,118.5999984741211,11760000,0.0,0.0
2015-12-16 00:00:00-05:00,119.80000305175781,123.0,118.08999633789062,122.63999938964844,122.63999938964844,13181000,0.0,0.0
2015-12-17 00:00:00-05:00,123.97000122070312,126.3499984741211,122.41999816894531,122.51000213623047,122.51000213623047,17284900,0.0,0.0
2015-12-18 00:00:00-05:00,120.8499984741211,122.19000244140625,117.91999816894531,118.0199966430664,118.0199966430664,17948100,0.0,0.0
2015-12-21 00:00:00-05:00,119.51000213623047,119.58999633789062,115.66000366210938,116.62999725341797,116.62999725341797,11670000,0.0,0.0
2015-12-22 00:00:00-05:00,117.30000305175781,117.43000030517578,114.86000061035156,116.23999786376953,116.23999786376953,9689000,0.0,0.0
2015-12-23 00:00:00-05:00,116.91000366210938,118.55999755859375,115.77999877929688,118.16000366210938,118.16000366210938,9324300,0.0,0.0
2015-12-24 00:00:00-05:00,118.22000122070312,118.80000305175781,117.30000305175781,117.33000183105469,117.33000183105469,3531300,0.0,0.0
2015-12-28 00:00:00-05:00,117.26000213623047,117.3499984741211,113.8499984741211,117.11000061035156,117.11000061035156,8424300,0.0,0.0
2015-12-29 00:00:00-05:00,118.19000244140625,119.5999984741211,116.91999816894531,119.12000274658203,119.12000274658203,8159200,0.0,0.0
2015-12-30 00:00:00-05:00,118.94999694824219,119.0199966430664,116.43000030517578,116.70999908447266,116.70999908447266,8149700,0.0,0.0
2015-12-31 00:00:00-05:00,116.20999908447266,117.45999908447266,114.27999877929688,114.37999725341797,114.37999725341797,9273000,0.0,0.0
2016-01-04 00:00:00-05:00,109.0,110.0,105.20999908447266,109.95999908447266,109.95999908447266,20794800,0.0,0.0
2016-01-05 00:00:00-05:00,110.44999694824219,110.58000183105469,105.8499984741211,107.66000366210938,107.66000366210938,17664600,0.0,0.0
2016-01-06 00:00:00-05:00,105.29000091552734,117.91000366210938,104.95999908447266,117.68000030517578,117.68000030517578,33045700,0.0,0.0
2016-01-07 00:00:00-05:00,116.36000061035156,122.18000030517578,112.29000091552734,114.55999755859375,114.55999755859375,33636700,0.0,0.0
2016-01-08 00:00:00-05:00,116.33000183105469,117.72000122070312,111.0999984741211,111.38999938964844,111.38999938964844,18067100,0.0,0.0
2016-01-11 00:00:00-05:00,112.12999725341797,116.79000091552734,111.19999694824219,114.97000122070312,114.97000122070312,21920400,0.0,0.0
2016-01-12 00:00:00-05:00,116.11000061035156,117.77999877929688,115.08000183105469,116.58000183105469,116.58000183105469,15133500,0.0,0.0
2016-01-13 00:00:00-05:00,114.43000030517578,114.4800033569336,104.52999877929688,106.55999755859375,106.55999755859375,24921600,0.0,0.0
2016-01-14 00:00:00-05:00,105.6500015258789,109.25,101.20999908447266,107.05999755859375,107.05999755859375,23664800,0.0,0.0
2016-01-15 00:00:00-05:00,102.43000030517578,105.5,101.72000122070312,104.04000091552734,104.04000091552734,19775100,0.0,0.0
2016-01-19 00:00:00-05:00,106.56999969482422,110.13999938964844,105.55000305175781,107.88999938964844,107.88999938964844,35722800,0.0,0.0
2016-01-20 00:00:00-05:00,108.91000366210938,109.98999786376953,97.05000305175781,107.73999786376953,107.73999786376953,53009400,0.0,0.0
2016-01-21 00:00:00-05:00,108.31999969482422,108.51000213623047,102.0999984741211,102.3499984741211,102.3499984741211,31027500,0.0,0.0
2016-01-22 00:00:00-05:00,104.72000122070312,104.98999786376953,99.22000122070312,100.72000122070312,100.72000122070312,26821800,0.0,0.0
2016-01-25 00:00:00-05:00,99.77999877929688,102.68000030517578,99.0,99.12000274658203,99.12000274658203,20321100,0.0,0.0
2016-01-26 00:00:00-05:00,99.73999786376953,100.55000305175781,94.8499984741211,97.83000183105469,97.83000183105469,22083900,0.0,0.0
2016-01-27 00:00:00-05:00,96.61000061035156,97.8499984741211,90.58999633789062,91.1500015258789,91.1500015258789,25556200,0.0,0.0
2016-01-28 00:00:00-05:00,93.83999633789062,95.25,90.11000061035156,94.41000366210938,94.41000366210938,24562300,0.0,0.0
2016-01-29 00:00:00-05:00,92.0,94.38999938964844,90.62999725341797,91.83999633789062,91.83999633789062,20463900,0.0,0.0
2016-02-01 00:00:00-05:00,91.79000091552734,97.18000030517578,91.30000305175781,94.08999633789062,94.08999633789062,19684500,0.0,0.0
2016-02-02 00:00:00-05:00,95.54000091552734,96.6500015258789,90.7300033569336,91.48999786376953,91.48999786376953,21906500,0.0,0.0
2016-02-03 00:00:00-05:00,92.41000366210938,92.69000244140625,86.13999938964844,90.73999786376953,90.73999786376953,27466000,0.0,0.0
2016-02-04 00:00:00-05:00,89.5,91.25,86.54000091552734,89.70999908447266,89.70999908447266,19108600,0.0,0.0
2016-02-05 00:00:00-05:00,88.2300033569336,88.94999694824219,81.86000061035156,82.79000091552734,82.79000091552734,25929300,0.0,0.0
2016-02-08 00:00:00-05:00,80.56999969482422,84.69999694824219,79.94999694824219,83.31999969482422,83.31999969482422,25035600,0.0,0.0
2016-02-09 00:00:00-05:00,81.75,88.4000015258789,81.55000305175781,86.12999725341797,86.12999725341797,25892900,0.0,0.0
2016-02-10 00:00:00-05:00,89.0,92.20999908447266,87.41999816894531,88.44999694824219,88.44999694824219,23146500,0.0,0.0
2016-02-11 00:00:00-05:00,87.41999816894531,88.38999938964844,82.91000366210938,86.3499984741211,86.3499984741211,21820300,0.0,0.0
2016-02-12 00:00:00-05:00,86.63999938964844,89.72000122070312,85.26000213623047,87.4000015258789,87.4000015258789,19067700,0.0,0.0
2016-02-16 00:00:00-05:00,89.0,90.13999938964844,87.54000091552734,89.05000305175781,89.05000305175781,16356600,0.0,0.0
2016-02-17 00:00:00-05:00,90.12999725341797,94.7699966430664,89.63999938964844,94.76000213623047,94.76000213623047,18323800,0.0,0.0
2016-02-18 00:00:00-05:00,94.80000305175781,94.9000015258789,90.30999755859375,90.48999786376953,90.48999786376953,17695300,0.0,0.0
2016-02-19 00:00:00-05:00,89.9800033569336,91.4000015258789,88.02999877929688,89.2300033569336,89.2300033569336,14259200,0.0,0.0
2016-02-22 00:00:00-05:00,90.75,93.11000061035156,88.30000305175781,91.93000030517578,91.93000030517578,16321800,0.0,0.0
2016-02-23 00:00:00-05:00,91.4000015258789,92.48999786376953,89.05000305175781,89.12000274658203,89.12000274658203,12744400,0.0,0.0
2016-02-24 00:00:00-05:00,88.5,91.76000213623047,86.69999694824219,91.61000061035156,91.61000061035156,15972800,0.0,0.0
2016-02-25 00:00:00-05:00,91.08000183105469,94.80999755859375,90.20999908447266,94.52999877929688,94.52999877929688,17898800,0.0,0.0
2016-02-26 00:00:00-05:00,95.30000305175781,97.4800033569336,94.25,94.79000091552734,94.79000091552734,16975200,0.0,0.0
2016-02-29 00:00:00-05:00,94.80999755859375,97.19999694824219,93.33999633789062,93.41000366210938,93.41000366210938,13663100,0.0,0.0
2016-03-01 00:00:00-05:00,94.58000183105469,99.16000366210938,93.61000061035156,98.30000305175781,98.30000305175781,17048800,0.0,0.0
2016-03-02 00:00:00-05:00,98.01000213623047,99.4800033569336,95.9000015258789,97.61000061035156,97.61000061035156,19102800,0.0,0.0
2016-03-03 00:00:00-05:00,97.83000183105469,98.3499984741211,95.38999938964844,97.93000030517578,97.93000030517578,15320900,0.0,0.0
2016-03-04 00:00:00-05:00,98.76000213623047,102.22000122070312,98.31999969482422,101.58000183105469,101.58000183105469,23414600,0.0,0.0
2016-03-07 00:00:00-05:00,101.0,101.79000091552734,95.25,95.48999786376953,95.48999786376953,23855200,0.0,0.0
2016-03-08 00:00:00-05:00,95.0,98.27999877929688,94.5,96.2300033569336,96.2300033569336,14797000,0.0,0.0
2016-03-09 00:00:00-05:00,96.81999969482422,98.37000274658203,95.0,98.0,98.0,12298700,0.0,0.0
2016-03-10 00:00:00-05:00,98.18000030517578,99.73999786376953,95.44999694824219,97.36000061035156,97.36000061035156,17002100,0.0,0.0
2016-03-11 00:00:00-05:00,99.51000213623047,99.5999984741211,96.05000305175781,97.66000366210938,97.66000366210938,15114300,0.0,0.0
2016-03-14 00:00:00-04:00,97.19999694824219,99.41999816894531,97.16999816894531,98.12999725341797,98.12999725341797,11251900,0.0,0.0
2016-03-15 00:00:00-04:00,97.87000274658203,98.51000213623047,96.43000030517578,97.86000061035156,97.86000061035156,9691800,0.0,0.0
2016-03-16 00:00:00-04:00,97.52999877929688,99.7300033569336,97.5,99.3499984741211,99.3499984741211,12630500,0.0,0.0
2016-03-17 00:00:00-04:00,99.05000305175781,101.38999938964844,99.0,99.72000122070312,99.72000122070312,13825000,0.0,0.0
2016-03-18 00:00:00-04:00,100.5,102.41000366210938,100.01000213623047,101.12000274658203,101.12000274658203,15453500,0.0,0.0
2016-03-21 00:00:00-04:00,101.1500015258789,102.0999984741211,99.5,101.05999755859375,101.05999755859375,9578500,0.0,0.0
2016-03-22 00:00:00-04:00,100.4800033569336,101.5199966430664,99.19999694824219,99.83999633789062,99.83999633789062,9069900,0.0,0.0
2016-03-23 00:00:00-04:00,99.75,100.38999938964844,98.80999755859375,99.58999633789062,99.58999633789062,8313500,0.0,0.0
2016-03-24 00:00:00-04:00,98.63999938964844,98.8499984741211,97.06999969482422,98.36000061035156,98.36000061035156,10671100,0.0,0.0
2016-03-28 00:00:00-04:00,98.33999633789062,101.44000244140625,97.81999969482422,101.20999908447266,101.20999908447266,12432200,0.0,0.0
2016-03-29 00:00:00-04:00,101.08000183105469,104.33000183105469,101.0,104.12999725341797,104.12999725341797,16008900,0.0,0.0
2016-03-30 00:00:00-04:00,104.6500015258789,104.91000366210938,101.4800033569336,102.19000244140625,102.19000244140625,14705000,0.0,0.0
2016-03-31 00:00:00-04:00,102.43000030517578,103.52999877929688,101.05000305175781,102.2300033569336,102.2300033569336,9747500,0.0,0.0
2016-04-01 00:00:00-04:00,102.93000030517578,105.79000091552734,102.47000122070312,105.69999694824219,105.69999694824219,14182400,0.0,0.0
2016-04-04 00:00:00-04:00,105.9000015258789,105.91999816894531,103.19999694824219,104.3499984741211,104.3499984741211,10940400,0.0,0.0
2016-04-05 00:00:00-04:00,103.47000122070312,105.75,103.25,104.94000244140625,104.94000244140625,10060900,0.0,0.0
2016-04-06 00:00:00-04:00,105.30000305175781,106.44000244140625,104.25,104.83000183105469,104.83000183105469,9605800,0.0,0.0
2016-04-07 00:00:00-04:00,104.30999755859375,106.44000244140625,103.5999984741211,104.44999694824219,104.44999694824219,10774900,0.0,0.0
2016-04-08 00:00:00-04:00,105.12000274658203,105.33000183105469,102.81999969482422,103.80999755859375,103.80999755859375,7857600,0.0,0.0
2016-04-11 00:00:00-04:00,104.04000091552734,104.9800033569336,102.62000274658203,102.68000030517578,102.68000030517578,7451300,0.0,0.0
2016-04-12 00:00:00-04:00,103.1500015258789,107.22000122070312,102.20999908447266,106.9800033569336,106.9800033569336,12437000,0.0,0.0
2016-04-13 00:00:00-04:00,108.0,111.27999877929688,107.87999725341797,109.6500015258789,109.6500015258789,16701700,0.0,0.0
2016-04-14 00:00:00-04:00,110.01000213623047,111.63999938964844,109.1500015258789,110.41999816894531,110.41999816894531,9553700,0.0,0.0
2016-04-15 00:00:00-04:00,110.63999938964844,111.8499984741211,109.77999877929688,111.51000213623047,111.51000213623047,11746100,0.0,0.0
2016-04-18 00:00:00-04:00,109.9000015258789,110.69999694824219,106.0199966430664,108.4000015258789,108.4000015258789,32816400,0.0,0.0
2016-04-19 00:00:00-04:00,99.48999786376953,101.37000274658203,94.19999694824219,94.33999633789062,94.33999633789062,55728800,0.0,0.0
2016-04-20 00:00:00-04:00,94.33999633789062,96.9800033569336,93.13999938964844,96.7699966430664,96.7699966430664,26613500,0.0,0.0
2016-04-21 00:00:00-04:00,97.30999755859375,97.37999725341797,94.77999877929688,94.9800033569336,94.9800033569336,19919400,0.0,0.0
2016-04-22 00:00:00-04:00,94.8499984741211,96.69000244140625,94.20999908447266,95.9000015258789,95.9000015258789,15806300,0.0,0.0
2016-04-25 00:00:00-04:00,95.69999694824219,95.75,92.80000305175781,93.55999755859375,93.55999755859375,14985400,0.0,0.0
2016-04-26 00:00:00-04:00,93.5,93.55000305175781,91.25,92.43000030517578,92.43000030517578,15330900,0.0,0.0
2016-04-27 00:00:00-04:00,92.18000030517578,92.5,90.20999908447266,91.04000091552734,91.04000091552734,12218900,0.0,0.0
2016-04-28 00:00:00-04:00,91.5,92.66999816894531,90.08999633789062,90.27999877929688,90.27999877929688,11474900,0.0,0.0
2016-04-29 00:00:00-04:00,90.5,90.55999755859375,88.20999908447266,90.02999877929688,90.02999877929688,13968000,0.0,0.0
2016-05-02 00:00:00-04:00,90.41000366210938,93.22000122070312,89.88999938964844,93.11000061035156,93.11000061035156,12547000,0.0,0.0
2016-05-03 00:00:00-04:00,92.08000183105469,93.25,91.30000305175781,91.54000091552734,91.54000091552734,10593900,0.0,0.0
2016-05-04 00:00:00-04:00,91.0,92.16000366210938,90.3499984741211,90.79000091552734,90.79000091552734,7394700,0.0,0.0
2016-05-05 00:00:00-04:00,90.91000366210938,92.08000183105469,89.25,89.37000274658203,89.37000274658203,10368500,0.0,0.0
2016-05-06 00:00:00-04:00,88.83000183105469,90.87999725341797,88.11000061035156,90.83999633789062,90.83999633789062,10433900,0.0,0.0
2016-05-09 00:00:00-04:00,90.7300033569336,91.83000183105469,89.9000015258789,90.54000091552734,90.54000091552734,9543700,0.0,0.0
2016-05-10 00:00:00-04:00,91.13999938964844,93.25,91.08999633789062,92.88999938964844,92.88999938964844,11175900,0.0,0.0
2016-05-11 00:00:00-04:00,92.4000015258789,92.58999633789062,89.9000015258789,90.0199966430664,90.0199966430664,11692900,0.0,0.0
2016-05-12 00:00:00-04:00,90.31999969482422,90.41000366210938,85.73999786376953,87.73999786376953,87.73999786376953,20408100,0.0,0.0
2016-05-13 00:00:00-04:00,87.38999938964844,88.58999633789062,86.26000213623047,87.87999725341797,87.87999725341797,11571400,0.0,0.0
2016-05-16 00:00:00-04:00,87.55999755859375,90.0,86.1500015258789,89.12000274658203,89.12000274658203,11247800,0.0,0.0
2016-05-17 00:00:00-04:00,89.0,90.87000274658203,88.16999816894531,88.62999725341797,88.62999725341797,11571300,0.0,0.0
2016-05-18 00:00:00-04:00,88.25,91.72000122070312,88.25,90.5,90.5,13911800,0.0,0.0
2016-05-19 00:00:00-04:00,90.16000366210938,91.2699966430664,88.30000305175781,89.55000305175781,89.55000305175781,11450300,0.0,0.0
2016-05-20 00:00:00-04:00,90.08000183105469,93.27999877929688,89.9800033569336,92.48999786376953,92.48999786376953,15063000,0.0,0.0
2016-05-23 00:00:00-04:00,92.9800033569336,95.29000091552734,92.8499984741211,94.88999938964844,94.88999938964844,13992300,0.0,0.0
2016-05-24 00:00:00-04:00,95.9800033569336,99.13999938964844,95.75,97.88999938964844,97.88999938964844,21246000,0.0,0.0
2016-05-25 00:00:00-04:00,99.0,100.30999755859375,98.30000305175781,100.19999694824219,100.19999694824219,15142900,0.0,0.0
2016-05-26 00:00:00-04:00,103.20999908447266,104.0,101.37999725341797,102.80999755859375,102.80999755859375,17824700,0.0,0.0
2016-05-27 00:00:00-04:00,102.44000244140625,103.5,101.44000244140625,103.30000305175781,103.30000305175781,9092100,0.0,0.0
2016-05-31 00:00:00-04:00,102.94999694824219,103.44999694824219,102.12999725341797,102.56999969482422,102.56999969482422,8725700,0.0,0.0
2016-06-01 00:00:00-04:00,101.5,101.91999816894531,100.16000366210938,101.51000213623047,101.51000213623047,8393400,0.0,0.0
2016-06-02 00:00:00-04:00,101.38999938964844,102.1500015258789,100.7699966430664,101.25,101.25,7992400,0.0,0.0
2016-06-03 00:00:00-04:00,100.98999786376953,101.0,98.52999877929688,99.58999633789062,99.58999633789062,9224000,0.0,0.0
2016-06-06 00:00:00-04:00,100.29000091552734,101.06999969482422,99.72000122070312,100.73999786376953,100.73999786376953,6828100,0.0,0.0
2016-06-07 00:00:00-04:00,101.19999694824219,101.62999725341797,99.7699966430664,99.88999938964844,99.88999938964844,6474700,0.0,0.0
2016-06-08 00:00:00-04:00,100.0199966430664,100.27999877929688,97.5999984741211,97.86000061035156,97.86000061035156,9423900,0.0,0.0
2016-06-09 00:00:00-04:00,97.22000122070312,98.43000030517578,96.66000366210938,97.08999633789062,97.08999633789062,8923800,0.0,0.0
2016-06-10 00:00:00-04:00,94.87999725341797,95.3499984741211,93.27999877929688,93.75,93.75,12907900,0.0,0.0
2016-06-13 00:00:00-04:00,95.0199966430664,97.19999694824219,93.62000274658203,93.8499984741211,93.8499984741211,13484300,0.0,0.0
2016-06-14 00:00:00-04:00,94.16000366210938,95.80000305175781,93.2699966430664,94.12000274658203,94.12000274658203,9480400,0.0,0.0
2016-06-15 00:00:00-04:00,94.61000061035156,95.45999908447266,93.5,94.29000091552734,94.29000091552734,7675400,0.0,0.0
2016-06-16 00:00:00-04:00,94.18000030517578,95.55999755859375,93.25,95.44000244140625,95.44000244140625,7550800,0.0,0.0
2016-06-17 00:00:00-04:00,95.75,95.7699966430664,94.19999694824219,94.44999694824219,94.44999694824219,8046800,0.0,0.0
2016-06-20 00:00:00-04:00,95.22000122070312,95.87999725341797,93.6500015258789,93.80000305175781,93.80000305175781,9026400,0.0,0.0
2016-06-21 00:00:00-04:00,93.87000274658203,93.87999725341797,90.7699966430664,90.98999786376953,90.98999786376953,15199700,0.0,0.0
2016-06-22 00:00:00-04:00,90.77999877929688,91.9800033569336,89.7699966430664,90.01000213623047,90.01000213623047,9454700,0.0,0.0
2016-06-23 00:00:00-04:00,90.62000274658203,91.68000030517578,88.1500015258789,91.66000366210938,91.66000366210938,10819000,0.0,0.0
2016-06-24 00:00:00-04:00,87.52999877929688,90.48999786376953,87.20999908447266,88.44000244140625,88.44000244140625,11248600,0.0,0.0
2016-06-27 00:00:00-04:00,87.87999725341797,88.0,84.80999755859375,85.33000183105469,85.33000183105469,13730500,0.0,0.0
2016-06-28 00:00:00-04:00,87.41000366210938,88.87999725341797,86.41000366210938,87.97000122070312,87.97000122070312,11545600,0.0,0.0
2016-06-29 00:00:00-04:00,89.66999816894531,91.97000122070312,88.69999694824219,91.05999755859375,91.05999755859375,11687100,0.0,0.0
2016-06-30 00:00:00-04:00,90.91000366210938,91.72000122070312,89.9000015258789,91.4800033569336,91.4800033569336,9099000,0.0,0.0
2016-07-01 00:00:00-04:00,95.0,97.0,94.80000305175781,96.66999816894531,96.66999816894531,16167200,0.0,0.0
2016-07-05 00:00:00-04:00,95.19999694824219,101.2699966430664,93.30999755859375,97.91000366210938,97.91000366210938,25879400,0.0,0.0
2016-07-06 00:00:00-04:00,95.02999877929688,96.0,93.55000305175781,94.5999984741211,94.5999984741211,16301200,0.0,0.0
2016-07-07 00:00:00-04:00,94.69999694824219,95.37999725341797,93.18000030517578,95.0999984741211,95.0999984741211,9913500,0.0,0.0
2016-07-08 00:00:00-04:00,96.0,97.41000366210938,95.30000305175781,97.05999755859375,97.05999755859375,8335400,0.0,0.0
2016-07-11 00:00:00-04:00,96.19000244140625,96.87000274658203,94.30000305175781,94.66999816894531,94.66999816894531,13276200,0.0,0.0
2016-07-12 00:00:00-04:00,95.06999969482422,96.72000122070312,94.08999633789062,95.97000122070312,95.97000122070312,11617400,0.0,0.0
2016-07-13 00:00:00-04:00,96.26000213623047,96.72000122070312,94.80000305175781,96.43000030517578,96.43000030517578,8768900,0.0,0.0
2016-07-14 00:00:00-04:00,97.0,98.2699966430664,96.80000305175781,98.0199966430664,98.0199966430664,9885000,0.0,0.0
2016-07-15 00:00:00-04:00,98.5199966430664,98.69999694824219,97.41000366210938,98.38999938964844,98.38999938964844,9041900,0.0,0.0
2016-07-18 00:00:00-04:00,98.43000030517578,99.83999633789062,97.23999786376953,98.80999755859375,98.80999755859375,28669700,0.0,0.0
2016-07-19 00:00:00-04:00,85.43000030517578,86.75,84.5,85.83999633789062,85.83999633789062,55681200,0.0,0.0
2016-07-20 00:00:00-04:00,86.66999816894531,88.48999786376953,85.81999969482422,87.91000366210938,87.91000366210938,23525100,0.0,0.0
2016-07-21 00:00:00-04:00,88.30000305175781,88.37999725341797,85.20999908447266,85.98999786376953,85.98999786376953,16084000,0.0,0.0
2016-07-22 00:00:00-04:00,86.4800033569336,86.5,85.11000061035156,85.88999938964844,85.88999938964844,11363900,0.0,0.0
2016-07-25 00:00:00-04:00,85.7300033569336,87.87000274658203,85.01000213623047,87.66000366210938,87.66000366210938,14135000,0.0,0.0
2016-07-26 00:00:00-04:00,91.02999877929688,93.0999984741211,90.9000015258789,91.41000366210938,91.41000366210938,19577600,0.0,0.0
2016-07-27 00:00:00-04:00,91.5,92.05999755859375,90.0999984741211,92.04000091552734,92.04000091552734,8727500,0.0,0.0
2016-07-28 00:00:00-04:00,91.91999816894531,92.20999908447266,90.68000030517578,91.6500015258789,91.6500015258789,6227700,0.0,0.0
2016-07-29 00:00:00-04:00,91.19000244140625,91.75,90.58999633789062,91.25,91.25,6960200,0.0,0.0
2016-08-01 00:00:00-04:00,91.2300033569336,94.66999816894531,90.5,94.37000274658203,94.37000274658203,10666900,0.0,0.0
2016-08-02 00:00:00-04:00,94.0,94.08000183105469,92.18000030517578,93.55999755859375,93.55999755859375,9836200,0.0,0.0
2016-08-03 00:00:00-04:00,93.27999877929688,94.66999816894531,92.55000305175781,93.0999984741211,93.0999984741211,7030900,0.0,0.0
2016-08-04 00:00:00-04:00,93.19999694824219,93.7300033569336,91.81999969482422,93.44000244140625,93.44000244140625,6043400,0.0,0.0
2016-08-05 00:00:00-04:00,93.7699966430664,97.73999786376953,93.55999755859375,97.02999877929688,97.02999877929688,18364800,0.0,0.0
2016-08-08 00:00:00-04:00,95.91000366210938,95.93000030517578,94.0,95.11000061035156,95.11000061035156,10135400,0.0,0.0
2016-08-09 00:00:00-04:00,95.12000274658203,95.80999755859375,93.4800033569336,93.98999786376953,93.98999786376953,9175400,0.0,0.0
2016-08-10 00:00:00-04:00,94.4000015258789,94.75,92.94999694824219,93.93000030517578,93.93000030517578,6511100,0.0,0.0
2016-08-11 00:00:00-04:00,94.5999984741211,96.33000183105469,94.37000274658203,95.88999938964844,95.88999938964844,8547700,0.0,0.0
2016-08-12 00:00:00-04:00,95.52999877929688,96.83000183105469,95.08000183105469,96.58999633789062,96.58999633789062,6592900,0.0,0.0
2016-08-15 00:00:00-04:00,96.83000183105469,96.91000366210938,95.23999786376953,95.30999755859375,95.30999755859375,7304600,0.0,0.0
2016-08-16 00:00:00-04:00,95.19000244140625,95.61000061035156,94.4000015258789,95.12000274658203,95.12000274658203,6311300,0.0,0.0
2016-08-17 00:00:00-04:00,94.94000244140625,96.93000030517578,94.8499984741211,96.37000274658203,96.37000274658203,8315600,0.0,0.0
2016-08-18 00:00:00-04:00,95.9800033569336,97.22000122070312,95.16999816894531,96.16000366210938,96.16000366210938,7252600,0.0,0.0
2016-08-19 00:00:00-04:00,96.05000305175781,96.77999877929688,95.51000213623047,95.87000274658203,95.87000274658203,6942900,0.0,0.0
2016-08-22 00:00:00-04:00,95.66999816894531,96.12999725341797,94.94999694824219,95.26000213623047,95.26000213623047,5830500,0.0,0.0
2016-08-23 00:00:00-04:00,95.68000030517578,96.58999633789062,95.4800033569336,95.94000244140625,95.94000244140625,5239100,0.0,0.0
2016-08-24 00:00:00-04:00,96.12999725341797,96.36000061035156,94.91000366210938,95.18000030517578,95.18000030517578,6276500,0.0,0.0
2016-08-25 00:00:00-04:00,96.37999725341797,98.25,96.04000091552734,97.31999969482422,97.31999969482422,10823100,0.0,0.0
2016-08-26 00:00:00-04:00,97.33000183105469,97.94999694824219,96.56999969482422,97.58000183105469,97.58000183105469,6617600,0.0,0.0
2016-08-29 00:00:00-04:00,96.97000122070312,98.44999694824219,96.56999969482422,97.30000305175781,97.30000305175781,8008400,0.0,0.0
2016-08-30 00:00:00-04:00,97.83999633789062,98.8499984741211,97.13999938964844,97.44999694824219,97.44999694824219,6093500,0.0,0.0
2016-08-31 00:00:00-04:00,97.4800033569336,97.87999725341797,96.76000213623047,97.44999694824219,97.44999694824219,4690600,0.0,0.0
2016-09-01 00:00:00-04:00,97.80999755859375,97.9800033569336,96.91999816894531,97.37999725341797,97.37999725341797,4148600,0.0,0.0
2016-09-02 00:00:00-04:00,97.9000015258789,98.18000030517578,97.01000213623047,97.37999725341797,97.37999725341797,4247200,0.0,0.0
2016-09-06 00:00:00-04:00,97.76000213623047,100.31999969482422,97.6500015258789,100.08999633789062,100.08999633789062,9036100,0.0,0.0
2016-09-07 00:00:00-04:00,100.11000061035156,100.19000244140625,98.41999816894531,99.1500015258789,99.1500015258789,6468500,0.0,0.0
2016-09-08 00:00:00-04:00,99.2300033569336,100.05000305175781,98.81999969482422,99.66000366210938,99.66000366210938,5201200,0.0,0.0
2016-09-09 00:00:00-04:00,99.05999755859375,99.38999938964844,96.5,96.5,96.5,7373300,0.0,0.0
2016-09-12 00:00:00-04:00,95.91000366210938,99.29000091552734,95.70999908447266,99.05000305175781,99.05000305175781,7718400,0.0,0.0
2016-09-13 00:00:00-04:00,97.16999816894531,98.0,95.33000183105469,96.08999633789062,96.08999633789062,11788100,0.0,0.0
2016-09-14 00:00:00-04:00,97.3499984741211,98.3499984741211,96.95999908447266,97.01000213623047,97.01000213623047,8481000,0.0,0.0
2016-09-15 00:00:00-04:00,97.2300033569336,97.97000122070312,96.52999877929688,97.33999633789062,97.33999633789062,5293500,0.0,0.0
2016-09-16 00:00:00-04:00,97.0999984741211,99.48999786376953,97.04000091552734,99.4800033569336,99.4800033569336,9445100,0.0,0.0
2016-09-19 00:00:00-04:00,99.9000015258789,100.3499984741211,97.81999969482422,98.05999755859375,98.05999755859375,8616200,0.0,0.0
2016-09-20 00:00:00-04:00,98.77999877929688,99.16000366210938,97.66000366210938,98.25,98.25,4736800,0.0,0.0
2016-09-21 00:00:00-04:00,96.9000015258789,97.0999984741211,93.26000213623047,94.87999725341797,94.87999725341797,20042200,0.0,0.0
2016-09-22 00:00:00-04:00,95.54000091552734,95.87999725341797,94.2300033569336,95.83000183105469,95.83000183105469,11215000,0.0,0.0
2016-09-23 00:00:00-04:00,95.75,96.97000122070312,95.43000030517578,95.94000244140625,95.94000244140625,6179500,0.0,0.0
2016-09-26 00:00:00-04:00,95.37999725341797,95.37999725341797,94.04000091552734,94.55999755859375,94.55999755859375,6739200,0.0,0.0
2016-09-27 00:00:00-04:00,95.04000091552734,97.63999938964844,95.0,97.06999969482422,97.06999969482422,9680100,0.0,0.0
2016-09-28 00:00:00-04:00,97.0999984741211,97.58999633789062,96.0199966430664,97.4800033569336,97.4800033569336,7235100,0.0,0.0
2016-09-29 00:00:00-04:00,97.30999755859375,98.30999755859375,96.5999984741211,96.66999816894531,96.66999816894531,6217600,0.0,0.0
2016-09-30 00:00:00-04:00,96.9000015258789,99.52999877929688,96.79000091552734,98.55000305175781,98.55000305175781,9807900,0.0,0.0
2016-10-03 00:00:00-04:00,98.0,103.38999938964844,98.0,102.62999725341797,102.62999725341797,15344500,0.0,0.0
2016-10-04 00:00:00-04:00,103.19000244140625,104.44000244140625,101.86000061035156,102.33999633789062,102.33999633789062,12143100,0.0,0.0
2016-10-05 00:00:00-04:00,103.5,106.97000122070312,103.43000030517578,106.27999877929688,106.27999877929688,12942900,0.0,0.0
2016-10-06 00:00:00-04:00,104.97000122070312,105.47000122070312,103.87999725341797,105.06999969482422,105.06999969482422,6587700,0.0,0.0
2016-10-07 00:00:00-04:00,103.9800033569336,106.5,103.55000305175781,104.81999969482422,104.81999969482422,8659500,0.0,0.0
2016-10-10 00:00:00-04:00,103.18000030517578,104.52999877929688,102.76000213623047,103.33000183105469,103.33000183105469,6699700,0.0,0.0
2016-10-11 00:00:00-04:00,102.30999755859375,102.9000015258789,99.86000061035156,100.58999633789062,100.58999633789062,9032900,0.0,0.0
2016-10-12 00:00:00-04:00,100.87999725341797,102.47000122070312,99.22000122070312,99.5,99.5,7426500,0.0,0.0
2016-10-13 00:00:00-04:00,98.01000213623047,100.5,97.62999725341797,100.2300033569336,100.2300033569336,8319300,0.0,0.0
2016-10-14 00:00:00-04:00,101.58999633789062,102.0999984741211,100.3499984741211,101.47000122070312,101.47000122070312,9531100,0.0,0.0
2016-10-17 00:00:00-04:00,100.5,100.7300033569336,98.37999725341797,99.80000305175781,99.80000305175781,26589500,0.0,0.0
2016-10-18 00:00:00-04:00,116.62999725341797,119.81999969482422,116.5,118.79000091552734,118.79000091552734,42168200,0.0,0.0
2016-10-19 00:00:00-04:00,118.25,122.44999694824219,118.0,121.87000274658203,121.87000274658203,21981700,0.0,0.0
2016-10-20 00:00:00-04:00,121.97000122070312,123.75,121.05999755859375,123.3499984741211,123.3499984741211,14492800,0.0,0.0
2016-10-21 00:00:00-04:00,122.5,127.8499984741211,122.30999755859375,127.5,127.5,18832400,0.0,0.0
2016-10-24 00:00:00-04:00,127.41999816894531,129.2899932861328,126.1500015258789,127.33000183105469,127.33000183105469,15980700,0.0,0.0
2016-10-25 00:00:00-04:00,126.5199966430664,128.05999755859375,125.75,126.51000213623047,126.51000213623047,8253900,0.0,0.0
2016-10-26 00:00:00-04:00,126.29000091552734,128.72000122070312,125.75,126.97000122070312,126.97000122070312,8602400,0.0,0.0
2016-10-27 00:00:00-04:00,127.43000030517578,128.17999267578125,125.93000030517578,126.47000122070312,126.47000122070312,6914200,0.0,0.0
2016-10-28 00:00:00-04:00,126.08000183105469,128.92999267578125,126.01000213623047,126.56999969482422,126.56999969482422,7077300,0.0,0.0
2016-10-31 00:00:00-04:00,126.8499984741211,126.9000015258789,124.4000015258789,124.87000274658203,124.87000274658203,6517500,0.0,0.0
2016-11-01 00:00:00-04:00,124.9800033569336,125.83000183105469,121.80000305175781,123.30000305175781,123.30000305175781,6978600,0.0,0.0
2016-11-02 00:00:00-04:00,122.83000183105469,124.06999969482422,121.83000183105469,122.33999633789062,122.33999633789062,4816500,0.0,0.0
2016-11-03 00:00:00-04:00,122.30999755859375,123.72000122070312,121.83999633789062,122.13999938964844,122.13999938964844,5041300,0.0,0.0
2016-11-04 00:00:00-04:00,122.0,123.43000030517578,121.62000274658203,122.02999877929688,122.02999877929688,5077700,0.0,0.0
2016-11-07 00:00:00-05:00,124.26000213623047,125.75,123.37000274658203,124.58000183105469,124.58000183105469,5827100,0.0,0.0
2016-11-08 00:00:00-05:00,124.12000274658203,125.80999755859375,123.22000122070312,124.33999633789062,124.33999633789062,4690800,0.0,0.0
2016-11-09 00:00:00-05:00,121.83999633789062,123.6500015258789,120.86000061035156,122.19000244140625,122.19000244140625,7705700,0.0,0.0
2016-11-10 00:00:00-05:00,122.76000213623047,122.97000122070312,113.69999694824219,115.41999816894531,115.41999816894531,19718700,0.0,0.0
2016-11-11 00:00:00-05:00,114.9000015258789,116.62999725341797,113.11000061035156,114.77999877929688,114.77999877929688,11080300,0.0,0.0
2016-11-14 00:00:00-05:00,114.75,115.9000015258789,110.68000030517578,113.37999725341797,113.37999725341797,9932400,0.0,0.0
2016-11-15 00:00:00-05:00,114.55000305175781,116.41000366210938,113.08999633789062,113.58999633789062,113.58999633789062,7445100,0.0,0.0
2016-11-16 00:00:00-05:00,112.95999908447266,116.12000274658203,111.80999755859375,115.19000244140625,115.19000244140625,5933700,0.0,0.0
2016-11-17 00:00:00-05:00,115.12999725341797,116.80999755859375,113.55999755859375,115.02999877929688,115.02999877929688,6232700,0.0,0.0
2016-11-18 00:00:00-05:00,115.7300033569336,116.41999816894531,113.51000213623047,115.20999908447266,115.20999908447266,6746800,0.0,0.0
2016-11-21 00:00:00-05:00,116.19999694824219,118.72000122070312,116.19000244140625,117.95999908447266,117.95999908447266,7064500,0.0,0.0
2016-11-22 00:00:00-05:00,118.31999969482422,119.45999908447266,116.9800033569336,118.04000091552734,118.04000091552734,7007200,0.0,0.0
2016-11-23 00:00:00-05:00,117.76000213623047,118.88999938964844,117.30999755859375,117.69000244140625,117.69000244140625,4521300,0.0,0.0
2016-11-25 00:00:00-05:00,117.63999938964844,118.38999938964844,117.18000030517578,117.41000366210938,117.41000366210938,1616300,0.0,0.0
2016-11-28 00:00:00-05:00,117.05000305175781,117.62000274658203,115.70999908447266,116.93000030517578,116.93000030517578,5278900,0.0,0.0
2016-11-29 00:00:00-05:00,117.30000305175781,119.18000030517578,117.12999725341797,117.51000213623047,117.51000213623047,7082300,0.0,0.0
2016-11-30 00:00:00-05:00,119.0,120.37000274658203,116.38999938964844,117.0,117.0,7715100,0.0,0.0
2016-12-01 00:00:00-05:00,117.5199966430664,118.68000030517578,113.94999694824219,117.22000122070312,117.22000122070312,8636900,0.0,0.0
2016-12-02 00:00:00-05:00,116.75,120.9800033569336,116.75,120.80999755859375,120.80999755859375,8953600,0.0,0.0
2016-12-05 00:00:00-05:00,120.7300033569336,120.75,118.4000015258789,119.16000366210938,119.16000366210938,7626300,0.0,0.0
2016-12-06 00:00:00-05:00,120.0999984741211,124.79000091552734,119.41999816894531,124.56999969482422,124.56999969482422,11513200,0.0,0.0
2016-12-07 00:00:00-05:00,124.4800033569336,125.75,123.25,125.38999938964844,125.38999938964844,8204700,0.0,0.0
2016-12-08 00:00:00-05:00,125.4000015258789,126.3499984741211,122.16000366210938,123.23999786376953,123.23999786376953,8987700,0.0,0.0
2016-12-09 00:00:00-05:00,123.77999877929688,124.30000305175781,121.7300033569336,122.87999725341797,122.87999725341797,4700800,0.0,0.0
2016-12-12 00:00:00-05:00,122.83999633789062,124.02999877929688,122.30000305175781,122.83000183105469,122.83000183105469,3917600,0.0,0.0
2016-12-13 00:00:00-05:00,123.51000213623047,125.08999633789062,122.77999877929688,123.77999877929688,123.77999877929688,5564500,0.0,0.0
2016-12-14 00:00:00-05:00,123.43000030517578,124.4000015258789,122.5,123.44000244140625,123.44000244140625,6110300,0.0,0.0
2016-12-15 00:00:00-05:00,123.44000244140625,127.43000030517578,122.94999694824219,125.0,125.0,7376200,0.0,0.0
2016-12-16 00:00:00-05:00,126.38999938964844,126.68000030517578,124.01000213623047,124.22000122070312,124.22000122070312,7868000,0.0,0.0
2016-12-19 00:00:00-05:00,124.30000305175781,126.44000244140625,122.87000274658203,125.44999694824219,125.44999694824219,4867300,0.0,0.0
2016-12-20 00:00:00-05:00,125.45999908447266,126.30000305175781,124.63999938964844,125.12000274658203,125.12000274658203,3937800,0.0,0.0
2016-12-21 00:00:00-05:00,125.52999877929688,127.73999786376953,125.0,126.5,126.5,6514800,0.0,0.0
2016-12-22 00:00:00-05:00,126.83999633789062,127.5,125.18000030517578,125.58000183105469,125.58000183105469,4160700,0.0,0.0
2016-12-23 00:00:00-05:00,125.61000061035156,126.27999877929688,125.08000183105469,125.58999633789062,125.58999633789062,2010400,0.0,0.0
2016-12-27 00:00:00-05:00,126.23999786376953,129.0500030517578,125.69999694824219,128.35000610351562,128.35000610351562,5288200,0.0,0.0
2016-12-28 00:00:00-05:00,129.07000732421875,129.07000732421875,125.76000213623047,125.88999938964844,125.88999938964844,4389200,0.0,0.0
2016-12-29 00:00:00-05:00,125.94999694824219,126.13999938964844,124.19999694824219,125.33000183105469,125.33000183105469,3445100,0.0,0.0
2016-12-30 00:00:00-05:00,126.23999786376953,126.56999969482422,123.5999984741211,123.80000305175781,123.80000305175781,4455400,0.0,0.0
2017-01-03 00:00:00-05:00,124.95999908447266,128.19000244140625,124.30999755859375,127.48999786376953,127.48999786376953,9437900,0.0,0.0
2017-01-04 00:00:00-05:00,127.48999786376953,130.1699981689453,126.55000305175781,129.41000366210938,129.41000366210938,7843600,0.0,0.0
2017-01-05 00:00:00-05:00,129.22000122070312,132.75,128.89999389648438,131.80999755859375,131.80999755859375,10185500,0.0,0.0
2017-01-06 00:00:00-05:00,132.0800018310547,133.8800048828125,129.80999755859375,131.07000732421875,131.07000732421875,10657900,0.0,0.0
2017-01-09 00:00:00-05:00,131.47999572753906,131.99000549316406,129.88999938964844,130.9499969482422,130.9499969482422,5771800,0.0,0.0
2017-01-10 00:00:00-05:00,131.27000427246094,132.22000122070312,129.2899932861328,129.88999938964844,129.88999938964844,5985800,0.0,0.0
2017-01-11 00:00:00-05:00,130.91000366210938,131.5,129.25,130.5,130.5,5615100,0.0,0.0
2017-01-12 00:00:00-05:00,130.6300048828125,130.85000610351562,128.5,129.17999267578125,129.17999267578125,5388900,0.0,0.0
2017-01-13 00:00:00-05:00,131.14999389648438,133.92999267578125,130.5800018310547,133.6999969482422,133.6999969482422,10515000,0.0,0.0
2017-01-17 00:00:00-05:00,135.0399932861328,135.39999389648438,132.08999633789062,132.88999938964844,132.88999938964844,12220200,0.0,0.0
2017-01-18 00:00:00-05:00,133.2100067138672,133.64999389648438,131.05999755859375,133.25999450683594,133.25999450683594,16168600,0.0,0.0
2017-01-19 00:00:00-05:00,142.00999450683594,143.4600067138672,138.25,138.41000366210938,138.41000366210938,23203400,0.0,0.0
2017-01-20 00:00:00-05:00,139.36000061035156,140.7899932861328,137.66000366210938,138.60000610351562,138.60000610351562,9497400,0.0,0.0
2017-01-23 00:00:00-05:00,138.64999389648438,139.49000549316406,137.30999755859375,137.38999938964844,137.38999938964844,7433900,0.0,0.0
2017-01-24 00:00:00-05:00,138.11000061035156,140.92999267578125,137.02999877929688,140.11000061035156,140.11000061035156,7754700,0.0,0.0
2017-01-25 00:00:00-05:00,140.8000030517578,141.38999938964844,139.0500030517578,139.52000427246094,139.52000427246094,7238100,0.0,0.0
2017-01-26 00:00:00-05:00,140.4499969482422,141.2100067138672,138.50999450683594,138.9600067138672,138.9600067138672,6038300,0.0,0.0
2017-01-27 00:00:00-05:00,139.4600067138672,142.49000549316406,139.0,142.4499969482422,142.4499969482422,8323900,0.0,0.0
2017-01-30 00:00:00-05:00,141.77000427246094,141.97000122070312,138.8000030517578,141.22000122070312,141.22000122070312,8122500,0.0,0.0
2017-01-31 00:00:00-05:00,140.5500030517578,141.8300018310547,139.6999969482422,140.7100067138672,140.7100067138672,4411600,0.0,0.0
2017-02-01 00:00:00-05:00,141.1999969482422,142.41000366210938,139.3000030517578,140.77999877929688,140.77999877929688,6033400,0.0,0.0
2017-02-02 00:00:00-05:00,140.61000061035156,141.0399932861328,139.0500030517578,139.1999969482422,139.1999969482422,3462400,0.0,0.0
2017-02-03 00:00:00-05:00,139.50999450683594,140.63999938964844,139.10000610351562,140.25,140.25,3512600,0.0,0.0
2017-02-06 00:00:00-05:00,140.0,141.0,139.16000366210938,140.97000122070312,140.97000122070312,3552100,0.0,0.0
2017-02-07 00:00:00-05:00,141.49000549316406,144.27999877929688,141.0500030517578,144.0,144.0,8573500,0.0,0.0
2017-02-08 00:00:00-05:00,143.57000732421875,145.07000732421875,142.55999755859375,144.74000549316406,144.74000549316406,6887100,0.0,0.0
2017-02-09 00:00:00-05:00,144.97999572753906,145.08999633789062,143.5800018310547,144.13999938964844,144.13999938964844,4555100,0.0,0.0
2017-02-10 00:00:00-05:00,144.67999267578125,145.3000030517578,143.97000122070312,144.82000732421875,144.82000732421875,6171900,0.0,0.0
2017-02-13 00:00:00-05:00,145.19000244140625,145.9499969482422,143.0500030517578,143.1999969482422,143.1999969482422,4790400,0.0,0.0
2017-02-14 00:00:00-05:00,143.1999969482422,144.11000061035156,140.0500030517578,140.82000732421875,140.82000732421875,8367800,0.0,0.0
2017-02-15 00:00:00-05:00,140.72000122070312,142.42999267578125,140.50999450683594,142.27000427246094,142.27000427246094,5309100,0.0,0.0
2017-02-16 00:00:00-05:00,142.4199981689453,142.44000244140625,141.07000732421875,142.00999450683594,142.00999450683594,2847500,0.0,0.0
2017-02-17 00:00:00-05:00,141.75,142.89999389648438,141.27000427246094,142.22000122070312,142.22000122070312,4588100,0.0,0.0
2017-02-21 00:00:00-05:00,142.99000549316406,143.3800048828125,141.80999755859375,142.60000610351562,142.60000610351562,3571500,0.0,0.0
2017-02-22 00:00:00-05:00,142.9199981689453,144.0,142.1699981689453,143.86000061035156,143.86000061035156,3482000,0.0,0.0
2017-02-23 00:00:00-05:00,144.4499969482422,144.49000549316406,141.52000427246094,142.77999877929688,142.77999877929688,4668000,0.0,0.0
2017-02-24 00:00:00-05:00,141.8800048828125,143.55999755859375,141.5500030517578,143.25,143.25,3302700,0.0,0.0
2017-02-27 00:00:00-05:00,143.1199951171875,143.9199981689453,142.3800048828125,143.41000366210938,143.41000366210938,3907400,0.0,0.0
2017-02-28 00:00:00-05:00,143.3000030517578,143.57000732421875,141.85000610351562,142.1300048828125,142.1300048828125,3862200,0.0,0.0
2017-03-01 00:00:00-05:00,142.83999633789062,143.25999450683594,142.10000610351562,142.64999389648438,142.64999389648438,4170600,0.0,0.0
2017-03-02 00:00:00-05:00,142.14999389648438,142.6999969482422,139.08999633789062,139.52999877929688,139.52999877929688,6119900,0.0,0.0
2017-03-03 00:00:00-05:00,139.69000244140625,140.91000366210938,138.25999450683594,139.13999938964844,139.13999938964844,5399800,0.0,0.0
2017-03-06 00:00:00-05:00,141.0,142.83999633789062,140.5399932861328,141.94000244140625,141.94000244140625,7116100,0.0,0.0
2017-03-07 00:00:00-05:00,141.99000549316406,142.39999389648438,140.3800048828125,141.42999267578125,141.42999267578125,4241000,0.0,0.0
2017-03-08 00:00:00-05:00,141.47000122070312,142.05999755859375,139.77000427246094,140.32000732421875,140.32000732421875,4085500,0.0,0.0
2017-03-09 00:00:00-05:00,140.0399932861328,141.24000549316406,139.74000549316406,140.52999877929688,140.52999877929688,2652700,0.0,0.0
2017-03-10 00:00:00-05:00,141.38999938964844,141.8000030517578,140.27999877929688,140.88999938964844,140.88999938964844,3318500,0.0,0.0
2017-03-13 00:00:00-04:00,140.89999389648438,143.7100067138672,140.32000732421875,143.52000427246094,143.52000427246094,4922400,0.0,0.0
2017-03-14 00:00:00-04:00,142.9499969482422,143.30999755859375,141.6999969482422,143.19000244140625,143.19000244140625,4660300,0.0,0.0
2017-03-15 00:00:00-04:00,144.1999969482422,145.52000427246094,143.22999572753906,145.25,145.25,5987200,0.0,0.0
2017-03-16 00:00:00-04:00,145.5,146.5,144.22000122070312,144.38999938964844,144.38999938964844,5286500,0.0,0.0
2017-03-17 00:00:00-04:00,144.0500030517578,145.75999450683594,143.39999389648438,145.11000061035156,145.11000061035156,6281300,0.0,0.0
2017-03-20 00:00:00-04:00,145.4499969482422,146.25,144.5800018310547,145.8300018310547,145.8300018310547,3421000,0.0,0.0
2017-03-21 00:00:00-04:00,146.75,147.6999969482422,142.10000610351562,142.4199981689453,142.4199981689453,7669800,0.0,0.0
2017-03-22 00:00:00-04:00,142.5399932861328,143.8000030517578,140.75999450683594,142.64999389648438,142.64999389648438,6486900,0.0,0.0
2017-03-23 00:00:00-04:00,142.13999938964844,142.88999938964844,141.25999450683594,141.83999633789062,141.83999633789062,3712600,0.0,0.0
2017-03-24 00:00:00-04:00,142.36000061035156,142.8000030517578,141.5800018310547,142.02000427246094,142.02000427246094,3546600,0.0,0.0
2017-03-27 00:00:00-04:00,140.8300018310547,144.38999938964844,140.0,144.05999755859375,144.05999755859375,4771700,0.0,0.0
2017-03-28 00:00:00-04:00,144.10000610351562,146.11000061035156,143.9199981689453,145.1699981689453,145.1699981689453,4638000,0.0,0.0
2017-03-29 00:00:00-04:00,145.5,147.17999267578125,144.91000366210938,146.47000122070312,146.47000122070312,3855000,0.0,0.0
2017-03-30 00:00:00-04:00,146.80999755859375,148.2899932861328,146.52999877929688,148.05999755859375,148.05999755859375,4461100,0.0,0.0
2017-03-31 00:00:00-04:00,148.0,148.22999572753906,147.3300018310547,147.80999755859375,147.80999755859375,3888200,0.0,0.0
2017-04-03 00:00:00-04:00,146.6999969482422,148.00999450683594,145.74000549316406,146.9199981689453,146.9199981689453,4609300,0.0,0.0
2017-04-04 00:00:00-04:00,146.83999633789062,147.08999633789062,144.88999938964844,145.5,145.5,4368900,0.0,0.0
2017-04-05 00:00:00-04:00,146.19000244140625,146.25,143.25999450683594,143.6199951171875,143.6199951171875,4607600,0.0,0.0
2017-04-06 00:00:00-04:00,144.0,144.13999938964844,143.00999450683594,143.74000549316406,143.74000549316406,3312400,0.0,0.0
2017-04-07 00:00:00-04:00,143.7899932861328,143.88999938964844,142.7100067138672,143.11000061035156,143.11000061035156,3040500,0.0,0.0
2017-04-10 00:00:00-04:00,143.0399932861328,144.64999389648438,141.2100067138672,143.85000610351562,143.85000610351562,5807400,0.0,0.0
2017-04-11 00:00:00-04:00,144.27999877929688,144.5399932861328,141.97999572753906,144.35000610351562,144.35000610351562,4621500,0.0,0.0
2017-04-12 00:00:00-04:00,144.85000610351562,145.74000549316406,143.5500030517578,143.8300018310547,143.8300018310547,4387000,0.0,0.0
2017-04-13 00:00:00-04:00,144.25,144.5500030517578,142.75999450683594,142.9199981689453,142.9199981689453,3685800,0.0,0.0
2017-04-17 00:00:00-04:00,144.42999267578125,147.32000732421875,144.42999267578125,147.25,147.25,16364700,0.0,0.0
2017-04-18 00:00:00-04:00,147.33999633789062,147.39999389648438,140.0,143.36000061035156,143.36000061035156,19671000,0.0,0.0
2017-04-19 00:00:00-04:00,143.3699951171875,144.0,138.66000366210938,139.75999450683594,139.75999450683594,12395100,0.0,0.0
2017-04-20 00:00:00-04:00,140.3000030517578,141.8000030517578,139.27000427246094,141.17999267578125,141.17999267578125,7248200,0.0,0.0
2017-04-21 00:00:00-04:00,141.38999938964844,143.02999877929688,140.89999389648438,142.8699951171875,142.8699951171875,6824800,0.0,0.0
2017-04-24 00:00:00-04:00,143.61000061035156,144.5,143.39999389648438,143.8300018310547,143.8300018310547,4800900,0.0,0.0
2017-04-25 00:00:00-04:00,147.4600067138672,153.52000427246094,146.22000122070312,152.16000366210938,152.16000366210938,20674200,0.0,0.0
2017-04-26 00:00:00-04:00,151.52999877929688,152.14999389648438,148.89999389648438,150.1699981689453,150.1699981689453,9274100,0.0,0.0
2017-04-27 00:00:00-04:00,150.60000610351562,153.49000549316406,149.3000030517578,153.0800018310547,153.0800018310547,7719400,0.0,0.0
2017-04-28 00:00:00-04:00,152.7100067138672,152.97000122070312,150.94000244140625,152.1999969482422,152.1999969482422,6366200,0.0,0.0
2017-05-01 00:00:00-04:00,151.91000366210938,157.6999969482422,151.61000061035156,155.35000610351562,155.35000610351562,9031600,0.0,0.0
2017-05-02 00:00:00-04:00,155.75999450683594,156.5,154.61000061035156,156.4499969482422,156.4499969482422,5384800,0.0,0.0
2017-05-03 00:00:00-04:00,156.2899932861328,156.5399932861328,154.8800048828125,155.58999633789062,155.58999633789062,3931200,0.0,0.0
2017-05-04 00:00:00-04:00,155.58999633789062,157.89999389648438,154.5500030517578,157.25,157.25,5582300,0.0,0.0
2017-05-05 00:00:00-04:00,158.5500030517578,158.58999633789062,155.89999389648438,156.60000610351562,156.60000610351562,5341700,0.0,0.0
2017-05-08 00:00:00-04:00,156.5500030517578,157.63999938964844,155.3000030517578,156.3800048828125,156.3800048828125,4818800,0.0,0.0
2017-05-09 00:00:00-04:00,156.10000610351562,157.85000610351562,155.97000122070312,157.4600067138672,157.4600067138672,3911000,0.0,0.0
2017-05-10 00:00:00-04:00,157.82000732421875,161.10000610351562,156.55999755859375,160.27999877929688,160.27999877929688,6869900,0.0,0.0
2017-05-11 00:00:00-04:00,160.3300018310547,160.52000427246094,157.5500030517578,158.5399932861328,158.5399932861328,5677400,0.0,0.0
2017-05-12 00:00:00-04:00,159.11000061035156,160.83999633789062,158.50999450683594,160.80999755859375,160.80999755859375,5092900,0.0,0.0
2017-05-15 00:00:00-04:00,160.25,161.77999877929688,159.75999450683594,160.02000427246094,160.02000427246094,4972000,0.0,0.0
2017-05-16 00:00:00-04:00,160.5,161.17999267578125,159.3300018310547,159.41000366210938,159.41000366210938,3464900,0.0,0.0
2017-05-17 00:00:00-04:00,158.08999633789062,158.77999877929688,153.0,153.1999969482422,153.1999969482422,8184500,0.0,0.0
2017-05-18 00:00:00-04:00,153.61000061035156,156.88999938964844,153.24000549316406,155.6999969482422,155.6999969482422,6802700,0.0,0.0
2017-05-19 00:00:00-04:00,156.14999389648438,158.0500030517578,155.91000366210938,157.02000427246094,157.02000427246094,4091500,0.0,0.0
2017-05-22 00:00:00-04:00,157.86000061035156,158.60000610351562,156.42999267578125,157.16000366210938,157.16000366210938,3744100,0.0,0.0
2017-05-23 00:00:00-04:00,157.75,158.30999755859375,156.8000030517578,157.9499969482422,157.9499969482422,3370900,0.0,0.0
2017-05-24 00:00:00-04:00,158.35000610351562,158.47999572753906,157.1699981689453,157.75,157.75,2970800,0.0,0.0
2017-05-25 00:00:00-04:00,161.0,164.10000610351562,160.5500030517578,163.0500030517578,163.0500030517578,8561000,0.0,0.0
2017-05-26 00:00:00-04:00,162.83999633789062,163.0500030517578,161.1199951171875,162.42999267578125,162.42999267578125,4834300,0.0,0.0
2017-05-30 00:00:00-04:00,163.60000610351562,164.75,162.7100067138672,163.22000122070312,163.22000122070312,4828600,0.0,0.0
2017-05-31 00:00:00-04:00,163.61000061035156,164.0,160.74000549316406,163.07000732421875,163.07000732421875,5328900,0.0,0.0
2017-06-01 00:00:00-04:00,163.52000427246094,163.92999267578125,161.6999969482422,162.99000549316406,162.99000549316406,3896300,0.0,0.0
2017-06-02 00:00:00-04:00,163.4199981689453,165.36000061035156,162.8000030517578,165.17999267578125,165.17999267578125,4259100,0.0,0.0
2017-06-05 00:00:00-04:00,165.49000549316406,165.5,163.42999267578125,165.05999755859375,165.05999755859375,3875200,0.0,0.0
2017-06-06 00:00:00-04:00,164.9499969482422,166.82000732421875,164.50999450683594,165.1699981689453,165.1699981689453,4382100,0.0,0.0
2017-06-07 00:00:00-04:00,165.60000610351562,166.39999389648438,164.41000366210938,165.61000061035156,165.61000061035156,3353100,0.0,0.0
2017-06-08 00:00:00-04:00,166.1199951171875,166.8699951171875,164.83999633789062,165.8800048828125,165.8800048828125,3719100,0.0,0.0
2017-06-09 00:00:00-04:00,166.27000427246094,166.27000427246094,154.5,158.02999877929688,158.02999877929688,10292000,0.0,0.0
2017-06-12 00:00:00-04:00,155.3000030517578,155.52999877929688,148.30999755859375,151.44000244140625,151.44000244140625,14114500,0.0,0.0
2017-06-13 00:00:00-04:00,154.3800048828125,155.67999267578125,150.1300048828125,152.72000122070312,152.72000122070312,8484700,0.0,0.0
2017-06-14 00:00:00-04:00,154.33999633789062,155.6199951171875,150.27999877929688,152.1999969482422,152.1999969482422,6461800,0.0,0.0
2017-06-15 00:00:00-04:00,149.44000244140625,152.55999755859375,147.3000030517578,151.75999450683594,151.75999450683594,7319700,0.0,0.0
2017-06-16 00:00:00-04:00,151.4499969482422,153.52999877929688,150.38999938964844,152.3800048828125,152.3800048828125,6909700,0.0,0.0
2017-06-19 00:00:00-04:00,154.2899932861328,155.5800018310547,152.41000366210938,153.39999389648438,153.39999389648438,6544300,0.0,0.0
2017-06-20 00:00:00-04:00,153.67999267578125,154.5,151.39999389648438,152.0500030517578,152.0500030517578,4878700,0.0,0.0
2017-06-21 00:00:00-04:00,152.5,155.3800048828125,152.25999450683594,155.02999877929688,155.02999877929688,5803400,0.0,0.0
2017-06-22 00:00:00-04:00,155.1300048828125,155.1999969482422,153.6999969482422,154.88999938964844,154.88999938964844,3769200,0.0,0.0
2017-06-23 00:00:00-04:00,155.00999450683594,158.19000244140625,153.75999450683594,158.02000427246094,158.02000427246094,6250800,0.0,0.0
2017-06-26 00:00:00-04:00,158.77999877929688,159.97000122070312,156.55999755859375,157.5,157.5,6016000,0.0,0.0
2017-06-27 00:00:00-04:00,156.6199951171875,156.97999572753906,150.72000122070312,151.02999877929688,151.02999877929688,7424300,0.0,0.0
2017-06-28 00:00:00-04:00,151.63999938964844,154.1999969482422,150.1199951171875,153.41000366210938,153.41000366210938,5589900,0.0,0.0
2017-06-29 00:00:00-04:00,152.82000732421875,152.82000732421875,148.0,150.08999633789062,150.08999633789062,7142500,0.0,0.0
2017-06-30 00:00:00-04:00,149.75999450683594,150.7100067138672,148.4199981689453,149.41000366210938,149.41000366210938,5213300,0.0,0.0
2017-07-03 00:00:00-04:00,149.8000030517578,150.4499969482422,145.8000030517578,146.1699981689453,146.1699981689453,3908200,0.0,0.0
2017-07-05 00:00:00-04:00,146.5800018310547,148.25999450683594,145.5800018310547,147.61000061035156,147.61000061035156,4627800,0.0,0.0
2017-07-06 00:00:00-04:00,146.1300048828125,147.27000427246094,144.25,146.25,146.25,5486500,0.0,0.0
2017-07-07 00:00:00-04:00,146.64999389648438,150.75,146.64999389648438,150.17999267578125,150.17999267578125,5561300,0.0,0.0
2017-07-10 00:00:00-04:00,150.33999633789062,153.22999572753906,149.64999389648438,152.6699981689453,152.6699981689453,5360600,0.0,0.0
2017-07-11 00:00:00-04:00,152.3699951171875,155.22999572753906,151.5500030517578,154.3300018310547,154.3300018310547,4898600,0.0,0.0
2017-07-12 00:00:00-04:00,155.77000427246094,158.8000030517578,155.77000427246094,158.75,158.75,8481800,0.0,0.0
2017-07-13 00:00:00-04:00,158.50999450683594,160.1300048828125,156.97999572753906,158.2100067138672,158.2100067138672,6700100,0.0,0.0
2017-07-14 00:00:00-04:00,159.3000030517578,161.35000610351562,157.97000122070312,161.1199951171875,161.1199951171875,5549200,0.0,0.0
2017-07-17 00:00:00-04:00,162.91000366210938,163.5500030517578,160.02000427246094,161.6999969482422,161.6999969482422,17496700,0.0,0.0
2017-07-18 00:00:00-04:00,176.1199951171875,185.0,174.24000549316406,183.60000610351562,183.60000610351562,41587400,0.0,0.0
2017-07-19 00:00:00-04:00,182.97000122070312,187.1699981689453,181.75,183.86000061035156,183.86000061035156,17344300,0.0,0.0
2017-07-20 00:00:00-04:00,183.83999633789062,185.9199981689453,182.6999969482422,183.60000610351562,183.60000610351562,7907200,0.0,0.0
2017-07-21 00:00:00-04:00,182.72000122070312,191.5,182.7100067138672,188.5399932861328,188.5399932861328,9277400,0.0,0.0
2017-07-24 00:00:00-04:00,188.69000244140625,190.25,187.00999450683594,187.91000366210938,187.91000366210938,8797300,0.0,0.0
2017-07-25 00:00:00-04:00,187.7899932861328,188.66000366210938,185.80999755859375,186.97000122070312,186.97000122070312,5374500,0.0,0.0
2017-07-26 00:00:00-04:00,187.6999969482422,189.6999969482422,187.50999450683594,189.0800018310547,189.0800018310547,4479300,0.0,0.0
2017-07-27 00:00:00-04:00,189.88999938964844,190.0,179.3800048828125,182.67999267578125,182.67999267578125,11221000,0.0,0.0
2017-07-28 00:00:00-04:00,182.0,185.02999877929688,181.17999267578125,184.0399932861328,184.0399932861328,6201900,0.0,0.0
2017-07-31 00:00:00-04:00,184.25999450683594,184.97000122070312,180.64999389648438,181.66000366210938,181.66000366210938,4883600,0.0,0.0
2017-08-01 00:00:00-04:00,182.49000549316406,184.6199951171875,181.42999267578125,182.02999877929688,182.02999877929688,5112700,0.0,0.0
2017-08-02 00:00:00-04:00,182.22000122070312,182.57000732421875,177.80999755859375,180.74000549316406,180.74000549316406,5771300,0.0,0.0
2017-08-03 00:00:00-04:00,180.52999877929688,181.22000122070312,178.02000427246094,179.22999572753906,179.22999572753906,4627700,0.0,0.0
2017-08-04 00:00:00-04:00,179.60000610351562,181.0,178.5,180.27000427246094,180.27000427246094,4491100,0.0,0.0
2017-08-07 00:00:00-04:00,181.0,182.27000427246094,179.10000610351562,181.3300018310547,181.3300018310547,4609800,0.0,0.0
2017-08-08 00:00:00-04:00,181.3699951171875,181.91000366210938,177.4499969482422,178.36000061035156,178.36000061035156,6104000,0.0,0.0
2017-08-09 00:00:00-04:00,171.42999267578125,175.9600067138672,170.00999450683594,175.77999877929688,175.77999877929688,9670500,0.0,0.0
2017-08-10 00:00:00-04:00,174.02999877929688,174.4499969482422,167.60000610351562,169.13999938964844,169.13999938964844,9693100,0.0,0.0
2017-08-11 00:00:00-04:00,169.86000061035156,172.5800018310547,169.0,171.39999389648438,171.39999389648438,5022300,0.0,0.0
2017-08-14 00:00:00-04:00,169.8000030517578,172.4499969482422,168.8000030517578,171.0,171.0,7468400,0.0,0.0
2017-08-15 00:00:00-04:00,171.52999877929688,171.8800048828125,168.25,168.5,168.5,5656100,0.0,0.0
2017-08-16 00:00:00-04:00,167.5,170.5,166.25,169.97999572753906,169.97999572753906,7013600,0.0,0.0
2017-08-17 00:00:00-04:00,169.22999572753906,170.5800018310547,165.72000122070312,166.08999633789062,166.08999633789062,5229200,0.0,0.0
2017-08-18 00:00:00-04:00,165.9499969482422,169.97000122070312,165.8000030517578,166.5399932861328,166.5399932861328,7385700,0.0,0.0
2017-08-21 00:00:00-04:00,166.91000366210938,168.99000549316406,164.22999572753906,166.75999450683594,166.75999450683594,6480700,0.0,0.0
2017-08-22 00:00:00-04:00,167.75999450683594,169.92999267578125,167.0399932861328,169.33999633789062,169.33999633789062,4886300,0.0,0.0
2017-08-23 00:00:00-04:00,168.35000610351562,169.63999938964844,166.6999969482422,169.05999755859375,169.05999755859375,4632300,0.0,0.0
2017-08-24 00:00:00-04:00,169.86000061035156,171.24000549316406,166.14999389648438,168.1300048828125,168.1300048828125,5361700,0.0,0.0
2017-08-25 00:00:00-04:00,168.5800018310547,168.75,165.5,165.9499969482422,165.9499969482422,4064000,0.0,0.0
2017-08-28 00:00:00-04:00,166.42999267578125,168.6699981689453,165.60000610351562,167.1199951171875,167.1199951171875,3657300,0.0,0.0
2017-08-29 00:00:00-04:00,165.0,169.67999267578125,164.72999572753906,168.80999755859375,168.80999755859375,4620900,0.0,0.0
2017-08-30 00:00:00-04:00,169.5,174.85000610351562,169.3699951171875,174.69000244140625,174.69000244140625,8034700,0.0,0.0
2017-08-31 00:00:00-04:00,175.4499969482422,176.24000549316406,173.86000061035156,174.7100067138672,174.7100067138672,6941000,0.0,0.0
2017-09-01 00:00:00-04:00,175.5500030517578,176.47999572753906,173.9199981689453,174.74000549316406,174.74000549316406,3813000,0.0,0.0
2017-09-05 00:00:00-04:00,173.39999389648438,175.8800048828125,172.44000244140625,174.52000427246094,174.52000427246094,4589500,0.0,0.0
2017-09-06 00:00:00-04:00,175.25,179.4600067138672,173.72999572753906,179.25,179.25,8742600,0.0,0.0
2017-09-07 00:00:00-04:00,178.8000030517578,180.35000610351562,177.10000610351562,179.0,179.0,6036100,0.0,0.0
2017-09-08 00:00:00-04:00,178.4499969482422,180.38999938964844,176.25,176.4199981689453,176.4199981689453,4590800,0.0,0.0
2017-09-11 00:00:00-04:00,178.10000610351562,182.47000122070312,178.02999877929688,181.74000549316406,181.74000549316406,5979400,0.0,0.0
2017-09-12 00:00:00-04:00,182.5500030517578,185.3300018310547,180.63999938964844,185.14999389648438,185.14999389648438,6689600,0.0,0.0
2017-09-13 00:00:00-04:00,184.07000732421875,184.5,182.5500030517578,183.63999938964844,183.63999938964844,4320300,0.0,0.0
2017-09-14 00:00:00-04:00,183.25,185.2899932861328,182.07000732421875,182.6300048828125,182.6300048828125,4510700,0.0,0.0
2017-09-15 00:00:00-04:00,182.72999572753906,184.92999267578125,181.42999267578125,182.35000610351562,182.35000610351562,5591700,0.0,0.0
2017-09-18 00:00:00-04:00,183.61000061035156,185.4499969482422,182.72999572753906,184.6199951171875,184.6199951171875,5359600,0.0,0.0
2017-09-19 00:00:00-04:00,184.97999572753906,186.22999572753906,184.1699981689453,185.67999267578125,185.67999267578125,4982100,0.0,0.0
2017-09-20 00:00:00-04:00,186.10000610351562,186.5,183.1999969482422,185.50999450683594,185.50999450683594,4625000,0.0,0.0
2017-09-21 00:00:00-04:00,185.82000732421875,189.9499969482422,184.50999450683594,188.77999877929688,188.77999877929688,7148100,0.0,0.0
2017-09-22 00:00:00-04:00,188.39999389648438,189.85000610351562,186.38999938964844,187.35000610351562,187.35000610351562,5464300,0.0,0.0
2017-09-25 00:00:00-04:00,186.4600067138672,186.5500030517578,177.6999969482422,178.5500030517578,178.5500030517578,9367200,0.0,0.0
2017-09-26 00:00:00-04:00,180.6999969482422,180.9499969482422,176.5500030517578,179.3800048828125,179.3800048828125,5602500,0.0,0.0
2017-09-27 00:00:00-04:00,181.00999450683594,183.33999633789062,180.6999969482422,181.97000122070312,181.97000122070312,5710500,0.0,0.0
2017-09-28 00:00:00-04:00,181.25,181.9499969482422,179.36000061035156,180.6999969482422,180.6999969482422,4077000,0.0,0.0
2017-09-29 00:00:00-04:00,180.72999572753906,182.89999389648438,180.64999389648438,181.35000610351562,181.35000610351562,4227900,0.0,0.0
2017-10-02 00:00:00-04:00,182.11000061035156,182.8000030517578,176.5800018310547,177.00999450683594,177.00999450683594,7342000,0.0,0.0
2017-10-03 00:00:00-04:00,177.64999389648438,179.6999969482422,177.5500030517578,179.19000244140625,179.19000244140625,3956900,0.0,0.0
2017-10-04 00:00:00-04:00,181.41000366210938,186.6999969482422,181.25,184.4499969482422,184.4499969482422,9235900,0.0,0.0
2017-10-05 00:00:00-04:00,185.64999389648438,194.49000549316406,184.49000549316406,194.38999938964844,194.38999938964844,19412700,0.0,0.0
2017-10-06 00:00:00-04:00,194.3000030517578,198.9199981689453,192.0500030517578,198.02000427246094,198.02000427246094,15348400,0.0,0.0
2017-10-09 00:00:00-04:00,199.10000610351562,199.39999389648438,196.55999755859375,196.8699951171875,196.8699951171875,6971700,0.0,0.0
2017-10-10 00:00:00-04:00,197.85000610351562,198.3000030517578,192.10000610351562,195.0800018310547,195.0800018310547,6233800,0.0,0.0
2017-10-11 00:00:00-04:00,195.57000732421875,196.22000122070312,193.80999755859375,194.9499969482422,194.9499969482422,6450200,0.0,0.0
2017-10-12 00:00:00-04:00,196.75,198.6199951171875,194.7100067138672,195.86000061035156,195.86000061035156,7753300,0.0,0.0
2017-10-13 00:00:00-04:00,199.6999969482422,200.82000732421875,197.19000244140625,199.49000549316406,199.49000549316406,12081300,0.0,0.0
2017-10-16 00:00:00-04:00,201.9499969482422,202.8300018310547,197.86000061035156,202.67999267578125,202.67999267578125,22105400,0.0,0.0
2017-10-17 00:00:00-04:00,200.11000061035156,204.3800048828125,197.77000427246094,199.47999572753906,199.47999572753906,23900100,0.0,0.0
2017-10-18 00:00:00-04:00,199.99000549316406,200.00999450683594,194.25,195.5399932861328,195.5399932861328,11198900,0.0,0.0
2017-10-19 00:00:00-04:00,193.00999450683594,195.25,191.16000366210938,195.1300048828125,195.1300048828125,7034600,0.0,0.0
2017-10-20 00:00:00-04:00,195.89999389648438,196.3800048828125,193.77000427246094,194.16000366210938,194.16000366210938,5995600,0.0,0.0
2017-10-23 00:00:00-04:00,194.1699981689453,194.89999389648438,191.02999877929688,192.47000122070312,192.47000122070312,6980000,0.0,0.0
2017-10-24 00:00:00-04:00,192.75,196.74000549316406,191.39999389648438,196.02000427246094,196.02000427246094,7069100,0.0,0.0
2017-10-25 00:00:00-04:00,195.3800048828125,197.05999755859375,193.00999450683594,193.77000427246094,193.77000427246094,5315300,0.0,0.0
2017-10-26 00:00:00-04:00,194.66000366210938,197.61000061035156,194.0800018310547,195.2100067138672,195.2100067138672,5185800,0.0,0.0
2017-10-27 00:00:00-04:00,197.1999969482422,200.64999389648438,196.22000122070312,199.5399932861328,199.5399932861328,8128600,0.0,0.0
2017-10-30 00:00:00-04:00,199.6199951171875,201.10000610351562,197.07000732421875,198.3699951171875,198.3699951171875,5439600,0.0,0.0
2017-10-31 00:00:00-04:00,198.2100067138672,198.58999633789062,195.22000122070312,196.42999267578125,196.42999267578125,5518600,0.0,0.0
2017-11-01 00:00:00-04:00,197.24000549316406,199.1999969482422,196.0,198.0,198.0,5017400,0.0,0.0
2017-11-02 00:00:00-04:00,197.4499969482422,199.44000244140625,197.08999633789062,199.32000732421875,199.32000732421875,3606300,0.0,0.0
2017-11-03 00:00:00-04:00,199.8000030517578,200.5500030517578,197.99000549316406,200.00999450683594,200.00999450683594,3678800,0.0,0.0
2017-11-06 00:00:00-05:00,200.0,202.47999572753906,198.08999633789062,200.1300048828125,200.1300048828125,5846600,0.0,0.0
2017-11-07 00:00:00-05:00,200.0,200.61000061035156,194.8000030517578,195.88999938964844,195.88999938964844,6468000,0.0,0.0
2017-11-08 00:00:00-05:00,196.0,197.08999633789062,194.74000549316406,196.44000244140625,196.44000244140625,4237400,0.0,0.0
2017-11-09 00:00:00-05:00,194.4600067138672,194.49000549316406,190.80999755859375,193.89999389648438,193.89999389648438,5979900,0.0,0.0
2017-11-10 00:00:00-05:00,191.61000061035156,192.58999633789062,189.5,192.02000427246094,192.02000427246094,6622200,0.0,0.0
2017-11-13 00:00:00-05:00,191.1199951171875,196.0500030517578,191.0,195.0800018310547,195.0800018310547,4607000,0.0,0.0
2017-11-14 00:00:00-05:00,193.63999938964844,195.8800048828125,193.0,195.7100067138672,195.7100067138672,3450500,0.0,0.0
2017-11-15 00:00:00-05:00,194.5399932861328,195.4199981689453,191.52999877929688,192.1199951171875,192.1199951171875,4203100,0.0,0.0
2017-11-16 00:00:00-05:00,194.3300018310547,197.6999969482422,193.75,195.50999450683594,195.50999450683594,5678400,0.0,0.0
2017-11-17 00:00:00-05:00,195.74000549316406,195.9499969482422,192.64999389648438,193.1999969482422,193.1999969482422,3906300,0.0,0.0
2017-11-20 00:00:00-05:00,193.3000030517578,194.32000732421875,191.89999389648438,194.10000610351562,194.10000610351562,3827500,0.0,0.0
2017-11-21 00:00:00-05:00,195.0399932861328,197.52000427246094,194.97000122070312,196.22999572753906,196.22999572753906,4787300,0.0,0.0
2017-11-22 00:00:00-05:00,196.5800018310547,196.75,193.6300048828125,196.32000732421875,196.32000732421875,5895400,0.0,0.0
2017-11-24 00:00:00-05:00,196.64999389648438,196.89999389648438,195.3300018310547,195.75,195.75,2160500,0.0,0.0
2017-11-27 00:00:00-05:00,195.55999755859375,195.85000610351562,194.0,195.0500030517578,195.0500030517578,3210100,0.0,0.0
2017-11-28 00:00:00-05:00,195.33999633789062,199.67999267578125,194.00999450683594,199.17999267578125,199.17999267578125,6981100,0.0,0.0
2017-11-29 00:00:00-05:00,198.91000366210938,199.02999877929688,184.32000732421875,188.14999389648438,188.14999389648438,14202700,0.0,0.0
2017-11-30 00:00:00-05:00,190.30999755859375,190.86000061035156,186.67999267578125,187.5800018310547,187.5800018310547,6630100,0.0,0.0
2017-12-01 00:00:00-05:00,186.99000549316406,189.8000030517578,185.0,186.82000732421875,186.82000732421875,6219500,0.0,0.0
2017-12-04 00:00:00-05:00,189.36000061035156,189.72000122070312,178.3800048828125,184.0399932861328,184.0399932861328,9069800,0.0,0.0
2017-12-05 00:00:00-05:00,183.5,188.13999938964844,181.19000244140625,184.2100067138672,184.2100067138672,5783700,0.0,0.0
2017-12-06 00:00:00-05:00,183.3800048828125,186.47999572753906,182.8800048828125,185.3000030517578,185.3000030517578,5490100,0.0,0.0
2017-12-07 00:00:00-05:00,185.7100067138672,187.33999633789062,183.22000122070312,185.1999969482422,185.1999969482422,4659500,0.0,0.0
2017-12-08 00:00:00-05:00,186.5,189.4199981689453,186.3000030517578,188.5399932861328,188.5399932861328,4987300,0.0,0.0
2017-12-11 00:00:00-05:00,187.85000610351562,189.4199981689453,185.91000366210938,186.22000122070312,186.22000122070312,5298600,0.0,0.0
2017-12-12 00:00:00-05:00,186.00999450683594,187.85000610351562,184.82000732421875,185.72999572753906,185.72999572753906,4265900,0.0,0.0
2017-12-13 00:00:00-05:00,186.10000610351562,188.69000244140625,185.41000366210938,187.86000061035156,187.86000061035156,4710000,0.0,0.0
2017-12-14 00:00:00-05:00,187.97999572753906,192.63999938964844,187.1999969482422,189.55999755859375,189.55999755859375,7792800,0.0,0.0
2017-12-15 00:00:00-05:00,189.61000061035156,191.42999267578125,188.00999450683594,190.1199951171875,190.1199951171875,7285600,0.0,0.0
2017-12-18 00:00:00-05:00,191.1999969482422,191.64999389648438,188.89999389648438,190.4199981689453,190.4199981689453,5011000,0.0,0.0
2017-12-19 00:00:00-05:00,190.17999267578125,190.3000030517578,185.75,187.02000427246094,187.02000427246094,7033000,0.0,0.0
2017-12-20 00:00:00-05:00,187.94000244140625,189.11000061035156,185.25999450683594,188.82000732421875,188.82000732421875,6545400,0.0,0.0
2017-12-21 00:00:00-05:00,189.44000244140625,190.9499969482422,187.5800018310547,188.6199951171875,188.6199951171875,4729800,0.0,0.0
2017-12-22 00:00:00-05:00,188.3300018310547,190.9499969482422,186.8000030517578,189.94000244140625,189.94000244140625,3878900,0.0,0.0
2017-12-26 00:00:00-05:00,189.77999877929688,189.94000244140625,186.39999389648438,187.75999450683594,187.75999450683594,3045700,0.0,0.0
2017-12-27 00:00:00-05:00,187.8000030517578,188.10000610351562,185.22000122070312,186.24000549316406,186.24000549316406,4002100,0.0,0.0
2017-12-28 00:00:00-05:00,187.17999267578125,194.49000549316406,186.85000610351562,192.7100067138672,192.7100067138672,10107400,0.0,0.0
2017-12-29 00:00:00-05:00,192.50999450683594,193.9499969482422,191.22000122070312,191.9600067138672,191.9600067138672,5187600,0.0,0.0
2018-01-02 00:00:00-05:00,196.10000610351562,201.64999389648438,195.4199981689453,201.07000732421875,201.07000732421875,10966900,0.0,0.0
2018-01-03 00:00:00-05:00,202.0500030517578,206.2100067138672,201.5,205.0500030517578,205.0500030517578,8591400,0.0,0.0
2018-01-04 00:00:00-05:00,206.1999969482422,207.0500030517578,204.0,205.6300048828125,205.6300048828125,6029600,0.0,0.0
2018-01-05 00:00:00-05:00,207.25,210.02000427246094,205.58999633789062,209.99000549316406,209.99000549316406,7033200,0.0,0.0
2018-01-08 00:00:00-05:00,210.02000427246094,212.5,208.44000244140625,212.0500030517578,212.0500030517578,5580200,0.0,0.0
2018-01-09 00:00:00-05:00,212.11000061035156,212.97999572753906,208.58999633789062,209.30999755859375,209.30999755859375,6125900,0.0,0.0
2018-01-10 00:00:00-05:00,207.57000732421875,213.63999938964844,206.91000366210938,212.52000427246094,212.52000427246094,5951500,0.0,0.0
2018-01-11 00:00:00-05:00,214.2899932861328,217.75,213.35000610351562,217.24000549316406,217.24000549316406,7659500,0.0,0.0
2018-01-12 00:00:00-05:00,217.17999267578125,222.5500030517578,216.0,221.22999572753906,221.22999572753906,8199400,0.0,0.0
2018-01-16 00:00:00-05:00,224.24000549316406,226.07000732421875,217.1999969482422,221.52999877929688,221.52999877929688,13516100,0.0,0.0
2018-01-17 00:00:00-05:00,221.0,221.14999389648438,216.32000732421875,217.5,217.5,9123100,0.0,0.0
2018-01-18 00:00:00-05:00,220.33999633789062,220.5800018310547,216.5500030517578,220.3300018310547,220.3300018310547,8225300,0.0,0.0
2018-01-19 00:00:00-05:00,222.75,223.49000549316406,218.5,220.4600067138672,220.4600067138672,10548600,0.0,0.0
2018-01-22 00:00:00-05:00,222.0,227.7899932861328,221.1999969482422,227.5800018310547,227.5800018310547,17703300,0.0,0.0
2018-01-23 00:00:00-05:00,255.0500030517578,257.7099914550781,248.02000427246094,250.2899932861328,250.2899932861328,27705300,0.0,0.0
2018-01-24 00:00:00-05:00,250.8800048828125,261.7099914550781,249.30999755859375,261.29998779296875,261.29998779296875,17352400,0.0,0.0
2018-01-25 00:00:00-05:00,263.0,272.29998779296875,260.2300109863281,269.70001220703125,269.70001220703125,15336400,0.0,0.0
2018-01-26 00:00:00-05:00,271.489990234375,274.6000061035156,268.760009765625,274.6000061035156,274.6000061035156,11021800,0.0,0.0
2018-01-29 00:00:00-05:00,274.20001220703125,286.80999755859375,273.9200134277344,284.5899963378906,284.5899963378906,17529700,0.0,0.0
2018-01-30 00:00:00-05:00,277.0,282.7300109863281,272.70001220703125,278.79998779296875,278.79998779296875,12482900,0.0,0.0
2018-01-31 00:00:00-05:00,281.94000244140625,282.2900085449219,269.5799865722656,270.29998779296875,270.29998779296875,11695100,0.0,0.0
2018-02-01 00:00:00-05:00,266.4100036621094,271.95001220703125,263.3800048828125,265.07000732421875,265.07000732421875,9669000,0.0,0.0
2018-02-02 00:00:00-05:00,263.0,270.6199951171875,262.7099914550781,267.42999267578125,267.42999267578125,9123600,0.0,0.0
2018-02-05 00:00:00-05:00,262.0,267.8999938964844,250.02999877929688,254.25999450683594,254.25999450683594,11896100,0.0,0.0
2018-02-06 00:00:00-05:00,247.6999969482422,266.70001220703125,245.0,265.7200012207031,265.7200012207031,12595800,0.0,0.0
2018-02-07 00:00:00-05:00,266.5799865722656,272.45001220703125,264.3299865722656,264.55999755859375,264.55999755859375,8981500,0.0,0.0
2018-02-08 00:00:00-05:00,267.0799865722656,267.6199951171875,250.0,250.10000610351562,250.10000610351562,9306700,0.0,0.0
2018-02-09 00:00:00-05:00,253.85000610351562,255.8000030517578,236.11000061035156,249.47000122070312,249.47000122070312,16906900,0.0,0.0
2018-02-12 00:00:00-05:00,252.13999938964844,259.1499938964844,249.0,257.95001220703125,257.95001220703125,8534900,0.0,0.0
2018-02-13 00:00:00-05:00,257.2900085449219,261.4100036621094,254.6999969482422,258.2699890136719,258.2699890136719,6855200,0.0,0.0
2018-02-14 00:00:00-05:00,260.4700012207031,269.8800048828125,260.3299865722656,266.0,266.0,10972000,0.0,0.0
2018-02-15 00:00:00-05:00,270.0299987792969,280.5,267.6300048828125,280.2699890136719,280.2699890136719,10759700,0.0,0.0
2018-02-16 00:00:00-05:00,278.7300109863281,281.9599914550781,275.69000244140625,278.5199890136719,278.5199890136719,8312400,0.0,0.0
2018-02-20 00:00:00-05:00,277.739990234375,285.80999755859375,276.6099853515625,278.54998779296875,278.54998779296875,7769000,0.0,0.0
2018-02-21 00:00:00-05:00,282.07000732421875,286.6400146484375,280.010009765625,281.0400085449219,281.0400085449219,9371100,0.0,0.0
2018-02-22 00:00:00-05:00,283.8800048828125,284.5,274.45001220703125,278.1400146484375,278.1400146484375,8891500,0.0,0.0
2018-02-23 00:00:00-05:00,281.0,286.0,277.80999755859375,285.92999267578125,285.92999267578125,7301800,0.0,0.0
2018-02-26 00:00:00-05:00,288.75,295.6499938964844,287.010009765625,294.1600036621094,294.1600036621094,10268600,0.0,0.0
2018-02-27 00:00:00-05:00,294.7699890136719,297.3599853515625,290.5899963378906,290.6099853515625,290.6099853515625,9416500,0.0,0.0
2018-02-28 00:00:00-05:00,293.1000061035156,295.75,290.7799987792969,291.3800048828125,291.3800048828125,7653500,0.0,0.0
2018-03-01 00:00:00-05:00,292.75,295.25,283.8299865722656,290.3900146484375,290.3900146484375,11932100,0.0,0.0
2018-03-02 00:00:00-05:00,284.6499938964844,301.17999267578125,283.2300109863281,301.04998779296875,301.04998779296875,13345300,0.0,0.0
2018-03-05 00:00:00-05:00,302.8500061035156,316.9100036621094,297.6000061035156,315.0,315.0,18986100,0.0,0.0
2018-03-06 00:00:00-05:00,319.8800048828125,325.7900085449219,316.5,325.2200012207031,325.2200012207031,18525800,0.0,0.0
2018-03-07 00:00:00-05:00,320.0,323.739990234375,314.54998779296875,321.1600036621094,321.1600036621094,17132200,0.0,0.0
2018-03-08 00:00:00-05:00,322.20001220703125,322.9200134277344,314.1300048828125,317.0,317.0,11340100,0.0,0.0
2018-03-09 00:00:00-05:00,321.3299865722656,331.44000244140625,320.2300109863281,331.44000244140625,331.44000244140625,14500200,0.0,0.0
2018-03-12 00:00:00-04:00,333.55999755859375,333.9800109863281,318.6000061035156,321.29998779296875,321.29998779296875,20369200,0.0,0.0
2018-03-13 00:00:00-04:00,323.8699951171875,325.8399963378906,313.2799987792969,315.8800048828125,315.8800048828125,12917200,0.0,0.0
2018-03-14 00:00:00-04:00,318.1600036621094,323.8800048828125,317.70001220703125,321.54998779296875,321.54998779296875,10475100,0.0,0.0
2018-03-15 00:00:00-04:00,323.1700134277344,323.3999938964844,318.1400146484375,321.0899963378906,321.0899963378906,5642900,0.0,0.0
2018-03-16 00:00:00-04:00,321.4200134277344,324.1099853515625,318.3699951171875,318.45001220703125,318.45001220703125,7333700,0.0,0.0
2018-03-19 00:00:00-04:00,315.79998779296875,317.0,307.3399963378906,313.4800109863281,313.4800109863281,9925200,0.0,0.0
2018-03-20 00:00:00-04:00,313.260009765625,319.5,312.79998779296875,317.5,317.5,5991900,0.0,0.0
2018-03-21 00:00:00-04:00,316.3500061035156,319.3999938964844,314.510009765625,316.4800109863281,316.4800109863281,5263900,0.0,0.0
2018-03-22 00:00:00-04:00,313.07000732421875,314.1199951171875,305.6600036621094,306.70001220703125,306.70001220703125,8063300,0.0,0.0
2018-03-23 00:00:00-04:00,307.4100036621094,309.3699951171875,300.3599853515625,300.94000244140625,300.94000244140625,9529900,0.0,0.0
2018-03-26 00:00:00-04:00,309.3599853515625,321.0299987792969,302.0,320.3500061035156,320.3500061035156,11988300,0.0,0.0
2018-03-27 00:00:00-04:00,322.489990234375,322.8999938964844,297.0,300.69000244140625,300.69000244140625,12068600,0.0,0.0
2018-03-28 00:00:00-04:00,298.3900146484375,298.79998779296875,281.6099853515625,285.7699890136719,285.7699890136719,18972900,0.0,0.0
2018-03-29 00:00:00-04:00,287.0,295.3500061035156,275.8999938964844,295.3500061035156,295.3500061035156,19145500,0.0,0.0
2018-04-02 00:00:00-04:00,291.94000244140625,292.8699951171875,275.04998779296875,280.2900085449219,280.2900085449219,13405800,0.0,0.0
2018-04-03 00:00:00-04:00,285.45001220703125,291.25,278.010009765625,283.6700134277344,283.6700134277344,12694900,0.0,0.0
2018-04-04 00:00:00-04:00,273.6300048828125,290.30999755859375,271.2200012207031,288.94000244140625,288.94000244140625,12914000,0.0,0.0
2018-04-05 00:00:00-04:00,293.1499938964844,299.1600036621094,289.1099853515625,293.9700012207031,293.9700012207031,10655200,0.0,0.0
2018-04-06 00:00:00-04:00,289.1000061035156,298.8500061035156,285.6499938964844,288.8500061035156,288.8500061035156,11444800,0.0,0.0
2018-04-09 00:00:00-04:00,291.7699890136719,299.54998779296875,289.1199951171875,289.92999267578125,289.92999267578125,9853600,0.0,0.0
2018-04-10 00:00:00-04:00,297.67999267578125,298.95001220703125,291.69000244140625,298.07000732421875,298.07000732421875,10660500,0.0,0.0
2018-04-11 00:00:00-04:00,302.8800048828125,311.6400146484375,301.82000732421875,303.6700134277344,303.6700134277344,14877400,0.0,0.0
2018-04-12 00:00:00-04:00,309.7200012207031,311.1300048828125,306.75,309.25,309.25,10249400,0.0,0.0
2018-04-13 00:00:00-04:00,317.2900085449219,317.489990234375,308.2300109863281,311.6499938964844,311.6499938964844,12046600,0.0,0.0
2018-04-16 00:00:00-04:00,315.989990234375,316.1000061035156,304.0,307.7799987792969,307.7799987792969,20307900,0.0,0.0
2018-04-17 00:00:00-04:00,329.6600036621094,338.6199951171875,323.7699890136719,336.05999755859375,336.05999755859375,33866500,0.0,0.0
2018-04-18 00:00:00-04:00,336.29998779296875,338.82000732421875,331.1000061035156,334.5199890136719,334.5199890136719,11221100,0.0,0.0
2018-04-19 00:00:00-04:00,332.8800048828125,335.30999755859375,326.7699890136719,332.70001220703125,332.70001220703125,8438800,0.0,0.0
2018-04-20 00:00:00-04:00,332.2200012207031,336.510009765625,326.0,327.7699890136719,327.7699890136719,9158700,0.0,0.0
2018-04-23 00:00:00-04:00,329.1499938964844,331.2200012207031,317.0799865722656,318.69000244140625,318.69000244140625,8968000,0.0,0.0
2018-04-24 00:00:00-04:00,319.2200012207031,320.25,302.30999755859375,307.0199890136719,307.0199890136719,13893200,0.0,0.0
2018-04-25 00:00:00-04:00,306.3699951171875,309.9800109863281,292.6199951171875,305.760009765625,305.760009765625,14919700,0.0,0.0
2018-04-26 00:00:00-04:00,310.0,316.6300048828125,305.5799865722656,313.9800109863281,313.9800109863281,9266700,0.0,0.0
2018-04-27 00:00:00-04:00,316.25,317.45001220703125,306.5,311.760009765625,311.760009765625,7074400,0.0,0.0
2018-04-30 00:00:00-04:00,311.07000732421875,317.8800048828125,310.1199951171875,312.4599914550781,312.4599914550781,6088800,0.0,0.0
2018-05-01 00:00:00-04:00,310.3599853515625,313.4800109863281,306.69000244140625,313.29998779296875,313.29998779296875,6036600,0.0,0.0
2018-05-02 00:00:00-04:00,311.6499938964844,317.1000061035156,310.3999938964844,313.3599853515625,313.3599853515625,5697100,0.0,0.0
2018-05-03 00:00:00-04:00,312.5899963378906,312.5899963378906,305.7300109863281,311.69000244140625,311.69000244140625,6135800,0.0,0.0
2018-05-04 00:00:00-04:00,308.7099914550781,320.9800109863281,307.6700134277344,320.0899963378906,320.0899963378906,8209500,0.0,0.0
2018-05-07 00:00:00-04:00,321.989990234375,329.0199890136719,319.3399963378906,326.260009765625,326.260009765625,7117800,0.0,0.0
2018-05-08 00:00:00-04:00,325.8999938964844,327.3500061035156,323.04998779296875,326.8900146484375,326.8900146484375,4735700,0.0,0.0
2018-05-09 00:00:00-04:00,328.7900085449219,331.95001220703125,327.510009765625,330.29998779296875,330.29998779296875,5633400,0.0,0.0
2018-05-10 00:00:00-04:00,331.5,332.05999755859375,327.3399963378906,329.6000061035156,329.6000061035156,5302300,0.0,0.0
2018-05-11 00:00:00-04:00,329.6499938964844,331.260009765625,324.8699951171875,326.4599914550781,326.4599914550781,4589700,0.0,0.0
2018-05-14 00:00:00-04:00,327.25,330.5,327.0400085449219,328.5299987792969,328.5299987792969,4089800,0.0,0.0
2018-05-15 00:00:00-04:00,325.94000244140625,326.94000244140625,322.42999267578125,326.1300048828125,326.1300048828125,4746100,0.0,0.0
2018-05-16 00:00:00-04:00,326.2799987792969,329.7200012207031,325.1400146484375,328.19000244140625,328.19000244140625,3671700,0.0,0.0
2018-05-17 00:00:00-04:00,327.5299987792969,330.45001220703125,323.1700134277344,325.2200012207031,325.2200012207031,4935700,0.0,0.0
2018-05-18 00:00:00-04:00,324.8999938964844,326.4200134277344,322.79998779296875,324.17999267578125,324.17999267578125,3577700,0.0,0.0
2018-05-21 00:00:00-04:00,327.1099853515625,331.8800048828125,325.45001220703125,331.82000732421875,331.82000732421875,6657300,0.0,0.0
2018-05-22 00:00:00-04:00,334.04998779296875,336.6300048828125,331.1499938964844,331.6199951171875,331.6199951171875,5964400,0.0,0.0
2018-05-23 00:00:00-04:00,329.0400085449219,345.0,328.0899963378906,344.7200012207031,344.7200012207031,10049100,0.0,0.0
2018-05-24 00:00:00-04:00,344.3399963378906,354.0,341.1199951171875,349.2900085449219,349.2900085449219,14758600,0.0,0.0
2018-05-25 00:00:00-04:00,349.8999938964844,354.3599853515625,348.8299865722656,351.2900085449219,351.2900085449219,7817400,0.0,0.0
2018-05-29 00:00:00-04:00,351.5,356.1000061035156,346.7099914550781,349.7300109863281,349.7300109863281,9717900,0.0,0.0
2018-05-30 00:00:00-04:00,352.3699951171875,354.0,349.260009765625,353.5400085449219,353.5400085449219,5685500,0.0,0.0
2018-05-31 00:00:00-04:00,353.79998779296875,355.5299987792969,350.2099914550781,351.6000061035156,351.6000061035156,6921700,0.0,0.0
2018-06-01 00:00:00-04:00,353.8800048828125,359.989990234375,352.82000732421875,359.92999267578125,359.92999267578125,7112300,0.0,0.0
2018-06-04 00:00:00-04:00,362.67999267578125,363.0,355.510009765625,361.80999755859375,361.80999755859375,7682000,0.0,0.0
2018-06-05 00:00:00-04:00,363.32000732421875,369.8299865722656,361.4100036621094,365.79998779296875,365.79998779296875,8358000,0.0,0.0
2018-06-06 00:00:00-04:00,367.7799987792969,369.67999267578125,363.3299865722656,367.45001220703125,367.45001220703125,7712300,0.0,0.0
2018-06-07 00:00:00-04:00,368.5400085449219,368.70001220703125,357.79998779296875,361.3999938964844,361.3999938964844,8278000,0.0,0.0
2018-06-08 00:00:00-04:00,358.05999755859375,362.3900146484375,356.25,360.57000732421875,360.57000732421875,5225700,0.0,0.0
2018-06-11 00:00:00-04:00,361.8800048828125,365.6700134277344,360.9100036621094,361.45001220703125,361.45001220703125,4432400,0.0,0.0
2018-06-12 00:00:00-04:00,363.6000061035156,365.9800109863281,362.0,363.8299865722656,363.8299865722656,4291000,0.0,0.0
2018-06-13 00:00:00-04:00,367.5299987792969,384.25,364.1099853515625,379.92999267578125,379.92999267578125,18222800,0.0,0.0
2018-06-14 00:00:00-04:00,384.2699890136719,395.0299987792969,383.25,392.8699951171875,392.8699951171875,14598300,0.0,0.0
2018-06-15 00:00:00-04:00,390.7099914550781,398.8599853515625,387.510009765625,391.9800109863281,391.9800109863281,13588100,0.0,0.0
2018-06-18 00:00:00-04:00,387.7200012207031,393.1600036621094,386.5,390.3999938964844,390.3999938964844,6824800,0.0,0.0
2018-06-19 00:00:00-04:00,389.5,405.2900085449219,388.5,404.9800109863281,404.9800109863281,16697100,0.0,0.0
2018-06-20 00:00:00-04:00,415.1499938964844,419.4700012207031,409.6000061035156,416.760009765625,416.760009765625,16494600,0.0,0.0
2018-06-21 00:00:00-04:00,421.3800048828125,423.2099914550781,406.3699951171875,415.44000244140625,415.44000244140625,18389900,0.0,0.0
2018-06-22 00:00:00-04:00,419.9800109863281,420.5,409.6499938964844,411.0899963378906,411.0899963378906,10428600,0.0,0.0
2018-06-25 00:00:00-04:00,404.69000244140625,405.989990234375,378.75,384.4800109863281,384.4800109863281,22490900,0.0,0.0
2018-06-26 00:00:00-04:00,393.2799987792969,404.7799987792969,389.04998779296875,399.3900146484375,399.3900146484375,15191200,0.0,0.0
2018-06-27 00:00:00-04:00,407.55999755859375,411.5899963378906,390.0,390.3900146484375,390.3900146484375,16541400,0.0,0.0
2018-06-28 00:00:00-04:00,395.0,396.8999938964844,387.1000061035156,395.4200134277344,395.4200134277344,12219900,0.0,0.0
2018-06-29 00:00:00-04:00,399.19000244140625,401.3299865722656,390.54998779296875,391.42999267578125,391.42999267578125,9252500,0.0,0.0
2018-07-02 00:00:00-04:00,385.45001220703125,398.3800048828125,380.0,398.17999267578125,398.17999267578125,8142500,0.0,0.0
2018-07-03 00:00:00-04:00,399.489990234375,399.9800109863281,389.5,390.5199890136719,390.5199890136719,5280300,0.0,0.0
2018-07-05 00:00:00-04:00,393.79998779296875,399.239990234375,390.8599853515625,398.3900146484375,398.3900146484375,8448900,0.0,0.0
2018-07-06 00:00:00-04:00,397.45001220703125,408.6499938964844,395.5199890136719,408.25,408.25,8629600,0.0,0.0
2018-07-09 00:00:00-04:00,415.95001220703125,419.1199951171875,411.1000061035156,418.9700012207031,418.9700012207031,11127500,0.0,0.0
2018-07-10 00:00:00-04:00,417.239990234375,419.44000244140625,413.0799865722656,415.6300048828125,415.6300048828125,9382900,0.0,0.0
2018-07-11 00:00:00-04:00,411.3399963378906,419.7699890136719,410.6000061035156,418.6499938964844,418.6499938964844,9713900,0.0,0.0
2018-07-12 00:00:00-04:00,415.1600036621094,416.7900085449219,407.79998779296875,413.5,413.5,12743300,0.0,0.0
2018-07-13 00:00:00-04:00,409.19000244140625,410.0,395.0799865722656,395.79998779296875,395.79998779296875,15719000,0.0,0.0
2018-07-16 00:00:00-04:00,398.9800109863281,403.3599853515625,391.75,400.4800109863281,400.4800109863281,22960000,0.0,0.0
2018-07-17 00:00:00-04:00,346.95001220703125,385.0,344.0,379.4800109863281,379.4800109863281,58410400,0.0,0.0
2018-07-18 00:00:00-04:00,381.239990234375,383.1300048828125,372.3599853515625,375.1300048828125,375.1300048828125,21746300,0.0,0.0
2018-07-19 00:00:00-04:00,371.05999755859375,375.75,363.0,364.2300109863281,364.2300109863281,16878700,0.0,0.0
2018-07-20 00:00:00-04:00,364.9200134277344,370.5,360.1400146484375,361.04998779296875,361.04998779296875,15096700,0.0,0.0
2018-07-23 00:00:00-04:00,359.1499938964844,363.8999938964844,353.6000061035156,362.6600036621094,362.6600036621094,11505200,0.0,0.0
2018-07-24 00:00:00-04:00,366.94000244140625,367.3999938964844,354.55999755859375,357.32000732421875,357.32000732421875,12851500,0.0,0.0
2018-07-25 00:00:00-04:00,357.57000732421875,363.2799987792969,355.6499938964844,362.8699951171875,362.8699951171875,8467800,0.0,0.0
2018-07-26 00:00:00-04:00,358.19000244140625,365.5400085449219,356.6300048828125,363.0899963378906,363.0899963378906,6993700,0.0,0.0
2018-07-27 00:00:00-04:00,366.8500061035156,367.0,351.6499938964844,355.2099914550781,355.2099914550781,8949500,0.0,0.0
2018-07-30 00:00:00-04:00,351.92999267578125,352.0299987792969,334.0199890136719,334.9599914550781,334.9599914550781,18260700,0.0,0.0
2018-07-31 00:00:00-04:00,331.510009765625,342.5,328.0,337.45001220703125,337.45001220703125,14085400,0.0,0.0
2018-08-01 00:00:00-04:00,335.8699951171875,344.4100036621094,334.0199890136719,338.3800048828125,338.3800048828125,7790500,0.0,0.0
2018-08-02 00:00:00-04:00,337.2300109863281,345.0,334.7099914550781,344.5,344.5,7131300,0.0,0.0
2018-08-03 00:00:00-04:00,347.75,347.8599853515625,338.4800109863281,343.0899963378906,343.0899963378906,8848400,0.0,0.0
2018-08-06 00:00:00-04:00,342.8699951171875,351.9800109863281,341.739990234375,350.9200134277344,350.9200134277344,8198100,0.0,0.0
2018-08-07 00:00:00-04:00,353.2300109863281,357.30999755859375,349.010009765625,351.8299865722656,351.8299865722656,7970900,0.0,0.0
2018-08-08 00:00:00-04:00,352.2099914550781,352.2900085449219,346.6099853515625,347.6099853515625,347.6099853515625,5394700,0.0,0.0
2018-08-09 00:00:00-04:00,347.9599914550781,352.44000244140625,345.82000732421875,349.3599853515625,349.3599853515625,4820300,0.0,0.0
2018-08-10 00:00:00-04:00,346.9100036621094,349.1000061035156,344.4200134277344,345.8699951171875,345.8699951171875,4328400,0.0,0.0
2018-08-13 00:00:00-04:00,339.8900146484375,347.19000244140625,339.07000732421875,341.30999755859375,341.30999755859375,6888900,0.0,0.0
2018-08-14 00:00:00-04:00,342.0899963378906,342.4100036621094,336.25,337.489990234375,337.489990234375,5805200,0.0,0.0
2018-08-15 00:00:00-04:00,334.0299987792969,335.5,321.0,326.3999938964844,326.3999938964844,11784500,0.0,0.0
2018-08-16 00:00:00-04:00,329.8999938964844,331.1700134277344,321.2099914550781,322.44000244140625,322.44000244140625,6689700,0.0,0.0
2018-08-17 00:00:00-04:00,319.010009765625,324.3699951171875,312.9599914550781,316.7799987792969,316.7799987792969,10407900,0.0,0.0
2018-08-20 00:00:00-04:00,314.6400146484375,331.6000061035156,310.92999267578125,327.7300109863281,327.7300109863281,13591100,0.0,0.0
2018-08-21 00:00:00-04:00,331.0,341.5,329.70001220703125,338.0199890136719,338.0199890136719,14783200,0.0,0.0
2018-08-22 00:00:00-04:00,338.489990234375,346.2099914550781,337.4100036621094,344.44000244140625,344.44000244140625,8930700,0.0,0.0
2018-08-23 00:00:00-04:00,348.1099853515625,350.0799865722656,337.6499938964844,339.1700134277344,339.1700134277344,11336400,0.0,0.0
2018-08-24 00:00:00-04:00,346.0,359.1499938964844,344.5400085449219,358.82000732421875,358.82000732421875,14729100,0.0,0.0
2018-08-27 00:00:00-04:00,367.1499938964844,374.489990234375,360.0,364.5799865722656,364.5799865722656,17427300,0.0,0.0
2018-08-28 00:00:00-04:00,367.2300109863281,369.989990234375,360.3800048828125,368.489990234375,368.489990234375,9222600,0.0,0.0
2018-08-29 00:00:00-04:00,367.20001220703125,369.8599853515625,362.9100036621094,368.0400085449219,368.0400085449219,8118700,0.0,0.0
2018-08-30 00:00:00-04:00,365.0,376.80999755859375,363.5400085449219,370.9800109863281,370.9800109863281,10981000,0.0,0.0
2018-08-31 00:00:00-04:00,370.6600036621094,376.0,367.0799865722656,367.67999267578125,367.67999267578125,7943400,0.0,0.0
2018-09-04 00:00:00-04:00,366.4700012207031,368.8800048828125,361.260009765625,363.6000061035156,363.6000061035156,7605200,0.0,0.0
2018-09-05 00:00:00-04:00,360.0,363.3900146484375,335.8299865722656,341.17999267578125,341.17999267578125,13092800,0.0,0.0
2018-09-06 00:00:00-04:00,347.44000244140625,356.0,341.989990234375,346.4599914550781,346.4599914550781,13050200,0.0,0.0
2018-09-07 00:00:00-04:00,342.20001220703125,355.75,341.25,348.67999267578125,348.67999267578125,9105800,0.0,0.0
2018-09-10 00:00:00-04:00,352.2699890136719,352.5,343.0799865722656,348.4100036621094,348.4100036621094,5752200,0.0,0.0
2018-09-11 00:00:00-04:00,344.6700134277344,356.1499938964844,343.8999938964844,355.92999267578125,355.92999267578125,6198100,0.0,0.0
2018-09-12 00:00:00-04:00,359.0799865722656,370.42999267578125,356.239990234375,369.95001220703125,369.95001220703125,10480800,0.0,0.0
2018-09-13 00:00:00-04:00,371.9100036621094,374.0899963378906,366.8399963378906,368.1499938964844,368.1499938964844,8366100,0.0,0.0
2018-09-14 00:00:00-04:00,368.54998779296875,371.0899963378906,363.4599914550781,364.55999755859375,364.55999755859375,4756400,0.0,0.0
2018-09-17 00:00:00-04:00,364.2200012207031,367.3299865722656,349.57000732421875,350.3500061035156,350.3500061035156,7071900,0.0,0.0
2018-09-18 00:00:00-04:00,353.6700134277344,368.1499938964844,351.55999755859375,367.6499938964844,367.6499938964844,10414000,0.0,0.0
2018-09-19 00:00:00-04:00,373.95001220703125,377.6099853515625,359.1700134277344,366.9599914550781,366.9599914550781,11876800,0.0,0.0
2018-09-20 00:00:00-04:00,370.260009765625,370.260009765625,363.1700134277344,365.3599853515625,365.3599853515625,6768100,0.0,0.0
2018-09-21 00:00:00-04:00,366.5899963378906,372.2200012207031,360.739990234375,361.19000244140625,361.19000244140625,11930600,0.0,0.0
2018-09-24 00:00:00-04:00,359.0,373.6400146484375,354.3299865722656,369.6099853515625,369.6099853515625,9322500,0.0,0.0
2018-09-25 00:00:00-04:00,370.2300109863281,371.3399963378906,364.489990234375,369.42999267578125,369.42999267578125,6799800,0.0,0.0
2018-09-26 00:00:00-04:00,373.5899963378906,382.0,370.8800048828125,377.8800048828125,377.8800048828125,13799700,0.0,0.0
2018-09-27 00:00:00-04:00,379.8699951171875,383.20001220703125,376.0,380.7099914550781,380.7099914550781,7326200,0.0,0.0
2018-09-28 00:00:00-04:00,379.239990234375,380.79998779296875,373.7300109863281,374.1300048828125,374.1300048828125,7114900,0.0,0.0
2018-10-01 00:00:00-04:00,375.8500061035156,386.1099853515625,375.5899963378906,381.42999267578125,381.42999267578125,8376600,0.0,0.0
2018-10-02 00:00:00-04:00,384.3800048828125,386.79998779296875,373.8299865722656,377.1400146484375,377.1400146484375,8638700,0.0,0.0
2018-10-03 00:00:00-04:00,378.5299987792969,380.92999267578125,374.8800048828125,377.04998779296875,377.04998779296875,5798600,0.0,0.0
2018-10-04 00:00:00-04:00,375.8800048828125,375.9200134277344,360.3999938964844,363.6499938964844,363.6499938964844,9074400,0.0,0.0
2018-10-05 00:00:00-04:00,359.7699890136719,363.5,343.0,351.3500061035156,351.3500061035156,13523000,0.0,0.0
2018-10-08 00:00:00-04:00,345.17999267578125,352.95001220703125,338.1099853515625,349.1000061035156,349.1000061035156,12375500,0.0,0.0
2018-10-09 00:00:00-04:00,348.4800109863281,358.7200012207031,347.0899963378906,355.7099914550781,355.7099914550781,8755000,0.0,0.0
2018-10-10 00:00:00-04:00,353.5199890136719,355.1499938964844,325.3900146484375,325.8900146484375,325.8900146484375,17183100,0.0,0.0
2018-10-11 00:00:00-04:00,324.94000244140625,334.20001220703125,315.80999755859375,321.1000061035156,321.1000061035156,16082100,0.0,0.0
2018-10-12 00:00:00-04:00,339.57000732421875,341.29998779296875,328.8999938964844,339.55999755859375,339.55999755859375,14870800,0.0,0.0
2018-10-15 00:00:00-04:00,337.6300048828125,339.2099914550781,326.92999267578125,333.1300048828125,333.1300048828125,11215000,0.0,0.0
2018-10-16 00:00:00-04:00,337.239990234375,347.95001220703125,330.55999755859375,346.3999938964844,346.3999938964844,20156400,0.0,0.0
2018-10-17 00:00:00-04:00,378.3299865722656,380.0,356.5,364.70001220703125,364.70001220703125,32610900,0.0,0.0
2018-10-18 00:00:00-04:00,360.6700134277344,362.20001220703125,346.04998779296875,346.7099914550781,346.7099914550781,18461000,0.0,0.0
2018-10-19 00:00:00-04:00,351.0,355.79998779296875,332.20001220703125,332.6700134277344,332.6700134277344,16717200,0.0,0.0
2018-10-22 00:00:00-04:00,333.1000061035156,335.79998779296875,320.3399963378906,329.5400085449219,329.5400085449219,17097200,0.0,0.0
2018-10-23 00:00:00-04:00,318.0,336.5799865722656,316.7699890136719,333.1600036621094,333.1600036621094,14907300,0.0,0.0
2018-10-24 00:00:00-04:00,332.2799987792969,333.0,300.7300109863281,301.8299865722656,301.8299865722656,19039300,0.0,0.0
2018-10-25 00:00:00-04:00,307.1199951171875,319.94000244140625,305.25,312.8699951171875,312.8699951171875,13346900,0.0,0.0
2018-10-26 00:00:00-04:00,300.510009765625,313.989990234375,292.29998779296875,299.8299865722656,299.8299865722656,19616000,0.0,0.0
2018-10-29 00:00:00-04:00,305.260009765625,307.8900146484375,275.3999938964844,284.8399963378906,284.8399963378906,21698800,0.0,0.0
2018-10-30 00:00:00-04:00,275.57000732421875,290.5199890136719,271.2099914550781,285.80999755859375,285.80999755859375,23685700,0.0,0.0
2018-10-31 00:00:00-04:00,297.7699890136719,311.5,295.04998779296875,301.7799987792969,301.7799987792969,20360300,0.0,0.0
2018-11-01 00:00:00-04:00,304.5899963378906,318.45001220703125,296.6700134277344,317.3800048828125,317.3800048828125,15121500,0.0,0.0
2018-11-02 00:00:00-04:00,318.0,321.8800048828125,308.3299865722656,309.1000061035156,309.1000061035156,13404600,0.0,0.0
2018-11-05 00:00:00-05:00,311.1000061035156,317.5299987792969,303.739990234375,315.44000244140625,315.44000244140625,10283000,0.0,0.0
2018-11-06 00:00:00-05:00,314.760009765625,320.2200012207031,305.29998779296875,310.8399963378906,310.8399963378906,9710400,0.0,0.0
2018-11-07 00:00:00-05:00,312.8999938964844,328.55999755859375,311.0,327.5,327.5,13328300,0.0,0.0
2018-11-08 00:00:00-05:00,328.0,332.04998779296875,316.6099853515625,317.9200134277344,317.9200134277344,11023900,0.0,0.0
2018-11-09 00:00:00-05:00,311.07000732421875,312.9800109863281,298.010009765625,303.4700012207031,303.4700012207031,13480800,0.0,0.0
2018-11-12 00:00:00-05:00,300.0,302.489990234375,290.6300048828125,294.07000732421875,294.07000732421875,10924800,0.0,0.0
2018-11-13 00:00:00-05:00,295.0,303.54998779296875,289.1000061035156,294.3999938964844,294.3999938964844,12232200,0.0,0.0
2018-11-14 00:00:00-05:00,300.3999938964844,301.8399963378906,278.29998779296875,286.7300109863281,286.7300109863281,16853600,0.0,0.0
2018-11-15 00:00:00-05:00,285.510009765625,292.5,282.1600036621094,290.05999755859375,290.05999755859375,9967100,0.0,0.0
2018-11-16 00:00:00-05:00,287.1400146484375,291.7200012207031,281.0,286.2099914550781,286.2099914550781,9099500,0.0,0.0
2018-11-19 00:00:00-05:00,283.7900085449219,285.0899963378906,269.1499938964844,270.6000061035156,270.6000061035156,12993800,0.0,0.0
2018-11-20 00:00:00-05:00,254.6300048828125,276.3399963378906,250.0,266.9800109863281,266.9800109863281,16693800,0.0,0.0
2018-11-21 00:00:00-05:00,274.4200134277344,275.3399963378906,261.510009765625,262.1300048828125,262.1300048828125,11023000,0.0,0.0
2018-11-23 00:00:00-05:00,260.1099853515625,265.5,256.8399963378906,258.82000732421875,258.82000732421875,5245100,0.0,0.0
2018-11-26 00:00:00-05:00,260.54998779296875,266.25,253.8000030517578,261.42999267578125,261.42999267578125,12498600,0.0,0.0
2018-11-27 00:00:00-05:00,259.239990234375,269.0799865722656,256.1400146484375,266.6300048828125,266.6300048828125,11149500,0.0,0.0
2018-11-28 00:00:00-05:00,271.9800109863281,284.0,263.3399963378906,282.6499938964844,282.6499938964844,14801300,0.0,0.0
2018-11-29 00:00:00-05:00,282.32000732421875,290.489990234375,275.5,288.75,288.75,15431500,0.0,0.0
2018-11-30 00:00:00-05:00,288.0,290.80999755859375,283.05999755859375,286.1300048828125,286.1300048828125,11860100,0.0,0.0
2018-12-03 00:00:00-05:00,293.19000244140625,298.7200012207031,284.5799865722656,290.29998779296875,290.29998779296875,14117400,0.0,0.0
2018-12-04 00:00:00-05:00,288.1300048828125,295.739990234375,274.7200012207031,275.3299865722656,275.3299865722656,12800600,0.0,0.0
2018-12-06 00:00:00-05:00,268.3299865722656,283.2200012207031,267.1400146484375,282.8800048828125,282.8800048828125,13074300,0.0,0.0
2018-12-07 00:00:00-05:00,282.4800109863281,284.2099914550781,263.3800048828125,265.1400146484375,265.1400146484375,12466700,0.0,0.0
2018-12-10 00:00:00-05:00,264.19000244140625,271.17999267578125,260.6099853515625,269.70001220703125,269.70001220703125,9605600,0.0,0.0
2018-12-11 00:00:00-05:00,274.0799865722656,274.5,262.760009765625,265.32000732421875,265.32000732421875,9843200,0.0,0.0
2018-12-12 00:00:00-05:00,267.6600036621094,281.7699890136719,266.4800109863281,274.8800048828125,274.8800048828125,11456700,0.0,0.0
2018-12-13 00:00:00-05:00,277.6400146484375,279.32000732421875,271.8500061035156,276.0199890136719,276.0199890136719,8379300,0.0,0.0
2018-12-14 00:00:00-05:00,271.80999755859375,277.6700134277344,265.0,266.8399963378906,266.8399963378906,9915300,0.0,0.0
2018-12-17 00:00:00-05:00,266.510009765625,272.9800109863281,261.0799865722656,262.79998779296875,262.79998779296875,9634700,0.0,0.0
2018-12-18 00:00:00-05:00,263.29998779296875,275.75,263.2900085449219,270.94000244140625,270.94000244140625,10350100,0.0,0.0
2018-12-19 00:00:00-05:00,269.9599914550781,280.8699951171875,263.7699890136719,266.7699890136719,266.7699890136719,13788400,0.0,0.0
2018-12-20 00:00:00-05:00,264.6400146484375,269.8999938964844,251.8800048828125,260.5799865722656,260.5799865722656,16792900,0.0,0.0
2018-12-21 00:00:00-05:00,263.8299865722656,264.5,241.2899932861328,246.38999938964844,246.38999938964844,21397600,0.0,0.0
2018-12-24 00:00:00-05:00,242.0,250.64999389648438,233.67999267578125,233.8800048828125,233.8800048828125,9547600,0.0,0.0
2018-12-26 00:00:00-05:00,233.9199981689453,254.5,231.22999572753906,253.6699981689453,253.6699981689453,14402700,0.0,0.0
2018-12-27 00:00:00-05:00,250.11000061035156,255.58999633789062,240.10000610351562,255.57000732421875,255.57000732421875,12235200,0.0,0.0
2018-12-28 00:00:00-05:00,257.94000244140625,261.9100036621094,249.8000030517578,256.0799865722656,256.0799865722656,10992800,0.0,0.0
2018-12-31 00:00:00-05:00,260.1600036621094,270.1000061035156,260.0,267.6600036621094,267.6600036621094,13508900,0.0,0.0
